"sim","scenario","Rand","Nrct_rate","ROB_srt","bias_pattern","low_rct","unclear_rct","high_rct","low_obs","unclear_obs","high_obs","mean_true_bias","mean_abs_true_bias","bias","coverage","CIw","Rhat","bias_naive","coverage_naive","CIw_naive","R_naive","bias_rct_est","coverage_rct","CIw_rct","R_rct","bias_obs_est","coverage_obs","CIw_obs","R_rct.1"
1,"rand=1-1_rate=2_ROB=LH_Bias=Rct20_NRE20-35","1-1",2,"LH","Rct20_NRE20-35",0.182321556793955,0.182321556793955,0.182321556793955,0.182321556793955,0.182321556793955,0.300104592450338,0.216525614009087,0.216525614009087,-0.183305083987504,TRUE,0.685731047846493,1.00102388332584,-0.168028333532241,TRUE,0.476481403467879,1.00099945545677,0.0534748035004723,TRUE,0.516955382256947,1.00114803401767,-0.316741054835514,TRUE,0.804664976109428,1.00099682003185
2,"rand=1-1_rate=2_ROB=LH_Bias=Rct20_NRE20-35","1-1",2,"LH","Rct20_NRE20-35",0.182321556793955,0.182321556793955,0.182321556793955,0.182321556793955,0.182321556793955,0.300104592450338,0.221754867068771,0.221754867068771,-0.21712058664105,TRUE,0.791968383074351,1.00102187023513,-0.212167796999081,TRUE,0.484532387008602,1.00098745298922,-0.279990604466643,TRUE,1.08451608160801,1.00100525404881,-0.183797375497371,TRUE,0.609810998795247,1.00100800673359
3,"rand=1-1_rate=2_ROB=LH_Bias=Rct20_NRE20-35","1-1",2,"LH","Rct20_NRE20-35",0.182321556793955,0.182321556793955,0.182321556793955,0.182321556793955,0.182321556793955,0.300104592450338,0.216222633448034,0.216222633448034,-0.20628130047755,TRUE,0.638523786986994,1.0009861889868,-0.25790251849719,FALSE,0.434997010991801,1.00100418990067,-0.105454508463948,TRUE,0.826730622877164,1.00099413168387,-0.324489060907503,FALSE,0.571004180384496,1.00098788884413
4,"rand=1-1_rate=2_ROB=LH_Bias=Rct20_NRE20-35","1-1",2,"LH","Rct20_NRE20-35",0.182321556793955,0.182321556793955,0.182321556793955,0.182321556793955,0.182321556793955,0.300104592450338,0.206528441232765,0.206528441232765,-0.23361941094202,TRUE,0.723658180916517,1.00099165097555,-0.22790366430101,FALSE,0.453371319110376,1.0010406130372,-0.0682481412669185,TRUE,0.929792585287624,1.00098913389477,-0.309365998795528,FALSE,0.567924432979851,1.00099585204831
5,"rand=1-1_rate=2_ROB=LH_Bias=Rct20_NRE20-35","1-1",2,"LH","Rct20_NRE20-35",0.182321556793955,0.182321556793955,0.182321556793955,0.182321556793955,0.182321556793955,0.300104592450338,0.22639501086051,0.22639501086051,-0.208600043734847,TRUE,0.608292681189828,1.00098767561262,-0.193301433747708,FALSE,0.376350175770064,1.00099854362917,-0.290926824167886,TRUE,0.740970363231656,1.00114344020975,-0.159380841113127,TRUE,0.504387896706855,1.00099220880929
6,"rand=1-1_rate=2_ROB=LH_Bias=Rct20_NRE20-35","1-1",2,"LH","Rct20_NRE20-35",0.182321556793955,0.182321556793955,0.182321556793955,0.182321556793955,0.182321556793955,0.300104592450338,0.236423019866271,0.236423019866271,-0.155035785275057,TRUE,0.589056001842607,1.00099013994094,-0.209618204345352,FALSE,0.4320138918201,1.00104086371559,-0.151936994892838,TRUE,1.39723055957033,1.00100509143967,-0.230646028329645,FALSE,0.373876701157349,1.00098636348787
7,"rand=1-1_rate=2_ROB=LH_Bias=Rct20_NRE20-35","1-1",2,"LH","Rct20_NRE20-35",0.182321556793955,0.182321556793955,0.182321556793955,0.182321556793955,0.182321556793955,0.300104592450338,0.215996251612345,0.215996251612345,-0.325669803428717,FALSE,0.639883311498592,1.00099286472904,-0.462928223212578,FALSE,0.430494592070444,1.00107980275015,-0.150673267706365,TRUE,0.626326003343362,1.00113222095497,-0.579465262527236,FALSE,0.604032880684384,1.00098800118823
8,"rand=1-1_rate=2_ROB=LH_Bias=Rct20_NRE20-35","1-1",2,"LH","Rct20_NRE20-35",0.182321556793955,0.182321556793955,0.182321556793955,0.182321556793955,0.182321556793955,0.300104592450338,0.217394480606334,0.217394480606334,-0.217886045225846,TRUE,0.62351771649729,1.00098824319564,-0.286882853852247,FALSE,0.385747943749568,1.00112109720133,-0.211036486183784,TRUE,0.779791763922046,1.00099548378404,-0.312666102298484,FALSE,0.495409296989928,1.00099257483904
9,"rand=1-1_rate=2_ROB=LH_Bias=Rct20_NRE20-35","1-1",2,"LH","Rct20_NRE20-35",0.182321556793955,0.182321556793955,0.182321556793955,0.182321556793955,0.182321556793955,0.300104592450338,0.216295535886921,0.216295535886921,-0.158901599313791,TRUE,0.637339766532587,1.0009859957625,-0.18651884839086,TRUE,0.419273342065196,1.00108063159312,-0.364434266468354,FALSE,0.717776084266304,1.0009952634079,-0.119279694575346,TRUE,0.590722678072572,1.00102352305712
10,"rand=1-1_rate=2_ROB=LH_Bias=Rct20_NRE20-35","1-1",2,"LH","Rct20_NRE20-35",0.182321556793955,0.182321556793955,0.182321556793955,0.182321556793955,0.182321556793955,0.300104592450338,0.213655221235795,0.213655221235795,-0.251794743032955,TRUE,0.689590570334879,1.00110224562148,-0.302775715387892,FALSE,0.479731107959921,1.00100071027561,-0.230353096360179,TRUE,0.712960748622756,1.0010431105562,-0.339728055786711,FALSE,0.718853200944627,1.00101784026209
11,"rand=1-1_rate=2_ROB=LH_Bias=Rct20_NRE20-35","1-1",2,"LH","Rct20_NRE20-35",0.182321556793955,0.182321556793955,0.182321556793955,0.182321556793955,0.182321556793955,0.300104592450338,0.220405837660634,0.220405837660634,-0.32152491312713,FALSE,0.700570171345732,1.00128594153055,-0.265337458378165,FALSE,0.407908429410712,1.00102874144222,-0.247045103040327,TRUE,0.851878453241397,1.00107491087598,-0.271921784932594,FALSE,0.524142969081346,1.00098632615773
12,"rand=1-1_rate=2_ROB=LH_Bias=Rct20_NRE20-35","1-1",2,"LH","Rct20_NRE20-35",0.182321556793955,0.182321556793955,0.182321556793955,0.182321556793955,0.182321556793955,0.300104592450338,0.211019846563204,0.211019846563204,-0.0303253300406383,TRUE,0.511656027696598,1.00100448621229,-0.155200317636002,TRUE,0.387342541492468,1.00099664710464,0.0146662401529954,TRUE,0.55030003162431,1.00099237696799,-0.23064348478517,TRUE,0.600138267947907,1.00099721505525
13,"rand=1-1_rate=2_ROB=LH_Bias=Rct20_NRE20-35","1-1",2,"LH","Rct20_NRE20-35",0.182321556793955,0.182321556793955,0.182321556793955,0.182321556793955,0.182321556793955,0.300104592450338,0.213777888947197,0.213777888947197,-0.12519686091568,TRUE,0.618693195934847,1.00100647784606,-0.191687305799632,FALSE,0.421766330962782,1.00098982716396,-0.24174359954589,TRUE,0.766245506453214,1.00124228567233,-0.166707000912759,TRUE,0.578207886789628,1.00098826930267
14,"rand=1-1_rate=2_ROB=LH_Bias=Rct20_NRE20-35","1-1",2,"LH","Rct20_NRE20-35",0.182321556793955,0.182321556793955,0.182321556793955,0.182321556793955,0.182321556793955,0.300104592450338,0.225906771400309,0.225906771400309,0.0516477302023227,TRUE,0.439488577001432,1.00132415578201,-0.0368846177674826,TRUE,0.28128869117917,1.00098844241091,0.158050058612155,TRUE,0.483668735785171,1.00104107325334,-0.0939795055089965,TRUE,0.351707873649303,1.00098851001205
15,"rand=1-1_rate=2_ROB=LH_Bias=Rct20_NRE20-35","1-1",2,"LH","Rct20_NRE20-35",0.182321556793955,0.182321556793955,0.182321556793955,0.182321556793955,0.182321556793955,0.300104592450338,0.208362710903339,0.208362710903339,-0.154406232154718,TRUE,0.48021892955483,1.00098603259011,-0.177940547533336,FALSE,0.250758381654255,1.00106237897505,-0.261340373068178,TRUE,0.70454123665709,1.00103725996713,-0.163291738497746,FALSE,0.29037002946113,1.00102340650196
16,"rand=1-1_rate=2_ROB=LH_Bias=Rct20_NRE20-35","1-1",2,"LH","Rct20_NRE20-35",0.182321556793955,0.182321556793955,0.182321556793955,0.182321556793955,0.182321556793955,0.300104592450338,0.220951428013513,0.220951428013513,-0.353855412613408,FALSE,0.702205324756261,1.00168293453991,-0.26676091078583,FALSE,0.425574851956589,1.00098822705469,-0.434522120832496,FALSE,0.825324089177019,1.00102479400164,-0.212195430633949,TRUE,0.55833757233099,1.00098855205691
17,"rand=1-1_rate=2_ROB=LH_Bias=Rct20_NRE20-35","1-1",2,"LH","Rct20_NRE20-35",0.182321556793955,0.182321556793955,0.182321556793955,0.182321556793955,0.182321556793955,0.300104592450338,0.226935363776663,0.226935363776663,-0.121592022886347,TRUE,0.527928373606406,1.00121485921864,-0.195377342584022,FALSE,0.351474910556426,1.00101868344298,-0.0822333456917796,TRUE,0.568743281451272,1.00129262177787,-0.238163454074291,FALSE,0.501498282402834,1.00101465339852
18,"rand=1-1_rate=2_ROB=LH_Bias=Rct20_NRE20-35","1-1",2,"LH","Rct20_NRE20-35",0.182321556793955,0.182321556793955,0.182321556793955,0.182321556793955,0.182321556793955,0.300104592450338,0.218364574733023,0.218364574733023,-0.247075103151191,TRUE,0.725768508595694,1.00125411608108,-0.257241105404639,FALSE,0.486011447313094,1.00098681185933,-0.134304736649215,TRUE,0.667121159694403,1.00101168366646,-0.308900362609186,TRUE,0.756698165570791,1.00099006559884
19,"rand=1-1_rate=2_ROB=LH_Bias=Rct20_NRE20-35","1-1",2,"LH","Rct20_NRE20-35",0.182321556793955,0.182321556793955,0.182321556793955,0.182321556793955,0.182321556793955,0.300104592450338,0.20549074801321,0.20549074801321,-0.278296752261959,TRUE,0.689718992785123,1.00100333958614,-0.320122568035742,FALSE,0.484563919472742,1.0009961630482,-0.0643885859079814,TRUE,1.01136026710495,1.00099524861648,-0.431272530821352,FALSE,0.516558134575076,1.00102359110087
20,"rand=1-1_rate=2_ROB=LH_Bias=Rct20_NRE20-35","1-1",2,"LH","Rct20_NRE20-35",0.182321556793955,0.182321556793955,0.182321556793955,0.182321556793955,0.182321556793955,0.300104592450338,0.214269294629225,0.214269294629225,-0.220927646230087,TRUE,0.711967157820388,1.00108144291461,-0.229948935574935,TRUE,0.472071287259468,1.00106419739216,0.119231414637941,TRUE,0.761070104766667,1.00138663376203,-0.399237189508336,FALSE,0.517167395098248,1.00100044196385
21,"rand=1-1_rate=2_ROB=LH_Bias=Rct20_NRE20-35","1-1",2,"LH","Rct20_NRE20-35",0.182321556793955,0.182321556793955,0.182321556793955,0.182321556793955,0.182321556793955,0.300104592450338,0.209080872463536,0.209080872463536,-0.262312700147729,TRUE,0.686137447882803,1.00099216390529,-0.260648544261281,FALSE,0.455558844547578,1.00099268981707,-0.364167984534782,FALSE,0.821668630321478,1.00120535297431,-0.220295267471005,TRUE,0.627215434115764,1.00098638266553
22,"rand=1-1_rate=2_ROB=LH_Bias=Rct20_NRE20-35","1-1",2,"LH","Rct20_NRE20-35",0.182321556793955,0.182321556793955,0.182321556793955,0.182321556793955,0.182321556793955,0.300104592450338,0.20997747706774,0.20997747706774,-0.454813916447655,FALSE,0.680961490518518,1.00101080669168,-0.408645400311126,FALSE,0.384661495045468,1.00104777451276,-0.313686949721211,FALSE,0.742732169364909,1.00099434240714,-0.437683459262091,FALSE,0.515439266015344,1.00101125544398
23,"rand=1-1_rate=2_ROB=LH_Bias=Rct20_NRE20-35","1-1",2,"LH","Rct20_NRE20-35",0.182321556793955,0.182321556793955,0.182321556793955,0.182321556793955,0.182321556793955,0.300104592450338,0.206029739203309,0.206029739203309,-0.344572378190876,FALSE,0.650016258750823,1.0018455918353,-0.358437713186031,FALSE,0.395928032355181,1.00100016540028,-0.360452710295296,FALSE,0.794303262105239,1.00143151596908,-0.354580900312259,FALSE,0.517416544436837,1.00098610443275
24,"rand=1-1_rate=2_ROB=LH_Bias=Rct20_NRE20-35","1-1",2,"LH","Rct20_NRE20-35",0.182321556793955,0.182321556793955,0.182321556793955,0.182321556793955,0.182321556793955,0.300104592450338,0.226984270230836,0.226984270230836,-0.336870931439692,FALSE,0.645544716606018,1.00110829557411,-0.347446140408334,FALSE,0.381422445078667,1.00101960148511,-0.24482037176478,TRUE,0.820417712450871,1.00164853654796,-0.378875494503747,FALSE,0.469859876740454,1.00099085782623
25,"rand=1-1_rate=2_ROB=LH_Bias=Rct20_NRE20-35","1-1",2,"LH","Rct20_NRE20-35",0.182321556793955,0.182321556793955,0.182321556793955,0.182321556793955,0.182321556793955,0.300104592450338,0.207123980214387,0.207123980214387,-0.136842946761614,TRUE,0.647764058863145,1.00101197171881,-0.175267493738288,TRUE,0.451079945226295,1.00098929707929,-0.283205785492683,TRUE,0.731182027748152,1.00119737096696,-0.136372226809415,TRUE,0.649682142011714,1.00099395594662
26,"rand=1-1_rate=2_ROB=LH_Bias=Rct20_NRE20-35","1-1",2,"LH","Rct20_NRE20-35",0.182321556793955,0.182321556793955,0.182321556793955,0.182321556793955,0.182321556793955,0.300104592450338,0.236746707483586,0.236746707483586,-0.0427718463082432,TRUE,0.511587336728807,1.0010724169071,-0.282260433696714,FALSE,0.457074906761765,1.0010021820288,-0.144488893101163,TRUE,0.722773969718209,1.00129561789817,-0.339572845244889,FALSE,0.667669169749019,1.00098921539209
27,"rand=1-1_rate=2_ROB=LH_Bias=Rct20_NRE20-35","1-1",2,"LH","Rct20_NRE20-35",0.182321556793955,0.182321556793955,0.182321556793955,0.182321556793955,0.182321556793955,0.300104592450338,0.231029301380917,0.231029301380917,-0.0109346790033282,TRUE,0.61245300818251,1.00102293255217,-0.0738829715427318,TRUE,0.455961655121074,1.0010069741612,0.0117969080261936,TRUE,0.637455509412334,1.00111956436149,-0.123537255739397,TRUE,0.717275235513607,1.00101752024664
28,"rand=1-1_rate=2_ROB=LH_Bias=Rct20_NRE20-35","1-1",2,"LH","Rct20_NRE20-35",0.182321556793955,0.182321556793955,0.182321556793955,0.182321556793955,0.182321556793955,0.300104592450338,0.205879714632009,0.205879714632009,-0.0982965181187203,TRUE,0.624061854184824,1.00099101053042,-0.16418403803022,TRUE,0.425213724920522,1.0010888095285,-0.1760337345469,TRUE,0.956802332911181,1.00099891277728,-0.160363171490565,TRUE,0.524454064310024,1.00098984906257
29,"rand=1-1_rate=2_ROB=LH_Bias=Rct20_NRE20-35","1-1",2,"LH","Rct20_NRE20-35",0.182321556793955,0.182321556793955,0.182321556793955,0.182321556793955,0.182321556793955,0.300104592450338,0.195050134213594,0.195050134213594,-0.156929901452032,TRUE,0.640110096568547,1.00101269194989,-0.105008487657021,TRUE,0.407506553360196,1.000986652101,-0.29359180001518,TRUE,0.681633665228875,1.00100456443316,-0.0301288440353966,TRUE,0.585023599887518,1.00099630002512
30,"rand=1-1_rate=2_ROB=LH_Bias=Rct20_NRE20-35","1-1",2,"LH","Rct20_NRE20-35",0.182321556793955,0.182321556793955,0.182321556793955,0.182321556793955,0.182321556793955,0.300104592450338,0.207819605304647,0.207819605304647,-0.263061020192065,TRUE,0.685392845801753,1.00138558362009,-0.239681561811547,FALSE,0.414974961940075,1.00098720106884,-0.151575541019,TRUE,0.83211309287626,1.00099742692671,-0.274566360301264,FALSE,0.541415623141418,1.00098659076578
31,"rand=1-1_rate=2_ROB=LH_Bias=Rct20_NRE20-35","1-1",2,"LH","Rct20_NRE20-35",0.182321556793955,0.182321556793955,0.182321556793955,0.182321556793955,0.182321556793955,0.300104592450338,0.202480859200377,0.202480859200377,-0.212607717907824,TRUE,0.503181170026888,1.00109642401127,-0.172959689152253,FALSE,0.234918544994325,1.00101879577876,-0.329671973785658,FALSE,0.735829285736108,1.0010861480568,-0.149279579600959,FALSE,0.270305092023177,1.00108030254212
32,"rand=1-1_rate=2_ROB=LH_Bias=Rct20_NRE20-35","1-1",2,"LH","Rct20_NRE20-35",0.182321556793955,0.182321556793955,0.182321556793955,0.182321556793955,0.182321556793955,0.300104592450338,0.230397759113663,0.230397759113663,-0.281752385378102,FALSE,0.586855538106793,1.00099841070428,-0.246440428961904,FALSE,0.320783514101168,1.00103038155689,-0.195412837615398,TRUE,0.74616516589325,1.00103083740509,-0.259175732094343,FALSE,0.391322112889925,1.00098601468982
33,"rand=1-1_rate=2_ROB=LH_Bias=Rct20_NRE20-35","1-1",2,"LH","Rct20_NRE20-35",0.182321556793955,0.182321556793955,0.182321556793955,0.182321556793955,0.182321556793955,0.300104592450338,0.223917437372735,0.223917437372735,-0.101377833499214,TRUE,0.493575452451137,1.00098893446343,-0.173429479566794,FALSE,0.304899002268388,1.00101251715175,-0.167484787206847,TRUE,0.727883062226035,1.00102634740567,-0.173650627435431,FALSE,0.369547636744095,1.00098716053143
34,"rand=1-1_rate=2_ROB=LH_Bias=Rct20_NRE20-35","1-1",2,"LH","Rct20_NRE20-35",0.182321556793955,0.182321556793955,0.182321556793955,0.182321556793955,0.182321556793955,0.300104592450338,0.202467188058303,0.202467188058303,-0.278154401442613,TRUE,0.709963142954754,1.00099348665044,-0.215453630289605,FALSE,0.46292302077624,1.0009930799408,-0.393627142432635,FALSE,0.801807855852503,1.00175345940633,-0.145417089035897,TRUE,0.642487113846062,1.00099599514441
35,"rand=1-1_rate=2_ROB=LH_Bias=Rct20_NRE20-35","1-1",2,"LH","Rct20_NRE20-35",0.182321556793955,0.182321556793955,0.182321556793955,0.182321556793955,0.182321556793955,0.300104592450338,0.213954642913527,0.213954642913527,-0.252184341528708,TRUE,0.656716681697266,1.00128143656113,-0.429881853931569,FALSE,0.544562561087466,1.00100445100169,-0.171561632265356,TRUE,0.694944697511412,1.00132698611752,-0.564537643243122,FALSE,0.840102930718421,1.00099674343063
36,"rand=1-1_rate=2_ROB=LH_Bias=Rct20_NRE20-35","1-1",2,"LH","Rct20_NRE20-35",0.182321556793955,0.182321556793955,0.182321556793955,0.182321556793955,0.182321556793955,0.300104592450338,0.224811594401029,0.224811594401029,-0.3287616460793,FALSE,0.618424040063878,1.0015556280305,-0.376102460515797,FALSE,0.371411540541195,1.00098875570098,-0.28711547859542,TRUE,0.726587998139566,1.00190489718633,-0.403312865088865,FALSE,0.495732997032276,1.00106015302175
37,"rand=1-1_rate=2_ROB=LH_Bias=Rct20_NRE20-35","1-1",2,"LH","Rct20_NRE20-35",0.182321556793955,0.182321556793955,0.182321556793955,0.182321556793955,0.182321556793955,0.300104592450338,0.218929839393719,0.218929839393719,-0.221635261364808,TRUE,0.642338295632189,1.0010207045577,-0.216382689725312,FALSE,0.394535898641289,1.00098626670554,-0.110714702083986,TRUE,0.712398259608024,1.00102090398746,-0.258695414422348,FALSE,0.523168600209659,1.00098832405449
38,"rand=1-1_rate=2_ROB=LH_Bias=Rct20_NRE20-35","1-1",2,"LH","Rct20_NRE20-35",0.182321556793955,0.182321556793955,0.182321556793955,0.182321556793955,0.182321556793955,0.300104592450338,0.20199508823918,0.20199508823918,-0.116030596282783,TRUE,0.622721329386599,1.0010744000939,-0.0853023245342559,TRUE,0.365228475641279,1.00117982540056,-0.0300785077050596,TRUE,0.825743576536033,1.00099215433118,-0.100589414267438,TRUE,0.441433109222165,1.00098717060248
39,"rand=1-1_rate=2_ROB=LH_Bias=Rct20_NRE20-35","1-1",2,"LH","Rct20_NRE20-35",0.182321556793955,0.182321556793955,0.182321556793955,0.182321556793955,0.182321556793955,0.300104592450338,0.216888661561077,0.216888661561077,-0.266549205398884,TRUE,0.726954376760218,1.00107282902864,-0.274146429658144,FALSE,0.486116292915492,1.00098645709715,-0.124795832875824,TRUE,0.678958029907344,1.00115400480029,-0.351576366698897,FALSE,0.740543926500616,1.00107372066522
40,"rand=1-1_rate=2_ROB=LH_Bias=Rct20_NRE20-35","1-1",2,"LH","Rct20_NRE20-35",0.182321556793955,0.182321556793955,0.182321556793955,0.182321556793955,0.182321556793955,0.300104592450338,0.198700537422639,0.198700537422639,-0.344433693311736,FALSE,0.641075880009146,1.00105498296781,-0.239986328180211,FALSE,0.398498824147034,1.00098787207958,-0.295261780512397,TRUE,0.766712476188227,1.00108822415734,-0.217116693633865,TRUE,0.531600079953837,1.00098646503192
41,"rand=1-1_rate=2_ROB=LH_Bias=Rct20_NRE20-35","1-1",2,"LH","Rct20_NRE20-35",0.182321556793955,0.182321556793955,0.182321556793955,0.182321556793955,0.182321556793955,0.300104592450338,0.228710570903704,0.228710570903704,-0.274122528643683,TRUE,0.641266206972674,1.00099713398574,-0.234659900618847,FALSE,0.371546498375886,1.00099605801311,-0.0533187013164924,TRUE,0.816881844131509,1.00111179353597,-0.293840532930197,FALSE,0.435285464411012,1.00106643701979
42,"rand=1-1_rate=2_ROB=LH_Bias=Rct20_NRE20-35","1-1",2,"LH","Rct20_NRE20-35",0.182321556793955,0.182321556793955,0.182321556793955,0.182321556793955,0.182321556793955,0.300104592450338,0.208409399679322,0.208409399679322,-0.133757181616751,TRUE,0.508355942171503,1.00101924962121,-0.179050824910197,FALSE,0.277485629754472,1.00099682952,-0.112229310232708,TRUE,0.799765096177277,1.00111947982261,-0.19641094637461,FALSE,0.31791605248399,1.00100432180368
43,"rand=1-1_rate=2_ROB=LH_Bias=Rct20_NRE20-35","1-1",2,"LH","Rct20_NRE20-35",0.182321556793955,0.182321556793955,0.182321556793955,0.182321556793955,0.182321556793955,0.300104592450338,0.205219275687462,0.205219275687462,-0.113794987209773,TRUE,0.573926630746642,1.00098718895133,-0.244484078823858,FALSE,0.429652768857858,1.0010036224099,-0.115489711842032,TRUE,0.747936909767197,1.00108668339649,-0.292260328234002,FALSE,0.581904511222503,1.00099077281869
44,"rand=1-1_rate=2_ROB=LH_Bias=Rct20_NRE20-35","1-1",2,"LH","Rct20_NRE20-35",0.182321556793955,0.182321556793955,0.182321556793955,0.182321556793955,0.182321556793955,0.300104592450338,0.228241459348729,0.228241459348729,-0.228401553137744,TRUE,0.815365879656597,1.00100630275211,-0.298372901986438,FALSE,0.592899088945732,1.00100238626061,-0.180313409653291,TRUE,1.13002503636521,1.00098757075701,-0.365558783903885,FALSE,0.7998133915907,1.00099054503017
45,"rand=1-1_rate=2_ROB=LH_Bias=Rct20_NRE20-35","1-1",2,"LH","Rct20_NRE20-35",0.182321556793955,0.182321556793955,0.182321556793955,0.182321556793955,0.182321556793955,0.300104592450338,0.193278588360347,0.193278588360347,-0.203104961769589,TRUE,0.628310930488492,1.00103486491495,-0.19081634086332,FALSE,0.378244538138825,1.0010400022769,-0.46693398701066,FALSE,0.860969562977179,1.00098806460582,-0.107836673416213,TRUE,0.438779919622039,1.00102055437789
46,"rand=1-1_rate=2_ROB=LH_Bias=Rct20_NRE20-35","1-1",2,"LH","Rct20_NRE20-35",0.182321556793955,0.182321556793955,0.182321556793955,0.182321556793955,0.182321556793955,0.300104592450338,0.21243609815398,0.21243609815398,-0.477179387324281,FALSE,0.67960324840972,1.00117530615761,-0.408845561127709,FALSE,0.350007497176041,1.00105883150822,-0.510894729915691,FALSE,0.802069581176137,1.00103862705064,-0.385621478277025,FALSE,0.450888271437099,1.00100253452411
47,"rand=1-1_rate=2_ROB=LH_Bias=Rct20_NRE20-35","1-1",2,"LH","Rct20_NRE20-35",0.182321556793955,0.182321556793955,0.182321556793955,0.182321556793955,0.182321556793955,0.300104592450338,0.216672388186078,0.216672388186078,-0.204790021999928,TRUE,0.608556746562727,1.00108646787789,-0.21920426927316,FALSE,0.365938536681496,1.00100000224194,-0.246774794328891,TRUE,0.881069366095385,1.00099473760536,-0.211784472206982,FALSE,0.440497197414896,1.00102780489397
48,"rand=1-1_rate=2_ROB=LH_Bias=Rct20_NRE20-35","1-1",2,"LH","Rct20_NRE20-35",0.182321556793955,0.182321556793955,0.182321556793955,0.182321556793955,0.182321556793955,0.300104592450338,0.204170672241601,0.204170672241601,-0.16286224968904,TRUE,0.578539061452419,1.00107616849188,-0.302252604379845,FALSE,0.449472610095616,1.00099710536249,-0.362102923992843,TRUE,0.881351030200503,1.00103126509836,-0.28258133848279,FALSE,0.591374338714781,1.00099190304259
49,"rand=1-1_rate=2_ROB=LH_Bias=Rct20_NRE20-35","1-1",2,"LH","Rct20_NRE20-35",0.182321556793955,0.182321556793955,0.182321556793955,0.182321556793955,0.182321556793955,0.300104592450338,0.204327310880008,0.204327310880008,-0.18890253981167,TRUE,0.656094755071809,1.00110979923026,-0.222430153765448,FALSE,0.446475800483361,1.00099618041512,-0.0557638201311312,TRUE,0.569129175140436,1.00098931438369,-0.302583307150347,TRUE,0.715895618338685,1.0010025760886
50,"rand=1-1_rate=2_ROB=LH_Bias=Rct20_NRE20-35","1-1",2,"LH","Rct20_NRE20-35",0.182321556793955,0.182321556793955,0.182321556793955,0.182321556793955,0.182321556793955,0.300104592450338,0.216581498029943,0.216581498029943,-0.313998442005092,FALSE,0.676470879006035,1.00104714773409,-0.356182430250865,FALSE,0.441508628918498,1.00102718657719,-0.293222094658428,TRUE,0.772575664343262,1.00099918819746,-0.382543962560137,FALSE,0.617813026407972,1.00099959309874
51,"rand=1-1_rate=2_ROB=LH_Bias=Rct20_NRE20-35","1-1",2,"LH","Rct20_NRE20-35",0.182321556793955,0.182321556793955,0.182321556793955,0.182321556793955,0.182321556793955,0.300104592450338,0.220339892024764,0.220339892024764,0.0160711643665237,TRUE,0.538511786575152,1.00098616170151,-0.102106652069055,TRUE,0.427439107543351,1.00101222112999,0.0238314495968257,TRUE,0.581202858651562,1.00099315266364,-0.155974129754526,TRUE,0.66488536861994,1.00102090271801
52,"rand=1-1_rate=2_ROB=LH_Bias=Rct20_NRE20-35","1-1",2,"LH","Rct20_NRE20-35",0.182321556793955,0.182321556793955,0.182321556793955,0.182321556793955,0.182321556793955,0.300104592450338,0.194747912644202,0.194747912644202,-0.130448519679326,TRUE,0.582945408133171,1.00098966554326,-0.185078274795789,FALSE,0.391578916057818,1.0010362284386,-0.149765167780391,TRUE,0.613400531575166,1.00098616710234,-0.195224681443342,TRUE,0.585539378886958,1.00099519829148
53,"rand=1-1_rate=2_ROB=LH_Bias=Rct20_NRE20-35","1-1",2,"LH","Rct20_NRE20-35",0.182321556793955,0.182321556793955,0.182321556793955,0.182321556793955,0.182321556793955,0.300104592450338,0.215642290295751,0.215642290295751,-0.124308225006271,TRUE,0.611134003202956,1.00119315606996,-0.241177695152369,FALSE,0.452879775514852,1.00098825647454,-0.197870301799433,TRUE,0.813940998296599,1.00111302728143,-0.254882274748104,TRUE,0.625992386793893,1.00102054931746
54,"rand=1-1_rate=2_ROB=LH_Bias=Rct20_NRE20-35","1-1",2,"LH","Rct20_NRE20-35",0.182321556793955,0.182321556793955,0.182321556793955,0.182321556793955,0.182321556793955,0.300104592450338,0.209340316961435,0.209340316961435,-0.18220073495464,TRUE,0.651654663973487,1.00099287595833,-0.31298063506305,FALSE,0.513852068973454,1.00098662414758,-0.123439543958427,TRUE,0.630375188044832,1.00111336438012,-0.415180764553884,FALSE,0.825230453550284,1.00104113517961
55,"rand=1-1_rate=2_ROB=LH_Bias=Rct20_NRE20-35","1-1",2,"LH","Rct20_NRE20-35",0.182321556793955,0.182321556793955,0.182321556793955,0.182321556793955,0.182321556793955,0.300104592450338,0.2004897473524,0.2004897473524,-0.116264462947734,TRUE,0.658198011167373,1.00099283397042,-0.234835322429419,TRUE,0.513549965799776,1.00100460881384,0.0289565325581183,TRUE,0.583763880312908,1.00100802012323,-0.396027820397642,FALSE,0.810061881534723,1.00098696114136
56,"rand=1-1_rate=2_ROB=LH_Bias=Rct20_NRE20-35","1-1",2,"LH","Rct20_NRE20-35",0.182321556793955,0.182321556793955,0.182321556793955,0.182321556793955,0.182321556793955,0.300104592450338,0.195792428928359,0.195792428928359,-0.0176422444470732,TRUE,0.558518509103582,1.00102958846026,-0.113828393435147,TRUE,0.406987546846093,1.00098748837453,-0.0526088971327303,TRUE,0.812331827705165,1.00107588361972,-0.139533151865331,TRUE,0.532085264632083,1.00099324573925
57,"rand=1-1_rate=2_ROB=LH_Bias=Rct20_NRE20-35","1-1",2,"LH","Rct20_NRE20-35",0.182321556793955,0.182321556793955,0.182321556793955,0.182321556793955,0.182321556793955,0.300104592450338,0.204829494807094,0.204829494807094,-0.269320318325698,TRUE,0.675816002108001,1.00098745351471,-0.298538290288344,FALSE,0.427151613078798,1.00098609618864,-0.340046033211453,TRUE,0.966004555207396,1.00103301371243,-0.282308890419759,FALSE,0.525750768621678,1.00098746398712
58,"rand=1-1_rate=2_ROB=LH_Bias=Rct20_NRE20-35","1-1",2,"LH","Rct20_NRE20-35",0.182321556793955,0.182321556793955,0.182321556793955,0.182321556793955,0.182321556793955,0.300104592450338,0.212782172814598,0.212782172814598,-0.15010860272216,TRUE,0.601589638596682,1.00101746585453,-0.293564403649818,FALSE,0.461492403268364,1.00098601881458,-0.611610584140375,FALSE,0.99550960593609,1.00114289458836,-0.1822354405492,TRUE,0.530610294431197,1.00101590948202
59,"rand=1-1_rate=2_ROB=LH_Bias=Rct20_NRE20-35","1-1",2,"LH","Rct20_NRE20-35",0.182321556793955,0.182321556793955,0.182321556793955,0.182321556793955,0.182321556793955,0.300104592450338,0.217440156836936,0.217440156836936,-0.247496217284747,TRUE,0.627545511767699,1.00139552462548,-0.379334919178558,FALSE,0.417765075742378,1.00099834332471,0.00125294678752297,TRUE,0.507135311269959,1.00109428841947,-0.540584323922165,FALSE,0.558631740808301,1.000991713437
60,"rand=1-1_rate=2_ROB=LH_Bias=Rct20_NRE20-35","1-1",2,"LH","Rct20_NRE20-35",0.182321556793955,0.182321556793955,0.182321556793955,0.182321556793955,0.182321556793955,0.300104592450338,0.22080312437962,0.22080312437962,-0.290647646289625,FALSE,0.592830872205687,1.0009879165829,-0.393049518462254,FALSE,0.39010120584215,1.00099305516153,-0.192016417728774,TRUE,0.667633684199321,1.00252781785616,-0.461108256144463,FALSE,0.51276896715439,1.0009860813831
61,"rand=1-1_rate=2_ROB=LH_Bias=Rct20_NRE20-35","1-1",2,"LH","Rct20_NRE20-35",0.182321556793955,0.182321556793955,0.182321556793955,0.182321556793955,0.182321556793955,0.300104592450338,0.221236112055583,0.221236112055583,-0.129991786867992,TRUE,0.614759906108852,1.0010100206294,-0.252389607951481,FALSE,0.472295335919979,1.00099050119362,-0.0285253235306622,TRUE,0.606656620075369,1.00101227315032,-0.359529822916627,FALSE,0.718928929228415,1.00098897426117
62,"rand=1-1_rate=2_ROB=LH_Bias=Rct20_NRE20-35","1-1",2,"LH","Rct20_NRE20-35",0.182321556793955,0.182321556793955,0.182321556793955,0.182321556793955,0.182321556793955,0.300104592450338,0.205886739395956,0.205886739395956,-0.328452493049489,FALSE,0.637368188195972,1.00219292812435,-0.326479267139065,FALSE,0.370458225447752,1.00104669238313,-0.10035981125756,TRUE,0.592614516741659,1.00099906048055,-0.39484144080827,FALSE,0.505581566010181,1.00099983291114
63,"rand=1-1_rate=2_ROB=LH_Bias=Rct20_NRE20-35","1-1",2,"LH","Rct20_NRE20-35",0.182321556793955,0.182321556793955,0.182321556793955,0.182321556793955,0.182321556793955,0.300104592450338,0.206258206650663,0.206258206650663,-0.311358564719444,FALSE,0.613102047552637,1.00098619584464,-0.300430528401986,FALSE,0.331901148858247,1.00099878418497,-0.203806071322951,TRUE,0.718375374027515,1.00098913092185,-0.326067440318617,FALSE,0.420598653826646,1.00102123719912
64,"rand=1-1_rate=2_ROB=LH_Bias=Rct20_NRE20-35","1-1",2,"LH","Rct20_NRE20-35",0.182321556793955,0.182321556793955,0.182321556793955,0.182321556793955,0.182321556793955,0.300104592450338,0.22120015242834,0.22120015242834,-0.204058395141686,TRUE,0.654861748789364,1.00115488903066,-0.321813682073534,FALSE,0.450737579439004,1.00100725087746,-0.336261587991871,TRUE,0.978446243118275,1.00112236951771,-0.314747171027902,FALSE,0.580536659462171,1.00099152873066
65,"rand=1-1_rate=2_ROB=LH_Bias=Rct20_NRE20-35","1-1",2,"LH","Rct20_NRE20-35",0.182321556793955,0.182321556793955,0.182321556793955,0.182321556793955,0.182321556793955,0.300104592450338,0.226605839287252,0.226605839287252,-0.251099405121043,FALSE,0.563350217729558,1.00109795906009,-0.346120383901108,FALSE,0.334222573970288,1.00099536369771,-0.104447253312166,TRUE,0.635794458764727,1.00105820792706,-0.409268086319027,FALSE,0.406119750247526,1.00099346098858
66,"rand=1-1_rate=2_ROB=LH_Bias=Rct20_NRE20-35","1-1",2,"LH","Rct20_NRE20-35",0.182321556793955,0.182321556793955,0.182321556793955,0.182321556793955,0.182321556793955,0.300104592450338,0.203054435513188,0.203054435513188,-0.169245580391462,TRUE,0.6411351613624,1.0012208207284,-0.229709524395959,FALSE,0.433843190973195,1.00098713732113,-0.045178722527311,TRUE,0.581611584804389,1.00104223960572,-0.314265117380684,FALSE,0.664355083424126,1.00098827689516
67,"rand=1-1_rate=2_ROB=LH_Bias=Rct20_NRE20-35","1-1",2,"LH","Rct20_NRE20-35",0.182321556793955,0.182321556793955,0.182321556793955,0.182321556793955,0.182321556793955,0.300104592450338,0.210481691363779,0.210481691363779,-0.0542527012781993,TRUE,0.572662705801602,1.00100689802387,-0.25733102533508,FALSE,0.511176943546491,1.00098599709419,-0.102074214944695,TRUE,0.666465988813322,1.00099745847116,-0.338493634922182,TRUE,0.80085679223947,1.0009862185137
68,"rand=1-1_rate=2_ROB=LH_Bias=Rct20_NRE20-35","1-1",2,"LH","Rct20_NRE20-35",0.182321556793955,0.182321556793955,0.182321556793955,0.182321556793955,0.182321556793955,0.300104592450338,0.206575085864477,0.206575085864477,-0.150804717269525,TRUE,0.604564721507585,1.0009891926875,-0.189896137824671,FALSE,0.408365690073363,1.00099165684908,-0.180376243429067,TRUE,0.673363220272352,1.00107464335976,-0.194874137315313,TRUE,0.594335498688508,1.00098601103329
69,"rand=1-1_rate=2_ROB=LH_Bias=Rct20_NRE20-35","1-1",2,"LH","Rct20_NRE20-35",0.182321556793955,0.182321556793955,0.182321556793955,0.182321556793955,0.182321556793955,0.300104592450338,0.217906435591036,0.217906435591036,-0.589687354637108,FALSE,0.992519309966937,1.00104241046818,-0.500039616187425,FALSE,0.635483940951883,1.00100425411247,-0.729501268609235,FALSE,1.43558986495491,1.00101786773894,-0.401390533020999,FALSE,0.758175877589484,1.00103097452917
70,"rand=1-1_rate=2_ROB=LH_Bias=Rct20_NRE20-35","1-1",2,"LH","Rct20_NRE20-35",0.182321556793955,0.182321556793955,0.182321556793955,0.182321556793955,0.182321556793955,0.300104592450338,0.209291650486682,0.209291650486682,-0.0713927322972454,TRUE,0.551584914828102,1.00099127891517,-0.146117924144369,TRUE,0.36454623844116,1.00102929253147,-0.421973553842103,TRUE,1.08133234994408,1.00102367694117,-0.0671472239726987,TRUE,0.349958275282073,1.00099438415185
71,"rand=1-1_rate=2_ROB=LH_Bias=Rct20_NRE20-35","1-1",2,"LH","Rct20_NRE20-35",0.182321556793955,0.182321556793955,0.182321556793955,0.182321556793955,0.182321556793955,0.300104592450338,0.218957027542764,0.218957027542764,-0.362321443027164,FALSE,0.708641361306007,1.00135866217024,-0.293568992110062,FALSE,0.428159960102368,1.00108202231719,-0.446151716370465,FALSE,0.824317426128833,1.00107929460226,-0.236176402233826,TRUE,0.558708482644242,1.00099308204756
72,"rand=1-1_rate=2_ROB=LH_Bias=Rct20_NRE20-35","1-1",2,"LH","Rct20_NRE20-35",0.182321556793955,0.182321556793955,0.182321556793955,0.182321556793955,0.182321556793955,0.300104592450338,0.211346648436611,0.211346648436611,-0.0899107448056122,TRUE,0.560619892332264,1.00105776303717,-0.149276480185871,TRUE,0.390142410893352,1.00100849940904,-0.131312675375373,TRUE,0.695623659222217,1.00126724282333,-0.157854882089504,TRUE,0.540348359941762,1.00100862747286
73,"rand=1-1_rate=2_ROB=LH_Bias=Rct20_NRE20-35","1-1",2,"LH","Rct20_NRE20-35",0.182321556793955,0.182321556793955,0.182321556793955,0.182321556793955,0.182321556793955,0.300104592450338,0.209917942039467,0.209917942039467,-0.377898128170657,FALSE,0.817609225457837,1.00099583203992,-0.385091804785394,FALSE,0.535296103865817,1.00100819259654,-0.401567666620892,TRUE,1.01903107463155,1.00107409856192,-0.377210057864477,FALSE,0.726605382446951,1.00100733878095
74,"rand=1-1_rate=2_ROB=LH_Bias=Rct20_NRE20-35","1-1",2,"LH","Rct20_NRE20-35",0.182321556793955,0.182321556793955,0.182321556793955,0.182321556793955,0.182321556793955,0.300104592450338,0.221338147170682,0.221338147170682,-0.232147751519695,TRUE,0.571530703186325,1.00108996835268,-0.252774761662035,FALSE,0.318153453929042,1.00103521357062,-0.180630854866052,TRUE,0.710499773553145,1.00103883409912,-0.271907274487175,FALSE,0.398680270060692,1.00102067335013
75,"rand=1-1_rate=2_ROB=LH_Bias=Rct20_NRE20-35","1-1",2,"LH","Rct20_NRE20-35",0.182321556793955,0.182321556793955,0.182321556793955,0.182321556793955,0.182321556793955,0.300104592450338,0.222218887425181,0.222218887425181,-0.226813472652646,TRUE,0.553792069980757,1.00102634151296,-0.22484371691388,FALSE,0.315049834560907,1.0010460052406,-0.0814396781636042,TRUE,0.566214381181916,1.0016212193535,-0.269284026962298,FALSE,0.434343263611396,1.00098728083289
76,"rand=1-1_rate=2_ROB=LH_Bias=Rct20_NRE20-35","1-1",2,"LH","Rct20_NRE20-35",0.182321556793955,0.182321556793955,0.182321556793955,0.182321556793955,0.182321556793955,0.300104592450338,0.199542661874353,0.199542661874353,0.0671287962751814,TRUE,0.440820647637453,1.00116498759366,-0.0990364053433186,TRUE,0.370090968671193,1.00098617652495,-0.09524666051889,TRUE,0.667563960656754,1.00113910101792,-0.102163243393217,TRUE,0.508742367599149,1.00102798468969
77,"rand=1-1_rate=2_ROB=LH_Bias=Rct20_NRE20-35","1-1",2,"LH","Rct20_NRE20-35",0.182321556793955,0.182321556793955,0.182321556793955,0.182321556793955,0.182321556793955,0.300104592450338,0.210114456191263,0.210114456191263,-0.159505967453945,TRUE,0.675015705931037,1.00099617235417,-0.212798515818303,FALSE,0.462037280326447,1.00098599217942,-0.130337956388353,TRUE,0.913392236352901,1.00104472428356,-0.254071004363688,TRUE,0.606670824983131,1.00099075487805
78,"rand=1-1_rate=2_ROB=LH_Bias=Rct20_NRE20-35","1-1",2,"LH","Rct20_NRE20-35",0.182321556793955,0.182321556793955,0.182321556793955,0.182321556793955,0.182321556793955,0.300104592450338,0.209159234392535,0.209159234392535,-0.239407724149225,TRUE,0.637703829759597,1.00098933550584,-0.273569895895576,FALSE,0.401114865861052,1.00101196902384,-0.129560066513816,TRUE,0.654526949267951,1.00269631519949,-0.330240330777369,FALSE,0.564280487391538,1.00098607141944
79,"rand=1-1_rate=2_ROB=LH_Bias=Rct20_NRE20-35","1-1",2,"LH","Rct20_NRE20-35",0.182321556793955,0.182321556793955,0.182321556793955,0.182321556793955,0.182321556793955,0.300104592450338,0.216631255075847,0.216631255075847,-0.09689333253679,TRUE,0.57037905660861,1.00108425472799,-0.175039552568497,TRUE,0.398033449610998,1.00101088353134,-0.297895586018262,TRUE,0.780921539009012,1.00098924767598,-0.131177541117307,TRUE,0.51718464807606,1.00098635556581
80,"rand=1-1_rate=2_ROB=LH_Bias=Rct20_NRE20-35","1-1",2,"LH","Rct20_NRE20-35",0.182321556793955,0.182321556793955,0.182321556793955,0.182321556793955,0.182321556793955,0.300104592450338,0.207474908027498,0.207474908027498,-0.203393952487507,TRUE,0.699636488235902,1.00113385414384,-0.177079516671313,TRUE,0.450574839377001,1.00098677173688,-0.0955298734079881,TRUE,0.731948212260994,1.0010010832713,-0.222211149669078,TRUE,0.66322792925003,1.00116855458922
81,"rand=1-1_rate=2_ROB=LH_Bias=Rct20_NRE20-35","1-1",2,"LH","Rct20_NRE20-35",0.182321556793955,0.182321556793955,0.182321556793955,0.182321556793955,0.182321556793955,0.300104592450338,0.214469155627439,0.214469155627439,-0.339741318323037,FALSE,0.690602860983006,1.0011875747017,-0.304883387064823,FALSE,0.421159002462485,1.00098660501943,-0.437694005340438,FALSE,0.778752272076391,1.00418159061881,-0.260591597322016,FALSE,0.580113684038701,1.00100447587012
82,"rand=1-1_rate=2_ROB=LH_Bias=Rct20_NRE20-35","1-1",2,"LH","Rct20_NRE20-35",0.182321556793955,0.182321556793955,0.182321556793955,0.182321556793955,0.182321556793955,0.300104592450338,0.210389666429142,0.210389666429142,-0.103435376051492,TRUE,0.536917858508918,1.00156465269938,-0.201914342243734,FALSE,0.386725709718478,1.00105836267436,-0.104682231294873,TRUE,0.644608666230173,1.00132144827922,-0.240535456048093,TRUE,0.545526540487755,1.00100845651464
83,"rand=1-1_rate=2_ROB=LH_Bias=Rct20_NRE20-35","1-1",2,"LH","Rct20_NRE20-35",0.182321556793955,0.182321556793955,0.182321556793955,0.182321556793955,0.182321556793955,0.300104592450338,0.204057244522624,0.204057244522624,-0.0962567362848561,TRUE,0.613205319703784,1.00116114800604,-0.230904953379687,TRUE,0.493878334255031,1.00099206335275,0.0887121719469783,TRUE,0.491991760328133,1.00104414457116,-0.428074231369919,FALSE,0.790560014608745,1.00098897061528
84,"rand=1-1_rate=2_ROB=LH_Bias=Rct20_NRE20-35","1-1",2,"LH","Rct20_NRE20-35",0.182321556793955,0.182321556793955,0.182321556793955,0.182321556793955,0.182321556793955,0.300104592450338,0.223308380613986,0.223308380613986,-0.316401593222162,FALSE,0.739597090502282,1.00105431765483,-0.447127710282826,FALSE,0.573890132739748,1.00103590829514,-0.28108526909142,TRUE,0.801480705472376,1.00111389631334,-0.534150822934802,FALSE,0.875467035936023,1.00098770078185
85,"rand=1-1_rate=2_ROB=LH_Bias=Rct20_NRE20-35","1-1",2,"LH","Rct20_NRE20-35",0.182321556793955,0.182321556793955,0.182321556793955,0.182321556793955,0.182321556793955,0.300104592450338,0.205290169316076,0.205290169316076,-0.304970037507651,FALSE,0.642795849395969,1.0010334307817,-0.261525128576902,FALSE,0.371253813579963,1.00099927014776,-0.329799981587985,TRUE,0.845555806904757,1.00098653010627,-0.239802223656294,FALSE,0.462017443817339,1.00099099039626
86,"rand=1-1_rate=2_ROB=LH_Bias=Rct20_NRE20-35","1-1",2,"LH","Rct20_NRE20-35",0.182321556793955,0.182321556793955,0.182321556793955,0.182321556793955,0.182321556793955,0.300104592450338,0.226263532775337,0.226263532775337,-0.235130763823664,TRUE,0.6541893478475,1.00098732768429,-0.216896522318431,FALSE,0.415047247896779,1.00100038443907,-0.0928419814619412,TRUE,0.648567486647969,1.00106860783655,-0.266072064419884,FALSE,0.590140306176271,1.00100431588539
87,"rand=1-1_rate=2_ROB=LH_Bias=Rct20_NRE20-35","1-1",2,"LH","Rct20_NRE20-35",0.182321556793955,0.182321556793955,0.182321556793955,0.182321556793955,0.182321556793955,0.300104592450338,0.223575083149145,0.223575083149145,0.0224803964348113,TRUE,0.500200451328741,1.00108996176279,-0.188640349304392,TRUE,0.439901421841121,1.0010144609621,-0.0469456515259692,TRUE,0.717214430973192,1.00099916086554,-0.250226244323085,TRUE,0.634985055565522,1.00106364555085
88,"rand=1-1_rate=2_ROB=LH_Bias=Rct20_NRE20-35","1-1",2,"LH","Rct20_NRE20-35",0.182321556793955,0.182321556793955,0.182321556793955,0.182321556793955,0.182321556793955,0.300104592450338,0.22851596631262,0.22851596631262,-0.408209157148841,FALSE,0.846320842288132,1.00116631572831,-0.448778005196736,FALSE,0.605032508149847,1.00114894292449,-0.423378459889452,FALSE,0.908426831212253,1.00101498616619,-0.465391871119773,FALSE,0.926190869926559,1.00098780466917
89,"rand=1-1_rate=2_ROB=LH_Bias=Rct20_NRE20-35","1-1",2,"LH","Rct20_NRE20-35",0.182321556793955,0.182321556793955,0.182321556793955,0.182321556793955,0.182321556793955,0.300104592450338,0.204897201405676,0.204897201405676,-0.182354935798151,TRUE,0.622034518594638,1.00098859557071,-0.254098524834117,FALSE,0.436918933460914,1.00103917583672,-0.227532209936409,TRUE,0.811829949863304,1.00098606176832,-0.267864847597722,FALSE,0.602808221988385,1.00102074529891
90,"rand=1-1_rate=2_ROB=LH_Bias=Rct20_NRE20-35","1-1",2,"LH","Rct20_NRE20-35",0.182321556793955,0.182321556793955,0.182321556793955,0.182321556793955,0.182321556793955,0.300104592450338,0.217506644354301,0.217506644354301,-0.238932341921146,TRUE,0.710924214078711,1.00099073608734,-0.228484721986677,FALSE,0.428448928601656,1.00099225689837,-0.567501068184751,FALSE,1.03222908622146,1.00100275487239,-0.130268355733407,TRUE,0.4712239309624,1.00099624239784
91,"rand=1-1_rate=2_ROB=LH_Bias=Rct20_NRE20-35","1-1",2,"LH","Rct20_NRE20-35",0.182321556793955,0.182321556793955,0.182321556793955,0.182321556793955,0.182321556793955,0.300104592450338,0.209103164186483,0.209103164186483,-0.365523208285731,FALSE,0.704098411971072,1.00110147591341,-0.358528200192713,FALSE,0.420564151303795,1.0009887649941,-0.221693731507959,TRUE,0.699288353128311,1.00102626683593,-0.412104519106253,FALSE,0.60045261500857,1.00099685769936
92,"rand=1-1_rate=2_ROB=LH_Bias=Rct20_NRE20-35","1-1",2,"LH","Rct20_NRE20-35",0.182321556793955,0.182321556793955,0.182321556793955,0.182321556793955,0.182321556793955,0.300104592450338,0.197221624326678,0.197221624326678,-0.243396289857304,TRUE,0.724810759107011,1.00098867502205,-0.259503195286528,FALSE,0.498463264386141,1.00101730530335,-0.16090105386033,TRUE,0.726200068529166,1.00126776508996,-0.315438129226437,TRUE,0.762423469503273,1.00098758619381
93,"rand=1-1_rate=2_ROB=LH_Bias=Rct20_NRE20-35","1-1",2,"LH","Rct20_NRE20-35",0.182321556793955,0.182321556793955,0.182321556793955,0.182321556793955,0.182321556793955,0.300104592450338,0.214652165477967,0.214652165477967,-0.226686692611632,TRUE,0.593348033088947,1.00098872271497,-0.272813462929457,FALSE,0.354034884706698,1.00101201503259,-0.0993216290691994,TRUE,0.606023020140056,1.00119433889788,-0.327996895215291,FALSE,0.493923834454072,1.00102367756643
94,"rand=1-1_rate=2_ROB=LH_Bias=Rct20_NRE20-35","1-1",2,"LH","Rct20_NRE20-35",0.182321556793955,0.182321556793955,0.182321556793955,0.182321556793955,0.182321556793955,0.300104592450338,0.207655686428142,0.207655686428142,-0.102025188823028,TRUE,0.573575855740973,1.00098803784056,-0.15245104876883,TRUE,0.3748611430958,1.00098980457533,-0.281905725329418,TRUE,0.751335660744707,1.00100657912766,-0.112416780662324,TRUE,0.477231640429632,1.00103237661337
95,"rand=1-1_rate=2_ROB=LH_Bias=Rct20_NRE20-35","1-1",2,"LH","Rct20_NRE20-35",0.182321556793955,0.182321556793955,0.182321556793955,0.182321556793955,0.182321556793955,0.300104592450338,0.224148697391322,0.224148697391322,-0.374807257294874,FALSE,0.786712126344863,1.00099517204089,-0.286037520075982,FALSE,0.461254891466534,1.00098700524782,-0.193115460506355,TRUE,1.12000396086668,1.00100242229851,-0.31217125738932,FALSE,0.550606968630458,1.00099104473228
96,"rand=1-1_rate=2_ROB=LH_Bias=Rct20_NRE20-35","1-1",2,"LH","Rct20_NRE20-35",0.182321556793955,0.182321556793955,0.182321556793955,0.182321556793955,0.182321556793955,0.300104592450338,0.208411396486758,0.208411396486758,-0.10280202801354,TRUE,0.659587407916341,1.00101684251305,-0.105227611156018,TRUE,0.450216930156413,1.00099528380309,-0.101246861858491,TRUE,0.744565861734987,1.00111641500302,-0.0990836404445268,TRUE,0.65942313024181,1.00099327971921
97,"rand=1-1_rate=2_ROB=LH_Bias=Rct20_NRE20-35","1-1",2,"LH","Rct20_NRE20-35",0.182321556793955,0.182321556793955,0.182321556793955,0.182321556793955,0.182321556793955,0.300104592450338,0.220205070777822,0.220205070777822,-0.277766960666914,FALSE,0.628495797433814,1.00098780115983,-0.253331035231235,FALSE,0.368983548321884,1.00098691177494,-0.199715521568226,TRUE,0.659091115017711,1.00111991430597,-0.273634030250464,FALSE,0.521583040367921,1.0009866780284
98,"rand=1-1_rate=2_ROB=LH_Bias=Rct20_NRE20-35","1-1",2,"LH","Rct20_NRE20-35",0.182321556793955,0.182321556793955,0.182321556793955,0.182321556793955,0.182321556793955,0.300104592450338,0.197126135997582,0.197126135997582,-0.0124135242539922,TRUE,0.452726423816035,1.00103282324964,-0.289917867080585,FALSE,0.49627092273716,1.00100203672441,-0.397837851311517,TRUE,1.11768791962806,1.00100795997053,-0.243844302820933,TRUE,0.601919218096029,1.00101891820289
99,"rand=1-1_rate=2_ROB=LH_Bias=Rct20_NRE20-35","1-1",2,"LH","Rct20_NRE20-35",0.182321556793955,0.182321556793955,0.182321556793955,0.182321556793955,0.182321556793955,0.300104592450338,0.209218688604384,0.209218688604384,-0.171656553439952,TRUE,0.628810374713735,1.00104035283268,-0.232571417822425,FALSE,0.439715265519377,1.00102211332292,-0.0381572003568751,TRUE,0.64420351247022,1.00106857967955,-0.319264695601291,FALSE,0.623847725855913,1.00098646474746
100,"rand=1-1_rate=2_ROB=LH_Bias=Rct20_NRE20-35","1-1",2,"LH","Rct20_NRE20-35",0.182321556793955,0.182321556793955,0.182321556793955,0.182321556793955,0.182321556793955,0.300104592450338,0.210507776367399,0.210507776367399,-0.175785866775962,TRUE,0.584444620537081,1.00103599918468,-0.343835398936721,FALSE,0.461033795494301,1.00098646294401,-0.14615992031547,TRUE,0.693555502386343,1.00098751916077,-0.431064064559984,FALSE,0.663428046308099,1.00098683330387
101,"rand=1-1_rate=2_ROB=LH_Bias=Rct20_NRE20-35","1-1",2,"LH","Rct20_NRE20-35",0.182321556793955,0.182321556793955,0.182321556793955,0.182321556793955,0.182321556793955,0.300104592450338,0.200768537462752,0.200768537462752,-0.0885051288198939,TRUE,0.665383239786339,1.00098603843773,-0.213923990118045,TRUE,0.473172215244073,1.00099366244708,-0.0733114592275119,TRUE,0.765690597004292,1.00101522369731,-0.284048927618584,TRUE,0.672892236046196,1.0010045798877
102,"rand=1-1_rate=2_ROB=LH_Bias=Rct20_NRE20-35","1-1",2,"LH","Rct20_NRE20-35",0.182321556793955,0.182321556793955,0.182321556793955,0.182321556793955,0.182321556793955,0.300104592450338,0.20543862192469,0.20543862192469,-0.26347243360688,TRUE,0.584018522070194,1.00110530257192,-0.22241794999831,FALSE,0.338285582029183,1.00099372294622,0.130216931691296,TRUE,0.504348114709259,1.00106718106667,-0.333990377468228,FALSE,0.355858285083412,1.00098602746657
103,"rand=1-1_rate=2_ROB=LH_Bias=Rct20_NRE20-35","1-1",2,"LH","Rct20_NRE20-35",0.182321556793955,0.182321556793955,0.182321556793955,0.182321556793955,0.182321556793955,0.300104592450338,0.198636434825659,0.198636434825659,-0.129048432000157,TRUE,0.617045912641918,1.00099883244148,-0.137164408480539,TRUE,0.397002096840873,1.00099018998874,0.0104548471033806,TRUE,0.583800495774382,1.0010276413041,-0.205085494605254,TRUE,0.578994512788306,1.00098850944214
104,"rand=1-1_rate=2_ROB=LH_Bias=Rct20_NRE20-35","1-1",2,"LH","Rct20_NRE20-35",0.182321556793955,0.182321556793955,0.182321556793955,0.182321556793955,0.182321556793955,0.300104592450338,0.21884192479323,0.21884192479323,-0.16385956643753,TRUE,0.689232859866749,1.00098732499725,-0.195747128895206,TRUE,0.459274607097325,1.00100211667631,-0.154881234743911,TRUE,0.986291849067761,1.00101640166818,-0.212177694233809,TRUE,0.574351861369133,1.00099123668196
105,"rand=1-1_rate=2_ROB=LH_Bias=Rct20_NRE20-35","1-1",2,"LH","Rct20_NRE20-35",0.182321556793955,0.182321556793955,0.182321556793955,0.182321556793955,0.182321556793955,0.300104592450338,0.237306339330513,0.237306339330513,-0.0474682021224315,TRUE,0.494060189415007,1.00098694061373,-0.225781851941253,FALSE,0.425296050886327,1.00099807398109,-0.0572279071941055,TRUE,0.701826717000473,1.00101712665856,-0.302493960173606,FALSE,0.58853656008341,1.00101444335427
106,"rand=1-1_rate=2_ROB=LH_Bias=Rct20_NRE20-35","1-1",2,"LH","Rct20_NRE20-35",0.182321556793955,0.182321556793955,0.182321556793955,0.182321556793955,0.182321556793955,0.300104592450338,0.222269235766557,0.222269235766557,-0.231215778815925,TRUE,0.522548367432936,1.00102214166679,-0.327308635585671,FALSE,0.314326159657582,1.00102652533248,-0.382717493175655,FALSE,0.819432357231757,1.00099670062675,-0.315703674153888,FALSE,0.374992135145342,1.00098760138028
107,"rand=1-1_rate=2_ROB=LH_Bias=Rct20_NRE20-35","1-1",2,"LH","Rct20_NRE20-35",0.182321556793955,0.182321556793955,0.182321556793955,0.182321556793955,0.182321556793955,0.300104592450338,0.216389489006012,0.216389489006012,-0.108155758729959,TRUE,0.457949749936759,1.00102099018693,-0.181528113529795,FALSE,0.256551666504067,1.00098623959701,-0.160978895071692,TRUE,0.707409596683612,1.00117355411791,-0.185331298873942,FALSE,0.301621707368594,1.00102769849008
108,"rand=1-1_rate=2_ROB=LH_Bias=Rct20_NRE20-35","1-1",2,"LH","Rct20_NRE20-35",0.182321556793955,0.182321556793955,0.182321556793955,0.182321556793955,0.182321556793955,0.300104592450338,0.220870460563913,0.220870460563913,-0.361548066145029,FALSE,0.7011421301376,1.00103317148911,-0.338565072002142,FALSE,0.413625785632257,1.00103921263097,-0.160665808484578,TRUE,0.880638506476968,1.00116702694789,-0.397691823612952,FALSE,0.496687268870304,1.00100670238299
109,"rand=1-1_rate=2_ROB=LH_Bias=Rct20_NRE20-35","1-1",2,"LH","Rct20_NRE20-35",0.182321556793955,0.182321556793955,0.182321556793955,0.182321556793955,0.182321556793955,0.300104592450338,0.215578199310485,0.215578199310485,-0.179748884397527,TRUE,0.629636270402875,1.00122679442282,-0.242164742470284,FALSE,0.426867852532703,1.00111210084252,-0.0754455047856535,TRUE,0.626478986434963,1.00154341242647,-0.316381997766403,FALSE,0.624230001369369,1.00098605066523
110,"rand=1-1_rate=2_ROB=LH_Bias=Rct20_NRE20-35","1-1",2,"LH","Rct20_NRE20-35",0.182321556793955,0.182321556793955,0.182321556793955,0.182321556793955,0.182321556793955,0.300104592450338,0.210928335581969,0.210928335581969,-0.405361281034784,FALSE,0.636599361235433,1.00130733500704,-0.405184595442066,FALSE,0.349779245181229,1.00099156289634,-0.283596199956092,TRUE,0.892662951862191,1.00100375714812,-0.440477985031784,FALSE,0.394697475585984,1.00100431127988
111,"rand=1-1_rate=2_ROB=LH_Bias=Rct20_NRE20-35","1-1",2,"LH","Rct20_NRE20-35",0.182321556793955,0.182321556793955,0.182321556793955,0.182321556793955,0.182321556793955,0.300104592450338,0.215307694085668,0.215307694085668,-0.175558604634143,TRUE,0.589893286479182,1.00098697873971,-0.239479579699263,FALSE,0.370556245300701,1.00111385198224,-0.0853952598359697,TRUE,0.74770377127307,1.00100673906688,-0.294269238785063,FALSE,0.470767870630095,1.00098908286392
112,"rand=1-1_rate=2_ROB=LH_Bias=Rct20_NRE20-35","1-1",2,"LH","Rct20_NRE20-35",0.182321556793955,0.182321556793955,0.182321556793955,0.182321556793955,0.182321556793955,0.300104592450338,0.211097109084582,0.211097109084582,-0.149366544992086,TRUE,0.553232989158609,1.0009873199665,-0.190578952513022,FALSE,0.347010774383774,1.00106664302816,-0.213070184302087,TRUE,0.887241578993094,1.00099559572514,-0.18252163939108,TRUE,0.40228809518777,1.00098628690367
113,"rand=1-1_rate=2_ROB=LH_Bias=Rct20_NRE20-35","1-1",2,"LH","Rct20_NRE20-35",0.182321556793955,0.182321556793955,0.182321556793955,0.182321556793955,0.182321556793955,0.300104592450338,0.216236550448445,0.216236550448445,-0.232899036526023,TRUE,0.562469603533089,1.0010206942712,-0.256258242502344,FALSE,0.308021644987609,1.00099802231675,-0.358292467445802,TRUE,0.837182442919259,1.00098869066973,-0.234624111475346,FALSE,0.36250573653239,1.00100944597107
114,"rand=1-1_rate=2_ROB=LH_Bias=Rct20_NRE20-35","1-1",2,"LH","Rct20_NRE20-35",0.182321556793955,0.182321556793955,0.182321556793955,0.182321556793955,0.182321556793955,0.300104592450338,0.205251274689236,0.205251274689236,-0.34965750317717,TRUE,0.860400530450057,1.00104933126531,-0.326807134046245,FALSE,0.565401371997416,1.00098607485976,-0.475625921847882,TRUE,1.1580045700548,1.00099502731289,-0.257425683950387,TRUE,0.72135187902475,1.00102546933213
115,"rand=1-1_rate=2_ROB=LH_Bias=Rct20_NRE20-35","1-1",2,"LH","Rct20_NRE20-35",0.182321556793955,0.182321556793955,0.182321556793955,0.182321556793955,0.182321556793955,0.300104592450338,0.204287317355188,0.204287317355188,-0.145870573665942,TRUE,0.565396831520279,1.00100301992145,-0.172006925759799,FALSE,0.343958407670172,1.00100758078493,-0.223819642629318,TRUE,0.857218380600181,1.00102007299522,-0.157103468307243,TRUE,0.418579926818903,1.00098612584951
116,"rand=1-1_rate=2_ROB=LH_Bias=Rct20_NRE20-35","1-1",2,"LH","Rct20_NRE20-35",0.182321556793955,0.182321556793955,0.182321556793955,0.182321556793955,0.182321556793955,0.300104592450338,0.209458779930388,0.209458779930388,-0.354800899296701,FALSE,0.650636281750048,1.00109375409085,-0.345896265517661,FALSE,0.377023734286194,1.00098878745229,-0.244998232028237,TRUE,0.690110025352597,1.00127708242904,-0.382076725929668,FALSE,0.495726950416873,1.00098599078021
117,"rand=1-1_rate=2_ROB=LH_Bias=Rct20_NRE20-35","1-1",2,"LH","Rct20_NRE20-35",0.182321556793955,0.182321556793955,0.182321556793955,0.182321556793955,0.182321556793955,0.300104592450338,0.225969930362677,0.225969930362677,-0.209325220637422,TRUE,0.614952479832256,1.00140342585164,-0.287601527727573,FALSE,0.400812899215294,1.00101981726521,-0.191549556292623,TRUE,0.731953801636991,1.00098606069924,-0.318700899003556,FALSE,0.543632362257661,1.00098613674506
118,"rand=1-1_rate=2_ROB=LH_Bias=Rct20_NRE20-35","1-1",2,"LH","Rct20_NRE20-35",0.182321556793955,0.182321556793955,0.182321556793955,0.182321556793955,0.182321556793955,0.300104592450338,0.1994997988749,0.1994997988749,-0.21914698589747,TRUE,0.642406809079293,1.00099453986631,-0.237593001439367,FALSE,0.419316315280733,1.00115451794302,-0.340439326439586,FALSE,0.709425469127402,1.00116131715094,-0.194296559060738,TRUE,0.593678240031085,1.00098671060704
119,"rand=1-1_rate=2_ROB=LH_Bias=Rct20_NRE20-35","1-1",2,"LH","Rct20_NRE20-35",0.182321556793955,0.182321556793955,0.182321556793955,0.182321556793955,0.182321556793955,0.300104592450338,0.217598245927008,0.217598245927008,-0.2814423556749,FALSE,0.602752092589199,1.00098860187032,-0.368893141149752,FALSE,0.378407412498244,1.00098712632586,-0.254831906809516,TRUE,0.724032734599572,1.00107031068436,-0.404499755271352,FALSE,0.501023636878011,1.00105105971018
120,"rand=1-1_rate=2_ROB=LH_Bias=Rct20_NRE20-35","1-1",2,"LH","Rct20_NRE20-35",0.182321556793955,0.182321556793955,0.182321556793955,0.182321556793955,0.182321556793955,0.300104592450338,0.19972054870238,0.19972054870238,-0.246257645898359,TRUE,0.63873818641243,1.0013151094926,-0.284502864124077,FALSE,0.398466661982349,1.00099881182158,-0.0908411968166045,TRUE,0.590605898565025,1.00238321645257,-0.357052726807712,FALSE,0.58633269553427,1.00098981341987
121,"rand=1-1_rate=2_ROB=LH_Bias=Rct20_NRE20-35","1-1",2,"LH","Rct20_NRE20-35",0.182321556793955,0.182321556793955,0.182321556793955,0.182321556793955,0.182321556793955,0.300104592450338,0.220044464920816,0.220044464920816,-0.247629090197775,TRUE,0.610697511935732,1.0011099668417,-0.354261387198704,FALSE,0.41868124477351,1.00100397179654,-0.234023034705416,TRUE,0.795379628571544,1.0010850190672,-0.398909784639397,FALSE,0.553295943595351,1.00100908648246
122,"rand=1-1_rate=2_ROB=LH_Bias=Rct20_NRE20-35","1-1",2,"LH","Rct20_NRE20-35",0.182321556793955,0.182321556793955,0.182321556793955,0.182321556793955,0.182321556793955,0.300104592450338,0.183139963561922,0.183139963561922,-0.0236767342554287,TRUE,0.567118385149819,1.00100745285369,-0.0705580827231158,TRUE,0.392745440719281,1.00101019565585,-0.113260706341047,TRUE,0.688773989081927,1.00110090052454,-0.0554450720739585,TRUE,0.543481413765245,1.00103364582608
123,"rand=1-1_rate=2_ROB=LH_Bias=Rct20_NRE20-35","1-1",2,"LH","Rct20_NRE20-35",0.182321556793955,0.182321556793955,0.182321556793955,0.182321556793955,0.182321556793955,0.300104592450338,0.221917200115552,0.221917200115552,-0.469001575603208,FALSE,0.972639614045258,1.00099228802415,-0.453136559915339,FALSE,0.654204040163338,1.00098719071157,-0.518235583152165,TRUE,1.48230949584568,1.00108774954355,-0.4207465310861,FALSE,0.802417939624969,1.00101416513557
124,"rand=1-1_rate=2_ROB=LH_Bias=Rct20_NRE20-35","1-1",2,"LH","Rct20_NRE20-35",0.182321556793955,0.182321556793955,0.182321556793955,0.182321556793955,0.182321556793955,0.300104592450338,0.217137401165418,0.217137401165418,-0.213437693658097,TRUE,0.587767067287881,1.00101910637536,-0.16884948008346,FALSE,0.336613095728636,1.00098642199818,-0.393560510048063,FALSE,0.888726729856783,1.00101188250033,-0.10686803189246,TRUE,0.372208085099841,1.00104680564583
125,"rand=1-1_rate=2_ROB=LH_Bias=Rct20_NRE20-35","1-1",2,"LH","Rct20_NRE20-35",0.182321556793955,0.182321556793955,0.182321556793955,0.182321556793955,0.182321556793955,0.300104592450338,0.236015887921396,0.236015887921396,-0.0816255134402413,TRUE,0.589264983757957,1.00100985015475,-0.124334415506571,TRUE,0.394946940439794,1.00098799033795,-0.0575193858763758,TRUE,0.724307204749222,1.00111458587285,-0.151196217678996,TRUE,0.535473826066715,1.00099481447486
126,"rand=1-1_rate=2_ROB=LH_Bias=Rct20_NRE20-35","1-1",2,"LH","Rct20_NRE20-35",0.182321556793955,0.182321556793955,0.182321556793955,0.182321556793955,0.182321556793955,0.300104592450338,0.227673328748454,0.227673328748454,-0.0821713135973834,TRUE,0.517041367182486,1.00101385982478,-0.190367709908497,FALSE,0.367817966555517,1.00103554051749,-0.0836733345390874,TRUE,0.597091145827303,1.00103204970047,-0.231274807790846,TRUE,0.531393357613846,1.00098605086293
127,"rand=1-1_rate=2_ROB=LH_Bias=Rct20_NRE20-35","1-1",2,"LH","Rct20_NRE20-35",0.182321556793955,0.182321556793955,0.182321556793955,0.182321556793955,0.182321556793955,0.300104592450338,0.20043301751187,0.20043301751187,-0.0635261878696332,TRUE,0.577756817570268,1.00109157850742,-0.174208787732288,TRUE,0.447448318874552,1.00099799923181,0.02182257463385,TRUE,0.572672719758359,1.00117917734495,-0.273781640173269,TRUE,0.703894868029698,1.00103817937669
128,"rand=1-1_rate=2_ROB=LH_Bias=Rct20_NRE20-35","1-1",2,"LH","Rct20_NRE20-35",0.182321556793955,0.182321556793955,0.182321556793955,0.182321556793955,0.182321556793955,0.300104592450338,0.218582971418023,0.218582971418023,-0.257929934368306,TRUE,0.602061550445499,1.00098791140252,-0.348165092201029,FALSE,0.393240935739792,1.00101860768526,-0.128328988586531,TRUE,0.639299180564575,1.00099245145175,-0.432936016248154,FALSE,0.534838192162901,1.00098948057751
129,"rand=1-1_rate=2_ROB=LH_Bias=Rct20_NRE20-35","1-1",2,"LH","Rct20_NRE20-35",0.182321556793955,0.182321556793955,0.182321556793955,0.182321556793955,0.182321556793955,0.300104592450338,0.192255998184078,0.192255998184078,-0.294038924461299,FALSE,0.6630185553727,1.00100668290036,-0.303429015219862,FALSE,0.399818372461135,1.00102100650673,-0.422323197521461,FALSE,0.989075730741477,1.00103473207288,-0.267663869775556,FALSE,0.469719346042167,1.00102937646266
130,"rand=1-1_rate=2_ROB=LH_Bias=Rct20_NRE20-35","1-1",2,"LH","Rct20_NRE20-35",0.182321556793955,0.182321556793955,0.182321556793955,0.182321556793955,0.182321556793955,0.300104592450338,0.221878674962236,0.221878674962236,-0.201286654736203,TRUE,0.608387327952084,1.00103014692654,-0.214620765321173,FALSE,0.35826212208364,1.00111437761529,-0.0523887597769181,TRUE,0.8488323760974,1.00099495607026,-0.265961128640986,FALSE,0.408565108080071,1.00108611484077
131,"rand=1-1_rate=2_ROB=LH_Bias=Rct20_NRE20-35","1-1",2,"LH","Rct20_NRE20-35",0.182321556793955,0.182321556793955,0.182321556793955,0.182321556793955,0.182321556793955,0.300104592450338,0.224695664738287,0.224695664738287,-0.170964027104455,TRUE,0.547837927266746,1.00106696775832,-0.119071713263854,TRUE,0.308062236148849,1.00099138677104,-0.260017356353911,TRUE,0.741018642968065,1.00113256448576,-0.0822304347188785,TRUE,0.370934225663262,1.00099201959753
132,"rand=1-1_rate=2_ROB=LH_Bias=Rct20_NRE20-35","1-1",2,"LH","Rct20_NRE20-35",0.182321556793955,0.182321556793955,0.182321556793955,0.182321556793955,0.182321556793955,0.300104592450338,0.216413787144069,0.216413787144069,-0.205294666246307,TRUE,0.504557467514065,1.00103189931241,-0.150759641327151,FALSE,0.227131883926094,1.00103067704976,-0.283969431841937,TRUE,0.737614371272109,1.00147101623268,-0.129291393023129,FALSE,0.256699685712882,1.00102102021632
133,"rand=1-1_rate=2_ROB=LH_Bias=Rct20_NRE20-35","1-1",2,"LH","Rct20_NRE20-35",0.182321556793955,0.182321556793955,0.182321556793955,0.182321556793955,0.182321556793955,0.300104592450338,0.209163848984938,0.209163848984938,-0.274460731382425,TRUE,0.643003967859691,1.00098628789591,-0.269360641338527,FALSE,0.395912406773977,1.00098690308618,-0.334557964525329,TRUE,0.858491850434155,1.00098631916901,-0.244322112963671,FALSE,0.499963394272595,1.00098611194597
134,"rand=1-1_rate=2_ROB=LH_Bias=Rct20_NRE20-35","1-1",2,"LH","Rct20_NRE20-35",0.182321556793955,0.182321556793955,0.182321556793955,0.182321556793955,0.182321556793955,0.300104592450338,0.216294969509619,0.216294969509619,-0.181787633148893,TRUE,0.677241383566484,1.00099976349706,-0.218835546635106,FALSE,0.445718741183997,1.00101592234189,-0.395478659861578,TRUE,1.32553434758879,1.00098601933294,-0.165744190136339,TRUE,0.498733278676933,1.00100458176823
135,"rand=1-1_rate=2_ROB=LH_Bias=Rct20_NRE20-35","1-1",2,"LH","Rct20_NRE20-35",0.182321556793955,0.182321556793955,0.182321556793955,0.182321556793955,0.182321556793955,0.300104592450338,0.213031060727751,0.213031060727751,-0.105319793256661,TRUE,0.511084171711221,1.00112321159276,-0.138512360158099,TRUE,0.299385344927699,1.00099007766772,-0.159005889343605,TRUE,0.640491026436218,1.00098628704567,-0.133110179225244,TRUE,0.387051362823288,1.00099521847878
136,"rand=1-1_rate=2_ROB=LH_Bias=Rct20_NRE20-35","1-1",2,"LH","Rct20_NRE20-35",0.182321556793955,0.182321556793955,0.182321556793955,0.182321556793955,0.182321556793955,0.300104592450338,0.225087502872105,0.225087502872105,-0.360407053590491,FALSE,0.712391446120936,1.0009948323195,-0.291022348130403,FALSE,0.46447222060115,1.00116738109041,-0.521485277296303,FALSE,0.983970498247783,1.00100285761227,-0.198346227539268,TRUE,0.560528342879335,1.00099296389459
137,"rand=1-1_rate=2_ROB=LH_Bias=Rct20_NRE20-35","1-1",2,"LH","Rct20_NRE20-35",0.182321556793955,0.182321556793955,0.182321556793955,0.182321556793955,0.182321556793955,0.300104592450338,0.217643403160333,0.217643403160333,-0.31115688635855,TRUE,0.726587548894579,1.00108794576307,-0.35031577636493,FALSE,0.502421258797743,1.00103433490918,-0.432928942739992,FALSE,0.855077983017127,1.00101415948973,-0.311455534974737,FALSE,0.698554767126442,1.00098618136935
138,"rand=1-1_rate=2_ROB=LH_Bias=Rct20_NRE20-35","1-1",2,"LH","Rct20_NRE20-35",0.182321556793955,0.182321556793955,0.182321556793955,0.182321556793955,0.182321556793955,0.300104592450338,0.210182542183812,0.210182542183812,-0.189612666076323,TRUE,0.58889005509553,1.00114798069328,-0.251363040774434,FALSE,0.379050733953988,1.00098865901828,-0.120477313379974,TRUE,0.634830285770445,1.00109312387925,-0.301954094699163,FALSE,0.543964020811304,1.00098962856997
139,"rand=1-1_rate=2_ROB=LH_Bias=Rct20_NRE20-35","1-1",2,"LH","Rct20_NRE20-35",0.182321556793955,0.182321556793955,0.182321556793955,0.182321556793955,0.182321556793955,0.300104592450338,0.199283694070899,0.199283694070899,-0.126124059388471,TRUE,0.695542572011449,1.00104104694,-0.151036949500997,TRUE,0.458934460338487,1.00099664254673,0.136499151221876,TRUE,0.690773998808018,1.00098837945708,-0.313098735619088,FALSE,0.582747218680977,1.0009974863965
140,"rand=1-1_rate=2_ROB=LH_Bias=Rct20_NRE20-35","1-1",2,"LH","Rct20_NRE20-35",0.182321556793955,0.182321556793955,0.182321556793955,0.182321556793955,0.182321556793955,0.300104592450338,0.222767636141218,0.222767636141218,-0.0831412787759029,TRUE,0.588778978932561,1.00173000184583,-0.0461467646173197,TRUE,0.366462843580606,1.00109051857469,-0.0201957781279307,TRUE,0.647858845392937,1.00105742891125,-0.0579192337260199,TRUE,0.506654272009447,1.00099471548935
141,"rand=1-1_rate=2_ROB=LH_Bias=Rct20_NRE20-35","1-1",2,"LH","Rct20_NRE20-35",0.182321556793955,0.182321556793955,0.182321556793955,0.182321556793955,0.182321556793955,0.300104592450338,0.225413806611404,0.225413806611404,-0.415858919088903,FALSE,0.849285726477519,1.00099804403037,-0.396964847126455,FALSE,0.556585105405671,1.00101400307375,-0.518285995144704,FALSE,0.921804660306751,1.00128620447379,-0.340975166679331,FALSE,0.793002771878869,1.00099323575698
142,"rand=1-1_rate=2_ROB=LH_Bias=Rct20_NRE20-35","1-1",2,"LH","Rct20_NRE20-35",0.182321556793955,0.182321556793955,0.182321556793955,0.182321556793955,0.182321556793955,0.300104592450338,0.196035576377766,0.196035576377766,-0.225879925684214,TRUE,0.647992976474778,1.00107626450554,-0.208443627556577,FALSE,0.411094535419591,1.00098722366913,-0.332250405512037,FALSE,0.766346274877749,1.00116878711803,-0.159375632374088,TRUE,0.563430576180076,1.00102338396693
143,"rand=1-1_rate=2_ROB=LH_Bias=Rct20_NRE20-35","1-1",2,"LH","Rct20_NRE20-35",0.182321556793955,0.182321556793955,0.182321556793955,0.182321556793955,0.182321556793955,0.300104592450338,0.212110500314857,0.212110500314857,-0.112904052837013,TRUE,0.546245169370564,1.00124319135614,-0.04257185495114,TRUE,0.302865300091756,1.00098733840339,-0.158346808784086,TRUE,0.610095145251455,1.00108303079484,-0.00951940399547024,TRUE,0.396815566035801,1.00098994038161
144,"rand=1-1_rate=2_ROB=LH_Bias=Rct20_NRE20-35","1-1",2,"LH","Rct20_NRE20-35",0.182321556793955,0.182321556793955,0.182321556793955,0.182321556793955,0.182321556793955,0.300104592450338,0.195480182804932,0.195480182804932,-0.432206773053668,FALSE,0.688339438432672,1.00102160058935,-0.402342651284093,FALSE,0.364773806271843,1.00098852789547,-0.553159711503768,FALSE,1.09575126644372,1.00098612723685,-0.363189300963945,FALSE,0.383356241391776,1.00098911998314
145,"rand=1-1_rate=2_ROB=LH_Bias=Rct20_NRE20-35","1-1",2,"LH","Rct20_NRE20-35",0.182321556793955,0.182321556793955,0.182321556793955,0.182321556793955,0.182321556793955,0.300104592450338,0.202245591184462,0.202245591184462,-0.240957434765741,TRUE,0.614741140065866,1.00119654755019,-0.320843810425892,FALSE,0.42488566292695,1.0009916710479,-0.152121163815441,TRUE,0.622748677529366,1.00245429671515,-0.394794360174467,FALSE,0.634087249020785,1.0010044083718
146,"rand=1-1_rate=2_ROB=LH_Bias=Rct20_NRE20-35","1-1",2,"LH","Rct20_NRE20-35",0.182321556793955,0.182321556793955,0.182321556793955,0.182321556793955,0.182321556793955,0.300104592450338,0.226863684467981,0.226863684467981,-0.116631662381016,TRUE,0.63016098534647,1.00100156428816,-0.16144823894195,TRUE,0.420823241228408,1.00102917274196,-0.157597177831006,TRUE,1.11100655600261,1.00106930059326,-0.167648641855928,TRUE,0.476791513816684,1.00099574741105
147,"rand=1-1_rate=2_ROB=LH_Bias=Rct20_NRE20-35","1-1",2,"LH","Rct20_NRE20-35",0.182321556793955,0.182321556793955,0.182321556793955,0.182321556793955,0.182321556793955,0.300104592450338,0.217759517284671,0.217759517284671,-0.215600889720953,TRUE,0.711164272230583,1.00103738699883,-0.223178233106047,FALSE,0.434932525614314,1.00100173444322,-0.0136868650038224,TRUE,0.770232148004478,1.00102469511632,-0.312222870328317,FALSE,0.562425528172043,1.00102924650842
148,"rand=1-1_rate=2_ROB=LH_Bias=Rct20_NRE20-35","1-1",2,"LH","Rct20_NRE20-35",0.182321556793955,0.182321556793955,0.182321556793955,0.182321556793955,0.182321556793955,0.300104592450338,0.232825662942122,0.232825662942122,-0.124596717417202,TRUE,0.590345905257145,1.0010344040715,-0.199866934064883,FALSE,0.413109007047418,1.00098676137698,-0.064698249624652,TRUE,0.65946455034364,1.00107075330692,-0.259527836327214,FALSE,0.576922553425282,1.00100652350277
149,"rand=1-1_rate=2_ROB=LH_Bias=Rct20_NRE20-35","1-1",2,"LH","Rct20_NRE20-35",0.182321556793955,0.182321556793955,0.182321556793955,0.182321556793955,0.182321556793955,0.300104592450338,0.214246518780949,0.214246518780949,-0.212178675739734,TRUE,0.583276810277428,1.00100710008183,-0.178734216125732,FALSE,0.319322452089755,1.00098965454227,-0.288836886185561,TRUE,0.725084036478767,1.00107156624026,-0.150452501250497,TRUE,0.402484392447106,1.00098837682048
150,"rand=1-1_rate=2_ROB=LH_Bias=Rct20_NRE20-35","1-1",2,"LH","Rct20_NRE20-35",0.182321556793955,0.182321556793955,0.182321556793955,0.182321556793955,0.182321556793955,0.300104592450338,0.218151663807931,0.218151663807931,-0.115990373548289,TRUE,0.540190549226257,1.00098694479364,-0.269420374528797,FALSE,0.43721364034655,1.00098877550613,-0.270095806352692,TRUE,1.10253310580756,1.00103523771804,-0.271676236858504,FALSE,0.522880629721471,1.00099283016467
151,"rand=1-1_rate=2_ROB=LH_Bias=Rct20_NRE20-35","1-1",2,"LH","Rct20_NRE20-35",0.182321556793955,0.182321556793955,0.182321556793955,0.182321556793955,0.182321556793955,0.300104592450338,0.19871262633606,0.19871262633606,-0.274937513338339,TRUE,0.792751247928682,1.00106012238849,-0.268782005431612,FALSE,0.511696943203899,1.00098611050627,-0.122239139206882,TRUE,1.09956873771914,1.0010014269072,-0.348815355250988,FALSE,0.617893673322112,1.00098601993039
152,"rand=1-1_rate=2_ROB=LH_Bias=Rct20_NRE20-35","1-1",2,"LH","Rct20_NRE20-35",0.182321556793955,0.182321556793955,0.182321556793955,0.182321556793955,0.182321556793955,0.300104592450338,0.204920168212451,0.204920168212451,-0.213507694154326,TRUE,0.643833354563235,1.00098810205885,-0.252172356497257,FALSE,0.419053822566938,1.00098789256806,-0.402238119144249,FALSE,0.833080509288651,1.0010150407262,-0.203743051206334,TRUE,0.539691693596402,1.00107214625371
153,"rand=1-1_rate=2_ROB=LH_Bias=Rct20_NRE20-35","1-1",2,"LH","Rct20_NRE20-35",0.182321556793955,0.182321556793955,0.182321556793955,0.182321556793955,0.182321556793955,0.300104592450338,0.201189820266094,0.201189820266094,-0.164062758818313,TRUE,0.564532901406338,1.00101854582656,-0.317679717102035,FALSE,0.456967553540958,1.00098927733884,-0.374733823817309,TRUE,1.21488019151776,1.00101153172758,-0.290122483770414,FALSE,0.494373452199681,1.00101248479899
154,"rand=1-1_rate=2_ROB=LH_Bias=Rct20_NRE20-35","1-1",2,"LH","Rct20_NRE20-35",0.182321556793955,0.182321556793955,0.182321556793955,0.182321556793955,0.182321556793955,0.300104592450338,0.202091335858036,0.202091335858036,-0.0941970274025643,TRUE,0.611295375818229,1.00098818651955,-0.197276222974087,TRUE,0.460547502515968,1.00098650669268,0.00678852349196202,TRUE,0.544375883049907,1.00129740562885,-0.303436771361633,TRUE,0.739075035688051,1.00098962017716
155,"rand=1-1_rate=2_ROB=LH_Bias=Rct20_NRE20-35","1-1",2,"LH","Rct20_NRE20-35",0.182321556793955,0.182321556793955,0.182321556793955,0.182321556793955,0.182321556793955,0.300104592450338,0.22239205980185,0.22239205980185,-0.294562114437845,TRUE,0.751153947098577,1.00127146691101,-0.302687800232136,FALSE,0.469588085452567,1.0009960495613,-0.167986750799072,TRUE,0.83395312228216,1.0013169292834,-0.361122373730105,FALSE,0.643640600698665,1.00098902244058
156,"rand=1-1_rate=2_ROB=LH_Bias=Rct20_NRE20-35","1-1",2,"LH","Rct20_NRE20-35",0.182321556793955,0.182321556793955,0.182321556793955,0.182321556793955,0.182321556793955,0.300104592450338,0.203315149061272,0.203315149061272,-0.146513007787431,TRUE,0.635108189077423,1.00099537881641,-0.182806511947374,TRUE,0.454640264532758,1.00099214967201,-0.10345205360881,TRUE,0.607858882824315,1.00103679926003,-0.225109155959266,TRUE,0.713835925101787,1.00100878416983
157,"rand=1-1_rate=2_ROB=LH_Bias=Rct20_NRE20-35","1-1",2,"LH","Rct20_NRE20-35",0.182321556793955,0.182321556793955,0.182321556793955,0.182321556793955,0.182321556793955,0.300104592450338,0.206414748550224,0.206414748550224,-0.251057614671087,TRUE,0.584326856744121,1.00101775186382,-0.398433637146613,FALSE,0.429797828822514,1.00100029095978,-0.289131700529358,TRUE,0.84407270325208,1.0010239241006,-0.435332937333827,FALSE,0.563835097605931,1.00102144859069
158,"rand=1-1_rate=2_ROB=LH_Bias=Rct20_NRE20-35","1-1",2,"LH","Rct20_NRE20-35",0.182321556793955,0.182321556793955,0.182321556793955,0.182321556793955,0.182321556793955,0.300104592450338,0.211929990099575,0.211929990099575,-0.186191706285025,TRUE,0.597954301573353,1.00098797987795,-0.282942395527999,FALSE,0.431758752843181,1.00098795739484,-0.1605671748346,TRUE,0.687110187291066,1.00100920101075,-0.335598013521121,FALSE,0.630366673524165,1.00098738984316
159,"rand=1-1_rate=2_ROB=LH_Bias=Rct20_NRE20-35","1-1",2,"LH","Rct20_NRE20-35",0.182321556793955,0.182321556793955,0.182321556793955,0.182321556793955,0.182321556793955,0.300104592450338,0.219906026418836,0.219906026418836,-0.0506019015925803,TRUE,0.472956530473524,1.00116575479352,-0.158044339641197,FALSE,0.3311758442408,1.00101269719749,-0.162392141866579,TRUE,0.830163125792936,1.00100788561914,-0.155053341613403,TRUE,0.385541248190312,1.00099338895898
160,"rand=1-1_rate=2_ROB=LH_Bias=Rct20_NRE20-35","1-1",2,"LH","Rct20_NRE20-35",0.182321556793955,0.182321556793955,0.182321556793955,0.182321556793955,0.182321556793955,0.300104592450338,0.230978384313122,0.230978384313122,-0.00936864414480043,TRUE,0.585962238934002,1.00098609720514,-0.146687106281769,TRUE,0.443868157878477,1.00099307681993,0.0721371315676979,TRUE,0.690965966354439,1.00103256216785,-0.264176592420259,TRUE,0.606557631020425,1.00098631658119
161,"rand=1-1_rate=2_ROB=LH_Bias=Rct20_NRE20-35","1-1",2,"LH","Rct20_NRE20-35",0.182321556793955,0.182321556793955,0.182321556793955,0.182321556793955,0.182321556793955,0.300104592450338,0.21516815337987,0.21516815337987,-0.220318774092083,TRUE,0.60321049476415,1.00105489672968,-0.398590309448837,FALSE,0.414224706234115,1.00098899813577,-0.145682750926009,TRUE,0.694458440277445,1.00125970212895,-0.482821043757546,FALSE,0.544376395521571,1.00098672705184
162,"rand=1-1_rate=2_ROB=LH_Bias=Rct20_NRE20-35","1-1",2,"LH","Rct20_NRE20-35",0.182321556793955,0.182321556793955,0.182321556793955,0.182321556793955,0.182321556793955,0.300104592450338,0.205627831495834,0.205627831495834,-0.333573683744253,FALSE,0.711412417141678,1.00102599101582,-0.28372936740838,FALSE,0.466180819810631,1.0009860614222,-0.242623770115862,TRUE,0.682209327027003,1.00246592721155,-0.296519378720684,TRUE,0.711795414542019,1.00098628593839
163,"rand=1-1_rate=2_ROB=LH_Bias=Rct20_NRE20-35","1-1",2,"LH","Rct20_NRE20-35",0.182321556793955,0.182321556793955,0.182321556793955,0.182321556793955,0.182321556793955,0.300104592450338,0.209565790015694,0.209565790015694,-0.430701048912977,FALSE,0.758420716776084,1.00104493879393,-0.465491395327246,FALSE,0.515257720958983,1.00100133948496,-0.567897889706885,FALSE,0.886811551461926,1.00160943135708,-0.42613122603168,FALSE,0.717780819813457,1.00099361587642
164,"rand=1-1_rate=2_ROB=LH_Bias=Rct20_NRE20-35","1-1",2,"LH","Rct20_NRE20-35",0.182321556793955,0.182321556793955,0.182321556793955,0.182321556793955,0.182321556793955,0.300104592450338,0.210589993849794,0.210589993849794,0.0432868120838906,TRUE,0.599695438089881,1.00100220975033,-0.0250193636277158,TRUE,0.426857600062166,1.00099496429996,0.158435282842925,TRUE,0.690749541695034,1.00099219895426,-0.125752690201246,TRUE,0.594552482036792,1.00104268044086
165,"rand=1-1_rate=2_ROB=LH_Bias=Rct20_NRE20-35","1-1",2,"LH","Rct20_NRE20-35",0.182321556793955,0.182321556793955,0.182321556793955,0.182321556793955,0.182321556793955,0.300104592450338,0.222688598540173,0.222688598540173,-0.222794252374827,TRUE,0.721841594455632,1.00109307480528,-0.303787068937859,FALSE,0.500330202513246,1.00098834420999,-0.103167037028827,TRUE,0.888269954806716,1.00107693485352,-0.401500645082427,FALSE,0.668068962811938,1.00102767986406
166,"rand=1-1_rate=2_ROB=LH_Bias=Rct20_NRE20-35","1-1",2,"LH","Rct20_NRE20-35",0.182321556793955,0.182321556793955,0.182321556793955,0.182321556793955,0.182321556793955,0.300104592450338,0.219312129928392,0.219312129928392,-0.10876864430935,TRUE,0.578929053274476,1.00099985026722,-0.261613606909245,FALSE,0.479278003666059,1.00098860700885,-0.176775037901319,TRUE,0.642820746225353,1.00099439677102,-0.302859854535532,TRUE,0.781279736381482,1.00098827646208
167,"rand=1-1_rate=2_ROB=LH_Bias=Rct20_NRE20-35","1-1",2,"LH","Rct20_NRE20-35",0.182321556793955,0.182321556793955,0.182321556793955,0.182321556793955,0.182321556793955,0.300104592450338,0.218074906505178,0.218074906505178,-0.223121689610231,TRUE,0.708266093351953,1.00099649097707,-0.226536762259495,FALSE,0.456853374633312,1.00100267814395,-0.0427907014096993,TRUE,0.863748692128505,1.00129735535618,-0.303172134765926,FALSE,0.593237386220708,1.00104260777121
168,"rand=1-1_rate=2_ROB=LH_Bias=Rct20_NRE20-35","1-1",2,"LH","Rct20_NRE20-35",0.182321556793955,0.182321556793955,0.182321556793955,0.182321556793955,0.182321556793955,0.300104592450338,0.200322199363341,0.200322199363341,-0.317180460898433,FALSE,0.582889454906071,1.00119403413565,-0.369008006220268,FALSE,0.332694020730338,1.00107699283896,-0.45551606008581,FALSE,0.821451269982852,1.00101048561258,-0.352731709274626,FALSE,0.407898729150722,1.00099023969391
169,"rand=1-1_rate=2_ROB=LH_Bias=Rct20_NRE20-35","1-1",2,"LH","Rct20_NRE20-35",0.182321556793955,0.182321556793955,0.182321556793955,0.182321556793955,0.182321556793955,0.300104592450338,0.200572463805881,0.200572463805881,-0.210812900149472,TRUE,0.647338029319732,1.00106106156761,-0.258785713096773,FALSE,0.430347485124967,1.00099269965395,-0.254688583834636,TRUE,0.742292335243177,1.00099366601331,-0.257317031052,TRUE,0.613745154233146,1.0010023871277
170,"rand=1-1_rate=2_ROB=LH_Bias=Rct20_NRE20-35","1-1",2,"LH","Rct20_NRE20-35",0.182321556793955,0.182321556793955,0.182321556793955,0.182321556793955,0.182321556793955,0.300104592450338,0.214390647332482,0.214390647332482,-0.16215234168068,TRUE,0.562008002860211,1.00110955649577,-0.193550830912815,FALSE,0.349136583345685,1.00099870635546,-0.220818111809653,TRUE,0.62559062924097,1.00154299334935,-0.183632500846931,TRUE,0.50274081181331,1.0009929588617
171,"rand=1-1_rate=2_ROB=LH_Bias=Rct20_NRE20-35","1-1",2,"LH","Rct20_NRE20-35",0.182321556793955,0.182321556793955,0.182321556793955,0.182321556793955,0.182321556793955,0.300104592450338,0.230707490388118,0.230707490388118,-0.190921225852992,TRUE,0.540811651039107,1.00128167843951,-0.115919985647355,TRUE,0.319161450629248,1.00102759545795,-0.323671512332778,TRUE,0.859119065317329,1.00098757583488,-0.0604551379439562,TRUE,0.340724794267654,1.00098609634137
172,"rand=1-1_rate=2_ROB=LH_Bias=Rct20_NRE20-35","1-1",2,"LH","Rct20_NRE20-35",0.182321556793955,0.182321556793955,0.182321556793955,0.182321556793955,0.182321556793955,0.300104592450338,0.213857414348677,0.213857414348677,-0.23018824776556,TRUE,0.658868968392755,1.00099139983688,-0.103583558297319,TRUE,0.397896803498564,1.00105741269858,-0.345590672613859,TRUE,0.93324321575013,1.00098778616058,-0.0221350849341007,TRUE,0.462694130288982,1.00098792338218
173,"rand=1-1_rate=2_ROB=LH_Bias=Rct20_NRE20-35","1-1",2,"LH","Rct20_NRE20-35",0.182321556793955,0.182321556793955,0.182321556793955,0.182321556793955,0.182321556793955,0.300104592450338,0.210404461783356,0.210404461783356,-0.0510374853584483,TRUE,0.588401481079432,1.00133079183939,-0.156868467806698,TRUE,0.474233726296301,1.00098892221444,0.0532743649769356,TRUE,0.590343455666942,1.00119476259492,-0.278444751872933,TRUE,0.746757807491943,1.00098823748688
174,"rand=1-1_rate=2_ROB=LH_Bias=Rct20_NRE20-35","1-1",2,"LH","Rct20_NRE20-35",0.182321556793955,0.182321556793955,0.182321556793955,0.182321556793955,0.182321556793955,0.300104592450338,0.223496489854244,0.223496489854244,-0.213759583553665,TRUE,0.694333390000808,1.00101390368242,-0.313573912926798,FALSE,0.515762101468365,1.00102456191213,-0.187347715611784,TRUE,0.81954067295789,1.00107938548797,-0.377289356140853,FALSE,0.758819213424284,1.00098973761359
175,"rand=1-1_rate=2_ROB=LH_Bias=Rct20_NRE20-35","1-1",2,"LH","Rct20_NRE20-35",0.182321556793955,0.182321556793955,0.182321556793955,0.182321556793955,0.182321556793955,0.300104592450338,0.184108297328564,0.184108297328564,-0.304987921232411,FALSE,0.57426068194727,1.00099139683819,-0.343286997689018,FALSE,0.30640975762688,1.0012310148625,-0.0792926427755412,TRUE,0.741393681486456,1.00103871331548,-0.396821712571359,FALSE,0.3302549328033,1.0010106022876
176,"rand=1-1_rate=2_ROB=LH_Bias=Rct20_NRE20-35","1-1",2,"LH","Rct20_NRE20-35",0.182321556793955,0.182321556793955,0.182321556793955,0.182321556793955,0.182321556793955,0.300104592450338,0.225222190251244,0.225222190251244,-0.0213452472022826,TRUE,0.515074689614737,1.00098936280238,-0.118983556229308,TRUE,0.351746075184885,1.00098625538427,-0.178804891860112,TRUE,0.749120530846494,1.00101310543133,-0.0961355744731482,TRUE,0.446103816575436,1.00098613271509
177,"rand=1-1_rate=2_ROB=LH_Bias=Rct20_NRE20-35","1-1",2,"LH","Rct20_NRE20-35",0.182321556793955,0.182321556793955,0.182321556793955,0.182321556793955,0.182321556793955,0.300104592450338,0.214210950029879,0.214210950029879,0.0921260471343963,TRUE,0.50494672799304,1.00106344402009,-0.075824655998207,TRUE,0.482854009747004,1.00105752473763,0.0666195072945012,TRUE,0.554686567583846,1.00100291633696,-0.166348310519571,TRUE,0.819704208474638,1.00098807419155
178,"rand=1-1_rate=2_ROB=LH_Bias=Rct20_NRE20-35","1-1",2,"LH","Rct20_NRE20-35",0.182321556793955,0.182321556793955,0.182321556793955,0.182321556793955,0.182321556793955,0.300104592450338,0.211817861391235,0.211817861391235,-0.240390390699425,TRUE,0.764824050272921,1.00102038077982,-0.229670068906224,TRUE,0.535895708415736,1.00102315018245,-0.202439667344398,TRUE,0.887122149357237,1.00099486824974,-0.248166372823629,TRUE,0.782461153688199,1.00099120630267
179,"rand=1-1_rate=2_ROB=LH_Bias=Rct20_NRE20-35","1-1",2,"LH","Rct20_NRE20-35",0.182321556793955,0.182321556793955,0.182321556793955,0.182321556793955,0.182321556793955,0.300104592450338,0.209477379091367,0.209477379091367,-0.311728411814434,FALSE,0.592164881322593,1.00099229192166,-0.275542541410648,FALSE,0.307135727112997,1.00110073515395,-0.552237366960707,FALSE,1.08927051501518,1.00098601643806,-0.22146240601459,FALSE,0.288217760205527,1.00103131932511
180,"rand=1-1_rate=2_ROB=LH_Bias=Rct20_NRE20-35","1-1",2,"LH","Rct20_NRE20-35",0.182321556793955,0.182321556793955,0.182321556793955,0.182321556793955,0.182321556793955,0.300104592450338,0.213785871712891,0.213785871712891,-0.480739858649756,FALSE,0.86569556623262,1.00098832128194,-0.266556842741759,FALSE,0.468168199400095,1.00098894977016,-0.499723375494587,FALSE,0.954917099626839,1.00127065585154,-0.177199550933855,TRUE,0.571024700237432,1.00098599005294
181,"rand=1-1_rate=2_ROB=LH_Bias=Rct20_NRE20-35","1-1",2,"LH","Rct20_NRE20-35",0.182321556793955,0.182321556793955,0.182321556793955,0.182321556793955,0.182321556793955,0.300104592450338,0.214205486384514,0.214205486384514,-0.11373657153068,TRUE,0.618716767342125,1.00114178304004,-0.28942965409825,FALSE,0.494059052156622,1.00099294440837,-0.0134982148867442,TRUE,0.566648039782142,1.00099047764158,-0.452780758373959,FALSE,0.805744940639024,1.00098605247823
182,"rand=1-1_rate=2_ROB=LH_Bias=Rct20_NRE20-35","1-1",2,"LH","Rct20_NRE20-35",0.182321556793955,0.182321556793955,0.182321556793955,0.182321556793955,0.182321556793955,0.300104592450338,0.218018906737883,0.218018906737883,-0.152423169154706,TRUE,0.697304254221602,1.00098667231457,-0.199106271393981,TRUE,0.495186207456407,1.00109968086896,-0.159013612728986,TRUE,0.851230090322882,1.00102613574729,-0.217817545612228,TRUE,0.71498203856899,1.00099291348281
183,"rand=1-1_rate=2_ROB=LH_Bias=Rct20_NRE20-35","1-1",2,"LH","Rct20_NRE20-35",0.182321556793955,0.182321556793955,0.182321556793955,0.182321556793955,0.182321556793955,0.300104592450338,0.217548154847108,0.217548154847108,-0.313264660229357,FALSE,0.727056019469662,1.00098624404744,-0.34657697838828,FALSE,0.46585754128843,1.00098599306726,-0.553152239639026,FALSE,1.220349208376,1.0010318920286,-0.279160778900533,FALSE,0.515218409988597,1.00098738998053
184,"rand=1-1_rate=2_ROB=LH_Bias=Rct20_NRE20-35","1-1",2,"LH","Rct20_NRE20-35",0.182321556793955,0.182321556793955,0.182321556793955,0.182321556793955,0.182321556793955,0.300104592450338,0.211248194389153,0.211248194389153,-0.408458673617783,FALSE,0.764721718302539,1.00099613762253,-0.363427588498687,FALSE,0.485503349617645,1.00100220683284,-0.405141601119031,FALSE,0.965614109737161,1.00099214982647,-0.347899102589888,FALSE,0.635065423619335,1.00101733270406
185,"rand=1-1_rate=2_ROB=LH_Bias=Rct20_NRE20-35","1-1",2,"LH","Rct20_NRE20-35",0.182321556793955,0.182321556793955,0.182321556793955,0.182321556793955,0.182321556793955,0.300104592450338,0.220296214729529,0.220296214729529,-0.3200711540501,FALSE,0.607926788803971,1.00099686976543,-0.319736939851476,FALSE,0.337030017915878,1.00099630683204,-0.249038579827376,TRUE,0.748097213890768,1.00101998475106,-0.338157087067303,FALSE,0.414561124047274,1.00101407505393
186,"rand=1-1_rate=2_ROB=LH_Bias=Rct20_NRE20-35","1-1",2,"LH","Rct20_NRE20-35",0.182321556793955,0.182321556793955,0.182321556793955,0.182321556793955,0.182321556793955,0.300104592450338,0.194021564786113,0.194021564786113,-0.284928896804347,TRUE,0.714203161636425,1.00098602663635,-0.270372550826816,FALSE,0.470788695620077,1.00099148553881,-0.133052774154087,TRUE,0.65793985087755,1.00121599888909,-0.334678084351029,FALSE,0.723065124385962,1.0009914122033
187,"rand=1-1_rate=2_ROB=LH_Bias=Rct20_NRE20-35","1-1",2,"LH","Rct20_NRE20-35",0.182321556793955,0.182321556793955,0.182321556793955,0.182321556793955,0.182321556793955,0.300104592450338,0.212987197663148,0.212987197663148,-0.364183226311741,FALSE,0.643519721966236,1.00118381920731,-0.445700276620401,FALSE,0.400015336023452,1.00099590954054,-0.2662078168264,TRUE,0.714058314547873,1.00098599629609,-0.505250637698028,FALSE,0.52571630257246,1.00098642784565
188,"rand=1-1_rate=2_ROB=LH_Bias=Rct20_NRE20-35","1-1",2,"LH","Rct20_NRE20-35",0.182321556793955,0.182321556793955,0.182321556793955,0.182321556793955,0.182321556793955,0.300104592450338,0.233326345215681,0.233326345215681,-0.525637146684968,FALSE,0.784524574716764,1.00105463443397,-0.374703180321193,FALSE,0.46234862737692,1.0009936740139,-0.17625036057885,TRUE,0.715607662373374,1.00103280592755,-0.472591115476335,FALSE,0.648810563597481,1.0010106776343
189,"rand=1-1_rate=2_ROB=LH_Bias=Rct20_NRE20-35","1-1",2,"LH","Rct20_NRE20-35",0.182321556793955,0.182321556793955,0.182321556793955,0.182321556793955,0.182321556793955,0.300104592450338,0.205780546349727,0.205780546349727,-0.245166313283376,TRUE,0.592943963890044,1.00098601621528,-0.234538431315031,FALSE,0.344038478255675,1.00102360209461,-0.360330548891039,FALSE,0.799931222588929,1.00100314031538,-0.201721516428168,FALSE,0.427062183561933,1.00098954875001
190,"rand=1-1_rate=2_ROB=LH_Bias=Rct20_NRE20-35","1-1",2,"LH","Rct20_NRE20-35",0.182321556793955,0.182321556793955,0.182321556793955,0.182321556793955,0.182321556793955,0.300104592450338,0.200291111638942,0.200291111638942,-0.135663309204008,TRUE,0.647259680896736,1.00099235902628,-0.16459245314953,TRUE,0.429743534380333,1.00105840643972,-0.244104066610163,TRUE,0.854824240566466,1.00098604789509,-0.128184891344783,TRUE,0.567307515045648,1.00116051921772
191,"rand=1-1_rate=2_ROB=LH_Bias=Rct20_NRE20-35","1-1",2,"LH","Rct20_NRE20-35",0.182321556793955,0.182321556793955,0.182321556793955,0.182321556793955,0.182321556793955,0.300104592450338,0.201085398982952,0.201085398982952,-0.373424921672451,FALSE,0.815549928531308,1.00099120620976,-0.288761720079102,FALSE,0.587687205549322,1.00102253152546,-0.481870377692314,FALSE,0.799847964420302,1.00126848754555,-0.190134076447057,TRUE,0.911482304372488,1.00098891238988
192,"rand=1-1_rate=2_ROB=LH_Bias=Rct20_NRE20-35","1-1",2,"LH","Rct20_NRE20-35",0.182321556793955,0.182321556793955,0.182321556793955,0.182321556793955,0.182321556793955,0.300104592450338,0.200796070006048,0.200796070006048,-0.153190076258174,TRUE,0.632075002904513,1.001101991962,-0.168685344234311,TRUE,0.40006318343443,1.00110869419604,-0.0835020702824201,TRUE,0.76357676987808,1.00104874689943,-0.204897783132446,TRUE,0.531455178439877,1.00101379651864
193,"rand=1-1_rate=2_ROB=LH_Bias=Rct20_NRE20-35","1-1",2,"LH","Rct20_NRE20-35",0.182321556793955,0.182321556793955,0.182321556793955,0.182321556793955,0.182321556793955,0.300104592450338,0.218819322849243,0.218819322849243,-0.182001132373388,TRUE,0.581088745154967,1.0009947850058,-0.276987340938096,FALSE,0.399026669839003,1.00099422295327,-0.163618089023649,TRUE,0.724249492807203,1.00102190650789,-0.318497736695994,FALSE,0.530314899343528,1.00100337212483
194,"rand=1-1_rate=2_ROB=LH_Bias=Rct20_NRE20-35","1-1",2,"LH","Rct20_NRE20-35",0.182321556793955,0.182321556793955,0.182321556793955,0.182321556793955,0.182321556793955,0.300104592450338,0.202046974056293,0.202046974056293,0.0319496757492159,TRUE,0.439729277016665,1.00102530109191,-0.100819760783669,TRUE,0.332572191260827,1.00098993540492,-0.131438592940859,TRUE,0.8545397291329,1.00124782177579,-0.0930479637743389,TRUE,0.392321179746307,1.00103163417648
195,"rand=1-1_rate=2_ROB=LH_Bias=Rct20_NRE20-35","1-1",2,"LH","Rct20_NRE20-35",0.182321556793955,0.182321556793955,0.182321556793955,0.182321556793955,0.182321556793955,0.300104592450338,0.216302644268958,0.216302644268958,-0.0885407443709727,TRUE,0.711685143581037,1.00113509826624,-0.195530597822407,TRUE,0.574852810219707,1.00100797720435,-0.163761938389186,TRUE,0.810100677540885,1.00098827712027,-0.202071178150775,TRUE,0.911980208615731,1.00099198006114
196,"rand=1-1_rate=2_ROB=LH_Bias=Rct20_NRE20-35","1-1",2,"LH","Rct20_NRE20-35",0.182321556793955,0.182321556793955,0.182321556793955,0.182321556793955,0.182321556793955,0.300104592450338,0.212205185139125,0.212205185139125,-0.136982392803574,TRUE,0.544353231724126,1.00121921769765,-0.209569203771477,FALSE,0.351609416872375,1.00101993242105,-0.315929157139378,TRUE,0.791221854980182,1.00101061292166,-0.178842732546497,TRUE,0.435791023287328,1.00098599003483
197,"rand=1-1_rate=2_ROB=LH_Bias=Rct20_NRE20-35","1-1",2,"LH","Rct20_NRE20-35",0.182321556793955,0.182321556793955,0.182321556793955,0.182321556793955,0.182321556793955,0.300104592450338,0.2114207416144,0.2114207416144,-0.199527177752003,TRUE,0.531845737891597,1.00098673891013,-0.221382158245271,FALSE,0.304281132742843,1.00102959722725,-0.307250400482983,TRUE,0.721557652479505,1.00099413984164,-0.200855433296671,FALSE,0.369486773664856,1.00098745142073
198,"rand=1-1_rate=2_ROB=LH_Bias=Rct20_NRE20-35","1-1",2,"LH","Rct20_NRE20-35",0.182321556793955,0.182321556793955,0.182321556793955,0.182321556793955,0.182321556793955,0.300104592450338,0.234644884389715,0.234644884389715,-0.239565876190187,TRUE,0.589405483434484,1.00101690755246,-0.191544533928765,FALSE,0.339549170726198,1.00103954884307,-0.231914072933117,TRUE,0.670134095045408,1.00098866380062,-0.179428303963887,TRUE,0.460453897731983,1.00098740607201
199,"rand=1-1_rate=2_ROB=LH_Bias=Rct20_NRE20-35","1-1",2,"LH","Rct20_NRE20-35",0.182321556793955,0.182321556793955,0.182321556793955,0.182321556793955,0.182321556793955,0.300104592450338,0.222052053928523,0.222052053928523,-0.222428357011824,TRUE,0.585206726667624,1.00098602118453,-0.280888198568489,FALSE,0.376773637435974,1.00099574422197,-0.182166356813859,TRUE,0.618728682056912,1.00099726747347,-0.317893761551963,FALSE,0.546178369595468,1.00100553702051
200,"rand=1-1_rate=2_ROB=LH_Bias=Rct20_NRE20-35","1-1",2,"LH","Rct20_NRE20-35",0.182321556793955,0.182321556793955,0.182321556793955,0.182321556793955,0.182321556793955,0.300104592450338,0.217524625777972,0.217524625777972,-0.230076644571866,TRUE,0.553984209946772,1.00102578580847,-0.208512739296273,FALSE,0.304238130485657,1.00099336178665,-0.270066507382546,TRUE,0.718449844388738,1.00098661784,-0.194435746658328,FALSE,0.378490478508688,1.00100555784437
201,"rand=1-1_rate=2_ROB=LH_Bias=Rct20_NRE20-35","1-1",2,"LH","Rct20_NRE20-35",0.182321556793955,0.182321556793955,0.182321556793955,0.182321556793955,0.182321556793955,0.300104592450338,0.205606889229438,0.205606889229438,-0.1738465183736,TRUE,0.537762820705151,1.00107231469049,-0.229586099229228,FALSE,0.330892117449775,1.00099245662248,-0.315131503174262,TRUE,0.843154011409508,1.00114193493712,-0.205628132264757,FALSE,0.389626377142706,1.00098773915726
202,"rand=1-1_rate=2_ROB=LH_Bias=Rct20_NRE20-35","1-1",2,"LH","Rct20_NRE20-35",0.182321556793955,0.182321556793955,0.182321556793955,0.182321556793955,0.182321556793955,0.300104592450338,0.206126719513262,0.206126719513262,-0.219621506204749,TRUE,0.607864356663657,1.0009947347953,-0.311608066555081,FALSE,0.399247536531453,1.00100257481853,-0.416236428682642,FALSE,0.815386087741239,1.00101092300325,-0.273697874309236,FALSE,0.522235412474315,1.00102219120591
203,"rand=1-1_rate=2_ROB=LH_Bias=Rct20_NRE20-35","1-1",2,"LH","Rct20_NRE20-35",0.182321556793955,0.182321556793955,0.182321556793955,0.182321556793955,0.182321556793955,0.300104592450338,0.20853078023534,0.20853078023534,-0.0158449712707189,TRUE,0.429245011037693,1.00101720981087,-0.164621132187885,FALSE,0.305010550301987,1.00101624626619,-0.0100640263357494,TRUE,0.57483934819568,1.0009985986759,-0.20625750825714,FALSE,0.405690054429564,1.00098603962402
204,"rand=1-1_rate=2_ROB=LH_Bias=Rct20_NRE20-35","1-1",2,"LH","Rct20_NRE20-35",0.182321556793955,0.182321556793955,0.182321556793955,0.182321556793955,0.182321556793955,0.300104592450338,0.219013171677411,0.219013171677411,-0.154652470210537,TRUE,0.702378445100175,1.00106562722007,-0.14702420317894,TRUE,0.462635116983554,1.00098811156948,-0.155346381441819,TRUE,0.764860327068372,1.00099859050362,-0.152515268499181,TRUE,0.665717632322139,1.00098632128592
205,"rand=1-1_rate=2_ROB=LH_Bias=Rct20_NRE20-35","1-1",2,"LH","Rct20_NRE20-35",0.182321556793955,0.182321556793955,0.182321556793955,0.182321556793955,0.182321556793955,0.300104592450338,0.206732175931687,0.206732175931687,-0.17294267589239,TRUE,0.512368223081495,1.00110633256333,-0.270504898665305,FALSE,0.332299524804674,1.00098842892705,-0.119071309255618,TRUE,0.656048654008879,1.00123655679461,-0.314900483611696,FALSE,0.422653665978338,1.00099338330422
206,"rand=1-1_rate=2_ROB=LH_Bias=Rct20_NRE20-35","1-1",2,"LH","Rct20_NRE20-35",0.182321556793955,0.182321556793955,0.182321556793955,0.182321556793955,0.182321556793955,0.300104592450338,0.195601037169945,0.195601037169945,-0.357582066444417,FALSE,0.766208294646017,1.00101994586121,-0.181246086951058,TRUE,0.448561963135976,1.00100032240508,-0.370550877513978,FALSE,0.771376723035013,1.00098607439557,-0.113037761133987,TRUE,0.613885042094606,1.0009937449787
207,"rand=1-1_rate=2_ROB=LH_Bias=Rct20_NRE20-35","1-1",2,"LH","Rct20_NRE20-35",0.182321556793955,0.182321556793955,0.182321556793955,0.182321556793955,0.182321556793955,0.300104592450338,0.208853863334221,0.208853863334221,-0.21368598975447,TRUE,0.665224961749381,1.00099910053174,-0.200719564322351,FALSE,0.423941884655249,1.00098780748876,-0.123751905188357,TRUE,0.711706480592681,1.00103024870084,-0.238874064192685,TRUE,0.597149856100031,1.00098739389845
208,"rand=1-1_rate=2_ROB=LH_Bias=Rct20_NRE20-35","1-1",2,"LH","Rct20_NRE20-35",0.182321556793955,0.182321556793955,0.182321556793955,0.182321556793955,0.182321556793955,0.300104592450338,0.198309855078225,0.198309855078225,-0.306994050081814,TRUE,0.767226116929745,1.00099885358777,-0.203884989476529,TRUE,0.475180654155029,1.00098599981127,-0.101238864032638,TRUE,0.750736441514981,1.00110033927464,-0.255168997267107,TRUE,0.688662724246565,1.00099073066752
209,"rand=1-1_rate=2_ROB=LH_Bias=Rct20_NRE20-35","1-1",2,"LH","Rct20_NRE20-35",0.182321556793955,0.182321556793955,0.182321556793955,0.182321556793955,0.182321556793955,0.300104592450338,0.232839522168947,0.232839522168947,-0.247535127613851,TRUE,0.686041581881153,1.00098599546429,-0.314747266468341,FALSE,0.456463886772834,1.00099911875808,-0.120000087814911,TRUE,0.813609113193733,1.00098602549296,-0.402931603754071,FALSE,0.595155733584606,1.00106768793761
210,"rand=1-1_rate=2_ROB=LH_Bias=Rct20_NRE20-35","1-1",2,"LH","Rct20_NRE20-35",0.182321556793955,0.182321556793955,0.182321556793955,0.182321556793955,0.182321556793955,0.300104592450338,0.220326403630516,0.220326403630516,-0.169271757842918,TRUE,0.606798214415729,1.00098689327257,-0.303035142099197,FALSE,0.44882497814653,1.00099836154131,-0.026076931288302,TRUE,0.706327084087517,1.00106103678381,-0.417292641113449,FALSE,0.584552415061095,1.00100033975422
211,"rand=1-1_rate=2_ROB=LH_Bias=Rct20_NRE20-35","1-1",2,"LH","Rct20_NRE20-35",0.182321556793955,0.182321556793955,0.182321556793955,0.182321556793955,0.182321556793955,0.300104592450338,0.217589423539246,0.217589423539246,-0.234268396340185,TRUE,0.613058158606218,1.00102786660327,-0.269716871102429,FALSE,0.364823741631227,1.00105482434615,-0.307517636803205,TRUE,0.840729856098326,1.00099754632603,-0.256437203592826,FALSE,0.448404521990039,1.00100470636487
212,"rand=1-1_rate=2_ROB=LH_Bias=Rct20_NRE20-35","1-1",2,"LH","Rct20_NRE20-35",0.182321556793955,0.182321556793955,0.182321556793955,0.182321556793955,0.182321556793955,0.300104592450338,0.181822969063067,0.181822969063067,-0.40951700605745,FALSE,0.825150596926904,1.00098879287323,-0.41761519521615,FALSE,0.549944770221169,1.00098680800241,-0.293209038636833,TRUE,0.791556136687313,1.00118291140564,-0.478158477477181,FALSE,0.838837387052909,1.00099008545341
213,"rand=1-1_rate=2_ROB=LH_Bias=Rct20_NRE20-35","1-1",2,"LH","Rct20_NRE20-35",0.182321556793955,0.182321556793955,0.182321556793955,0.182321556793955,0.182321556793955,0.300104592450338,0.204527532478493,0.204527532478493,-0.261651177223897,FALSE,0.520274367172416,1.001068761241,-0.326695344062784,FALSE,0.276608785395307,1.00098704262046,-0.158929112007058,TRUE,0.610552332656921,1.00113949493219,-0.358605138556954,FALSE,0.339761796322199,1.00100156375051
214,"rand=1-1_rate=2_ROB=LH_Bias=Rct20_NRE20-35","1-1",2,"LH","Rct20_NRE20-35",0.182321556793955,0.182321556793955,0.182321556793955,0.182321556793955,0.182321556793955,0.300104592450338,0.22728453820277,0.22728453820277,-0.285923887347408,FALSE,0.609418107531169,1.00115494703263,-0.469809139556857,FALSE,0.463504145297947,1.00103411719048,-0.348534502558708,FALSE,0.793926923408723,1.00286910635184,-0.510955669451829,FALSE,0.645776667741112,1.00103578411429
215,"rand=1-1_rate=2_ROB=LH_Bias=Rct20_NRE20-35","1-1",2,"LH","Rct20_NRE20-35",0.182321556793955,0.182321556793955,0.182321556793955,0.182321556793955,0.182321556793955,0.300104592450338,0.205133812114361,0.205133812114361,-0.233125615021051,TRUE,0.594027111001288,1.00098599029606,-0.258131853303026,FALSE,0.351189056550909,1.0009875350911,-0.164582230123504,TRUE,0.699857477131309,1.00099902264967,-0.286104452931906,FALSE,0.445771280950017,1.00099201132524
216,"rand=1-1_rate=2_ROB=LH_Bias=Rct20_NRE20-35","1-1",2,"LH","Rct20_NRE20-35",0.182321556793955,0.182321556793955,0.182321556793955,0.182321556793955,0.182321556793955,0.300104592450338,0.204561471353689,0.204561471353689,-0.19831782166784,TRUE,0.648017085839344,1.00098913661594,-0.206730273516016,FALSE,0.400508832581652,1.00099208659782,-0.152792664102539,TRUE,0.820779426605664,1.00099748877415,-0.226119647413558,TRUE,0.518718291018364,1.00099881242215
217,"rand=1-1_rate=2_ROB=LH_Bias=Rct20_NRE20-35","1-1",2,"LH","Rct20_NRE20-35",0.182321556793955,0.182321556793955,0.182321556793955,0.182321556793955,0.182321556793955,0.300104592450338,0.216317406057968,0.216317406057968,-0.0880554607966413,TRUE,0.549836497198946,1.00105498645591,-0.144936221463856,TRUE,0.360658547117476,1.00098647648198,-0.0334585770000717,TRUE,0.720422309050244,1.00122386096041,-0.184350935438103,TRUE,0.457887984289616,1.00099072977001
218,"rand=1-1_rate=2_ROB=LH_Bias=Rct20_NRE20-35","1-1",2,"LH","Rct20_NRE20-35",0.182321556793955,0.182321556793955,0.182321556793955,0.182321556793955,0.182321556793955,0.300104592450338,0.215666944095777,0.215666944095777,-0.217908285784961,TRUE,0.66183078758838,1.00101649412441,-0.368750548803879,FALSE,0.524701721801488,1.00099425558795,-0.277363087337892,TRUE,1.07936837537868,1.00114223511893,-0.41241054191591,FALSE,0.677013387685977,1.00098608110762
219,"rand=1-1_rate=2_ROB=LH_Bias=Rct20_NRE20-35","1-1",2,"LH","Rct20_NRE20-35",0.182321556793955,0.182321556793955,0.182321556793955,0.182321556793955,0.182321556793955,0.300104592450338,0.210723945708058,0.210723945708058,-0.197816623618689,TRUE,0.554626070213616,1.0010057078097,-0.386961531764268,FALSE,0.450777972589236,1.00107520466178,-0.358437779269978,TRUE,1.02114822588505,1.00099445168509,-0.396637578546843,FALSE,0.557022509704078,1.00100017479335
220,"rand=1-1_rate=2_ROB=LH_Bias=Rct20_NRE20-35","1-1",2,"LH","Rct20_NRE20-35",0.182321556793955,0.182321556793955,0.182321556793955,0.182321556793955,0.182321556793955,0.300104592450338,0.204827238175016,0.204827238175016,-0.434649817638254,FALSE,0.79313857338412,1.00133942082539,-0.463368929527878,FALSE,0.535752970681085,1.00100450186947,-0.504222043460354,FALSE,0.866691338602751,1.00108851327205,-0.451817891948068,FALSE,0.791239077994768,1.00099430625122
221,"rand=1-1_rate=2_ROB=LH_Bias=Rct20_NRE20-35","1-1",2,"LH","Rct20_NRE20-35",0.182321556793955,0.182321556793955,0.182321556793955,0.182321556793955,0.182321556793955,0.300104592450338,0.214092486872877,0.214092486872877,-0.181149402384893,TRUE,0.581576236737454,1.00155228382197,-0.208867853099046,FALSE,0.364010511165667,1.00099507564226,-0.262185285767831,TRUE,0.704555290059304,1.00114972490838,-0.187919494000042,TRUE,0.48919768765668,1.00111498430763
222,"rand=1-1_rate=2_ROB=LH_Bias=Rct20_NRE20-35","1-1",2,"LH","Rct20_NRE20-35",0.182321556793955,0.182321556793955,0.182321556793955,0.182321556793955,0.182321556793955,0.300104592450338,0.203354663864001,0.203354663864001,-0.243383576435433,TRUE,0.716526911751013,1.00103187421744,-0.128429669781051,TRUE,0.409590020776194,1.00099264137466,-0.217442300292843,TRUE,0.797676037780994,1.0009860751835,-0.0920688946137886,TRUE,0.542931613115715,1.00098715293629
223,"rand=1-1_rate=2_ROB=LH_Bias=Rct20_NRE20-35","1-1",2,"LH","Rct20_NRE20-35",0.182321556793955,0.182321556793955,0.182321556793955,0.182321556793955,0.182321556793955,0.300104592450338,0.212537696084239,0.212537696084239,-0.179093727587825,TRUE,0.479446290138526,1.00098608584549,-0.336042689468367,FALSE,0.345805434314184,1.00098754060641,-0.235344958540451,TRUE,0.831882587154674,1.00098846608097,-0.363541689046016,FALSE,0.410987357940289,1.00098771973196
224,"rand=1-1_rate=2_ROB=LH_Bias=Rct20_NRE20-35","1-1",2,"LH","Rct20_NRE20-35",0.182321556793955,0.182321556793955,0.182321556793955,0.182321556793955,0.182321556793955,0.300104592450338,0.214488083045007,0.214488083045007,-0.162194401356539,TRUE,0.594635254743227,1.00124130907214,-0.134631115970644,TRUE,0.364501150278695,1.00098736590974,0.00936048495984909,TRUE,0.561086459189733,1.00166565509794,-0.196354318796688,TRUE,0.514126102821553,1.00099165767974
225,"rand=1-1_rate=2_ROB=LH_Bias=Rct20_NRE20-35","1-1",2,"LH","Rct20_NRE20-35",0.182321556793955,0.182321556793955,0.182321556793955,0.182321556793955,0.182321556793955,0.300104592450338,0.217838116129047,0.217838116129047,-0.279136482070754,FALSE,0.571802872109429,1.00117537703152,-0.408177473958882,FALSE,0.35929254133657,1.00107771427641,-0.284224533935058,TRUE,0.718281830207921,1.00104334759818,-0.446333064908873,FALSE,0.465051786238775,1.0010072300812
226,"rand=1-1_rate=2_ROB=LH_Bias=Rct20_NRE20-35","1-1",2,"LH","Rct20_NRE20-35",0.182321556793955,0.182321556793955,0.182321556793955,0.182321556793955,0.182321556793955,0.300104592450338,0.217153829067529,0.217153829067529,-0.458493668563717,FALSE,0.805906052743848,1.00104921432693,-0.534958595409008,FALSE,0.552948745292677,1.00116119240182,-0.629003859894815,FALSE,0.923365914418881,1.00118299974184,-0.492530515687849,FALSE,0.778982424838658,1.00104352570086
227,"rand=1-1_rate=2_ROB=LH_Bias=Rct20_NRE20-35","1-1",2,"LH","Rct20_NRE20-35",0.182321556793955,0.182321556793955,0.182321556793955,0.182321556793955,0.182321556793955,0.300104592450338,0.225035285136419,0.225035285136419,-0.123694445142908,TRUE,0.568038637005765,1.00139672771702,-0.156634818419409,TRUE,0.362240975642406,1.00099156280387,-0.223227354557676,TRUE,0.659910806335653,1.00171112110956,-0.140374998467472,TRUE,0.506753405764158,1.00098621058167
228,"rand=1-1_rate=2_ROB=LH_Bias=Rct20_NRE20-35","1-1",2,"LH","Rct20_NRE20-35",0.182321556793955,0.182321556793955,0.182321556793955,0.182321556793955,0.182321556793955,0.300104592450338,0.214468290084341,0.214468290084341,-0.0857158972984267,TRUE,0.534028957683387,1.00099081374574,-0.18515668757791,FALSE,0.372368357265803,1.00099072686966,-0.0188099935095014,TRUE,0.554386950175147,1.00137507550578,-0.251385262602893,FALSE,0.533075319948051,1.00098688871195
229,"rand=1-1_rate=2_ROB=LH_Bias=Rct20_NRE20-35","1-1",2,"LH","Rct20_NRE20-35",0.182321556793955,0.182321556793955,0.182321556793955,0.182321556793955,0.182321556793955,0.300104592450338,0.20557241577573,0.20557241577573,-0.223132853013901,TRUE,0.67175666539652,1.00105889261364,-0.228561664800352,FALSE,0.440169040588559,1.00111892161901,-0.249752834854738,TRUE,0.836952323920829,1.00098616176066,-0.216941559613401,TRUE,0.593788426412849,1.00100529910253
230,"rand=1-1_rate=2_ROB=LH_Bias=Rct20_NRE20-35","1-1",2,"LH","Rct20_NRE20-35",0.182321556793955,0.182321556793955,0.182321556793955,0.182321556793955,0.182321556793955,0.300104592450338,0.220540160889156,0.220540160889156,-0.188170499988206,TRUE,0.684568560146408,1.00101113916474,-0.17086626621584,TRUE,0.418192416702977,1.00100707876738,-0.0438773046466383,TRUE,0.8452584485444,1.00101936945534,-0.225255106073969,TRUE,0.540613091405069,1.00110193297736
231,"rand=1-1_rate=2_ROB=LH_Bias=Rct20_NRE20-35","1-1",2,"LH","Rct20_NRE20-35",0.182321556793955,0.182321556793955,0.182321556793955,0.182321556793955,0.182321556793955,0.300104592450338,0.199510389313927,0.199510389313927,-0.00344955184542273,TRUE,0.471885632329492,1.00114025219405,-0.0528220548391898,TRUE,0.290421671866451,1.00098629475255,0.00984083781175804,TRUE,0.628049824624552,1.0010791387066,-0.0705416422364933,TRUE,0.370709447086886,1.0009860845777
232,"rand=1-1_rate=2_ROB=LH_Bias=Rct20_NRE20-35","1-1",2,"LH","Rct20_NRE20-35",0.182321556793955,0.182321556793955,0.182321556793955,0.182321556793955,0.182321556793955,0.300104592450338,0.212799276129989,0.212799276129989,-0.0863359152207199,TRUE,0.611547406243745,1.00100431906439,-0.153034170373175,TRUE,0.49882797249593,1.0010375192422,-0.120208507355637,TRUE,0.606035778961084,1.0011002725683,-0.173196762918552,TRUE,0.823824730309999,1.00098599851582
233,"rand=1-1_rate=2_ROB=LH_Bias=Rct20_NRE20-35","1-1",2,"LH","Rct20_NRE20-35",0.182321556793955,0.182321556793955,0.182321556793955,0.182321556793955,0.182321556793955,0.300104592450338,0.213314139464496,0.213314139464496,-0.23696226046986,TRUE,0.60798869012806,1.00104732749134,-0.355708003368968,FALSE,0.420306461334677,1.00099669756878,-0.301726393676663,TRUE,1.00482460989505,1.00098715240303,-0.378951771550504,FALSE,0.513545747408071,1.00100697304773
234,"rand=1-1_rate=2_ROB=LH_Bias=Rct20_NRE20-35","1-1",2,"LH","Rct20_NRE20-35",0.182321556793955,0.182321556793955,0.182321556793955,0.182321556793955,0.182321556793955,0.300104592450338,0.230239526052843,0.230239526052843,-0.223875534746832,TRUE,0.682853071342204,1.00102784302086,-0.300621332646778,FALSE,0.491314411688967,1.00100643431422,-0.127193978082113,TRUE,0.950421699221317,1.00113493825946,-0.381930709066272,FALSE,0.62348313182612,1.0009944154246
235,"rand=1-1_rate=2_ROB=LH_Bias=Rct20_NRE20-35","1-1",2,"LH","Rct20_NRE20-35",0.182321556793955,0.182321556793955,0.182321556793955,0.182321556793955,0.182321556793955,0.300104592450338,0.215192489406693,0.215192489406693,-0.271027975649249,FALSE,0.523889637647303,1.00129866547186,-0.452096709216568,FALSE,0.419865669085163,1.00098799359424,-0.333686695254736,TRUE,0.90940499266531,1.00100967286584,-0.487545160432342,FALSE,0.52119749662587,1.00108462038597
236,"rand=1-1_rate=2_ROB=LH_Bias=Rct20_NRE20-35","1-1",2,"LH","Rct20_NRE20-35",0.182321556793955,0.182321556793955,0.182321556793955,0.182321556793955,0.182321556793955,0.300104592450338,0.190003100450395,0.190003100450395,-0.239690192241244,TRUE,0.6200739038835,1.0010765946442,-0.162504714410281,TRUE,0.380680198870724,1.00098710744155,-0.236173606370119,TRUE,0.780376733111469,1.00100769791586,-0.133132806887369,TRUE,0.488699774819522,1.00099954137551
237,"rand=1-1_rate=2_ROB=LH_Bias=Rct20_NRE20-35","1-1",2,"LH","Rct20_NRE20-35",0.182321556793955,0.182321556793955,0.182321556793955,0.182321556793955,0.182321556793955,0.300104592450338,0.207923107565126,0.207923107565126,-0.304811272013009,TRUE,0.744557928509056,1.00100654995942,-0.286829576157476,FALSE,0.465444688953494,1.00101954346347,-0.246070287985799,TRUE,0.918340884005489,1.00098803611801,-0.303310964112001,FALSE,0.618951867759038,1.00105454840414
238,"rand=1-1_rate=2_ROB=LH_Bias=Rct20_NRE20-35","1-1",2,"LH","Rct20_NRE20-35",0.182321556793955,0.182321556793955,0.182321556793955,0.182321556793955,0.182321556793955,0.300104592450338,0.223601967854029,0.223601967854029,-0.233277213931797,TRUE,0.628267492202485,1.00111740824184,-0.207678532214779,FALSE,0.370983972190424,1.00111552999948,-0.293945144286947,TRUE,0.830456988381414,1.00138861418333,-0.180581936908909,TRUE,0.455524281314339,1.00102706751605
239,"rand=1-1_rate=2_ROB=LH_Bias=Rct20_NRE20-35","1-1",2,"LH","Rct20_NRE20-35",0.182321556793955,0.182321556793955,0.182321556793955,0.182321556793955,0.182321556793955,0.300104592450338,0.210042157465901,0.210042157465901,-0.270873332033111,TRUE,0.750181166060099,1.00098791058913,-0.305299234412901,FALSE,0.560661164048421,1.00099663492955,-0.370516645170726,FALSE,0.792210210633102,1.00113197941442,-0.268084336260246,TRUE,0.871864665616088,1.00098814087108
240,"rand=1-1_rate=2_ROB=LH_Bias=Rct20_NRE20-35","1-1",2,"LH","Rct20_NRE20-35",0.182321556793955,0.182321556793955,0.182321556793955,0.182321556793955,0.182321556793955,0.300104592450338,0.213690071102048,0.213690071102048,-0.0171619139317307,TRUE,0.588164384658629,1.00099042831187,-0.0673469997120781,TRUE,0.399183281216464,1.00099392937581,-0.119851506458281,TRUE,0.833510230727409,1.0010130078923,-0.0444792801817835,TRUE,0.516727279316519,1.00098932052462
241,"rand=1-1_rate=2_ROB=LH_Bias=Rct20_NRE20-35","1-1",2,"LH","Rct20_NRE20-35",0.182321556793955,0.182321556793955,0.182321556793955,0.182321556793955,0.182321556793955,0.300104592450338,0.213707538063109,0.213707538063109,-0.208903223827102,TRUE,0.625909105703369,1.0010014406635,-0.265118431151678,FALSE,0.42984250810797,1.00098615739853,-0.330108212374615,TRUE,0.790731001592624,1.00119833879601,-0.244249811371964,TRUE,0.583558977999501,1.00103046592717
242,"rand=1-1_rate=2_ROB=LH_Bias=Rct20_NRE20-35","1-1",2,"LH","Rct20_NRE20-35",0.182321556793955,0.182321556793955,0.182321556793955,0.182321556793955,0.182321556793955,0.300104592450338,0.219219737200475,0.219219737200475,-0.220296317905236,TRUE,0.656357592803594,1.00098600100724,-0.261522222416456,FALSE,0.417400879387431,1.00105349936134,-0.257052600689816,TRUE,0.996216907657872,1.00109788676652,-0.263207599757217,FALSE,0.508098586074437,1.00099683700699
243,"rand=1-1_rate=2_ROB=LH_Bias=Rct20_NRE20-35","1-1",2,"LH","Rct20_NRE20-35",0.182321556793955,0.182321556793955,0.182321556793955,0.182321556793955,0.182321556793955,0.300104592450338,0.207244135467958,0.207244135467958,-0.110583144810115,TRUE,0.613482275672461,1.00099654080265,-0.100192921880952,TRUE,0.407655863077093,1.00099290989871,-0.0870274771938027,TRUE,0.664498311072323,1.00100607212344,-0.111355660909034,TRUE,0.599698237390589,1.00104533749149
244,"rand=1-1_rate=2_ROB=LH_Bias=Rct20_NRE20-35","1-1",2,"LH","Rct20_NRE20-35",0.182321556793955,0.182321556793955,0.182321556793955,0.182321556793955,0.182321556793955,0.300104592450338,0.19948758338911,0.19948758338911,-0.22317457585241,TRUE,0.653338593319914,1.00115734350035,-0.346111672701373,FALSE,0.474523207745187,1.00101523456374,-0.508448988855335,FALSE,0.826922129932209,1.00102315100956,-0.279381348201497,TRUE,0.657320598863053,1.00098616253375
245,"rand=1-1_rate=2_ROB=LH_Bias=Rct20_NRE20-35","1-1",2,"LH","Rct20_NRE20-35",0.182321556793955,0.182321556793955,0.182321556793955,0.182321556793955,0.182321556793955,0.300104592450338,0.2138205119986,0.2138205119986,-0.0665463453872901,TRUE,0.655005665637466,1.00100432855219,-0.114986731473912,TRUE,0.455132354264118,1.00098637314176,-0.266758208981552,TRUE,0.943125590588843,1.00102013136852,-0.0476151815920045,TRUE,0.573390848926268,1.00103710575672
246,"rand=1-1_rate=2_ROB=LH_Bias=Rct20_NRE20-35","1-1",2,"LH","Rct20_NRE20-35",0.182321556793955,0.182321556793955,0.182321556793955,0.182321556793955,0.182321556793955,0.300104592450338,0.215001246281737,0.215001246281737,-0.145032443949679,TRUE,0.562340856963436,1.00099390038712,-0.287812154153441,FALSE,0.396436704716514,1.00122034539304,-0.349186650701881,TRUE,0.935204909917721,1.00098955179145,-0.269698471290636,FALSE,0.480871996228381,1.0009874655962
247,"rand=1-1_rate=2_ROB=LH_Bias=Rct20_NRE20-35","1-1",2,"LH","Rct20_NRE20-35",0.182321556793955,0.182321556793955,0.182321556793955,0.182321556793955,0.182321556793955,0.300104592450338,0.212572742112081,0.212572742112081,-0.34692742024348,FALSE,0.743264241187348,1.00100443057885,-0.353775033491931,FALSE,0.476926142483587,1.00100191855595,-0.225308974452938,TRUE,0.789112851691749,1.00099979208677,-0.409499806490027,FALSE,0.668523594363089,1.00103228571709
248,"rand=1-1_rate=2_ROB=LH_Bias=Rct20_NRE20-35","1-1",2,"LH","Rct20_NRE20-35",0.182321556793955,0.182321556793955,0.182321556793955,0.182321556793955,0.182321556793955,0.300104592450338,0.202117205963942,0.202117205963942,-0.32388561124693,FALSE,0.741872753075598,1.0010488476591,-0.349887990036368,FALSE,0.504920875327173,1.00099911633995,-0.288686552668615,TRUE,0.749922054763858,1.00103132010055,-0.378578211793382,FALSE,0.765616970707556,1.00098625822816
249,"rand=1-1_rate=2_ROB=LH_Bias=Rct20_NRE20-35","1-1",2,"LH","Rct20_NRE20-35",0.182321556793955,0.182321556793955,0.182321556793955,0.182321556793955,0.182321556793955,0.300104592450338,0.199657334200654,0.199657334200654,-0.146591134102031,TRUE,0.674274417780251,1.00098635326333,-0.231328099348925,FALSE,0.478818490325553,1.00098617215044,-0.237122402981795,TRUE,1.01579209881378,1.00098914495488,-0.224144383453962,TRUE,0.622936581237284,1.00099019086513
250,"rand=1-1_rate=2_ROB=LH_Bias=Rct20_NRE20-35","1-1",2,"LH","Rct20_NRE20-35",0.182321556793955,0.182321556793955,0.182321556793955,0.182321556793955,0.182321556793955,0.300104592450338,0.212907762407884,0.212907762407884,-0.37720490923466,FALSE,0.655401786332767,1.00098613274047,-0.388486233023171,FALSE,0.368972640612074,1.00099217899621,-0.279830504999081,TRUE,0.841897237797633,1.00103279935947,-0.419103303036028,FALSE,0.450359954975392,1.00099028633718
251,"rand=1-1_rate=2_ROB=LH_Bias=Rct20_NRE20-35","1-1",2,"LH","Rct20_NRE20-35",0.182321556793955,0.182321556793955,0.182321556793955,0.182321556793955,0.182321556793955,0.300104592450338,0.198783877787473,0.198783877787473,-0.459146108146846,FALSE,0.726844471355347,1.00099103175087,-0.312619735597754,FALSE,0.454859199468625,1.00099463833063,-0.493976654186969,FALSE,0.788878318667946,1.00098609090534,-0.241020655665442,TRUE,0.640585982515318,1.00101868215366
252,"rand=1-1_rate=2_ROB=LH_Bias=Rct20_NRE20-35","1-1",2,"LH","Rct20_NRE20-35",0.182321556793955,0.182321556793955,0.182321556793955,0.182321556793955,0.182321556793955,0.300104592450338,0.200241721302345,0.200241721302345,-0.174062047234373,TRUE,0.56537753180667,1.00098637797007,-0.167742116482502,FALSE,0.314723377786129,1.00098782593929,-0.0867899260508447,TRUE,0.613195795667032,1.00098666812453,-0.190197070314713,TRUE,0.420967428250409,1.0009860082302
253,"rand=1-1_rate=2_ROB=LH_Bias=Rct20_NRE20-35","1-1",2,"LH","Rct20_NRE20-35",0.182321556793955,0.182321556793955,0.182321556793955,0.182321556793955,0.182321556793955,0.300104592450338,0.199694855662581,0.199694855662581,-0.053533679918524,TRUE,0.506681586999404,1.00099365137423,-0.117251058911242,TRUE,0.310594776508296,1.00098692054303,0.0643999633531689,TRUE,0.508922808094535,1.0013375577632,-0.179362953730367,TRUE,0.416060565437345,1.00099899415414
254,"rand=1-1_rate=2_ROB=LH_Bias=Rct20_NRE20-35","1-1",2,"LH","Rct20_NRE20-35",0.182321556793955,0.182321556793955,0.182321556793955,0.182321556793955,0.182321556793955,0.300104592450338,0.221924710125248,0.221924710125248,0.0154150713617697,TRUE,0.576924306633205,1.00098647429607,-0.051935991277295,TRUE,0.445571922763243,1.00109049818116,0.0813136570485844,TRUE,0.522967675438364,1.00098617781074,-0.137427473627344,TRUE,0.755549716847188,1.00099154702482
255,"rand=1-1_rate=2_ROB=LH_Bias=Rct20_NRE20-35","1-1",2,"LH","Rct20_NRE20-35",0.182321556793955,0.182321556793955,0.182321556793955,0.182321556793955,0.182321556793955,0.300104592450338,0.220733952295425,0.220733952295425,-0.126942408416722,TRUE,0.737154947838261,1.00099048944837,-0.107768366050561,TRUE,0.496809180346398,1.00099642178494,-0.159255717813158,TRUE,0.983595237245894,1.00128126757349,-0.0788780547449384,TRUE,0.655227185408677,1.00098824269476
256,"rand=1-1_rate=2_ROB=LH_Bias=Rct20_NRE20-35","1-1",2,"LH","Rct20_NRE20-35",0.182321556793955,0.182321556793955,0.182321556793955,0.182321556793955,0.182321556793955,0.300104592450338,0.211161621046393,0.211161621046393,-0.376090891003932,FALSE,0.617794286151748,1.00100765053786,-0.272558125338767,FALSE,0.307712620645421,1.00117305009162,-0.220053624080703,TRUE,0.715281975767732,1.00098600105189,-0.285918190921499,FALSE,0.378692026032939,1.00103881582216
257,"rand=1-1_rate=2_ROB=LH_Bias=Rct20_NRE20-35","1-1",2,"LH","Rct20_NRE20-35",0.182321556793955,0.182321556793955,0.182321556793955,0.182321556793955,0.182321556793955,0.300104592450338,0.198425157780452,0.198425157780452,-0.172697977685716,TRUE,0.607344962546249,1.00115103226598,-0.128340012395073,TRUE,0.374259253730859,1.0009964237791,-0.242467535077774,TRUE,0.77276355858206,1.00098684013346,-0.0871578296070472,TRUE,0.473433018184514,1.00100477013453
258,"rand=1-1_rate=2_ROB=LH_Bias=Rct20_NRE20-35","1-1",2,"LH","Rct20_NRE20-35",0.182321556793955,0.182321556793955,0.182321556793955,0.182321556793955,0.182321556793955,0.300104592450338,0.207992504134761,0.207992504134761,-0.165160307110472,TRUE,0.694937833741404,1.00138125075255,-0.261934169873146,FALSE,0.529354765727899,1.00098699227403,-0.18911471298802,TRUE,0.765991629738654,1.00100729163926,-0.2956953243769,TRUE,0.810323273543175,1.00101620544832
259,"rand=1-1_rate=2_ROB=LH_Bias=Rct20_NRE20-35","1-1",2,"LH","Rct20_NRE20-35",0.182321556793955,0.182321556793955,0.182321556793955,0.182321556793955,0.182321556793955,0.300104592450338,0.198958581661179,0.198958581661179,-0.313901004557174,TRUE,0.799982881832732,1.00100484784151,-0.302014277934626,FALSE,0.505909519245373,1.00107622755201,-0.137391590034868,TRUE,0.938844440358796,1.00098603021688,-0.379874147286886,FALSE,0.676126185081738,1.00101160338493
260,"rand=1-1_rate=2_ROB=LH_Bias=Rct20_NRE20-35","1-1",2,"LH","Rct20_NRE20-35",0.182321556793955,0.182321556793955,0.182321556793955,0.182321556793955,0.182321556793955,0.300104592450338,0.198662177110437,0.198662177110437,-0.143857856297831,TRUE,0.563329516255675,1.0010455921875,-0.252793762611068,FALSE,0.398217545024421,1.00098877590898,-0.376681616324392,TRUE,0.90746389978582,1.00106865547467,-0.212329574160291,FALSE,0.481754143061122,1.00102508040372
261,"rand=1-1_rate=2_ROB=LH_Bias=Rct20_NRE20-35","1-1",2,"LH","Rct20_NRE20-35",0.182321556793955,0.182321556793955,0.182321556793955,0.182321556793955,0.182321556793955,0.300104592450338,0.215261558049899,0.215261558049899,-0.213092195340173,TRUE,0.579352405608803,1.00102276450834,-0.253534781890711,FALSE,0.352108070709696,1.00102350520726,-0.369013123767224,TRUE,0.960324653626642,1.0009865585007,-0.225394549851982,FALSE,0.39851348365733,1.00102803376561
262,"rand=1-1_rate=2_ROB=LH_Bias=Rct20_NRE20-35","1-1",2,"LH","Rct20_NRE20-35",0.182321556793955,0.182321556793955,0.182321556793955,0.182321556793955,0.182321556793955,0.300104592450338,0.19547154616242,0.19547154616242,-0.187668200999565,TRUE,0.522889625572295,1.00099197159807,-0.165999153418267,FALSE,0.270496731602463,1.00098870553257,-0.320324272110746,FALSE,0.672949653943999,1.00107942974212,-0.131671114507279,TRUE,0.334944865353282,1.0009872009935
263,"rand=1-1_rate=2_ROB=LH_Bias=Rct20_NRE20-35","1-1",2,"LH","Rct20_NRE20-35",0.182321556793955,0.182321556793955,0.182321556793955,0.182321556793955,0.182321556793955,0.300104592450338,0.224628411208357,0.224628411208357,-0.329147186545254,FALSE,0.701652799438896,1.00102935037336,-0.449378084581757,FALSE,0.51138131906457,1.00100476552323,-0.161497122778409,TRUE,0.618873170524771,1.00098760576608,-0.603652530565049,FALSE,0.789929611143596,1.0009964974799
264,"rand=1-1_rate=2_ROB=LH_Bias=Rct20_NRE20-35","1-1",2,"LH","Rct20_NRE20-35",0.182321556793955,0.182321556793955,0.182321556793955,0.182321556793955,0.182321556793955,0.300104592450338,0.213882466168715,0.213882466168715,-0.171810957539769,TRUE,0.615404880843703,1.00099521733759,-0.0957755145316721,TRUE,0.374261233443563,1.00114000366119,-0.223266730722418,TRUE,0.886072181790724,1.00099868976831,-0.0479566285070232,TRUE,0.450628055553869,1.00102206823308
265,"rand=1-1_rate=2_ROB=LH_Bias=Rct20_NRE20-35","1-1",2,"LH","Rct20_NRE20-35",0.182321556793955,0.182321556793955,0.182321556793955,0.182321556793955,0.182321556793955,0.300104592450338,0.192996468351051,0.192996468351051,-0.219683013044677,TRUE,0.634360507243467,1.00099007821755,-0.325729214221264,FALSE,0.453947257176816,1.00098811116177,-0.176898260885267,TRUE,0.736566150064205,1.00100502872556,-0.395012404167879,FALSE,0.645404342236946,1.00100160535452
266,"rand=1-1_rate=2_ROB=LH_Bias=Rct20_NRE20-35","1-1",2,"LH","Rct20_NRE20-35",0.182321556793955,0.182321556793955,0.182321556793955,0.182321556793955,0.182321556793955,0.300104592450338,0.196592267122092,0.196592267122092,-0.291633229361012,FALSE,0.658059220605594,1.00104929343465,-0.285093947556851,FALSE,0.39942135762169,1.00098618086054,-0.129914134015706,TRUE,0.629117431005223,1.00187138104853,-0.350841644010803,FALSE,0.561713656353255,1.00100024238833
267,"rand=1-1_rate=2_ROB=LH_Bias=Rct20_NRE20-35","1-1",2,"LH","Rct20_NRE20-35",0.182321556793955,0.182321556793955,0.182321556793955,0.182321556793955,0.182321556793955,0.300104592450338,0.218297835721726,0.218297835721726,-0.28438446251263,TRUE,0.673048836269862,1.00098626929877,-0.265906524224503,FALSE,0.426460720377743,1.00099298470147,-0.378318148523186,FALSE,0.813062996584674,1.00105156987473,-0.225463240206995,TRUE,0.572148382997788,1.00099404390481
268,"rand=1-1_rate=2_ROB=LH_Bias=Rct20_NRE20-35","1-1",2,"LH","Rct20_NRE20-35",0.182321556793955,0.182321556793955,0.182321556793955,0.182321556793955,0.182321556793955,0.300104592450338,0.203988924630756,0.203988924630756,-0.235381589253944,TRUE,0.651900219793885,1.00103125445041,-0.221026458722062,FALSE,0.426682310900832,1.00108872992141,-0.336428522414769,FALSE,0.703040398818058,1.00108615594111,-0.174148516971825,TRUE,0.618219637144239,1.00104857063567
269,"rand=1-1_rate=2_ROB=LH_Bias=Rct20_NRE20-35","1-1",2,"LH","Rct20_NRE20-35",0.182321556793955,0.182321556793955,0.182321556793955,0.182321556793955,0.182321556793955,0.300104592450338,0.226937167573592,0.226937167573592,-0.436428461142434,FALSE,0.710599346743926,1.00099377596858,-0.410179134998888,FALSE,0.405118333186913,1.00102853608695,-0.308827734552282,TRUE,0.94777279688432,1.00107433925706,-0.440429994661472,FALSE,0.48568708492335,1.00098693802301
270,"rand=1-1_rate=2_ROB=LH_Bias=Rct20_NRE20-35","1-1",2,"LH","Rct20_NRE20-35",0.182321556793955,0.182321556793955,0.182321556793955,0.182321556793955,0.182321556793955,0.300104592450338,0.218084534448433,0.218084534448433,-0.167768858026543,TRUE,0.556016151679866,1.00102518807833,-0.323970557117106,FALSE,0.456608379969627,1.00098744086524,-0.0485057878589135,TRUE,0.645657049586729,1.00128907583437,-0.45314986728118,FALSE,0.641056575702387,1.00106356586489
271,"rand=1-1_rate=2_ROB=LH_Bias=Rct20_NRE20-35","1-1",2,"LH","Rct20_NRE20-35",0.182321556793955,0.182321556793955,0.182321556793955,0.182321556793955,0.182321556793955,0.300104592450338,0.200641339000082,0.200641339000082,-0.275679477686745,TRUE,0.729888808857774,1.00105019806337,-0.311549688005596,FALSE,0.493085035148292,1.00101042267013,-0.0286890687696089,TRUE,0.567231409163001,1.00123508311116,-0.474763213679606,FALSE,0.750350985561772,1.00100290546585
272,"rand=1-1_rate=2_ROB=LH_Bias=Rct20_NRE20-35","1-1",2,"LH","Rct20_NRE20-35",0.182321556793955,0.182321556793955,0.182321556793955,0.182321556793955,0.182321556793955,0.300104592450338,0.2106587874122,0.2106587874122,-0.20298934996257,TRUE,0.601577217361813,1.00114688628218,-0.264642013268559,FALSE,0.396102862506822,1.00098655029707,-0.170441200105327,TRUE,0.637012137736969,1.00098911262878,-0.300126694688146,FALSE,0.570371328613142,1.00102788058248
273,"rand=1-1_rate=2_ROB=LH_Bias=Rct20_NRE20-35","1-1",2,"LH","Rct20_NRE20-35",0.182321556793955,0.182321556793955,0.182321556793955,0.182321556793955,0.182321556793955,0.300104592450338,0.184517141992554,0.184517141992554,-0.189493927723606,TRUE,0.632401582649834,1.00101599844229,-0.171313475156381,TRUE,0.37554340638645,1.00098741051048,-0.0747560950653818,TRUE,0.795922871307039,1.00099624170471,-0.205329702524564,TRUE,0.477234214575941,1.00099030891543
274,"rand=1-1_rate=2_ROB=LH_Bias=Rct20_NRE20-35","1-1",2,"LH","Rct20_NRE20-35",0.182321556793955,0.182321556793955,0.182321556793955,0.182321556793955,0.182321556793955,0.300104592450338,0.20365285587822,0.20365285587822,-0.270675092407855,TRUE,0.722821413736678,1.00098625627454,-0.297441217226039,FALSE,0.4716279333502,1.00103692790177,-0.152221124664616,TRUE,0.760294908238285,1.00099283700531,-0.371151081386237,FALSE,0.67322763312727,1.00098631351613
275,"rand=1-1_rate=2_ROB=LH_Bias=Rct20_NRE20-35","1-1",2,"LH","Rct20_NRE20-35",0.182321556793955,0.182321556793955,0.182321556793955,0.182321556793955,0.182321556793955,0.300104592450338,0.212828596353325,0.212828596353325,-0.208343839205628,TRUE,0.535124992479822,1.00100333521305,-0.184858466829897,FALSE,0.284905537206773,1.00098828440527,-0.167191911892777,TRUE,0.724484451934275,1.0009881792282,-0.188386511523833,FALSE,0.332602129711904,1.00099305057886
276,"rand=1-1_rate=2_ROB=LH_Bias=Rct20_NRE20-35","1-1",2,"LH","Rct20_NRE20-35",0.182321556793955,0.182321556793955,0.182321556793955,0.182321556793955,0.182321556793955,0.300104592450338,0.18988986926036,0.18988986926036,-0.0508202234248358,TRUE,0.534657660849105,1.00100653264488,-0.0669544932990844,TRUE,0.339235989697726,1.00098633029983,-0.0133235452071463,TRUE,0.560454109643715,1.00100968436959,-0.0895338192345769,TRUE,0.490984732431055,1.00100360546394
277,"rand=1-1_rate=2_ROB=LH_Bias=Rct20_NRE20-35","1-1",2,"LH","Rct20_NRE20-35",0.182321556793955,0.182321556793955,0.182321556793955,0.182321556793955,0.182321556793955,0.300104592450338,0.228076754046415,0.228076754046415,-0.238731398139132,TRUE,0.670976324172442,1.00107122155327,-0.33718015700739,FALSE,0.463899940026036,1.00101368751141,-0.0943557270323958,TRUE,0.616086134972875,1.00140948868882,-0.444843368876715,FALSE,0.697279857929486,1.00099186074374
278,"rand=1-1_rate=2_ROB=LH_Bias=Rct20_NRE20-35","1-1",2,"LH","Rct20_NRE20-35",0.182321556793955,0.182321556793955,0.182321556793955,0.182321556793955,0.182321556793955,0.300104592450338,0.199243008141022,0.199243008141022,-0.216488072094199,TRUE,0.759607977437465,1.00102697599663,-0.133805691555111,TRUE,0.465575936744196,1.00106613169158,-0.305811250518379,TRUE,0.988402614091318,1.00100176606601,-0.0600815329730695,TRUE,0.573950772875923,1.00102174088542
279,"rand=1-1_rate=2_ROB=LH_Bias=Rct20_NRE20-35","1-1",2,"LH","Rct20_NRE20-35",0.182321556793955,0.182321556793955,0.182321556793955,0.182321556793955,0.182321556793955,0.300104592450338,0.226581603515802,0.226581603515802,-0.271261045663717,TRUE,0.706060660140231,1.00108999457605,-0.34271273309769,FALSE,0.483699190078663,1.00099416303603,-0.364126844570728,TRUE,0.981883659505127,1.00103912110033,-0.334008793261794,FALSE,0.637423367664167,1.0010147229116
280,"rand=1-1_rate=2_ROB=LH_Bias=Rct20_NRE20-35","1-1",2,"LH","Rct20_NRE20-35",0.182321556793955,0.182321556793955,0.182321556793955,0.182321556793955,0.182321556793955,0.300104592450338,0.220374029282584,0.220374029282584,-0.336476110573996,FALSE,0.73458637766129,1.00118088054543,-0.396379238698817,FALSE,0.474997080192986,1.00098605447968,-0.136883601905403,TRUE,0.657093924925073,1.00099565345328,-0.511471140328673,FALSE,0.702123905343673,1.00098600830836
281,"rand=1-1_rate=2_ROB=LH_Bias=Rct20_NRE20-35","1-1",2,"LH","Rct20_NRE20-35",0.182321556793955,0.182321556793955,0.182321556793955,0.182321556793955,0.182321556793955,0.300104592450338,0.223264190212897,0.223264190212897,-0.146611197644724,TRUE,0.469991565525695,1.00104278219537,-0.238012287366368,FALSE,0.255916688122303,1.00109307820561,-0.0467957303542219,TRUE,0.598332794742253,1.00115125245772,-0.272468481100844,FALSE,0.30335733567461,1.00106207981436
282,"rand=1-1_rate=2_ROB=LH_Bias=Rct20_NRE20-35","1-1",2,"LH","Rct20_NRE20-35",0.182321556793955,0.182321556793955,0.182321556793955,0.182321556793955,0.182321556793955,0.300104592450338,0.225573834662604,0.225573834662604,-0.260194905256663,FALSE,0.503603929946135,1.00101977478012,-0.231450429708289,FALSE,0.216122312849153,1.00102390607641,-0.298549922548005,TRUE,0.844031147967838,1.00100656754257,-0.222432868049126,FALSE,0.227265625894255,1.00126535669582
283,"rand=1-1_rate=2_ROB=LH_Bias=Rct20_NRE20-35","1-1",2,"LH","Rct20_NRE20-35",0.182321556793955,0.182321556793955,0.182321556793955,0.182321556793955,0.182321556793955,0.300104592450338,0.203837707811753,0.203837707811753,-0.206460587709942,TRUE,0.748489967940045,1.00103951713777,-0.265293162808245,FALSE,0.516655652372792,1.00102915263053,0.0226866661041739,TRUE,0.632552816393718,1.00109777150512,-0.431246348474515,FALSE,0.773227686264295,1.00105995274643
284,"rand=1-1_rate=2_ROB=LH_Bias=Rct20_NRE20-35","1-1",2,"LH","Rct20_NRE20-35",0.182321556793955,0.182321556793955,0.182321556793955,0.182321556793955,0.182321556793955,0.300104592450338,0.210804012131944,0.210804012131944,-0.342038105707929,FALSE,0.747571620657705,1.0010040359736,-0.195603280078286,TRUE,0.436335631732692,1.00098723428473,-0.112587260725556,TRUE,0.763504362960952,1.00100993946078,-0.233547096545002,TRUE,0.596858868789424,1.0009993681515
285,"rand=1-1_rate=2_ROB=LH_Bias=Rct20_NRE20-35","1-1",2,"LH","Rct20_NRE20-35",0.182321556793955,0.182321556793955,0.182321556793955,0.182321556793955,0.182321556793955,0.300104592450338,0.221857861685784,0.221857861685784,-0.175537380521467,TRUE,0.667920079982841,1.00105098042939,-0.154220463651666,TRUE,0.442716160609529,1.00099020841993,-0.265631092924345,TRUE,0.727081524955159,1.00098598997872,-0.113938076436915,TRUE,0.635257613155464,1.00099651380869
286,"rand=1-1_rate=2_ROB=LH_Bias=Rct20_NRE20-35","1-1",2,"LH","Rct20_NRE20-35",0.182321556793955,0.182321556793955,0.182321556793955,0.182321556793955,0.182321556793955,0.300104592450338,0.199018126990487,0.199018126990487,-0.159801241921102,TRUE,0.681544370131696,1.00099909444377,-0.244627456543934,FALSE,0.485601810849219,1.00098724291481,-0.262537160229802,TRUE,1.03094170833829,1.00098769057833,-0.235841429445512,TRUE,0.615311554613893,1.0009879269782
287,"rand=1-1_rate=2_ROB=LH_Bias=Rct20_NRE20-35","1-1",2,"LH","Rct20_NRE20-35",0.182321556793955,0.182321556793955,0.182321556793955,0.182321556793955,0.182321556793955,0.300104592450338,0.217700217903621,0.217700217903621,-0.375317009058957,FALSE,0.663300524930707,1.00104624072236,-0.459614876954464,FALSE,0.425303269344603,1.00098756077686,-0.438065662476925,TRUE,1.05373496197952,1.00098621777611,-0.464571170746286,FALSE,0.506461380732647,1.0010456503172
288,"rand=1-1_rate=2_ROB=LH_Bias=Rct20_NRE20-35","1-1",2,"LH","Rct20_NRE20-35",0.182321556793955,0.182321556793955,0.182321556793955,0.182321556793955,0.182321556793955,0.300104592450338,0.202878160370945,0.202878160370945,-0.175348157986622,TRUE,0.773900314943938,1.00098908861597,-0.29364098608578,FALSE,0.580740846919545,1.00098599772022,-0.371890398703016,TRUE,1.33336602547325,1.00101344140793,-0.258758668712212,TRUE,0.726236496585102,1.00103751307338
289,"rand=1-1_rate=2_ROB=LH_Bias=Rct20_NRE20-35","1-1",2,"LH","Rct20_NRE20-35",0.182321556793955,0.182321556793955,0.182321556793955,0.182321556793955,0.182321556793955,0.300104592450338,0.229943727583273,0.229943727583273,-0.168454320176455,TRUE,0.520408342551246,1.00126672128449,-0.321151680218553,FALSE,0.423804950803435,1.00098601190715,-0.355080426716194,FALSE,0.755586692592211,1.00259638029486,-0.310636326732835,FALSE,0.593868298168518,1.00098943230178
290,"rand=1-1_rate=2_ROB=LH_Bias=Rct20_NRE20-35","1-1",2,"LH","Rct20_NRE20-35",0.182321556793955,0.182321556793955,0.182321556793955,0.182321556793955,0.182321556793955,0.300104592450338,0.216597233380642,0.216597233380642,-0.26796732653883,FALSE,0.61231738080199,1.00104358860643,-0.416327098716117,FALSE,0.479440557457903,1.0011052591805,-0.289963729143549,TRUE,0.726243068035332,1.00108878600559,-0.46882783462109,FALSE,0.719122975415841,1.00099090260774
291,"rand=1-1_rate=2_ROB=LH_Bias=Rct20_NRE20-35","1-1",2,"LH","Rct20_NRE20-35",0.182321556793955,0.182321556793955,0.182321556793955,0.182321556793955,0.182321556793955,0.300104592450338,0.216171691705607,0.216171691705607,-0.222434557324276,TRUE,0.62985059992165,1.00099705138382,-0.292367553415141,FALSE,0.418588713648679,1.00100373984573,-0.294366373243524,TRUE,0.790030337813449,1.00114932128843,-0.292329080294648,FALSE,0.569890923227614,1.00102559340822
292,"rand=1-1_rate=2_ROB=LH_Bias=Rct20_NRE20-35","1-1",2,"LH","Rct20_NRE20-35",0.182321556793955,0.182321556793955,0.182321556793955,0.182321556793955,0.182321556793955,0.300104592450338,0.201789670411697,0.201789670411697,-0.427662144937496,FALSE,0.685252236432668,1.00105831490721,-0.295021502555092,FALSE,0.390636326333351,1.00100322312061,-0.191868221628352,TRUE,0.74288260150419,1.00113218563432,-0.329066248296974,FALSE,0.519149658630793,1.00098843417635
293,"rand=1-1_rate=2_ROB=LH_Bias=Rct20_NRE20-35","1-1",2,"LH","Rct20_NRE20-35",0.182321556793955,0.182321556793955,0.182321556793955,0.182321556793955,0.182321556793955,0.300104592450338,0.197760428373691,0.197760428373691,-0.35054736417544,FALSE,0.691962438374615,1.0009891367705,-0.283053857422596,FALSE,0.392228296351286,1.00101720740144,-0.350177524693202,FALSE,0.773238189266864,1.00135192822698,-0.264299847074512,FALSE,0.532443919466714,1.00098617370898
294,"rand=1-1_rate=2_ROB=LH_Bias=Rct20_NRE20-35","1-1",2,"LH","Rct20_NRE20-35",0.182321556793955,0.182321556793955,0.182321556793955,0.182321556793955,0.182321556793955,0.300104592450338,0.210527460727332,0.210527460727332,-0.136850725748493,TRUE,0.655657787445595,1.00126178874167,-0.185790084075923,TRUE,0.47132770121823,1.00112344796688,-0.0349579149065118,TRUE,0.756692314104569,1.00099941742432,-0.2728916396819,TRUE,0.670871862279026,1.0010145793056
295,"rand=1-1_rate=2_ROB=LH_Bias=Rct20_NRE20-35","1-1",2,"LH","Rct20_NRE20-35",0.182321556793955,0.182321556793955,0.182321556793955,0.182321556793955,0.182321556793955,0.300104592450338,0.201126486914357,0.201126486914357,-0.180503860817444,TRUE,0.602198683895327,1.00121723385989,-0.266801340190978,FALSE,0.401026382168886,1.00099876788305,-0.324435442390596,TRUE,1.11854251269359,1.00099039788971,-0.242596112355486,FALSE,0.442343565213769,1.00098608344737
296,"rand=1-1_rate=2_ROB=LH_Bias=Rct20_NRE20-35","1-1",2,"LH","Rct20_NRE20-35",0.182321556793955,0.182321556793955,0.182321556793955,0.182321556793955,0.182321556793955,0.300104592450338,0.201604769763432,0.201604769763432,-0.119983247749835,TRUE,0.56775659019004,1.00108539545494,-0.248724482432285,FALSE,0.426787116455084,1.00098779206336,-0.156230727086676,TRUE,1.02058039358193,1.00099534440679,-0.278973683081278,FALSE,0.524277946501767,1.00098599333531
297,"rand=1-1_rate=2_ROB=LH_Bias=Rct20_NRE20-35","1-1",2,"LH","Rct20_NRE20-35",0.182321556793955,0.182321556793955,0.182321556793955,0.182321556793955,0.182321556793955,0.300104592450338,0.20805623098759,0.20805623098759,-0.00559783146583981,TRUE,0.626403810816453,1.00099338068293,-0.20024719019664,TRUE,0.520068181138585,1.00101858214304,0.0941427113084056,TRUE,0.576248557043901,1.00100637205317,-0.390381341533526,FALSE,0.820657471295673,1.00099017522913
298,"rand=1-1_rate=2_ROB=LH_Bias=Rct20_NRE20-35","1-1",2,"LH","Rct20_NRE20-35",0.182321556793955,0.182321556793955,0.182321556793955,0.182321556793955,0.182321556793955,0.300104592450338,0.219854001160596,0.219854001160596,-0.415543313481055,FALSE,0.721380005740084,1.00115294209301,-0.455774626139641,FALSE,0.463221479446314,1.0010211217512,-0.343038048930734,FALSE,0.762768214381792,1.0014151510791,-0.494592701765237,FALSE,0.661831539053212,1.00098601927702
299,"rand=1-1_rate=2_ROB=LH_Bias=Rct20_NRE20-35","1-1",2,"LH","Rct20_NRE20-35",0.182321556793955,0.182321556793955,0.182321556793955,0.182321556793955,0.182321556793955,0.300104592450338,0.199655975742365,0.199655975742365,-0.302616146534719,FALSE,0.681355928320258,1.00099781962317,-0.211622391502221,FALSE,0.427750623195531,1.00099126433958,-0.270882009927244,TRUE,0.66325526256403,1.00103152071729,-0.185027742578576,TRUE,0.643855854584384,1.00099213381341
300,"rand=1-1_rate=2_ROB=LH_Bias=Rct20_NRE20-35","1-1",2,"LH","Rct20_NRE20-35",0.182321556793955,0.182321556793955,0.182321556793955,0.182321556793955,0.182321556793955,0.300104592450338,0.218793503906699,0.218793503906699,-0.177753469584501,TRUE,0.609622736341252,1.00099579242599,-0.311936198099754,FALSE,0.437888972740119,1.00098762571509,-0.144194470992151,TRUE,0.703624107804826,1.00099668526655,-0.380808305710209,FALSE,0.614746862319522,1.00099490881943
301,"rand=1-1_rate=2_ROB=LH_Bias=Rct20_NRE20-35","1-1",2,"LH","Rct20_NRE20-35",0.182321556793955,0.182321556793955,0.182321556793955,0.182321556793955,0.182321556793955,0.300104592450338,0.206289481474051,0.206289481474051,-0.14733307100084,TRUE,0.552193722721861,1.00110861450654,-0.101543510533255,TRUE,0.311157839743385,1.00100981503779,-0.178263218839003,TRUE,0.688786090489511,1.00103988113387,-0.080647255247551,TRUE,0.394350068440976,1.00099179793322
302,"rand=1-1_rate=2_ROB=LH_Bias=Rct20_NRE20-35","1-1",2,"LH","Rct20_NRE20-35",0.182321556793955,0.182321556793955,0.182321556793955,0.182321556793955,0.182321556793955,0.300104592450338,0.207897366745064,0.207897366745064,-0.290978227200846,TRUE,0.873325787085667,1.00098651173643,-0.335365281124207,FALSE,0.628171000635464,1.00100778057599,-0.288246406025191,TRUE,1.06257407075272,1.00113632893703,-0.361343602932952,TRUE,0.905759497148388,1.00104697232231
303,"rand=1-1_rate=2_ROB=LH_Bias=Rct20_NRE20-35","1-1",2,"LH","Rct20_NRE20-35",0.182321556793955,0.182321556793955,0.182321556793955,0.182321556793955,0.182321556793955,0.300104592450338,0.22125076755742,0.22125076755742,-0.275454511480355,TRUE,0.752630493329529,1.00122498301264,-0.351437655750986,FALSE,0.524039982579918,1.00099987414062,-0.09440246414814,TRUE,0.968073350964748,1.00098714376701,-0.490650264466355,FALSE,0.645584359307802,1.00098646459311
304,"rand=1-1_rate=2_ROB=LH_Bias=Rct20_NRE20-35","1-1",2,"LH","Rct20_NRE20-35",0.182321556793955,0.182321556793955,0.182321556793955,0.182321556793955,0.182321556793955,0.300104592450338,0.195738865876216,0.195738865876216,-0.22938196264883,TRUE,0.655169831539909,1.00152058016502,-0.20545194397331,FALSE,0.405412288854457,1.0010066272901,0.0455123017660669,TRUE,0.566436311819929,1.00188870425076,-0.318153782121813,FALSE,0.562901497838473,1.00098758334501
305,"rand=1-1_rate=2_ROB=LH_Bias=Rct20_NRE20-35","1-1",2,"LH","Rct20_NRE20-35",0.182321556793955,0.182321556793955,0.182321556793955,0.182321556793955,0.182321556793955,0.300104592450338,0.225979551145586,0.225979551145586,-0.299568622825952,TRUE,0.757303903855505,1.00101647388748,-0.33985795229399,FALSE,0.480106498329076,1.00099527423182,-0.052664587389976,TRUE,0.84752994048756,1.00108967876655,-0.486207754130254,FALSE,0.592043927295205,1.00099400094615
306,"rand=1-1_rate=2_ROB=LH_Bias=Rct20_NRE20-35","1-1",2,"LH","Rct20_NRE20-35",0.182321556793955,0.182321556793955,0.182321556793955,0.182321556793955,0.182321556793955,0.300104592450338,0.200934085613211,0.200934085613211,-0.306510745205022,FALSE,0.599123358911977,1.0011070931529,-0.382016647583845,FALSE,0.355945913591915,1.00098646965337,-0.40706702516859,FALSE,0.983551125453133,1.00102406077487,-0.376788298798264,FALSE,0.411546127399152,1.00103491190427
307,"rand=1-1_rate=2_ROB=LH_Bias=Rct20_NRE20-35","1-1",2,"LH","Rct20_NRE20-35",0.182321556793955,0.182321556793955,0.182321556793955,0.182321556793955,0.182321556793955,0.300104592450338,0.218189024950034,0.218189024950034,-0.421410068495933,FALSE,0.722029860068839,1.00102857966537,-0.380506495706862,FALSE,0.432561782147504,1.00099435283016,-0.358830706978068,TRUE,0.913924902254329,1.00098745797873,-0.387359733189231,FALSE,0.555151921714838,1.00099308994591
308,"rand=1-1_rate=2_ROB=LH_Bias=Rct20_NRE20-35","1-1",2,"LH","Rct20_NRE20-35",0.182321556793955,0.182321556793955,0.182321556793955,0.182321556793955,0.182321556793955,0.300104592450338,0.205951261139796,0.205951261139796,-0.191564741956841,TRUE,0.599516812233728,1.00098702160035,-0.182056966859204,FALSE,0.361434677068368,1.00101932743362,-0.144364946523491,TRUE,0.65785228031642,1.00121615035539,-0.196537197000892,TRUE,0.503095114704016,1.00098619342519
309,"rand=1-1_rate=2_ROB=LH_Bias=Rct20_NRE20-35","1-1",2,"LH","Rct20_NRE20-35",0.182321556793955,0.182321556793955,0.182321556793955,0.182321556793955,0.182321556793955,0.300104592450338,0.224569357456428,0.224569357456428,-0.145020095088964,TRUE,0.622193045513199,1.00099624135926,-0.194410102363361,FALSE,0.397450436290738,1.00103518145486,-0.102883800812277,TRUE,0.845734497468408,1.00098702261391,-0.231934210475093,FALSE,0.497836883215079,1.00100410759816
310,"rand=1-1_rate=2_ROB=LH_Bias=Rct20_NRE20-35","1-1",2,"LH","Rct20_NRE20-35",0.182321556793955,0.182321556793955,0.182321556793955,0.182321556793955,0.182321556793955,0.300104592450338,0.209759895807347,0.209759895807347,-0.327665696887954,FALSE,0.645289894062824,1.00105816679613,-0.323224358967663,FALSE,0.399144482238815,1.00099120453045,-0.262939666373351,TRUE,0.709404155361079,1.00102930198548,-0.34295532633522,FALSE,0.548020107650997,1.00104993782011
311,"rand=1-1_rate=2_ROB=LH_Bias=Rct20_NRE20-35","1-1",2,"LH","Rct20_NRE20-35",0.182321556793955,0.182321556793955,0.182321556793955,0.182321556793955,0.182321556793955,0.300104592450338,0.216587518963515,0.216587518963515,-0.284738773774142,TRUE,0.656649392472557,1.00099029605232,-0.312608191387839,FALSE,0.39299210596569,1.00108136056254,-0.421774265841902,TRUE,1.07386427772856,1.0010335507983,-0.283930878664031,FALSE,0.450905573544962,1.00101533153427
312,"rand=1-1_rate=2_ROB=LH_Bias=Rct20_NRE20-35","1-1",2,"LH","Rct20_NRE20-35",0.182321556793955,0.182321556793955,0.182321556793955,0.182321556793955,0.182321556793955,0.300104592450338,0.209663716589753,0.209663716589753,-0.231892215384866,TRUE,0.676679206506915,1.00098933178639,-0.229884988399727,FALSE,0.416192454713781,1.00100119229441,-0.230014780006075,TRUE,0.919762881180413,1.00117599094271,-0.229657170436464,TRUE,0.532471584594451,1.00099770108641
313,"rand=1-1_rate=2_ROB=LH_Bias=Rct20_NRE20-35","1-1",2,"LH","Rct20_NRE20-35",0.182321556793955,0.182321556793955,0.182321556793955,0.182321556793955,0.182321556793955,0.300104592450338,0.229950541996252,0.229950541996252,-0.38662979939004,FALSE,0.785176552183217,1.00101354211999,-0.32803772548586,FALSE,0.455214983402835,1.00113793059203,-0.666521715099065,FALSE,0.965262543925322,1.00105952170547,-0.212917523210839,TRUE,0.526927092800451,1.00101350041679
314,"rand=1-1_rate=2_ROB=LH_Bias=Rct20_NRE20-35","1-1",2,"LH","Rct20_NRE20-35",0.182321556793955,0.182321556793955,0.182321556793955,0.182321556793955,0.182321556793955,0.300104592450338,0.210316322763237,0.210316322763237,-0.119867023163424,TRUE,0.555144052352009,1.00098689866202,-0.125600732287262,TRUE,0.343233270123253,1.00101629068211,-0.111994159386827,TRUE,0.633534531883147,1.00099519239645,-0.127794185468993,TRUE,0.469556653191858,1.00104017285787
315,"rand=1-1_rate=2_ROB=LH_Bias=Rct20_NRE20-35","1-1",2,"LH","Rct20_NRE20-35",0.182321556793955,0.182321556793955,0.182321556793955,0.182321556793955,0.182321556793955,0.300104592450338,0.219970178846368,0.219970178846368,-0.211423955311538,TRUE,0.533494222854949,1.00098609100785,-0.23695245214435,FALSE,0.289102703617811,1.00098608947125,-0.179130131287035,TRUE,0.684696721222927,1.00119512104445,-0.251069938282903,FALSE,0.355172152868434,1.00099583391931
316,"rand=1-1_rate=2_ROB=LH_Bias=Rct20_NRE20-35","1-1",2,"LH","Rct20_NRE20-35",0.182321556793955,0.182321556793955,0.182321556793955,0.182321556793955,0.182321556793955,0.300104592450338,0.22945447999423,0.22945447999423,-0.0747218302820087,TRUE,0.704673502821594,1.00099250206031,-0.186347277633281,TRUE,0.529640516512889,1.00108708515939,-0.0433140231065678,TRUE,0.865231277989104,1.00101694011449,-0.271582853302025,TRUE,0.769834203603459,1.00101553515534
317,"rand=1-1_rate=2_ROB=LH_Bias=Rct20_NRE20-35","1-1",2,"LH","Rct20_NRE20-35",0.182321556793955,0.182321556793955,0.182321556793955,0.182321556793955,0.182321556793955,0.300104592450338,0.204059019294581,0.204059019294581,-0.111989709962543,TRUE,0.626321010527447,1.00098599004798,-0.207477212233932,FALSE,0.41501237507398,1.00102397603243,0.14682356541145,TRUE,0.489002308689006,1.00101169833534,-0.381343516532474,FALSE,0.518348100886383,1.00098918854641
318,"rand=1-1_rate=2_ROB=LH_Bias=Rct20_NRE20-35","1-1",2,"LH","Rct20_NRE20-35",0.182321556793955,0.182321556793955,0.182321556793955,0.182321556793955,0.182321556793955,0.300104592450338,0.229165399659644,0.229165399659644,-0.177751100868451,TRUE,0.640143868865778,1.00098778403998,-0.34286166442999,FALSE,0.522215853311223,1.00098600097351,-0.298176500135029,TRUE,0.801297585499377,1.00099596678074,-0.36006168479257,FALSE,0.782601659714963,1.00100877769193
319,"rand=1-1_rate=2_ROB=LH_Bias=Rct20_NRE20-35","1-1",2,"LH","Rct20_NRE20-35",0.182321556793955,0.182321556793955,0.182321556793955,0.182321556793955,0.182321556793955,0.300104592450338,0.206842082693049,0.206842082693049,-0.195651781755882,TRUE,0.599640782145358,1.00160655787349,-0.199413252227999,FALSE,0.375648644400069,1.00098788062844,-0.115203534155564,TRUE,0.591347501313565,1.00107086787318,-0.231174446537223,TRUE,0.544527593753252,1.00107885343078
320,"rand=1-1_rate=2_ROB=LH_Bias=Rct20_NRE20-35","1-1",2,"LH","Rct20_NRE20-35",0.182321556793955,0.182321556793955,0.182321556793955,0.182321556793955,0.182321556793955,0.300104592450338,0.218683479094611,0.218683479094611,-0.130070361150583,TRUE,0.500692258570446,1.00137555303137,-0.221951510105002,FALSE,0.294744947023977,1.00100498863243,0.00171996833545573,TRUE,0.560876262014578,1.00107193015022,-0.279541832327338,FALSE,0.359455634662978,1.00099648588174
321,"rand=1-1_rate=2_ROB=LH_Bias=Rct20_NRE20-35","1-1",2,"LH","Rct20_NRE20-35",0.182321556793955,0.182321556793955,0.182321556793955,0.182321556793955,0.182321556793955,0.300104592450338,0.215290650329211,0.215290650329211,-0.268088476178739,FALSE,0.552135375495566,1.00112799524022,-0.362540024511089,FALSE,0.325248730003373,1.00103642890183,-0.19294602359771,TRUE,0.642479598702498,1.00104754444326,-0.404611262932944,FALSE,0.421917214588741,1.00102686362942
322,"rand=1-1_rate=2_ROB=LH_Bias=Rct20_NRE20-35","1-1",2,"LH","Rct20_NRE20-35",0.182321556793955,0.182321556793955,0.182321556793955,0.182321556793955,0.182321556793955,0.300104592450338,0.212546534270905,0.212546534270905,-0.0374438086517057,TRUE,0.476273078590251,1.00099817789791,-0.256507245356137,FALSE,0.465667626319028,1.00098746238763,-0.153749082850235,TRUE,0.892308726019352,1.00098771571704,-0.30321934858748,FALSE,0.619926194012611,1.00099136661426
323,"rand=1-1_rate=2_ROB=LH_Bias=Rct20_NRE20-35","1-1",2,"LH","Rct20_NRE20-35",0.182321556793955,0.182321556793955,0.182321556793955,0.182321556793955,0.182321556793955,0.300104592450338,0.189671681547142,0.189671681547142,-0.337982890691005,FALSE,0.698399217903385,1.00098684080051,-0.259378208716816,FALSE,0.437861626437276,1.00099444277104,-0.51968303311048,FALSE,0.960423596621375,1.00114353286523,-0.173009598996505,TRUE,0.517899925028987,1.00100425145209
324,"rand=1-1_rate=2_ROB=LH_Bias=Rct20_NRE20-35","1-1",2,"LH","Rct20_NRE20-35",0.182321556793955,0.182321556793955,0.182321556793955,0.182321556793955,0.182321556793955,0.300104592450338,0.227098912782739,0.227098912782739,-0.243046040680268,TRUE,0.660721933518871,1.00109304297999,-0.291575979033318,FALSE,0.456454945470056,1.00098759271208,-0.278810413968333,TRUE,0.719496148298857,1.00105965517286,-0.293348448765689,TRUE,0.678477833739164,1.00100364086201
325,"rand=1-1_rate=2_ROB=LH_Bias=Rct20_NRE20-35","1-1",2,"LH","Rct20_NRE20-35",0.182321556793955,0.182321556793955,0.182321556793955,0.182321556793955,0.182321556793955,0.300104592450338,0.215668194833604,0.215668194833604,-0.275257648951416,FALSE,0.631425299889991,1.00098605889917,-0.355666653111551,FALSE,0.42942195493604,1.00099968131078,-0.43426542395807,FALSE,0.841884111479465,1.00099503317434,-0.328071632601813,FALSE,0.559617405386057,1.00100073848613
326,"rand=1-1_rate=2_ROB=LH_Bias=Rct20_NRE20-35","1-1",2,"LH","Rct20_NRE20-35",0.182321556793955,0.182321556793955,0.182321556793955,0.182321556793955,0.182321556793955,0.300104592450338,0.217401586106501,0.217401586106501,-0.0244686086717458,TRUE,0.542096680352933,1.00099716132465,-0.154534243369689,TRUE,0.436941878561887,1.00100344181539,-0.00582224414332444,TRUE,0.56036605617876,1.00108040129913,-0.230517242103981,TRUE,0.705274440910362,1.00099481309107
327,"rand=1-1_rate=2_ROB=LH_Bias=Rct20_NRE20-35","1-1",2,"LH","Rct20_NRE20-35",0.182321556793955,0.182321556793955,0.182321556793955,0.182321556793955,0.182321556793955,0.300104592450338,0.213283280812527,0.213283280812527,-0.0522181010603144,TRUE,0.537660477795769,1.00139356912369,-0.16532611048178,TRUE,0.43569310309278,1.00098599262491,-0.102447550173787,TRUE,0.666639987203788,1.00101748870818,-0.203950182132614,TRUE,0.646035476823154,1.00102076219308
328,"rand=1-1_rate=2_ROB=LH_Bias=Rct20_NRE20-35","1-1",2,"LH","Rct20_NRE20-35",0.182321556793955,0.182321556793955,0.182321556793955,0.182321556793955,0.182321556793955,0.300104592450338,0.227995876293723,0.227995876293723,-0.110084351438933,TRUE,0.574144418463967,1.00110513209595,-0.271731772122821,FALSE,0.4598745454264,1.00099002277013,-0.266686708321509,TRUE,0.750863516973112,1.00111450696802,-0.270895162940476,TRUE,0.656621425830512,1.00101556425014
329,"rand=1-1_rate=2_ROB=LH_Bias=Rct20_NRE20-35","1-1",2,"LH","Rct20_NRE20-35",0.182321556793955,0.182321556793955,0.182321556793955,0.182321556793955,0.182321556793955,0.300104592450338,0.204514506183896,0.204514506183896,-0.273742536686987,TRUE,0.681364381401016,1.00100975020332,-0.215548270446186,FALSE,0.432175130383093,1.00098768714506,-0.289045945067498,TRUE,0.957757704799649,1.00098690200493,-0.186328436559902,TRUE,0.537626800702761,1.00100936690068
330,"rand=1-1_rate=2_ROB=LH_Bias=Rct20_NRE20-35","1-1",2,"LH","Rct20_NRE20-35",0.182321556793955,0.182321556793955,0.182321556793955,0.182321556793955,0.182321556793955,0.300104592450338,0.213653243335068,0.213653243335068,-0.0685905818402552,TRUE,0.509423013695485,1.00114099920057,-0.20928870510961,FALSE,0.34560306103649,1.00104263742895,-0.0435844279553144,TRUE,0.579165743234417,1.00356013918027,-0.265351808169574,FALSE,0.483094623785127,1.00099366956185
331,"rand=1-1_rate=2_ROB=LH_Bias=Rct20_NRE20-35","1-1",2,"LH","Rct20_NRE20-35",0.182321556793955,0.182321556793955,0.182321556793955,0.182321556793955,0.182321556793955,0.300104592450338,0.213298559184349,0.213298559184349,-0.170764768567984,TRUE,0.478899140587944,1.00098667717424,-0.212540073542981,FALSE,0.217611811279285,1.0011787924218,-0.11782689144616,TRUE,0.95116796535133,1.00099394136321,-0.22453301899474,FALSE,0.218593307605038,1.0009929743849
332,"rand=1-1_rate=2_ROB=LH_Bias=Rct20_NRE20-35","1-1",2,"LH","Rct20_NRE20-35",0.182321556793955,0.182321556793955,0.182321556793955,0.182321556793955,0.182321556793955,0.300104592450338,0.200149166311111,0.200149166311111,-0.0820343926143505,TRUE,0.596536461681618,1.00109155181204,-0.158421626459043,TRUE,0.434092691844541,1.0009953617714,-0.0823323521364991,TRUE,0.662771484218693,1.00098632346394,-0.197008218211762,TRUE,0.641719344150971,1.00101941881046
333,"rand=1-1_rate=2_ROB=LH_Bias=Rct20_NRE20-35","1-1",2,"LH","Rct20_NRE20-35",0.182321556793955,0.182321556793955,0.182321556793955,0.182321556793955,0.182321556793955,0.300104592450338,0.203424466487915,0.203424466487915,-0.401050487040352,FALSE,0.789334916175163,1.00107332043834,-0.334922580611134,FALSE,0.503067932218806,1.0009894392902,-0.578253370669971,FALSE,0.965428167848341,1.00112126255896,-0.247989515125052,TRUE,0.641348641889652,1.00099106155319
334,"rand=1-1_rate=2_ROB=LH_Bias=Rct20_NRE20-35","1-1",2,"LH","Rct20_NRE20-35",0.182321556793955,0.182321556793955,0.182321556793955,0.182321556793955,0.182321556793955,0.300104592450338,0.212636811046387,0.212636811046387,-0.0226378881989351,TRUE,0.491184400347847,1.00098866942984,-0.136815895951,TRUE,0.365024805583654,1.0010105895996,0.0358698292720036,TRUE,0.815081165608153,1.00103301596748,-0.196307698488116,FALSE,0.415651199639186,1.00100751679802
335,"rand=1-1_rate=2_ROB=LH_Bias=Rct20_NRE20-35","1-1",2,"LH","Rct20_NRE20-35",0.182321556793955,0.182321556793955,0.182321556793955,0.182321556793955,0.182321556793955,0.300104592450338,0.217899294420735,0.217899294420735,-0.421903930028456,FALSE,0.724387399600315,1.00133280393291,-0.475133253970152,FALSE,0.45312531564784,1.00101128919215,-0.41989513995663,FALSE,0.782463148201219,1.00101648836449,-0.492098138932279,FALSE,0.653903710855174,1.00102855286957
336,"rand=1-1_rate=2_ROB=LH_Bias=Rct20_NRE20-35","1-1",2,"LH","Rct20_NRE20-35",0.182321556793955,0.182321556793955,0.182321556793955,0.182321556793955,0.182321556793955,0.300104592450338,0.220922027989729,0.220922027989729,-0.321493978866387,FALSE,0.572446964403224,1.00115983619454,-0.37943394651366,FALSE,0.32052953012547,1.00100660512716,-0.170683580873568,TRUE,0.748959446590428,1.0011206557923,-0.42610738638353,FALSE,0.374948013716719,1.00099725510372
337,"rand=1-1_rate=2_ROB=LH_Bias=Rct20_NRE20-35","1-1",2,"LH","Rct20_NRE20-35",0.182321556793955,0.182321556793955,0.182321556793955,0.182321556793955,0.182321556793955,0.300104592450338,0.207061379314844,0.207061379314844,-0.113448260516225,TRUE,0.585459764050283,1.00112516489899,-0.221185665552398,FALSE,0.449352949415193,1.00098827535984,-0.14963737796825,TRUE,0.691233662342706,1.00101567259638,-0.253693166676257,TRUE,0.672912237217141,1.00098613346588
338,"rand=1-1_rate=2_ROB=LH_Bias=Rct20_NRE20-35","1-1",2,"LH","Rct20_NRE20-35",0.182321556793955,0.182321556793955,0.182321556793955,0.182321556793955,0.182321556793955,0.300104592450338,0.204948027742251,0.204948027742251,-0.324972059961182,FALSE,0.74734417882342,1.00113435154682,-0.278340197094427,FALSE,0.501264460323983,1.00098628529648,-0.244838974729334,TRUE,0.713969950349051,1.00101862344238,-0.294310442933966,TRUE,0.786540059186774,1.000986329165
339,"rand=1-1_rate=2_ROB=LH_Bias=Rct20_NRE20-35","1-1",2,"LH","Rct20_NRE20-35",0.182321556793955,0.182321556793955,0.182321556793955,0.182321556793955,0.182321556793955,0.300104592450338,0.207202023597031,0.207202023597031,-0.159936208208375,TRUE,0.575659183976807,1.00100061332847,-0.223128740583725,FALSE,0.386350556160034,1.00099814848916,-0.101527417354196,TRUE,0.743613115873004,1.0010061397647,-0.27063012874537,FALSE,0.498100488951175,1.0010011587072
340,"rand=1-1_rate=2_ROB=LH_Bias=Rct20_NRE20-35","1-1",2,"LH","Rct20_NRE20-35",0.182321556793955,0.182321556793955,0.182321556793955,0.182321556793955,0.182321556793955,0.300104592450338,0.21530954571272,0.21530954571272,-0.311234907582552,FALSE,0.569722473725813,1.00145481664873,-0.257780113007997,FALSE,0.311526942272625,1.00101823791949,-0.135211883690552,TRUE,0.699777769643166,1.00105290877485,-0.291229704563787,FALSE,0.374236946848421,1.00099183354488
341,"rand=1-1_rate=2_ROB=LH_Bias=Rct20_NRE20-35","1-1",2,"LH","Rct20_NRE20-35",0.182321556793955,0.182321556793955,0.182321556793955,0.182321556793955,0.182321556793955,0.300104592450338,0.201086073484057,0.201086073484057,-0.231710186230571,TRUE,0.697844223676111,1.00115163846334,-0.325330533096753,FALSE,0.559429520018972,1.00098599001324,-0.188236876042815,TRUE,0.64965410549226,1.0013746388047,-0.407682480352132,FALSE,0.94353156950676,1.00099794764436
342,"rand=1-1_rate=2_ROB=LH_Bias=Rct20_NRE20-35","1-1",2,"LH","Rct20_NRE20-35",0.182321556793955,0.182321556793955,0.182321556793955,0.182321556793955,0.182321556793955,0.300104592450338,0.212186232815313,0.212186232815313,-0.45697479635148,FALSE,0.663915145948161,1.00105481607969,-0.454451553156508,FALSE,0.360629203363672,1.00102100619054,-0.386617632609164,FALSE,0.760010372679395,1.00102175194504,-0.470270848033506,FALSE,0.483324998717342,1.00103083038947
343,"rand=1-1_rate=2_ROB=LH_Bias=Rct20_NRE20-35","1-1",2,"LH","Rct20_NRE20-35",0.182321556793955,0.182321556793955,0.182321556793955,0.182321556793955,0.182321556793955,0.300104592450338,0.211017045963586,0.211017045963586,-0.265256345457093,TRUE,0.660789512727394,1.00098775709049,-0.263447014618719,FALSE,0.4156618605308,1.00119696338318,-0.175074650865313,TRUE,0.653891379606783,1.00110246518311,-0.301918070806886,FALSE,0.613024098835086,1.00098623574865
344,"rand=1-1_rate=2_ROB=LH_Bias=Rct20_NRE20-35","1-1",2,"LH","Rct20_NRE20-35",0.182321556793955,0.182321556793955,0.182321556793955,0.182321556793955,0.182321556793955,0.300104592450338,0.232736475689172,0.232736475689172,-0.403888937441334,FALSE,0.725722390314466,1.00098609946551,-0.446944922393373,FALSE,0.464815825394652,1.00098792203912,-0.572006751514405,FALSE,0.998479844820864,1.00099009380288,-0.403263517006698,FALSE,0.579876685438951,1.0009866508616
345,"rand=1-1_rate=2_ROB=LH_Bias=Rct20_NRE20-35","1-1",2,"LH","Rct20_NRE20-35",0.182321556793955,0.182321556793955,0.182321556793955,0.182321556793955,0.182321556793955,0.300104592450338,0.213869520658683,0.213869520658683,-0.25802484083511,TRUE,0.619094755587497,1.00098748226141,-0.231178652848682,FALSE,0.359351407961128,1.00099316805815,-0.0521688925239405,TRUE,0.53282539990579,1.00139387599268,-0.298988373033362,FALSE,0.535775509458943,1.00100113314447
346,"rand=1-1_rate=2_ROB=LH_Bias=Rct20_NRE20-35","1-1",2,"LH","Rct20_NRE20-35",0.182321556793955,0.182321556793955,0.182321556793955,0.182321556793955,0.182321556793955,0.300104592450338,0.216602055923966,0.216602055923966,-0.306920339475793,FALSE,0.635719745260059,1.00103641832271,-0.387004756913837,FALSE,0.421903360718926,1.00142234431481,0.0617684471358082,TRUE,0.62751896134634,1.00133943867983,-0.555283452396672,FALSE,0.408448129285292,1.00106116267654
347,"rand=1-1_rate=2_ROB=LH_Bias=Rct20_NRE20-35","1-1",2,"LH","Rct20_NRE20-35",0.182321556793955,0.182321556793955,0.182321556793955,0.182321556793955,0.182321556793955,0.300104592450338,0.201494153753968,0.201494153753968,-0.310548167624536,FALSE,0.657181710709189,1.00101406733588,-0.292836499146917,FALSE,0.399046713638267,1.00102769361579,-0.372685761517046,FALSE,0.843047184585251,1.00099367058631,-0.268138012400348,FALSE,0.513349074631251,1.00098719115321
348,"rand=1-1_rate=2_ROB=LH_Bias=Rct20_NRE20-35","1-1",2,"LH","Rct20_NRE20-35",0.182321556793955,0.182321556793955,0.182321556793955,0.182321556793955,0.182321556793955,0.300104592450338,0.214322840036746,0.214322840036746,-0.254558834754794,TRUE,0.693250645564427,1.00103707999065,-0.252924770700811,FALSE,0.432712712952698,1.00098602542636,-0.0771211372741609,TRUE,0.797359653159481,1.00104402245441,-0.329775596078721,FALSE,0.574735254076359,1.00100547837166
349,"rand=1-1_rate=2_ROB=LH_Bias=Rct20_NRE20-35","1-1",2,"LH","Rct20_NRE20-35",0.182321556793955,0.182321556793955,0.182321556793955,0.182321556793955,0.182321556793955,0.300104592450338,0.20858559415564,0.20858559415564,-0.323750621023009,FALSE,0.700183592665053,1.00100136821132,-0.355366179956143,FALSE,0.449110009847346,1.00098637624294,-0.250103987178,TRUE,0.701060509054923,1.00114699139764,-0.39732987219678,FALSE,0.654295694108421,1.00100258528931
350,"rand=1-1_rate=2_ROB=LH_Bias=Rct20_NRE20-35","1-1",2,"LH","Rct20_NRE20-35",0.182321556793955,0.182321556793955,0.182321556793955,0.182321556793955,0.182321556793955,0.300104592450338,0.214496477953234,0.214496477953234,-0.198721925734827,TRUE,0.616233435404432,1.0011388155303,-0.273786120616107,FALSE,0.398254150093798,1.00098761445423,-0.39218703568296,FALSE,0.897580541449394,1.00124308178877,-0.23852938973351,FALSE,0.487212604574091,1.0009864262095
351,"rand=1-1_rate=2_ROB=LH_Bias=Rct20_NRE20-35","1-1",2,"LH","Rct20_NRE20-35",0.182321556793955,0.182321556793955,0.182321556793955,0.182321556793955,0.182321556793955,0.300104592450338,0.218548071899364,0.218548071899364,-0.18081982429046,TRUE,0.649060484035264,1.00127438345356,-0.201501970224427,FALSE,0.420139672554274,1.00100497277936,-0.458370002460657,FALSE,0.777912324291941,1.00136957644677,-0.11228993639826,TRUE,0.563581019443188,1.00099501148401
352,"rand=1-1_rate=2_ROB=LH_Bias=Rct20_NRE20-35","1-1",2,"LH","Rct20_NRE20-35",0.182321556793955,0.182321556793955,0.182321556793955,0.182321556793955,0.182321556793955,0.300104592450338,0.220482339769134,0.220482339769134,-0.0843369068346649,TRUE,0.555463707425532,1.00098648828065,-0.0678462672621263,TRUE,0.331602612128641,1.00099766949977,-0.192401306347667,TRUE,0.686375915011139,1.00108145366832,-0.0280805005400167,TRUE,0.426051734104814,1.00100179001567
353,"rand=1-1_rate=2_ROB=LH_Bias=Rct20_NRE20-35","1-1",2,"LH","Rct20_NRE20-35",0.182321556793955,0.182321556793955,0.182321556793955,0.182321556793955,0.182321556793955,0.300104592450338,0.216689940553297,0.216689940553297,-0.280627664257542,TRUE,0.724206268064342,1.00109022024301,-0.26971872002205,FALSE,0.464369270096822,1.00102947187769,-0.410975195283816,TRUE,1.11236333358185,1.00098768387102,-0.218252744346785,TRUE,0.562610846706582,1.00098626762591
354,"rand=1-1_rate=2_ROB=LH_Bias=Rct20_NRE20-35","1-1",2,"LH","Rct20_NRE20-35",0.182321556793955,0.182321556793955,0.182321556793955,0.182321556793955,0.182321556793955,0.300104592450338,0.194443567331653,0.194443567331653,-0.0648820006178981,TRUE,0.467774942798955,1.00098598994986,-0.218945067064364,FALSE,0.346234625477542,1.00099879400494,-0.0690017558347615,TRUE,0.55487877644501,1.00101538224758,-0.273275295555912,FALSE,0.482162114580395,1.00099072908454
355,"rand=1-1_rate=2_ROB=LH_Bias=Rct20_NRE20-35","1-1",2,"LH","Rct20_NRE20-35",0.182321556793955,0.182321556793955,0.182321556793955,0.182321556793955,0.182321556793955,0.300104592450338,0.205528999355912,0.205528999355912,-0.283269195811761,FALSE,0.580156066928828,1.00099120432322,-0.285763641533572,FALSE,0.316786131615717,1.00103534527712,-0.143847782240095,TRUE,0.667194209250481,1.00101536849568,-0.321092113496986,FALSE,0.388525320412104,1.0010146359663
356,"rand=1-1_rate=2_ROB=LH_Bias=Rct20_NRE20-35","1-1",2,"LH","Rct20_NRE20-35",0.182321556793955,0.182321556793955,0.182321556793955,0.182321556793955,0.182321556793955,0.300104592450338,0.217540787173107,0.217540787173107,-0.0659233006341624,TRUE,0.54064902524805,1.00137488322093,-0.135177070933788,TRUE,0.376914301400491,1.00099238439113,-0.0198910449856595,TRUE,0.673671344907442,1.00100563488439,-0.182720338027326,TRUE,0.506145405037825,1.00100683122898
357,"rand=1-1_rate=2_ROB=LH_Bias=Rct20_NRE20-35","1-1",2,"LH","Rct20_NRE20-35",0.182321556793955,0.182321556793955,0.182321556793955,0.182321556793955,0.182321556793955,0.300104592450338,0.229394311037974,0.229394311037974,-0.191869825681489,TRUE,0.632957471853914,1.00103583460748,-0.270969611118433,FALSE,0.455015301220598,1.00101019914275,-0.36124642557198,FALSE,0.827526250205882,1.00176470308795,-0.239806236233698,TRUE,0.626281617626268,1.00098628194342
358,"rand=1-1_rate=2_ROB=LH_Bias=Rct20_NRE20-35","1-1",2,"LH","Rct20_NRE20-35",0.182321556793955,0.182321556793955,0.182321556793955,0.182321556793955,0.182321556793955,0.300104592450338,0.183878234920708,0.183878234920708,-0.140811251558354,TRUE,0.572194747915766,1.00100953278297,-0.167174488839308,TRUE,0.362479306412642,1.00106077970745,-0.137944699875752,TRUE,0.635878944251878,1.00100168656884,-0.180675249467059,TRUE,0.503555480818139,1.00099476079871
359,"rand=1-1_rate=2_ROB=LH_Bias=Rct20_NRE20-35","1-1",2,"LH","Rct20_NRE20-35",0.182321556793955,0.182321556793955,0.182321556793955,0.182321556793955,0.182321556793955,0.300104592450338,0.222135553209016,0.222135553209016,-0.31105242747128,FALSE,0.623074177020652,1.00100488539143,-0.231969729966224,FALSE,0.336852447032101,1.00099693009868,-0.625160092836792,FALSE,0.978600471824276,1.00161947595462,-0.14953232063761,TRUE,0.334910870969629,1.0010244597623
360,"rand=1-1_rate=2_ROB=LH_Bias=Rct20_NRE20-35","1-1",2,"LH","Rct20_NRE20-35",0.182321556793955,0.182321556793955,0.182321556793955,0.182321556793955,0.182321556793955,0.300104592450338,0.222441723076208,0.222441723076208,-0.180059018778327,TRUE,0.530230024033966,1.00101321986932,-0.333643671393213,FALSE,0.3837356730675,1.0011225939076,-0.352266283931161,TRUE,0.877100650673255,1.00109322422903,-0.328633788835217,FALSE,0.481215578231489,1.00098682873729
361,"rand=1-1_rate=2_ROB=LH_Bias=Rct20_NRE20-35","1-1",2,"LH","Rct20_NRE20-35",0.182321556793955,0.182321556793955,0.182321556793955,0.182321556793955,0.182321556793955,0.300104592450338,0.236997537197799,0.236997537197799,-0.235473170459528,TRUE,0.629510376760714,1.00098949578523,-0.257668757751108,FALSE,0.393634143078171,1.00101550042521,-0.177079903604882,TRUE,0.673281345560375,1.00104144523837,-0.285462123428233,FALSE,0.561845936570272,1.0010589410174
362,"rand=1-1_rate=2_ROB=LH_Bias=Rct20_NRE20-35","1-1",2,"LH","Rct20_NRE20-35",0.182321556793955,0.182321556793955,0.182321556793955,0.182321556793955,0.182321556793955,0.300104592450338,0.222073809270347,0.222073809270347,-0.173920557632221,TRUE,0.617799572222857,1.00100083770785,-0.255131012337413,FALSE,0.441581502987156,1.00107603438444,-0.244950551353565,TRUE,0.75822744277535,1.00098797384107,-0.263667979600442,TRUE,0.620883236051561,1.00098929004441
363,"rand=1-1_rate=2_ROB=LH_Bias=Rct20_NRE20-35","1-1",2,"LH","Rct20_NRE20-35",0.182321556793955,0.182321556793955,0.182321556793955,0.182321556793955,0.182321556793955,0.300104592450338,0.2064072450591,0.2064072450591,-0.213530382679733,TRUE,0.556593236747612,1.00103113750653,-0.294216634121855,FALSE,0.356508477417638,1.00099151978799,-0.29173224112124,TRUE,0.720680335866333,1.00107789025854,-0.295482621742541,FALSE,0.470841318620195,1.00099589267722
364,"rand=1-1_rate=2_ROB=LH_Bias=Rct20_NRE20-35","1-1",2,"LH","Rct20_NRE20-35",0.182321556793955,0.182321556793955,0.182321556793955,0.182321556793955,0.182321556793955,0.300104592450338,0.215970294101059,0.215970294101059,-0.25833986024649,TRUE,0.608698789371167,1.00120529854942,-0.354271894610769,FALSE,0.404149639766227,1.00098722287889,-0.406899254175284,FALSE,0.726322416433959,1.00125197967927,-0.336585642220338,FALSE,0.570480664797089,1.00109531835011
365,"rand=1-1_rate=2_ROB=LH_Bias=Rct20_NRE20-35","1-1",2,"LH","Rct20_NRE20-35",0.182321556793955,0.182321556793955,0.182321556793955,0.182321556793955,0.182321556793955,0.300104592450338,0.211430318533364,0.211430318533364,-0.0478804192921689,TRUE,0.535805284834613,1.00101237351053,-0.144255298665606,TRUE,0.399013373520168,1.00098636028397,0.0371341131644229,TRUE,0.675464960617488,1.00099184319385,-0.231518883094333,TRUE,0.528804425122177,1.00098739746698
366,"rand=1-1_rate=2_ROB=LH_Bias=Rct20_NRE20-35","1-1",2,"LH","Rct20_NRE20-35",0.182321556793955,0.182321556793955,0.182321556793955,0.182321556793955,0.182321556793955,0.300104592450338,0.215372470248439,0.215372470248439,-0.283730983174178,TRUE,0.69189950822921,1.00119336867402,-0.22661541237378,FALSE,0.417061102511272,1.00100719675831,-0.331409795294208,TRUE,0.827719042859235,1.00108301921483,-0.190327096781161,TRUE,0.548434584103449,1.00103718245757
367,"rand=1-1_rate=2_ROB=LH_Bias=Rct20_NRE20-35","1-1",2,"LH","Rct20_NRE20-35",0.182321556793955,0.182321556793955,0.182321556793955,0.182321556793955,0.182321556793955,0.300104592450338,0.203220443747708,0.203220443747708,-0.136839059530984,TRUE,0.744899349318154,1.00098696362147,-0.17536649613847,TRUE,0.537746017979582,1.00099509115425,-0.112806056392462,TRUE,0.8867769938366,1.00102816991428,-0.211291664439312,TRUE,0.797460085182192,1.00099467458095
368,"rand=1-1_rate=2_ROB=LH_Bias=Rct20_NRE20-35","1-1",2,"LH","Rct20_NRE20-35",0.182321556793955,0.182321556793955,0.182321556793955,0.182321556793955,0.182321556793955,0.300104592450338,0.217544494543461,0.217544494543461,-0.257934314849258,TRUE,0.624015931400733,1.00196509827479,-0.329276309884134,FALSE,0.400200176837087,1.00098607940783,-0.134349812669052,TRUE,0.589416160074166,1.00098932711763,-0.40211068591004,FALSE,0.588209514362521,1.00100624961825
369,"rand=1-1_rate=2_ROB=LH_Bias=Rct20_NRE20-35","1-1",2,"LH","Rct20_NRE20-35",0.182321556793955,0.182321556793955,0.182321556793955,0.182321556793955,0.182321556793955,0.300104592450338,0.21359452327138,0.21359452327138,-0.0625401367214802,TRUE,0.522156455846363,1.00101508457895,-0.182155675046492,FALSE,0.39144402912371,1.00103358678205,-0.116383574504879,TRUE,0.627736450248545,1.00128624308065,-0.207769476391148,TRUE,0.585349689187414,1.0010119509061
370,"rand=1-1_rate=2_ROB=LH_Bias=Rct20_NRE20-35","1-1",2,"LH","Rct20_NRE20-35",0.182321556793955,0.182321556793955,0.182321556793955,0.182321556793955,0.182321556793955,0.300104592450338,0.212125167430787,0.212125167430787,-0.171264563037683,TRUE,0.63820176420267,1.00105183150972,-0.305261647146803,FALSE,0.469603780924487,1.00107076321577,-0.540583006164264,FALSE,1.04030945754338,1.0009976761766,-0.216879484213966,TRUE,0.55765328514968,1.00098617601967
371,"rand=1-1_rate=2_ROB=LH_Bias=Rct20_NRE20-35","1-1",2,"LH","Rct20_NRE20-35",0.182321556793955,0.182321556793955,0.182321556793955,0.182321556793955,0.182321556793955,0.300104592450338,0.211875368404828,0.211875368404828,-0.0652802837415452,TRUE,0.566792463246268,1.00099127747404,-0.188823383793017,FALSE,0.386817983466115,1.00103770404307,-0.0609747571612396,TRUE,0.793309819048022,1.00102279427461,-0.244320965420446,FALSE,0.481700701823289,1.00098611821367
372,"rand=1-1_rate=2_ROB=LH_Bias=Rct20_NRE20-35","1-1",2,"LH","Rct20_NRE20-35",0.182321556793955,0.182321556793955,0.182321556793955,0.182321556793955,0.182321556793955,0.300104592450338,0.220016657389702,0.220016657389702,-0.107440437687756,TRUE,0.539919965229103,1.00118226904662,-0.155514334873822,TRUE,0.34290206686894,1.00098608399261,-0.184732630374351,TRUE,0.814758579544404,1.00164216584092,-0.147077570345164,TRUE,0.420838962724305,1.0009941489527
373,"rand=1-1_rate=2_ROB=LH_Bias=Rct20_NRE20-35","1-1",2,"LH","Rct20_NRE20-35",0.182321556793955,0.182321556793955,0.182321556793955,0.182321556793955,0.182321556793955,0.300104592450338,0.20841303056244,0.20841303056244,-0.274698542874805,TRUE,0.623924316047986,1.00099244311447,-0.390922586336253,FALSE,0.43631137138434,1.00105247905001,-0.141076326288451,TRUE,0.634921649313728,1.00176887933893,-0.489324855968851,FALSE,0.61706892465441,1.0010107431832
374,"rand=1-1_rate=2_ROB=LH_Bias=Rct20_NRE20-35","1-1",2,"LH","Rct20_NRE20-35",0.182321556793955,0.182321556793955,0.182321556793955,0.182321556793955,0.182321556793955,0.300104592450338,0.21599703790618,0.21599703790618,-0.125181031564356,TRUE,0.607404594718306,1.00123576984518,-0.163194708055777,TRUE,0.390376616057213,1.00101388211958,-0.0112766761133627,TRUE,0.677711557338051,1.00099581072735,-0.227263949056003,TRUE,0.527199666643614,1.0009903009199
375,"rand=1-1_rate=2_ROB=LH_Bias=Rct20_NRE20-35","1-1",2,"LH","Rct20_NRE20-35",0.182321556793955,0.182321556793955,0.182321556793955,0.182321556793955,0.182321556793955,0.300104592450338,0.214652734481828,0.214652734481828,-0.331429660458244,FALSE,0.646092214972642,1.00103731565707,-0.3295346067871,FALSE,0.387066281824627,1.00099367619511,-0.374008665541397,FALSE,0.741611765312641,1.00233467951643,-0.316139784744903,FALSE,0.52778976374183,1.00098632453288
376,"rand=1-1_rate=2_ROB=LH_Bias=Rct20_NRE20-35","1-1",2,"LH","Rct20_NRE20-35",0.182321556793955,0.182321556793955,0.182321556793955,0.182321556793955,0.182321556793955,0.300104592450338,0.203479433242068,0.203757472621554,-0.0626066966099437,TRUE,0.497160380511321,1.00129029784842,-0.185917838848951,FALSE,0.345486466730364,1.00098942723915,-0.0918074112559284,TRUE,0.738862513872612,1.0016841841295,-0.215757343755135,FALSE,0.440190865762977,1.00102027221333
377,"rand=1-1_rate=2_ROB=LH_Bias=Rct20_NRE20-35","1-1",2,"LH","Rct20_NRE20-35",0.182321556793955,0.182321556793955,0.182321556793955,0.182321556793955,0.182321556793955,0.300104592450338,0.197539406019818,0.197539406019818,-0.0816115125924606,TRUE,0.553798893694815,1.00103509814255,-0.146033670078696,TRUE,0.37708432969326,1.00099427637199,-0.121468354956973,TRUE,0.652486076229352,1.00101150461524,-0.155681368004928,TRUE,0.534689639719537,1.00105689049547
378,"rand=1-1_rate=2_ROB=LH_Bias=Rct20_NRE20-35","1-1",2,"LH","Rct20_NRE20-35",0.182321556793955,0.182321556793955,0.182321556793955,0.182321556793955,0.182321556793955,0.300104592450338,0.206590302670358,0.206590302670358,-0.118437088791117,TRUE,0.581391751955921,1.0010098595824,-0.240728278435342,FALSE,0.415892546323761,1.00100207398869,-0.264308196336514,TRUE,0.889558234005082,1.00113329838336,-0.23113878986241,FALSE,0.529950340910617,1.00107764412517
379,"rand=1-1_rate=2_ROB=LH_Bias=Rct20_NRE20-35","1-1",2,"LH","Rct20_NRE20-35",0.182321556793955,0.182321556793955,0.182321556793955,0.182321556793955,0.182321556793955,0.300104592450338,0.215137810774521,0.215137810774521,-0.142678670865155,TRUE,0.713052606732837,1.00099302309088,-0.190173500723949,TRUE,0.492792523196454,1.00098956986518,-0.136817088006704,TRUE,0.940257952945844,1.00098978291932,-0.216514058241959,TRUE,0.663400809299943,1.00099863123853
380,"rand=1-1_rate=2_ROB=LH_Bias=Rct20_NRE20-35","1-1",2,"LH","Rct20_NRE20-35",0.182321556793955,0.182321556793955,0.182321556793955,0.182321556793955,0.182321556793955,0.300104592450338,0.208685504600774,0.208685504600774,-0.221749482978625,TRUE,0.599300056240567,1.00099332728684,-0.303190415487591,FALSE,0.404377632837921,1.00101419622509,-0.320521165059649,TRUE,0.749442026683854,1.00108075218607,-0.297279332823789,FALSE,0.556368951505983,1.00098613736202
381,"rand=1-1_rate=2_ROB=LH_Bias=Rct20_NRE20-35","1-1",2,"LH","Rct20_NRE20-35",0.182321556793955,0.182321556793955,0.182321556793955,0.182321556793955,0.182321556793955,0.300104592450338,0.224791833052259,0.224791833052259,-0.128693059845662,TRUE,0.498322647340788,1.00098946266976,-0.237852754539033,FALSE,0.343445696681867,1.00101622361458,-0.168354607268534,TRUE,0.675632822794915,1.00126611725181,-0.259207687131782,FALSE,0.444776533964518,1.00100529307757
382,"rand=1-1_rate=2_ROB=LH_Bias=Rct20_NRE20-35","1-1",2,"LH","Rct20_NRE20-35",0.182321556793955,0.182321556793955,0.182321556793955,0.182321556793955,0.182321556793955,0.300104592450338,0.218758895283276,0.218758895283276,-0.223664719605991,TRUE,0.719658585665725,1.00103812810687,-0.232520181761435,FALSE,0.469381826881645,1.00100032365169,-0.162831280348563,TRUE,0.925446479653319,1.00098647381372,-0.267615995968706,TRUE,0.616182897152183,1.00098599158234
383,"rand=1-1_rate=2_ROB=LH_Bias=Rct20_NRE20-35","1-1",2,"LH","Rct20_NRE20-35",0.182321556793955,0.182321556793955,0.182321556793955,0.182321556793955,0.182321556793955,0.300104592450338,0.217543397481,0.217543397481,-0.214235522474671,TRUE,0.661204771699511,1.00110887124495,-0.257516279775101,FALSE,0.462017238043464,1.00098609203616,-0.286845008139122,TRUE,0.74042480824826,1.00099337862431,-0.243700128407778,TRUE,0.693193805590231,1.00099407397963
384,"rand=1-1_rate=2_ROB=LH_Bias=Rct20_NRE20-35","1-1",2,"LH","Rct20_NRE20-35",0.182321556793955,0.182321556793955,0.182321556793955,0.182321556793955,0.182321556793955,0.300104592450338,0.211076743175844,0.211076743175844,-0.305501108249151,FALSE,0.639142413560492,1.0009874304382,-0.32579012494255,FALSE,0.395520848210373,1.00112888046459,-0.377196279778912,FALSE,0.798295389868489,1.00124983472969,-0.31028536095805,FALSE,0.515027562292166,1.00098715179603
385,"rand=1-1_rate=2_ROB=LH_Bias=Rct20_NRE20-35","1-1",2,"LH","Rct20_NRE20-35",0.182321556793955,0.182321556793955,0.182321556793955,0.182321556793955,0.182321556793955,0.300104592450338,0.210427408459122,0.210427408459122,-0.216261291609849,TRUE,0.635254406600491,1.00099463060836,-0.308630803229354,FALSE,0.43952383093546,1.00098652156988,-0.235489848352597,TRUE,0.726113361573824,1.00106011143735,-0.335820335412069,FALSE,0.633692178026634,1.00108958640838
386,"rand=1-1_rate=2_ROB=LH_Bias=Rct20_NRE20-35","1-1",2,"LH","Rct20_NRE20-35",0.182321556793955,0.182321556793955,0.182321556793955,0.182321556793955,0.182321556793955,0.300104592450338,0.188737975371368,0.188737975371368,-0.351587016441331,FALSE,0.64733960423856,1.0011452183826,-0.216639691608812,FALSE,0.369237776107057,1.00099156053295,-0.416229351945849,FALSE,0.753155842085506,1.00101223950035,-0.158124141374932,TRUE,0.464618707480523,1.00103177986174
387,"rand=1-1_rate=2_ROB=LH_Bias=Rct20_NRE20-35","1-1",2,"LH","Rct20_NRE20-35",0.182321556793955,0.182321556793955,0.182321556793955,0.182321556793955,0.182321556793955,0.300104592450338,0.220370221366911,0.220370221366911,-0.182150526171239,TRUE,0.583566405296418,1.00101682530997,-0.256036780721022,FALSE,0.380042942592788,1.00098873482294,-0.0707733252230696,TRUE,0.714020068513421,1.00103582322865,-0.319130295035728,FALSE,0.478203808902064,1.00099216776054
388,"rand=1-1_rate=2_ROB=LH_Bias=Rct20_NRE20-35","1-1",2,"LH","Rct20_NRE20-35",0.182321556793955,0.182321556793955,0.182321556793955,0.182321556793955,0.182321556793955,0.300104592450338,0.198898376887455,0.198898376887455,-0.333810964969748,FALSE,0.668060725124175,1.00102855654371,-0.378438737071027,FALSE,0.424572686197483,1.00106771870185,-0.235892035288459,TRUE,0.677313016850626,1.00100039028081,-0.436986381675005,FALSE,0.615869506900989,1.00098669636286
389,"rand=1-1_rate=2_ROB=LH_Bias=Rct20_NRE20-35","1-1",2,"LH","Rct20_NRE20-35",0.182321556793955,0.182321556793955,0.182321556793955,0.182321556793955,0.182321556793955,0.300104592450338,0.209543403048547,0.209543403048547,-0.317071983012614,FALSE,0.72093403405265,1.00112973827481,-0.360665392458375,FALSE,0.495935477398628,1.00098606401225,-0.212726592949396,TRUE,0.662208987231487,1.00144246920848,-0.43888055612654,FALSE,0.793623477765131,1.00098769723523
390,"rand=1-1_rate=2_ROB=LH_Bias=Rct20_NRE20-35","1-1",2,"LH","Rct20_NRE20-35",0.182321556793955,0.182321556793955,0.182321556793955,0.182321556793955,0.182321556793955,0.300104592450338,0.206131734489046,0.206131734489046,-0.161514502643789,TRUE,0.642860611715798,1.00098682607094,-0.17996088516748,TRUE,0.437685714145519,1.00099289177452,-0.18139459814691,TRUE,0.611262428729773,1.00110191508237,-0.186207464751154,TRUE,0.709244796668287,1.00099067967994
391,"rand=1-1_rate=2_ROB=LH_Bias=Rct20_NRE20-35","1-1",2,"LH","Rct20_NRE20-35",0.182321556793955,0.182321556793955,0.182321556793955,0.182321556793955,0.182321556793955,0.300104592450338,0.216442975848418,0.216442975848418,-0.04419126590294,TRUE,0.466271987721498,1.00121203042967,-0.106110490685116,TRUE,0.268486713427686,1.00108608873641,-0.0989215964553654,TRUE,0.710401672650997,1.00104346922122,-0.106935760139185,TRUE,0.312091228752898,1.00102664502992
392,"rand=1-1_rate=2_ROB=LH_Bias=Rct20_NRE20-35","1-1",2,"LH","Rct20_NRE20-35",0.182321556793955,0.182321556793955,0.182321556793955,0.182321556793955,0.182321556793955,0.300104592450338,0.238952713232977,0.238952713232977,-0.305375393262665,FALSE,0.645273621484928,1.00101463046298,-0.320637079042259,FALSE,0.3950694812749,1.00100806040587,-0.253934364369296,TRUE,0.736963016510004,1.00104079424065,-0.344241129432643,FALSE,0.530445809871447,1.00099520860568
393,"rand=1-1_rate=2_ROB=LH_Bias=Rct20_NRE20-35","1-1",2,"LH","Rct20_NRE20-35",0.182321556793955,0.182321556793955,0.182321556793955,0.182321556793955,0.182321556793955,0.300104592450338,0.21120559920985,0.21120559920985,-0.138511377219948,TRUE,0.62439902305897,1.00098696529687,-0.163230701183192,TRUE,0.416823230470131,1.00101726071601,-0.224313166101429,TRUE,0.725397935987798,1.00100697232325,-0.138828741721602,TRUE,0.596721005146516,1.00099050669252
394,"rand=1-1_rate=2_ROB=LH_Bias=Rct20_NRE20-35","1-1",2,"LH","Rct20_NRE20-35",0.182321556793955,0.182321556793955,0.182321556793955,0.182321556793955,0.182321556793955,0.300104592450338,0.223746549476022,0.223746549476022,-0.314206929556522,FALSE,0.721281279528791,1.00101647022309,-0.42350644408966,FALSE,0.546826765470034,1.0009940619205,-0.329287948386877,TRUE,0.778492945246918,1.00101369518724,-0.470072508401299,FALSE,0.858182106947031,1.00099787750042
395,"rand=1-1_rate=2_ROB=LH_Bias=Rct20_NRE20-35","1-1",2,"LH","Rct20_NRE20-35",0.182321556793955,0.182321556793955,0.182321556793955,0.182321556793955,0.182321556793955,0.300104592450338,0.213964246186578,0.213964246186578,-0.0375735648803057,TRUE,0.504766367863388,1.00100334900979,-0.078201811516625,TRUE,0.310255683344125,1.00116910110085,-0.0935647972439133,TRUE,0.681302298166195,1.00099668346252,-0.07370077430921,TRUE,0.392731335927224,1.00098614564783
396,"rand=1-1_rate=2_ROB=LH_Bias=Rct20_NRE20-35","1-1",2,"LH","Rct20_NRE20-35",0.182321556793955,0.182321556793955,0.182321556793955,0.182321556793955,0.182321556793955,0.300104592450338,0.226318190541373,0.226318190541373,-0.0892304637274095,TRUE,0.655945972584034,1.00110701082939,-0.237381565893453,TRUE,0.547701086905211,1.00098903151712,-0.0636111994473381,TRUE,0.608803459528285,1.00104390018655,-0.338789332193959,TRUE,0.958311231984296,1.00102130751843
397,"rand=1-1_rate=2_ROB=LH_Bias=Rct20_NRE20-35","1-1",2,"LH","Rct20_NRE20-35",0.182321556793955,0.182321556793955,0.182321556793955,0.182321556793955,0.182321556793955,0.300104592450338,0.197762476179663,0.197762476179663,-0.0501157171635593,TRUE,0.41651139319614,1.00101011614489,-0.0872412316931279,TRUE,0.189840645300649,1.00166800296047,-0.128738892383376,TRUE,0.658834102481679,1.00098631928693,-0.0841192227562122,TRUE,0.214202557561243,1.00128685696561
398,"rand=1-1_rate=2_ROB=LH_Bias=Rct20_NRE20-35","1-1",2,"LH","Rct20_NRE20-35",0.182321556793955,0.182321556793955,0.182321556793955,0.182321556793955,0.182321556793955,0.300104592450338,0.213294618609642,0.213294618609642,-0.108925365133827,TRUE,0.596119313887962,1.00100163379338,-0.267641378936956,FALSE,0.474455629396759,1.00104451471212,-0.106722831746928,TRUE,0.806860552516136,1.00104003111479,-0.342510188105115,FALSE,0.651542640051935,1.00098747765835
399,"rand=1-1_rate=2_ROB=LH_Bias=Rct20_NRE20-35","1-1",2,"LH","Rct20_NRE20-35",0.182321556793955,0.182321556793955,0.182321556793955,0.182321556793955,0.182321556793955,0.300104592450338,0.191648093241384,0.192384831799292,-0.1632786734241,TRUE,0.624019943986422,1.00099030293581,-0.181941077027265,TRUE,0.410999776906083,1.00098748680603,-0.0676433327487485,TRUE,0.618659786133984,1.00136457166768,-0.230632814576776,TRUE,0.615524545250576,1.0009930259744
400,"rand=1-1_rate=2_ROB=LH_Bias=Rct20_NRE20-35","1-1",2,"LH","Rct20_NRE20-35",0.182321556793955,0.182321556793955,0.182321556793955,0.182321556793955,0.182321556793955,0.300104592450338,0.195077060418524,0.195077060418524,-0.241854053339871,TRUE,0.618996564789799,1.00140227084372,-0.151267893734781,TRUE,0.372461200526686,1.00098683640075,-0.338918232643259,FALSE,0.752907720344751,1.00108029869887,-0.0846375270138091,TRUE,0.466924899950852,1.00100463576785
401,"rand=1-1_rate=2_ROB=LH_Bias=Rct20_NRE20-35","1-1",2,"LH","Rct20_NRE20-35",0.182321556793955,0.182321556793955,0.182321556793955,0.182321556793955,0.182321556793955,0.300104592450338,0.209593488693353,0.209593488693353,-0.149881820113722,TRUE,0.552756372897547,1.00098657663104,-0.165793402302482,FALSE,0.322855261953381,1.00099021472429,-0.159354852247319,TRUE,0.702783116187627,1.00099153359408,-0.168068587205387,TRUE,0.406320263168524,1.00099276301843
402,"rand=1-1_rate=2_ROB=LH_Bias=Rct20_NRE20-35","1-1",2,"LH","Rct20_NRE20-35",0.182321556793955,0.182321556793955,0.182321556793955,0.182321556793955,0.182321556793955,0.300104592450338,0.212301772390971,0.212301772390971,-0.243622483879208,TRUE,0.588407698806248,1.00098704407324,-0.333968177658026,FALSE,0.333831508277224,1.00098600623855,-0.0331518231385179,TRUE,0.610694511620798,1.00123161900452,-0.41634587147217,FALSE,0.380953188835012,1.00103373386932
403,"rand=1-1_rate=2_ROB=LH_Bias=Rct20_NRE20-35","1-1",2,"LH","Rct20_NRE20-35",0.182321556793955,0.182321556793955,0.182321556793955,0.182321556793955,0.182321556793955,0.300104592450338,0.200864602881944,0.200864602881944,-0.399621702072628,FALSE,0.791783896328209,1.00098613233439,-0.389864651639862,FALSE,0.525345309561631,1.00098600513974,-0.32344948761884,TRUE,0.82025134788206,1.00170828331836,-0.421235788510437,FALSE,0.773435785100328,1.001007963388
404,"rand=1-1_rate=2_ROB=LH_Bias=Rct20_NRE20-35","1-1",2,"LH","Rct20_NRE20-35",0.182321556793955,0.182321556793955,0.182321556793955,0.182321556793955,0.182321556793955,0.300104592450338,0.208183733427711,0.208183733427711,-0.18687727231894,TRUE,0.631058812465648,1.0013624291378,-0.149832467755666,TRUE,0.41405953385245,1.00099057007329,-0.153574397447535,TRUE,0.674455076675067,1.00119432853764,-0.150668183190614,TRUE,0.595201213794485,1.00099887640632
405,"rand=1-1_rate=2_ROB=LH_Bias=Rct20_NRE20-35","1-1",2,"LH","Rct20_NRE20-35",0.182321556793955,0.182321556793955,0.182321556793955,0.182321556793955,0.182321556793955,0.300104592450338,0.196583431981269,0.196583431981269,-0.272469598634995,FALSE,0.589974698178477,1.00120823837116,-0.288269307768944,FALSE,0.35054399263813,1.00103163046273,-0.486922740256824,FALSE,0.884154326300398,1.00112077321257,-0.242875310685818,FALSE,0.412326782857928,1.00102191265658
406,"rand=1-1_rate=2_ROB=LH_Bias=Rct20_NRE20-35","1-1",2,"LH","Rct20_NRE20-35",0.182321556793955,0.182321556793955,0.182321556793955,0.182321556793955,0.182321556793955,0.300104592450338,0.209994519213052,0.209994519213052,-0.073965663210213,TRUE,0.561458509404806,1.00098775630398,-0.156159187553206,TRUE,0.407689417734286,1.00103928889044,-0.0235716344788011,TRUE,0.535245592975032,1.00100739904658,-0.224960910500725,TRUE,0.653195916965231,1.00103384335785
407,"rand=1-1_rate=2_ROB=LH_Bias=Rct20_NRE20-35","1-1",2,"LH","Rct20_NRE20-35",0.182321556793955,0.182321556793955,0.182321556793955,0.182321556793955,0.182321556793955,0.300104592450338,0.199926059673752,0.199926059673752,-0.172896335167351,TRUE,0.628187705020777,1.00101663988086,-0.207838339001582,FALSE,0.407744752259281,1.00103261651432,-0.407568142960128,FALSE,0.847984432059297,1.0010310094415,-0.144781706098288,TRUE,0.504400551492736,1.00100589843469
408,"rand=1-1_rate=2_ROB=LH_Bias=Rct20_NRE20-35","1-1",2,"LH","Rct20_NRE20-35",0.182321556793955,0.182321556793955,0.182321556793955,0.182321556793955,0.182321556793955,0.300104592450338,0.205515480301184,0.205515480301184,-0.287314775947257,FALSE,0.630400154522851,1.00102558358999,-0.266984740352944,FALSE,0.37111898171099,1.00099461918899,-0.391439797486601,FALSE,0.763462766042647,1.00217867058021,-0.230046003401027,FALSE,0.490691679201062,1.00099061781725
409,"rand=1-1_rate=2_ROB=LH_Bias=Rct20_NRE20-35","1-1",2,"LH","Rct20_NRE20-35",0.182321556793955,0.182321556793955,0.182321556793955,0.182321556793955,0.182321556793955,0.300104592450338,0.215924709851008,0.215924709851008,-0.0219440924185901,TRUE,0.53445216173955,1.00106141329901,-0.237746103037914,FALSE,0.460532693157675,1.00099354401672,-0.123439818924048,TRUE,0.754235475673425,1.00098603297862,-0.287823127822696,TRUE,0.658520491213598,1.00098622401438
410,"rand=1-1_rate=2_ROB=LH_Bias=Rct20_NRE20-35","1-1",2,"LH","Rct20_NRE20-35",0.182321556793955,0.182321556793955,0.182321556793955,0.182321556793955,0.182321556793955,0.300104592450338,0.200646726955988,0.200646726955988,-0.414406575971856,FALSE,0.74226463628119,1.0009879414473,-0.342901582232462,FALSE,0.467072895620014,1.00100936613564,-0.43062814174057,FALSE,0.73252924144052,1.00101508945945,-0.304519217457716,TRUE,0.711013828956476,1.00103002849277
411,"rand=1-1_rate=2_ROB=LH_Bias=Rct20_NRE20-35","1-1",2,"LH","Rct20_NRE20-35",0.182321556793955,0.182321556793955,0.182321556793955,0.182321556793955,0.182321556793955,0.300104592450338,0.210158426451618,0.210158426451618,-0.416549267479805,FALSE,0.76822044378736,1.00106306432902,-0.432717090949857,FALSE,0.532674747519256,1.00100402311042,-0.459111067708902,FALSE,0.843717553102902,1.00179260200611,-0.418442937038275,FALSE,0.76867297204263,1.00098830429279
412,"rand=1-1_rate=2_ROB=LH_Bias=Rct20_NRE20-35","1-1",2,"LH","Rct20_NRE20-35",0.182321556793955,0.182321556793955,0.182321556793955,0.182321556793955,0.182321556793955,0.300104592450338,0.212877260779771,0.212877260779771,-0.166287143681207,TRUE,0.549547870214768,1.0010290135978,-0.263422356244815,FALSE,0.345219163383927,1.00106242319935,-0.0348405012871085,TRUE,0.579767963261596,1.00109651179684,-0.337836040862268,FALSE,0.449346483642528,1.00099022502818
413,"rand=1-1_rate=2_ROB=LH_Bias=Rct20_NRE20-35","1-1",2,"LH","Rct20_NRE20-35",0.182321556793955,0.182321556793955,0.182321556793955,0.182321556793955,0.182321556793955,0.300104592450338,0.210061734927296,0.210061734927296,-0.14391632384376,TRUE,0.592759944234827,1.00111820830202,-0.152675789715076,TRUE,0.367697248640457,1.00098616894407,-0.104191316022813,TRUE,0.673711783237176,1.00101415831044,-0.168595092850303,TRUE,0.500373598881887,1.00107950984525
414,"rand=1-1_rate=2_ROB=LH_Bias=Rct20_NRE20-35","1-1",2,"LH","Rct20_NRE20-35",0.182321556793955,0.182321556793955,0.182321556793955,0.182321556793955,0.182321556793955,0.300104592450338,0.209608828726492,0.209608828726492,-0.117738872004139,TRUE,0.548794731195138,1.00100448878073,-0.15616661798898,TRUE,0.344055947788961,1.00101324921547,-0.121456654991406,TRUE,0.61029800185674,1.00117297298051,-0.169352570198294,TRUE,0.487442083679484,1.00105416137002
415,"rand=1-1_rate=2_ROB=LH_Bias=Rct20_NRE20-35","1-1",2,"LH","Rct20_NRE20-35",0.182321556793955,0.182321556793955,0.182321556793955,0.182321556793955,0.182321556793955,0.300104592450338,0.21569035249183,0.21569035249183,-0.496825703174433,FALSE,0.759480577542356,1.00106211245723,-0.395238707360042,FALSE,0.449773071613331,1.00099206295512,-0.338280479992889,FALSE,0.7298118528692,1.00103424579708,-0.417823841160887,FALSE,0.654880403362059,1.00100464560162
416,"rand=1-1_rate=2_ROB=LH_Bias=Rct20_NRE20-35","1-1",2,"LH","Rct20_NRE20-35",0.182321556793955,0.182321556793955,0.182321556793955,0.182321556793955,0.182321556793955,0.300104592450338,0.227722951395285,0.227722951395285,-0.281463682942173,TRUE,0.735783830393021,1.0010114820747,-0.165974272367522,TRUE,0.466963275159693,1.00099131143151,-0.228903344970026,TRUE,0.975525295604788,1.00109359114814,-0.140491895712473,TRUE,0.611235730596822,1.0011130758614
417,"rand=1-1_rate=2_ROB=LH_Bias=Rct20_NRE20-35","1-1",2,"LH","Rct20_NRE20-35",0.182321556793955,0.182321556793955,0.182321556793955,0.182321556793955,0.182321556793955,0.300104592450338,0.207004024624687,0.207004024624687,-0.169749163337707,TRUE,0.547193645899705,1.00122395144483,-0.215021718532409,FALSE,0.317650678594899,1.00099696319126,-0.222816780035592,TRUE,0.689777038346289,1.00099990791877,-0.211925442722908,FALSE,0.413501156922175,1.0009862167797
418,"rand=1-1_rate=2_ROB=LH_Bias=Rct20_NRE20-35","1-1",2,"LH","Rct20_NRE20-35",0.182321556793955,0.182321556793955,0.182321556793955,0.182321556793955,0.182321556793955,0.300104592450338,0.228036579524608,0.228036579524608,-0.25787120112527,TRUE,0.673999210102821,1.00100811791691,-0.307023382364712,FALSE,0.439075405033748,1.00098606011432,-0.399776428542741,FALSE,0.87508785146568,1.00105846935545,-0.274564545889215,FALSE,0.571433711811859,1.00100551410756
419,"rand=1-1_rate=2_ROB=LH_Bias=Rct20_NRE20-35","1-1",2,"LH","Rct20_NRE20-35",0.182321556793955,0.182321556793955,0.182321556793955,0.182321556793955,0.182321556793955,0.300104592450338,0.214565606581179,0.214565606581179,-0.221339682357808,TRUE,0.633436074356999,1.00099179546675,-0.334947581659107,FALSE,0.445174800349611,1.00098611447531,-0.152204625249155,TRUE,0.652022044524745,1.0019561061148,-0.407879963565694,FALSE,0.648586956924802,1.00098944902112
420,"rand=1-1_rate=2_ROB=LH_Bias=Rct20_NRE20-35","1-1",2,"LH","Rct20_NRE20-35",0.182321556793955,0.182321556793955,0.182321556793955,0.182321556793955,0.182321556793955,0.300104592450338,0.225662973127387,0.225662973127387,-0.440383664081651,FALSE,0.827653553517881,1.00108526356293,-0.315989696330121,FALSE,0.506386626759024,1.00099049007823,-0.710931081678058,FALSE,0.926314114505052,1.0010572461587,-0.170047279965825,TRUE,0.631048161228737,1.00098843676619
421,"rand=1-1_rate=2_ROB=LH_Bias=Rct20_NRE20-35","1-1",2,"LH","Rct20_NRE20-35",0.182321556793955,0.182321556793955,0.182321556793955,0.182321556793955,0.182321556793955,0.300104592450338,0.211732807176157,0.211732807176157,-0.199612400640556,TRUE,0.582092713015678,1.00099520131691,-0.213494550954736,FALSE,0.338545047139205,1.00098603214335,-0.286876861838557,TRUE,0.807810966752712,1.00098622579973,-0.193275046114926,FALSE,0.415700960749434,1.00101356773836
422,"rand=1-1_rate=2_ROB=LH_Bias=Rct20_NRE20-35","1-1",2,"LH","Rct20_NRE20-35",0.182321556793955,0.182321556793955,0.182321556793955,0.182321556793955,0.182321556793955,0.300104592450338,0.204870419128604,0.204870419128604,-0.210585197335876,TRUE,0.703009511764364,1.00108492077403,-0.178471377148872,TRUE,0.44886042863043,1.00099233309464,-0.088630013506253,TRUE,0.7410584563056,1.00117141139667,-0.219288084409892,TRUE,0.641835973735993,1.00098950176206
423,"rand=1-1_rate=2_ROB=LH_Bias=Rct20_NRE20-35","1-1",2,"LH","Rct20_NRE20-35",0.182321556793955,0.182321556793955,0.182321556793955,0.182321556793955,0.182321556793955,0.300104592450338,0.213717968232342,0.213717968232342,-0.180730146886219,TRUE,0.5666991183631,1.0009867337633,-0.256232503203303,FALSE,0.364294088471539,1.00098774064787,-0.103579415876417,TRUE,0.566037067270559,1.00110386683124,-0.310629775145827,FALSE,0.528358996232149,1.00100879539681
424,"rand=1-1_rate=2_ROB=LH_Bias=Rct20_NRE20-35","1-1",2,"LH","Rct20_NRE20-35",0.182321556793955,0.182321556793955,0.182321556793955,0.182321556793955,0.182321556793955,0.300104592450338,0.219981853509906,0.219981853509906,-0.102991600052062,TRUE,0.615165824203114,1.00122696990155,-0.254142156750973,FALSE,0.504546366867107,1.00100379965571,-0.261328986789607,TRUE,0.750376283042658,1.00129678827453,-0.24434188381801,TRUE,0.770315792625366,1.00105631889706
425,"rand=1-1_rate=2_ROB=LH_Bias=Rct20_NRE20-35","1-1",2,"LH","Rct20_NRE20-35",0.182321556793955,0.182321556793955,0.182321556793955,0.182321556793955,0.182321556793955,0.300104592450338,0.206627530966873,0.206627530966873,-0.255128412652059,TRUE,0.701616166096291,1.00098599602137,-0.267377630628808,FALSE,0.483760868847179,1.00108318477704,-0.380315912554472,FALSE,0.814095303077814,1.00100003213094,-0.215365949405367,TRUE,0.666877567706614,1.00101459525251
426,"rand=1-1_rate=2_ROB=LH_Bias=Rct20_NRE20-35","1-1",2,"LH","Rct20_NRE20-35",0.182321556793955,0.182321556793955,0.182321556793955,0.182321556793955,0.182321556793955,0.300104592450338,0.226968825736593,0.226968825736593,-0.176027158166248,TRUE,0.708250300895278,1.00099004202177,-0.174037365050697,TRUE,0.446328506627026,1.0009884908545,-0.346298298845372,TRUE,0.905057489026529,1.00098607947509,-0.104216022278815,TRUE,0.558354841816632,1.00098648362107
427,"rand=1-1_rate=2_ROB=LH_Bias=Rct20_NRE20-35","1-1",2,"LH","Rct20_NRE20-35",0.182321556793955,0.182321556793955,0.182321556793955,0.182321556793955,0.182321556793955,0.300104592450338,0.207984120728993,0.207984120728993,-0.159932274476447,TRUE,0.47398356603987,1.00100641751029,-0.216422678375422,FALSE,0.253498842892834,1.00098811084989,-0.176281014408256,TRUE,0.629667352718254,1.00118134174809,-0.221299595279004,FALSE,0.312421564074624,1.00100548974205
428,"rand=1-1_rate=2_ROB=LH_Bias=Rct20_NRE20-35","1-1",2,"LH","Rct20_NRE20-35",0.182321556793955,0.182321556793955,0.182321556793955,0.182321556793955,0.182321556793955,0.300104592450338,0.213893980935877,0.213893980935877,-0.135963212850575,TRUE,0.643232805524023,1.00114866084773,-0.0560007120365169,TRUE,0.391553352431237,1.00102694799359,-0.0530255809487739,TRUE,0.58505108445202,1.00199527639371,-0.0607413817437819,TRUE,0.611556309607774,1.00098612644021
429,"rand=1-1_rate=2_ROB=LH_Bias=Rct20_NRE20-35","1-1",2,"LH","Rct20_NRE20-35",0.182321556793955,0.182321556793955,0.182321556793955,0.182321556793955,0.182321556793955,0.300104592450338,0.188227210405725,0.188227210405725,-0.15037269870714,TRUE,0.642464084308138,1.0009862076221,-0.260661710949452,FALSE,0.466544798271054,1.00100643301532,-0.28649561919066,TRUE,0.949006371615299,1.00106351621459,-0.248633446257742,TRUE,0.612349894866907,1.00101651571413
430,"rand=1-1_rate=2_ROB=LH_Bias=Rct20_NRE20-35","1-1",2,"LH","Rct20_NRE20-35",0.182321556793955,0.182321556793955,0.182321556793955,0.182321556793955,0.182321556793955,0.300104592450338,0.230519248335227,0.230519248335227,-0.257651611129154,TRUE,0.681091660114875,1.00234880606146,-0.227203538747794,FALSE,0.437645792418276,1.00101398739467,-0.172455161005242,TRUE,0.625332890599379,1.00098628292235,-0.256851409015535,TRUE,0.689863605437702,1.00102045308095
431,"rand=1-1_rate=2_ROB=LH_Bias=Rct20_NRE20-35","1-1",2,"LH","Rct20_NRE20-35",0.182321556793955,0.182321556793955,0.182321556793955,0.182321556793955,0.182321556793955,0.300104592450338,0.208644798790277,0.208644798790277,-0.223697337265912,TRUE,0.574297577653114,1.00100373344409,-0.296439250752792,FALSE,0.361225298375725,1.00100036379196,-0.194203125780339,TRUE,0.790114751842836,1.00098899492836,-0.331320609156279,FALSE,0.45502969325243,1.00099526358915
432,"rand=1-1_rate=2_ROB=LH_Bias=Rct20_NRE20-35","1-1",2,"LH","Rct20_NRE20-35",0.182321556793955,0.182321556793955,0.182321556793955,0.182321556793955,0.182321556793955,0.300104592450338,0.211085513824042,0.211085513824042,-0.362864917628031,FALSE,0.636732305389408,1.00102403923223,-0.393521953118474,FALSE,0.37305946363641,1.00102000560729,-0.438829989388501,FALSE,0.915679067380579,1.00101009262944,-0.383398758737034,FALSE,0.461186622984321,1.00102876721402
433,"rand=1-1_rate=2_ROB=LH_Bias=Rct20_NRE20-35","1-1",2,"LH","Rct20_NRE20-35",0.182321556793955,0.182321556793955,0.182321556793955,0.182321556793955,0.182321556793955,0.300104592450338,0.221541221514345,0.221541221514345,-0.419112021254804,FALSE,0.792594394443728,1.00098959464694,-0.444926821649847,FALSE,0.537051883833823,1.00098623714111,-0.519004210671421,FALSE,0.997420418169429,1.00099381900907,-0.406246074058191,FALSE,0.73335624234496,1.00098600442259
434,"rand=1-1_rate=2_ROB=LH_Bias=Rct20_NRE20-35","1-1",2,"LH","Rct20_NRE20-35",0.182321556793955,0.182321556793955,0.182321556793955,0.182321556793955,0.182321556793955,0.300104592450338,0.22095217844919,0.22095217844919,-0.491416043706756,FALSE,0.790071698041949,1.00099912534379,-0.462452114933473,FALSE,0.46287593296298,1.00099258561871,-0.584299054780096,FALSE,1.28318270707182,1.00115166501917,-0.416718889888576,FALSE,0.493805222866253,1.001000641251
435,"rand=1-1_rate=2_ROB=LH_Bias=Rct20_NRE20-35","1-1",2,"LH","Rct20_NRE20-35",0.182321556793955,0.182321556793955,0.182321556793955,0.182321556793955,0.182321556793955,0.300104592450338,0.23645643192403,0.23645643192403,-0.293986587534582,FALSE,0.632652913080633,1.00101030383563,-0.316748297924213,FALSE,0.380165777835133,1.0009988141434,-0.180138843751525,TRUE,0.728351060497952,1.00098870291731,-0.360234551107278,FALSE,0.49392936930613,1.00102548246222
436,"rand=1-1_rate=2_ROB=LH_Bias=Rct20_NRE20-35","1-1",2,"LH","Rct20_NRE20-35",0.182321556793955,0.182321556793955,0.182321556793955,0.182321556793955,0.182321556793955,0.300104592450338,0.218255620543182,0.218255620543182,-0.163024659631069,TRUE,0.579848478272887,1.00099009779431,-0.205625761208814,FALSE,0.356946295514496,1.00098814007537,-0.176997578085744,TRUE,0.760000112954592,1.00113067122591,-0.215897368323854,FALSE,0.463739345409355,1.00098784682777
437,"rand=1-1_rate=2_ROB=LH_Bias=Rct20_NRE20-35","1-1",2,"LH","Rct20_NRE20-35",0.182321556793955,0.182321556793955,0.182321556793955,0.182321556793955,0.182321556793955,0.300104592450338,0.220097207902931,0.220097207902931,-0.204509891649294,TRUE,0.650308123255901,1.00098889669842,-0.284572154960246,FALSE,0.447092350635414,1.00099519912547,-0.231207449794014,TRUE,0.860140503727239,1.00106244387792,-0.302780030167519,FALSE,0.598078889421623,1.00102403924954
438,"rand=1-1_rate=2_ROB=LH_Bias=Rct20_NRE20-35","1-1",2,"LH","Rct20_NRE20-35",0.182321556793955,0.182321556793955,0.182321556793955,0.182321556793955,0.182321556793955,0.300104592450338,0.207731667887832,0.207731667887832,-0.00567525444925443,TRUE,0.576294585734965,1.00103608958067,-0.175838017448656,TRUE,0.557104368181612,1.00104992931122,-0.106574885044767,TRUE,1.37499316623566,1.00101646648107,-0.230460180156075,TRUE,0.605632019847477,1.00098896514602
439,"rand=1-1_rate=2_ROB=LH_Bias=Rct20_NRE20-35","1-1",2,"LH","Rct20_NRE20-35",0.182321556793955,0.182321556793955,0.182321556793955,0.182321556793955,0.182321556793955,0.300104592450338,0.194785087919218,0.194785087919218,-0.00160224309432988,TRUE,0.431443892169228,1.00100383803512,-0.171371116915922,FALSE,0.333533684910165,1.00102138718898,-0.0148056741782936,TRUE,0.647170917498726,1.00098965955656,-0.222792297140438,FALSE,0.427026855480099,1.00101790134152
440,"rand=1-1_rate=2_ROB=LH_Bias=Rct20_NRE20-35","1-1",2,"LH","Rct20_NRE20-35",0.182321556793955,0.182321556793955,0.182321556793955,0.182321556793955,0.182321556793955,0.300104592450338,0.228033646044667,0.228033646044667,-0.248885881376046,TRUE,0.583347466359537,1.00121826448586,-0.312469956983604,FALSE,0.369947386461759,1.00099005802103,-0.247537805550574,TRUE,0.696833934020115,1.00101618233408,-0.331668000194466,FALSE,0.501961099839896,1.00100936281239
441,"rand=1-1_rate=2_ROB=LH_Bias=Rct20_NRE20-35","1-1",2,"LH","Rct20_NRE20-35",0.182321556793955,0.182321556793955,0.182321556793955,0.182321556793955,0.182321556793955,0.300104592450338,0.222347937064342,0.222347937064342,-0.205880643772923,TRUE,0.528624696937924,1.00099042520784,-0.300579022882439,FALSE,0.395819476227788,1.00098703492761,-0.025368001179668,TRUE,0.813196594581716,1.00099143956611,-0.408368882161895,FALSE,0.407252611337511,1.00100207229551
442,"rand=1-1_rate=2_ROB=LH_Bias=Rct20_NRE20-35","1-1",2,"LH","Rct20_NRE20-35",0.182321556793955,0.182321556793955,0.182321556793955,0.182321556793955,0.182321556793955,0.300104592450338,0.196987754508591,0.196987754508591,-0.274668506399374,FALSE,0.619766374509248,1.00102320228631,-0.335388697046788,FALSE,0.399414373791958,1.00099165480329,-0.303299790442944,TRUE,0.794721949238096,1.00098868184547,-0.346316884460451,FALSE,0.531789981283427,1.0010154204708
443,"rand=1-1_rate=2_ROB=LH_Bias=Rct20_NRE20-35","1-1",2,"LH","Rct20_NRE20-35",0.182321556793955,0.182321556793955,0.182321556793955,0.182321556793955,0.182321556793955,0.300104592450338,0.20750805617569,0.20750805617569,-0.310789403661069,FALSE,0.531201185114947,1.00117910608094,-0.316133547579596,FALSE,0.236791758300745,1.00111284128991,-0.180389861487109,TRUE,0.714642541649574,1.00106117204006,-0.334829361104742,FALSE,0.266286895839394,1.0009922978032
444,"rand=1-1_rate=2_ROB=LH_Bias=Rct20_NRE20-35","1-1",2,"LH","Rct20_NRE20-35",0.182321556793955,0.182321556793955,0.182321556793955,0.182321556793955,0.182321556793955,0.300104592450338,0.226689840248327,0.226689840248327,-0.0740436424623696,TRUE,0.514619898808834,1.00108242397982,-0.251811168391335,FALSE,0.467241925212568,1.00099403842136,-0.0354113164015208,TRUE,0.733828900112639,1.00099118921794,-0.355005057124773,FALSE,0.644754707806134,1.001011624217
445,"rand=1-1_rate=2_ROB=LH_Bias=Rct20_NRE20-35","1-1",2,"LH","Rct20_NRE20-35",0.182321556793955,0.182321556793955,0.182321556793955,0.182321556793955,0.182321556793955,0.300104592450338,0.185560961931312,0.185560961931312,-0.464602657066951,FALSE,0.776400018815001,1.00099305508258,-0.393136741004764,FALSE,0.44211110050602,1.0010723843218,-0.47905488544372,FALSE,0.829644687245978,1.00107541690544,-0.362037742988661,FALSE,0.607416733722723,1.00100032387005
446,"rand=1-1_rate=2_ROB=LH_Bias=Rct20_NRE20-35","1-1",2,"LH","Rct20_NRE20-35",0.182321556793955,0.182321556793955,0.182321556793955,0.182321556793955,0.182321556793955,0.300104592450338,0.228113572288793,0.228113572288793,-0.283710190742111,TRUE,0.71326909417152,1.00118007274013,-0.268384461245544,FALSE,0.453709848654361,1.00105881731068,-0.339497932382195,TRUE,0.848476700468392,1.0009919976757,-0.235046278630452,TRUE,0.608766458333612,1.00099262568457
447,"rand=1-1_rate=2_ROB=LH_Bias=Rct20_NRE20-35","1-1",2,"LH","Rct20_NRE20-35",0.182321556793955,0.182321556793955,0.182321556793955,0.182321556793955,0.182321556793955,0.300104592450338,0.221930940016099,0.221930940016099,-0.215822869461101,TRUE,0.521741730719629,1.00109538030084,-0.175394295837528,FALSE,0.254658514575659,1.00099455286297,-0.255884932178003,TRUE,0.798317842765781,1.00162703466338,-0.162418994137049,FALSE,0.286798973006394,1.00103160171965
448,"rand=1-1_rate=2_ROB=LH_Bias=Rct20_NRE20-35","1-1",2,"LH","Rct20_NRE20-35",0.182321556793955,0.182321556793955,0.182321556793955,0.182321556793955,0.182321556793955,0.300104592450338,0.216173302166819,0.216173302166819,-0.307736339078091,FALSE,0.655001911827428,1.00099832580778,-0.300917368327179,FALSE,0.386190745321514,1.00102070516716,-0.221195469187473,TRUE,0.745876581773689,1.00098670050069,-0.325887754220479,FALSE,0.50629408696485,1.00099096391816
449,"rand=1-1_rate=2_ROB=LH_Bias=Rct20_NRE20-35","1-1",2,"LH","Rct20_NRE20-35",0.182321556793955,0.182321556793955,0.182321556793955,0.182321556793955,0.182321556793955,0.300104592450338,0.207389121387928,0.207389121387928,-0.409979889301929,FALSE,0.780510829689648,1.00098841190348,-0.416855462525068,FALSE,0.492467396928164,1.00098678055658,-0.510843749332177,FALSE,1.28493014756034,1.00106669424641,-0.384318870453514,FALSE,0.557150151184813,1.00098668239127
450,"rand=1-1_rate=2_ROB=LH_Bias=Rct20_NRE20-35","1-1",2,"LH","Rct20_NRE20-35",0.182321556793955,0.182321556793955,0.182321556793955,0.182321556793955,0.182321556793955,0.300104592450338,0.227172969197125,0.227172969197125,-0.132414149998762,TRUE,0.570852034196361,1.0009920289399,-0.108833466193608,TRUE,0.331690895008674,1.00098616266491,-0.440305555860528,FALSE,0.830215458683427,1.00099674552656,-0.0284745373855326,TRUE,0.356285484674485,1.00099434003157
451,"rand=1-1_rate=2_ROB=LH_Bias=Rct20_NRE20-35","1-1",2,"LH","Rct20_NRE20-35",0.182321556793955,0.182321556793955,0.182321556793955,0.182321556793955,0.182321556793955,0.300104592450338,0.207342646152902,0.207342646152902,-0.0241734593009377,TRUE,0.605593433211415,1.00102152435134,-0.155277243918569,TRUE,0.478971302129034,1.00102195998518,-0.208833853786871,TRUE,0.775552108140558,1.00128429193467,-0.119262931307594,TRUE,0.68280413962196,1.00098792677269
452,"rand=1-1_rate=2_ROB=LH_Bias=Rct20_NRE20-35","1-1",2,"LH","Rct20_NRE20-35",0.182321556793955,0.182321556793955,0.182321556793955,0.182321556793955,0.182321556793955,0.300104592450338,0.211868686281406,0.211868686281406,-0.236785899578835,FALSE,0.531729474443027,1.00098857431136,-0.218645719766511,FALSE,0.267940961441377,1.0010093508024,-0.367761877934704,FALSE,0.868022890343565,1.0012332921246,-0.191988172993551,FALSE,0.300068306438598,1.00099688311994
453,"rand=1-1_rate=2_ROB=LH_Bias=Rct20_NRE20-35","1-1",2,"LH","Rct20_NRE20-35",0.182321556793955,0.182321556793955,0.182321556793955,0.182321556793955,0.182321556793955,0.300104592450338,0.22292013565412,0.22292013565412,0.0116082557810187,TRUE,0.540209651091418,1.00109829166939,-0.141787099107961,TRUE,0.445676618449578,1.00110685535525,0.168434463087384,TRUE,0.493042841980918,1.00099377652832,-0.333924844084234,FALSE,0.651548806116757,1.00100230417288
454,"rand=1-1_rate=2_ROB=LH_Bias=Rct20_NRE20-35","1-1",2,"LH","Rct20_NRE20-35",0.182321556793955,0.182321556793955,0.182321556793955,0.182321556793955,0.182321556793955,0.300104592450338,0.220809083274448,0.220809083274448,-0.26421381131199,TRUE,0.689573424017599,1.00121450951021,-0.32527194951398,FALSE,0.478506911036069,1.00099702574796,-0.287744444289924,TRUE,0.77486185022906,1.00101877122318,-0.347624807064228,FALSE,0.704547730801244,1.00100292347558
455,"rand=1-1_rate=2_ROB=LH_Bias=Rct20_NRE20-35","1-1",2,"LH","Rct20_NRE20-35",0.182321556793955,0.182321556793955,0.182321556793955,0.182321556793955,0.182321556793955,0.300104592450338,0.205182281349286,0.205182281349286,-0.331654323251597,FALSE,0.634879481865919,1.00102687705689,-0.35150685326428,FALSE,0.369212779316142,1.0011034461108,-0.408980007902322,FALSE,0.847209549417388,1.00119294750078,-0.333998705238589,FALSE,0.464639326506537,1.00098871990272
456,"rand=1-1_rate=2_ROB=LH_Bias=Rct20_NRE20-35","1-1",2,"LH","Rct20_NRE20-35",0.182321556793955,0.182321556793955,0.182321556793955,0.182321556793955,0.182321556793955,0.300104592450338,0.229423761321268,0.229423761321268,-0.295758668324771,FALSE,0.626453164988857,1.00098800350431,-0.309930438688234,FALSE,0.3649257569081,1.00099122557389,-0.176116378156142,TRUE,0.871501368442454,1.00100903388869,-0.346281898268262,FALSE,0.425683119423009,1.00102880740207
457,"rand=1-1_rate=2_ROB=LH_Bias=Rct20_NRE20-35","1-1",2,"LH","Rct20_NRE20-35",0.182321556793955,0.182321556793955,0.182321556793955,0.182321556793955,0.182321556793955,0.300104592450338,0.199788923037155,0.199788923037155,-0.318118058941916,TRUE,0.849629261426063,1.00100840204237,-0.291029842729222,FALSE,0.555357081226801,1.00101039225495,-0.281036209832798,TRUE,1.02608738355668,1.0010061929605,-0.298122784690047,TRUE,0.774742419309715,1.00098778731785
458,"rand=1-1_rate=2_ROB=LH_Bias=Rct20_NRE20-35","1-1",2,"LH","Rct20_NRE20-35",0.182321556793955,0.182321556793955,0.182321556793955,0.182321556793955,0.182321556793955,0.300104592450338,0.208538848669029,0.208538848669029,-0.300366616038334,FALSE,0.647899053371507,1.00098787399028,-0.364326937314589,FALSE,0.41245901342332,1.0010848353708,-0.227748451504737,TRUE,1.13836323026074,1.00099674676542,-0.413482441497102,FALSE,0.44385526856151,1.00098791569054
459,"rand=1-1_rate=2_ROB=LH_Bias=Rct20_NRE20-35","1-1",2,"LH","Rct20_NRE20-35",0.182321556793955,0.182321556793955,0.182321556793955,0.182321556793955,0.182321556793955,0.300104592450338,0.212255515100267,0.212255515100267,-0.26158950024938,TRUE,0.617684237163761,1.00101747231722,-0.348860120414358,FALSE,0.400309223702674,1.00099216730078,-0.374633878549655,TRUE,1.00442790342209,1.00112268938041,-0.341264432530375,FALSE,0.471424224552524,1.00098694500657
460,"rand=1-1_rate=2_ROB=LH_Bias=Rct20_NRE20-35","1-1",2,"LH","Rct20_NRE20-35",0.182321556793955,0.182321556793955,0.182321556793955,0.182321556793955,0.182321556793955,0.300104592450338,0.207328806101399,0.207328806101399,-0.506075314768826,FALSE,0.785475485889671,1.00102555637073,-0.423991730283069,FALSE,0.454325530516632,1.00101011206343,-0.214958983314247,TRUE,0.77630891940642,1.00102862035557,-0.510183437036124,FALSE,0.607387971165873,1.00098797151564
461,"rand=1-1_rate=2_ROB=LH_Bias=Rct20_NRE20-35","1-1",2,"LH","Rct20_NRE20-35",0.182321556793955,0.182321556793955,0.182321556793955,0.182321556793955,0.182321556793955,0.300104592450338,0.211356601614983,0.211356601614983,-0.124920778185353,TRUE,0.728154058859908,1.00103995383164,-0.117377307233618,TRUE,0.477846196031425,1.00106857809751,-0.337974971399613,TRUE,1.13788484725597,1.0010108882658,-0.0176993133317527,TRUE,0.537110288003228,1.00100001986212
462,"rand=1-1_rate=2_ROB=LH_Bias=Rct20_NRE20-35","1-1",2,"LH","Rct20_NRE20-35",0.182321556793955,0.182321556793955,0.182321556793955,0.182321556793955,0.182321556793955,0.300104592450338,0.21727619352821,0.21727619352821,-0.0785761107745691,TRUE,0.511742236597299,1.00110371950726,-0.167431800939921,TRUE,0.365245246185064,1.00108223274372,-0.167856756735897,TRUE,0.705035293597157,1.00137097574372,-0.167794906350447,TRUE,0.490249807543014,1.00098721342358
463,"rand=1-1_rate=2_ROB=LH_Bias=Rct20_NRE20-35","1-1",2,"LH","Rct20_NRE20-35",0.182321556793955,0.182321556793955,0.182321556793955,0.182321556793955,0.182321556793955,0.300104592450338,0.210897504269305,0.210897504269305,-0.00290098201945099,TRUE,0.469572527992392,1.00098609664107,-0.142188222108508,TRUE,0.305099718365025,1.00104606995759,-0.0471637497876416,TRUE,0.683641613203271,1.00117994662551,-0.168848872339329,TRUE,0.374991057575472,1.0009990992141
464,"rand=1-1_rate=2_ROB=LH_Bias=Rct20_NRE20-35","1-1",2,"LH","Rct20_NRE20-35",0.182321556793955,0.182321556793955,0.182321556793955,0.182321556793955,0.182321556793955,0.300104592450338,0.211658336301832,0.211658336301832,-0.259009083671926,FALSE,0.548445269891002,1.00110845199399,-0.257782335744369,FALSE,0.302577349673531,1.00098724734035,-0.242347513561499,TRUE,0.664595747708956,1.00099021400139,-0.26280300236321,FALSE,0.387339397190019,1.00101198427018
465,"rand=1-1_rate=2_ROB=LH_Bias=Rct20_NRE20-35","1-1",2,"LH","Rct20_NRE20-35",0.182321556793955,0.182321556793955,0.182321556793955,0.182321556793955,0.182321556793955,0.300104592450338,0.205279820597058,0.205279820597058,-0.247435566173329,TRUE,0.629433055340523,1.00123166731027,-0.258044910715377,FALSE,0.383341754391739,1.00103031193616,-0.114189733049316,TRUE,0.605784954697154,1.00103351447921,-0.31498799912435,FALSE,0.546059571147943,1.00100278021563
466,"rand=1-1_rate=2_ROB=LH_Bias=Rct20_NRE20-35","1-1",2,"LH","Rct20_NRE20-35",0.182321556793955,0.182321556793955,0.182321556793955,0.182321556793955,0.182321556793955,0.300104592450338,0.204960129300146,0.204960129300146,-0.227942664431078,TRUE,0.532186201561197,1.00206263532383,-0.333908404663225,FALSE,0.326931610425701,1.00103819246245,-0.251500129270255,TRUE,0.741036078733845,1.00099115927938,-0.354636232215068,FALSE,0.409666101773404,1.00102855364838
467,"rand=1-1_rate=2_ROB=LH_Bias=Rct20_NRE20-35","1-1",2,"LH","Rct20_NRE20-35",0.182321556793955,0.182321556793955,0.182321556793955,0.182321556793955,0.182321556793955,0.300104592450338,0.219338078583999,0.219338078583999,-0.330210377444491,FALSE,0.693769734159239,1.00133339920785,-0.318404534680328,FALSE,0.423409476549051,1.00098974763392,-0.186606238031211,TRUE,0.747799876238926,1.00122257587295,-0.367993507261895,FALSE,0.580688757874851,1.00098755651049
468,"rand=1-1_rate=2_ROB=LH_Bias=Rct20_NRE20-35","1-1",2,"LH","Rct20_NRE20-35",0.182321556793955,0.182321556793955,0.182321556793955,0.182321556793955,0.182321556793955,0.300104592450338,0.210927153347342,0.210927153347342,-0.0124263423259914,TRUE,0.557859795058926,1.00100477442968,-0.0736030492447983,TRUE,0.402624835667872,1.00099158418351,-0.127120859867871,TRUE,0.690345055812854,1.00107382427911,-0.048785371006373,TRUE,0.558578509024097,1.00098607945476
469,"rand=1-1_rate=2_ROB=LH_Bias=Rct20_NRE20-35","1-1",2,"LH","Rct20_NRE20-35",0.182321556793955,0.182321556793955,0.182321556793955,0.182321556793955,0.182321556793955,0.300104592450338,0.224534673690778,0.224534673690778,-0.037294222878054,TRUE,0.554925270229847,1.00129476353095,-0.119823789564205,TRUE,0.378676373476731,1.00098793173344,0.0667405030337586,TRUE,0.54092046794589,1.00110893208985,-0.199679123520057,TRUE,0.541473867786021,1.00105286823898
470,"rand=1-1_rate=2_ROB=LH_Bias=Rct20_NRE20-35","1-1",2,"LH","Rct20_NRE20-35",0.182321556793955,0.182321556793955,0.182321556793955,0.182321556793955,0.182321556793955,0.300104592450338,0.217197330405035,0.217197330405035,-0.234508915519549,TRUE,0.609856732301,1.00102503948632,-0.41289570149775,FALSE,0.492219483693284,1.00098683548802,-0.349727298160439,TRUE,1.06648052893498,1.00098634668181,-0.434860056203899,FALSE,0.61995754025529,1.00100003465642
471,"rand=1-1_rate=2_ROB=LH_Bias=Rct20_NRE20-35","1-1",2,"LH","Rct20_NRE20-35",0.182321556793955,0.182321556793955,0.182321556793955,0.182321556793955,0.182321556793955,0.300104592450338,0.212817393761859,0.212817393761859,-0.206846123546174,TRUE,0.63327954494838,1.00101971162584,-0.198367740881555,FALSE,0.388786260410386,1.00100339256951,-0.373463080493932,TRUE,1.10316516820658,1.00101749782983,-0.145457139697899,TRUE,0.417093641119846,1.00098690344179
472,"rand=1-1_rate=2_ROB=LH_Bias=Rct20_NRE20-35","1-1",2,"LH","Rct20_NRE20-35",0.182321556793955,0.182321556793955,0.182321556793955,0.182321556793955,0.182321556793955,0.300104592450338,0.208647111615902,0.208647111615902,-0.0342122656998864,TRUE,0.601572522519457,1.00151078799472,-0.184153408545735,TRUE,0.480637234909478,1.00098599033511,0.0512903583897351,TRUE,0.570587481807062,1.00103024261502,-0.316009149166505,TRUE,0.755051301635502,1.00098664845221
473,"rand=1-1_rate=2_ROB=LH_Bias=Rct20_NRE20-35","1-1",2,"LH","Rct20_NRE20-35",0.182321556793955,0.182321556793955,0.182321556793955,0.182321556793955,0.182321556793955,0.300104592450338,0.207477802364465,0.207477802364465,-0.233395441892515,TRUE,0.62736963752526,1.00102873437969,-0.342765624012429,FALSE,0.423164990977321,1.00099700162981,-0.144980753509854,TRUE,0.657229926386796,1.00109597859484,-0.420989856870727,FALSE,0.595397101511242,1.00100298154467
474,"rand=1-1_rate=2_ROB=LH_Bias=Rct20_NRE20-35","1-1",2,"LH","Rct20_NRE20-35",0.182321556793955,0.182321556793955,0.182321556793955,0.182321556793955,0.182321556793955,0.300104592450338,0.20829469336881,0.20829469336881,-0.329664520861402,FALSE,0.764202169158011,1.00098839406025,-0.263973331310924,FALSE,0.497632454768395,1.0010089931285,-0.4799318448658,FALSE,0.909893063732895,1.00100696245092,-0.172070875259545,TRUE,0.648592656931686,1.00098642557323
475,"rand=1-1_rate=2_ROB=LH_Bias=Rct20_NRE20-35","1-1",2,"LH","Rct20_NRE20-35",0.182321556793955,0.182321556793955,0.182321556793955,0.182321556793955,0.182321556793955,0.300104592450338,0.216785385721822,0.216785385721822,-0.373378093598241,FALSE,0.839799642513695,1.00116029589589,-0.331809496109216,FALSE,0.512937660946095,1.00127540279561,-0.488837868086463,FALSE,0.971319673991157,1.00111917200801,-0.279233668180395,TRUE,0.67962257838892,1.00101831475782
476,"rand=1-1_rate=2_ROB=LH_Bias=Rct20_NRE20-35","1-1",2,"LH","Rct20_NRE20-35",0.182321556793955,0.182321556793955,0.182321556793955,0.182321556793955,0.182321556793955,0.300104592450338,0.215225114929088,0.215225114929088,-0.0984434459606902,TRUE,0.469572321013918,1.00105788765655,-0.143615848351564,FALSE,0.228136703969982,1.00100110346613,-0.170591197045953,TRUE,0.874070328216089,1.00106297995795,-0.140966544193729,FALSE,0.247515616798131,1.00099263351749
477,"rand=1-1_rate=2_ROB=LH_Bias=Rct20_NRE20-35","1-1",2,"LH","Rct20_NRE20-35",0.182321556793955,0.182321556793955,0.182321556793955,0.182321556793955,0.182321556793955,0.300104592450338,0.230134521206967,0.230134521206967,-0.194168394417984,TRUE,0.712515314920189,1.00101386681189,-0.373468535748671,FALSE,0.621477120448956,1.00100722744491,-0.247449855185732,TRUE,0.83116719202121,1.00101273492726,-0.436673977312777,FALSE,1.00643402425319,1.00101158812903
478,"rand=1-1_rate=2_ROB=LH_Bias=Rct20_NRE20-35","1-1",2,"LH","Rct20_NRE20-35",0.182321556793955,0.182321556793955,0.182321556793955,0.182321556793955,0.182321556793955,0.300104592450338,0.2210042869216,0.2210042869216,-0.232631469828938,TRUE,0.676009577503555,1.00099100293729,-0.266308746270654,FALSE,0.437630854460235,1.0009894552186,-0.0928771389418892,TRUE,0.652502899825878,1.00165970105135,-0.340914373059608,FALSE,0.622226840669694,1.00099071780099
479,"rand=1-1_rate=2_ROB=LH_Bias=Rct20_NRE20-35","1-1",2,"LH","Rct20_NRE20-35",0.182321556793955,0.182321556793955,0.182321556793955,0.182321556793955,0.182321556793955,0.300104592450338,0.200653095556844,0.200653095556844,-0.251462981616239,FALSE,0.531947078769405,1.00100488972108,-0.221271582683128,FALSE,0.281258719930056,1.00099175176336,-0.304365711963303,FALSE,0.707751025850521,1.00101012614341,-0.204229337881983,FALSE,0.344158916843367,1.00102258953073
480,"rand=1-1_rate=2_ROB=LH_Bias=Rct20_NRE20-35","1-1",2,"LH","Rct20_NRE20-35",0.182321556793955,0.182321556793955,0.182321556793955,0.182321556793955,0.182321556793955,0.300104592450338,0.226266477706488,0.226266477706488,-0.246527061848454,TRUE,0.646304816858055,1.00098791490383,-0.337330554046486,FALSE,0.471945380693503,1.00100026740496,-0.282669982150374,TRUE,0.701847377025128,1.00106077404903,-0.364585334248928,FALSE,0.729996325362788,1.0009921096147
481,"rand=1-1_rate=2_ROB=LH_Bias=Rct20_NRE20-35","1-1",2,"LH","Rct20_NRE20-35",0.182321556793955,0.182321556793955,0.182321556793955,0.182321556793955,0.182321556793955,0.300104592450338,0.203205691732459,0.203205691732459,-0.3051825074382,FALSE,0.615964183588872,1.00110435180117,-0.314778902500017,FALSE,0.3594846115665,1.00099371939156,-0.219691105544107,TRUE,0.744611565758602,1.00112759605869,-0.344976197696539,FALSE,0.454352641217709,1.00099866056008
482,"rand=1-1_rate=2_ROB=LH_Bias=Rct20_NRE20-35","1-1",2,"LH","Rct20_NRE20-35",0.182321556793955,0.182321556793955,0.182321556793955,0.182321556793955,0.182321556793955,0.300104592450338,0.227785183133371,0.227785183133371,-0.283066836678274,FALSE,0.631147648609374,1.00100200871819,-0.270313313492853,FALSE,0.369759071918776,1.00099398712973,-0.383685950924302,FALSE,0.780268113861792,1.00100842694027,-0.236216031938404,FALSE,0.480385080994811,1.00098669534641
483,"rand=1-1_rate=2_ROB=LH_Bias=Rct20_NRE20-35","1-1",2,"LH","Rct20_NRE20-35",0.182321556793955,0.182321556793955,0.182321556793955,0.182321556793955,0.182321556793955,0.300104592450338,0.211557259580599,0.211557259580599,-0.369750166472764,FALSE,0.721025709691243,1.00102878973644,-0.323907717225333,FALSE,0.420046093968922,1.00098900930098,-0.271616275622895,TRUE,0.787347511093898,1.00101312887877,-0.344769346294682,FALSE,0.569844019521011,1.00100081236506
484,"rand=1-1_rate=2_ROB=LH_Bias=Rct20_NRE20-35","1-1",2,"LH","Rct20_NRE20-35",0.182321556793955,0.182321556793955,0.182321556793955,0.182321556793955,0.182321556793955,0.300104592450338,0.22445706003379,0.22445706003379,-0.25511484783769,TRUE,0.607936525092668,1.00103962242975,-0.275386649662263,FALSE,0.364811529065135,1.00098958878398,-0.255804471533595,TRUE,0.749693800628923,1.00113547385387,-0.283642311246338,FALSE,0.474198504862495,1.00098660035028
485,"rand=1-1_rate=2_ROB=LH_Bias=Rct20_NRE20-35","1-1",2,"LH","Rct20_NRE20-35",0.182321556793955,0.182321556793955,0.182321556793955,0.182321556793955,0.182321556793955,0.300104592450338,0.23759310849563,0.23759310849563,-0.408886944419016,FALSE,0.654629399860639,1.00108333561233,-0.436284864939158,FALSE,0.361996799175301,1.00114672745537,-0.311137388461094,TRUE,0.965583807789631,1.00128598841136,-0.465854484509975,FALSE,0.415697859348855,1.00098677383854
486,"rand=1-1_rate=2_ROB=LH_Bias=Rct20_NRE20-35","1-1",2,"LH","Rct20_NRE20-35",0.182321556793955,0.182321556793955,0.182321556793955,0.182321556793955,0.182321556793955,0.300104592450338,0.21252598594702,0.21252598594702,-0.0247552307529137,TRUE,0.538397577924309,1.00099836205141,-0.127933495589917,TRUE,0.384789653621242,1.00100651514124,-0.0198488165418962,TRUE,0.52740149615905,1.0012400284705,-0.167251754096678,TRUE,0.599164068458903,1.00101249471169
487,"rand=1-1_rate=2_ROB=LH_Bias=Rct20_NRE20-35","1-1",2,"LH","Rct20_NRE20-35",0.182321556793955,0.182321556793955,0.182321556793955,0.182321556793955,0.182321556793955,0.300104592450338,0.207509321588411,0.207509321588411,-0.0742654911175071,TRUE,0.503148637145904,1.00098600130584,-0.0812045384565596,TRUE,0.294355390554759,1.00101959264298,0.0682795961229178,TRUE,0.643825362472178,1.00107495835811,-0.119520575658958,TRUE,0.347991787845376,1.00098651940828
488,"rand=1-1_rate=2_ROB=LH_Bias=Rct20_NRE20-35","1-1",2,"LH","Rct20_NRE20-35",0.182321556793955,0.182321556793955,0.182321556793955,0.182321556793955,0.182321556793955,0.300104592450338,0.202839021746178,0.202839021746178,-0.193597027095838,TRUE,0.766590764634842,1.00101418852971,-0.302884054230487,FALSE,0.525483068859695,1.00099703267023,-0.477196889667784,TRUE,1.32717556675682,1.00098675199399,-0.227096412676967,TRUE,0.577084303174269,1.00098881102466
489,"rand=1-1_rate=2_ROB=LH_Bias=Rct20_NRE20-35","1-1",2,"LH","Rct20_NRE20-35",0.182321556793955,0.182321556793955,0.182321556793955,0.182321556793955,0.182321556793955,0.300104592450338,0.214829121599991,0.214829121599991,-0.119815192967659,TRUE,0.644921357708649,1.0015661655285,-0.105768221043368,TRUE,0.436997025537164,1.00098917565341,-0.284352930380857,TRUE,0.737401869125438,1.00113177968278,-0.0286656345626377,TRUE,0.593985486382226,1.00102800631678
490,"rand=1-1_rate=2_ROB=LH_Bias=Rct20_NRE20-35","1-1",2,"LH","Rct20_NRE20-35",0.182321556793955,0.182321556793955,0.182321556793955,0.182321556793955,0.182321556793955,0.300104592450338,0.202684364922177,0.202684364922177,-0.209301840576077,TRUE,0.680810258495475,1.00101078195932,-0.21112849569093,FALSE,0.44574307575584,1.00098667063474,-0.0887660007225355,TRUE,0.67289176950237,1.00098867349193,-0.269475019770697,TRUE,0.662970670817266,1.00099215552801
491,"rand=1-1_rate=2_ROB=LH_Bias=Rct20_NRE20-35","1-1",2,"LH","Rct20_NRE20-35",0.182321556793955,0.182321556793955,0.182321556793955,0.182321556793955,0.182321556793955,0.300104592450338,0.224397378288873,0.224397378288873,-0.229935010090146,TRUE,0.562632166235943,1.00182779235261,-0.254597345792158,FALSE,0.310214550262887,1.0010407152512,-0.382349981156568,FALSE,0.75698896105806,1.00101048600712,-0.226750780763191,FALSE,0.386559631297946,1.00102927193499
492,"rand=1-1_rate=2_ROB=LH_Bias=Rct20_NRE20-35","1-1",2,"LH","Rct20_NRE20-35",0.182321556793955,0.182321556793955,0.182321556793955,0.182321556793955,0.182321556793955,0.300104592450338,0.207189969295289,0.207189969295289,-0.188559961166563,TRUE,0.605525501235891,1.00099317501172,-0.333759870302,FALSE,0.409999616703478,1.00098685798655,-0.0711187647546998,TRUE,0.583484273573463,1.00308074915055,-0.431774107828068,FALSE,0.581421845424155,1.00099455716386
493,"rand=1-1_rate=2_ROB=LH_Bias=Rct20_NRE20-35","1-1",2,"LH","Rct20_NRE20-35",0.182321556793955,0.182321556793955,0.182321556793955,0.182321556793955,0.182321556793955,0.300104592450338,0.228159666376588,0.228159666376588,-0.369940177664526,FALSE,0.641119155584241,1.00103819164928,-0.418548973975275,FALSE,0.358370228613445,1.00098609578186,-0.541358479242172,FALSE,0.94202394593767,1.00106094822716,-0.39225195330353,FALSE,0.422453207944669,1.00099764940072
494,"rand=1-1_rate=2_ROB=LH_Bias=Rct20_NRE20-35","1-1",2,"LH","Rct20_NRE20-35",0.182321556793955,0.182321556793955,0.182321556793955,0.182321556793955,0.182321556793955,0.300104592450338,0.194810149426794,0.194810149426794,-0.122561219860681,TRUE,0.651336900216175,1.0009861364929,-0.149819456740976,TRUE,0.439006811155492,1.00100048673624,0.000547890787166549,TRUE,0.671639637983844,1.001012000863,-0.231227467176012,TRUE,0.645428669003011,1.00104608430186
495,"rand=1-1_rate=2_ROB=LH_Bias=Rct20_NRE20-35","1-1",2,"LH","Rct20_NRE20-35",0.182321556793955,0.182321556793955,0.182321556793955,0.182321556793955,0.182321556793955,0.300104592450338,0.211614669651006,0.211614669651006,-0.242706152845104,TRUE,0.747049813619061,1.00135619339575,-0.273798584545763,FALSE,0.535137532128465,1.00098740081848,-0.282597040739774,TRUE,0.772876752874046,1.00109403146571,-0.283093359881489,TRUE,0.826752047720867,1.00098739597619
496,"rand=1-1_rate=2_ROB=LH_Bias=Rct20_NRE20-35","1-1",2,"LH","Rct20_NRE20-35",0.182321556793955,0.182321556793955,0.182321556793955,0.182321556793955,0.182321556793955,0.300104592450338,0.210101165315677,0.210101165315677,-0.32076401973096,FALSE,0.550363066821012,1.00101298141591,-0.345728630943752,FALSE,0.27776285108626,1.00109179699908,-0.191041678141964,TRUE,0.594682905842625,1.00144348595278,-0.379924395268372,FALSE,0.357490529515058,1.00105633481867
497,"rand=1-1_rate=2_ROB=LH_Bias=Rct20_NRE20-35","1-1",2,"LH","Rct20_NRE20-35",0.182321556793955,0.182321556793955,0.182321556793955,0.182321556793955,0.182321556793955,0.300104592450338,0.208634318435251,0.208634318435251,-0.178815077330065,TRUE,0.626036623474139,1.00108442267298,-0.281376483806141,FALSE,0.449641786085655,1.00101193729157,-0.165675672081905,TRUE,0.819120359488442,1.00113197071828,-0.330460234154803,FALSE,0.609611081099912,1.00100233800066
498,"rand=1-1_rate=2_ROB=LH_Bias=Rct20_NRE20-35","1-1",2,"LH","Rct20_NRE20-35",0.182321556793955,0.182321556793955,0.182321556793955,0.182321556793955,0.182321556793955,0.300104592450338,0.220265353695233,0.220265353695233,-0.425064500670922,FALSE,0.638850468611626,1.00118905724093,-0.303016949840419,FALSE,0.35199461818099,1.0009870393614,-0.257737526196733,TRUE,0.656578927549442,1.00129935457637,-0.31423805409821,FALSE,0.486307762071727,1.0009867269221
499,"rand=1-1_rate=2_ROB=LH_Bias=Rct20_NRE20-35","1-1",2,"LH","Rct20_NRE20-35",0.182321556793955,0.182321556793955,0.182321556793955,0.182321556793955,0.182321556793955,0.300104592450338,0.201620518272666,0.201620518272666,-0.430214852429572,FALSE,0.55122179025676,1.00109164057306,-0.423118359793488,FALSE,0.235013708351981,1.00098675009645,-0.341049096653323,FALSE,0.723243896167985,1.00105154342253,-0.434256662674759,FALSE,0.266399862446177,1.00100337828341
500,"rand=1-1_rate=2_ROB=LH_Bias=Rct20_NRE20-35","1-1",2,"LH","Rct20_NRE20-35",0.182321556793955,0.182321556793955,0.182321556793955,0.182321556793955,0.182321556793955,0.300104592450338,0.219855298921794,0.219855298921794,-0.305747961494471,TRUE,0.75375556762065,1.00099002068608,-0.386064766496921,FALSE,0.552572103167542,1.00112842981813,-0.411262171823836,FALSE,0.894984896905209,1.00153640339354,-0.374724508387888,FALSE,0.811648313528919,1.00098675679754
501,"rand=1-1_rate=2_ROB=LH_Bias=Rct20_NRE20-35","1-1",2,"LH","Rct20_NRE20-35",0.182321556793955,0.182321556793955,0.182321556793955,0.182321556793955,0.182321556793955,0.300104592450338,0.206093325639139,0.206093325639139,-0.28682172705563,TRUE,0.681883314752562,1.00098734524977,-0.329753800062484,FALSE,0.448309889232016,1.00099665784234,-0.282712053977426,TRUE,0.726123196704124,1.00098651322836,-0.342783013741094,FALSE,0.646355985176693,1.00098990457064
502,"rand=1-1_rate=2_ROB=LH_Bias=Rct20_NRE20-35","1-1",2,"LH","Rct20_NRE20-35",0.182321556793955,0.182321556793955,0.182321556793955,0.182321556793955,0.182321556793955,0.300104592450338,0.216505857901952,0.216505857901952,0.0145328560643542,TRUE,0.565857594198683,1.0010047253645,-0.144877210635208,TRUE,0.450594403210307,1.00098967646668,-0.134246545075958,TRUE,0.789288273237527,1.00098626226032,-0.149763620185409,TRUE,0.634325391515836,1.00098840249973
503,"rand=1-1_rate=2_ROB=LH_Bias=Rct20_NRE20-35","1-1",2,"LH","Rct20_NRE20-35",0.182321556793955,0.182321556793955,0.182321556793955,0.182321556793955,0.182321556793955,0.300104592450338,0.205565303155583,0.205565303155583,-0.361301721163096,FALSE,0.784513086315803,1.00101593330744,-0.28572455932935,FALSE,0.470829233269377,1.0010093105537,-0.0089051110924705,TRUE,0.689331948479449,1.00142673647851,-0.418678672770819,FALSE,0.627261973374807,1.00100028051705
504,"rand=1-1_rate=2_ROB=LH_Bias=Rct20_NRE20-35","1-1",2,"LH","Rct20_NRE20-35",0.182321556793955,0.182321556793955,0.182321556793955,0.182321556793955,0.182321556793955,0.300104592450338,0.213833486525389,0.213833486525389,-0.249043229922971,TRUE,0.676679901391647,1.00113385016462,-0.296236707519621,FALSE,0.446923002029197,1.00103231506922,-0.112237902726739,TRUE,0.71375960403024,1.00144163199578,-0.373036448145033,FALSE,0.623611872970391,1.00098813312742
505,"rand=1-1_rate=2_ROB=LH_Bias=Rct20_NRE20-35","1-1",2,"LH","Rct20_NRE20-35",0.182321556793955,0.182321556793955,0.182321556793955,0.182321556793955,0.182321556793955,0.300104592450338,0.209315681219354,0.209315681219354,-0.273402729187402,TRUE,0.624058387262187,1.00102646578065,-0.292536339005969,FALSE,0.372737803039709,1.00100756935731,-0.14759566810346,TRUE,0.678450435574973,1.00100177583538,-0.334942770520341,FALSE,0.49912794547118,1.00098961612783
506,"rand=1-1_rate=2_ROB=LH_Bias=Rct20_NRE20-35","1-1",2,"LH","Rct20_NRE20-35",0.182321556793955,0.182321556793955,0.182321556793955,0.182321556793955,0.182321556793955,0.300104592450338,0.215070609140454,0.215070609140454,-0.146030915309012,TRUE,0.572553715398663,1.00099281983562,-0.2362409013777,FALSE,0.391286841670769,1.00122822756349,-0.100873007520771,TRUE,0.688939386963789,1.00105265791576,-0.288319931813017,FALSE,0.540922930389397,1.00098700561317
507,"rand=1-1_rate=2_ROB=LH_Bias=Rct20_NRE20-35","1-1",2,"LH","Rct20_NRE20-35",0.182321556793955,0.182321556793955,0.182321556793955,0.182321556793955,0.182321556793955,0.300104592450338,0.214744608148665,0.214744608148665,-0.407074892126909,FALSE,0.745316406056097,1.00098810485568,-0.278875779496068,FALSE,0.411538337493498,1.00099020519222,-0.518657661184112,FALSE,0.951812868080052,1.00103201144226,-0.209272855431105,TRUE,0.478224624470459,1.00099205557508
508,"rand=1-1_rate=2_ROB=LH_Bias=Rct20_NRE20-35","1-1",2,"LH","Rct20_NRE20-35",0.182321556793955,0.182321556793955,0.182321556793955,0.182321556793955,0.182321556793955,0.300104592450338,0.204714615835846,0.204714615835846,-0.269881938945981,TRUE,0.660423266646183,1.00099877831234,-0.354535355428443,FALSE,0.461062072680828,1.00102244938508,-0.312970818888212,TRUE,0.869004187855846,1.00099863070843,-0.368824050958005,FALSE,0.621728504655281,1.00098911836356
509,"rand=1-1_rate=2_ROB=LH_Bias=Rct20_NRE20-35","1-1",2,"LH","Rct20_NRE20-35",0.182321556793955,0.182321556793955,0.182321556793955,0.182321556793955,0.182321556793955,0.300104592450338,0.207756280922932,0.207756280922932,-0.38713060899849,FALSE,0.721149537973734,1.00107654915661,-0.326430386309173,FALSE,0.431010598951077,1.00098649530405,-0.172327644771084,TRUE,0.674930953947579,1.00115417933075,-0.394969273669243,FALSE,0.614381693483034,1.00098623426011
510,"rand=1-1_rate=2_ROB=LH_Bias=Rct20_NRE20-35","1-1",2,"LH","Rct20_NRE20-35",0.182321556793955,0.182321556793955,0.182321556793955,0.182321556793955,0.182321556793955,0.300104592450338,0.205670545565481,0.205670545565481,-0.365053897445279,FALSE,0.684446512907898,1.00100355023827,-0.386100151062517,FALSE,0.40863676140468,1.00100641192007,-0.376030793329803,TRUE,1.0462896227557,1.00098945496391,-0.390376661281475,FALSE,0.474235324754448,1.00098955233066
511,"rand=1-1_rate=2_ROB=LH_Bias=Rct20_NRE20-35","1-1",2,"LH","Rct20_NRE20-35",0.182321556793955,0.182321556793955,0.182321556793955,0.182321556793955,0.182321556793955,0.300104592450338,0.214248120206753,0.214248120206753,-0.194383574555695,TRUE,0.70485529152663,1.0010839696033,-0.152756783486585,TRUE,0.455410736143993,1.00104825631354,-0.0807611673609536,TRUE,0.707869985005126,1.00099136631224,-0.195415781296376,TRUE,0.680706772331036,1.00103699840042
512,"rand=1-1_rate=2_ROB=LH_Bias=Rct20_NRE20-35","1-1",2,"LH","Rct20_NRE20-35",0.182321556793955,0.182321556793955,0.182321556793955,0.182321556793955,0.182321556793955,0.300104592450338,0.203415523061071,0.203415523061071,-0.372997605496841,FALSE,0.75812939815112,1.00103249728343,-0.375234264812706,FALSE,0.493177348392559,1.00103044375409,-0.671498891740888,FALSE,0.912115910574171,1.00160644117234,-0.266852693608111,TRUE,0.628549241370583,1.00099894360388
513,"rand=1-1_rate=2_ROB=LH_Bias=Rct20_NRE20-35","1-1",2,"LH","Rct20_NRE20-35",0.182321556793955,0.182321556793955,0.182321556793955,0.182321556793955,0.182321556793955,0.300104592450338,0.207975994160991,0.207975994160991,-0.311565205389009,TRUE,0.784368408075449,1.00108248865695,-0.25993411613184,FALSE,0.47681763479492,1.00099245009148,-0.218800173696694,TRUE,1.06393292773913,1.0010277173547,-0.274300089494218,FALSE,0.584603046073616,1.00099331366771
514,"rand=1-1_rate=2_ROB=LH_Bias=Rct20_NRE20-35","1-1",2,"LH","Rct20_NRE20-35",0.182321556793955,0.182321556793955,0.182321556793955,0.182321556793955,0.182321556793955,0.300104592450338,0.204199651561677,0.204199651561677,-0.0369542932422391,TRUE,0.510963128872412,1.00107799163441,-0.0742086873078225,TRUE,0.323781758933272,1.00104246908534,-0.00712220332428948,TRUE,0.544995786629574,1.00102491967924,-0.0946687152406167,TRUE,0.457990219574477,1.00098702369852
515,"rand=1-1_rate=2_ROB=LH_Bias=Rct20_NRE20-35","1-1",2,"LH","Rct20_NRE20-35",0.182321556793955,0.182321556793955,0.182321556793955,0.182321556793955,0.182321556793955,0.300104592450338,0.196391083412354,0.196391083412354,-0.187978123798507,TRUE,0.66910288019035,1.00121050762706,-0.227029582865759,FALSE,0.435331579792956,1.00104465849029,-0.0411011153168108,TRUE,0.82679104563974,1.00106038713176,-0.309588611313963,FALSE,0.555557405075275,1.0010005528467
516,"rand=1-1_rate=2_ROB=LH_Bias=Rct20_NRE20-35","1-1",2,"LH","Rct20_NRE20-35",0.182321556793955,0.182321556793955,0.182321556793955,0.182321556793955,0.182321556793955,0.300104592450338,0.213059815200793,0.213059815200793,-0.0519158356435487,TRUE,0.501379539031419,1.00102938450925,-0.159050871756024,TRUE,0.379505314840996,1.0009865025769,0.059651346623629,TRUE,0.639197057049477,1.00100264575107,-0.248179007450473,FALSE,0.495092012238604,1.00098625898213
517,"rand=1-1_rate=2_ROB=LH_Bias=Rct20_NRE20-35","1-1",2,"LH","Rct20_NRE20-35",0.182321556793955,0.182321556793955,0.182321556793955,0.182321556793955,0.182321556793955,0.300104592450338,0.225589793869451,0.225589793869451,-0.217154318774305,TRUE,0.654733438928314,1.00098696017178,-0.313110948709541,FALSE,0.476177682829892,1.00101979940649,-0.277360432651775,TRUE,0.815261990682588,1.00101673797738,-0.328414046326545,FALSE,0.677946402091463,1.00099063421428
518,"rand=1-1_rate=2_ROB=LH_Bias=Rct20_NRE20-35","1-1",2,"LH","Rct20_NRE20-35",0.182321556793955,0.182321556793955,0.182321556793955,0.182321556793955,0.182321556793955,0.300104592450338,0.207883620278641,0.207883620278641,-0.142016939875773,TRUE,0.62099483493288,1.00120802180172,-0.232226069829352,FALSE,0.478347569360816,1.00115567639942,-0.0972841402241016,TRUE,0.606581760289602,1.00116162749561,-0.29413108715659,TRUE,0.753377630792892,1.00099070967604
519,"rand=1-1_rate=2_ROB=LH_Bias=Rct20_NRE20-35","1-1",2,"LH","Rct20_NRE20-35",0.182321556793955,0.182321556793955,0.182321556793955,0.182321556793955,0.182321556793955,0.300104592450338,0.214354713263219,0.214354713263219,-0.0793523899921793,TRUE,0.449062102718133,1.00098611365761,-0.221658693045778,FALSE,0.327327500074285,1.00099868842864,-0.119208767741558,TRUE,0.655352321370096,1.00302734597631,-0.251861403766386,FALSE,0.427252695613701,1.00099060474741
520,"rand=1-1_rate=2_ROB=LH_Bias=Rct20_NRE20-35","1-1",2,"LH","Rct20_NRE20-35",0.182321556793955,0.182321556793955,0.182321556793955,0.182321556793955,0.182321556793955,0.300104592450338,0.20818631284531,0.20818631284531,-0.230815502541113,TRUE,0.555844886535002,1.00101706976459,-0.224133291461667,FALSE,0.288302303846986,1.0010351055683,-0.16461989414293,TRUE,0.651740795460855,1.00133837255343,-0.23601151660434,FALSE,0.357364281539307,1.00103321617982
521,"rand=1-1_rate=2_ROB=LH_Bias=Rct20_NRE20-35","1-1",2,"LH","Rct20_NRE20-35",0.182321556793955,0.182321556793955,0.182321556793955,0.182321556793955,0.182321556793955,0.300104592450338,0.220848282600921,0.220848282600921,-0.488240341694845,FALSE,0.818770196436229,1.00098792419353,-0.496250763586713,FALSE,0.544274815984418,1.0009900080435,-0.617513026597875,FALSE,0.981714490928497,1.00126797877415,-0.446170317261416,FALSE,0.7515208524904,1.00099492673644
522,"rand=1-1_rate=2_ROB=LH_Bias=Rct20_NRE20-35","1-1",2,"LH","Rct20_NRE20-35",0.182321556793955,0.182321556793955,0.182321556793955,0.182321556793955,0.182321556793955,0.300104592450338,0.208948885023438,0.208948885023438,-0.118974607466319,TRUE,0.537125550788694,1.0011551325675,-0.131900405746538,TRUE,0.321478802056031,1.00102822813637,-0.257142092761388,TRUE,0.73721145552847,1.00106495798283,-0.0939282264516159,TRUE,0.396053240531018,1.00098603852327
523,"rand=1-1_rate=2_ROB=LH_Bias=Rct20_NRE20-35","1-1",2,"LH","Rct20_NRE20-35",0.182321556793955,0.182321556793955,0.182321556793955,0.182321556793955,0.182321556793955,0.300104592450338,0.199093939271011,0.199093939271011,-0.15782661835742,TRUE,0.670085331843513,1.00099010322455,-0.134603517884893,TRUE,0.422166403953512,1.00098641783214,-0.038407904197957,TRUE,0.628916404433199,1.00099310009194,-0.178739309682838,TRUE,0.641783028420273,1.00100086721239
524,"rand=1-1_rate=2_ROB=LH_Bias=Rct20_NRE20-35","1-1",2,"LH","Rct20_NRE20-35",0.182321556793955,0.182321556793955,0.182321556793955,0.182321556793955,0.182321556793955,0.300104592450338,0.199271409361068,0.199271409361068,-0.0351836330827902,TRUE,0.617897852492979,1.00107286404962,-0.0591390939800576,TRUE,0.430272817971677,1.00101536646371,0.0361683936591831,TRUE,0.649551212267564,1.00099158359838,-0.118084951931312,TRUE,0.658322284550599,1.00098843271882
525,"rand=1-1_rate=2_ROB=LH_Bias=Rct20_NRE20-35","1-1",2,"LH","Rct20_NRE20-35",0.182321556793955,0.182321556793955,0.182321556793955,0.182321556793955,0.182321556793955,0.300104592450338,0.220760830884373,0.220760830884373,-0.30507167120586,TRUE,0.736030982326273,1.00099845889258,-0.326949624614356,FALSE,0.461468444944869,1.00098599011817,-0.105674041347851,TRUE,0.80167326993428,1.00101283756664,-0.421352960173767,FALSE,0.604966678516385,1.00098646871937
526,"rand=1-1_rate=2_ROB=LH_Bias=Rct20_NRE20-35","1-1",2,"LH","Rct20_NRE20-35",0.182321556793955,0.182321556793955,0.182321556793955,0.182321556793955,0.182321556793955,0.300104592450338,0.221886523797525,0.221886523797525,-0.122100994307058,TRUE,0.796637342657791,1.00098732847704,-0.201213212761385,TRUE,0.61340438672857,1.0010456282538,0.0164424242563304,TRUE,0.947727789421396,1.00108077393281,-0.35363550566808,TRUE,0.926236392808447,1.00103536718485
527,"rand=1-1_rate=2_ROB=LH_Bias=Rct20_NRE20-35","1-1",2,"LH","Rct20_NRE20-35",0.182321556793955,0.182321556793955,0.182321556793955,0.182321556793955,0.182321556793955,0.300104592450338,0.230271661003752,0.230271661003752,-0.157509838902234,TRUE,0.518078649194336,1.00099284328159,-0.176464816528887,FALSE,0.288963790059679,1.00102030567556,-0.193153616864002,TRUE,0.68650551703429,1.00126413642107,-0.171897242860077,FALSE,0.34999570031429,1.00099086796513
528,"rand=1-1_rate=2_ROB=LH_Bias=Rct20_NRE20-35","1-1",2,"LH","Rct20_NRE20-35",0.182321556793955,0.182321556793955,0.182321556793955,0.182321556793955,0.182321556793955,0.300104592450338,0.205105195743489,0.205105195743489,-0.088087587774407,TRUE,0.522532510578603,1.0009877088116,-0.210917189028267,FALSE,0.394692699631133,1.00098672639358,-0.171294346893794,TRUE,0.739277567632351,1.00099612136417,-0.223309158179137,TRUE,0.527063345471132,1.00098741344155
529,"rand=1-1_rate=2_ROB=LH_Bias=Rct20_NRE20-35","1-1",2,"LH","Rct20_NRE20-35",0.182321556793955,0.182321556793955,0.182321556793955,0.182321556793955,0.182321556793955,0.300104592450338,0.203245944783746,0.203245944783746,-0.20672286929518,TRUE,0.587798246330326,1.0010698803969,-0.216856264481856,FALSE,0.342233417228081,1.00098600560373,-0.1392806236206,TRUE,0.779489676663875,1.00115218297944,-0.238316412819854,FALSE,0.41098761507326,1.00099458018422
530,"rand=1-1_rate=2_ROB=LH_Bias=Rct20_NRE20-35","1-1",2,"LH","Rct20_NRE20-35",0.182321556793955,0.182321556793955,0.182321556793955,0.182321556793955,0.182321556793955,0.300104592450338,0.190726153935384,0.190726153935384,-0.0456134995899529,TRUE,0.548898059686045,1.00106396127084,-0.0425648317082168,TRUE,0.333174873657599,1.00098600712056,-0.090837223497461,TRUE,0.75730330507524,1.00102453221417,-0.0256048781578564,TRUE,0.41749112416985,1.00098939178673
531,"rand=1-1_rate=2_ROB=LH_Bias=Rct20_NRE20-35","1-1",2,"LH","Rct20_NRE20-35",0.182321556793955,0.182321556793955,0.182321556793955,0.182321556793955,0.182321556793955,0.300104592450338,0.227786813059387,0.227786813059387,-0.165220456503512,TRUE,0.598228832581183,1.00100764295286,-0.172403705283699,TRUE,0.364588266887283,1.00098710258734,-0.0650796245951724,TRUE,0.578659551142719,1.00100230004008,-0.215828121866639,TRUE,0.520134390234778,1.0009870050286
532,"rand=1-1_rate=2_ROB=LH_Bias=Rct20_NRE20-35","1-1",2,"LH","Rct20_NRE20-35",0.182321556793955,0.182321556793955,0.182321556793955,0.182321556793955,0.182321556793955,0.300104592450338,0.222102257448031,0.222102257448031,-0.127702399440803,TRUE,0.589053137913759,1.00099196086663,-0.245395365933771,FALSE,0.419959868250832,1.00098599316999,-0.0213437214657006,TRUE,0.72633419283035,1.00113575973996,-0.340617769395155,FALSE,0.53800329863131,1.00100829440923
533,"rand=1-1_rate=2_ROB=LH_Bias=Rct20_NRE20-35","1-1",2,"LH","Rct20_NRE20-35",0.182321556793955,0.182321556793955,0.182321556793955,0.182321556793955,0.182321556793955,0.300104592450338,0.220004717473558,0.220004717473558,-0.141918192272576,TRUE,0.574142005457907,1.00100486885006,-0.106131881022615,TRUE,0.337169161703944,1.00102709175511,-0.139007399159289,TRUE,0.79090274606611,1.00107510382183,-0.0943527812326515,TRUE,0.414732614458243,1.00099157462554
534,"rand=1-1_rate=2_ROB=LH_Bias=Rct20_NRE20-35","1-1",2,"LH","Rct20_NRE20-35",0.182321556793955,0.182321556793955,0.182321556793955,0.182321556793955,0.182321556793955,0.300104592450338,0.21717292365112,0.21717292365112,-0.0709310703491177,TRUE,0.596652157401707,1.00103367163903,-0.177847830577085,TRUE,0.468953172679193,1.00101862471109,-0.167767126420895,TRUE,0.761393823814156,1.0009860469467,-0.17757102931833,TRUE,0.685030414293775,1.001034083851
535,"rand=1-1_rate=2_ROB=LH_Bias=Rct20_NRE20-35","1-1",2,"LH","Rct20_NRE20-35",0.182321556793955,0.182321556793955,0.182321556793955,0.182321556793955,0.182321556793955,0.300104592450338,0.22442358516717,0.22442358516717,-0.147239021186422,TRUE,0.543287132791549,1.00122517749094,-0.255608929972414,FALSE,0.34621630328544,1.00098883767371,-0.0445685019500714,TRUE,0.601008626894309,1.00131602820342,-0.318840529235194,FALSE,0.456342529155755,1.00098626474821
536,"rand=1-1_rate=2_ROB=LH_Bias=Rct20_NRE20-35","1-1",2,"LH","Rct20_NRE20-35",0.182321556793955,0.182321556793955,0.182321556793955,0.182321556793955,0.182321556793955,0.300104592450338,0.217751840843729,0.217751840843729,-0.257306871183826,TRUE,0.629408224059563,1.00129368485728,-0.311750510855548,FALSE,0.417110318212327,1.0010488097043,-0.211398014580041,TRUE,0.682603635418735,1.00098891016098,-0.348669502789445,FALSE,0.599513835547337,1.00099535988637
537,"rand=1-1_rate=2_ROB=LH_Bias=Rct20_NRE20-35","1-1",2,"LH","Rct20_NRE20-35",0.182321556793955,0.182321556793955,0.182321556793955,0.182321556793955,0.182321556793955,0.300104592450338,0.208028741647034,0.208028741647034,-0.368497320045683,FALSE,0.654938176337304,1.00107728307151,-0.395133813044996,FALSE,0.377248372964162,1.00100299404521,-0.131996929935908,TRUE,0.606389510454764,1.00101341278499,-0.480111198388366,FALSE,0.493327597701645,1.0009910915986
538,"rand=1-1_rate=2_ROB=LH_Bias=Rct20_NRE20-35","1-1",2,"LH","Rct20_NRE20-35",0.182321556793955,0.182321556793955,0.182321556793955,0.182321556793955,0.182321556793955,0.300104592450338,0.218494166271338,0.218494166271338,-0.291258536794096,TRUE,0.742665368064272,1.00104506087968,-0.355215790675264,FALSE,0.511409209840431,1.0010519923208,-0.447747438982685,TRUE,1.15617959795868,1.00100161165312,-0.320560950418451,FALSE,0.631429084113265,1.00098821231978
539,"rand=1-1_rate=2_ROB=LH_Bias=Rct20_NRE20-35","1-1",2,"LH","Rct20_NRE20-35",0.182321556793955,0.182321556793955,0.182321556793955,0.182321556793955,0.182321556793955,0.300104592450338,0.20528107365737,0.20528107365737,-0.250098981487336,TRUE,0.599489168688494,1.00100859784063,-0.338366079806239,FALSE,0.397720973188675,1.00098663992147,-0.152418634772624,TRUE,0.705582687229342,1.00117474571556,-0.408541024531812,FALSE,0.51854319729327,1.00110234969629
540,"rand=1-1_rate=2_ROB=LH_Bias=Rct20_NRE20-35","1-1",2,"LH","Rct20_NRE20-35",0.182321556793955,0.182321556793955,0.182321556793955,0.182321556793955,0.182321556793955,0.300104592450338,0.211248009676928,0.211248009676928,-0.189890801539484,TRUE,0.654762806830933,1.00101282078627,-0.295930484944915,FALSE,0.47190857000281,1.0010020636607,-0.529182082323639,FALSE,0.925318701111564,1.00114085719714,-0.197657521786849,TRUE,0.585728605899694,1.00098927786698
541,"rand=1-1_rate=2_ROB=LH_Bias=Rct20_NRE20-35","1-1",2,"LH","Rct20_NRE20-35",0.182321556793955,0.182321556793955,0.182321556793955,0.182321556793955,0.182321556793955,0.300104592450338,0.200348339755073,0.200348339755073,-0.130457797532679,TRUE,0.692420524888564,1.00102473139297,-0.17734902367378,TRUE,0.495661993457426,1.00098799610832,-0.0646298259001572,TRUE,1.16263993555097,1.0010265231664,-0.237435008614548,TRUE,0.556522387598048,1.00099450656083
542,"rand=1-1_rate=2_ROB=LH_Bias=Rct20_NRE20-35","1-1",2,"LH","Rct20_NRE20-35",0.182321556793955,0.182321556793955,0.182321556793955,0.182321556793955,0.182321556793955,0.300104592450338,0.200003890336218,0.200003890336218,-0.138593968884444,TRUE,0.531008148661465,1.00099163891879,-0.175957360090378,FALSE,0.318945343122501,1.00103237754052,0.143719413014121,TRUE,0.567739643374566,1.00109542619704,-0.265200555559291,FALSE,0.354581532610933,1.00099979761704
543,"rand=1-1_rate=2_ROB=LH_Bias=Rct20_NRE20-35","1-1",2,"LH","Rct20_NRE20-35",0.182321556793955,0.182321556793955,0.182321556793955,0.182321556793955,0.182321556793955,0.300104592450338,0.220852821863214,0.220852821863214,-0.210933054491827,TRUE,0.719684457826486,1.00123315982814,-0.208702828821892,TRUE,0.488167179190842,1.00102428746587,-0.375674103719254,TRUE,0.955329669738556,1.00100074483659,-0.133572942810851,TRUE,0.61751513487375,1.0009862675591
544,"rand=1-1_rate=2_ROB=LH_Bias=Rct20_NRE20-35","1-1",2,"LH","Rct20_NRE20-35",0.182321556793955,0.182321556793955,0.182321556793955,0.182321556793955,0.182321556793955,0.300104592450338,0.21130197765515,0.21130197765515,-0.139482262135476,TRUE,0.656150911727841,1.00098656363709,-0.138285225154047,TRUE,0.416085389629676,1.00098763302375,-0.0916311161821191,TRUE,0.766990903450687,1.0015101751338,-0.158497839535348,TRUE,0.576888611420093,1.00100080897581
545,"rand=1-1_rate=2_ROB=LH_Bias=Rct20_NRE20-35","1-1",2,"LH","Rct20_NRE20-35",0.182321556793955,0.182321556793955,0.182321556793955,0.182321556793955,0.182321556793955,0.300104592450338,0.213768900590294,0.213768900590294,-0.387594872099537,FALSE,0.728369126541048,1.00122827226365,-0.354772860950762,FALSE,0.446467427099356,1.00101773359107,-0.352092235417075,TRUE,0.851149218006265,1.00122555052587,-0.356919172854776,FALSE,0.605215003647277,1.00098810481746
546,"rand=1-1_rate=2_ROB=LH_Bias=Rct20_NRE20-35","1-1",2,"LH","Rct20_NRE20-35",0.182321556793955,0.182321556793955,0.182321556793955,0.182321556793955,0.182321556793955,0.300104592450338,0.22358622184437,0.22358622184437,-0.282752545477851,TRUE,0.691002773130622,1.00098640629066,-0.478702097854058,FALSE,0.586378407864399,1.00098600010506,-0.354374863568498,FALSE,0.744178266333273,1.00166431279527,-0.53349098437317,FALSE,0.946992229762727,1.00099196112557
547,"rand=1-1_rate=2_ROB=LH_Bias=Rct20_NRE20-35","1-1",2,"LH","Rct20_NRE20-35",0.182321556793955,0.182321556793955,0.182321556793955,0.182321556793955,0.182321556793955,0.300104592450338,0.210188638168838,0.210188638168838,-0.146370018590221,TRUE,0.527205427169745,1.00100620537783,-0.185279167442874,FALSE,0.298243914084843,1.00099238500932,-0.0354728711957464,TRUE,0.724819374511156,1.00099349043899,-0.219229089411295,FALSE,0.354156481686906,1.00102833805843
548,"rand=1-1_rate=2_ROB=LH_Bias=Rct20_NRE20-35","1-1",2,"LH","Rct20_NRE20-35",0.182321556793955,0.182321556793955,0.182321556793955,0.182321556793955,0.182321556793955,0.300104592450338,0.210661577039244,0.210661577039244,-0.107277312279897,TRUE,0.620103554591986,1.00098890141646,-0.0922272547436971,TRUE,0.391677663735526,1.00102339061448,-0.112090929489846,TRUE,0.783661037855411,1.00101797074785,-0.0860037134452072,TRUE,0.514012282117,1.00107549014602
549,"rand=1-1_rate=2_ROB=LH_Bias=Rct20_NRE20-35","1-1",2,"LH","Rct20_NRE20-35",0.182321556793955,0.182321556793955,0.182321556793955,0.182321556793955,0.182321556793955,0.300104592450338,0.211115772630541,0.211115772630541,-0.35956986279883,FALSE,0.795899253237781,1.00101207814503,-0.385184869129641,FALSE,0.521133313471672,1.00099662103503,-0.598712246803342,FALSE,1.06125162730191,1.00115639913976,-0.303219085914573,FALSE,0.651775701133868,1.00098603315012
550,"rand=1-1_rate=2_ROB=LH_Bias=Rct20_NRE20-35","1-1",2,"LH","Rct20_NRE20-35",0.182321556793955,0.182321556793955,0.182321556793955,0.182321556793955,0.182321556793955,0.300104592450338,0.204647998583353,0.204647998583353,-0.219364705034012,TRUE,0.628006845123061,1.00108273155991,-0.34363484484143,FALSE,0.452387056917037,1.00098756019886,-0.13685122976026,TRUE,0.642496726884458,1.00099696027476,-0.437580269618202,FALSE,0.665131872409108,1.00098894428419
551,"rand=1-1_rate=2_ROB=LH_Bias=Rct20_NRE20-35","1-1",2,"LH","Rct20_NRE20-35",0.182321556793955,0.182321556793955,0.182321556793955,0.182321556793955,0.182321556793955,0.300104592450338,0.222884579502145,0.222884579502145,-0.365587021851782,FALSE,0.617954307362879,1.00115003003543,-0.345470070048804,FALSE,0.309623548842147,1.00107816066311,-0.451414075690614,TRUE,1.29411859481256,1.00105806034013,-0.328858000376578,FALSE,0.311599233348919,1.00102225982525
552,"rand=1-1_rate=2_ROB=LH_Bias=Rct20_NRE20-35","1-1",2,"LH","Rct20_NRE20-35",0.182321556793955,0.182321556793955,0.182321556793955,0.182321556793955,0.182321556793955,0.300104592450338,0.213860581904398,0.213860581904398,-0.238063072859364,TRUE,0.630293856920182,1.00121923020809,-0.274653991036197,FALSE,0.386107161511711,1.00099703621338,-0.275648025220028,TRUE,1.00840708342115,1.00104038901296,-0.276407458012266,FALSE,0.455341396074551,1.00102123011039
553,"rand=1-1_rate=2_ROB=LH_Bias=Rct20_NRE20-35","1-1",2,"LH","Rct20_NRE20-35",0.182321556793955,0.182321556793955,0.182321556793955,0.182321556793955,0.182321556793955,0.300104592450338,0.226545815417145,0.226545815417145,-0.331508206621764,FALSE,0.645719249110961,1.00115156142331,-0.386800461659974,FALSE,0.412913820497426,1.00099719208332,-0.393318288340509,FALSE,0.744348501660373,1.00106137916012,-0.388717064722579,FALSE,0.590458829715765,1.00098668524881
554,"rand=1-1_rate=2_ROB=LH_Bias=Rct20_NRE20-35","1-1",2,"LH","Rct20_NRE20-35",0.182321556793955,0.182321556793955,0.182321556793955,0.182321556793955,0.182321556793955,0.300104592450338,0.214169592055134,0.214169592055134,-0.127920452077575,TRUE,0.582893914363694,1.00105488487272,-0.131076810882858,TRUE,0.365109757884706,1.00098679338243,-0.275454471632617,TRUE,0.843062468701005,1.00130204179038,-0.0808861075656455,TRUE,0.443876774484858,1.00107168702459
555,"rand=1-1_rate=2_ROB=LH_Bias=Rct20_NRE20-35","1-1",2,"LH","Rct20_NRE20-35",0.182321556793955,0.182321556793955,0.182321556793955,0.182321556793955,0.182321556793955,0.300104592450338,0.222593145959831,0.222593145959831,-0.20991266002606,TRUE,0.652839123878531,1.00102455998124,-0.212128243577491,FALSE,0.405897654105293,1.00098604348918,-0.0910727268548592,TRUE,0.730747573363573,1.00113300421646,-0.260091589996145,FALSE,0.542751617633545,1.00104520078773
556,"rand=1-1_rate=2_ROB=LH_Bias=Rct20_NRE20-35","1-1",2,"LH","Rct20_NRE20-35",0.182321556793955,0.182321556793955,0.182321556793955,0.182321556793955,0.182321556793955,0.300104592450338,0.203661888710333,0.203661888710333,0.0314954102731353,TRUE,0.402904763369185,1.00099008036498,-0.112325862672339,TRUE,0.29972939848454,1.00098726280162,0.128554893316042,TRUE,0.517367837919468,1.00127926088667,-0.190380503661215,FALSE,0.363410109194019,1.00100490475093
557,"rand=1-1_rate=2_ROB=LH_Bias=Rct20_NRE20-35","1-1",2,"LH","Rct20_NRE20-35",0.182321556793955,0.182321556793955,0.182321556793955,0.182321556793955,0.182321556793955,0.300104592450338,0.211575509183024,0.211575509183024,-0.216533921311627,TRUE,0.563337649793245,1.00109330918535,-0.169933709864505,FALSE,0.300645713530262,1.00101689784986,-0.350562700309011,FALSE,0.794837194278419,1.00128744141253,-0.130623169560375,TRUE,0.360713816007762,1.00107258542614
558,"rand=1-1_rate=2_ROB=LH_Bias=Rct20_NRE20-35","1-1",2,"LH","Rct20_NRE20-35",0.182321556793955,0.182321556793955,0.182321556793955,0.182321556793955,0.182321556793955,0.300104592450338,0.195820268018708,0.195820268018708,-0.0526963147392943,TRUE,0.565518428383096,1.00103114308447,-0.157191684570118,TRUE,0.412286889659539,1.0009864234726,0.0265032575454911,TRUE,0.700841292804677,1.00103889205039,-0.23586656404339,TRUE,0.546833180151756,1.00098816054228
559,"rand=1-1_rate=2_ROB=LH_Bias=Rct20_NRE20-35","1-1",2,"LH","Rct20_NRE20-35",0.182321556793955,0.182321556793955,0.182321556793955,0.182321556793955,0.182321556793955,0.300104592450338,0.211349537355654,0.211349537355654,-0.135473943432195,TRUE,0.617611479394865,1.00098693194931,-0.23476598422027,FALSE,0.43098413352721,1.00098756983819,0.0556530945609309,TRUE,0.529441818087995,1.00173567713912,-0.38302512538381,FALSE,0.624061532278334,1.00098800332734
560,"rand=1-1_rate=2_ROB=LH_Bias=Rct20_NRE20-35","1-1",2,"LH","Rct20_NRE20-35",0.182321556793955,0.182321556793955,0.182321556793955,0.182321556793955,0.182321556793955,0.300104592450338,0.222099749876719,0.222099749876719,-0.139802046479696,TRUE,0.697789604921872,1.00101500089267,-0.257580833342311,TRUE,0.573556174442862,1.00098716693351,-0.122936767091839,TRUE,0.79868024209627,1.00098765851257,-0.339840509896043,TRUE,0.905388253374819,1.00098674274515
561,"rand=1-1_rate=2_ROB=LH_Bias=Rct20_NRE20-35","1-1",2,"LH","Rct20_NRE20-35",0.182321556793955,0.182321556793955,0.182321556793955,0.182321556793955,0.182321556793955,0.300104592450338,0.193362043201055,0.193362043201055,-0.307357802280154,FALSE,0.616595215254508,1.00106957668577,-0.295001739722731,FALSE,0.348500870671391,1.00098680239891,-0.407770335630904,FALSE,0.821516420809194,1.00105230964672,-0.262938949670375,FALSE,0.434940847552708,1.00098599183725
562,"rand=1-1_rate=2_ROB=LH_Bias=Rct20_NRE20-35","1-1",2,"LH","Rct20_NRE20-35",0.182321556793955,0.182321556793955,0.182321556793955,0.182321556793955,0.182321556793955,0.300104592450338,0.213415216684121,0.213415216684121,-0.239516430628832,TRUE,0.697051789399198,1.00100521088788,-0.263153952220671,FALSE,0.473627921917587,1.00098601204496,-0.176866590751047,TRUE,0.788591290300608,1.00098999911829,-0.301860668165954,FALSE,0.672428434566256,1.00101466079029
563,"rand=1-1_rate=2_ROB=LH_Bias=Rct20_NRE20-35","1-1",2,"LH","Rct20_NRE20-35",0.182321556793955,0.182321556793955,0.182321556793955,0.182321556793955,0.182321556793955,0.300104592450338,0.198216677613655,0.198216677613655,-0.178068931242034,TRUE,0.562968827624029,1.00099205749439,-0.259488341198074,FALSE,0.365824527762123,1.00099579539803,-0.169649507476449,TRUE,0.678883655103661,1.00116236898795,-0.289803983355821,FALSE,0.495932149188608,1.00099132696369
564,"rand=1-1_rate=2_ROB=LH_Bias=Rct20_NRE20-35","1-1",2,"LH","Rct20_NRE20-35",0.182321556793955,0.182321556793955,0.182321556793955,0.182321556793955,0.182321556793955,0.300104592450338,0.243204109839278,0.243204109839278,-0.319111158545013,FALSE,0.756628630532959,1.00103264934625,-0.45375797682591,FALSE,0.594082801011859,1.00099958754875,-0.343372875420349,TRUE,0.996892259145985,1.00098601626202,-0.514481490077179,FALSE,0.859095151654442,1.00099402357667
565,"rand=1-1_rate=2_ROB=LH_Bias=Rct20_NRE20-35","1-1",2,"LH","Rct20_NRE20-35",0.182321556793955,0.182321556793955,0.182321556793955,0.182321556793955,0.182321556793955,0.300104592450338,0.215605235621387,0.215605235621387,-0.225293249157414,TRUE,0.718636420025167,1.00106451968971,-0.312722546786826,FALSE,0.56384792679866,1.00101108457196,-0.422780735088422,FALSE,0.803028016587182,1.00187142610519,-0.255589793631218,TRUE,0.852918795980193,1.00101661142335
566,"rand=1-1_rate=2_ROB=LH_Bias=Rct20_NRE20-35","1-1",2,"LH","Rct20_NRE20-35",0.182321556793955,0.182321556793955,0.182321556793955,0.182321556793955,0.182321556793955,0.300104592450338,0.191618911449464,0.191618911449464,-0.583346737395585,FALSE,0.64749733566075,1.00117613397939,-0.473562687637796,FALSE,0.342651284988067,1.00100571818376,-0.678285774284584,FALSE,1.17854887376166,1.00098737183548,-0.44209936469327,FALSE,0.379360487642212,1.00098773452215
567,"rand=1-1_rate=2_ROB=LH_Bias=Rct20_NRE20-35","1-1",2,"LH","Rct20_NRE20-35",0.182321556793955,0.182321556793955,0.182321556793955,0.182321556793955,0.182321556793955,0.300104592450338,0.219812077863568,0.219812077863568,-0.203295122661674,TRUE,0.575414117399791,1.00098817135216,-0.33851435434883,FALSE,0.399270700300088,1.00110829108104,-0.157998251041051,TRUE,0.719043347759489,1.00100479877531,-0.403281188211589,FALSE,0.526382558354923,1.00098689043586
568,"rand=1-1_rate=2_ROB=LH_Bias=Rct20_NRE20-35","1-1",2,"LH","Rct20_NRE20-35",0.182321556793955,0.182321556793955,0.182321556793955,0.182321556793955,0.182321556793955,0.300104592450338,0.207439081889446,0.207439081889446,-0.291934672189307,TRUE,0.799937926265142,1.00098843826825,-0.319802343838299,FALSE,0.552972755073816,1.00104848894403,-0.157026317775396,TRUE,0.742508820217973,1.00129488931043,-0.400233696005358,FALSE,0.877406126676229,1.00099818283399
569,"rand=1-1_rate=2_ROB=LH_Bias=Rct20_NRE20-35","1-1",2,"LH","Rct20_NRE20-35",0.182321556793955,0.182321556793955,0.182321556793955,0.182321556793955,0.182321556793955,0.300104592450338,0.204458858377754,0.204458858377754,-0.0885858962656572,TRUE,0.448940165852868,1.00121056345766,-0.20434700418807,FALSE,0.265867943339603,1.00100682264321,-0.0347010350525696,TRUE,0.689802599172424,1.00121944995267,-0.236766068176573,FALSE,0.299122450149627,1.00098640051068
570,"rand=1-1_rate=2_ROB=LH_Bias=Rct20_NRE20-35","1-1",2,"LH","Rct20_NRE20-35",0.182321556793955,0.182321556793955,0.182321556793955,0.182321556793955,0.182321556793955,0.300104592450338,0.217700305225272,0.217700305225272,-0.0977042479027916,TRUE,0.450292247583737,1.00111548504427,-0.182865507353175,FALSE,0.263212339518092,1.00099976875922,-0.0853112235879347,TRUE,0.586968462710347,1.00143344272435,-0.206546576671901,FALSE,0.336779350565891,1.00103174787264
571,"rand=1-1_rate=2_ROB=LH_Bias=Rct20_NRE20-35","1-1",2,"LH","Rct20_NRE20-35",0.182321556793955,0.182321556793955,0.182321556793955,0.182321556793955,0.182321556793955,0.300104592450338,0.198869414076369,0.198869414076369,-0.213396455624767,TRUE,0.655914056960266,1.00100589065401,-0.241072426469328,FALSE,0.403772705690972,1.00105842483463,-0.098590421003135,TRUE,0.91748429827886,1.00100867972866,-0.29571703992583,FALSE,0.48477005135669,1.00098693834179
572,"rand=1-1_rate=2_ROB=LH_Bias=Rct20_NRE20-35","1-1",2,"LH","Rct20_NRE20-35",0.182321556793955,0.182321556793955,0.182321556793955,0.182321556793955,0.182321556793955,0.300104592450338,0.209971725807051,0.209971725807051,-0.155308560784322,TRUE,0.597450879773923,1.0010433392548,-0.155007676803279,TRUE,0.366250831889609,1.00103297499528,-0.167268804383701,TRUE,0.675499240236436,1.00114080435337,-0.144985857478849,TRUE,0.519492522092028,1.00100364976205
573,"rand=1-1_rate=2_ROB=LH_Bias=Rct20_NRE20-35","1-1",2,"LH","Rct20_NRE20-35",0.182321556793955,0.182321556793955,0.182321556793955,0.182321556793955,0.182321556793955,0.300104592450338,0.210948095317083,0.210948095317083,-0.41012191902621,FALSE,0.558833553032057,1.00104239049522,-0.366520068779752,FALSE,0.250145029123136,1.00113939145417,-0.389406628319406,FALSE,0.83041355324937,1.0013604824836,-0.364116810658638,FALSE,0.276713054379553,1.00116434159481
574,"rand=1-1_rate=2_ROB=LH_Bias=Rct20_NRE20-35","1-1",2,"LH","Rct20_NRE20-35",0.182321556793955,0.182321556793955,0.182321556793955,0.182321556793955,0.182321556793955,0.300104592450338,0.224724306271246,0.224724306271246,-0.170055256783686,TRUE,0.568371549459997,1.00101495224929,-0.211171919807169,FALSE,0.349455173083987,1.00098963629916,-0.119640810501747,TRUE,0.571737425448427,1.00101159271118,-0.246873131303971,FALSE,0.509582798509645,1.00107979917983
575,"rand=1-1_rate=2_ROB=LH_Bias=Rct20_NRE20-35","1-1",2,"LH","Rct20_NRE20-35",0.182321556793955,0.182321556793955,0.182321556793955,0.182321556793955,0.182321556793955,0.300104592450338,0.210372233384766,0.210372233384766,-0.0607807012587791,TRUE,0.523781076809071,1.00098611763699,-0.163106116483491,TRUE,0.388062151690305,1.00099122513517,-0.0771673900383791,TRUE,0.5623497503999,1.0014992901816,-0.204383083182327,TRUE,0.591821663915373,1.00104772429715
576,"rand=1-1_rate=2_ROB=LH_Bias=Rct20_NRE20-35","1-1",2,"LH","Rct20_NRE20-35",0.182321556793955,0.182321556793955,0.182321556793955,0.182321556793955,0.182321556793955,0.300104592450338,0.222383006751065,0.222383006751065,-0.173168289820054,TRUE,0.593677243614235,1.00098784180635,-0.342717601096084,FALSE,0.458267908988897,1.00101101476316,-0.549881220749531,FALSE,0.878406294314998,1.00099760058578,-0.266006904224827,FALSE,0.592328985180872,1.0009860903659
577,"rand=1-1_rate=2_ROB=LH_Bias=Rct20_NRE20-35","1-1",2,"LH","Rct20_NRE20-35",0.182321556793955,0.182321556793955,0.182321556793955,0.182321556793955,0.182321556793955,0.300104592450338,0.20993687178301,0.20993687178301,-0.114481429755211,TRUE,0.659909974351533,1.00098874402965,-0.10721052010147,TRUE,0.453069886618742,1.000991277654,-0.141068775321732,TRUE,0.637328478606758,1.00099913951264,-0.105651586027182,TRUE,0.708057325717173,1.00099176770204
578,"rand=1-1_rate=2_ROB=LH_Bias=Rct20_NRE20-35","1-1",2,"LH","Rct20_NRE20-35",0.182321556793955,0.182321556793955,0.182321556793955,0.182321556793955,0.182321556793955,0.300104592450338,0.217729079428197,0.217729079428197,-0.188810901962188,TRUE,0.574577751747155,1.00100254441645,-0.235065207592544,FALSE,0.350176778928633,1.00098644024636,-0.18722326795717,TRUE,0.847116450437918,1.00101914673345,-0.247237748248951,FALSE,0.417997340969237,1.00099665191644
579,"rand=1-1_rate=2_ROB=LH_Bias=Rct20_NRE20-35","1-1",2,"LH","Rct20_NRE20-35",0.182321556793955,0.182321556793955,0.182321556793955,0.182321556793955,0.182321556793955,0.300104592450338,0.2048188073988,0.2048188073988,-0.0153380777209211,TRUE,0.578169060371964,1.00122447474754,-0.191671583829448,TRUE,0.504728670906695,1.00100106239274,0.0746671971430904,TRUE,0.5096788612017,1.00144354389825,-0.360051719247956,TRUE,0.854704474113848,1.0009979468839
580,"rand=1-1_rate=2_ROB=LH_Bias=Rct20_NRE20-35","1-1",2,"LH","Rct20_NRE20-35",0.182321556793955,0.182321556793955,0.182321556793955,0.182321556793955,0.182321556793955,0.300104592450338,0.209941656771475,0.209941656771475,-0.23914102920864,TRUE,0.593109102563824,1.00127897151288,-0.222440293447666,FALSE,0.348735223242422,1.00106927187496,-0.164225983663239,TRUE,0.654445769408051,1.00098723767853,-0.240808382674585,FALSE,0.468761678876352,1.00102633196146
581,"rand=1-1_rate=2_ROB=LH_Bias=Rct20_NRE20-35","1-1",2,"LH","Rct20_NRE20-35",0.182321556793955,0.182321556793955,0.182321556793955,0.182321556793955,0.182321556793955,0.300104592450338,0.195228069638396,0.195228069638396,-0.112571409258073,TRUE,0.542562339099445,1.00100611015608,-0.21788986602844,FALSE,0.382715630131718,1.00103205438054,-0.087312460834708,TRUE,0.619603705298858,1.00116047775548,-0.273281739521604,FALSE,0.552375824633202,1.00098767001017
582,"rand=1-1_rate=2_ROB=LH_Bias=Rct20_NRE20-35","1-1",2,"LH","Rct20_NRE20-35",0.182321556793955,0.182321556793955,0.182321556793955,0.182321556793955,0.182321556793955,0.300104592450338,0.21518373026632,0.21518373026632,-0.319637875579248,FALSE,0.62260968799586,1.00098672217382,-0.331720011133821,FALSE,0.358643479712328,1.00099468898761,-0.32523953195391,FALSE,0.729166326000605,1.00190035098905,-0.33252135136335,FALSE,0.47267128704608,1.00101191928745
583,"rand=1-1_rate=2_ROB=LH_Bias=Rct20_NRE20-35","1-1",2,"LH","Rct20_NRE20-35",0.182321556793955,0.182321556793955,0.182321556793955,0.182321556793955,0.182321556793955,0.300104592450338,0.225958411971706,0.225958411971706,-0.22072853136872,TRUE,0.540670284334952,1.0009863353228,-0.289007638616742,FALSE,0.309503994575164,1.00098944572925,-0.0138415954315658,TRUE,0.534300023603228,1.00170082621556,-0.360941846835218,FALSE,0.375515784790536,1.00099122993159
584,"rand=1-1_rate=2_ROB=LH_Bias=Rct20_NRE20-35","1-1",2,"LH","Rct20_NRE20-35",0.182321556793955,0.182321556793955,0.182321556793955,0.182321556793955,0.182321556793955,0.300104592450338,0.19757889453133,0.19757889453133,-0.183215155054661,TRUE,0.593834497888844,1.00103015226875,-0.138201510034326,TRUE,0.349047452928814,1.0009923195577,-0.0619802022012343,TRUE,0.618434809130552,1.00100099743185,-0.162927999776362,TRUE,0.475785820087705,1.00104451176083
585,"rand=1-1_rate=2_ROB=LH_Bias=Rct20_NRE20-35","1-1",2,"LH","Rct20_NRE20-35",0.182321556793955,0.182321556793955,0.182321556793955,0.182321556793955,0.182321556793955,0.300104592450338,0.229894052161901,0.229894052161901,-0.300215704315874,TRUE,0.680751901266491,1.00171998016872,-0.34279381097153,FALSE,0.471534135953676,1.00100589177221,-0.342689645005513,FALSE,0.728603630331375,1.00130939651783,-0.339521387591142,FALSE,0.69973118321967,1.00098633977745
586,"rand=1-1_rate=2_ROB=LH_Bias=Rct20_NRE20-35","1-1",2,"LH","Rct20_NRE20-35",0.182321556793955,0.182321556793955,0.182321556793955,0.182321556793955,0.182321556793955,0.300104592450338,0.20217082802908,0.20217082802908,-0.237645420627991,TRUE,0.653282960216675,1.00099445270218,-0.292028494407766,FALSE,0.433378703833307,1.00098685231579,-0.245766791016534,TRUE,0.884572069583478,1.0010233527004,-0.309636153108983,FALSE,0.560151256619859,1.00100870888847
587,"rand=1-1_rate=2_ROB=LH_Bias=Rct20_NRE20-35","1-1",2,"LH","Rct20_NRE20-35",0.182321556793955,0.182321556793955,0.182321556793955,0.182321556793955,0.182321556793955,0.300104592450338,0.210863019377518,0.210863019377518,-0.205677362080054,TRUE,0.641269010633393,1.0011669843233,-0.152661278667993,TRUE,0.404871570756973,1.00102624963366,-0.22419727382998,TRUE,0.641290851994728,1.00099385294822,-0.126493929899014,TRUE,0.61091625412875,1.00100861127493
588,"rand=1-1_rate=2_ROB=LH_Bias=Rct20_NRE20-35","1-1",2,"LH","Rct20_NRE20-35",0.182321556793955,0.182321556793955,0.182321556793955,0.182321556793955,0.182321556793955,0.300104592450338,0.218371076494075,0.218371076494075,-0.380043388933182,FALSE,0.689119146212858,1.00102864168447,-0.404582088022253,FALSE,0.404288205492866,1.00102517181166,-0.210337997267517,TRUE,0.772864854085991,1.00099107330609,-0.467737936440002,FALSE,0.501703063512234,1.00100954996913
589,"rand=1-1_rate=2_ROB=LH_Bias=Rct20_NRE20-35","1-1",2,"LH","Rct20_NRE20-35",0.182321556793955,0.182321556793955,0.182321556793955,0.182321556793955,0.182321556793955,0.300104592450338,0.214609717306912,0.214609717306912,-0.173109608740542,TRUE,0.558712118860758,1.00134111622388,-0.186604904545366,FALSE,0.319814404375651,1.00105185893706,-0.011752309618112,TRUE,0.712052462370831,1.00099076434272,-0.23446759548274,FALSE,0.364905758052107,1.00098602526284
590,"rand=1-1_rate=2_ROB=LH_Bias=Rct20_NRE20-35","1-1",2,"LH","Rct20_NRE20-35",0.182321556793955,0.182321556793955,0.182321556793955,0.182321556793955,0.182321556793955,0.300104592450338,0.205328284025456,0.205328284025456,-0.0834055088396681,TRUE,0.438460539621929,1.00150037375405,-0.223250860717296,FALSE,0.319250749463482,1.00099815270344,-0.219878754537504,TRUE,0.672143034183755,1.00177306983832,-0.223826625991421,FALSE,0.424544126737053,1.00099655549346
591,"rand=1-1_rate=2_ROB=LH_Bias=Rct20_NRE20-35","1-1",2,"LH","Rct20_NRE20-35",0.182321556793955,0.182321556793955,0.182321556793955,0.182321556793955,0.182321556793955,0.300104592450338,0.210258672377304,0.210258672377304,-0.0799345776475402,TRUE,0.524152688401706,1.0009864520315,-0.191003811081137,TRUE,0.405832416416061,1.00103386979641,-0.0424822604817456,TRUE,0.602828642473084,1.0009892143701,-0.264081933487101,FALSE,0.591941588930387,1.00098700935159
592,"rand=1-1_rate=2_ROB=LH_Bias=Rct20_NRE20-35","1-1",2,"LH","Rct20_NRE20-35",0.182321556793955,0.182321556793955,0.182321556793955,0.182321556793955,0.182321556793955,0.300104592450338,0.226743718551925,0.226743718551925,-0.138550546064232,TRUE,0.817777363242485,1.00098600177819,-0.220797543437332,TRUE,0.601203504272728,1.00098898680695,-0.13479673681654,TRUE,1.04924166984709,1.00100507466993,-0.273610942983934,TRUE,0.870910435282176,1.001005678697
593,"rand=1-1_rate=2_ROB=LH_Bias=Rct20_NRE20-35","1-1",2,"LH","Rct20_NRE20-35",0.182321556793955,0.182321556793955,0.182321556793955,0.182321556793955,0.182321556793955,0.300104592450338,0.224975179785479,0.224975179785479,-0.191990779436713,TRUE,0.539101748658125,1.00100933657935,-0.266939171532135,FALSE,0.320710818751907,1.00098916528314,-0.252567245924169,TRUE,0.817443437758551,1.00099256715129,-0.271018300306088,FALSE,0.388649785781401,1.00107053461932
594,"rand=1-1_rate=2_ROB=LH_Bias=Rct20_NRE20-35","1-1",2,"LH","Rct20_NRE20-35",0.182321556793955,0.182321556793955,0.182321556793955,0.182321556793955,0.182321556793955,0.300104592450338,0.209492886669183,0.209492886669183,-0.109087018618603,TRUE,0.651528989554994,1.00103058711347,-0.181226700666935,TRUE,0.47784597558215,1.00102790243125,-0.0105666473895578,TRUE,0.701677292875662,1.00098684443749,-0.280790170420186,TRUE,0.710129549761119,1.00098924416877
595,"rand=1-1_rate=2_ROB=LH_Bias=Rct20_NRE20-35","1-1",2,"LH","Rct20_NRE20-35",0.182321556793955,0.182321556793955,0.182321556793955,0.182321556793955,0.182321556793955,0.300104592450338,0.218455041040217,0.218455041040217,-0.349752186549263,TRUE,0.822784528540067,1.00099988920534,-0.533113792962555,FALSE,0.661805508943298,1.0010409214151,-0.341076148441802,FALSE,0.784564336393499,1.00122623185071,-0.624722789655127,FALSE,1.08351892446406,1.0010144950669
596,"rand=1-1_rate=2_ROB=LH_Bias=Rct20_NRE20-35","1-1",2,"LH","Rct20_NRE20-35",0.182321556793955,0.182321556793955,0.182321556793955,0.182321556793955,0.182321556793955,0.300104592450338,0.222983974840719,0.222983974840719,-0.179262535195513,TRUE,0.551165405508763,1.00115127405429,-0.309985136721533,FALSE,0.414033775179058,1.00098787595918,-0.203005360155053,TRUE,0.985962502247421,1.00098624123615,-0.350549684420828,FALSE,0.481065616101656,1.00098841415472
597,"rand=1-1_rate=2_ROB=LH_Bias=Rct20_NRE20-35","1-1",2,"LH","Rct20_NRE20-35",0.182321556793955,0.182321556793955,0.182321556793955,0.182321556793955,0.182321556793955,0.300104592450338,0.224502283759291,0.224502283759291,-0.190016723428275,TRUE,0.602469029361493,1.0010733915752,-0.284578691886998,FALSE,0.425877455775944,1.00102636725905,-0.259320044440449,TRUE,0.942697917466182,1.00098685079037,-0.294616771485288,FALSE,0.523339520210171,1.00102413259533
598,"rand=1-1_rate=2_ROB=LH_Bias=Rct20_NRE20-35","1-1",2,"LH","Rct20_NRE20-35",0.182321556793955,0.182321556793955,0.182321556793955,0.182321556793955,0.182321556793955,0.300104592450338,0.214967907837014,0.214967907837014,-0.250025162251045,TRUE,0.766397136289962,1.00098679562275,-0.183060059942624,TRUE,0.474854817032771,1.00100907157141,-0.13047100472792,TRUE,0.913259915125764,1.00106485413608,-0.210771528457954,TRUE,0.647278951070706,1.0009930198773
599,"rand=1-1_rate=2_ROB=LH_Bias=Rct20_NRE20-35","1-1",2,"LH","Rct20_NRE20-35",0.182321556793955,0.182321556793955,0.182321556793955,0.182321556793955,0.182321556793955,0.300104592450338,0.204447368773221,0.204447368773221,-0.479947489816164,FALSE,0.856549467165281,1.00099573995719,-0.356878007594315,FALSE,0.498963050009903,1.00098616356707,-0.490122480467828,FALSE,0.930693419189687,1.00101463201756,-0.30843653297779,FALSE,0.669652694859222,1.00099045527612
600,"rand=1-1_rate=2_ROB=LH_Bias=Rct20_NRE20-35","1-1",2,"LH","Rct20_NRE20-35",0.182321556793955,0.182321556793955,0.182321556793955,0.182321556793955,0.182321556793955,0.300104592450338,0.230614154978546,0.230614154978546,-0.243897157142487,TRUE,0.665716721835064,1.00104161086572,-0.291111448208081,FALSE,0.451678406971285,1.00099700395846,-0.328278684841071,TRUE,0.771822889155801,1.00099375702639,-0.281037704937278,TRUE,0.650160757141299,1.00099173701743
601,"rand=1-1_rate=2_ROB=LH_Bias=Rct20_NRE20-35","1-1",2,"LH","Rct20_NRE20-35",0.182321556793955,0.182321556793955,0.182321556793955,0.182321556793955,0.182321556793955,0.300104592450338,0.195910076715322,0.195910076715322,-0.140139821891665,TRUE,0.607631140153585,1.001144613446,-0.153938044840128,TRUE,0.398812277586996,1.00098685194444,-0.240972426899626,TRUE,0.716662546974447,1.00112782165612,-0.118174137641804,TRUE,0.550005257727701,1.00099385803241
602,"rand=1-1_rate=2_ROB=LH_Bias=Rct20_NRE20-35","1-1",2,"LH","Rct20_NRE20-35",0.182321556793955,0.182321556793955,0.182321556793955,0.182321556793955,0.182321556793955,0.300104592450338,0.205178988599943,0.205178988599943,-0.186609055919555,TRUE,0.617727778260718,1.00101178962785,-0.21234168698871,FALSE,0.38866391624627,1.00100052946243,-0.170307971476954,TRUE,0.9838742330227,1.00101126941156,-0.221619428008765,FALSE,0.439483302024009,1.00103123813422
603,"rand=1-1_rate=2_ROB=LH_Bias=Rct20_NRE20-35","1-1",2,"LH","Rct20_NRE20-35",0.182321556793955,0.182321556793955,0.182321556793955,0.182321556793955,0.182321556793955,0.300104592450338,0.217214103878858,0.217214103878858,-0.216602122581221,TRUE,0.530823409857196,1.00126691370178,-0.284453668006034,FALSE,0.327265770193678,1.00105396186031,-0.126581892486118,TRUE,0.756244050477442,1.00129983082663,-0.321932315261247,FALSE,0.375493274089993,1.00102746300566
604,"rand=1-1_rate=2_ROB=LH_Bias=Rct20_NRE20-35","1-1",2,"LH","Rct20_NRE20-35",0.182321556793955,0.182321556793955,0.182321556793955,0.182321556793955,0.182321556793955,0.300104592450338,0.214093226896683,0.214093226896683,-0.255281475067842,TRUE,0.7302862296779,1.00102473720088,-0.260289599638026,FALSE,0.477453492028692,1.00100477050156,-0.0896151474636371,TRUE,0.663316904107685,1.00098602925935,-0.346188178806499,FALSE,0.72885799173022,1.00099407020858
605,"rand=1-1_rate=2_ROB=LH_Bias=Rct20_NRE20-35","1-1",2,"LH","Rct20_NRE20-35",0.182321556793955,0.182321556793955,0.182321556793955,0.182321556793955,0.182321556793955,0.300104592450338,0.198661242389757,0.198661242389757,-0.0751136623618776,TRUE,0.63525113610825,1.001023641541,-0.127267304182574,TRUE,0.4453644855754,1.00098720092831,-0.0818129598474069,TRUE,0.858294016319084,1.00098946917278,-0.147809276192564,TRUE,0.597808325084711,1.00099384668795
606,"rand=1-1_rate=2_ROB=LH_Bias=Rct20_NRE20-35","1-1",2,"LH","Rct20_NRE20-35",0.182321556793955,0.182321556793955,0.182321556793955,0.182321556793955,0.182321556793955,0.300104592450338,0.216248057471285,0.216248057471285,-0.169505737092417,TRUE,0.575217024944373,1.00112910001461,-0.152130841604286,FALSE,0.331136161776521,1.0009968234443,-0.277129062724333,TRUE,0.821047704792098,1.00108309912342,-0.112099894159778,TRUE,0.394628259602937,1.00098786651163
607,"rand=1-1_rate=2_ROB=LH_Bias=Rct20_NRE20-35","1-1",2,"LH","Rct20_NRE20-35",0.182321556793955,0.182321556793955,0.182321556793955,0.182321556793955,0.182321556793955,0.300104592450338,0.210364281093347,0.210364281093347,-0.268666155663536,TRUE,0.740442555090344,1.00105250044916,-0.462474863784444,FALSE,0.588948386095821,1.00102599913402,-0.618442067299335,FALSE,1.15093101702356,1.00099798491292,-0.39059274558422,FALSE,0.768676176876267,1.0011152919722
608,"rand=1-1_rate=2_ROB=LH_Bias=Rct20_NRE20-35","1-1",2,"LH","Rct20_NRE20-35",0.182321556793955,0.182321556793955,0.182321556793955,0.182321556793955,0.182321556793955,0.300104592450338,0.218461959953191,0.218461959953191,-0.361434250464948,FALSE,0.767332867803939,1.00101983970536,-0.30479305919825,FALSE,0.464249515859807,1.00100530365015,-0.248115570154816,TRUE,0.994932282279263,1.00101153222131,-0.327288701793712,FALSE,0.585332809972175,1.00099322387176
609,"rand=1-1_rate=2_ROB=LH_Bias=Rct20_NRE20-35","1-1",2,"LH","Rct20_NRE20-35",0.182321556793955,0.182321556793955,0.182321556793955,0.182321556793955,0.182321556793955,0.300104592450338,0.218442219028452,0.218442219028452,-0.0352863202635856,TRUE,0.585847060066902,1.00103469558248,-0.182397580785215,TRUE,0.494066360718196,1.00105548707373,-0.0423737677496305,TRUE,0.548591832857444,1.00112053552352,-0.25800981513246,TRUE,0.860895135909192,1.00099093923121
610,"rand=1-1_rate=2_ROB=LH_Bias=Rct20_NRE20-35","1-1",2,"LH","Rct20_NRE20-35",0.182321556793955,0.182321556793955,0.182321556793955,0.182321556793955,0.182321556793955,0.300104592450338,0.224684071412276,0.224684071412276,-0.103752450094388,TRUE,0.618030699765272,1.00111383788366,-0.17075323536301,TRUE,0.433771189286254,1.00101374006753,-0.299536513110465,TRUE,0.783765261858028,1.00103569868307,-0.123807349469758,TRUE,0.587248498156522,1.00098613224207
611,"rand=1-1_rate=2_ROB=LH_Bias=Rct20_NRE20-35","1-1",2,"LH","Rct20_NRE20-35",0.182321556793955,0.182321556793955,0.182321556793955,0.182321556793955,0.182321556793955,0.300104592450338,0.20604610895722,0.20604610895722,-0.0253257876571344,TRUE,0.579992823559586,1.00099742529315,-0.147346576966494,TRUE,0.481403888113978,1.00099531245361,-0.0120513913000666,TRUE,0.567906895751949,1.00125510105815,-0.215299770054685,TRUE,0.821233620566994,1.00098823243286
612,"rand=1-1_rate=2_ROB=LH_Bias=Rct20_NRE20-35","1-1",2,"LH","Rct20_NRE20-35",0.182321556793955,0.182321556793955,0.182321556793955,0.182321556793955,0.182321556793955,0.300104592450338,0.198630855416931,0.198630855416931,-0.0139364924790777,TRUE,0.490018159831662,1.00099471029441,-0.0989824726790356,TRUE,0.323649391526467,1.00100114482057,0.0584319049566454,TRUE,0.561444726885068,1.00216909363208,-0.153494350036666,TRUE,0.431191807525431,1.00100351075834
613,"rand=1-1_rate=2_ROB=LH_Bias=Rct20_NRE20-35","1-1",2,"LH","Rct20_NRE20-35",0.182321556793955,0.182321556793955,0.182321556793955,0.182321556793955,0.182321556793955,0.300104592450338,0.203529277283882,0.203529277283882,-0.186573123864069,TRUE,0.539679094692731,1.00099525709552,-0.278628266763127,FALSE,0.357614629726642,1.00098900247598,-0.393749941339022,FALSE,0.86878324417164,1.00099725881516,-0.245251334902667,FALSE,0.429856681651296,1.00098604335621
614,"rand=1-1_rate=2_ROB=LH_Bias=Rct20_NRE20-35","1-1",2,"LH","Rct20_NRE20-35",0.182321556793955,0.182321556793955,0.182321556793955,0.182321556793955,0.182321556793955,0.300104592450338,0.194438740299357,0.194438740299357,-0.331862763427277,FALSE,0.763839766826009,1.00105417227945,-0.258073639963336,FALSE,0.509197139603381,1.00098935350251,-0.420433186969086,FALSE,0.843295759685762,1.00105675186647,-0.177813494899859,TRUE,0.717743068346445,1.00107080823556
615,"rand=1-1_rate=2_ROB=LH_Bias=Rct20_NRE20-35","1-1",2,"LH","Rct20_NRE20-35",0.182321556793955,0.182321556793955,0.182321556793955,0.182321556793955,0.182321556793955,0.300104592450338,0.211570372551138,0.211570372551138,-0.0880659561067767,TRUE,0.652562352936582,1.00099260382288,-0.122296261987635,TRUE,0.456890412773845,1.00101560575919,-0.115479762795024,TRUE,0.742172716720549,1.00121708176403,-0.131433414706354,TRUE,0.678597032393143,1.00106621729207
616,"rand=1-1_rate=2_ROB=LH_Bias=Rct20_NRE20-35","1-1",2,"LH","Rct20_NRE20-35",0.182321556793955,0.182321556793955,0.182321556793955,0.182321556793955,0.182321556793955,0.300104592450338,0.228967321124986,0.228967321124986,-0.180437039591929,TRUE,0.625923326840221,1.00098764956149,-0.224337352812698,FALSE,0.412454912626228,1.00098872754438,-0.0670446237589872,TRUE,0.624453490637644,1.00136136919099,-0.292148575901275,FALSE,0.585922866798543,1.00107470981978
617,"rand=1-1_rate=2_ROB=LH_Bias=Rct20_NRE20-35","1-1",2,"LH","Rct20_NRE20-35",0.182321556793955,0.182321556793955,0.182321556793955,0.182321556793955,0.182321556793955,0.300104592450338,0.213748838202106,0.213748838202106,-0.474540005300492,FALSE,0.848994232065663,1.00099287918835,-0.53373453351211,FALSE,0.560572222219553,1.00099780109265,-0.749077407518783,FALSE,1.30643672124612,1.00106876857965,-0.459502726477411,FALSE,0.675938962249147,1.00098617553087
618,"rand=1-1_rate=2_ROB=LH_Bias=Rct20_NRE20-35","1-1",2,"LH","Rct20_NRE20-35",0.182321556793955,0.182321556793955,0.182321556793955,0.182321556793955,0.182321556793955,0.300104592450338,0.209294314179248,0.209294314179248,-0.0689615927912357,TRUE,0.570832225915626,1.00105696474703,-0.170635965194424,TRUE,0.418357180137993,1.00100717658893,-0.107779021495379,TRUE,0.74209851478329,1.00110538892286,-0.197154853342319,TRUE,0.581164853588545,1.00099992840149
619,"rand=1-1_rate=2_ROB=LH_Bias=Rct20_NRE20-35","1-1",2,"LH","Rct20_NRE20-35",0.182321556793955,0.182321556793955,0.182321556793955,0.182321556793955,0.182321556793955,0.300104592450338,0.211897372096534,0.211897372096534,-0.217855448164547,TRUE,0.584598933931169,1.00103847757491,-0.251866302826574,FALSE,0.334185852463809,1.00099331592705,-0.28871111675416,TRUE,0.945180297239461,1.00103317443707,-0.243054941032219,FALSE,0.377562224094551,1.00098634560912
620,"rand=1-1_rate=2_ROB=LH_Bias=Rct20_NRE20-35","1-1",2,"LH","Rct20_NRE20-35",0.182321556793955,0.182321556793955,0.182321556793955,0.182321556793955,0.182321556793955,0.300104592450338,0.202600072083409,0.202600072083409,-0.0504507114479118,TRUE,0.47942810445624,1.00102164804397,-0.0918722786373494,TRUE,0.300676774305217,1.00098643188783,-0.0802815627310023,TRUE,0.760785402710828,1.00098986855057,-0.0945315602748797,TRUE,0.347338905443259,1.00098701265832
621,"rand=1-1_rate=2_ROB=LH_Bias=Rct20_NRE20-35","1-1",2,"LH","Rct20_NRE20-35",0.182321556793955,0.182321556793955,0.182321556793955,0.182321556793955,0.182321556793955,0.300104592450338,0.220686405407441,0.220686405407441,-0.215954558991062,TRUE,0.6865039743755,1.00098634503209,-0.203522145102727,FALSE,0.442371044732471,1.00098688648296,-0.255960716888734,TRUE,0.870873068139402,1.00098626079318,-0.17981925373464,TRUE,0.591794367552073,1.00102506992016
622,"rand=1-1_rate=2_ROB=LH_Bias=Rct20_NRE20-35","1-1",2,"LH","Rct20_NRE20-35",0.182321556793955,0.182321556793955,0.182321556793955,0.182321556793955,0.182321556793955,0.300104592450338,0.219000364727403,0.219000364727403,-0.26458594843193,TRUE,0.719391784337,1.00120781459979,-0.242540271865473,FALSE,0.457200441017655,1.00099040012205,-0.122020545106264,TRUE,0.937304395733322,1.00105197559638,-0.293954131253017,FALSE,0.576451280539567,1.00099389148891
623,"rand=1-1_rate=2_ROB=LH_Bias=Rct20_NRE20-35","1-1",2,"LH","Rct20_NRE20-35",0.182321556793955,0.182321556793955,0.182321556793955,0.182321556793955,0.182321556793955,0.300104592450338,0.21283434885978,0.21283434885978,-0.258921416137811,TRUE,0.649960632667386,1.00109869376074,-0.345749784930162,FALSE,0.427545564793369,1.00100259825283,-0.67116124077786,FALSE,1.04051964021423,1.00101371690073,-0.257262527092239,FALSE,0.477554614210955,1.00102489045224
624,"rand=1-1_rate=2_ROB=LH_Bias=Rct20_NRE20-35","1-1",2,"LH","Rct20_NRE20-35",0.182321556793955,0.182321556793955,0.182321556793955,0.182321556793955,0.182321556793955,0.300104592450338,0.217670281640322,0.217670281640322,-0.230124490066583,TRUE,0.550952194160908,1.00098604422772,-0.329675692392288,FALSE,0.362999508012219,1.00098828525106,-0.144306601902597,TRUE,0.656881109085858,1.00098611521307,-0.391842245925673,FALSE,0.479199419322629,1.00098705824858
625,"rand=1-1_rate=2_ROB=LH_Bias=Rct20_NRE20-35","1-1",2,"LH","Rct20_NRE20-35",0.182321556793955,0.182321556793955,0.182321556793955,0.182321556793955,0.182321556793955,0.300104592450338,0.220759018078243,0.220759018078243,-0.119569106873688,TRUE,0.55777503458582,1.00101546412544,-0.161566107962474,TRUE,0.360150700357346,1.00100039255117,-0.0999484443156762,TRUE,0.66145648302354,1.001157943884,-0.182114395555041,TRUE,0.494044970644016,1.00101601082683
626,"rand=1-1_rate=2_ROB=LH_Bias=Rct20_NRE20-35","1-1",2,"LH","Rct20_NRE20-35",0.182321556793955,0.182321556793955,0.182321556793955,0.182321556793955,0.182321556793955,0.300104592450338,0.214633420998711,0.214633420998711,-0.302372701961206,FALSE,0.673680888549357,1.00099304947173,-0.282024638876919,FALSE,0.414723195570875,1.0009959099967,-0.212884026021088,TRUE,0.766410626328454,1.00099690276839,-0.305548132677917,FALSE,0.562701301148237,1.00098843307401
627,"rand=1-1_rate=2_ROB=LH_Bias=Rct20_NRE20-35","1-1",2,"LH","Rct20_NRE20-35",0.182321556793955,0.182321556793955,0.182321556793955,0.182321556793955,0.182321556793955,0.300104592450338,0.21155994738747,0.21155994738747,-0.225880530842528,TRUE,0.573398719002438,1.001006459828,-0.285905762039882,FALSE,0.343857127378297,1.00100519169111,-0.123191267178659,TRUE,0.600336129196797,1.00104337317541,-0.33910936863743,FALSE,0.461592438995736,1.00098945778728
628,"rand=1-1_rate=2_ROB=LH_Bias=Rct20_NRE20-35","1-1",2,"LH","Rct20_NRE20-35",0.182321556793955,0.182321556793955,0.182321556793955,0.182321556793955,0.182321556793955,0.300104592450338,0.226848996778758,0.226848996778758,-0.0686251614392153,TRUE,0.473403884285136,1.00099114015458,-0.194141638237238,FALSE,0.353293533997223,1.00099346263801,-0.146928923577137,TRUE,0.64069613292545,1.0010843101402,-0.210957024641861,TRUE,0.492683262238588,1.00099598898831
629,"rand=1-1_rate=2_ROB=LH_Bias=Rct20_NRE20-35","1-1",2,"LH","Rct20_NRE20-35",0.182321556793955,0.182321556793955,0.182321556793955,0.182321556793955,0.182321556793955,0.300104592450338,0.223221269175768,0.223221269175768,-0.283197917996381,FALSE,0.620186266610384,1.00122185631485,-0.207960241893222,FALSE,0.319079238359368,1.00108611846741,-0.153850552497502,TRUE,0.607849066993035,1.00103693536134,-0.222938985691173,FALSE,0.432761938732835,1.00102019766697
630,"rand=1-1_rate=2_ROB=LH_Bias=Rct20_NRE20-35","1-1",2,"LH","Rct20_NRE20-35",0.182321556793955,0.182321556793955,0.182321556793955,0.182321556793955,0.182321556793955,0.300104592450338,0.210232462261899,0.210232462261899,0.00497577028011709,TRUE,0.526370031010015,1.00107260757577,-0.0426856443561414,TRUE,0.341316397455066,1.00099012623453,-0.202874661062853,TRUE,0.84549776187722,1.00099269851861,0.0128097401203096,TRUE,0.395116647343644,1.00099196180857
631,"rand=1-1_rate=2_ROB=LH_Bias=Rct20_NRE20-35","1-1",2,"LH","Rct20_NRE20-35",0.182321556793955,0.182321556793955,0.182321556793955,0.182321556793955,0.182321556793955,0.300104592450338,0.206012621818653,0.206012621818653,-0.181469221645158,TRUE,0.517998465533716,1.0011258185792,-0.23560331481781,FALSE,0.284638831487244,1.00100127766838,-0.131651484212924,TRUE,0.603891079285106,1.00108251280034,-0.259991266086547,FALSE,0.368268354847599,1.00098856561921
632,"rand=1-1_rate=2_ROB=LH_Bias=Rct20_NRE20-35","1-1",2,"LH","Rct20_NRE20-35",0.182321556793955,0.182321556793955,0.182321556793955,0.182321556793955,0.182321556793955,0.300104592450338,0.226079895945578,0.226079895945578,-0.318660407584173,FALSE,0.67425175459372,1.00098599009349,-0.340262472243208,FALSE,0.425659173636729,1.00107091861799,-0.323760109698401,TRUE,0.807943111207374,1.0013583326932,-0.346783515234762,FALSE,0.574299452958018,1.00098602845514
633,"rand=1-1_rate=2_ROB=LH_Bias=Rct20_NRE20-35","1-1",2,"LH","Rct20_NRE20-35",0.182321556793955,0.182321556793955,0.182321556793955,0.182321556793955,0.182321556793955,0.300104592450338,0.206521887420732,0.206521887420732,-0.339396008741992,FALSE,0.717292590307474,1.00098737771838,-0.290101214374936,FALSE,0.455609288200661,1.00101271755179,-0.343057032562392,TRUE,0.829811550986427,1.00101714525468,-0.266433427498956,TRUE,0.620713655380405,1.00098618779565
634,"rand=1-1_rate=2_ROB=LH_Bias=Rct20_NRE20-35","1-1",2,"LH","Rct20_NRE20-35",0.182321556793955,0.182321556793955,0.182321556793955,0.182321556793955,0.182321556793955,0.300104592450338,0.223373687810216,0.223373687810216,-0.247121200566789,TRUE,0.701023620426012,1.00116431422435,-0.328302983119345,FALSE,0.505302249265049,1.00110748049918,-0.248163514084657,TRUE,0.770142568339068,1.00100297500473,-0.360155524729386,FALSE,0.756493710286422,1.00100387563535
635,"rand=1-1_rate=2_ROB=LH_Bias=Rct20_NRE20-35","1-1",2,"LH","Rct20_NRE20-35",0.182321556793955,0.182321556793955,0.182321556793955,0.182321556793955,0.182321556793955,0.300104592450338,0.195960162139109,0.195960162139109,-0.0399549021283929,TRUE,0.600641072218034,1.00098776995441,-0.115094318583213,TRUE,0.423127206683674,1.0009994692155,-0.300762356931285,TRUE,1.01291793486092,1.00098634787966,-0.0423979110702692,TRUE,0.494611275895926,1.0009862203849
636,"rand=1-1_rate=2_ROB=LH_Bias=Rct20_NRE20-35","1-1",2,"LH","Rct20_NRE20-35",0.182321556793955,0.182321556793955,0.182321556793955,0.182321556793955,0.182321556793955,0.300104592450338,0.207595144926368,0.207595144926368,-0.438586380477839,FALSE,1.03133081753581,1.00101290336783,-0.428041331610769,FALSE,0.670052519349942,1.0010491118509,-0.0725201423902562,TRUE,1.0182998310389,1.0010657536175,-0.681746567350477,FALSE,0.904928280694026,1.00099041657949
637,"rand=1-1_rate=2_ROB=LH_Bias=Rct20_NRE20-35","1-1",2,"LH","Rct20_NRE20-35",0.182321556793955,0.182321556793955,0.182321556793955,0.182321556793955,0.182321556793955,0.300104592450338,0.211302522334088,0.211302522334088,-0.173813725249901,TRUE,0.614198662068159,1.0009898757172,-0.284936769668019,FALSE,0.443836138742176,1.00102035881834,-0.275794936747508,TRUE,0.787227909274797,1.00105910545863,-0.284199832190251,FALSE,0.611336967183236,1.00103793643843
638,"rand=1-1_rate=2_ROB=LH_Bias=Rct20_NRE20-35","1-1",2,"LH","Rct20_NRE20-35",0.182321556793955,0.182321556793955,0.182321556793955,0.182321556793955,0.182321556793955,0.300104592450338,0.223408018517724,0.223408018517724,-0.0770334251813531,TRUE,0.606783245317674,1.00099632442764,-0.251124202948233,FALSE,0.494797323281412,1.00105163956462,-0.207742038763089,TRUE,0.810455435599075,1.0014251241806,-0.264758915989567,TRUE,0.713077770305843,1.00098876061574
639,"rand=1-1_rate=2_ROB=LH_Bias=Rct20_NRE20-35","1-1",2,"LH","Rct20_NRE20-35",0.182321556793955,0.182321556793955,0.182321556793955,0.182321556793955,0.182321556793955,0.300104592450338,0.198223842926449,0.198223842926449,-0.0682346591947212,TRUE,0.626732223060508,1.00099713716874,-0.146944958502998,TRUE,0.447692376152474,1.0009939327735,-0.239674415172956,TRUE,1.07369153342493,1.00100955518624,-0.11118455915122,TRUE,0.522404450508291,1.00099683514122
640,"rand=1-1_rate=2_ROB=LH_Bias=Rct20_NRE20-35","1-1",2,"LH","Rct20_NRE20-35",0.182321556793955,0.182321556793955,0.182321556793955,0.182321556793955,0.182321556793955,0.300104592450338,0.220075215322584,0.220075215322584,-0.186605823330008,TRUE,0.68324093310768,1.00104918758867,-0.138582685343992,TRUE,0.412374432403482,1.00106851179783,-0.181891938940241,TRUE,0.95363676604592,1.00101207989563,-0.122433928928021,TRUE,0.512226474369731,1.00099583110748
641,"rand=1-1_rate=2_ROB=LH_Bias=Rct20_NRE20-35","1-1",2,"LH","Rct20_NRE20-35",0.182321556793955,0.182321556793955,0.182321556793955,0.182321556793955,0.182321556793955,0.300104592450338,0.21158830796691,0.21158830796691,-0.220917205544872,TRUE,0.608586392740674,1.00098911886238,-0.249264322542196,FALSE,0.391420849570204,1.00098627918667,-0.230612251537369,TRUE,0.684603014978452,1.00098924276114,-0.2572693595854,FALSE,0.551307590151603,1.00100960330843
642,"rand=1-1_rate=2_ROB=LH_Bias=Rct20_NRE20-35","1-1",2,"LH","Rct20_NRE20-35",0.182321556793955,0.182321556793955,0.182321556793955,0.182321556793955,0.182321556793955,0.300104592450338,0.214937599281439,0.214937599281439,-0.243658489681557,TRUE,0.628582506041645,1.00098600314907,-0.277358315088486,FALSE,0.396824444958119,1.00100385599772,-0.148084708508978,TRUE,0.747846819054223,1.00098599900931,-0.323943956682585,FALSE,0.518540165008294,1.00098624618187
643,"rand=1-1_rate=2_ROB=LH_Bias=Rct20_NRE20-35","1-1",2,"LH","Rct20_NRE20-35",0.182321556793955,0.182321556793955,0.182321556793955,0.182321556793955,0.182321556793955,0.300104592450338,0.22031880720395,0.22031880720395,-0.180372853633459,TRUE,0.628343122038174,1.00104256865456,-0.288481402585075,FALSE,0.448698786979537,1.00101346587446,-0.387622484597991,FALSE,0.92546529068085,1.00099771742959,-0.246836793102468,TRUE,0.583542454919959,1.00099169599824
644,"rand=1-1_rate=2_ROB=LH_Bias=Rct20_NRE20-35","1-1",2,"LH","Rct20_NRE20-35",0.182321556793955,0.182321556793955,0.182321556793955,0.182321556793955,0.182321556793955,0.300104592450338,0.184285434331426,0.184285434331426,-0.140050515673447,TRUE,0.541139080697525,1.00111885186095,-0.25837760433612,FALSE,0.369728915612946,1.00105120607397,-0.123375491220509,TRUE,0.74939316073055,1.00100229908027,-0.304934768007213,FALSE,0.463040823850046,1.00098724527016
645,"rand=1-1_rate=2_ROB=LH_Bias=Rct20_NRE20-35","1-1",2,"LH","Rct20_NRE20-35",0.182321556793955,0.182321556793955,0.182321556793955,0.182321556793955,0.182321556793955,0.300104592450338,0.222586987597418,0.222586987597418,-0.390414877049776,FALSE,0.779404831660586,1.00108940413537,-0.303324761148162,FALSE,0.491699229248142,1.00099396389962,-0.460258406129805,FALSE,0.893751197614657,1.00112853814493,-0.246628432432608,TRUE,0.660788528974379,1.00099462910174
646,"rand=1-1_rate=2_ROB=LH_Bias=Rct20_NRE20-35","1-1",2,"LH","Rct20_NRE20-35",0.182321556793955,0.182321556793955,0.182321556793955,0.182321556793955,0.182321556793955,0.300104592450338,0.199788378800394,0.199788378800394,-0.0693559841026019,TRUE,0.523423637973575,1.00115048402536,-0.190793363643095,FALSE,0.399635025213405,1.00099592701135,-0.167395478208272,TRUE,0.631744313139367,1.00198213473792,-0.200296558387966,TRUE,0.609873649147415,1.00102260317703
647,"rand=1-1_rate=2_ROB=LH_Bias=Rct20_NRE20-35","1-1",2,"LH","Rct20_NRE20-35",0.182321556793955,0.182321556793955,0.182321556793955,0.182321556793955,0.182321556793955,0.300104592450338,0.221968379890505,0.221968379890505,-0.127676535076897,TRUE,0.544782177172912,1.00126676157171,-0.198248419429229,FALSE,0.366953027967222,1.0009963802995,-0.080808927033003,TRUE,0.558908427490188,1.00120831345349,-0.246099540573973,FALSE,0.531079965055418,1.00108273573116
648,"rand=1-1_rate=2_ROB=LH_Bias=Rct20_NRE20-35","1-1",2,"LH","Rct20_NRE20-35",0.182321556793955,0.182321556793955,0.182321556793955,0.182321556793955,0.182321556793955,0.300104592450338,0.203975220310677,0.203975220310677,-0.186160380155692,TRUE,0.740980239554429,1.00098742325946,-0.205096640361795,TRUE,0.502646649719084,1.00099302300059,-0.232979235404726,TRUE,0.98292365534445,1.00104639735674,-0.190086705927064,TRUE,0.678868619995834,1.00098600617903
649,"rand=1-1_rate=2_ROB=LH_Bias=Rct20_NRE20-35","1-1",2,"LH","Rct20_NRE20-35",0.182321556793955,0.182321556793955,0.182321556793955,0.182321556793955,0.182321556793955,0.300104592450338,0.205835710054175,0.205835710054175,-0.296068134774556,FALSE,0.589173701918285,1.00113666329582,-0.300088187087626,FALSE,0.317534926971018,1.00107423054784,-0.548799850808703,FALSE,1.10375695609398,1.00098670113356,-0.252619566502608,FALSE,0.320938805458155,1.00104215943665
650,"rand=1-1_rate=2_ROB=LH_Bias=Rct20_NRE20-35","1-1",2,"LH","Rct20_NRE20-35",0.182321556793955,0.182321556793955,0.182321556793955,0.182321556793955,0.182321556793955,0.300104592450338,0.206774466513119,0.206774466513119,-0.0734727019374668,TRUE,0.54857237421111,1.00100112701933,-0.248823018205476,FALSE,0.437630242136081,1.00099123160481,-0.107882596862829,TRUE,0.643930735313511,1.00227860366219,-0.315823860255502,FALSE,0.657138913459501,1.00099617894456
651,"rand=1-1_rate=2_ROB=LH_Bias=Rct20_NRE20-35","1-1",2,"LH","Rct20_NRE20-35",0.182321556793955,0.182321556793955,0.182321556793955,0.182321556793955,0.182321556793955,0.300104592450338,0.205855251100611,0.205855251100611,-0.00431548222457789,TRUE,0.539958992170083,1.00099433779756,-0.135724048612666,TRUE,0.439340287794899,1.0010144539329,0.197287501308128,TRUE,0.587936066199718,1.00110488035554,-0.305778216397322,FALSE,0.550771625121203,1.00100429480228
652,"rand=1-1_rate=2_ROB=LH_Bias=Rct20_NRE20-35","1-1",2,"LH","Rct20_NRE20-35",0.182321556793955,0.182321556793955,0.182321556793955,0.182321556793955,0.182321556793955,0.300104592450338,0.221123193046951,0.221123193046951,-0.110766755593912,TRUE,0.616453807182701,1.00098666833459,-0.212100415692597,TRUE,0.476050617505052,1.00104691673725,-0.151537747833528,TRUE,0.709774062746118,1.0012297513396,-0.238792022480409,TRUE,0.726763630955457,1.00104157253742
653,"rand=1-1_rate=2_ROB=LH_Bias=Rct20_NRE20-35","1-1",2,"LH","Rct20_NRE20-35",0.182321556793955,0.182321556793955,0.182321556793955,0.182321556793955,0.182321556793955,0.300104592450338,0.191835862889948,0.191835862889948,-0.0651825995115933,TRUE,0.54379834647669,1.00104786781283,-0.036203753684023,TRUE,0.332024039704307,1.00100088381775,-0.132635699550636,TRUE,0.673708328776777,1.00111957485939,-0.00428718451383481,TRUE,0.431475321162905,1.00101264030488
654,"rand=1-1_rate=2_ROB=LH_Bias=Rct20_NRE20-35","1-1",2,"LH","Rct20_NRE20-35",0.182321556793955,0.182321556793955,0.182321556793955,0.182321556793955,0.182321556793955,0.300104592450338,0.223087122189449,0.223087122189449,-0.406462164243511,FALSE,0.744994104789212,1.00099281066395,-0.391031355789715,FALSE,0.45951192809401,1.00099335064525,-0.0295972138667453,TRUE,0.533428260933373,1.0010628692635,-0.567749238894593,FALSE,0.664688977904529,1.00101402973111
655,"rand=1-1_rate=2_ROB=LH_Bias=Rct20_NRE20-35","1-1",2,"LH","Rct20_NRE20-35",0.182321556793955,0.182321556793955,0.182321556793955,0.182321556793955,0.182321556793955,0.300104592450338,0.196181328048395,0.196181328048395,-0.281543399105956,TRUE,0.656511061816403,1.00101124877121,-0.262330983482769,FALSE,0.462351916117795,1.00098639125768,0.052248888710976,TRUE,0.669788237026985,1.00099185912767,-0.432844973002384,FALSE,0.600326041165026,1.00099813515826
656,"rand=1-1_rate=2_ROB=LH_Bias=Rct20_NRE20-35","1-1",2,"LH","Rct20_NRE20-35",0.182321556793955,0.182321556793955,0.182321556793955,0.182321556793955,0.182321556793955,0.300104592450338,0.202060556328283,0.202060556328283,-0.298724559870296,TRUE,0.758637934983189,1.00122947110143,-0.263857321538457,FALSE,0.477499370882131,1.0009891618752,-0.230482777236962,TRUE,0.835381024607006,1.00102221236704,-0.288095087826275,TRUE,0.684421498858624,1.00112031490718
657,"rand=1-1_rate=2_ROB=LH_Bias=Rct20_NRE20-35","1-1",2,"LH","Rct20_NRE20-35",0.182321556793955,0.182321556793955,0.182321556793955,0.182321556793955,0.182321556793955,0.300104592450338,0.222223029838106,0.222223029838106,-0.180175788515241,TRUE,0.625051046416514,1.00102007307399,-0.323704268890268,FALSE,0.49368214902625,1.00099693695999,-0.366018048876624,TRUE,0.982781373384928,1.00115141731478,-0.307129351997441,FALSE,0.647909194624433,1.00101579035969
658,"rand=1-1_rate=2_ROB=LH_Bias=Rct20_NRE20-35","1-1",2,"LH","Rct20_NRE20-35",0.182321556793955,0.182321556793955,0.182321556793955,0.182321556793955,0.182321556793955,0.300104592450338,0.211902135462821,0.211902135462821,-0.336547676945506,FALSE,0.617322417112302,1.00099904276017,-0.369058088281291,FALSE,0.348379394116572,1.00102347630438,-0.219467509453731,TRUE,0.661681026868581,1.00120961581027,-0.409077966904855,FALSE,0.462372094268068,1.00098948744459
659,"rand=1-1_rate=2_ROB=LH_Bias=Rct20_NRE20-35","1-1",2,"LH","Rct20_NRE20-35",0.182321556793955,0.182321556793955,0.182321556793955,0.182321556793955,0.182321556793955,0.300104592450338,0.220394921126004,0.220394921126004,-0.404676724577855,FALSE,0.653483460940488,1.00102641002663,-0.375630263008816,FALSE,0.352747803776181,1.00110073195282,-0.296968710494109,TRUE,0.894721364286597,1.00112694633174,-0.394587340544626,FALSE,0.416896450697538,1.0009925772184
660,"rand=1-1_rate=2_ROB=LH_Bias=Rct20_NRE20-35","1-1",2,"LH","Rct20_NRE20-35",0.182321556793955,0.182321556793955,0.182321556793955,0.182321556793955,0.182321556793955,0.300104592450338,0.200650487326989,0.200650487326989,-0.0750404019777293,TRUE,0.5204818963316,1.00103817821292,-0.309300318945772,FALSE,0.479185596903912,1.00099500081811,0.0176144482431833,TRUE,0.590300152275571,1.00100108522128,-0.471689743447895,FALSE,0.696311302880315,1.00099262059035
661,"rand=1-1_rate=2_ROB=LH_Bias=Rct20_NRE20-35","1-1",2,"LH","Rct20_NRE20-35",0.182321556793955,0.182321556793955,0.182321556793955,0.182321556793955,0.182321556793955,0.300104592450338,0.202735598027256,0.202735598027256,-0.300496881365994,TRUE,0.747621619024459,1.00107025853185,-0.272573806608138,FALSE,0.469071479150657,1.00098612331013,-0.394329537398769,TRUE,0.967820099593224,1.00099278037707,-0.223964179610386,TRUE,0.595998725678487,1.00106631824825
662,"rand=1-1_rate=2_ROB=LH_Bias=Rct20_NRE20-35","1-1",2,"LH","Rct20_NRE20-35",0.182321556793955,0.182321556793955,0.182321556793955,0.182321556793955,0.182321556793955,0.300104592450338,0.213364817206149,0.213364817206149,-0.263984764816462,FALSE,0.566298649653945,1.00126890088709,-0.256665877793476,FALSE,0.317204179116301,1.00099536547639,-0.284129868343667,TRUE,0.688253947071932,1.00142351040254,-0.253623477750741,FALSE,0.419343651154328,1.00101465106956
663,"rand=1-1_rate=2_ROB=LH_Bias=Rct20_NRE20-35","1-1",2,"LH","Rct20_NRE20-35",0.182321556793955,0.182321556793955,0.182321556793955,0.182321556793955,0.182321556793955,0.300104592450338,0.210685101488334,0.210685101488334,-0.329498847111178,FALSE,0.64796517535197,1.00108006685077,-0.26839788766746,FALSE,0.365480173741498,1.00102596399066,-0.383650602794699,FALSE,0.785612510617187,1.00118237508086,-0.235374727437484,FALSE,0.46629189832805,1.00098605469317
664,"rand=1-1_rate=2_ROB=LH_Bias=Rct20_NRE20-35","1-1",2,"LH","Rct20_NRE20-35",0.182321556793955,0.182321556793955,0.182321556793955,0.182321556793955,0.182321556793955,0.300104592450338,0.220314782725574,0.220314782725574,-0.176382586489292,TRUE,0.70104932853196,1.00099510417343,-0.205163083819147,TRUE,0.473006674113893,1.00109611453606,-0.14392334982186,TRUE,0.896918322172498,1.00109871670807,-0.235663307386052,TRUE,0.636761382258787,1.00098993355088
665,"rand=1-1_rate=2_ROB=LH_Bias=Rct20_NRE20-35","1-1",2,"LH","Rct20_NRE20-35",0.182321556793955,0.182321556793955,0.182321556793955,0.182321556793955,0.182321556793955,0.300104592450338,0.218196747366345,0.218196747366345,-0.27259186058772,TRUE,0.743791585492619,1.00100296498202,-0.399201698604529,FALSE,0.506887272897021,1.00101424268773,0.0279613775646087,TRUE,0.653011880656766,1.00108144331707,-0.606792789185715,FALSE,0.609136664814075,1.00114149944149
666,"rand=1-1_rate=2_ROB=LH_Bias=Rct20_NRE20-35","1-1",2,"LH","Rct20_NRE20-35",0.182321556793955,0.182321556793955,0.182321556793955,0.182321556793955,0.182321556793955,0.300104592450338,0.209713941035611,0.209713941035611,-0.27439410529735,FALSE,0.589308507529996,1.00098877601565,-0.244699278572703,FALSE,0.31535388473246,1.00098607124859,-0.112623725341664,TRUE,0.682043129660948,1.00102649093533,-0.28060010667349,FALSE,0.389071854616912,1.00098888345202
667,"rand=1-1_rate=2_ROB=LH_Bias=Rct20_NRE20-35","1-1",2,"LH","Rct20_NRE20-35",0.182321556793955,0.182321556793955,0.182321556793955,0.182321556793955,0.182321556793955,0.300104592450338,0.199744845236248,0.199744845236248,-0.040758372938722,TRUE,0.502132372715311,1.00106666717682,-0.218848470397213,FALSE,0.437802300785776,1.00099527774256,-0.165195039326019,TRUE,0.863987725412804,1.00106244027315,-0.24018932772549,TRUE,0.572547127026561,1.00100598124414
668,"rand=1-1_rate=2_ROB=LH_Bias=Rct20_NRE20-35","1-1",2,"LH","Rct20_NRE20-35",0.182321556793955,0.182321556793955,0.182321556793955,0.182321556793955,0.182321556793955,0.300104592450338,0.20410286479513,0.20410286479513,-0.269390648221312,TRUE,0.629991269475871,1.00098697760129,-0.286667588451503,FALSE,0.378518904049578,1.00098611425921,-0.443198960854442,FALSE,1.08550275280687,1.00103742216886,-0.246696101272036,FALSE,0.419964334221485,1.00101673872842
669,"rand=1-1_rate=2_ROB=LH_Bias=Rct20_NRE20-35","1-1",2,"LH","Rct20_NRE20-35",0.182321556793955,0.182321556793955,0.182321556793955,0.182321556793955,0.182321556793955,0.300104592450338,0.216689791225619,0.216689791225619,-0.124971572146823,TRUE,0.592738206537114,1.00098647575343,-0.216320978048919,FALSE,0.408299819302859,1.0010240181156,-0.0296779619244514,TRUE,0.622268318807848,1.00099794000996,-0.288199152540816,FALSE,0.569810684445061,1.00099925005826
670,"rand=1-1_rate=2_ROB=LH_Bias=Rct20_NRE20-35","1-1",2,"LH","Rct20_NRE20-35",0.182321556793955,0.182321556793955,0.182321556793955,0.182321556793955,0.182321556793955,0.300104592450338,0.226656453447373,0.226656453447373,-0.208743966973039,TRUE,0.689000562736127,1.00100775565241,-0.258243144593276,FALSE,0.480949648995603,1.00098721769288,-0.0409331884408399,TRUE,0.608956051062301,1.00099792427673,-0.376593798636875,FALSE,0.754054452063173,1.00098637034399
671,"rand=1-1_rate=2_ROB=LH_Bias=Rct20_NRE20-35","1-1",2,"LH","Rct20_NRE20-35",0.182321556793955,0.182321556793955,0.182321556793955,0.182321556793955,0.182321556793955,0.300104592450338,0.207342616626577,0.207342616626577,-0.0764571050612324,TRUE,0.569902766383253,1.00119764742102,-0.129252847778338,TRUE,0.361018473260174,1.00106232512727,0.104567871430678,TRUE,0.520053215577883,1.00141179487903,-0.223722632506616,FALSE,0.49276457712758,1.00101074499307
672,"rand=1-1_rate=2_ROB=LH_Bias=Rct20_NRE20-35","1-1",2,"LH","Rct20_NRE20-35",0.182321556793955,0.182321556793955,0.182321556793955,0.182321556793955,0.182321556793955,0.300104592450338,0.191695714583206,0.191695714583206,-0.264821010447577,TRUE,0.713232287954349,1.00117321175822,-0.338537107534208,FALSE,0.519093823421828,1.00100988333344,-0.158643086167402,TRUE,0.673492593058354,1.0012543024513,-0.428107446132399,FALSE,0.80582903498738,1.00102040067563
673,"rand=1-1_rate=2_ROB=LH_Bias=Rct20_NRE20-35","1-1",2,"LH","Rct20_NRE20-35",0.182321556793955,0.182321556793955,0.182321556793955,0.182321556793955,0.182321556793955,0.300104592450338,0.218004577452944,0.218004577452944,-0.15865194773514,TRUE,0.731435905038424,1.00103629864508,-0.18093516904476,TRUE,0.486314120938055,1.00099285813559,-0.249240244253634,TRUE,0.992255510208021,1.00104328506178,-0.147022824645648,TRUE,0.635110498668417,1.00098600070502
674,"rand=1-1_rate=2_ROB=LH_Bias=Rct20_NRE20-35","1-1",2,"LH","Rct20_NRE20-35",0.182321556793955,0.182321556793955,0.182321556793955,0.182321556793955,0.182321556793955,0.300104592450338,0.190298189047743,0.190298189047743,-0.281574674208411,TRUE,0.724962939104137,1.00113486518488,-0.133676723836058,TRUE,0.470484057197739,1.00101022579722,-0.29724487857712,TRUE,0.802387807379648,1.00116918882515,-0.0622333731636593,TRUE,0.649551513934671,1.00098644986617
675,"rand=1-1_rate=2_ROB=LH_Bias=Rct20_NRE20-35","1-1",2,"LH","Rct20_NRE20-35",0.182321556793955,0.182321556793955,0.182321556793955,0.182321556793955,0.182321556793955,0.300104592450338,0.21305421855657,0.21305421855657,-0.550459108638848,FALSE,0.847038864359126,1.00153972507937,-0.528096216360839,FALSE,0.54773745035875,1.00101196950206,-0.703371842081235,FALSE,1.04797476950156,1.00110861647526,-0.456207109503633,FALSE,0.70645468575256,1.00100074939437
676,"rand=1-1_rate=2_ROB=LH_Bias=Rct20_NRE20-35","1-1",2,"LH","Rct20_NRE20-35",0.182321556793955,0.182321556793955,0.182321556793955,0.182321556793955,0.182321556793955,0.300104592450338,0.232224411258565,0.232224411258565,-0.247862268945175,TRUE,0.588892406374372,1.00098925533198,-0.390796074511108,FALSE,0.444116943883675,1.00098788320423,-0.296538228585214,TRUE,0.716934613861165,1.00126950975778,-0.429351112613499,FALSE,0.648737385340207,1.0010344963092
677,"rand=1-1_rate=2_ROB=LH_Bias=Rct20_NRE20-35","1-1",2,"LH","Rct20_NRE20-35",0.182321556793955,0.182321556793955,0.182321556793955,0.182321556793955,0.182321556793955,0.300104592450338,0.222135117406668,0.222135117406668,-0.17699786295842,TRUE,0.745789372226363,1.00104658211163,-0.225354524551171,TRUE,0.483071752923392,1.00100450629883,0.138365276333367,TRUE,0.515360778331226,1.00100466197928,-0.445806174834047,FALSE,0.651811783024704,1.00098918559034
678,"rand=1-1_rate=2_ROB=LH_Bias=Rct20_NRE20-35","1-1",2,"LH","Rct20_NRE20-35",0.182321556793955,0.182321556793955,0.182321556793955,0.182321556793955,0.182321556793955,0.300104592450338,0.212904133825495,0.212904133825495,-0.210834745568162,TRUE,0.649950953308322,1.00099905534208,-0.313201788480685,FALSE,0.49011513455886,1.0009940718578,-0.173760793122054,TRUE,0.848022966845245,1.00107708193438,-0.381876718644544,FALSE,0.681121459062309,1.00099636284066
679,"rand=1-1_rate=2_ROB=LH_Bias=Rct20_NRE20-35","1-1",2,"LH","Rct20_NRE20-35",0.182321556793955,0.182321556793955,0.182321556793955,0.182321556793955,0.182321556793955,0.300104592450338,0.22541663827321,0.22541663827321,-0.49671163444432,FALSE,0.829864746520945,1.0011350743316,-0.555832398734344,FALSE,0.540949383559563,1.00117516061258,-0.440383553137773,FALSE,1.06858900792725,1.00104879534027,-0.604153214194238,FALSE,0.711503276336416,1.00101683220929
680,"rand=1-1_rate=2_ROB=LH_Bias=Rct20_NRE20-35","1-1",2,"LH","Rct20_NRE20-35",0.182321556793955,0.182321556793955,0.182321556793955,0.182321556793955,0.182321556793955,0.300104592450338,0.230656825844502,0.230656825844502,-0.214517045312345,TRUE,0.691312513765845,1.00103636123602,-0.336338163712034,FALSE,0.506851896039738,1.00105585783515,-0.306486063543639,TRUE,0.81455399381445,1.00113440534942,-0.34274936160209,FALSE,0.734330733194115,1.00103018784498
681,"rand=1-1_rate=2_ROB=LH_Bias=Rct20_NRE20-35","1-1",2,"LH","Rct20_NRE20-35",0.182321556793955,0.182321556793955,0.182321556793955,0.182321556793955,0.182321556793955,0.300104592450338,0.206926926022647,0.206926926022647,-0.348847210598404,TRUE,0.832987789182683,1.00098666709715,-0.327862102423765,FALSE,0.527013307753877,1.00099070453754,-0.0191825960245824,TRUE,0.611559780472454,1.00138022545635,-0.527027905296015,FALSE,0.798391337480296,1.00098853944733
682,"rand=1-1_rate=2_ROB=LH_Bias=Rct20_NRE20-35","1-1",2,"LH","Rct20_NRE20-35",0.182321556793955,0.182321556793955,0.182321556793955,0.182321556793955,0.182321556793955,0.300104592450338,0.211070216514399,0.211070216514399,-0.282533308467344,FALSE,0.616276436791493,1.00101730811654,-0.365898523970027,FALSE,0.398375808771738,1.00100779448296,-0.165127610715289,TRUE,0.686881938447817,1.00111077078314,-0.43939348182866,FALSE,0.538694023888006,1.00098885554585
683,"rand=1-1_rate=2_ROB=LH_Bias=Rct20_NRE20-35","1-1",2,"LH","Rct20_NRE20-35",0.182321556793955,0.182321556793955,0.182321556793955,0.182321556793955,0.182321556793955,0.300104592450338,0.225065631025219,0.225065631025219,-0.51424272294622,FALSE,0.920105440304347,1.00112045645869,-0.445437721907236,FALSE,0.593865256988539,1.00098940593527,-0.307787833298138,TRUE,0.743002125180242,1.00187391431916,-0.520072260686343,FALSE,0.977928433235882,1.00101171989553
684,"rand=1-1_rate=2_ROB=LH_Bias=Rct20_NRE20-35","1-1",2,"LH","Rct20_NRE20-35",0.182321556793955,0.182321556793955,0.182321556793955,0.182321556793955,0.182321556793955,0.300104592450338,0.217333777780594,0.217333777780594,-0.22776685012212,TRUE,0.705326633818656,1.00113695781862,-0.33970890642352,FALSE,0.512709581388727,1.00098736260179,-0.540212882801414,FALSE,0.942012891446552,1.00099426356913,-0.261685112167473,TRUE,0.681190611212814,1.00102069925192
685,"rand=1-1_rate=2_ROB=LH_Bias=Rct20_NRE20-35","1-1",2,"LH","Rct20_NRE20-35",0.182321556793955,0.182321556793955,0.182321556793955,0.182321556793955,0.182321556793955,0.300104592450338,0.187375687831925,0.187375687831925,-0.235486460025869,TRUE,0.645431482907402,1.0012507118822,-0.232133963163008,FALSE,0.403624715344926,1.00115754973765,-0.179164765436744,TRUE,0.641273804601495,1.00098988037871,-0.252514282631016,TRUE,0.606316021746665,1.0010289700571
686,"rand=1-1_rate=2_ROB=LH_Bias=Rct20_NRE20-35","1-1",2,"LH","Rct20_NRE20-35",0.182321556793955,0.182321556793955,0.182321556793955,0.182321556793955,0.182321556793955,0.300104592450338,0.202717981029333,0.202717981029333,-0.18824171006388,TRUE,0.549617994469002,1.00100017356157,-0.203264430318598,FALSE,0.304660972002525,1.00099418339737,-0.311957681251323,TRUE,0.959260885693068,1.00101002812426,-0.176901878679156,FALSE,0.327031705105126,1.00099603664769
687,"rand=1-1_rate=2_ROB=LH_Bias=Rct20_NRE20-35","1-1",2,"LH","Rct20_NRE20-35",0.182321556793955,0.182321556793955,0.182321556793955,0.182321556793955,0.182321556793955,0.300104592450338,0.208167709195496,0.208167709195496,-0.176959278634806,TRUE,0.63519651910373,1.00103411324267,-0.21128613961641,FALSE,0.428747023992935,1.00098630518236,-0.244099377448213,TRUE,0.693023477277083,1.00100341458271,-0.198446968885798,TRUE,0.62315549991037,1.00100774276809
688,"rand=1-1_rate=2_ROB=LH_Bias=Rct20_NRE20-35","1-1",2,"LH","Rct20_NRE20-35",0.182321556793955,0.182321556793955,0.182321556793955,0.182321556793955,0.182321556793955,0.300104592450338,0.222747028681462,0.222747028681462,-0.0062313918219612,TRUE,0.531820543777063,1.00098638466547,-0.203345494949589,FALSE,0.439942296626983,1.00098794118021,-0.122134354678976,TRUE,0.864669881029325,1.00109541037602,-0.239504729221233,TRUE,0.585123008769186,1.00100429906956
689,"rand=1-1_rate=2_ROB=LH_Bias=Rct20_NRE20-35","1-1",2,"LH","Rct20_NRE20-35",0.182321556793955,0.182321556793955,0.182321556793955,0.182321556793955,0.182321556793955,0.300104592450338,0.215990469858438,0.215990469858438,-0.162443330857757,TRUE,0.642759789620077,1.00102067951437,-0.136452755408129,TRUE,0.407140302148383,1.00098750116164,-0.22592240578975,TRUE,0.804046430514333,1.00103895896745,-0.104452746807171,TRUE,0.529934133800544,1.00098948844351
690,"rand=1-1_rate=2_ROB=LH_Bias=Rct20_NRE20-35","1-1",2,"LH","Rct20_NRE20-35",0.182321556793955,0.182321556793955,0.182321556793955,0.182321556793955,0.182321556793955,0.300104592450338,0.222851664099522,0.222851664099522,-0.152648202530604,TRUE,0.583338186621456,1.00152369304964,-0.333445449724908,FALSE,0.479550756474922,1.00099710524465,-0.251090524036055,TRUE,0.716479868019029,1.00195509726968,-0.36203918968222,FALSE,0.739205704469861,1.00098909428859
691,"rand=1-1_rate=2_ROB=LH_Bias=Rct20_NRE20-35","1-1",2,"LH","Rct20_NRE20-35",0.182321556793955,0.182321556793955,0.182321556793955,0.182321556793955,0.182321556793955,0.300104592450338,0.193420801844432,0.193420801844432,-0.212413612004248,TRUE,0.5683566236243,1.00099157107412,-0.186672500149207,FALSE,0.322374417484043,1.00100929760394,-0.228515577110984,TRUE,0.713280835171326,1.00131597044912,-0.173209703263016,TRUE,0.403924995729067,1.00102971298962
692,"rand=1-1_rate=2_ROB=LH_Bias=Rct20_NRE20-35","1-1",2,"LH","Rct20_NRE20-35",0.182321556793955,0.182321556793955,0.182321556793955,0.182321556793955,0.182321556793955,0.300104592450338,0.20753455190144,0.20753455190144,-0.324282060026079,TRUE,0.743438439528826,1.00118444884389,-0.488729272729488,FALSE,0.607890236266823,1.00101803820777,-0.426147660513075,FALSE,0.798835899163692,1.00126736874583,-0.511267452152117,FALSE,0.985681719388166,1.00098600314674
693,"rand=1-1_rate=2_ROB=LH_Bias=Rct20_NRE20-35","1-1",2,"LH","Rct20_NRE20-35",0.182321556793955,0.182321556793955,0.182321556793955,0.182321556793955,0.182321556793955,0.300104592450338,0.221222691723018,0.221222691723018,-0.123878444915448,TRUE,0.619253829847654,1.00103385871688,-0.0965827872218323,TRUE,0.38359950001362,1.00100647866043,-0.167066224631554,TRUE,0.752497715166961,1.00098895422744,-0.0725520594070184,TRUE,0.511465433037781,1.00098600002999
694,"rand=1-1_rate=2_ROB=LH_Bias=Rct20_NRE20-35","1-1",2,"LH","Rct20_NRE20-35",0.182321556793955,0.182321556793955,0.182321556793955,0.182321556793955,0.182321556793955,0.300104592450338,0.224427944162012,0.224427944162012,-0.215196960717885,TRUE,0.577371880350145,1.0009866082816,-0.310320725426553,FALSE,0.39044209138296,1.00101091199515,-0.195602764974742,TRUE,0.661947729801295,1.00116149244647,-0.3524872763179,FALSE,0.559990048920019,1.0009864177131
695,"rand=1-1_rate=2_ROB=LH_Bias=Rct20_NRE20-35","1-1",2,"LH","Rct20_NRE20-35",0.182321556793955,0.182321556793955,0.182321556793955,0.182321556793955,0.182321556793955,0.300104592450338,0.205073773025587,0.205073773025587,-0.317807586348966,FALSE,0.739808065168827,1.00109240863958,-0.308940177574947,FALSE,0.465017807848874,1.00099727724372,-0.163219881796075,TRUE,0.780426399445695,1.00100097466966,-0.378529322545536,FALSE,0.664873143339404,1.00098620157974
696,"rand=1-1_rate=2_ROB=LH_Bias=Rct20_NRE20-35","1-1",2,"LH","Rct20_NRE20-35",0.182321556793955,0.182321556793955,0.182321556793955,0.182321556793955,0.182321556793955,0.300104592450338,0.212227195100408,0.212227195100408,-0.213733629348703,TRUE,0.578518956959076,1.00101311158707,-0.196336568844861,FALSE,0.324353041232658,1.00098844856177,-0.208942117087658,TRUE,0.708308946466577,1.00121625262307,-0.19201558425096,TRUE,0.415332038530906,1.00099960618764
697,"rand=1-1_rate=2_ROB=LH_Bias=Rct20_NRE20-35","1-1",2,"LH","Rct20_NRE20-35",0.182321556793955,0.182321556793955,0.182321556793955,0.182321556793955,0.182321556793955,0.300104592450338,0.221977184407372,0.221977184407372,-0.23107730749474,TRUE,0.608319005234971,1.00160790975005,-0.207806191003433,FALSE,0.360470491432235,1.00100663220884,-0.382521571802942,FALSE,0.719582623664992,1.0010165950013,-0.155304644388025,TRUE,0.476028123918603,1.00098622038049
698,"rand=1-1_rate=2_ROB=LH_Bias=Rct20_NRE20-35","1-1",2,"LH","Rct20_NRE20-35",0.182321556793955,0.182321556793955,0.182321556793955,0.182321556793955,0.182321556793955,0.300104592450338,0.218594245277178,0.218594245277178,-0.249078240130676,TRUE,0.692695734619539,1.00105622523426,-0.290690432528408,FALSE,0.45016840980178,1.00098728433128,-0.249313138670036,TRUE,1.02120361719686,1.00099437456378,-0.308575844279619,FALSE,0.555079791220187,1.00099078111442
699,"rand=1-1_rate=2_ROB=LH_Bias=Rct20_NRE20-35","1-1",2,"LH","Rct20_NRE20-35",0.182321556793955,0.182321556793955,0.182321556793955,0.182321556793955,0.182321556793955,0.300104592450338,0.221648368286493,0.221648368286493,-0.166980080991332,TRUE,0.653002017046827,1.0010179773561,-0.329115317728332,FALSE,0.457065345702235,1.00099856351698,0.0999232363673771,TRUE,0.513475987531562,1.00105539393608,-0.528583821914125,FALSE,0.592808270990181,1.00099785834091
700,"rand=1-1_rate=2_ROB=LH_Bias=Rct20_NRE20-35","1-1",2,"LH","Rct20_NRE20-35",0.182321556793955,0.182321556793955,0.182321556793955,0.182321556793955,0.182321556793955,0.300104592450338,0.218173924664633,0.218173924664633,0.0240075210484704,TRUE,0.446866503500596,1.00098638715324,-0.128775855332836,TRUE,0.357654840460474,1.0009860161566,-0.199417227054888,TRUE,0.719114990428302,1.00129898784038,-0.10603093266069,TRUE,0.464883250018825,1.00101270279596
701,"rand=1-1_rate=2_ROB=LH_Bias=Rct20_NRE20-35","1-1",2,"LH","Rct20_NRE20-35",0.182321556793955,0.182321556793955,0.182321556793955,0.182321556793955,0.182321556793955,0.300104592450338,0.208711792917385,0.208711792917385,-0.197906212877178,TRUE,0.688888536759884,1.00101964436511,-0.228249120116189,FALSE,0.448804921077913,1.0010114627844,0.00254175474570939,TRUE,0.532622964331912,1.00185161863884,-0.3424979882497,FALSE,0.708726690185065,1.00098624566889
702,"rand=1-1_rate=2_ROB=LH_Bias=Rct20_NRE20-35","1-1",2,"LH","Rct20_NRE20-35",0.182321556793955,0.182321556793955,0.182321556793955,0.182321556793955,0.182321556793955,0.300104592450338,0.223809493902631,0.223809493902631,-0.45888821138442,FALSE,0.788524316068693,1.00098739684104,-0.427835795249018,FALSE,0.51141811818416,1.00099318769366,-0.46613436566315,FALSE,0.845123658807666,1.00113775086333,-0.397701985771442,FALSE,0.740638321802047,1.00109588974808
703,"rand=1-1_rate=2_ROB=LH_Bias=Rct20_NRE20-35","1-1",2,"LH","Rct20_NRE20-35",0.182321556793955,0.182321556793955,0.182321556793955,0.182321556793955,0.182321556793955,0.300104592450338,0.217852634648233,0.217852634648233,-0.0511446648650511,TRUE,0.572966254250787,1.00109862438027,-0.0479247260385609,TRUE,0.358670766481423,1.00098648885898,-0.204534916702099,TRUE,0.782666716157715,1.00099430490367,0.009048312211412,TRUE,0.431226812510277,1.0011012053161
704,"rand=1-1_rate=2_ROB=LH_Bias=Rct20_NRE20-35","1-1",2,"LH","Rct20_NRE20-35",0.182321556793955,0.182321556793955,0.182321556793955,0.182321556793955,0.182321556793955,0.300104592450338,0.210606825612563,0.210606825612563,-0.380906200595396,FALSE,0.712267172548072,1.00100077564305,-0.48103908165078,FALSE,0.487071845898749,1.0010680816195,-0.258047280453032,TRUE,1.08460020450879,1.00116497926846,-0.561811037872799,FALSE,0.581549785912545,1.00109235770657
705,"rand=1-1_rate=2_ROB=LH_Bias=Rct20_NRE20-35","1-1",2,"LH","Rct20_NRE20-35",0.182321556793955,0.182321556793955,0.182321556793955,0.182321556793955,0.182321556793955,0.300104592450338,0.221575163140494,0.221575163140494,0.020753403556843,TRUE,0.5155455882086,1.00120125397571,-0.040131989870642,TRUE,0.338092386718494,1.00098670607131,-0.0552336882262581,TRUE,0.618284520311405,1.00151127180901,-0.0328322513688746,TRUE,0.473615105335945,1.00098834069045
706,"rand=1-1_rate=2_ROB=LH_Bias=Rct20_NRE20-35","1-1",2,"LH","Rct20_NRE20-35",0.182321556793955,0.182321556793955,0.182321556793955,0.182321556793955,0.182321556793955,0.300104592450338,0.225019350491996,0.225019350491996,-0.2420645157439,TRUE,0.716897985404244,1.00103489157621,-0.269526642271236,FALSE,0.470422062980275,1.0010015249132,-0.649055056105682,FALSE,1.29711564778053,1.00118748909805,-0.148642500363416,TRUE,0.452917661097824,1.00104875550726
707,"rand=1-1_rate=2_ROB=LH_Bias=Rct20_NRE20-35","1-1",2,"LH","Rct20_NRE20-35",0.182321556793955,0.182321556793955,0.182321556793955,0.182321556793955,0.182321556793955,0.300104592450338,0.205394945278878,0.205394945278878,-0.339252318346575,FALSE,0.769337568307886,1.00098890566764,-0.276272058064401,FALSE,0.470166525805048,1.00100026612467,-0.178809037440896,TRUE,0.952687153383412,1.00102406926092,-0.320677104379054,FALSE,0.603876428916462,1.00100090899033
708,"rand=1-1_rate=2_ROB=LH_Bias=Rct20_NRE20-35","1-1",2,"LH","Rct20_NRE20-35",0.182321556793955,0.182321556793955,0.182321556793955,0.182321556793955,0.182321556793955,0.300104592450338,0.188897685971013,0.188897685971013,-0.33193520264704,TRUE,0.800545105543486,1.00100529461559,-0.279132741138121,FALSE,0.555480539817131,1.00099863346457,-0.452813666434986,FALSE,0.913786034762282,1.00102439759094,-0.182849171574485,TRUE,0.753335476299518,1.00098659543319
709,"rand=1-1_rate=2_ROB=LH_Bias=Rct20_NRE20-35","1-1",2,"LH","Rct20_NRE20-35",0.182321556793955,0.182321556793955,0.182321556793955,0.182321556793955,0.182321556793955,0.300104592450338,0.20448112646366,0.20448112646366,-0.118005400630016,TRUE,0.541468896771685,1.00126446544839,-0.213262374052984,FALSE,0.364550497263958,1.00098919227749,0.0229140390642385,TRUE,0.492577045555031,1.00195339173874,-0.312539324942941,FALSE,0.517387131331152,1.00098661454243
710,"rand=1-1_rate=2_ROB=LH_Bias=Rct20_NRE20-35","1-1",2,"LH","Rct20_NRE20-35",0.182321556793955,0.182321556793955,0.182321556793955,0.182321556793955,0.182321556793955,0.300104592450338,0.196380027960826,0.196380027960826,-0.18996270713254,TRUE,0.6251547061658,1.00100395999199,-0.234352709977553,FALSE,0.437987920655469,1.00104763085786,-0.191436501317854,TRUE,0.656393290004358,1.00143197618013,-0.256557401791918,TRUE,0.669577047932561,1.00105134736487
711,"rand=1-1_rate=2_ROB=LH_Bias=Rct20_NRE20-35","1-1",2,"LH","Rct20_NRE20-35",0.182321556793955,0.182321556793955,0.182321556793955,0.182321556793955,0.182321556793955,0.300104592450338,0.199404252954142,0.199404252954142,-0.173433945635959,TRUE,0.619845804042657,1.00103690480149,-0.338368440696295,FALSE,0.509226286519296,1.0010247248556,-0.0634997385862586,TRUE,0.678894328656398,1.00107220809817,-0.480667452314136,FALSE,0.74168853128393,1.0009864146284
712,"rand=1-1_rate=2_ROB=LH_Bias=Rct20_NRE20-35","1-1",2,"LH","Rct20_NRE20-35",0.182321556793955,0.182321556793955,0.182321556793955,0.182321556793955,0.182321556793955,0.300104592450338,0.195729835020524,0.195729835020524,-0.198938379713773,TRUE,0.594793595250542,1.00101288642606,-0.27195497273227,FALSE,0.386993601428909,1.00098831153056,-0.500772923415659,FALSE,0.855702493723943,1.00137122224348,-0.200838025222904,TRUE,0.471188444406708,1.00099568850602
713,"rand=1-1_rate=2_ROB=LH_Bias=Rct20_NRE20-35","1-1",2,"LH","Rct20_NRE20-35",0.182321556793955,0.182321556793955,0.182321556793955,0.182321556793955,0.182321556793955,0.300104592450338,0.228205478034392,0.228205478034392,-0.31542071144675,TRUE,0.77465941046216,1.00099245931903,-0.294419150804448,FALSE,0.483316470437699,1.00100663973215,-0.259268232450324,TRUE,1.09509728946767,1.0010739898993,-0.306724819686649,FALSE,0.598902072398486,1.00099853530079
714,"rand=1-1_rate=2_ROB=LH_Bias=Rct20_NRE20-35","1-1",2,"LH","Rct20_NRE20-35",0.182321556793955,0.182321556793955,0.182321556793955,0.182321556793955,0.182321556793955,0.300104592450338,0.213236089952318,0.213236089952318,-0.319278588486685,TRUE,0.84860209881454,1.0010045618969,-0.469988453079226,FALSE,0.671206459157696,1.0010027019147,-0.454406130535536,TRUE,1.15755015637539,1.00114358221809,-0.47111877145631,FALSE,0.974803872447982,1.00100538680059
715,"rand=1-1_rate=2_ROB=LH_Bias=Rct20_NRE20-35","1-1",2,"LH","Rct20_NRE20-35",0.182321556793955,0.182321556793955,0.182321556793955,0.182321556793955,0.182321556793955,0.300104592450338,0.214467520096873,0.214467520096873,-0.388075130550525,FALSE,0.766380327840803,1.00191088804335,-0.331689519715884,FALSE,0.479162887228616,1.00098938387075,-0.302358763401034,TRUE,0.719191807023553,1.00189453273942,-0.347445621371531,FALSE,0.729342352683166,1.00098608791028
716,"rand=1-1_rate=2_ROB=LH_Bias=Rct20_NRE20-35","1-1",2,"LH","Rct20_NRE20-35",0.182321556793955,0.182321556793955,0.182321556793955,0.182321556793955,0.182321556793955,0.300104592450338,0.223985061972473,0.223985061972473,-0.200464725975554,TRUE,0.543208681920291,1.0011055791677,-0.244282490436881,FALSE,0.300263803101221,1.0009939201283,-0.0884041781451186,TRUE,0.926205140281527,1.00100330531436,-0.280649988452736,FALSE,0.310678519348325,1.00099324622264
717,"rand=1-1_rate=2_ROB=LH_Bias=Rct20_NRE20-35","1-1",2,"LH","Rct20_NRE20-35",0.182321556793955,0.182321556793955,0.182321556793955,0.182321556793955,0.182321556793955,0.300104592450338,0.213543512370435,0.213543512370435,-0.183286739659899,TRUE,0.742781998969616,1.00098665420962,-0.285672735624787,FALSE,0.513089928840038,1.0009886440425,-0.0893852821787806,TRUE,0.793902795505346,1.00117164512896,-0.386824045637374,FALSE,0.731996882133844,1.00101148220043
718,"rand=1-1_rate=2_ROB=LH_Bias=Rct20_NRE20-35","1-1",2,"LH","Rct20_NRE20-35",0.182321556793955,0.182321556793955,0.182321556793955,0.182321556793955,0.182321556793955,0.300104592450338,0.221233454221461,0.221233454221461,-0.0393027016099508,TRUE,0.586457944277794,1.00100371272286,-0.0603086676264413,TRUE,0.394839945064035,1.00098830409631,-0.129155872657568,TRUE,0.682241469264318,1.00098925916165,-0.0326418069270664,TRUE,0.552031830710454,1.0010548905459
719,"rand=1-1_rate=2_ROB=LH_Bias=Rct20_NRE20-35","1-1",2,"LH","Rct20_NRE20-35",0.182321556793955,0.182321556793955,0.182321556793955,0.182321556793955,0.182321556793955,0.300104592450338,0.209550165615901,0.209550165615901,-0.290719426656174,TRUE,0.688731452212056,1.00099296838945,-0.245574871387094,FALSE,0.420625754627859,1.00098910113223,-0.291831887684129,TRUE,0.953709161378691,1.00132616304439,-0.229799369685521,TRUE,0.518103729699917,1.00099375683614
720,"rand=1-1_rate=2_ROB=LH_Bias=Rct20_NRE20-35","1-1",2,"LH","Rct20_NRE20-35",0.182321556793955,0.182321556793955,0.182321556793955,0.182321556793955,0.182321556793955,0.300104592450338,0.206391347226088,0.206391347226088,-0.195449511330786,TRUE,0.671234267403163,1.00101181951071,-0.208221331815319,TRUE,0.45922928788145,1.00100105286323,-0.0845863347248781,TRUE,0.614082712245334,1.00102034940473,-0.264909134850523,TRUE,0.721827185845569,1.00098995156138
721,"rand=1-1_rate=2_ROB=LH_Bias=Rct20_NRE20-35","1-1",2,"LH","Rct20_NRE20-35",0.182321556793955,0.182321556793955,0.182321556793955,0.182321556793955,0.182321556793955,0.300104592450338,0.216067630198805,0.216067630198805,-0.198761799283041,TRUE,0.608150891730346,1.0009925293633,-0.277785299161453,FALSE,0.397966227223953,1.00101642799881,-0.14946544309461,TRUE,0.640038503879471,1.00190756081997,-0.325681857906433,FALSE,0.586528582359827,1.0009904713922
722,"rand=1-1_rate=2_ROB=LH_Bias=Rct20_NRE20-35","1-1",2,"LH","Rct20_NRE20-35",0.182321556793955,0.182321556793955,0.182321556793955,0.182321556793955,0.182321556793955,0.300104592450338,0.219215480040949,0.219215480040949,-0.247022118635193,TRUE,0.740513963239798,1.00102962552975,-0.222179533944003,FALSE,0.482995061513456,1.00099504256807,-0.377059844088196,FALSE,0.852255258523474,1.00132759493829,-0.157907593669439,TRUE,0.658891002266664,1.00110179941559
723,"rand=1-1_rate=2_ROB=LH_Bias=Rct20_NRE20-35","1-1",2,"LH","Rct20_NRE20-35",0.182321556793955,0.182321556793955,0.182321556793955,0.182321556793955,0.182321556793955,0.300104592450338,0.216534938806726,0.216534938806726,-0.120629932932149,TRUE,0.618354097977563,1.00099359277724,-0.158442593081675,TRUE,0.416953099619075,1.00113482138899,-0.0936254284048941,TRUE,0.764646607277431,1.00109387834357,-0.187075526457015,TRUE,0.572627157181195,1.00098800633803
724,"rand=1-1_rate=2_ROB=LH_Bias=Rct20_NRE20-35","1-1",2,"LH","Rct20_NRE20-35",0.182321556793955,0.182321556793955,0.182321556793955,0.182321556793955,0.182321556793955,0.300104592450338,0.199621806804641,0.199621806804641,-0.0556292685989515,TRUE,0.527909373628878,1.00098703658902,-0.159724688332909,TRUE,0.380978304155964,1.00099029301432,-0.0994460876924044,TRUE,0.772667897495844,1.00099633866254,-0.181074610343965,TRUE,0.494080691273634,1.00101033539224
725,"rand=1-1_rate=2_ROB=LH_Bias=Rct20_NRE20-35","1-1",2,"LH","Rct20_NRE20-35",0.182321556793955,0.182321556793955,0.182321556793955,0.182321556793955,0.182321556793955,0.300104592450338,0.193787672942394,0.193787672942394,-0.274015942824925,TRUE,0.651319572378193,1.00098807043184,-0.273706548451823,FALSE,0.39353300809626,1.0010256087439,-0.031817213077078,TRUE,0.616323315605533,1.00115259780251,-0.37071372127298,FALSE,0.510253253918699,1.00098620569497
726,"rand=1-1_rate=2_ROB=LH_Bias=Rct20_NRE20-35","1-1",2,"LH","Rct20_NRE20-35",0.182321556793955,0.182321556793955,0.182321556793955,0.182321556793955,0.182321556793955,0.300104592450338,0.206845643153644,0.206845643153644,-0.29667502045096,TRUE,0.832573291808493,1.00106773936923,-0.148891927943651,TRUE,0.496128600469298,1.00101326111879,-0.425692461545258,FALSE,0.844904362304341,1.00110520274644,-0.0354593342286618,TRUE,0.65776412472297,1.00098615684734
727,"rand=1-1_rate=2_ROB=LH_Bias=Rct20_NRE20-35","1-1",2,"LH","Rct20_NRE20-35",0.182321556793955,0.182321556793955,0.182321556793955,0.182321556793955,0.182321556793955,0.300104592450338,0.220568171765222,0.220568171765222,-0.242790556011877,TRUE,0.711251878713617,1.00102403472038,-0.195076150232284,TRUE,0.470623816726843,1.00100288389924,-0.253874719638366,TRUE,0.834479747803857,1.0011275753128,-0.165037403280438,TRUE,0.649666382249049,1.00098883271012
728,"rand=1-1_rate=2_ROB=LH_Bias=Rct20_NRE20-35","1-1",2,"LH","Rct20_NRE20-35",0.182321556793955,0.182321556793955,0.182321556793955,0.182321556793955,0.182321556793955,0.300104592450338,0.223512793943965,0.223512793943965,-0.271454183947527,FALSE,0.561444551737152,1.00105584802666,-0.231041546652455,FALSE,0.285365271419576,1.00111908135953,-0.231116178474053,TRUE,0.955159464734133,1.00100316104774,-0.237018680833901,FALSE,0.318413831396892,1.00113706258208
729,"rand=1-1_rate=2_ROB=LH_Bias=Rct20_NRE20-35","1-1",2,"LH","Rct20_NRE20-35",0.182321556793955,0.182321556793955,0.182321556793955,0.182321556793955,0.182321556793955,0.300104592450338,0.189741765442813,0.189741765442813,-0.272985299260774,TRUE,0.710028187885064,1.00109302979395,-0.40637324339606,FALSE,0.504070844779937,1.00102918534845,-0.423433001163472,FALSE,0.875239756738874,1.00099727509053,-0.391463163102156,FALSE,0.724532817749185,1.00107823610748
730,"rand=1-1_rate=2_ROB=LH_Bias=Rct20_NRE20-35","1-1",2,"LH","Rct20_NRE20-35",0.182321556793955,0.182321556793955,0.182321556793955,0.182321556793955,0.182321556793955,0.300104592450338,0.213357615468203,0.213357615468203,-0.272023593967041,FALSE,0.617686108733195,1.00098661207894,-0.219993233188243,FALSE,0.327585991564076,1.00099810387885,-0.275765141063703,TRUE,0.746496325131453,1.00098959668888,-0.202543607077972,FALSE,0.406475360491346,1.00098654148535
731,"rand=1-1_rate=2_ROB=LH_Bias=Rct20_NRE20-35","1-1",2,"LH","Rct20_NRE20-35",0.182321556793955,0.182321556793955,0.182321556793955,0.182321556793955,0.182321556793955,0.300104592450338,0.217763615909595,0.217763615909595,-0.116779338028004,TRUE,0.638001736540856,1.00100955333712,-0.319210229342343,FALSE,0.547407816437676,1.00100345108194,-0.346730819800311,TRUE,1.02846446118413,1.00100245730109,-0.30021217942645,TRUE,0.757680970492527,1.00098625106025
732,"rand=1-1_rate=2_ROB=LH_Bias=Rct20_NRE20-35","1-1",2,"LH","Rct20_NRE20-35",0.182321556793955,0.182321556793955,0.182321556793955,0.182321556793955,0.182321556793955,0.300104592450338,0.210185412453534,0.210185412453534,-0.133780750274977,TRUE,0.652207038661544,1.00098599139027,-0.292596938278537,FALSE,0.529448106068664,1.00098616200229,-0.0558681145126216,TRUE,0.78644982909283,1.00098857912818,-0.425358692608516,FALSE,0.749577615667975,1.00099514925448
733,"rand=1-1_rate=2_ROB=LH_Bias=Rct20_NRE20-35","1-1",2,"LH","Rct20_NRE20-35",0.182321556793955,0.182321556793955,0.182321556793955,0.182321556793955,0.182321556793955,0.300104592450338,0.181827788547953,0.181827788547953,-0.39534885558417,FALSE,0.737733746668443,1.00098852472893,-0.279908091280841,FALSE,0.430140553318368,1.00099574559854,-0.179960221626429,TRUE,0.771824934663108,1.0012271309815,-0.321952851861058,FALSE,0.58728723229252,1.00098784716091
734,"rand=1-1_rate=2_ROB=LH_Bias=Rct20_NRE20-35","1-1",2,"LH","Rct20_NRE20-35",0.182321556793955,0.182321556793955,0.182321556793955,0.182321556793955,0.182321556793955,0.300104592450338,0.199700781625852,0.199700781625852,-0.253039736564023,TRUE,0.625551803113321,1.00102684622809,-0.341440063754565,FALSE,0.387820750102152,1.00098692785538,-0.0265732973761046,TRUE,0.595428856396446,1.00100109435338,-0.45622500797492,FALSE,0.486050985324748,1.00100102717533
735,"rand=1-1_rate=2_ROB=LH_Bias=Rct20_NRE20-35","1-1",2,"LH","Rct20_NRE20-35",0.182321556793955,0.182321556793955,0.182321556793955,0.182321556793955,0.182321556793955,0.300104592450338,0.219092100215855,0.219092100215855,0.0239691238430502,TRUE,0.572203495568466,1.00099115540006,-0.148441456376934,TRUE,0.484593833129492,1.00098727184195,-0.129541401440865,TRUE,0.65720064860707,1.001657171288,-0.151688653665739,TRUE,0.774812686683355,1.00098902673556
736,"rand=1-1_rate=2_ROB=LH_Bias=Rct20_NRE20-35","1-1",2,"LH","Rct20_NRE20-35",0.182321556793955,0.182321556793955,0.182321556793955,0.182321556793955,0.182321556793955,0.300104592450338,0.216458950942744,0.216458950942744,-0.439922785534868,FALSE,0.811523746351292,1.00099147916474,-0.384851744944057,FALSE,0.500241723563521,1.00098630795832,-0.517242076660121,FALSE,1.0254027773375,1.00098613466457,-0.334469834949338,FALSE,0.649413307860195,1.00102457453312
737,"rand=1-1_rate=2_ROB=LH_Bias=Rct20_NRE20-35","1-1",2,"LH","Rct20_NRE20-35",0.182321556793955,0.182321556793955,0.182321556793955,0.182321556793955,0.182321556793955,0.300104592450338,0.21299616034386,0.21299616034386,-0.145259241676937,TRUE,0.535490948160122,1.00122649648904,-0.293093127481312,FALSE,0.390433694437603,1.00103697807892,-0.341595656722907,FALSE,0.718996427420692,1.00101700690962,-0.271604849188765,FALSE,0.536375392380115,1.00098717132367
738,"rand=1-1_rate=2_ROB=LH_Bias=Rct20_NRE20-35","1-1",2,"LH","Rct20_NRE20-35",0.182321556793955,0.182321556793955,0.182321556793955,0.182321556793955,0.182321556793955,0.300104592450338,0.212507135850695,0.212507135850695,-0.101361863575816,TRUE,0.540088144079044,1.00105394373914,-0.230285546866396,FALSE,0.385160540135252,1.00099124275845,-0.0981307810639174,TRUE,0.761546650778727,1.00113540816426,-0.275067547712986,FALSE,0.500099040390651,1.00102729132319
739,"rand=1-1_rate=2_ROB=LH_Bias=Rct20_NRE20-35","1-1",2,"LH","Rct20_NRE20-35",0.182321556793955,0.182321556793955,0.182321556793955,0.182321556793955,0.182321556793955,0.300104592450338,0.205622309597521,0.205622309597521,-0.160128505896204,TRUE,0.725204093307904,1.00110687130001,-0.164002680450587,TRUE,0.455786991760361,1.0009932025594,-0.375390398598888,TRUE,0.957626973539633,1.00100235073065,-0.074123252862603,TRUE,0.549195884161469,1.00098645833544
740,"rand=1-1_rate=2_ROB=LH_Bias=Rct20_NRE20-35","1-1",2,"LH","Rct20_NRE20-35",0.182321556793955,0.182321556793955,0.182321556793955,0.182321556793955,0.182321556793955,0.300104592450338,0.232318499503314,0.232318499503314,-0.237672683700192,TRUE,0.632383546137509,1.00155865489685,-0.257877115799706,FALSE,0.391516160050245,1.00108379087013,-0.33935480384686,FALSE,0.740285349774184,1.0009986632542,-0.226572761049063,TRUE,0.526512710775333,1.0009860315363
741,"rand=1-1_rate=2_ROB=LH_Bias=Rct20_NRE20-35","1-1",2,"LH","Rct20_NRE20-35",0.182321556793955,0.182321556793955,0.182321556793955,0.182321556793955,0.182321556793955,0.300104592450338,0.209075065512796,0.209075065512796,-0.275666212849917,TRUE,0.729064060083837,1.0012298629093,-0.285279277659022,FALSE,0.50830767731053,1.00101107135783,-0.163810169024216,TRUE,0.679153082745785,1.0009895555835,-0.36678349728356,FALSE,0.813802463218111,1.00098617110553
742,"rand=1-1_rate=2_ROB=LH_Bias=Rct20_NRE20-35","1-1",2,"LH","Rct20_NRE20-35",0.182321556793955,0.182321556793955,0.182321556793955,0.182321556793955,0.182321556793955,0.300104592450338,0.216072908777707,0.216072908777707,-0.194845794152559,TRUE,0.614226582332192,1.00118349662034,-0.178141851020706,TRUE,0.375831794540177,1.00109800476712,-0.067372060951151,TRUE,0.551217845365552,1.00102312128795,-0.225689914855089,TRUE,0.56748649095428,1.00098881207779
743,"rand=1-1_rate=2_ROB=LH_Bias=Rct20_NRE20-35","1-1",2,"LH","Rct20_NRE20-35",0.182321556793955,0.182321556793955,0.182321556793955,0.182321556793955,0.182321556793955,0.300104592450338,0.22531009503853,0.22531009503853,-0.334139391787234,FALSE,0.670171954275763,1.00124971987159,-0.412048954105442,FALSE,0.425028286509601,1.00099943346747,-0.551896843439535,FALSE,0.862245099231302,1.00099032731483,-0.368020988208441,FALSE,0.572684761375818,1.00098757757061
744,"rand=1-1_rate=2_ROB=LH_Bias=Rct20_NRE20-35","1-1",2,"LH","Rct20_NRE20-35",0.182321556793955,0.182321556793955,0.182321556793955,0.182321556793955,0.182321556793955,0.300104592450338,0.20014304029025,0.20014304029025,-0.312086396009861,FALSE,0.653653270423598,1.00127294024031,-0.314630857212867,FALSE,0.391127737921233,1.00099720346728,-0.456963898426599,FALSE,0.761867988291892,1.00158312180854,-0.261967581091181,FALSE,0.518397607324126,1.00100571425534
745,"rand=1-1_rate=2_ROB=LH_Bias=Rct20_NRE20-35","1-1",2,"LH","Rct20_NRE20-35",0.182321556793955,0.182321556793955,0.182321556793955,0.182321556793955,0.182321556793955,0.300104592450338,0.212743254011631,0.212743254011631,-0.0782236227933522,TRUE,0.637940928764016,1.00101946794865,-0.221252466331647,TRUE,0.477532744611719,1.00099413035062,0.0121928860662179,TRUE,0.572517777932949,1.00098605777064,-0.344054047303062,FALSE,0.743172683812672,1.00098599022569
746,"rand=1-1_rate=2_ROB=LH_Bias=Rct20_NRE20-35","1-1",2,"LH","Rct20_NRE20-35",0.182321556793955,0.182321556793955,0.182321556793955,0.182321556793955,0.182321556793955,0.300104592450338,0.232206158690609,0.232206158690609,-0.336302178945871,FALSE,0.661627036026494,1.00102427468003,-0.356054510880396,FALSE,0.389530749616059,1.00102602345572,-0.40873386735962,FALSE,0.980387838291424,1.00109585935609,-0.342421305142116,FALSE,0.475553199617304,1.00100125269446
747,"rand=1-1_rate=2_ROB=LH_Bias=Rct20_NRE20-35","1-1",2,"LH","Rct20_NRE20-35",0.182321556793955,0.182321556793955,0.182321556793955,0.182321556793955,0.182321556793955,0.300104592450338,0.213923041484908,0.213923041484908,-0.0541126727938572,TRUE,0.460649529765634,1.00099555600175,-0.227712646027778,FALSE,0.374977248611939,1.00098600500044,0.00229451937425618,TRUE,0.608982856714516,1.0009863187429,-0.31677395665358,FALSE,0.492702110043325,1.00099468482523
748,"rand=1-1_rate=2_ROB=LH_Bias=Rct20_NRE20-35","1-1",2,"LH","Rct20_NRE20-35",0.182321556793955,0.182321556793955,0.182321556793955,0.182321556793955,0.182321556793955,0.300104592450338,0.204929084441453,0.204929084441453,-0.155430873392667,TRUE,0.606492438773033,1.00132092199295,-0.330339909515473,FALSE,0.495072692491606,1.00099680136104,-0.324000422263444,TRUE,0.92624922736044,1.0009883967402,-0.331153278874879,FALSE,0.68567186567344,1.00099525530619
749,"rand=1-1_rate=2_ROB=LH_Bias=Rct20_NRE20-35","1-1",2,"LH","Rct20_NRE20-35",0.182321556793955,0.182321556793955,0.182321556793955,0.182321556793955,0.182321556793955,0.300104592450338,0.202989878041132,0.202989878041132,-0.455104056814396,FALSE,0.767090676699186,1.00100205860301,-0.391537925281893,FALSE,0.429383486822854,1.00101788114534,-0.517091167472074,FALSE,0.951590292049121,1.00099308800436,-0.352430742881622,FALSE,0.5237182464355,1.00103409248117
750,"rand=1-1_rate=2_ROB=LH_Bias=Rct20_NRE20-35","1-1",2,"LH","Rct20_NRE20-35",0.182321556793955,0.182321556793955,0.182321556793955,0.182321556793955,0.182321556793955,0.300104592450338,0.204183700299133,0.204183700299133,-0.103061344229592,TRUE,0.651703468885259,1.00109952833973,-0.114053005014931,TRUE,0.439019865824813,1.00102558468526,-0.222711270657395,TRUE,0.780528759575398,1.00107058677631,-0.0659988911575036,TRUE,0.601397076397936,1.00099312511564
751,"rand=1-1_rate=2_ROB=LH_Bias=Rct20_NRE20-35","1-1",2,"LH","Rct20_NRE20-35",0.182321556793955,0.182321556793955,0.182321556793955,0.182321556793955,0.182321556793955,0.300104592450338,0.22529591977932,0.22529591977932,-0.063775016961517,TRUE,0.562992468170479,1.00098719193897,-0.132851167685212,TRUE,0.396876973173676,1.00098824375008,-0.200095278849561,TRUE,0.716896272065242,1.00126822028477,-0.109306738058353,TRUE,0.542772150256091,1.00098991490832
752,"rand=1-1_rate=2_ROB=LH_Bias=Rct20_NRE20-35","1-1",2,"LH","Rct20_NRE20-35",0.182321556793955,0.182321556793955,0.182321556793955,0.182321556793955,0.182321556793955,0.300104592450338,0.223458539811539,0.223458539811539,-0.173046042966065,TRUE,0.522511687103431,1.00102863816748,-0.241275235943974,FALSE,0.323755155133304,1.00102034809281,-0.0674897802684848,TRUE,0.677148663930158,1.00104220705953,-0.290976343077848,FALSE,0.382872117889978,1.00104647295688
753,"rand=1-1_rate=2_ROB=LH_Bias=Rct20_NRE20-35","1-1",2,"LH","Rct20_NRE20-35",0.182321556793955,0.182321556793955,0.182321556793955,0.182321556793955,0.182321556793955,0.300104592450338,0.197189718395976,0.197189718395976,-0.243253662705979,TRUE,0.635390816289053,1.00100068675931,-0.247079151852999,FALSE,0.389055026715984,1.00107082763833,-0.0562139208299346,TRUE,0.594119408327829,1.00101974228478,-0.32044621530782,FALSE,0.541543596865284,1.00099785988019
754,"rand=1-1_rate=2_ROB=LH_Bias=Rct20_NRE20-35","1-1",2,"LH","Rct20_NRE20-35",0.182321556793955,0.182321556793955,0.182321556793955,0.182321556793955,0.182321556793955,0.300104592450338,0.198681339189542,0.198681339189542,-0.332234203121084,FALSE,0.688600986384027,1.00119900996814,-0.337318853280141,FALSE,0.428590571859448,1.00102068247191,-0.476233060260074,FALSE,0.83698769269305,1.0012264870128,-0.294856131932555,FALSE,0.563702007107856,1.00100443515529
755,"rand=1-1_rate=2_ROB=LH_Bias=Rct20_NRE20-35","1-1",2,"LH","Rct20_NRE20-35",0.182321556793955,0.182321556793955,0.182321556793955,0.182321556793955,0.182321556793955,0.300104592450338,0.231757068078918,0.231757068078918,-0.198803123672135,TRUE,0.646718746720291,1.0011402535973,-0.338121811310282,FALSE,0.494020680249656,1.00098806197758,-0.413437365300156,FALSE,0.881184900752302,1.00169713356878,-0.30343553674573,FALSE,0.685390715387102,1.00102209595444
756,"rand=1-1_rate=2_ROB=LH_Bias=Rct20_NRE20-35","1-1",2,"LH","Rct20_NRE20-35",0.182321556793955,0.182321556793955,0.182321556793955,0.182321556793955,0.182321556793955,0.300104592450338,0.222176346183533,0.222176346183533,-0.171521045009022,TRUE,0.586951428138954,1.00101008951091,-0.372054610643163,FALSE,0.529281456816083,1.00100910361456,-0.288417316642732,TRUE,1.03070806110352,1.00100652985994,-0.410645641888183,FALSE,0.714943955584107,1.00098606422261
757,"rand=1-1_rate=2_ROB=LH_Bias=Rct20_NRE20-35","1-1",2,"LH","Rct20_NRE20-35",0.182321556793955,0.182321556793955,0.182321556793955,0.182321556793955,0.182321556793955,0.300104592450338,0.228621604713553,0.228621604713553,0.0339429437713351,TRUE,0.457036192989659,1.00099635538867,-0.0298667174282956,TRUE,0.274671606929699,1.00100022060374,-0.0634019174685192,TRUE,0.631792233617733,1.00130907600352,-0.0206913500581125,TRUE,0.340985523196253,1.00098743135238
758,"rand=1-1_rate=2_ROB=LH_Bias=Rct20_NRE20-35","1-1",2,"LH","Rct20_NRE20-35",0.182321556793955,0.182321556793955,0.182321556793955,0.182321556793955,0.182321556793955,0.300104592450338,0.217615747907874,0.217615747907874,0.0667033055857837,TRUE,0.53892810073684,1.00103924419225,-0.0523324007534063,TRUE,0.450591980446768,1.00103133546405,-0.118810527035371,TRUE,0.620281418945433,1.00118364174539,-0.00819260226178042,TRUE,0.681550789358117,1.00100646040878
759,"rand=1-1_rate=2_ROB=LH_Bias=Rct20_NRE20-35","1-1",2,"LH","Rct20_NRE20-35",0.182321556793955,0.182321556793955,0.182321556793955,0.182321556793955,0.182321556793955,0.300104592450338,0.200224674913997,0.200224674913997,-0.22835897671752,TRUE,0.707931312213166,1.00098723982185,-0.333687013892683,FALSE,0.506695708161497,1.00099123839403,-0.274883819573898,TRUE,0.848954323539797,1.00100659914485,-0.359366219592104,FALSE,0.721787594813132,1.0010046547869
760,"rand=1-1_rate=2_ROB=LH_Bias=Rct20_NRE20-35","1-1",2,"LH","Rct20_NRE20-35",0.182321556793955,0.182321556793955,0.182321556793955,0.182321556793955,0.182321556793955,0.300104592450338,0.216522081431038,0.216522081431038,-0.202559402039247,TRUE,0.633752370116663,1.00101130099404,-0.272409870749839,FALSE,0.431556318086897,1.00101103436113,-0.225938682570839,TRUE,0.894219280597229,1.00111818853377,-0.291986534101768,FALSE,0.55358520877065,1.0010057720441
761,"rand=1-1_rate=2_ROB=LH_Bias=Rct20_NRE20-35","1-1",2,"LH","Rct20_NRE20-35",0.182321556793955,0.182321556793955,0.182321556793955,0.182321556793955,0.182321556793955,0.300104592450338,0.20317654185167,0.20317654185167,-0.281537559318823,TRUE,0.679252890795667,1.00112859857677,-0.322963912162206,FALSE,0.426769495422231,1.00099307563702,-0.11168931639766,TRUE,0.691463699418909,1.00105385000976,-0.413295347785063,FALSE,0.568954320105599,1.00098729525595
762,"rand=1-1_rate=2_ROB=LH_Bias=Rct20_NRE20-35","1-1",2,"LH","Rct20_NRE20-35",0.182321556793955,0.182321556793955,0.182321556793955,0.182321556793955,0.182321556793955,0.300104592450338,0.215210214832297,0.215210214832297,-0.190730641182614,TRUE,0.682843434326885,1.00111612576405,-0.288065306441285,FALSE,0.511921214688437,1.00099465580229,0.0291231318937426,TRUE,0.691848466232243,1.00098743880007,-0.465899241139945,FALSE,0.715043318090287,1.00098968739198
763,"rand=1-1_rate=2_ROB=LH_Bias=Rct20_NRE20-35","1-1",2,"LH","Rct20_NRE20-35",0.182321556793955,0.182321556793955,0.182321556793955,0.182321556793955,0.182321556793955,0.300104592450338,0.213909983854027,0.213909983854027,-0.136433417014122,TRUE,0.610398099288263,1.00099015454071,-0.320131782396017,FALSE,0.50788166095426,1.00100311506106,-0.361964063370955,FALSE,0.824760368086367,1.00099816639133,-0.302736612086365,TRUE,0.741020694772038,1.00099141662426
764,"rand=1-1_rate=2_ROB=LH_Bias=Rct20_NRE20-35","1-1",2,"LH","Rct20_NRE20-35",0.182321556793955,0.182321556793955,0.182321556793955,0.182321556793955,0.182321556793955,0.300104592450338,0.217071818077734,0.217071818077734,-0.201081300728247,TRUE,0.586001198372035,1.00099291605812,-0.206582264517976,FALSE,0.348379769131321,1.00110223107817,-0.333511979619382,TRUE,0.837720613704765,1.00098970971105,-0.169931278997064,TRUE,0.41736344167458,1.00098644313627
765,"rand=1-1_rate=2_ROB=LH_Bias=Rct20_NRE20-35","1-1",2,"LH","Rct20_NRE20-35",0.182321556793955,0.182321556793955,0.182321556793955,0.182321556793955,0.182321556793955,0.300104592450338,0.211533374408141,0.211533374408141,-0.298448935025064,FALSE,0.67765526369234,1.00099388405308,-0.330118621309327,FALSE,0.432224556804045,1.0010046057324,-0.350470701591815,TRUE,0.907984661419797,1.00133403977465,-0.323408522382048,FALSE,0.559413570288488,1.00098625079058
766,"rand=1-1_rate=2_ROB=LH_Bias=Rct20_NRE20-35","1-1",2,"LH","Rct20_NRE20-35",0.182321556793955,0.182321556793955,0.182321556793955,0.182321556793955,0.182321556793955,0.300104592450338,0.219909712306019,0.219909712306019,-0.21209788109782,TRUE,0.647572747855336,1.00103264750134,-0.260367135900582,FALSE,0.455743313782,1.00098605688619,-0.080503838768837,TRUE,0.60272310721689,1.00098599334885,-0.354912222884666,FALSE,0.705173851265387,1.00098895541212
767,"rand=1-1_rate=2_ROB=LH_Bias=Rct20_NRE20-35","1-1",2,"LH","Rct20_NRE20-35",0.182321556793955,0.182321556793955,0.182321556793955,0.182321556793955,0.182321556793955,0.300104592450338,0.220477671220273,0.220477671220273,-0.244734588534405,TRUE,0.661774168453756,1.00098611780213,-0.322220695818972,FALSE,0.435041875964556,1.00106473007164,-0.0997169550123809,TRUE,0.625219041375212,1.00098604326511,-0.41397695314502,FALSE,0.613071937920518,1.0010070016735
768,"rand=1-1_rate=2_ROB=LH_Bias=Rct20_NRE20-35","1-1",2,"LH","Rct20_NRE20-35",0.182321556793955,0.182321556793955,0.182321556793955,0.182321556793955,0.182321556793955,0.300104592450338,0.215947043540544,0.215947043540544,-0.253411932039,FALSE,0.535862099768021,1.0010587369282,-0.37612172815283,FALSE,0.349926355401133,1.0009978205235,-0.16102327262375,TRUE,0.643785481542932,1.00103765092525,-0.437727717660402,FALSE,0.451475945432843,1.001090968785
769,"rand=1-1_rate=2_ROB=LH_Bias=Rct20_NRE20-35","1-1",2,"LH","Rct20_NRE20-35",0.182321556793955,0.182321556793955,0.182321556793955,0.182321556793955,0.182321556793955,0.300104592450338,0.216157595474719,0.216157595474719,-0.530615785502161,FALSE,0.787139039011843,1.00105015038002,-0.263757542003043,FALSE,0.474414889722943,1.00100116819075,-0.255068197047122,TRUE,0.891518114764123,1.0009915161935,-0.270521693190527,TRUE,0.642129471706758,1.00099267232851
770,"rand=1-1_rate=2_ROB=LH_Bias=Rct20_NRE20-35","1-1",2,"LH","Rct20_NRE20-35",0.182321556793955,0.182321556793955,0.182321556793955,0.182321556793955,0.182321556793955,0.300104592450338,0.21563527889652,0.21563527889652,-0.291503216687125,FALSE,0.637950721489501,1.00099691876084,-0.320067789323883,FALSE,0.383925822628958,1.00098864769242,-0.312333977154294,TRUE,0.936719001091948,1.00098969642083,-0.324067588912016,FALSE,0.45779859161429,1.00099493159466
771,"rand=1-1_rate=2_ROB=LH_Bias=Rct20_NRE20-35","1-1",2,"LH","Rct20_NRE20-35",0.182321556793955,0.182321556793955,0.182321556793955,0.182321556793955,0.182321556793955,0.300104592450338,0.225985073535159,0.225985073535159,-0.289128425939335,TRUE,0.69431392865846,1.00099577537323,-0.361376558870848,FALSE,0.468849243037059,1.00099177636313,-0.434459771726961,TRUE,1.01390359225588,1.00106452409263,-0.334802613805484,FALSE,0.590951245627307,1.00099628968667
772,"rand=1-1_rate=2_ROB=LH_Bias=Rct20_NRE20-35","1-1",2,"LH","Rct20_NRE20-35",0.182321556793955,0.182321556793955,0.182321556793955,0.182321556793955,0.182321556793955,0.300104592450338,0.210344204038059,0.210344204038059,-0.693210140590516,FALSE,0.882565548285955,1.00105478888616,-0.636069877294335,FALSE,0.539563587538691,1.00098599086779,-1.00446925178577,FALSE,1.16484447640438,1.00130929981163,-0.510082122749266,FALSE,0.639466563475488,1.00098986314724
773,"rand=1-1_rate=2_ROB=LH_Bias=Rct20_NRE20-35","1-1",2,"LH","Rct20_NRE20-35",0.182321556793955,0.182321556793955,0.182321556793955,0.182321556793955,0.182321556793955,0.300104592450338,0.221320455582545,0.221320455582545,-0.324164952894172,FALSE,0.661839784028904,1.00104864546003,-0.254645840961775,FALSE,0.384510964461202,1.00098606354508,-0.120731142111902,TRUE,0.732410508970442,1.00126987521533,-0.302780783328108,FALSE,0.500980207989224,1.00099247703505
774,"rand=1-1_rate=2_ROB=LH_Bias=Rct20_NRE20-35","1-1",2,"LH","Rct20_NRE20-35",0.182321556793955,0.182321556793955,0.182321556793955,0.182321556793955,0.182321556793955,0.300104592450338,0.209246266956495,0.209246266956495,-0.208339165652681,TRUE,0.745863727594214,1.00098900098378,-0.247710293721491,FALSE,0.55162671680766,1.00098670580216,-0.240996051114486,TRUE,0.831771306609915,1.00098698791534,-0.249529022545282,TRUE,0.837304540457923,1.00098670001401
775,"rand=1-1_rate=2_ROB=LH_Bias=Rct20_NRE20-35","1-1",2,"LH","Rct20_NRE20-35",0.182321556793955,0.182321556793955,0.182321556793955,0.182321556793955,0.182321556793955,0.300104592450338,0.227425321502268,0.227425321502268,-0.241886407426884,TRUE,0.730553354849305,1.00100810165809,-0.373150289915162,FALSE,0.535553828408335,1.00101418784495,-0.41988696906681,TRUE,1.09765030964033,1.00101869467786,-0.353932632378712,FALSE,0.701904538875472,1.00098623940515
776,"rand=1-1_rate=2_ROB=LH_Bias=Rct20_NRE20-35","1-1",2,"LH","Rct20_NRE20-35",0.182321556793955,0.182321556793955,0.182321556793955,0.182321556793955,0.182321556793955,0.300104592450338,0.21781454482214,0.21781454482214,-0.217786155428669,TRUE,0.607666428971041,1.00114068315623,-0.322834937314802,FALSE,0.442611705423548,1.001063216133,-0.382957021133923,FALSE,0.802111354587117,1.00162708647949,-0.303628464207914,FALSE,0.608817669953452,1.00098670312856
777,"rand=1-1_rate=2_ROB=LH_Bias=Rct20_NRE20-35","1-1",2,"LH","Rct20_NRE20-35",0.182321556793955,0.182321556793955,0.182321556793955,0.182321556793955,0.182321556793955,0.300104592450338,0.20951790934171,0.20951790934171,-0.161511341949156,TRUE,0.624240051061433,1.00109870411096,-0.204609902370406,FALSE,0.424988737657773,1.00100155295399,-0.113363150286713,TRUE,0.669746972125889,1.0010330113984,-0.244249904332705,TRUE,0.61242859615682,1.000988728075
778,"rand=1-1_rate=2_ROB=LH_Bias=Rct20_NRE20-35","1-1",2,"LH","Rct20_NRE20-35",0.182321556793955,0.182321556793955,0.182321556793955,0.182321556793955,0.182321556793955,0.300104592450338,0.199225232698337,0.199225232698337,-0.16937491253044,TRUE,0.503569907953014,1.00109152836073,-0.235781927599534,FALSE,0.288976338548605,1.00105843290557,-0.161862913917598,TRUE,0.622643542395148,1.00114195066623,-0.256394475104131,FALSE,0.37349829226367,1.00098670347406
779,"rand=1-1_rate=2_ROB=LH_Bias=Rct20_NRE20-35","1-1",2,"LH","Rct20_NRE20-35",0.182321556793955,0.182321556793955,0.182321556793955,0.182321556793955,0.182321556793955,0.300104592450338,0.204003763986355,0.204003763986355,-0.140605049378006,TRUE,0.535663226619598,1.00133394401701,-0.333963770946998,FALSE,0.378388112700187,1.00099927461356,-0.316082092489515,TRUE,0.824920465159871,1.00100946199306,-0.338932617529047,FALSE,0.475547281812795,1.00100494986088
780,"rand=1-1_rate=2_ROB=LH_Bias=Rct20_NRE20-35","1-1",2,"LH","Rct20_NRE20-35",0.182321556793955,0.182321556793955,0.182321556793955,0.182321556793955,0.182321556793955,0.300104592450338,0.20956569714542,0.20956569714542,-0.353046062193133,FALSE,0.680469923571904,1.00132003066023,-0.389503300858765,FALSE,0.411303183122796,1.00098601910982,-0.0964535648894425,TRUE,0.61185035380154,1.00099594778645,-0.500121257366428,FALSE,0.541273694844419,1.00098652394027
781,"rand=1-1_rate=2_ROB=LH_Bias=Rct20_NRE20-35","1-1",2,"LH","Rct20_NRE20-35",0.182321556793955,0.182321556793955,0.182321556793955,0.182321556793955,0.182321556793955,0.300104592450338,0.21507316353166,0.21507316353166,-0.445933633170098,FALSE,0.683751856173453,1.00102959159157,-0.54962792802493,FALSE,0.43038649049523,1.00106601763161,-0.346604632962703,FALSE,0.755156948459152,1.00132801510871,-0.610557481497649,FALSE,0.580146004070115,1.00099182139296
782,"rand=1-1_rate=2_ROB=LH_Bias=Rct20_NRE20-35","1-1",2,"LH","Rct20_NRE20-35",0.182321556793955,0.182321556793955,0.182321556793955,0.182321556793955,0.182321556793955,0.300104592450338,0.216965039212524,0.216965039212524,-0.125394392558015,TRUE,0.518596598330575,1.00099780387715,-0.112749001562724,TRUE,0.283510499158613,1.00099986036504,-0.104620300019419,TRUE,0.623775657835059,1.0010277754967,-0.113621359375338,TRUE,0.367772699317028,1.00100899894102
783,"rand=1-1_rate=2_ROB=LH_Bias=Rct20_NRE20-35","1-1",2,"LH","Rct20_NRE20-35",0.182321556793955,0.182321556793955,0.182321556793955,0.182321556793955,0.182321556793955,0.300104592450338,0.22413953168321,0.22413953168321,-0.0836911847222275,TRUE,0.66149560959142,1.00099926164214,-0.249731319099597,FALSE,0.514556443951544,1.00098628721458,0.042794388184911,TRUE,0.690700963942797,1.00155423529607,-0.408387726973977,FALSE,0.72314259195847,1.00098926044537
784,"rand=1-1_rate=2_ROB=LH_Bias=Rct20_NRE20-35","1-1",2,"LH","Rct20_NRE20-35",0.182321556793955,0.182321556793955,0.182321556793955,0.182321556793955,0.182321556793955,0.300104592450338,0.242604394175938,0.242604394175938,-0.36639290153281,FALSE,0.655485879025118,1.00099004037593,-0.300400429452499,FALSE,0.367499933366128,1.00098786257353,-0.123662702287291,TRUE,0.649853639521438,1.00120596740993,-0.358774732697923,FALSE,0.481894381971159,1.00099240951316
785,"rand=1-1_rate=2_ROB=LH_Bias=Rct20_NRE20-35","1-1",2,"LH","Rct20_NRE20-35",0.182321556793955,0.182321556793955,0.182321556793955,0.182321556793955,0.182321556793955,0.300104592450338,0.203245424195339,0.203245424195339,-0.317207558088425,FALSE,0.643154037018693,1.00102016122139,-0.408156361265676,FALSE,0.450491346445267,1.00098662523043,-0.431825959423067,FALSE,0.762194001968344,1.0012237322098,-0.400499232271202,FALSE,0.659107472039748,1.00099192248866
786,"rand=1-1_rate=2_ROB=LH_Bias=Rct20_NRE20-35","1-1",2,"LH","Rct20_NRE20-35",0.182321556793955,0.182321556793955,0.182321556793955,0.182321556793955,0.182321556793955,0.300104592450338,0.203905997408803,0.203905997408803,-0.167666086714707,TRUE,0.599484592878457,1.00108937322512,-0.217042665137897,FALSE,0.393842801112773,1.0010037804552,-0.161231204827147,TRUE,0.670463147433771,1.00112812632804,-0.24210405661265,TRUE,0.567964134243156,1.00098926349681
787,"rand=1-1_rate=2_ROB=LH_Bias=Rct20_NRE20-35","1-1",2,"LH","Rct20_NRE20-35",0.182321556793955,0.182321556793955,0.182321556793955,0.182321556793955,0.182321556793955,0.300104592450338,0.225626904979135,0.225626904979135,-0.343309783668745,FALSE,0.691534786045041,1.00137988234793,-0.5136576141612,FALSE,0.47295753808439,1.00099586152683,-0.274344827463699,TRUE,0.718740590922394,1.00117271162744,-0.607077082413023,FALSE,0.661811127749119,1.00103889171425
788,"rand=1-1_rate=2_ROB=LH_Bias=Rct20_NRE20-35","1-1",2,"LH","Rct20_NRE20-35",0.182321556793955,0.182321556793955,0.182321556793955,0.182321556793955,0.182321556793955,0.300104592450338,0.224228922318533,0.224228922318533,-0.0245223367360776,TRUE,0.560437576257773,1.00102554262606,-0.181039097467022,TRUE,0.521654010630204,1.00098714048392,-0.0168519248030683,TRUE,0.537225165237486,1.00144785926441,-0.283895598466556,TRUE,0.935132695073064,1.00099096465922
789,"rand=1-1_rate=2_ROB=LH_Bias=Rct20_NRE20-35","1-1",2,"LH","Rct20_NRE20-35",0.182321556793955,0.182321556793955,0.182321556793955,0.182321556793955,0.182321556793955,0.300104592450338,0.219311653612571,0.219311653612571,-0.159964652198473,TRUE,0.481843026394885,1.0010856283563,-0.175255091177899,FALSE,0.234246681226958,1.00112425941583,-0.337676898347309,FALSE,0.763030482462907,1.00153941318363,-0.148353031049159,FALSE,0.260317865218642,1.00102125573085
790,"rand=1-1_rate=2_ROB=LH_Bias=Rct20_NRE20-35","1-1",2,"LH","Rct20_NRE20-35",0.182321556793955,0.182321556793955,0.182321556793955,0.182321556793955,0.182321556793955,0.300104592450338,0.199261835405695,0.199261835405695,-0.271987340767075,TRUE,0.621872589538316,1.00101407879329,-0.326443968661398,FALSE,0.388003958811294,1.00099798380219,-0.218150939703402,TRUE,0.742033293518831,1.0011283749328,-0.364940703793686,FALSE,0.512330941027326,1.00098601820876
791,"rand=1-1_rate=2_ROB=LH_Bias=Rct20_NRE20-35","1-1",2,"LH","Rct20_NRE20-35",0.182321556793955,0.182321556793955,0.182321556793955,0.182321556793955,0.182321556793955,0.300104592450338,0.233735814147269,0.233735814147269,-0.275742025897954,TRUE,0.709326069911642,1.00124712933502,-0.327944165544439,FALSE,0.469240488336665,1.00110272004167,-0.20144133464811,TRUE,0.793139746286182,1.00114783879969,-0.375334564242173,FALSE,0.650786280091464,1.0009946697931
792,"rand=1-1_rate=2_ROB=LH_Bias=Rct20_NRE20-35","1-1",2,"LH","Rct20_NRE20-35",0.182321556793955,0.182321556793955,0.182321556793955,0.182321556793955,0.182321556793955,0.300104592450338,0.215594538889451,0.215594538889451,-0.122367410384596,TRUE,0.63499484667751,1.00099025137961,-0.225947584037255,FALSE,0.454456111791408,1.0010434856228,-0.101478172588684,TRUE,0.830669541836547,1.0010150073294,-0.287219519863948,FALSE,0.624972183321577,1.00098770863728
793,"rand=1-1_rate=2_ROB=LH_Bias=Rct20_NRE20-35","1-1",2,"LH","Rct20_NRE20-35",0.182321556793955,0.182321556793955,0.182321556793955,0.182321556793955,0.182321556793955,0.300104592450338,0.209261201176469,0.209261201176469,-0.255141068715778,TRUE,0.641915333228465,1.00098736520244,-0.396151272318875,FALSE,0.49903998781199,1.00098770074652,-0.188002451207678,TRUE,0.722483851324938,1.00103889683033,-0.494052803498622,FALSE,0.710612619854324,1.00100725011322
794,"rand=1-1_rate=2_ROB=LH_Bias=Rct20_NRE20-35","1-1",2,"LH","Rct20_NRE20-35",0.182321556793955,0.182321556793955,0.182321556793955,0.182321556793955,0.182321556793955,0.300104592450338,0.179397191148902,0.179397191148902,-0.154335074578461,TRUE,0.606725994345248,1.00099447302191,-0.270880704165246,FALSE,0.424348255318146,1.0009960066595,-0.170370660823352,TRUE,0.983705245087629,1.0011242809834,-0.316751673972077,FALSE,0.515607092702312,1.00099994950028
795,"rand=1-1_rate=2_ROB=LH_Bias=Rct20_NRE20-35","1-1",2,"LH","Rct20_NRE20-35",0.182321556793955,0.182321556793955,0.182321556793955,0.182321556793955,0.182321556793955,0.300104592450338,0.217927777529773,0.217927777529773,-0.0630440267330581,TRUE,0.532479961989934,1.00101976854099,-0.207727639008655,FALSE,0.364283658292959,1.00100353861349,-0.136708760370462,TRUE,0.642294764035507,1.00110551035888,-0.23049628708769,FALSE,0.513582528406669,1.00098662455686
796,"rand=1-1_rate=2_ROB=LH_Bias=Rct20_NRE20-35","1-1",2,"LH","Rct20_NRE20-35",0.182321556793955,0.182321556793955,0.182321556793955,0.182321556793955,0.182321556793955,0.300104592450338,0.186670413788271,0.186670413788271,-0.000685930578688376,TRUE,0.594545918464769,1.00106843761839,0.0116060457714319,TRUE,0.384831812058373,1.00100189699038,0.0238215587961395,TRUE,0.694724893354334,1.00111599978065,0.00551453506102184,TRUE,0.527631521998815,1.00099671106264
797,"rand=1-1_rate=2_ROB=LH_Bias=Rct20_NRE20-35","1-1",2,"LH","Rct20_NRE20-35",0.182321556793955,0.182321556793955,0.182321556793955,0.182321556793955,0.182321556793955,0.300104592450338,0.21250211908011,0.21250211908011,-0.261256721315936,TRUE,0.715409480963732,1.00099299558081,-0.370235792632608,FALSE,0.541986847269704,1.00098629198205,-0.172299530903994,TRUE,0.660924442986027,1.00168249666245,-0.475963568615986,FALSE,0.866841074266662,1.00100152564946
798,"rand=1-1_rate=2_ROB=LH_Bias=Rct20_NRE20-35","1-1",2,"LH","Rct20_NRE20-35",0.182321556793955,0.182321556793955,0.182321556793955,0.182321556793955,0.182321556793955,0.300104592450338,0.221667651494567,0.221667651494567,-0.207147280335646,TRUE,0.582526410567044,1.00112408448131,-0.348398026159313,FALSE,0.438699718713664,1.00104065448954,-0.157889976450028,TRUE,0.629232660453733,1.00131862788054,-0.428665496852629,FALSE,0.650362027767738,1.00098646551238
799,"rand=1-1_rate=2_ROB=LH_Bias=Rct20_NRE20-35","1-1",2,"LH","Rct20_NRE20-35",0.182321556793955,0.182321556793955,0.182321556793955,0.182321556793955,0.182321556793955,0.300104592450338,0.211595582275645,0.211595582275645,-0.361958033974066,FALSE,0.717524416363346,1.00103961354217,-0.41560391916837,FALSE,0.49281057780707,1.00098605936125,-0.338947176119039,FALSE,0.718446131949328,1.00134701793577,-0.45090233057737,FALSE,0.740187369487278,1.00101671603238
800,"rand=1-1_rate=2_ROB=LH_Bias=Rct20_NRE20-35","1-1",2,"LH","Rct20_NRE20-35",0.182321556793955,0.182321556793955,0.182321556793955,0.182321556793955,0.182321556793955,0.300104592450338,0.219269232846731,0.219269232846731,-0.0972910567806229,TRUE,0.56458473175553,1.00098864326875,-0.154296695527083,TRUE,0.368987104592123,1.00103115754757,-0.000391769087137339,TRUE,0.543689969593161,1.00300672646372,-0.215418548111342,TRUE,0.543782659184109,1.00099318675672
801,"rand=1-1_rate=2_ROB=LH_Bias=Rct20_NRE20-35","1-1",2,"LH","Rct20_NRE20-35",0.182321556793955,0.182321556793955,0.182321556793955,0.182321556793955,0.182321556793955,0.300104592450338,0.217609819597848,0.217609819597848,-0.276745309847886,TRUE,0.625269740021714,1.00098707784756,-0.268030548744158,FALSE,0.366195766594572,1.00110448224122,-0.451203352262817,FALSE,0.877378671339829,1.00098686183558,-0.213382752905473,FALSE,0.444908939723351,1.00103105650207
802,"rand=1-1_rate=2_ROB=LH_Bias=Rct20_NRE20-35","1-1",2,"LH","Rct20_NRE20-35",0.182321556793955,0.182321556793955,0.182321556793955,0.182321556793955,0.182321556793955,0.300104592450338,0.194379942364088,0.194379942364088,-0.154206165681625,TRUE,0.662607256141984,1.00098600181628,-0.197689314935927,TRUE,0.471407013650918,1.00100537360144,-0.129259367168708,TRUE,0.699047542882705,1.0010267159077,-0.223290426939159,TRUE,0.713802543968615,1.00101585500453
803,"rand=1-1_rate=2_ROB=LH_Bias=Rct20_NRE20-35","1-1",2,"LH","Rct20_NRE20-35",0.182321556793955,0.182321556793955,0.182321556793955,0.182321556793955,0.182321556793955,0.300104592450338,0.203890743579186,0.203890743579186,-0.0728144180467598,TRUE,0.577889806083326,1.00100838470046,-0.261439555927178,FALSE,0.437446829099325,1.00109281968212,-0.0544520890797056,TRUE,0.680779820348084,1.00102967409478,-0.355732531998639,FALSE,0.610134077069561,1.00101151844088
804,"rand=1-1_rate=2_ROB=LH_Bias=Rct20_NRE20-35","1-1",2,"LH","Rct20_NRE20-35",0.182321556793955,0.182321556793955,0.182321556793955,0.182321556793955,0.182321556793955,0.300104592450338,0.229222093087938,0.229222093087938,-0.168283492622578,TRUE,0.611959071303174,1.00098633411113,-0.130293336567445,TRUE,0.377848594843772,1.00100730549539,-0.235309271933769,TRUE,0.769790930793163,1.00101027874226,-0.0924595918761939,TRUE,0.48055230772173,1.00099102525699
805,"rand=1-1_rate=2_ROB=LH_Bias=Rct20_NRE20-35","1-1",2,"LH","Rct20_NRE20-35",0.182321556793955,0.182321556793955,0.182321556793955,0.182321556793955,0.182321556793955,0.300104592450338,0.225796899594613,0.225796899594613,-0.211307987603802,TRUE,0.607503775189778,1.00105153667666,-0.369673401332208,FALSE,0.436989611072469,1.00102155324949,-0.142066623151063,TRUE,0.615643431839206,1.00098748875171,-0.456660796918705,FALSE,0.632613180852835,1.00098626133405
806,"rand=1-1_rate=2_ROB=LH_Bias=Rct20_NRE20-35","1-1",2,"LH","Rct20_NRE20-35",0.182321556793955,0.182321556793955,0.182321556793955,0.182321556793955,0.182321556793955,0.300104592450338,0.202280163779771,0.202280163779771,-0.144410866223533,TRUE,0.615063161028553,1.00098603715572,-0.28082524467967,FALSE,0.420620956627351,1.00107768377456,-0.185322859770132,TRUE,0.756812879113668,1.00099514462167,-0.314837367177683,FALSE,0.571123846793059,1.00098704559836
807,"rand=1-1_rate=2_ROB=LH_Bias=Rct20_NRE20-35","1-1",2,"LH","Rct20_NRE20-35",0.182321556793955,0.182321556793955,0.182321556793955,0.182321556793955,0.182321556793955,0.300104592450338,0.213547929453523,0.213547929453523,-0.168221858834742,TRUE,0.608590249547668,1.00103516141432,-0.219548635452032,FALSE,0.422628364123043,1.0010850055101,-0.0645600716314123,TRUE,0.700365750533185,1.0009927148651,-0.291235184150911,FALSE,0.577513064811689,1.00102515382383
808,"rand=1-1_rate=2_ROB=LH_Bias=Rct20_NRE20-35","1-1",2,"LH","Rct20_NRE20-35",0.182321556793955,0.182321556793955,0.182321556793955,0.182321556793955,0.182321556793955,0.300104592450338,0.236371860743254,0.236371860743254,-0.446013922601864,FALSE,0.922425031832844,1.00107820195851,-0.497958802081572,FALSE,0.633701864618447,1.00098779813982,-0.401863662645671,TRUE,1.17938867336022,1.00098851789421,-0.54495369696367,FALSE,0.867924497954121,1.00098686080464
809,"rand=1-1_rate=2_ROB=LH_Bias=Rct20_NRE20-35","1-1",2,"LH","Rct20_NRE20-35",0.182321556793955,0.182321556793955,0.182321556793955,0.182321556793955,0.182321556793955,0.300104592450338,0.208599390767265,0.208599390767265,-0.385612209712515,FALSE,0.729868380202412,1.00151478644507,-0.355531633193581,FALSE,0.451705180416514,1.0009982017975,-0.289355123936616,TRUE,0.757575717923209,1.00099351532985,-0.379085268765724,FALSE,0.642707330415723,1.00102963540684
810,"rand=1-1_rate=2_ROB=LH_Bias=Rct20_NRE20-35","1-1",2,"LH","Rct20_NRE20-35",0.182321556793955,0.182321556793955,0.182321556793955,0.182321556793955,0.182321556793955,0.300104592450338,0.203793841606697,0.203793841606697,-0.199885062144401,TRUE,0.720045577438398,1.00103664649938,-0.243471534622114,FALSE,0.485042981857941,1.0009953115505,-0.207867384028758,TRUE,1.0035358374865,1.00106597515215,-0.259871929720776,TRUE,0.628398450964144,1.00100081037179
811,"rand=1-1_rate=2_ROB=LH_Bias=Rct20_NRE20-35","1-1",2,"LH","Rct20_NRE20-35",0.182321556793955,0.182321556793955,0.182321556793955,0.182321556793955,0.182321556793955,0.300104592450338,0.203287253521227,0.203287253521227,-0.297021141763163,TRUE,0.810571351443356,1.00111812979441,-0.336671566353893,FALSE,0.565880043794747,1.00098605983448,-0.102930026620434,TRUE,0.676133466073468,1.00125393861536,-0.471378731665785,FALSE,0.90742633364247,1.00098868149643
812,"rand=1-1_rate=2_ROB=LH_Bias=Rct20_NRE20-35","1-1",2,"LH","Rct20_NRE20-35",0.182321556793955,0.182321556793955,0.182321556793955,0.182321556793955,0.182321556793955,0.300104592450338,0.199854859235863,0.199854859235863,-0.187160523645979,TRUE,0.81251141074308,1.00098857412028,-0.172791490363903,TRUE,0.535500604358377,1.00098606539957,-0.367083750954912,TRUE,1.20626979075233,1.00102641209733,-0.0832139066227504,TRUE,0.643006846666652,1.00099548752931
813,"rand=1-1_rate=2_ROB=LH_Bias=Rct20_NRE20-35","1-1",2,"LH","Rct20_NRE20-35",0.182321556793955,0.182321556793955,0.182321556793955,0.182321556793955,0.182321556793955,0.300104592450338,0.211889147415623,0.211889147415623,-0.198778691518816,TRUE,0.71542519991667,1.00098619560801,-0.182542701229079,TRUE,0.461086959144709,1.00100687068,-0.262095643153464,TRUE,0.714875744301066,1.00098743295917,-0.146652776759522,TRUE,0.682256908668158,1.00102729129763
814,"rand=1-1_rate=2_ROB=LH_Bias=Rct20_NRE20-35","1-1",2,"LH","Rct20_NRE20-35",0.182321556793955,0.182321556793955,0.182321556793955,0.182321556793955,0.182321556793955,0.300104592450338,0.224825742028078,0.224825742028078,-0.284737864596126,FALSE,0.60105821984922,1.00100383411235,-0.296947009212141,FALSE,0.355916073930438,1.00100182307837,-0.247286094075551,TRUE,0.720538595108227,1.00114636564128,-0.313474075483105,FALSE,0.465519869738839,1.00103931277282
815,"rand=1-1_rate=2_ROB=LH_Bias=Rct20_NRE20-35","1-1",2,"LH","Rct20_NRE20-35",0.182321556793955,0.182321556793955,0.182321556793955,0.182321556793955,0.182321556793955,0.300104592450338,0.208247337064896,0.208247337064896,-0.211838890538447,TRUE,0.663769773016012,1.00101417799182,-0.292403752939946,FALSE,0.453048256395858,1.00098793158213,-0.282547360331371,TRUE,0.860283039006236,1.00107677456156,-0.296529320593694,FALSE,0.609625354057599,1.00099244695059
816,"rand=1-1_rate=2_ROB=LH_Bias=Rct20_NRE20-35","1-1",2,"LH","Rct20_NRE20-35",0.182321556793955,0.182321556793955,0.182321556793955,0.182321556793955,0.182321556793955,0.300104592450338,0.208650867023493,0.208650867023493,-0.208320552985204,TRUE,0.673743274099246,1.0010203469177,-0.361875327467861,FALSE,0.490178821922436,1.0010970723097,-0.103666418342283,TRUE,0.652288342455839,1.00102963808859,-0.491678245094361,FALSE,0.723986499027241,1.00106982475162
817,"rand=1-1_rate=2_ROB=LH_Bias=Rct20_NRE20-35","1-1",2,"LH","Rct20_NRE20-35",0.182321556793955,0.182321556793955,0.182321556793955,0.182321556793955,0.182321556793955,0.300104592450338,0.220603241707932,0.220603241707932,-0.385484648911429,FALSE,0.782672001501146,1.00098759422479,-0.30615223305677,FALSE,0.494155533969731,1.00099528356569,-0.3470151223323,TRUE,0.904188404647947,1.00110442867767,-0.288305553531969,TRUE,0.673865417492262,1.00099505474731
818,"rand=1-1_rate=2_ROB=LH_Bias=Rct20_NRE20-35","1-1",2,"LH","Rct20_NRE20-35",0.182321556793955,0.182321556793955,0.182321556793955,0.182321556793955,0.182321556793955,0.300104592450338,0.210794200052512,0.210794200052512,-0.0310179962583632,TRUE,0.671025710320805,1.00098666892841,-0.171543626838907,TRUE,0.545719187243077,1.00098600354295,-0.0187562093228613,TRUE,0.88766796753894,1.00103575767662,-0.262086400676982,TRUE,0.791967323391553,1.00100117794327
819,"rand=1-1_rate=2_ROB=LH_Bias=Rct20_NRE20-35","1-1",2,"LH","Rct20_NRE20-35",0.182321556793955,0.182321556793955,0.182321556793955,0.182321556793955,0.182321556793955,0.300104592450338,0.202381305328846,0.202381305328846,-0.354475817886036,FALSE,0.721997008490427,1.0009860603722,-0.335125067260227,FALSE,0.441523456329932,1.00098710062946,-0.502113665856936,FALSE,0.832526798744087,1.00120038106399,-0.270106172812682,FALSE,0.58812275619996,1.00098961898175
820,"rand=1-1_rate=2_ROB=LH_Bias=Rct20_NRE20-35","1-1",2,"LH","Rct20_NRE20-35",0.182321556793955,0.182321556793955,0.182321556793955,0.182321556793955,0.182321556793955,0.300104592450338,0.200740265089993,0.200740265089993,-0.140324124629415,TRUE,0.487902631802267,1.00120187031389,-0.172862402533593,FALSE,0.253141219025691,1.00100036036158,-0.0389792089764196,TRUE,0.625312418468715,1.00102979482072,-0.199878907684967,FALSE,0.303237804924682,1.00111330596697
821,"rand=1-1_rate=2_ROB=LH_Bias=Rct20_NRE20-35","1-1",2,"LH","Rct20_NRE20-35",0.182321556793955,0.182321556793955,0.182321556793955,0.182321556793955,0.182321556793955,0.300104592450338,0.208031418613594,0.208031418613594,-0.195553869774046,TRUE,0.657682166981809,1.00098600597639,-0.268497411198723,FALSE,0.458997907943461,1.00099341748465,-0.233971206773947,TRUE,0.812467099488548,1.00104926950257,-0.282430389686776,FALSE,0.639046109814694,1.00101353446034
822,"rand=1-1_rate=2_ROB=LH_Bias=Rct20_NRE20-35","1-1",2,"LH","Rct20_NRE20-35",0.182321556793955,0.182321556793955,0.182321556793955,0.182321556793955,0.182321556793955,0.300104592450338,0.215689155236333,0.215689155236333,-0.20863761428541,TRUE,0.600631797913497,1.00098603504936,-0.343693905448482,FALSE,0.456447261459086,1.00106758351405,-0.383588367261687,FALSE,0.848422555596299,1.00098631782215,-0.334890196216945,FALSE,0.622697812183057,1.00098719445197
823,"rand=1-1_rate=2_ROB=LH_Bias=Rct20_NRE20-35","1-1",2,"LH","Rct20_NRE20-35",0.182321556793955,0.182321556793955,0.182321556793955,0.182321556793955,0.182321556793955,0.300104592450338,0.217616258450035,0.217616258450035,-0.243594803890225,TRUE,0.730130971881299,1.00098599100571,-0.267856836373703,FALSE,0.518966285496913,1.00098684796922,-0.283549881436135,TRUE,0.775376800268436,1.00098671829199,-0.256723468674296,TRUE,0.793023972365989,1.00098782507917
824,"rand=1-1_rate=2_ROB=LH_Bias=Rct20_NRE20-35","1-1",2,"LH","Rct20_NRE20-35",0.182321556793955,0.182321556793955,0.182321556793955,0.182321556793955,0.182321556793955,0.300104592450338,0.200335320104053,0.200335320104053,-0.148144701143978,TRUE,0.683569014200348,1.00117346966546,-0.15228157370112,TRUE,0.452298407853162,1.00104678179675,-0.0467332809057706,TRUE,0.964844047424697,1.00116121726476,-0.198480677202323,TRUE,0.558896698625168,1.00101370138566
825,"rand=1-1_rate=2_ROB=LH_Bias=Rct20_NRE20-35","1-1",2,"LH","Rct20_NRE20-35",0.182321556793955,0.182321556793955,0.182321556793955,0.182321556793955,0.182321556793955,0.300104592450338,0.211007960643283,0.211007960643283,-0.195547209334265,TRUE,0.633274228395607,1.00099370289713,-0.204859719799823,FALSE,0.385948913423357,1.00098880622772,-0.109505939774837,TRUE,0.69176716992484,1.00109257158698,-0.242497454836479,FALSE,0.529813965551063,1.00098669034745
826,"rand=1-1_rate=2_ROB=LH_Bias=Rct20_NRE20-35","1-1",2,"LH","Rct20_NRE20-35",0.182321556793955,0.182321556793955,0.182321556793955,0.182321556793955,0.182321556793955,0.300104592450338,0.209491114653771,0.209491114653771,-0.23768510056281,TRUE,0.636953098953616,1.00135009541071,-0.353721943997838,FALSE,0.431278098332908,1.00106683085476,0.0153910439185518,TRUE,0.536733684725626,1.00139922726754,-0.512875650091172,FALSE,0.570974169121256,1.00103488175805
827,"rand=1-1_rate=2_ROB=LH_Bias=Rct20_NRE20-35","1-1",2,"LH","Rct20_NRE20-35",0.182321556793955,0.182321556793955,0.182321556793955,0.182321556793955,0.182321556793955,0.300104592450338,0.188756975590561,0.188756975590561,-0.311325756144471,FALSE,0.681602304501251,1.00102311451392,-0.244867539702427,FALSE,0.408509056856234,1.0010498694626,-0.44119535271321,TRUE,1.13800221831178,1.00098681985076,-0.182045126411874,TRUE,0.447124494179966,1.00098634148235
828,"rand=1-1_rate=2_ROB=LH_Bias=Rct20_NRE20-35","1-1",2,"LH","Rct20_NRE20-35",0.182321556793955,0.182321556793955,0.182321556793955,0.182321556793955,0.182321556793955,0.300104592450338,0.222393950422581,0.222393950422581,-0.247704634088019,TRUE,0.826654264896209,1.00099101621375,-0.32420020140633,FALSE,0.559198598426981,1.00102587029786,0.0324164374091619,TRUE,0.657137801710287,1.00103146718363,-0.558382626679591,FALSE,0.812509498054903,1.00098607730992
829,"rand=1-1_rate=2_ROB=LH_Bias=Rct20_NRE20-35","1-1",2,"LH","Rct20_NRE20-35",0.182321556793955,0.182321556793955,0.182321556793955,0.182321556793955,0.182321556793955,0.300104592450338,0.21934505105903,0.21934505105903,-0.276289267354939,TRUE,0.678604976622326,1.0010205790056,-0.160110299424102,TRUE,0.406434432412362,1.00100001372842,-0.151147481670656,TRUE,0.729018810971465,1.00104585087408,-0.164356700427523,TRUE,0.557648301192859,1.00106624503032
830,"rand=1-1_rate=2_ROB=LH_Bias=Rct20_NRE20-35","1-1",2,"LH","Rct20_NRE20-35",0.182321556793955,0.182321556793955,0.182321556793955,0.182321556793955,0.182321556793955,0.300104592450338,0.200781938624705,0.200781938624705,-0.679290443487872,FALSE,0.966006795606647,1.0009861486961,-0.585343915812749,FALSE,0.589306331499074,1.0010257454417,-0.466404624697794,FALSE,1.19287245287539,1.00098615829775,-0.643583101185079,FALSE,0.767377792935621,1.00103599573239
831,"rand=1-1_rate=2_ROB=LH_Bias=Rct20_NRE20-35","1-1",2,"LH","Rct20_NRE20-35",0.182321556793955,0.182321556793955,0.182321556793955,0.182321556793955,0.182321556793955,0.300104592450338,0.220302070373517,0.220302070373517,-0.234470091131693,TRUE,0.64695925936991,1.00102406126078,-0.332374937016476,FALSE,0.447791503683258,1.00118131625597,-0.391361636431606,TRUE,0.987639878154227,1.00098598997455,-0.310952718105097,FALSE,0.558297724995277,1.00098624455389
832,"rand=1-1_rate=2_ROB=LH_Bias=Rct20_NRE20-35","1-1",2,"LH","Rct20_NRE20-35",0.182321556793955,0.182321556793955,0.182321556793955,0.182321556793955,0.182321556793955,0.300104592450338,0.214410468762847,0.214410468762847,-0.132114197605446,TRUE,0.604841326857652,1.00120359163597,-0.251958244723541,FALSE,0.433535168386703,1.00098695981635,-0.122554002618458,TRUE,0.665955405539592,1.00102911446492,-0.311656685470623,FALSE,0.621810158427011,1.00098748124974
833,"rand=1-1_rate=2_ROB=LH_Bias=Rct20_NRE20-35","1-1",2,"LH","Rct20_NRE20-35",0.182321556793955,0.182321556793955,0.182321556793955,0.182321556793955,0.182321556793955,0.300104592450338,0.210245704200604,0.210245704200604,-0.705380232900774,FALSE,0.903504664066898,1.00113857479889,-0.454855373591161,FALSE,0.476439312946044,1.00101621881616,-0.712759941637467,FALSE,1.02446135269183,1.00113865481696,-0.374067916644675,FALSE,0.579450356341379,1.0010163446635
834,"rand=1-1_rate=2_ROB=LH_Bias=Rct20_NRE20-35","1-1",2,"LH","Rct20_NRE20-35",0.182321556793955,0.182321556793955,0.182321556793955,0.182321556793955,0.182321556793955,0.300104592450338,0.212435829121965,0.212435829121965,-0.503486910562537,FALSE,0.740474452260961,1.00104770342137,-0.274236873403028,FALSE,0.436431912142941,1.00098676189927,-0.319231676300004,TRUE,0.901924914249271,1.00098785062697,-0.257502917342974,FALSE,0.558821362148684,1.00099052994362
835,"rand=1-1_rate=2_ROB=LH_Bias=Rct20_NRE20-35","1-1",2,"LH","Rct20_NRE20-35",0.182321556793955,0.182321556793955,0.182321556793955,0.182321556793955,0.182321556793955,0.300104592450338,0.195819711085066,0.195819711085066,-0.253573687813544,TRUE,0.639532104419894,1.00110749367678,-0.171202600863007,FALSE,0.366078878760208,1.00102345160006,-0.175721167057501,TRUE,0.76372824370719,1.00105997368409,-0.170931421669914,TRUE,0.468716524866691,1.00103304018604
836,"rand=1-1_rate=2_ROB=LH_Bias=Rct20_NRE20-35","1-1",2,"LH","Rct20_NRE20-35",0.182321556793955,0.182321556793955,0.182321556793955,0.182321556793955,0.182321556793955,0.300104592450338,0.199533566688914,0.199533566688914,-0.20572328428252,TRUE,0.672138229807901,1.00099717002245,-0.217328829278786,FALSE,0.422276013433802,1.00099911641338,-0.161665395994854,TRUE,0.889234154042491,1.00099781778167,-0.240627586304802,FALSE,0.539099994663234,1.000989807333
837,"rand=1-1_rate=2_ROB=LH_Bias=Rct20_NRE20-35","1-1",2,"LH","Rct20_NRE20-35",0.182321556793955,0.182321556793955,0.182321556793955,0.182321556793955,0.182321556793955,0.300104592450338,0.212139649254522,0.212139649254522,-0.154042505537813,TRUE,0.685918000149622,1.0010447635635,-0.266596891869407,FALSE,0.490410842050717,1.00098599001489,-0.10268787686483,TRUE,0.806872681301872,1.00107852301087,-0.34728668287781,FALSE,0.686175940004879,1.00099341879799
838,"rand=1-1_rate=2_ROB=LH_Bias=Rct20_NRE20-35","1-1",2,"LH","Rct20_NRE20-35",0.182321556793955,0.182321556793955,0.182321556793955,0.182321556793955,0.182321556793955,0.300104592450338,0.204253023915712,0.204253023915712,-0.223023723529851,TRUE,0.511905249430474,1.00104697472794,-0.158611368434512,FALSE,0.273398099735055,1.0010189765003,-0.0304335049383848,TRUE,0.633866554307989,1.0010867538484,-0.188916185534691,FALSE,0.330758818634048,1.00098637572413
839,"rand=1-1_rate=2_ROB=LH_Bias=Rct20_NRE20-35","1-1",2,"LH","Rct20_NRE20-35",0.182321556793955,0.182321556793955,0.182321556793955,0.182321556793955,0.182321556793955,0.300104592450338,0.211146365050174,0.211146365050174,-0.131343816503481,TRUE,0.688574962907872,1.00098609671487,-0.328066064044397,FALSE,0.579632275611794,1.00103025043087,-0.301687734787614,TRUE,1.39631640588454,1.00100242470829,-0.349936526598849,FALSE,0.691992943739527,1.00102832282139
840,"rand=1-1_rate=2_ROB=LH_Bias=Rct20_NRE20-35","1-1",2,"LH","Rct20_NRE20-35",0.182321556793955,0.182321556793955,0.182321556793955,0.182321556793955,0.182321556793955,0.300104592450338,0.208890517434536,0.208890517434536,-0.219222218327089,TRUE,0.631509446768743,1.00098672380246,-0.256411187740492,FALSE,0.409208891152894,1.00099446536426,-0.22023957732615,TRUE,0.765744398112476,1.00099040103055,-0.274722281258938,FALSE,0.556500271960149,1.00098599039853
841,"rand=1-1_rate=2_ROB=LH_Bias=Rct20_NRE20-35","1-1",2,"LH","Rct20_NRE20-35",0.182321556793955,0.182321556793955,0.182321556793955,0.182321556793955,0.182321556793955,0.300104592450338,0.20822386526619,0.20822386526619,-0.209210377150299,TRUE,0.571500587211403,1.00103820208122,-0.226258947514218,FALSE,0.326570242698717,1.00099395668861,-0.240445804732262,TRUE,0.861979729897774,1.00105070981157,-0.223884597750454,FALSE,0.382572031414085,1.00099075377311
842,"rand=1-1_rate=2_ROB=LH_Bias=Rct20_NRE20-35","1-1",2,"LH","Rct20_NRE20-35",0.182321556793955,0.182321556793955,0.182321556793955,0.182321556793955,0.182321556793955,0.300104592450338,0.217676464892543,0.217676464892543,-0.185421575028543,TRUE,0.625429827773374,1.00099315211407,-0.246315718562887,FALSE,0.396148689603296,1.00103317583982,-0.125526354016884,TRUE,0.765984502789242,1.00099678121086,-0.288833444460437,FALSE,0.516341132550466,1.0009887157563
843,"rand=1-1_rate=2_ROB=LH_Bias=Rct20_NRE20-35","1-1",2,"LH","Rct20_NRE20-35",0.182321556793955,0.182321556793955,0.182321556793955,0.182321556793955,0.182321556793955,0.300104592450338,0.21551915861409,0.21551915861409,-0.254598741719094,TRUE,0.708474291891551,1.00104616535607,-0.215282234654934,FALSE,0.408610653382257,1.00098605487178,-0.323578408419156,TRUE,1.05090623842301,1.00102535528137,-0.173981407597609,TRUE,0.465434580948262,1.00100171608739
844,"rand=1-1_rate=2_ROB=LH_Bias=Rct20_NRE20-35","1-1",2,"LH","Rct20_NRE20-35",0.182321556793955,0.182321556793955,0.182321556793955,0.182321556793955,0.182321556793955,0.300104592450338,0.218763166356516,0.218763166356516,-0.176624209391982,TRUE,0.527487831871824,1.00099395899892,-0.213328712055155,FALSE,0.29436132711536,1.00103564163057,-0.39759860336781,FALSE,0.799736780979008,1.00200756142903,-0.177811153847812,FALSE,0.335450810948472,1.00099071394029
845,"rand=1-1_rate=2_ROB=LH_Bias=Rct20_NRE20-35","1-1",2,"LH","Rct20_NRE20-35",0.182321556793955,0.182321556793955,0.182321556793955,0.182321556793955,0.182321556793955,0.300104592450338,0.205627051874308,0.205627051874308,-0.238530967527481,TRUE,0.644111364944099,1.00098599658533,-0.166323117773091,FALSE,0.360976073308816,1.0009885330457,-0.225083955826074,TRUE,0.700224767221753,1.00108678986446,-0.147143843968769,TRUE,0.484554484769218,1.00099962957331
846,"rand=1-1_rate=2_ROB=LH_Bias=Rct20_NRE20-35","1-1",2,"LH","Rct20_NRE20-35",0.182321556793955,0.182321556793955,0.182321556793955,0.182321556793955,0.182321556793955,0.300104592450338,0.217121316333304,0.217121316333304,-0.158129734090442,TRUE,0.63773076937945,1.00098815012799,-0.108160249977909,TRUE,0.388852261091323,1.00105216728707,-0.323330876972437,TRUE,0.748907736208586,1.00099923680835,-0.0313522501470369,TRUE,0.499428118811018,1.00100923765336
847,"rand=1-1_rate=2_ROB=LH_Bias=Rct20_NRE20-35","1-1",2,"LH","Rct20_NRE20-35",0.182321556793955,0.182321556793955,0.182321556793955,0.182321556793955,0.182321556793955,0.300104592450338,0.224219492766579,0.224219492766579,-0.171302135798908,TRUE,0.553912383896129,1.00108418436372,-0.193679460625408,FALSE,0.325522092280769,1.00106184076886,-0.264731533578012,TRUE,0.723391922947741,1.00122870096825,-0.175870009308711,TRUE,0.419317686070658,1.00100207644539
848,"rand=1-1_rate=2_ROB=LH_Bias=Rct20_NRE20-35","1-1",2,"LH","Rct20_NRE20-35",0.182321556793955,0.182321556793955,0.182321556793955,0.182321556793955,0.182321556793955,0.300104592450338,0.203597792105196,0.203597792105196,-0.290287886554217,FALSE,0.631183585451072,1.00098951347513,-0.28584832672751,FALSE,0.367946916148623,1.00099472193813,-0.46026530322807,TRUE,1.29238264399861,1.00101933481533,-0.248835355589828,FALSE,0.364997577133491,1.0010009681314
849,"rand=1-1_rate=2_ROB=LH_Bias=Rct20_NRE20-35","1-1",2,"LH","Rct20_NRE20-35",0.182321556793955,0.182321556793955,0.182321556793955,0.182321556793955,0.182321556793955,0.300104592450338,0.232159493606636,0.232159493606636,-0.185177259410987,TRUE,0.587558155956349,1.00103000855209,-0.438006204455384,FALSE,0.583988325715855,1.00099672621152,-0.147829253627111,TRUE,0.709636617315513,1.00112792355539,-0.590769526010469,FALSE,0.907328290511856,1.00099057073979
850,"rand=1-1_rate=2_ROB=LH_Bias=Rct20_NRE20-35","1-1",2,"LH","Rct20_NRE20-35",0.182321556793955,0.182321556793955,0.182321556793955,0.182321556793955,0.182321556793955,0.300104592450338,0.20037774222065,0.20037774222065,-0.176149824135856,TRUE,0.550048475814128,1.00100061791479,-0.114415639277586,TRUE,0.286133137955122,1.00098788878267,-0.203902831835773,TRUE,0.645043916975085,1.00098890815964,-0.0928480939775544,TRUE,0.36269722713826,1.00098708310501
851,"rand=1-1_rate=2_ROB=LH_Bias=Rct20_NRE20-35","1-1",2,"LH","Rct20_NRE20-35",0.182321556793955,0.182321556793955,0.182321556793955,0.182321556793955,0.182321556793955,0.300104592450338,0.189148669316929,0.189148669316929,-0.0568070177876681,TRUE,0.51168929855075,1.00099554286238,-0.0811437415318403,TRUE,0.305524362648776,1.0010852443992,-0.0635885889020027,TRUE,0.875896001934006,1.00106965614341,-0.0840784914894832,TRUE,0.325699256672843,1.00099810813506
852,"rand=1-1_rate=2_ROB=LH_Bias=Rct20_NRE20-35","1-1",2,"LH","Rct20_NRE20-35",0.182321556793955,0.182321556793955,0.182321556793955,0.182321556793955,0.182321556793955,0.300104592450338,0.211689852770435,0.211689852770435,-0.383011438456292,FALSE,0.683143780000836,1.00100239484348,-0.311318608241852,FALSE,0.392466017544424,1.00100069366163,-0.325083100625023,TRUE,1.00589477220411,1.00100077587291,-0.306855415042966,FALSE,0.453985181412109,1.00102597676603
853,"rand=1-1_rate=2_ROB=LH_Bias=Rct20_NRE20-35","1-1",2,"LH","Rct20_NRE20-35",0.182321556793955,0.182321556793955,0.182321556793955,0.182321556793955,0.182321556793955,0.300104592450338,0.221222811099952,0.221222811099952,-0.311116967442849,FALSE,0.70256176531028,1.00102699523119,-0.416856792504255,FALSE,0.502797049348024,1.00101986822224,-0.515792859227315,FALSE,0.850607810142706,1.00128657881232,-0.375104515888794,FALSE,0.722245350288193,1.00098829503957
854,"rand=1-1_rate=2_ROB=LH_Bias=Rct20_NRE20-35","1-1",2,"LH","Rct20_NRE20-35",0.182321556793955,0.182321556793955,0.182321556793955,0.182321556793955,0.182321556793955,0.300104592450338,0.21181046680669,0.21181046680669,-0.499121067062924,FALSE,0.78135364559249,1.00100392284186,-0.473616775632749,FALSE,0.484790988631494,1.00108008759765,-0.475844544797478,FALSE,0.914362388396544,1.001212518408,-0.469733365081655,FALSE,0.647769321247845,1.00098662156858
855,"rand=1-1_rate=2_ROB=LH_Bias=Rct20_NRE20-35","1-1",2,"LH","Rct20_NRE20-35",0.182321556793955,0.182321556793955,0.182321556793955,0.182321556793955,0.182321556793955,0.300104592450338,0.221775688348313,0.221775688348313,-0.0359227044846271,TRUE,0.525728631437881,1.00100152260744,-0.230244053859803,FALSE,0.409691648287245,1.00099272419627,-0.10751414176452,TRUE,0.577968161942502,1.00099612689909,-0.276746895403661,TRUE,0.62971811524374,1.00099459456636
856,"rand=1-1_rate=2_ROB=LH_Bias=Rct20_NRE20-35","1-1",2,"LH","Rct20_NRE20-35",0.182321556793955,0.182321556793955,0.182321556793955,0.182321556793955,0.182321556793955,0.300104592450338,0.220877896559813,0.220877896559813,-0.192174012918081,TRUE,0.60533612470045,1.00176911736946,-0.29617822687679,FALSE,0.378292932305579,1.00099112061877,-0.130770290188473,TRUE,0.678284817031176,1.00109251226826,-0.346062791420276,FALSE,0.49694152720826,1.00098936998783
857,"rand=1-1_rate=2_ROB=LH_Bias=Rct20_NRE20-35","1-1",2,"LH","Rct20_NRE20-35",0.182321556793955,0.182321556793955,0.182321556793955,0.182321556793955,0.182321556793955,0.300104592450338,0.191717874490222,0.192930676252451,-0.47532660748917,FALSE,0.672214482468806,1.00101439719594,-0.400365161953571,FALSE,0.366697145420403,1.0010193757304,-0.537129143041336,FALSE,0.953643881354949,1.001279199088,-0.370309988100871,FALSE,0.436657260381073,1.00098599008814
858,"rand=1-1_rate=2_ROB=LH_Bias=Rct20_NRE20-35","1-1",2,"LH","Rct20_NRE20-35",0.182321556793955,0.182321556793955,0.182321556793955,0.182321556793955,0.182321556793955,0.300104592450338,0.22345258051078,0.22345258051078,-0.159087794553306,TRUE,0.62039389972754,1.00098600439837,-0.468845389012027,FALSE,0.576496418301907,1.00100753275386,-0.411759263778923,FALSE,1.07099211012084,1.00112065752334,-0.489026497358857,FALSE,0.80227334692626,1.00098619552794
859,"rand=1-1_rate=2_ROB=LH_Bias=Rct20_NRE20-35","1-1",2,"LH","Rct20_NRE20-35",0.182321556793955,0.182321556793955,0.182321556793955,0.182321556793955,0.182321556793955,0.300104592450338,0.204478926912701,0.204478926912701,-0.118216884543289,TRUE,0.535264059543754,1.0010139014995,-0.261353425324729,FALSE,0.423839618160688,1.00098624861016,-0.335023903362396,TRUE,0.830089219974725,1.00147655651727,-0.240616241267602,TRUE,0.55315416011237,1.00111679426669
860,"rand=1-1_rate=2_ROB=LH_Bias=Rct20_NRE20-35","1-1",2,"LH","Rct20_NRE20-35",0.182321556793955,0.182321556793955,0.182321556793955,0.182321556793955,0.182321556793955,0.300104592450338,0.205956594297936,0.205956594297936,-0.072061186204716,TRUE,0.483871176266953,1.00116794416152,-0.178687234861444,FALSE,0.333183327506958,1.00101329544726,-0.188731392239388,TRUE,0.913683636362988,1.00101973277135,-0.174774392097638,FALSE,0.380952778473927,1.00099072780075
861,"rand=1-1_rate=2_ROB=LH_Bias=Rct20_NRE20-35","1-1",2,"LH","Rct20_NRE20-35",0.182321556793955,0.182321556793955,0.182321556793955,0.182321556793955,0.182321556793955,0.300104592450338,0.20203732671142,0.20203732671142,-0.134400914095988,TRUE,0.545066913194536,1.00136315920266,-0.281766914954967,FALSE,0.424155945602488,1.0009967024626,-0.125830935230906,TRUE,0.812144205896069,1.00106784138561,-0.34233211215401,FALSE,0.544845527069302,1.0010014252536
862,"rand=1-1_rate=2_ROB=LH_Bias=Rct20_NRE20-35","1-1",2,"LH","Rct20_NRE20-35",0.182321556793955,0.182321556793955,0.182321556793955,0.182321556793955,0.182321556793955,0.300104592450338,0.209915752599725,0.209915752599725,-0.238413811897111,TRUE,0.627258822695408,1.00098693046794,-0.191864211054909,FALSE,0.374681172124068,1.00100445550708,0.0259593685254872,TRUE,0.947952783018895,1.00108335172236,-0.26643517463556,FALSE,0.375781009093513,1.0009964806711
863,"rand=1-1_rate=2_ROB=LH_Bias=Rct20_NRE20-35","1-1",2,"LH","Rct20_NRE20-35",0.182321556793955,0.182321556793955,0.182321556793955,0.182321556793955,0.182321556793955,0.300104592450338,0.22993897238962,0.22993897238962,-0.089099114879357,TRUE,0.577493066979773,1.00099526057132,-0.215438955825282,FALSE,0.437102251708109,1.00102665926042,-0.0682478299120484,TRUE,0.75235587771517,1.00099713158655,-0.283422966610998,FALSE,0.600010879411935,1.0009908764142
864,"rand=1-1_rate=2_ROB=LH_Bias=Rct20_NRE20-35","1-1",2,"LH","Rct20_NRE20-35",0.182321556793955,0.182321556793955,0.182321556793955,0.182321556793955,0.182321556793955,0.300104592450338,0.216296672451855,0.216296672451855,-0.193134764758762,TRUE,0.545691093683464,1.00132980333654,-0.234585168974358,FALSE,0.30110919722015,1.00106544713124,-0.173207835745216,TRUE,0.697607654101196,1.00140395019003,-0.24807691209632,FALSE,0.377438478772614,1.00099219677134
865,"rand=1-1_rate=2_ROB=LH_Bias=Rct20_NRE20-35","1-1",2,"LH","Rct20_NRE20-35",0.182321556793955,0.182321556793955,0.182321556793955,0.182321556793955,0.182321556793955,0.300104592450338,0.21823914902241,0.21823914902241,-0.220228839529795,TRUE,0.589649673951075,1.00114964808199,-0.267303889762067,FALSE,0.403107307416332,1.00099945181084,-0.00134332612617927,TRUE,0.722268502582095,1.00105905132712,-0.370388020221614,FALSE,0.492717186697207,1.00098599826093
866,"rand=1-1_rate=2_ROB=LH_Bias=Rct20_NRE20-35","1-1",2,"LH","Rct20_NRE20-35",0.182321556793955,0.182321556793955,0.182321556793955,0.182321556793955,0.182321556793955,0.300104592450338,0.211858014811638,0.211858014811638,-0.146506285276646,TRUE,0.517728214175759,1.00101138858896,-0.181904980313858,FALSE,0.273206586135629,1.00099304961593,-0.17210767691748,TRUE,0.698980434453791,1.00108110542287,-0.182491994191974,FALSE,0.331966162525733,1.00098986966656
867,"rand=1-1_rate=2_ROB=LH_Bias=Rct20_NRE20-35","1-1",2,"LH","Rct20_NRE20-35",0.182321556793955,0.182321556793955,0.182321556793955,0.182321556793955,0.182321556793955,0.300104592450338,0.220446169169534,0.220446169169534,-0.18074650474317,TRUE,0.631097948189824,1.00099945266936,-0.196069213822091,FALSE,0.40465876715492,1.0009865197636,-0.270390931468637,TRUE,0.748222436480152,1.00124018453447,-0.170893776971597,TRUE,0.551377306358786,1.00099686219868
868,"rand=1-1_rate=2_ROB=LH_Bias=Rct20_NRE20-35","1-1",2,"LH","Rct20_NRE20-35",0.182321556793955,0.182321556793955,0.182321556793955,0.182321556793955,0.182321556793955,0.300104592450338,0.221014690482557,0.221014690482557,-0.133680751242051,TRUE,0.558731519921454,1.0010129034532,-0.215214736212153,FALSE,0.373600365716389,1.00099020797169,-0.0777371452231306,TRUE,0.671695342042899,1.00099601114611,-0.258390235100631,FALSE,0.505401264205544,1.00098847633179
869,"rand=1-1_rate=2_ROB=LH_Bias=Rct20_NRE20-35","1-1",2,"LH","Rct20_NRE20-35",0.182321556793955,0.182321556793955,0.182321556793955,0.182321556793955,0.182321556793955,0.300104592450338,0.213246441417323,0.213246441417323,-0.286372615660141,FALSE,0.647033918951261,1.00106768472438,-0.364571549608339,FALSE,0.446121449626499,1.00099988416732,-0.278149320959175,TRUE,0.755449640018682,1.00099876874379,-0.395089557838836,FALSE,0.622610654556222,1.00098603131201
870,"rand=1-1_rate=2_ROB=LH_Bias=Rct20_NRE20-35","1-1",2,"LH","Rct20_NRE20-35",0.182321556793955,0.182321556793955,0.182321556793955,0.182321556793955,0.182321556793955,0.300104592450338,0.209171378419523,0.209171378419523,-0.221851069895453,TRUE,0.553108648962498,1.00104557925657,-0.263455440536076,FALSE,0.321158237520802,1.00098943750262,-0.506499172382555,FALSE,0.914181384203161,1.00104279862919,-0.218280881112105,FALSE,0.352862042455951,1.00100656860169
871,"rand=1-1_rate=2_ROB=LH_Bias=Rct20_NRE20-35","1-1",2,"LH","Rct20_NRE20-35",0.182321556793955,0.182321556793955,0.182321556793955,0.182321556793955,0.182321556793955,0.300104592450338,0.204224177839058,0.204224177839058,-0.456662600159449,FALSE,0.716182043250967,1.00098950104347,-0.313160826727002,FALSE,0.38707229896365,1.00105848157986,-0.414920700882958,FALSE,0.850073785278909,1.00104686702243,-0.28551836130121,FALSE,0.4926620023023,1.00099016633648
872,"rand=1-1_rate=2_ROB=LH_Bias=Rct20_NRE20-35","1-1",2,"LH","Rct20_NRE20-35",0.182321556793955,0.182321556793955,0.182321556793955,0.182321556793955,0.182321556793955,0.300104592450338,0.215785607586289,0.215785607586289,-0.395106675398652,FALSE,0.688217435822565,1.00112857792324,-0.464069824443403,FALSE,0.417154771647016,1.00099191730666,-0.380550216482431,FALSE,0.845984314197165,1.00160012560439,-0.486327432498442,FALSE,0.538410391505221,1.000991504672
873,"rand=1-1_rate=2_ROB=LH_Bias=Rct20_NRE20-35","1-1",2,"LH","Rct20_NRE20-35",0.182321556793955,0.182321556793955,0.182321556793955,0.182321556793955,0.182321556793955,0.300104592450338,0.204076576727303,0.204076576727303,-0.143357429278177,TRUE,0.593290190183097,1.00105006286903,-0.265586187594905,FALSE,0.432370272325486,1.00100725449101,0.160924197323265,TRUE,0.478031522411246,1.00116128148738,-0.469042412541925,FALSE,0.523449759256977,1.00104127463196
874,"rand=1-1_rate=2_ROB=LH_Bias=Rct20_NRE20-35","1-1",2,"LH","Rct20_NRE20-35",0.182321556793955,0.182321556793955,0.182321556793955,0.182321556793955,0.182321556793955,0.300104592450338,0.195856905833492,0.195856905833492,-0.134002010539543,TRUE,0.558278131006163,1.0010322297093,-0.142952718335318,TRUE,0.33149247661217,1.00098607268108,-0.228307618348101,TRUE,0.759034418148211,1.00101700798256,-0.116422391228825,TRUE,0.414713563658238,1.00102960705058
875,"rand=1-1_rate=2_ROB=LH_Bias=Rct20_NRE20-35","1-1",2,"LH","Rct20_NRE20-35",0.182321556793955,0.182321556793955,0.182321556793955,0.182321556793955,0.182321556793955,0.300104592450338,0.218366493296373,0.218366493296373,-0.298886266184985,TRUE,0.71366948571769,1.00099180341485,-0.282940300822377,FALSE,0.446417100436525,1.00098615689355,-0.283559663461348,TRUE,0.904570540678276,1.00102769783191,-0.281965358089812,FALSE,0.582143898866205,1.00099264758939
876,"rand=1-1_rate=2_ROB=LH_Bias=Rct20_NRE20-35","1-1",2,"LH","Rct20_NRE20-35",0.182321556793955,0.182321556793955,0.182321556793955,0.182321556793955,0.182321556793955,0.300104592450338,0.207711821283379,0.207711821283379,-0.0455966813689475,TRUE,0.491152297274082,1.00100871205902,-0.193660585872566,TRUE,0.418927218479184,1.00103058887038,-0.0929411224939882,TRUE,0.61193541973961,1.00186819677035,-0.244640475317444,TRUE,0.637379312935062,1.00099300388679
877,"rand=1-1_rate=2_ROB=LH_Bias=Rct20_NRE20-35","1-1",2,"LH","Rct20_NRE20-35",0.182321556793955,0.182321556793955,0.182321556793955,0.182321556793955,0.182321556793955,0.300104592450338,0.18842182622747,0.18842182622747,-0.169360470556035,TRUE,0.626240958399711,1.0009960162188,-0.368824249373176,FALSE,0.502709812695684,1.00109655242481,-0.153955850171249,TRUE,0.979398142868911,1.00100477692256,-0.486781455590465,FALSE,0.614358882108605,1.00099607981909
878,"rand=1-1_rate=2_ROB=LH_Bias=Rct20_NRE20-35","1-1",2,"LH","Rct20_NRE20-35",0.182321556793955,0.182321556793955,0.182321556793955,0.182321556793955,0.182321556793955,0.300104592450338,0.178153231272396,0.178153231272396,-0.457075955402774,FALSE,0.757713131931613,1.00099047078474,-0.407305858803293,FALSE,0.454346860784686,1.00099955716786,-0.357217587008747,TRUE,0.866633056174961,1.00111155711655,-0.425190617520603,FALSE,0.604561518107339,1.00101989727748
879,"rand=1-1_rate=2_ROB=LH_Bias=Rct20_NRE20-35","1-1",2,"LH","Rct20_NRE20-35",0.182321556793955,0.182321556793955,0.182321556793955,0.182321556793955,0.182321556793955,0.300104592450338,0.215268993109074,0.215268993109074,-0.0857550099937512,TRUE,0.586804998609655,1.00098711847886,-0.207822939718106,FALSE,0.409625730956614,1.00099615993266,-0.0750919292970511,TRUE,0.677544149814897,1.00099643609946,-0.260424793769561,FALSE,0.570773863028715,1.00098705918281
880,"rand=1-1_rate=2_ROB=LH_Bias=Rct20_NRE20-35","1-1",2,"LH","Rct20_NRE20-35",0.182321556793955,0.182321556793955,0.182321556793955,0.182321556793955,0.182321556793955,0.300104592450338,0.215519136338801,0.215519136338801,-0.149485497022402,TRUE,0.605648579449042,1.00121058890028,-0.201325335490179,FALSE,0.401673601635147,1.00099641462924,-0.350623142821372,FALSE,0.755932156594261,1.00100544921322,-0.146803568584969,TRUE,0.5298051608198,1.00098850082963
881,"rand=1-1_rate=2_ROB=LH_Bias=Rct20_NRE20-35","1-1",2,"LH","Rct20_NRE20-35",0.182321556793955,0.182321556793955,0.182321556793955,0.182321556793955,0.182321556793955,0.300104592450338,0.231048297233259,0.231048297233259,-0.127482188069822,TRUE,0.462608697481682,1.00102514440607,-0.179638791496769,FALSE,0.229063081154772,1.00102332904528,-0.0735510898901455,TRUE,0.569799682615688,1.00122757650592,-0.199954888635596,FALSE,0.280058589056433,1.00098962709967
882,"rand=1-1_rate=2_ROB=LH_Bias=Rct20_NRE20-35","1-1",2,"LH","Rct20_NRE20-35",0.182321556793955,0.182321556793955,0.182321556793955,0.182321556793955,0.182321556793955,0.300104592450338,0.199059498668937,0.199059498668937,-0.206915702384532,TRUE,0.686145417287568,1.00099364507486,-0.240068508584869,FALSE,0.463306991281381,1.00100409303475,-0.187020150795304,TRUE,0.724777077991489,1.0013162190267,-0.272758387454425,TRUE,0.692372448678813,1.00100232577791
883,"rand=1-1_rate=2_ROB=LH_Bias=Rct20_NRE20-35","1-1",2,"LH","Rct20_NRE20-35",0.182321556793955,0.182321556793955,0.182321556793955,0.182321556793955,0.182321556793955,0.300104592450338,0.212430661499831,0.212430661499831,-0.254536955143767,FALSE,0.482571258208555,1.0009957886549,-0.258325384844671,FALSE,0.19899733208584,1.00237717360198,-0.38204653687871,FALSE,0.760058097979673,1.0010217423652,-0.246947478493749,FALSE,0.210565807319791,1.00105194638413
884,"rand=1-1_rate=2_ROB=LH_Bias=Rct20_NRE20-35","1-1",2,"LH","Rct20_NRE20-35",0.182321556793955,0.182321556793955,0.182321556793955,0.182321556793955,0.182321556793955,0.300104592450338,0.221856526371208,0.221856526371208,-0.168057299077626,TRUE,0.591302222414797,1.00099830399833,-0.305380913543557,FALSE,0.369852893682227,1.00098600744987,-0.100038001869513,TRUE,0.802529787487552,1.00102228433299,-0.37252291104011,FALSE,0.419972518682319,1.00099079014706
885,"rand=1-1_rate=2_ROB=LH_Bias=Rct20_NRE20-35","1-1",2,"LH","Rct20_NRE20-35",0.182321556793955,0.182321556793955,0.182321556793955,0.182321556793955,0.182321556793955,0.300104592450338,0.201569392491836,0.201569392491836,-0.056924815998908,TRUE,0.523740393898892,1.00101288469489,-0.259103745170956,FALSE,0.461616347183051,1.00098620534384,-0.235890671687069,TRUE,0.771140079595653,1.00137734506191,-0.267747848456766,TRUE,0.66320875279706,1.00098754827819
886,"rand=1-1_rate=2_ROB=LH_Bias=Rct20_NRE20-35","1-1",2,"LH","Rct20_NRE20-35",0.182321556793955,0.182321556793955,0.182321556793955,0.182321556793955,0.182321556793955,0.300104592450338,0.223297698701024,0.223297698701024,-0.161485444166608,TRUE,0.64889321192777,1.00134656874827,-0.253421992230633,FALSE,0.445425868462692,1.00100939441709,0.147512952132775,TRUE,0.480813322458421,1.00105497096222,-0.46730689509435,FALSE,0.55173436603906,1.00101450310457
887,"rand=1-1_rate=2_ROB=LH_Bias=Rct20_NRE20-35","1-1",2,"LH","Rct20_NRE20-35",0.182321556793955,0.182321556793955,0.182321556793955,0.182321556793955,0.182321556793955,0.300104592450338,0.207196042298521,0.207196042298521,-0.295798910081799,TRUE,0.6732255397705,1.00128817223269,-0.252907355385885,FALSE,0.424832028699072,1.00100225792822,-0.233234866182126,TRUE,0.687848636287523,1.00127349586404,-0.255534673870203,TRUE,0.636907272737204,1.00100161989516
888,"rand=1-1_rate=2_ROB=LH_Bias=Rct20_NRE20-35","1-1",2,"LH","Rct20_NRE20-35",0.182321556793955,0.182321556793955,0.182321556793955,0.182321556793955,0.182321556793955,0.300104592450338,0.21571943526101,0.21571943526101,-0.294146702770125,TRUE,0.77232113250946,1.00098818525227,-0.23766795965532,FALSE,0.508904695015067,1.00100202118238,-0.229655073295545,TRUE,0.84157593737013,1.00106435573467,-0.243674186089901,TRUE,0.734332193908696,1.00098902608077
889,"rand=1-1_rate=2_ROB=LH_Bias=Rct20_NRE20-35","1-1",2,"LH","Rct20_NRE20-35",0.182321556793955,0.182321556793955,0.182321556793955,0.182321556793955,0.182321556793955,0.300104592450338,0.208530214587267,0.208530214587267,-0.20700392748516,TRUE,0.675958600547192,1.00160158115331,-0.178607276799518,TRUE,0.425660192272487,1.00101332268579,-0.00186495225286909,TRUE,0.650488475694048,1.00102771207197,-0.265907869849719,TRUE,0.611125378875782,1.00098741138013
890,"rand=1-1_rate=2_ROB=LH_Bias=Rct20_NRE20-35","1-1",2,"LH","Rct20_NRE20-35",0.182321556793955,0.182321556793955,0.182321556793955,0.182321556793955,0.182321556793955,0.300104592450338,0.21964957100971,0.21964957100971,-0.382112591010906,FALSE,0.642043443244319,1.00100338513344,-0.448098428658667,FALSE,0.37759894366136,1.00099153919142,-0.394776665470509,TRUE,1.10804740826314,1.00104938147689,-0.461356519367849,FALSE,0.411220981261031,1.00103198287982
891,"rand=1-1_rate=2_ROB=LH_Bias=Rct20_NRE20-35","1-1",2,"LH","Rct20_NRE20-35",0.182321556793955,0.182321556793955,0.182321556793955,0.182321556793955,0.182321556793955,0.300104592450338,0.210194778262158,0.210194778262158,-0.0959850059840679,TRUE,0.608345623038624,1.00100330895452,-0.12747701339663,TRUE,0.39160569744303,1.00117291737208,0.0297018279659982,TRUE,0.66151390454976,1.00099995124827,-0.198731080937371,TRUE,0.54022739616008,1.00099046887836
892,"rand=1-1_rate=2_ROB=LH_Bias=Rct20_NRE20-35","1-1",2,"LH","Rct20_NRE20-35",0.182321556793955,0.182321556793955,0.182321556793955,0.182321556793955,0.182321556793955,0.300104592450338,0.215822077031013,0.215822077031013,-0.115707684066307,TRUE,0.561018234911862,1.00105822394609,-0.203092805641795,FALSE,0.349162559550611,1.00099654482244,-0.20181478340803,TRUE,0.932952590568266,1.00106178919849,-0.209689303109448,FALSE,0.405235443768519,1.00098672171063
893,"rand=1-1_rate=2_ROB=LH_Bias=Rct20_NRE20-35","1-1",2,"LH","Rct20_NRE20-35",0.182321556793955,0.182321556793955,0.182321556793955,0.182321556793955,0.182321556793955,0.300104592450338,0.197458304833903,0.197458304833903,-0.101013918748334,TRUE,0.562651686182565,1.00101039427801,-0.235795619661917,FALSE,0.447524870104587,1.00098651372708,-0.148749843077357,TRUE,0.705693545959844,1.00099934326519,-0.281319789794993,FALSE,0.641242551917716,1.00104062864272
894,"rand=1-1_rate=2_ROB=LH_Bias=Rct20_NRE20-35","1-1",2,"LH","Rct20_NRE20-35",0.182321556793955,0.182321556793955,0.182321556793955,0.182321556793955,0.182321556793955,0.300104592450338,0.219950443091709,0.219950443091709,-0.191255903013855,TRUE,0.625588064921703,1.00099384334524,-0.193575241469263,FALSE,0.404637160604205,1.00098606319104,-0.284425344658333,TRUE,0.760763378868394,1.0009961420757,-0.157822402661114,TRUE,0.546345161082893,1.00099332460406
895,"rand=1-1_rate=2_ROB=LH_Bias=Rct20_NRE20-35","1-1",2,"LH","Rct20_NRE20-35",0.182321556793955,0.182321556793955,0.182321556793955,0.182321556793955,0.182321556793955,0.300104592450338,0.207740286503109,0.207740286503109,-0.0297274992502368,TRUE,0.619557904101104,1.00099372769878,-0.243579252287478,TRUE,0.542443739658211,1.00099921167383,0.033814581804711,TRUE,0.562381786219091,1.00102773448126,-0.418052929473558,FALSE,0.915157711576822,1.00106402340349
896,"rand=1-1_rate=2_ROB=LH_Bias=Rct20_NRE20-35","1-1",2,"LH","Rct20_NRE20-35",0.182321556793955,0.182321556793955,0.182321556793955,0.182321556793955,0.182321556793955,0.300104592450338,0.205715217635392,0.205715217635392,-0.333646482241482,FALSE,0.709003570972136,1.00099227315324,-0.310428808965147,FALSE,0.448850879997512,1.00099518047383,-0.230325996596617,TRUE,0.77663633635872,1.00098950957289,-0.340574555478885,FALSE,0.628696091229259,1.00107591492855
897,"rand=1-1_rate=2_ROB=LH_Bias=Rct20_NRE20-35","1-1",2,"LH","Rct20_NRE20-35",0.182321556793955,0.182321556793955,0.182321556793955,0.182321556793955,0.182321556793955,0.300104592450338,0.208272805052588,0.208272805052588,-0.0222208769360688,TRUE,0.591499095950282,1.00110817278316,-0.171651190166449,TRUE,0.453538371945301,1.00101420469596,-0.0342171049210811,TRUE,0.730130541208108,1.00100068016407,-0.24291333160211,TRUE,0.661407270903203,1.00098964121331
898,"rand=1-1_rate=2_ROB=LH_Bias=Rct20_NRE20-35","1-1",2,"LH","Rct20_NRE20-35",0.182321556793955,0.182321556793955,0.182321556793955,0.182321556793955,0.182321556793955,0.300104592450338,0.2086553459948,0.2086553459948,-0.111589119651714,TRUE,0.633281022358599,1.00099025851118,-0.180262427380093,TRUE,0.476706569573095,1.00099473373549,-0.078595602424671,TRUE,0.603029454490397,1.0010193492525,-0.233926036570875,TRUE,0.799544943048861,1.00099549568043
899,"rand=1-1_rate=2_ROB=LH_Bias=Rct20_NRE20-35","1-1",2,"LH","Rct20_NRE20-35",0.182321556793955,0.182321556793955,0.182321556793955,0.182321556793955,0.182321556793955,0.300104592450338,0.209783766889693,0.209783766889693,-0.109781685076008,TRUE,0.577927861919642,1.00101792730795,-0.273543786525211,FALSE,0.433080166992695,1.00098638323312,-0.00901365095858142,TRUE,0.652901935920726,1.00099889541912,-0.398475014229586,FALSE,0.571533851997354,1.00108458745303
900,"rand=1-1_rate=2_ROB=LH_Bias=Rct20_NRE20-35","1-1",2,"LH","Rct20_NRE20-35",0.182321556793955,0.182321556793955,0.182321556793955,0.182321556793955,0.182321556793955,0.300104592450338,0.21380162361291,0.21380162361291,-0.233356863290962,TRUE,0.610711486798014,1.00099058294698,-0.242434152308299,FALSE,0.375586960857943,1.00100576496683,-0.417629921662777,FALSE,0.830708920576008,1.00115375456604,-0.189658353017135,TRUE,0.45828515829948,1.00098622776047
901,"rand=1-1_rate=2_ROB=LH_Bias=Rct20_NRE20-35","1-1",2,"LH","Rct20_NRE20-35",0.182321556793955,0.182321556793955,0.182321556793955,0.182321556793955,0.182321556793955,0.300104592450338,0.209377227176505,0.209377227176505,-0.111170526031879,TRUE,0.699890373843423,1.00108905982224,-0.188979027757169,TRUE,0.48757230706611,1.00100226624563,-0.204294905136097,TRUE,1.154445936827,1.00099195212604,-0.184821559954986,TRUE,0.596198847818775,1.00098623289844
902,"rand=1-1_rate=2_ROB=LH_Bias=Rct20_NRE20-35","1-1",2,"LH","Rct20_NRE20-35",0.182321556793955,0.182321556793955,0.182321556793955,0.182321556793955,0.182321556793955,0.300104592450338,0.205875579424277,0.205875579424277,-0.369890683229156,FALSE,0.783589885173568,1.00100306329079,-0.211805162210688,TRUE,0.47712051945391,1.00103277650842,-0.135851957259831,TRUE,0.980946630766205,1.00100291854814,-0.245951565779226,TRUE,0.613634581002267,1.00109096648526
903,"rand=1-1_rate=2_ROB=LH_Bias=Rct20_NRE20-35","1-1",2,"LH","Rct20_NRE20-35",0.182321556793955,0.182321556793955,0.182321556793955,0.182321556793955,0.182321556793955,0.300104592450338,0.226579220533825,0.226579220533825,-0.225129094173548,TRUE,0.595711826565307,1.00103302683811,-0.224658811816463,FALSE,0.334995155224549,1.00116551956095,-0.0477158089445895,TRUE,0.64852659482091,1.00102716973482,-0.274119191886929,FALSE,0.418675725982793,1.00099659628012
904,"rand=1-1_rate=2_ROB=LH_Bias=Rct20_NRE20-35","1-1",2,"LH","Rct20_NRE20-35",0.182321556793955,0.182321556793955,0.182321556793955,0.182321556793955,0.182321556793955,0.300104592450338,0.209294695318455,0.209294695318455,-0.351180839436539,FALSE,0.683236471462237,1.00098839804347,-0.419899169685021,FALSE,0.460488754216867,1.00098826908509,-0.395685725401993,FALSE,0.78791289274967,1.00100353928801,-0.430923612485195,FALSE,0.670823659514989,1.00099829542458
905,"rand=1-1_rate=2_ROB=LH_Bias=Rct20_NRE20-35","1-1",2,"LH","Rct20_NRE20-35",0.182321556793955,0.182321556793955,0.182321556793955,0.182321556793955,0.182321556793955,0.300104592450338,0.192647289160472,0.192647289160472,-0.208872759943178,TRUE,0.647270127033498,1.00111570334471,-0.287858654005233,FALSE,0.448419958664179,1.00099095075647,-0.130298333588389,TRUE,0.763044348230629,1.00147561261261,-0.352355179384791,FALSE,0.604605844274257,1.00103017163536
906,"rand=1-1_rate=2_ROB=LH_Bias=Rct20_NRE20-35","1-1",2,"LH","Rct20_NRE20-35",0.182321556793955,0.182321556793955,0.182321556793955,0.182321556793955,0.182321556793955,0.300104592450338,0.232959822431915,0.232959822431915,-0.349262133192969,FALSE,0.684010988312511,1.00110042063559,-0.361352499684676,FALSE,0.422406497235533,1.00098603151109,-0.335596077572069,TRUE,0.805144259922024,1.00138257585603,-0.372429465354715,FALSE,0.566384013293038,1.00098681360866
907,"rand=1-1_rate=2_ROB=LH_Bias=Rct20_NRE20-35","1-1",2,"LH","Rct20_NRE20-35",0.182321556793955,0.182321556793955,0.182321556793955,0.182321556793955,0.182321556793955,0.300104592450338,0.208881213436531,0.208881213436531,-0.177832156695991,TRUE,0.600725339697637,1.00102913734785,-0.25864118920462,FALSE,0.415811193428368,1.00102748269283,-0.284494989063936,TRUE,0.847518469846916,1.00103460179028,-0.251016565431608,FALSE,0.546003886330717,1.00098737225386
908,"rand=1-1_rate=2_ROB=LH_Bias=Rct20_NRE20-35","1-1",2,"LH","Rct20_NRE20-35",0.182321556793955,0.182321556793955,0.182321556793955,0.182321556793955,0.182321556793955,0.300104592450338,0.219733808581838,0.219733808581838,-0.188309789885724,TRUE,0.559056492428957,1.00111412051134,-0.24089093692473,FALSE,0.361333086234991,1.00098604187926,-0.274734762553369,TRUE,0.678385995451593,1.00132651153343,-0.233648775888149,FALSE,0.508034242954488,1.00098998384635
909,"rand=1-1_rate=2_ROB=LH_Bias=Rct20_NRE20-35","1-1",2,"LH","Rct20_NRE20-35",0.182321556793955,0.182321556793955,0.182321556793955,0.182321556793955,0.182321556793955,0.300104592450338,0.219441257494464,0.219441257494464,-0.313459048060017,TRUE,0.828787639048799,1.00098941697986,-0.252110126641446,FALSE,0.557744457816371,1.00098849146246,-0.407000192173164,TRUE,1.02831882698169,1.00099507571291,-0.171442150572918,TRUE,0.746857253251494,1.00098611364433
910,"rand=1-1_rate=2_ROB=LH_Bias=Rct20_NRE20-35","1-1",2,"LH","Rct20_NRE20-35",0.182321556793955,0.182321556793955,0.182321556793955,0.182321556793955,0.182321556793955,0.300104592450338,0.215342941797494,0.215342941797494,-0.400448944049741,FALSE,0.815660334513826,1.00100701550623,-0.437581801831761,FALSE,0.520886257658714,1.00107100350383,-0.0525524535082302,TRUE,0.604549858865012,1.00105368816581,-0.644492697723755,FALSE,0.712577671435324,1.00099716703015
911,"rand=1-1_rate=2_ROB=LH_Bias=Rct20_NRE20-35","1-1",2,"LH","Rct20_NRE20-35",0.182321556793955,0.182321556793955,0.182321556793955,0.182321556793955,0.182321556793955,0.300104592450338,0.209924203144706,0.209924203144706,-0.399807392466287,FALSE,0.622644296279919,1.00126395093108,-0.416115006031373,FALSE,0.333166219122159,1.00105035785449,-0.260463497617525,TRUE,0.791589670467259,1.00115542644391,-0.447486415400987,FALSE,0.39745552860749,1.00099660777207
912,"rand=1-1_rate=2_ROB=LH_Bias=Rct20_NRE20-35","1-1",2,"LH","Rct20_NRE20-35",0.182321556793955,0.182321556793955,0.182321556793955,0.182321556793955,0.182321556793955,0.300104592450338,0.208619161611509,0.208619161611509,-0.15263401982913,TRUE,0.665103210979813,1.00098742512356,-0.217192165039079,TRUE,0.469151111546087,1.00109806375896,-0.0176414844010109,TRUE,0.881077710161019,1.00099802017848,-0.316627956961578,FALSE,0.611757365306917,1.00099328329103
913,"rand=1-1_rate=2_ROB=LH_Bias=Rct20_NRE20-35","1-1",2,"LH","Rct20_NRE20-35",0.182321556793955,0.182321556793955,0.182321556793955,0.182321556793955,0.182321556793955,0.300104592450338,0.212187344093897,0.212187344093897,-0.302008319805806,FALSE,0.643330226451274,1.00109608664846,-0.276542857066153,FALSE,0.371432381529836,1.00099125261268,-0.409441314618176,FALSE,0.929217233468719,1.00108357021621,-0.239447494773593,FALSE,0.43721930593155,1.00098824085427
914,"rand=1-1_rate=2_ROB=LH_Bias=Rct20_NRE20-35","1-1",2,"LH","Rct20_NRE20-35",0.182321556793955,0.182321556793955,0.182321556793955,0.182321556793955,0.182321556793955,0.300104592450338,0.220194909646231,0.220194909646231,-0.289994935475204,FALSE,0.667815067511613,1.00098667343826,-0.27790877405839,FALSE,0.442274058138154,1.00103211280097,-0.674585516524673,FALSE,1.14628951565258,1.00130816879371,-0.153091594627859,TRUE,0.457507243894399,1.00103734397606
915,"rand=1-1_rate=2_ROB=LH_Bias=Rct20_NRE20-35","1-1",2,"LH","Rct20_NRE20-35",0.182321556793955,0.182321556793955,0.182321556793955,0.182321556793955,0.182321556793955,0.300104592450338,0.213452131249808,0.213452131249808,-0.192032117669643,TRUE,0.491919478815359,1.00098836927492,-0.234327249272974,FALSE,0.247019410497585,1.00099578279593,-0.0845472520653736,TRUE,0.587398182252442,1.00104621194812,-0.261709907435423,FALSE,0.292640410696539,1.00120295636454
916,"rand=1-1_rate=2_ROB=LH_Bias=Rct20_NRE20-35","1-1",2,"LH","Rct20_NRE20-35",0.182321556793955,0.182321556793955,0.182321556793955,0.182321556793955,0.182321556793955,0.300104592450338,0.21924207619855,0.21924207619855,-0.322194611146558,TRUE,0.727283019167772,1.00100878550475,-0.320389978949209,FALSE,0.479416647834294,1.00098747403719,-0.225686227746018,TRUE,0.690940433501646,1.00108597134109,-0.353068132389536,FALSE,0.746432624751793,1.00099110503987
917,"rand=1-1_rate=2_ROB=LH_Bias=Rct20_NRE20-35","1-1",2,"LH","Rct20_NRE20-35",0.182321556793955,0.182321556793955,0.182321556793955,0.182321556793955,0.182321556793955,0.300104592450338,0.212301093535654,0.212301093535654,-0.137002455058837,TRUE,0.700913296716607,1.00101633214621,-0.304256510051488,FALSE,0.577536390673945,1.00098599456521,-0.379095934260499,TRUE,0.961807209127633,1.00102820660496,-0.254854564082343,TRUE,0.832271478230784,1.00099584427731
918,"rand=1-1_rate=2_ROB=LH_Bias=Rct20_NRE20-35","1-1",2,"LH","Rct20_NRE20-35",0.182321556793955,0.182321556793955,0.182321556793955,0.182321556793955,0.182321556793955,0.300104592450338,0.22353500361701,0.22353500361701,-0.173151181086118,TRUE,0.461019349989486,1.00139775213511,-0.214358803773828,FALSE,0.213718798001177,1.00099246731872,-0.0808371525065696,TRUE,0.549460669219515,1.00148751009265,-0.232291973000934,FALSE,0.254201520777716,1.00098676858052
919,"rand=1-1_rate=2_ROB=LH_Bias=Rct20_NRE20-35","1-1",2,"LH","Rct20_NRE20-35",0.182321556793955,0.182321556793955,0.182321556793955,0.182321556793955,0.182321556793955,0.300104592450338,0.22861319876991,0.22861319876991,-0.0749966597660507,TRUE,0.501083158049516,1.00145455000068,-0.0970100165406265,TRUE,0.291580636660574,1.00104346638635,-0.21612153766278,TRUE,0.677258927911287,1.0012620831102,-0.0665521672703173,TRUE,0.382350602044921,1.00098636257725
920,"rand=1-1_rate=2_ROB=LH_Bias=Rct20_NRE20-35","1-1",2,"LH","Rct20_NRE20-35",0.182321556793955,0.182321556793955,0.182321556793955,0.182321556793955,0.182321556793955,0.300104592450338,0.215681528199472,0.215681528199472,-0.509413691885947,FALSE,0.801943407819897,1.00103259028438,-0.453211788029318,FALSE,0.48462464798789,1.00110141710572,-0.631000044540883,FALSE,0.905776452184169,1.00098601147351,-0.393460638927569,FALSE,0.651318004675377,1.00099108546201
921,"rand=1-1_rate=2_ROB=LH_Bias=Rct20_NRE20-35","1-1",2,"LH","Rct20_NRE20-35",0.182321556793955,0.182321556793955,0.182321556793955,0.182321556793955,0.182321556793955,0.300104592450338,0.200625514232551,0.200625514232551,-0.239521679774099,TRUE,0.60005223921395,1.00098605231412,-0.200244318854862,FALSE,0.327942079195931,1.00102358750463,-0.519686653440815,FALSE,0.890516856152948,1.00109105866287,-0.12968253888684,TRUE,0.351606847020772,1.00098694186719
922,"rand=1-1_rate=2_ROB=LH_Bias=Rct20_NRE20-35","1-1",2,"LH","Rct20_NRE20-35",0.182321556793955,0.182321556793955,0.182321556793955,0.182321556793955,0.182321556793955,0.300104592450338,0.22490298292136,0.22490298292136,-0.230543993792149,TRUE,0.609256072600821,1.0011419392782,-0.243465285530872,FALSE,0.370503334009091,1.00098742495736,-0.309291226878935,FALSE,0.6787633282812,1.0015527885003,-0.221214125017973,TRUE,0.539304356153653,1.00100407977228
923,"rand=1-1_rate=2_ROB=LH_Bias=Rct20_NRE20-35","1-1",2,"LH","Rct20_NRE20-35",0.182321556793955,0.182321556793955,0.182321556793955,0.182321556793955,0.182321556793955,0.300104592450338,0.226238531354761,0.226238531354761,-0.413334501861679,FALSE,0.638160320048959,1.0010222505212,-0.433042560484056,FALSE,0.34757568820692,1.00103210108236,-0.168902470671185,TRUE,0.730031798026116,1.00104939546345,-0.494537400891743,FALSE,0.402074917025852,1.00099207976676
924,"rand=1-1_rate=2_ROB=LH_Bias=Rct20_NRE20-35","1-1",2,"LH","Rct20_NRE20-35",0.182321556793955,0.182321556793955,0.182321556793955,0.182321556793955,0.182321556793955,0.300104592450338,0.20575774005836,0.20575774005836,-0.130009492040938,TRUE,0.65764789035571,1.00131016270429,-0.116912287852637,TRUE,0.413320180239725,1.00100974596686,-0.347054014528211,TRUE,0.913115685732145,1.00106880509355,-0.0287991217170565,TRUE,0.480007365749702,1.00098599143988
925,"rand=1-1_rate=2_ROB=LH_Bias=Rct20_NRE20-35","1-1",2,"LH","Rct20_NRE20-35",0.182321556793955,0.182321556793955,0.182321556793955,0.182321556793955,0.182321556793955,0.300104592450338,0.20238367535995,0.20238367535995,-0.174967887249668,TRUE,0.664563549668432,1.001004560143,-0.224070505210567,FALSE,0.459347255580411,1.00104656173091,-0.308417403266162,TRUE,0.780069077831502,1.00123218546521,-0.185603958544754,TRUE,0.653645108209086,1.00112983424898
926,"rand=1-1_rate=2_ROB=LH_Bias=Rct20_NRE20-35","1-1",2,"LH","Rct20_NRE20-35",0.182321556793955,0.182321556793955,0.182321556793955,0.182321556793955,0.182321556793955,0.300104592450338,0.21040339157241,0.21040339157241,-0.137830572137688,TRUE,0.565011269249418,1.0010045358273,-0.203453203658604,FALSE,0.383618771462943,1.00101868650806,-0.316548115159136,TRUE,0.768057249992275,1.001021525391,-0.168892103078969,TRUE,0.499147912696712,1.00112992930386
927,"rand=1-1_rate=2_ROB=LH_Bias=Rct20_NRE20-35","1-1",2,"LH","Rct20_NRE20-35",0.182321556793955,0.182321556793955,0.182321556793955,0.182321556793955,0.182321556793955,0.300104592450338,0.217257664803723,0.217257664803723,-0.102489205844875,TRUE,0.57006100824845,1.00098829335572,-0.165981908754433,TRUE,0.395761904979113,1.00098881275684,-0.0902046997376484,TRUE,0.660205870997666,1.00098648950803,-0.199227665314613,TRUE,0.560785863211946,1.00100486295062
928,"rand=1-1_rate=2_ROB=LH_Bias=Rct20_NRE20-35","1-1",2,"LH","Rct20_NRE20-35",0.182321556793955,0.182321556793955,0.182321556793955,0.182321556793955,0.182321556793955,0.300104592450338,0.210419683220436,0.210419683220436,-0.305976411740469,FALSE,0.673518198723555,1.00098800573895,-0.382718674531018,FALSE,0.445926541230534,1.0009866539823,-0.238532884524107,TRUE,0.859903496395511,1.00101264321771,-0.434909510340408,FALSE,0.57845139855295,1.00101938269055
929,"rand=1-1_rate=2_ROB=LH_Bias=Rct20_NRE20-35","1-1",2,"LH","Rct20_NRE20-35",0.182321556793955,0.182321556793955,0.182321556793955,0.182321556793955,0.182321556793955,0.300104592450338,0.196347620487832,0.196347620487832,-0.178003944526715,TRUE,0.670863633536755,1.00128857347608,-0.230092133218759,FALSE,0.470800522567376,1.00103141830891,-0.254997101105933,TRUE,0.826930570774954,1.00102386801567,-0.220875043719826,TRUE,0.660909854748988,1.00098661695982
930,"rand=1-1_rate=2_ROB=LH_Bias=Rct20_NRE20-35","1-1",2,"LH","Rct20_NRE20-35",0.182321556793955,0.182321556793955,0.182321556793955,0.182321556793955,0.182321556793955,0.300104592450338,0.211865308439604,0.211865308439604,-0.206399022103394,TRUE,0.633827958588422,1.00102957135555,-0.188500498469082,FALSE,0.372468687991222,1.00101015196919,0.047653882578085,TRUE,0.702970500502656,1.0011720607651,-0.280612910960006,FALSE,0.446378664274173,1.0009860154223
931,"rand=1-1_rate=2_ROB=LH_Bias=Rct20_NRE20-35","1-1",2,"LH","Rct20_NRE20-35",0.182321556793955,0.182321556793955,0.182321556793955,0.182321556793955,0.182321556793955,0.300104592450338,0.235969447543284,0.235969447543284,-0.327464091119649,FALSE,0.738673285039259,1.00110861536194,-0.392262549198405,FALSE,0.511232403502801,1.00098800261992,-0.198950484340444,TRUE,0.836450961578732,1.00099841573734,-0.489758085807544,FALSE,0.720391439092517,1.00098613806517
932,"rand=1-1_rate=2_ROB=LH_Bias=Rct20_NRE20-35","1-1",2,"LH","Rct20_NRE20-35",0.182321556793955,0.182321556793955,0.182321556793955,0.182321556793955,0.182321556793955,0.300104592450338,0.220775977222427,0.220775977222427,0.0524419875656965,TRUE,0.523018819875219,1.0009864456045,-0.0711238461679944,TRUE,0.435697908866039,1.00100447161332,0.0677914150853542,TRUE,0.612581793629642,1.00098917576686,-0.150736549962872,TRUE,0.671901310323777,1.00098782489203
933,"rand=1-1_rate=2_ROB=LH_Bias=Rct20_NRE20-35","1-1",2,"LH","Rct20_NRE20-35",0.182321556793955,0.182321556793955,0.182321556793955,0.182321556793955,0.182321556793955,0.300104592450338,0.228754237965603,0.228754237965603,-0.0953185898016475,TRUE,0.577032763286318,1.0010553500864,-0.255551665542068,FALSE,0.490453571609418,1.00098810462757,-0.154982911531973,TRUE,0.862620728157539,1.00101779969375,-0.303409952535428,FALSE,0.688626883940544,1.00098788291997
934,"rand=1-1_rate=2_ROB=LH_Bias=Rct20_NRE20-35","1-1",2,"LH","Rct20_NRE20-35",0.182321556793955,0.182321556793955,0.182321556793955,0.182321556793955,0.182321556793955,0.300104592450338,0.210084788526309,0.210084788526309,-0.220140259210266,TRUE,0.714762024700682,1.00117103137562,-0.311585785617613,FALSE,0.49873990348275,1.0009994325786,-0.63222969468352,FALSE,0.843339832716363,1.00138661599597,-0.178468763292077,TRUE,0.641779478493309,1.00100604786873
935,"rand=1-1_rate=2_ROB=LH_Bias=Rct20_NRE20-35","1-1",2,"LH","Rct20_NRE20-35",0.182321556793955,0.182321556793955,0.182321556793955,0.182321556793955,0.182321556793955,0.300104592450338,0.232301839294465,0.232301839294465,-0.142983911164131,TRUE,0.5532234158504,1.00098817882072,-0.319782429142472,FALSE,0.482312661724036,1.00098861785338,-0.147988210426244,TRUE,0.638447173950722,1.00110756212205,-0.404210629438432,FALSE,0.760565375431322,1.00100088337368
936,"rand=1-1_rate=2_ROB=LH_Bias=Rct20_NRE20-35","1-1",2,"LH","Rct20_NRE20-35",0.182321556793955,0.182321556793955,0.182321556793955,0.182321556793955,0.182321556793955,0.300104592450338,0.199287480865157,0.199287480865157,-0.0796851655628434,TRUE,0.651496454828453,1.001258413815,-0.111295159257277,TRUE,0.474666879118471,1.00098603509414,-0.283484712579075,TRUE,0.749823816972388,1.00116062203691,-0.0255990367904801,TRUE,0.66793939820168,1.00101081263736
937,"rand=1-1_rate=2_ROB=LH_Bias=Rct20_NRE20-35","1-1",2,"LH","Rct20_NRE20-35",0.182321556793955,0.182321556793955,0.182321556793955,0.182321556793955,0.182321556793955,0.300104592450338,0.208829745916305,0.208829745916305,-0.394342339235004,FALSE,0.68206513915666,1.00114684170987,-0.296100174720084,FALSE,0.386787772165314,1.00098886517127,-0.539181943818039,FALSE,0.81865330226643,1.00098840252322,-0.224071352579708,FALSE,0.484245306000026,1.00098949870991
938,"rand=1-1_rate=2_ROB=LH_Bias=Rct20_NRE20-35","1-1",2,"LH","Rct20_NRE20-35",0.182321556793955,0.182321556793955,0.182321556793955,0.182321556793955,0.182321556793955,0.300104592450338,0.2244424518638,0.2244424518638,-0.0812911713186002,TRUE,0.563540644894651,1.00115554491283,-0.138013665584544,TRUE,0.374131173809529,1.00098605115691,-0.107274725574068,TRUE,0.797363335557823,1.00105043392056,-0.149230447038298,TRUE,0.472319357382072,1.00100593718272
939,"rand=1-1_rate=2_ROB=LH_Bias=Rct20_NRE20-35","1-1",2,"LH","Rct20_NRE20-35",0.182321556793955,0.182321556793955,0.182321556793955,0.182321556793955,0.182321556793955,0.300104592450338,0.216763467341923,0.216763467341923,-0.144373233939525,TRUE,0.70032145345026,1.00117124391024,-0.217176191868002,TRUE,0.4600624766534,1.00098730289547,0.107994602159048,TRUE,0.548427624919638,1.00122216315443,-0.391651942222474,FALSE,0.653455184503084,1.00098769556289
940,"rand=1-1_rate=2_ROB=LH_Bias=Rct20_NRE20-35","1-1",2,"LH","Rct20_NRE20-35",0.182321556793955,0.182321556793955,0.182321556793955,0.182321556793955,0.182321556793955,0.300104592450338,0.215309776689555,0.215309776689555,-0.157031044410157,TRUE,0.617829509740032,1.00099052486149,-0.24640967789419,FALSE,0.438224531328369,1.00099072851469,-0.0982865085697295,TRUE,0.610424707065829,1.00100622443193,-0.314007318820438,FALSE,0.682548417247545,1.00100468169575
941,"rand=1-1_rate=2_ROB=LH_Bias=Rct20_NRE20-35","1-1",2,"LH","Rct20_NRE20-35",0.182321556793955,0.182321556793955,0.182321556793955,0.182321556793955,0.182321556793955,0.300104592450338,0.210879403838193,0.210879403838193,-0.192033575064613,TRUE,0.679003853336179,1.00098967420574,-0.354954124968247,FALSE,0.582796066630158,1.00099848768562,-0.182329568493712,TRUE,0.942024782023677,1.00111417456253,-0.445170706227812,FALSE,0.84450919575878,1.00099002577984
942,"rand=1-1_rate=2_ROB=LH_Bias=Rct20_NRE20-35","1-1",2,"LH","Rct20_NRE20-35",0.182321556793955,0.182321556793955,0.182321556793955,0.182321556793955,0.182321556793955,0.300104592450338,0.222062209948971,0.222062209948971,-0.301895586140903,FALSE,0.65584207019626,1.00099012950747,-0.332298562539023,FALSE,0.393992961068748,1.00099545690394,-0.160785285231398,TRUE,0.790282517888512,1.00107890058035,-0.388514124139657,FALSE,0.486544012496688,1.00100407094078
943,"rand=1-1_rate=2_ROB=LH_Bias=Rct20_NRE20-35","1-1",2,"LH","Rct20_NRE20-35",0.182321556793955,0.182321556793955,0.182321556793955,0.182321556793955,0.182321556793955,0.300104592450338,0.208255518164725,0.208255518164725,-0.0465859630971459,TRUE,0.592972495860123,1.00116409465743,-0.155929759829566,TRUE,0.486256586904404,1.00098986945263,-0.0226639725719737,TRUE,0.612497877348823,1.00100833486798,-0.232971100568144,TRUE,0.800943997085892,1.00098681825059
944,"rand=1-1_rate=2_ROB=LH_Bias=Rct20_NRE20-35","1-1",2,"LH","Rct20_NRE20-35",0.182321556793955,0.182321556793955,0.182321556793955,0.182321556793955,0.182321556793955,0.300104592450338,0.2203868919297,0.2203868919297,-0.261006594750699,TRUE,0.682196294933125,1.00098989287777,-0.351435340670169,FALSE,0.487457031521116,1.00119942476604,-0.292011035462947,TRUE,0.912423889634058,1.00112942900244,-0.373956070018956,FALSE,0.664502576166354,1.00098605899568
945,"rand=1-1_rate=2_ROB=LH_Bias=Rct20_NRE20-35","1-1",2,"LH","Rct20_NRE20-35",0.182321556793955,0.182321556793955,0.182321556793955,0.182321556793955,0.182321556793955,0.300104592450338,0.223731618215021,0.223731618215021,-0.45541646090664,FALSE,0.781844011075037,1.00129770134917,-0.412114428425489,FALSE,0.474007480785389,1.00098633517694,-0.436004159927166,FALSE,0.974259357350862,1.00099035652785,-0.402988083005489,FALSE,0.616388819851346,1.00099361195084
946,"rand=1-1_rate=2_ROB=LH_Bias=Rct20_NRE20-35","1-1",2,"LH","Rct20_NRE20-35",0.182321556793955,0.182321556793955,0.182321556793955,0.182321556793955,0.182321556793955,0.300104592450338,0.18817680976122,0.18817680976122,-0.11784579982711,TRUE,0.637138291644368,1.00109097369584,-0.121530036197329,TRUE,0.422323937727902,1.00099874246132,-0.195709066522471,TRUE,0.892469324314937,1.00099145195133,-0.0896224502541805,TRUE,0.538146961428805,1.00098906005056
947,"rand=1-1_rate=2_ROB=LH_Bias=Rct20_NRE20-35","1-1",2,"LH","Rct20_NRE20-35",0.182321556793955,0.182321556793955,0.182321556793955,0.182321556793955,0.182321556793955,0.300104592450338,0.211864185302648,0.211864185302648,-0.324033551295819,FALSE,0.594542272476101,1.00128364698759,-0.361623782286724,FALSE,0.337015169080097,1.0009900965202,-0.386462407747092,FALSE,0.705184154221557,1.0009947414303,-0.356677742287083,FALSE,0.456029782960845,1.00099326421098
948,"rand=1-1_rate=2_ROB=LH_Bias=Rct20_NRE20-35","1-1",2,"LH","Rct20_NRE20-35",0.182321556793955,0.182321556793955,0.182321556793955,0.182321556793955,0.182321556793955,0.300104592450338,0.207124320328531,0.207124320328531,-0.222646890572129,TRUE,0.545723280084324,1.00099176771175,-0.295467027641842,FALSE,0.318378466951906,1.00100307738202,-0.225997988672546,TRUE,0.730820217109271,1.00106705987943,-0.313316480475677,FALSE,0.398221730295407,1.00098693945304
949,"rand=1-1_rate=2_ROB=LH_Bias=Rct20_NRE20-35","1-1",2,"LH","Rct20_NRE20-35",0.182321556793955,0.182321556793955,0.182321556793955,0.182321556793955,0.182321556793955,0.300104592450338,0.210532886407347,0.210532886407347,-0.355784316311802,FALSE,0.654818409795479,1.00142197642976,-0.292374348490698,FALSE,0.339400097718191,1.0009915968558,-0.351766201901891,FALSE,0.763786132953062,1.00133589630862,-0.278859967299045,FALSE,0.426465505315144,1.00099428499272
950,"rand=1-1_rate=2_ROB=LH_Bias=Rct20_NRE20-35","1-1",2,"LH","Rct20_NRE20-35",0.182321556793955,0.182321556793955,0.182321556793955,0.182321556793955,0.182321556793955,0.300104592450338,0.198624398613239,0.198624398613239,-0.15345345483157,TRUE,0.645252521022247,1.0010055500641,-0.192031722406057,TRUE,0.432975318766063,1.00100146491931,-0.0843671556262788,TRUE,0.667111313929959,1.00098746055088,-0.238155646101786,TRUE,0.643373448922862,1.00102298720593
951,"rand=1-1_rate=2_ROB=LH_Bias=Rct20_NRE20-35","1-1",2,"LH","Rct20_NRE20-35",0.182321556793955,0.182321556793955,0.182321556793955,0.182321556793955,0.182321556793955,0.300104592450338,0.206451507851489,0.206451507851489,-0.293568621421324,FALSE,0.611277475233187,1.00100711298846,-0.276125642864165,FALSE,0.33950001272511,1.00107933142357,-0.322473270285861,TRUE,1.07319511770029,1.00101739865562,-0.267247526470702,FALSE,0.353593791040829,1.00098600445414
952,"rand=1-1_rate=2_ROB=LH_Bias=Rct20_NRE20-35","1-1",2,"LH","Rct20_NRE20-35",0.182321556793955,0.182321556793955,0.182321556793955,0.182321556793955,0.182321556793955,0.300104592450338,0.212405459897977,0.212405459897977,0.030760515101369,TRUE,0.473548326112196,1.00098870010379,-0.0627460787083782,TRUE,0.334335886382257,1.00100368037668,-0.380174518235011,TRUE,1.05349219128003,1.00098833081131,0.0199231310731585,TRUE,0.301636701086577,1.00098759628629
953,"rand=1-1_rate=2_ROB=LH_Bias=Rct20_NRE20-35","1-1",2,"LH","Rct20_NRE20-35",0.182321556793955,0.182321556793955,0.182321556793955,0.182321556793955,0.182321556793955,0.300104592450338,0.20147072716039,0.20147072716039,-0.203041528407217,TRUE,0.627304124724192,1.00117420726491,-0.228944314077485,FALSE,0.410752153638279,1.00099026690684,-0.159929481103171,TRUE,0.595403584577539,1.00118599374828,-0.254648170454503,TRUE,0.644453321686121,1.00100663706778
954,"rand=1-1_rate=2_ROB=LH_Bias=Rct20_NRE20-35","1-1",2,"LH","Rct20_NRE20-35",0.182321556793955,0.182321556793955,0.182321556793955,0.182321556793955,0.182321556793955,0.300104592450338,0.191400438099183,0.191400438099183,-0.131884570957236,TRUE,0.543021884037405,1.00112238139845,-0.221664264485056,FALSE,0.368465850997734,1.00098634944628,-0.194121256864767,TRUE,0.706981867214399,1.00124063175767,-0.235073978005093,FALSE,0.506700217811817,1.00099001841602
955,"rand=1-1_rate=2_ROB=LH_Bias=Rct20_NRE20-35","1-1",2,"LH","Rct20_NRE20-35",0.182321556793955,0.182321556793955,0.182321556793955,0.182321556793955,0.182321556793955,0.300104592450338,0.179696071672646,0.179696071672646,-0.287834111425892,TRUE,0.772776855174682,1.00106347399248,-0.212285653397391,TRUE,0.472504318233336,1.00099446002419,-0.00693486522277276,TRUE,0.800437031690477,1.00100944675774,-0.320935549680763,FALSE,0.630434022864866,1.00102655964
956,"rand=1-1_rate=2_ROB=LH_Bias=Rct20_NRE20-35","1-1",2,"LH","Rct20_NRE20-35",0.182321556793955,0.182321556793955,0.182321556793955,0.182321556793955,0.182321556793955,0.300104592450338,0.216047816225001,0.216047816225001,0.0348566525341685,TRUE,0.472560200113322,1.00109371238708,-0.0546389484550756,TRUE,0.304615815940129,1.00104071060598,-0.0119958334897059,TRUE,0.667073261596001,1.00114477806962,-0.0685969826134829,TRUE,0.382056034770614,1.00108874177447
957,"rand=1-1_rate=2_ROB=LH_Bias=Rct20_NRE20-35","1-1",2,"LH","Rct20_NRE20-35",0.182321556793955,0.182321556793955,0.182321556793955,0.182321556793955,0.182321556793955,0.300104592450338,0.215722996971806,0.215722996971806,-0.113323623575301,TRUE,0.554215929933433,1.00099424987788,-0.281687721264238,FALSE,0.457491310115556,1.00100843935793,-0.0390528766444038,TRUE,0.527364410904419,1.00210798616217,-0.412936183557551,FALSE,0.759066102266197,1.00100629659401
958,"rand=1-1_rate=2_ROB=LH_Bias=Rct20_NRE20-35","1-1",2,"LH","Rct20_NRE20-35",0.182321556793955,0.182321556793955,0.182321556793955,0.182321556793955,0.182321556793955,0.300104592450338,0.218474201787874,0.218474201787874,-0.213664748053762,TRUE,0.627348333608448,1.00098627186282,-0.211717832095751,FALSE,0.36181449532748,1.00099429691956,-0.00640547590191809,TRUE,0.781154622196417,1.00099488212206,-0.281833324830279,FALSE,0.422032300461279,1.00100109653615
959,"rand=1-1_rate=2_ROB=LH_Bias=Rct20_NRE20-35","1-1",2,"LH","Rct20_NRE20-35",0.182321556793955,0.182321556793955,0.182321556793955,0.182321556793955,0.182321556793955,0.300104592450338,0.194804218985081,0.194804218985081,-0.176535280455133,TRUE,0.585654723342626,1.00098623182522,-0.306338564828508,FALSE,0.442301130021974,1.00100322648666,-0.307300522679739,TRUE,0.762210443637625,1.00108465642829,-0.304580531564236,FALSE,0.635876746466784,1.0009861427683
960,"rand=1-1_rate=2_ROB=LH_Bias=Rct20_NRE20-35","1-1",2,"LH","Rct20_NRE20-35",0.182321556793955,0.182321556793955,0.182321556793955,0.182321556793955,0.182321556793955,0.300104592450338,0.221680835816787,0.221680835816787,-0.102982684810037,TRUE,0.498911880930504,1.00113589918557,-0.21561668643715,FALSE,0.334003293376958,1.00099197166047,0.0523914655751899,TRUE,0.550481447351739,1.00105383339703,-0.298665856553607,FALSE,0.421855499660829,1.00098601165035
961,"rand=1-1_rate=2_ROB=LH_Bias=Rct20_NRE20-35","1-1",2,"LH","Rct20_NRE20-35",0.182321556793955,0.182321556793955,0.182321556793955,0.182321556793955,0.182321556793955,0.300104592450338,0.223828012347264,0.223828012347264,-0.190138975079139,TRUE,0.541204726015802,1.00103692549106,-0.22263710125984,FALSE,0.303054017060015,1.0009864592324,-0.3467684200147,TRUE,0.893598306499171,1.00100640222853,-0.196403876998987,FALSE,0.337348494747618,1.0009898685031
962,"rand=1-1_rate=2_ROB=LH_Bias=Rct20_NRE20-35","1-1",2,"LH","Rct20_NRE20-35",0.182321556793955,0.182321556793955,0.182321556793955,0.182321556793955,0.182321556793955,0.300104592450338,0.211766303970542,0.211766303970542,-0.049129249205738,TRUE,0.535180882935096,1.00103158329337,-0.195408036205334,TRUE,0.447479861363533,1.00099041143066,-0.0413510974954239,TRUE,0.606131580255511,1.00102018742798,-0.268682686350884,TRUE,0.68828650411978,1.0009989164146
963,"rand=1-1_rate=2_ROB=LH_Bias=Rct20_NRE20-35","1-1",2,"LH","Rct20_NRE20-35",0.182321556793955,0.182321556793955,0.182321556793955,0.182321556793955,0.182321556793955,0.300104592450338,0.228997874652735,0.228997874652735,-0.229887315004858,TRUE,0.652200518637042,1.00131784609222,-0.337293752013622,FALSE,0.476094070231449,1.00101219235043,-0.148779718325773,TRUE,0.626498226104597,1.0010313111385,-0.432001347083449,FALSE,0.73712214750897,1.00098640515859
964,"rand=1-1_rate=2_ROB=LH_Bias=Rct20_NRE20-35","1-1",2,"LH","Rct20_NRE20-35",0.182321556793955,0.182321556793955,0.182321556793955,0.182321556793955,0.182321556793955,0.300104592450338,0.216694954604948,0.216694954604948,-0.245952523580043,FALSE,0.521692877735379,1.00098718448432,-0.12480011643274,FALSE,0.258823171369213,1.00113232894532,-0.223699564122749,TRUE,0.77357296143892,1.00103160829936,-0.10470132772327,TRUE,0.294110868749306,1.00100391587544
965,"rand=1-1_rate=2_ROB=LH_Bias=Rct20_NRE20-35","1-1",2,"LH","Rct20_NRE20-35",0.182321556793955,0.182321556793955,0.182321556793955,0.182321556793955,0.182321556793955,0.300104592450338,0.202973451885922,0.202973451885922,-0.254086330591906,TRUE,0.624519615839383,1.00100559864098,-0.337532597766722,FALSE,0.439493995360898,1.001015722808,-0.259821902648179,TRUE,0.717198822031468,1.00121582740626,-0.366968684577443,FALSE,0.631086566136574,1.00100361764312
966,"rand=1-1_rate=2_ROB=LH_Bias=Rct20_NRE20-35","1-1",2,"LH","Rct20_NRE20-35",0.182321556793955,0.182321556793955,0.182321556793955,0.182321556793955,0.182321556793955,0.300104592450338,0.222314868195104,0.222314868195104,-0.280583623668801,FALSE,0.636457026212533,1.00116215571339,-0.533027114716206,FALSE,0.534966069322912,1.00098750718521,-0.739684185888753,FALSE,1.17726677243572,1.0010780529886,-0.459075186492952,FALSE,0.649644403825251,1.00099939225019
967,"rand=1-1_rate=2_ROB=LH_Bias=Rct20_NRE20-35","1-1",2,"LH","Rct20_NRE20-35",0.182321556793955,0.182321556793955,0.182321556793955,0.182321556793955,0.182321556793955,0.300104592450338,0.222345808563719,0.222345808563719,-0.0542035838772559,TRUE,0.585124172591767,1.00122711090967,-0.210277663569768,FALSE,0.445813571226666,1.00098884252697,-0.242837896098343,TRUE,0.774012842658992,1.00100777062097,-0.188861487328221,TRUE,0.623733121130073,1.00098767193128
968,"rand=1-1_rate=2_ROB=LH_Bias=Rct20_NRE20-35","1-1",2,"LH","Rct20_NRE20-35",0.182321556793955,0.182321556793955,0.182321556793955,0.182321556793955,0.182321556793955,0.300104592450338,0.208014329227554,0.208014329227554,-0.019286402479344,TRUE,0.572193441794032,1.00124494350573,-0.238902798747107,FALSE,0.470693749679904,1.00099280311567,-0.215298714092165,TRUE,0.87440225054348,1.00099965419088,-0.246612797048343,TRUE,0.651983117700349,1.00098958804688
969,"rand=1-1_rate=2_ROB=LH_Bias=Rct20_NRE20-35","1-1",2,"LH","Rct20_NRE20-35",0.182321556793955,0.182321556793955,0.182321556793955,0.182321556793955,0.182321556793955,0.300104592450338,0.206460366410825,0.206460366410825,-0.158835239190346,TRUE,0.582906378861039,1.0010210466274,-0.308692829615062,FALSE,0.401867639855722,1.00098897541125,-0.379618523513566,FALSE,0.794328831104047,1.00100169634547,-0.283940364523962,FALSE,0.534802897222786,1.00100532070398
970,"rand=1-1_rate=2_ROB=LH_Bias=Rct20_NRE20-35","1-1",2,"LH","Rct20_NRE20-35",0.182321556793955,0.182321556793955,0.182321556793955,0.182321556793955,0.182321556793955,0.300104592450338,0.227270337290662,0.227270337290662,-0.252515457247531,TRUE,0.62080889703249,1.00108382914309,-0.175109145811061,TRUE,0.453215553867191,1.00106186013835,0.20121318227826,TRUE,0.700372250513633,1.00101101579756,-0.379485409239707,FALSE,0.475774908660982,1.00099005773773
971,"rand=1-1_rate=2_ROB=LH_Bias=Rct20_NRE20-35","1-1",2,"LH","Rct20_NRE20-35",0.182321556793955,0.182321556793955,0.182321556793955,0.182321556793955,0.182321556793955,0.300104592450338,0.209471053100032,0.209471053100032,-0.372767991429877,FALSE,0.694906372434322,1.00102460999416,-0.263040602547042,FALSE,0.359047296765135,1.00098753743464,-0.21110607362879,TRUE,0.803997686334794,1.00102109857091,-0.278178540861431,FALSE,0.456774951516691,1.00098604817625
972,"rand=1-1_rate=2_ROB=LH_Bias=Rct20_NRE20-35","1-1",2,"LH","Rct20_NRE20-35",0.182321556793955,0.182321556793955,0.182321556793955,0.182321556793955,0.182321556793955,0.300104592450338,0.21095164842685,0.21095164842685,-0.272737580299403,FALSE,0.556441553769375,1.00106424401723,-0.328737125823231,FALSE,0.298493075170008,1.00099799548141,-0.0946724494278859,TRUE,0.663034557095373,1.00099879906414,-0.377811023758255,FALSE,0.345481200128884,1.00103007136582
973,"rand=1-1_rate=2_ROB=LH_Bias=Rct20_NRE20-35","1-1",2,"LH","Rct20_NRE20-35",0.182321556793955,0.182321556793955,0.182321556793955,0.182321556793955,0.182321556793955,0.300104592450338,0.206945482551262,0.206945482551262,-0.0880746042242164,TRUE,0.543086546110634,1.00099311604242,-0.133087667495985,TRUE,0.340453434153727,1.00110667782778,-0.0365562644237023,TRUE,0.834585721241274,1.00100671476966,-0.167082036646108,TRUE,0.383129001897332,1.00100446849863
974,"rand=1-1_rate=2_ROB=LH_Bias=Rct20_NRE20-35","1-1",2,"LH","Rct20_NRE20-35",0.182321556793955,0.182321556793955,0.182321556793955,0.182321556793955,0.182321556793955,0.300104592450338,0.206049014548637,0.206049014548637,-0.172050085482997,TRUE,0.636558823122319,1.00101980289775,-0.180697550657736,TRUE,0.415891076840701,1.00099440490595,-0.0890510946757448,TRUE,0.638098993363697,1.00126381478588,-0.214489634775072,TRUE,0.614814568681784,1.00098954062994
975,"rand=1-1_rate=2_ROB=LH_Bias=Rct20_NRE20-35","1-1",2,"LH","Rct20_NRE20-35",0.182321556793955,0.182321556793955,0.182321556793955,0.182321556793955,0.182321556793955,0.300104592450338,0.208632097670776,0.208632097670776,-0.228845043954725,TRUE,0.622330278373938,1.0010348245533,-0.339220647567595,FALSE,0.415079592253952,1.00098609916697,-0.100630956664825,TRUE,0.677425214887234,1.0010166864224,-0.425108591489758,FALSE,0.567421777166071,1.00098662541824
976,"rand=1-1_rate=2_ROB=LH_Bias=Rct20_NRE20-35","1-1",2,"LH","Rct20_NRE20-35",0.182321556793955,0.182321556793955,0.182321556793955,0.182321556793955,0.182321556793955,0.300104592450338,0.208551977928354,0.208551977928354,-0.174541685040567,TRUE,0.623859811877287,1.00107142829962,-0.18698150892111,TRUE,0.416719194926706,1.00098681250475,-0.149401742497354,TRUE,0.628537122113725,1.00177324623458,-0.192019746370528,TRUE,0.615890081918028,1.00100834432185
977,"rand=1-1_rate=2_ROB=LH_Bias=Rct20_NRE20-35","1-1",2,"LH","Rct20_NRE20-35",0.182321556793955,0.182321556793955,0.182321556793955,0.182321556793955,0.182321556793955,0.300104592450338,0.215833951378672,0.215833951378672,-0.163081275538821,TRUE,0.584873429898366,1.00100500843408,-0.21149927414975,FALSE,0.360201421502772,1.00117621241612,-0.190932010170542,TRUE,0.714523561601168,1.00098717779325,-0.217679768892404,TRUE,0.479523238072414,1.00101601140866
978,"rand=1-1_rate=2_ROB=LH_Bias=Rct20_NRE20-35","1-1",2,"LH","Rct20_NRE20-35",0.182321556793955,0.182321556793955,0.182321556793955,0.182321556793955,0.182321556793955,0.300104592450338,0.213359918121526,0.213359918121526,-0.342530701208868,FALSE,0.696650440844911,1.00109015174758,-0.393816174898688,FALSE,0.484288243489783,1.00098912872493,-0.306622421688223,FALSE,0.702942348765567,1.00137152486948,-0.433463957682487,FALSE,0.754355400406416,1.00099007057734
979,"rand=1-1_rate=2_ROB=LH_Bias=Rct20_NRE20-35","1-1",2,"LH","Rct20_NRE20-35",0.182321556793955,0.182321556793955,0.182321556793955,0.182321556793955,0.182321556793955,0.300104592450338,0.202296537226782,0.202296537226782,-0.333143180898961,FALSE,0.692679897668259,1.00100793784754,-0.408896517905962,FALSE,0.440064812485761,1.00101473689262,-0.554681530115266,FALSE,1.07594111736761,1.00100056406246,-0.363271311087921,FALSE,0.528536228988722,1.00100582901542
980,"rand=1-1_rate=2_ROB=LH_Bias=Rct20_NRE20-35","1-1",2,"LH","Rct20_NRE20-35",0.182321556793955,0.182321556793955,0.182321556793955,0.182321556793955,0.182321556793955,0.300104592450338,0.210679393653745,0.210679393653745,-0.338265927864023,FALSE,0.729209020330658,1.0009879329498,-0.348555600168979,FALSE,0.50648972387102,1.00103294977763,-0.426984056263023,FALSE,0.756882355765634,1.00098833143241,-0.316434230498032,TRUE,0.756806317530173,1.00099713546741
981,"rand=1-1_rate=2_ROB=LH_Bias=Rct20_NRE20-35","1-1",2,"LH","Rct20_NRE20-35",0.182321556793955,0.182321556793955,0.182321556793955,0.182321556793955,0.182321556793955,0.300104592450338,0.208356908336379,0.208356908336379,-0.109131330999894,TRUE,0.553900873355086,1.00099271094012,-0.183649160015648,FALSE,0.331626898372479,1.00099060131068,-0.098946627224777,TRUE,0.776996210959995,1.00102351073,-0.207508629689801,FALSE,0.41067380590193,1.00098697805046
982,"rand=1-1_rate=2_ROB=LH_Bias=Rct20_NRE20-35","1-1",2,"LH","Rct20_NRE20-35",0.182321556793955,0.182321556793955,0.182321556793955,0.182321556793955,0.182321556793955,0.300104592450338,0.225693234687098,0.225693234687098,-0.0161575772460001,TRUE,0.62103015276642,1.00114234552226,-0.0871926628695578,TRUE,0.446762186705704,1.00098618475639,-0.154647327497005,TRUE,0.901037304945626,1.00106454080352,-0.058218130512891,TRUE,0.583841267223843,1.00101282467376
983,"rand=1-1_rate=2_ROB=LH_Bias=Rct20_NRE20-35","1-1",2,"LH","Rct20_NRE20-35",0.182321556793955,0.182321556793955,0.182321556793955,0.182321556793955,0.182321556793955,0.300104592450338,0.223745649308684,0.223745649308684,-0.306329662542526,FALSE,0.6658769171501,1.00103790655141,-0.342379851319876,FALSE,0.414458288586937,1.00098635882018,-0.21160985917572,TRUE,0.85652272129187,1.00099382662632,-0.393599282673608,FALSE,0.532337541322,1.001005284062
984,"rand=1-1_rate=2_ROB=LH_Bias=Rct20_NRE20-35","1-1",2,"LH","Rct20_NRE20-35",0.182321556793955,0.182321556793955,0.182321556793955,0.182321556793955,0.182321556793955,0.300104592450338,0.213215571717571,0.213215571717571,-0.189250201827468,TRUE,0.676695001535857,1.00098604779413,-0.220607279963152,FALSE,0.465577829410723,1.00098620728937,-0.367572239195951,FALSE,0.823855650879146,1.0009899247498,-0.15085139796848,TRUE,0.634629119772323,1.00099188610402
985,"rand=1-1_rate=2_ROB=LH_Bias=Rct20_NRE20-35","1-1",2,"LH","Rct20_NRE20-35",0.182321556793955,0.182321556793955,0.182321556793955,0.182321556793955,0.182321556793955,0.300104592450338,0.208496085495537,0.208496085495537,-0.0420159434067586,TRUE,0.604180875368391,1.0009976680587,-0.0488596855998196,TRUE,0.420004053123621,1.00098626895505,-0.102995193110324,TRUE,0.656688438029009,1.0012335515622,-0.0339555676675074,TRUE,0.626499564053915,1.00099128260143
986,"rand=1-1_rate=2_ROB=LH_Bias=Rct20_NRE20-35","1-1",2,"LH","Rct20_NRE20-35",0.182321556793955,0.182321556793955,0.182321556793955,0.182321556793955,0.182321556793955,0.300104592450338,0.227586538951299,0.227586538951299,-0.217218865870116,TRUE,0.649308660398363,1.00098856016041,-0.261142426647331,FALSE,0.435860895136376,1.00099979783871,-0.114343992162112,TRUE,0.807752690572292,1.00098614299225,-0.326698567272579,FALSE,0.58231897550914,1.00099346033016
987,"rand=1-1_rate=2_ROB=LH_Bias=Rct20_NRE20-35","1-1",2,"LH","Rct20_NRE20-35",0.182321556793955,0.182321556793955,0.182321556793955,0.182321556793955,0.182321556793955,0.300104592450338,0.201667491001612,0.201667491001612,-0.250572880995566,TRUE,0.61955687011194,1.00098871707473,-0.269767480110416,FALSE,0.376004213238154,1.0010179336359,-0.479492607473247,FALSE,0.98113920030618,1.00120254768119,-0.211661295505873,FALSE,0.425184435621688,1.0010213031257
988,"rand=1-1_rate=2_ROB=LH_Bias=Rct20_NRE20-35","1-1",2,"LH","Rct20_NRE20-35",0.182321556793955,0.182321556793955,0.182321556793955,0.182321556793955,0.182321556793955,0.300104592450338,0.210407442732271,0.210407442732271,-0.274888826043159,TRUE,0.643282423281339,1.00102661351141,-0.204691285873372,FALSE,0.366714807470627,1.00099594367318,-0.249372493926482,TRUE,0.792202854122805,1.00102280539405,-0.189690216661934,TRUE,0.463183643016247,1.00098638773951
989,"rand=1-1_rate=2_ROB=LH_Bias=Rct20_NRE20-35","1-1",2,"LH","Rct20_NRE20-35",0.182321556793955,0.182321556793955,0.182321556793955,0.182321556793955,0.182321556793955,0.300104592450338,0.202795631667996,0.202795631667996,-0.223061349396737,TRUE,0.590311530644767,1.00099073079025,-0.299219674668877,FALSE,0.395845143997036,1.00106057616032,-0.268159578486582,TRUE,0.710528269772566,1.00103118059119,-0.309461568256249,FALSE,0.551590211727968,1.001097282617
990,"rand=1-1_rate=2_ROB=LH_Bias=Rct20_NRE20-35","1-1",2,"LH","Rct20_NRE20-35",0.182321556793955,0.182321556793955,0.182321556793955,0.182321556793955,0.182321556793955,0.300104592450338,0.209703257518685,0.209703257518685,-0.221535071814374,TRUE,0.618835167260036,1.00102661697195,-0.299859019317395,FALSE,0.392077469810572,1.00099804604281,-0.033504434210452,TRUE,0.577038569341175,1.00116631403556,-0.399955511996598,FALSE,0.519608950133802,1.00099360657768
991,"rand=1-1_rate=2_ROB=LH_Bias=Rct20_NRE20-35","1-1",2,"LH","Rct20_NRE20-35",0.182321556793955,0.182321556793955,0.182321556793955,0.182321556793955,0.182321556793955,0.300104592450338,0.218838116910803,0.218838116910803,-0.323240151106305,FALSE,0.610769683152604,1.00099784432333,-0.423004078370986,FALSE,0.385312692876824,1.0010200087054,-0.328976614461854,TRUE,0.79987650042414,1.00102994196637,-0.451052611511955,FALSE,0.498837961825968,1.00104153906571
992,"rand=1-1_rate=2_ROB=LH_Bias=Rct20_NRE20-35","1-1",2,"LH","Rct20_NRE20-35",0.182321556793955,0.182321556793955,0.182321556793955,0.182321556793955,0.182321556793955,0.300104592450338,0.224823394184172,0.224823394184172,-0.203054029064422,TRUE,0.572835306443554,1.00106437762449,-0.164479032438071,FALSE,0.332180826446795,1.00099067139787,-0.213511360300003,TRUE,0.642759623353001,1.00131559734803,-0.148215126898658,TRUE,0.435628710994529,1.00100317890703
993,"rand=1-1_rate=2_ROB=LH_Bias=Rct20_NRE20-35","1-1",2,"LH","Rct20_NRE20-35",0.182321556793955,0.182321556793955,0.182321556793955,0.182321556793955,0.182321556793955,0.300104592450338,0.209705851603261,0.209705851603261,-0.0882192556325965,TRUE,0.622738196994719,1.00098974703836,-0.0486447236707133,TRUE,0.377501565328262,1.00103545782779,0.073163474873136,TRUE,0.764644332517977,1.00147542513159,-0.098384212443646,TRUE,0.481343434961239,1.00098824603433
994,"rand=1-1_rate=2_ROB=LH_Bias=Rct20_NRE20-35","1-1",2,"LH","Rct20_NRE20-35",0.182321556793955,0.182321556793955,0.182321556793955,0.182321556793955,0.182321556793955,0.300104592450338,0.2046536670663,0.2046536670663,-0.189761934833839,TRUE,0.536803322176708,1.0009949054133,-0.167278021269271,FALSE,0.271513063070259,1.00102769898637,-0.239913432117437,TRUE,0.791724290247388,1.00100837348292,-0.153312273627802,FALSE,0.31370587755118,1.00098921811382
995,"rand=1-1_rate=2_ROB=LH_Bias=Rct20_NRE20-35","1-1",2,"LH","Rct20_NRE20-35",0.182321556793955,0.182321556793955,0.182321556793955,0.182321556793955,0.182321556793955,0.300104592450338,0.202382128503005,0.202382128503005,0.0151146638054992,TRUE,0.40375628364717,1.00098602120359,-0.0565872384181212,TRUE,0.207353645047487,1.00098892358012,0.0695638688290211,TRUE,0.556185642968887,1.00118569517648,-0.0759301544939566,TRUE,0.244207891525869,1.00099888256308
996,"rand=1-1_rate=2_ROB=LH_Bias=Rct20_NRE20-35","1-1",2,"LH","Rct20_NRE20-35",0.182321556793955,0.182321556793955,0.182321556793955,0.182321556793955,0.182321556793955,0.300104592450338,0.231167465109857,0.231167465109857,-0.0959474969585135,TRUE,0.572719718957571,1.00099218888851,-0.206538535624859,FALSE,0.431381311218244,1.00099087577897,-0.024993489959616,TRUE,0.567740276492675,1.00227608776595,-0.297927047130382,FALSE,0.671445141121007,1.00101771390938
997,"rand=1-1_rate=2_ROB=LH_Bias=Rct20_NRE20-35","1-1",2,"LH","Rct20_NRE20-35",0.182321556793955,0.182321556793955,0.182321556793955,0.182321556793955,0.182321556793955,0.300104592450338,0.211190500809137,0.211190500809137,-0.293340718490095,TRUE,0.763763976834105,1.00098696347053,-0.333178044068396,FALSE,0.516060967618432,1.00102568280637,-0.525052135733738,FALSE,1.09858534566574,1.00108110208139,-0.251634423964022,TRUE,0.626709907216534,1.00098834337375
998,"rand=1-1_rate=2_ROB=LH_Bias=Rct20_NRE20-35","1-1",2,"LH","Rct20_NRE20-35",0.182321556793955,0.182321556793955,0.182321556793955,0.182321556793955,0.182321556793955,0.300104592450338,0.213531127059011,0.213531127059011,-0.414408211824111,FALSE,0.746072749760764,1.00101953286935,-0.327044494027051,FALSE,0.441360454427181,1.0009879849389,-0.557379171724756,FALSE,0.843799104558691,1.0011874309456,-0.253668332473149,TRUE,0.584529313044202,1.0009978796461
999,"rand=1-1_rate=2_ROB=LH_Bias=Rct20_NRE20-35","1-1",2,"LH","Rct20_NRE20-35",0.182321556793955,0.182321556793955,0.182321556793955,0.182321556793955,0.182321556793955,0.300104592450338,0.211192178513175,0.211192178513175,-0.305433601845681,FALSE,0.63980441389419,1.00106561013897,-0.296324058478586,FALSE,0.366128792882694,1.00129336518603,-0.240885341411248,TRUE,0.773164665775706,1.00143679302566,-0.311476638491831,FALSE,0.465768631962246,1.00098600397075
1000,"rand=1-1_rate=2_ROB=LH_Bias=Rct20_NRE20-35","1-1",2,"LH","Rct20_NRE20-35",0.182321556793955,0.182321556793955,0.182321556793955,0.182321556793955,0.182321556793955,0.300104592450338,0.206795240411391,0.206795240411391,-0.339461920602427,FALSE,0.693787363096023,1.00104118824656,-0.341590832147347,FALSE,0.43089784135839,1.00099689077829,-0.254771605840473,TRUE,0.779416489421437,1.00106559090177,-0.370949677665898,FALSE,0.588966245581126,1.00098690620977
