"sim","scenario","Rand","Nrct_rate","ROB_srt","bias_pattern","low_rct","unclear_rct","high_rct","low_obs","unclear_obs","high_obs","mean_true_bias","mean_abs_true_bias","bias","coverage","CIw","Rhat","bias_naive","coverage_naive","CIw_naive","R_naive","bias_rct_est","coverage_rct","CIw_rct","R_rct","bias_obs_est","coverage_obs","CIw_obs","R_rct.1"
1,"rand=1-1_rate=1.5_ROB=L_UH_Bias=NRE strong","1-1",1.5,"L_UH","NRE strong",0,0.048790164169432,0.0953101798043249,0.048790164169432,0.182321556793955,0.300104592450338,0.0777091728681821,0.0777369646651847,-0.0574398389932069,TRUE,0.419837845238134,1.00100143708775,-0.147614337413191,TRUE,0.392066937970676,1.00098823177651,0.0410178744971923,TRUE,0.460274297201652,1.00130312184116,-0.298244760222169,FALSE,0.665912635660483,1.00099812289566
2,"rand=1-1_rate=1.5_ROB=L_UH_Bias=NRE strong","1-1",1.5,"L_UH","NRE strong",0,0.048790164169432,0.0953101798043249,0.048790164169432,0.182321556793955,0.300104592450338,0.0765991903167067,0.0779763708453726,-0.126057595031564,TRUE,0.485200072133138,1.00098661175985,-0.163766618720986,FALSE,0.325334944665985,1.00103562952779,-0.0626590135919223,TRUE,0.540107509782193,1.0010141038309,-0.220770168454798,FALSE,0.466548916198649,1.00099864885132
3,"rand=1-1_rate=1.5_ROB=L_UH_Bias=NRE strong","1-1",1.5,"L_UH","NRE strong",0,0.048790164169432,0.0953101798043249,0.048790164169432,0.182321556793955,0.300104592450338,0.0643739096238108,0.0675890497629445,0.0617883811454588,TRUE,0.537090343629906,1.00102209646296,-0.0374459119469277,TRUE,0.504732944203582,1.00100441934333,-0.0416096420786374,TRUE,0.65626123700928,1.00107062024997,-0.0300887555713392,TRUE,1.06346332563396,1.00101432649862
4,"rand=1-1_rate=1.5_ROB=L_UH_Bias=NRE strong","1-1",1.5,"L_UH","NRE strong",0,0.048790164169432,0.0953101798043249,0.048790164169432,0.182321556793955,0.300104592450338,0.0709647664645184,0.0727067283427974,-0.10974949011269,TRUE,0.488324519618792,1.00134385700204,-0.0702899615873964,TRUE,0.289472386116637,1.00099102502266,-0.195865188742715,TRUE,0.516106053462823,1.00108259129317,-0.0129683595337642,TRUE,0.426416410314897,1.00099581200693
5,"rand=1-1_rate=1.5_ROB=L_UH_Bias=NRE strong","1-1",1.5,"L_UH","NRE strong",0,0.048790164169432,0.0953101798043249,0.048790164169432,0.182321556793955,0.300104592450338,0.0690141127307579,0.070086565036943,-0.14229011540457,TRUE,0.468864114424204,1.00111566193572,-0.158483719851964,FALSE,0.314067951722892,1.00098614915258,-0.155545515813864,TRUE,0.52946360182017,1.001179222742,-0.161510983898941,TRUE,0.507154936842132,1.00099099187851
6,"rand=1-1_rate=1.5_ROB=L_UH_Bias=NRE strong","1-1",1.5,"L_UH","NRE strong",0,0.048790164169432,0.0953101798043249,0.048790164169432,0.182321556793955,0.300104592450338,0.064844254466573,0.0658646592600746,0.0901207276571754,TRUE,0.374053793428574,1.00098801574834,-0.0130868254754857,TRUE,0.288636416010116,1.00098842188642,-0.0686901058866833,TRUE,0.471113097598648,1.0020141015791,0.0164207969986351,TRUE,0.47870511475873,1.00103140251576
7,"rand=1-1_rate=1.5_ROB=L_UH_Bias=NRE strong","1-1",1.5,"L_UH","NRE strong",0,0.048790164169432,0.0953101798043249,0.048790164169432,0.182321556793955,0.300104592450338,0.0718047499023636,0.0736498031040855,-0.031593135736943,TRUE,0.491257269927691,1.0010109038232,-0.0562419689587847,TRUE,0.405004841912775,1.00099199505776,-0.110908142775511,TRUE,0.584347088211174,1.00098815679136,-0.00425840809453093,TRUE,0.718573958965165,1.00099296640092
8,"rand=1-1_rate=1.5_ROB=L_UH_Bias=NRE strong","1-1",1.5,"L_UH","NRE strong",0,0.048790164169432,0.0953101798043249,0.048790164169432,0.182321556793955,0.300104592450338,0.0723107850251792,0.0730884436648924,-0.211293436551901,TRUE,0.54206663224682,1.00105592230688,-0.277373260479145,FALSE,0.442465716634072,1.00099662512181,-0.11483293934499,TRUE,0.743858510763252,1.00101606744472,-0.390912891328704,FALSE,0.541942609729107,1.00102750542111
9,"rand=1-1_rate=1.5_ROB=L_UH_Bias=NRE strong","1-1",1.5,"L_UH","NRE strong",0,0.048790164169432,0.0953101798043249,0.048790164169432,0.182321556793955,0.300104592450338,0.0748380863721991,0.075527194795997,-0.00748076026204259,TRUE,0.490590525359134,1.00102866203495,-0.0832440655854001,TRUE,0.432881156415708,1.00102985897828,-0.0360314198615839,TRUE,0.476875643348094,1.00128080626975,-0.119515206547812,TRUE,1.00885978998221,1.00098790497199
10,"rand=1-1_rate=1.5_ROB=L_UH_Bias=NRE strong","1-1",1.5,"L_UH","NRE strong",0,0.048790164169432,0.0953101798043249,0.048790164169432,0.182321556793955,0.300104592450338,0.0712426926535038,0.071894061840692,-0.0341721131478518,TRUE,0.450105658845697,1.00098827499044,-0.0929304819132137,TRUE,0.335571082713288,1.00098925125616,-0.0989847039235714,TRUE,0.488301383489316,1.00109604384936,-0.0901984480660287,TRUE,0.617981705686568,1.00098893098141
11,"rand=1-1_rate=1.5_ROB=L_UH_Bias=NRE strong","1-1",1.5,"L_UH","NRE strong",0,0.048790164169432,0.0953101798043249,0.048790164169432,0.182321556793955,0.300104592450338,0.0805702806556484,0.0840748302881487,-0.0897949545595786,TRUE,0.445218911028914,1.00102906650594,-0.134877045186313,TRUE,0.351891732820438,1.00099477452413,-0.32483958107753,FALSE,0.650072934130526,1.00100898101215,-0.0482017420371292,TRUE,0.470604156117833,1.00113484876471
12,"rand=1-1_rate=1.5_ROB=L_UH_Bias=NRE strong","1-1",1.5,"L_UH","NRE strong",0,0.048790164169432,0.0953101798043249,0.048790164169432,0.182321556793955,0.300104592450338,0.0702465414142158,0.0731116051811,0.107105285795101,TRUE,0.524997065675565,1.00099948098,-0.0263996708415217,TRUE,0.455724290213966,1.00099161927905,0.209686052089028,TRUE,0.392074477313232,1.0009871311442,-0.364911333224873,TRUE,0.98804205372929,1.00104166375384
13,"rand=1-1_rate=1.5_ROB=L_UH_Bias=NRE strong","1-1",1.5,"L_UH","NRE strong",0,0.048790164169432,0.0953101798043249,0.048790164169432,0.182321556793955,0.300104592450338,0.0768614368547609,0.0786714488971131,-0.108823319371043,TRUE,0.502085922049477,1.00109763138388,-0.199495075780513,FALSE,0.426095262956938,1.00101688674066,-0.161835812589974,TRUE,0.53365238918358,1.00099612386988,-0.232258067339588,TRUE,0.912153058227989,1.00098940691554
14,"rand=1-1_rate=1.5_ROB=L_UH_Bias=NRE strong","1-1",1.5,"L_UH","NRE strong",0,0.048790164169432,0.0953101798043249,0.048790164169432,0.182321556793955,0.300104592450338,0.0674167870919391,0.0696819362605528,-0.0112505212292826,TRUE,0.497643607016,1.00111385665872,-0.0725984937300721,TRUE,0.410108079131553,1.00098624643335,0.0394063440523982,TRUE,0.431800569132472,1.00105299017629,-0.177942834288241,TRUE,0.924074826806531,1.00100445155547
15,"rand=1-1_rate=1.5_ROB=L_UH_Bias=NRE strong","1-1",1.5,"L_UH","NRE strong",0,0.048790164169432,0.0953101798043249,0.048790164169432,0.182321556793955,0.300104592450338,0.073042750964748,0.075774429607444,0.0403897045921244,TRUE,0.443528047020886,1.00119502018833,0.00291011625080539,TRUE,0.330723263861274,1.00099234117039,0.0461231030235724,TRUE,0.465484233475641,1.00106798543277,-0.0305310929238327,TRUE,0.608542333840505,1.00103040785878
16,"rand=1-1_rate=1.5_ROB=L_UH_Bias=NRE strong","1-1",1.5,"L_UH","NRE strong",0,0.048790164169432,0.0953101798043249,0.048790164169432,0.182321556793955,0.300104592450338,0.0803710901949062,0.0831213028356654,0.0422719928690314,TRUE,0.482836741302221,1.00101083468885,-0.00670203536756508,TRUE,0.400195964835008,1.00100365840927,-0.010934270346098,TRUE,0.502836057863861,1.0009955699947,0.00520329996638647,TRUE,0.808260886592856,1.00098649521416
17,"rand=1-1_rate=1.5_ROB=L_UH_Bias=NRE strong","1-1",1.5,"L_UH","NRE strong",0,0.048790164169432,0.0953101798043249,0.048790164169432,0.182321556793955,0.300104592450338,0.0697850629661066,0.074493080104307,-0.0150826518614087,TRUE,0.466903412168793,1.00103946712574,-0.0119113176717889,TRUE,0.324253627273184,1.0010234832168,-0.103454729822281,TRUE,0.497798278966502,1.00155556560403,0.0443041731899335,TRUE,0.540493713719104,1.00098901243693
18,"rand=1-1_rate=1.5_ROB=L_UH_Bias=NRE strong","1-1",1.5,"L_UH","NRE strong",0,0.048790164169432,0.0953101798043249,0.048790164169432,0.182321556793955,0.300104592450338,0.0768718635360148,0.079912014843055,-0.0494486678466617,TRUE,0.509804814272116,1.00099702609081,-0.0677251471393863,TRUE,0.376373519029002,1.00099197008105,-0.112737400087041,TRUE,0.575051994448965,1.00175290918864,-0.0346646527580905,TRUE,0.633731010058423,1.00099169619063
19,"rand=1-1_rate=1.5_ROB=L_UH_Bias=NRE strong","1-1",1.5,"L_UH","NRE strong",0,0.048790164169432,0.0953101798043249,0.048790164169432,0.182321556793955,0.300104592450338,0.0778581836532006,0.0779917666155931,-0.0157499680743283,TRUE,0.535298961569824,1.00099350406935,-0.0483024078504783,TRUE,0.50014817345099,1.00098606768948,0.131711732189545,TRUE,0.468023428168352,1.00098615766604,-0.321700464607902,TRUE,1.22419423763395,1.00098640918357
20,"rand=1-1_rate=1.5_ROB=L_UH_Bias=NRE strong","1-1",1.5,"L_UH","NRE strong",0,0.048790164169432,0.0953101798043249,0.048790164169432,0.182321556793955,0.300104592450338,0.0672970698333469,0.0684286881245914,-0.0809865409382466,TRUE,0.536157413102459,1.00098600395469,-0.134008698407147,TRUE,0.45549827392004,1.00111596142544,-0.0814610873711084,TRUE,0.511655540516029,1.00112229369176,-0.195867356667138,TRUE,1.01750538751688,1.0009864985506
21,"rand=1-1_rate=1.5_ROB=L_UH_Bias=NRE strong","1-1",1.5,"L_UH","NRE strong",0,0.048790164169432,0.0953101798043249,0.048790164169432,0.182321556793955,0.300104592450338,0.0711466844597858,0.071742853721404,-0.0853856840589358,TRUE,0.517862880238381,1.00099852127408,-0.142041396937727,TRUE,0.393032570511966,1.00098842700956,0.0270155736669021,TRUE,0.509690793692636,1.00098702575372,-0.278035001209659,TRUE,0.650836805470869,1.00107121784872
22,"rand=1-1_rate=1.5_ROB=L_UH_Bias=NRE strong","1-1",1.5,"L_UH","NRE strong",0,0.048790164169432,0.0953101798043249,0.048790164169432,0.182321556793955,0.300104592450338,0.0794619734758585,0.0799954533894108,-0.153295637673386,TRUE,0.581579279351685,1.00111926703132,-0.270577192510632,FALSE,0.493640837403954,1.00108045266615,-0.085939292468159,TRUE,0.488192989459538,1.00136997704788,-0.463098711335249,FALSE,1.12072868667852,1.00099616280647
23,"rand=1-1_rate=1.5_ROB=L_UH_Bias=NRE strong","1-1",1.5,"L_UH","NRE strong",0,0.048790164169432,0.0953101798043249,0.048790164169432,0.182321556793955,0.300104592450338,0.0662877233779052,0.0680400141442212,-0.0977750466044145,TRUE,0.478133635453564,1.00098627998955,-0.105391899662896,TRUE,0.356247604828972,1.00099056011536,-0.00930679655764277,TRUE,0.475969965446708,1.00098898878235,-0.173491153094514,TRUE,0.64518822173361,1.00099743737854
24,"rand=1-1_rate=1.5_ROB=L_UH_Bias=NRE strong","1-1",1.5,"L_UH","NRE strong",0,0.048790164169432,0.0953101798043249,0.048790164169432,0.182321556793955,0.300104592450338,0.0740968383548594,0.077071656589368,-0.0508070655961017,TRUE,0.401650861530185,1.00099306136796,-0.159762879749282,TRUE,0.377265708369647,1.0010059978305,-0.0304748559805654,TRUE,0.487611964697876,1.00098737894741,-0.250587002119881,TRUE,0.699826643321279,1.00098602018693
25,"rand=1-1_rate=1.5_ROB=L_UH_Bias=NRE strong","1-1",1.5,"L_UH","NRE strong",0,0.048790164169432,0.0953101798043249,0.048790164169432,0.182321556793955,0.300104592450338,0.0849215615556645,0.086978670104389,0.134142631561982,TRUE,0.431378907118377,1.00098732748379,0.114987770209789,TRUE,0.341406271055735,1.00108234319741,0.0502261455324881,TRUE,0.40641285728789,1.00329667750339,0.170234093728896,TRUE,0.736839746814798,1.00098919291299
26,"rand=1-1_rate=1.5_ROB=L_UH_Bias=NRE strong","1-1",1.5,"L_UH","NRE strong",0,0.048790164169432,0.0953101798043249,0.048790164169432,0.182321556793955,0.300104592450338,0.0840647382605907,0.0858147848690418,-0.277512551796591,FALSE,0.555694684540455,1.00098857978848,-0.336366346689396,FALSE,0.495350350395314,1.00103501621317,-0.353004125696227,FALSE,0.727419287738091,1.00099713010013,-0.322116096946635,TRUE,0.888604714195798,1.00098599090382
27,"rand=1-1_rate=1.5_ROB=L_UH_Bias=NRE strong","1-1",1.5,"L_UH","NRE strong",0,0.048790164169432,0.0953101798043249,0.048790164169432,0.182321556793955,0.300104592450338,0.0740309640909029,0.0765591606907818,0.0849832734533942,TRUE,0.473586172696351,1.00132417786637,-0.00836663850794372,TRUE,0.43335096316289,1.00110061419643,0.13772863430532,TRUE,0.433259043598551,1.0010765159438,-0.186039493981551,TRUE,1.02073423334388,1.00099324238601
28,"rand=1-1_rate=1.5_ROB=L_UH_Bias=NRE strong","1-1",1.5,"L_UH","NRE strong",0,0.048790164169432,0.0953101798043249,0.048790164169432,0.182321556793955,0.300104592450338,0.0792798011732433,0.0812803463518729,0.0451851045422439,TRUE,0.411101538347832,1.00103017652137,0.0452937517882377,TRUE,0.2902796082319,1.00098599086095,0.0348651146933003,TRUE,0.434254856981495,1.00120931708139,0.0482220543704288,TRUE,0.53573609161691,1.00098616738157
29,"rand=1-1_rate=1.5_ROB=L_UH_Bias=NRE strong","1-1",1.5,"L_UH","NRE strong",0,0.048790164169432,0.0953101798043249,0.048790164169432,0.182321556793955,0.300104592450338,0.0790968438697563,0.0801223140675683,-0.139072760629251,TRUE,0.636764334163604,1.00115019511895,-0.175455915942452,TRUE,0.525008942235518,1.00102620836928,-0.119440575135676,TRUE,0.64535732050168,1.00103227968097,-0.24400845898614,TRUE,1.15095958789129,1.00099122147101
30,"rand=1-1_rate=1.5_ROB=L_UH_Bias=NRE strong","1-1",1.5,"L_UH","NRE strong",0,0.048790164169432,0.0953101798043249,0.048790164169432,0.182321556793955,0.300104592450338,0.0670494361991965,0.0681481966491148,-0.0817418919602184,TRUE,0.54167475272641,1.00100465142085,-0.12084827181287,TRUE,0.442437771333268,1.00099238367465,-0.044025846284941,TRUE,0.485658208333608,1.00099772871544,-0.197597224690808,TRUE,0.997861632725482,1.00101709761041
31,"rand=1-1_rate=1.5_ROB=L_UH_Bias=NRE strong","1-1",1.5,"L_UH","NRE strong",0,0.048790164169432,0.0953101798043249,0.048790164169432,0.182321556793955,0.300104592450338,0.0702369968498704,0.0720163715805575,0.0714851568520769,TRUE,0.380299924118544,1.00099100605843,-0.010623327556702,TRUE,0.312409261913282,1.0010378119953,0.0693335598501704,TRUE,0.426914033121277,1.00118570848917,-0.0600196178418535,TRUE,0.552187530583298,1.0010173233239
32,"rand=1-1_rate=1.5_ROB=L_UH_Bias=NRE strong","1-1",1.5,"L_UH","NRE strong",0,0.048790164169432,0.0953101798043249,0.048790164169432,0.182321556793955,0.300104592450338,0.0791089334870605,0.080230412630103,-0.176002920279076,TRUE,0.50810381318085,1.00098628611151,-0.251814262418817,FALSE,0.3379548377291,1.0010045306825,-0.0430261569370427,TRUE,0.458932925382376,1.00105915607784,-0.361585317303224,FALSE,0.497510543393972,1.00098954502877
33,"rand=1-1_rate=1.5_ROB=L_UH_Bias=NRE strong","1-1",1.5,"L_UH","NRE strong",0,0.048790164169432,0.0953101798043249,0.048790164169432,0.182321556793955,0.300104592450338,0.0795336207111282,0.080544810457696,-0.00310549452254749,TRUE,0.450916490823225,1.00100712187289,-0.023898289762267,TRUE,0.315189060025511,1.00101193600984,0.0334895954826752,TRUE,0.443268701643976,1.00098610099498,-0.0631635647910764,TRUE,0.550377569682433,1.00098599049045
34,"rand=1-1_rate=1.5_ROB=L_UH_Bias=NRE strong","1-1",1.5,"L_UH","NRE strong",0,0.048790164169432,0.0953101798043249,0.048790164169432,0.182321556793955,0.300104592450338,0.0731791445868067,0.0756250609496487,-0.0200449369488775,TRUE,0.546392154156603,1.00106429748509,-0.0842047950982383,TRUE,0.416846230102133,1.0010230975112,-0.190761568559228,TRUE,0.659429254958291,1.00113164847883,0.00134085884449042,TRUE,0.649943727399547,1.00106227603931
35,"rand=1-1_rate=1.5_ROB=L_UH_Bias=NRE strong","1-1",1.5,"L_UH","NRE strong",0,0.048790164169432,0.0953101798043249,0.048790164169432,0.182321556793955,0.300104592450338,0.0819966604387033,0.0840419308437925,-0.00126577911009673,TRUE,0.460022084851394,1.00098895471037,-0.0867051068621041,TRUE,0.384799808827528,1.00099984361528,0.0420816721035099,TRUE,0.49919039761259,1.00113484474991,-0.189461269005574,TRUE,0.678918511554079,1.00098691951189
36,"rand=1-1_rate=1.5_ROB=L_UH_Bias=NRE strong","1-1",1.5,"L_UH","NRE strong",0,0.048790164169432,0.0953101798043249,0.048790164169432,0.182321556793955,0.300104592450338,0.0750876298769045,0.0759400074198472,-0.169231966389299,TRUE,0.484057132067751,1.00119054270511,-0.247866786970932,FALSE,0.360578753857751,1.00105689370808,-0.191287570580915,TRUE,0.527972711446986,1.00153770861733,-0.278250386853996,FALSE,0.631948927763191,1.00098612448865
37,"rand=1-1_rate=1.5_ROB=L_UH_Bias=NRE strong","1-1",1.5,"L_UH","NRE strong",0,0.048790164169432,0.0953101798043249,0.048790164169432,0.182321556793955,0.300104592450338,0.0684621825082007,0.0700468783868835,0.105730958774857,TRUE,0.437509566393153,1.0009862460927,0.0381416430791051,TRUE,0.376634017130139,1.00099348223979,0.163680595527618,TRUE,0.49891316815441,1.00098656793709,-0.084080480178927,TRUE,0.645680837093805,1.00099556186937
38,"rand=1-1_rate=1.5_ROB=L_UH_Bias=NRE strong","1-1",1.5,"L_UH","NRE strong",0,0.048790164169432,0.0953101798043249,0.048790164169432,0.182321556793955,0.300104592450338,0.0751743720161663,0.0770390765640271,-0.00573183340175487,TRUE,0.607889826231157,1.00107089144834,-0.11309159045235,TRUE,0.544326818001619,1.00098720979485,-0.0426959202796402,TRUE,0.666489972268283,1.00098608557861,-0.197476222145228,TRUE,1.21736436576024,1.00098649331003
39,"rand=1-1_rate=1.5_ROB=L_UH_Bias=NRE strong","1-1",1.5,"L_UH","NRE strong",0,0.048790164169432,0.0953101798043249,0.048790164169432,0.182321556793955,0.300104592450338,0.0788249482359345,0.0811852000755222,-0.179553800648665,TRUE,0.495827661911776,1.00112163272965,-0.24225577085017,FALSE,0.332294991770656,1.00098759138616,-0.131158716678254,TRUE,0.55024411162644,1.00126553021255,-0.297485252874161,FALSE,0.514153924419901,1.00098616122125
40,"rand=1-1_rate=1.5_ROB=L_UH_Bias=NRE strong","1-1",1.5,"L_UH","NRE strong",0,0.048790164169432,0.0953101798043249,0.048790164169432,0.182321556793955,0.300104592450338,0.0721118924743916,0.0742158717581722,0.0592674189972855,TRUE,0.48282459989033,1.00102515609828,0.00542056972837501,TRUE,0.430956833050429,1.00099161214143,0.116511884142005,TRUE,0.503829965886196,1.00098655163471,-0.134008255305403,TRUE,0.932383556814155,1.00098720588516
41,"rand=1-1_rate=1.5_ROB=L_UH_Bias=NRE strong","1-1",1.5,"L_UH","NRE strong",0,0.048790164169432,0.0953101798043249,0.048790164169432,0.182321556793955,0.300104592450338,0.057847630679429,0.0596076631193295,-0.0965478169203395,TRUE,0.532148847520751,1.0012432863395,-0.110409058953665,TRUE,0.375976355022344,1.00099130726294,-0.0468307526734755,TRUE,0.515154833624843,1.00118462428611,-0.160505281681826,TRUE,0.674139176735402,1.00099298992643
42,"rand=1-1_rate=1.5_ROB=L_UH_Bias=NRE strong","1-1",1.5,"L_UH","NRE strong",0,0.048790164169432,0.0953101798043249,0.048790164169432,0.182321556793955,0.300104592450338,0.064530665856803,0.0655381397958019,-0.103033390098694,TRUE,0.514522073319816,1.00103624658131,-0.0729153831810025,TRUE,0.340062809046223,1.00099352276417,-0.0755690732309902,TRUE,0.503290751979391,1.00098654618964,-0.0705572045412088,TRUE,0.596695798795809,1.00105693096101
43,"rand=1-1_rate=1.5_ROB=L_UH_Bias=NRE strong","1-1",1.5,"L_UH","NRE strong",0,0.048790164169432,0.0953101798043249,0.048790164169432,0.182321556793955,0.300104592450338,0.0856643737482821,0.0866537800101507,-0.113087219620904,TRUE,0.538630009220796,1.00116277299372,-0.180144059595996,TRUE,0.415217213327368,1.00098694515991,-0.0567599765718396,TRUE,0.480201809024029,1.00119269176413,-0.274590585264079,TRUE,0.860554361468683,1.00099275462871
44,"rand=1-1_rate=1.5_ROB=L_UH_Bias=NRE strong","1-1",1.5,"L_UH","NRE strong",0,0.048790164169432,0.0953101798043249,0.048790164169432,0.182321556793955,0.300104592450338,0.0710981894341653,0.0736828270145697,-0.158044313098352,TRUE,0.583225878821139,1.00107922828864,-0.213329913388258,TRUE,0.508272924682856,1.00100680210901,-0.0936546992280338,TRUE,0.614846764339377,1.00102402296057,-0.34167486994152,TRUE,1.05302030306838,1.00098611624581
45,"rand=1-1_rate=1.5_ROB=L_UH_Bias=NRE strong","1-1",1.5,"L_UH","NRE strong",0,0.048790164169432,0.0953101798043249,0.048790164169432,0.182321556793955,0.300104592450338,0.0678151591344275,0.0703884739900923,-0.163062269792491,TRUE,0.459148186952606,1.00098685129601,-0.231353438890691,FALSE,0.385913229063174,1.00099883396399,-0.308582852712456,FALSE,0.696204272724877,1.0009861473363,-0.1891615672578,TRUE,0.55615203125569,1.00098615034784
46,"rand=1-1_rate=1.5_ROB=L_UH_Bias=NRE strong","1-1",1.5,"L_UH","NRE strong",0,0.048790164169432,0.0953101798043249,0.048790164169432,0.182321556793955,0.300104592450338,0.0642694626576855,0.0668838686165057,-0.12795423874305,TRUE,0.558385392257468,1.00098716918406,-0.212687013752944,FALSE,0.446036465085187,1.00102166341898,-0.160728798530057,TRUE,0.60677309543027,1.0011495640913,-0.248606740033051,TRUE,0.849450355018034,1.00098722150668
47,"rand=1-1_rate=1.5_ROB=L_UH_Bias=NRE strong","1-1",1.5,"L_UH","NRE strong",0,0.048790164169432,0.0953101798043249,0.048790164169432,0.182321556793955,0.300104592450338,0.0748781601354267,0.0759328290619526,0.00177714181952338,TRUE,0.545510445725699,1.00098598993655,-0.140074212559906,TRUE,0.606341058218022,1.00098607424067,0.0370602021184033,TRUE,0.473123609763084,1.000999090141,-0.381221803407328,TRUE,1.88592826942365,1.00098705719857
48,"rand=1-1_rate=1.5_ROB=L_UH_Bias=NRE strong","1-1",1.5,"L_UH","NRE strong",0,0.048790164169432,0.0953101798043249,0.048790164169432,0.182321556793955,0.300104592450338,0.0819260350611212,0.0828574625170693,-0.0564994605693678,TRUE,0.45773197243431,1.00138730414422,-0.145159516148535,TRUE,0.315294378080254,1.00101369842434,-0.0529076081092932,TRUE,0.445155350377006,1.0014400951762,-0.196730302868277,TRUE,0.558393688608005,1.00103048028831
49,"rand=1-1_rate=1.5_ROB=L_UH_Bias=NRE strong","1-1",1.5,"L_UH","NRE strong",0,0.048790164169432,0.0953101798043249,0.048790164169432,0.182321556793955,0.300104592450338,0.073552619805386,0.0749619120859013,0.12897612105546,TRUE,0.339727186041654,1.00118003854283,0.083725087932121,TRUE,0.277406884671045,1.001115647138,0.14295604522974,TRUE,0.527489984791756,1.0010372900539,0.0493537750685838,TRUE,0.365006048765806,1.00116650245804
50,"rand=1-1_rate=1.5_ROB=L_UH_Bias=NRE strong","1-1",1.5,"L_UH","NRE strong",0,0.048790164169432,0.0953101798043249,0.048790164169432,0.182321556793955,0.300104592450338,0.068887738931407,0.0700550944147134,0.0345891078849592,TRUE,0.411533042686529,1.00110849463682,-0.0421198134906011,TRUE,0.408338165983661,1.00100369713065,-0.0243625474990867,TRUE,0.469185737267061,1.00119875682815,-0.0500911491305427,TRUE,0.921616469822667,1.00098615263548
51,"rand=1-1_rate=1.5_ROB=L_UH_Bias=NRE strong","1-1",1.5,"L_UH","NRE strong",0,0.048790164169432,0.0953101798043249,0.048790164169432,0.182321556793955,0.300104592450338,0.0536849214818696,0.0553896758148764,0.137375328483744,TRUE,0.331863938718596,1.00113659282839,0.0818676342648313,TRUE,0.225607647715669,1.00131761985964,0.157379138572663,TRUE,0.392799613727149,1.00100878763613,0.0501246681917598,TRUE,0.326371146281809,1.00098926541874
52,"rand=1-1_rate=1.5_ROB=L_UH_Bias=NRE strong","1-1",1.5,"L_UH","NRE strong",0,0.048790164169432,0.0953101798043249,0.048790164169432,0.182321556793955,0.300104592450338,0.054469140523342,0.0578821659508348,-0.0406786135093793,TRUE,0.534436312488647,1.00116836128079,-0.0240682623225532,TRUE,0.376204243150065,1.00104894606432,0.0979989773428727,TRUE,0.457358118494443,1.00161751452006,-0.132430280080179,TRUE,0.696592560210003,1.00103696137885
53,"rand=1-1_rate=1.5_ROB=L_UH_Bias=NRE strong","1-1",1.5,"L_UH","NRE strong",0,0.048790164169432,0.0953101798043249,0.048790164169432,0.182321556793955,0.300104592450338,0.062478258835607,0.06385016870935,-0.145715210753049,TRUE,0.604163140883034,1.00103234238726,-0.186341791374507,TRUE,0.501855323415248,1.0010035358452,-0.022662718824999,TRUE,0.652098405762765,1.00099316799984,-0.377467630945241,FALSE,0.878224716249758,1.00098915776957
54,"rand=1-1_rate=1.5_ROB=L_UH_Bias=NRE strong","1-1",1.5,"L_UH","NRE strong",0,0.048790164169432,0.0953101798043249,0.048790164169432,0.182321556793955,0.300104592450338,0.0652763064246295,0.0674236143348598,-0.000168151183004062,TRUE,0.409010117249179,1.001543846326,-0.0863305804444123,TRUE,0.278243777547777,1.0010291245975,0.0974662825044341,TRUE,0.39212959499271,1.00154825206243,-0.171987318339817,TRUE,0.429432963369913,1.00101723890498
55,"rand=1-1_rate=1.5_ROB=L_UH_Bias=NRE strong","1-1",1.5,"L_UH","NRE strong",0,0.048790164169432,0.0953101798043249,0.048790164169432,0.182321556793955,0.300104592450338,0.0605746156984671,0.0707602294418865,0.0228270065680343,TRUE,0.496806430056173,1.00099567444181,-0.0399553798167511,TRUE,0.400459736477142,1.00098599114797,-0.0495349739841711,TRUE,0.622218876986307,1.00109062103598,-0.0310528027043262,TRUE,0.681202569827301,1.00100730317819
56,"rand=1-1_rate=1.5_ROB=L_UH_Bias=NRE strong","1-1",1.5,"L_UH","NRE strong",0,0.048790164169432,0.0953101798043249,0.048790164169432,0.182321556793955,0.300104592450338,0.0638315114684626,0.0647093099079511,-0.255209434621724,TRUE,0.608984279182722,1.00101571148368,-0.228097345955843,FALSE,0.424589904613065,1.00098633017931,-0.29809482384574,FALSE,0.61621817663936,1.00103863175771,-0.180695742598765,TRUE,0.742851665797822,1.00099007853995
57,"rand=1-1_rate=1.5_ROB=L_UH_Bias=NRE strong","1-1",1.5,"L_UH","NRE strong",0,0.048790164169432,0.0953101798043249,0.048790164169432,0.182321556793955,0.300104592450338,0.075996117836667,0.0771710465207072,-0.12613134908419,TRUE,0.573264457751804,1.00100749500594,-0.316081469699065,FALSE,0.548817147776416,1.00098913332556,-0.175182565713205,TRUE,0.538818621514206,1.00098671604016,-0.445934757165691,TRUE,1.35885288071723,1.0009874471385
58,"rand=1-1_rate=1.5_ROB=L_UH_Bias=NRE strong","1-1",1.5,"L_UH","NRE strong",0,0.048790164169432,0.0953101798043249,0.048790164169432,0.182321556793955,0.300104592450338,0.0659492608402297,0.0679080361201353,-0.0849005025858898,TRUE,0.53352943587871,1.00099302894964,-0.0472319618137795,TRUE,0.363744307627074,1.00101335784476,-0.18956933985854,TRUE,0.514171744219916,1.0013811225529,0.0515851986901108,TRUE,0.67755299600915,1.00100414299362
59,"rand=1-1_rate=1.5_ROB=L_UH_Bias=NRE strong","1-1",1.5,"L_UH","NRE strong",0,0.048790164169432,0.0953101798043249,0.048790164169432,0.182321556793955,0.300104592450338,0.0693989539302909,0.0700689554066443,-0.13108743908014,TRUE,0.540496587455983,1.00098599661669,-0.170634615770063,TRUE,0.404979322930895,1.00099812065021,-0.100287747188049,TRUE,0.535341471098493,1.0009866592275,-0.225465973649607,TRUE,0.766143195189303,1.00100210988355
60,"rand=1-1_rate=1.5_ROB=L_UH_Bias=NRE strong","1-1",1.5,"L_UH","NRE strong",0,0.048790164169432,0.0953101798043249,0.048790164169432,0.182321556793955,0.300104592450338,0.0889070025521568,0.089937376114404,0.0257654832104088,TRUE,0.490216179907728,1.00108036355146,-0.0536240333927887,TRUE,0.450225773006059,1.00100645246043,0.0160333310288349,TRUE,0.456636682242547,1.00106147289548,-0.13041429939836,TRUE,1.12627712461732,1.00100781797151
61,"rand=1-1_rate=1.5_ROB=L_UH_Bias=NRE strong","1-1",1.5,"L_UH","NRE strong",0,0.048790164169432,0.0953101798043249,0.048790164169432,0.182321556793955,0.300104592450338,0.0682902308761012,0.0706273932451974,-0.133561514173347,TRUE,0.524073208729525,1.00099180940103,-0.207725204827486,FALSE,0.437141271177165,1.00099142274488,-0.1432959563998,TRUE,0.497157102100323,1.00142329687774,-0.270306683476689,TRUE,0.994699046491389,1.00098599781019
62,"rand=1-1_rate=1.5_ROB=L_UH_Bias=NRE strong","1-1",1.5,"L_UH","NRE strong",0,0.048790164169432,0.0953101798043249,0.048790164169432,0.182321556793955,0.300104592450338,0.0804150302286175,0.0832743400304163,0.0180300305382736,TRUE,0.52628865316326,1.00157487387951,-0.0320791590924536,TRUE,0.412581949374775,1.00099908536639,0.0240189980870402,TRUE,0.534444038855782,1.0010937861976,-0.0870172419673347,TRUE,0.815382288083936,1.00101327372401
63,"rand=1-1_rate=1.5_ROB=L_UH_Bias=NRE strong","1-1",1.5,"L_UH","NRE strong",0,0.048790164169432,0.0953101798043249,0.048790164169432,0.182321556793955,0.300104592450338,0.076639560092858,0.0788810239412366,-0.176363719528542,TRUE,0.513882704099233,1.00099176478355,-0.128010196633303,TRUE,0.355013975268894,1.00115826101831,-0.194137741847917,TRUE,0.569695912272793,1.0013429205727,-0.0868840492407523,TRUE,0.568827537673731,1.00103307092932
64,"rand=1-1_rate=1.5_ROB=L_UH_Bias=NRE strong","1-1",1.5,"L_UH","NRE strong",0,0.048790164169432,0.0953101798043249,0.048790164169432,0.182321556793955,0.300104592450338,0.0597451475412249,0.0635880645676413,0.0126284779870942,TRUE,0.505809362026296,1.00099049235965,-0.0303860897153645,TRUE,0.407454501205559,1.00100429383025,0.0286039515721536,TRUE,0.555093051214218,1.00106035621332,-0.0869759460561916,TRUE,0.769374470642433,1.00100108730817
65,"rand=1-1_rate=1.5_ROB=L_UH_Bias=NRE strong","1-1",1.5,"L_UH","NRE strong",0,0.048790164169432,0.0953101798043249,0.048790164169432,0.182321556793955,0.300104592450338,0.0604379484792665,0.0632929249466687,0.0586964707299061,TRUE,0.349032245417568,1.00101052456627,-0.0322844280244432,TRUE,0.30789790430548,1.00099330373806,0.142554370583187,TRUE,0.380114476158059,1.00111325280814,-0.148942844038462,TRUE,0.504920047196485,1.00098616447812
66,"rand=1-1_rate=1.5_ROB=L_UH_Bias=NRE strong","1-1",1.5,"L_UH","NRE strong",0,0.048790164169432,0.0953101798043249,0.048790164169432,0.182321556793955,0.300104592450338,0.075200334335385,0.0771138000646562,-0.168902361694821,TRUE,0.585576579796001,1.00103745991851,-0.12429259892986,TRUE,0.417306518397058,1.00098862982809,-0.254269021965259,FALSE,0.541585803439727,1.00098946600404,-0.0184669084454812,TRUE,0.792723932067194,1.00098856721229
67,"rand=1-1_rate=1.5_ROB=L_UH_Bias=NRE strong","1-1",1.5,"L_UH","NRE strong",0,0.048790164169432,0.0953101798043249,0.048790164169432,0.182321556793955,0.300104592450338,0.0657376550236229,0.0673268716861936,-0.0551378965955611,TRUE,0.435409654843275,1.0013576838845,-0.119881798059478,TRUE,0.270818019387629,1.00103039479057,-0.0620361196750889,TRUE,0.484120184631967,1.00109937398956,-0.142075722032742,TRUE,0.410317281740543,1.00099710575354
68,"rand=1-1_rate=1.5_ROB=L_UH_Bias=NRE strong","1-1",1.5,"L_UH","NRE strong",0,0.048790164169432,0.0953101798043249,0.048790164169432,0.182321556793955,0.300104592450338,0.0810720501451041,0.0853428936449377,-0.0579926922604568,TRUE,0.558794154073826,1.00099346677667,-0.193077445771915,TRUE,0.587891882019482,1.00098711215189,-0.0953429097351814,TRUE,0.801549909616707,1.00102611628147,-0.323224413164111,TRUE,1.16342137617353,1.0010036748235
69,"rand=1-1_rate=1.5_ROB=L_UH_Bias=NRE strong","1-1",1.5,"L_UH","NRE strong",0,0.048790164169432,0.0953101798043249,0.048790164169432,0.182321556793955,0.300104592450338,0.0685605715363109,0.0698396488646084,-0.121772305568163,TRUE,0.440755343934097,1.00136807131341,-0.151305325676418,FALSE,0.313783164894079,1.00101400710783,-0.231311020325673,TRUE,0.547317917535714,1.00100873892283,-0.115276241407813,TRUE,0.502882280768002,1.00099632743254
70,"rand=1-1_rate=1.5_ROB=L_UH_Bias=NRE strong","1-1",1.5,"L_UH","NRE strong",0,0.048790164169432,0.0953101798043249,0.048790164169432,0.182321556793955,0.300104592450338,0.0531731325809947,0.0571534435719269,0.0282741461819119,TRUE,0.450904202766997,1.00099595041463,-0.0307020303627488,TRUE,0.363408351768497,1.00101339475209,0.0779466430360654,TRUE,0.424245345269667,1.00103833479134,-0.134161478278155,TRUE,0.761598110852237,1.00113366619755
71,"rand=1-1_rate=1.5_ROB=L_UH_Bias=NRE strong","1-1",1.5,"L_UH","NRE strong",0,0.048790164169432,0.0953101798043249,0.048790164169432,0.182321556793955,0.300104592450338,0.0544368581016968,0.056335523950239,0.118475648318025,TRUE,0.386710623921367,1.00104506986766,0.0589376717918306,TRUE,0.298533607328439,1.00100304361465,0.140855994450076,TRUE,0.409124612821989,1.00100980568456,-0.00278495237907839,TRUE,0.538409826516399,1.00098599069619
72,"rand=1-1_rate=1.5_ROB=L_UH_Bias=NRE strong","1-1",1.5,"L_UH","NRE strong",0,0.048790164169432,0.0953101798043249,0.048790164169432,0.182321556793955,0.300104592450338,0.0762238712804181,0.0787166615965557,0.15740066011855,TRUE,0.383332951995883,1.00099543693751,0.0725877380853276,TRUE,0.36266874124958,1.00101297459872,0.139180804843241,TRUE,0.386374145889152,1.00098681354774,0.00121909812500842,TRUE,0.876651322883573,1.00101115107218
73,"rand=1-1_rate=1.5_ROB=L_UH_Bias=NRE strong","1-1",1.5,"L_UH","NRE strong",0,0.048790164169432,0.0953101798043249,0.048790164169432,0.182321556793955,0.300104592450338,0.0724682508249226,0.0740872968682825,0.0121906109730159,TRUE,0.498572441782283,1.00117745912615,-0.0393726038427313,TRUE,0.379518816236581,1.0009903685872,-0.102002697510368,TRUE,0.647051229283441,1.00098648898484,0.00873864903095722,TRUE,0.55872042534607,1.00102416156154
74,"rand=1-1_rate=1.5_ROB=L_UH_Bias=NRE strong","1-1",1.5,"L_UH","NRE strong",0,0.048790164169432,0.0953101798043249,0.048790164169432,0.182321556793955,0.300104592450338,0.0783569475188881,0.0793179048754571,0.0330176612345632,TRUE,0.528497162396403,1.00110339747901,-0.0490786544741573,TRUE,0.411907206022732,1.00099291101499,-0.174361628242472,TRUE,0.591352482703968,1.00108647334358,0.0569020832551909,TRUE,0.705231271337656,1.00100841476389
75,"rand=1-1_rate=1.5_ROB=L_UH_Bias=NRE strong","1-1",1.5,"L_UH","NRE strong",0,0.048790164169432,0.0953101798043249,0.048790164169432,0.182321556793955,0.300104592450338,0.0733416160597118,0.0756031962899626,0.0477782955725525,TRUE,0.364336102040942,1.00100440232558,-0.0321897317827271,TRUE,0.277338923718173,1.00102833628148,0.0924564350939012,TRUE,0.418546232332136,1.00173765726147,-0.0976136418172786,TRUE,0.417427090066589,1.00098743883613
76,"rand=1-1_rate=1.5_ROB=L_UH_Bias=NRE strong","1-1",1.5,"L_UH","NRE strong",0,0.048790164169432,0.0953101798043249,0.048790164169432,0.182321556793955,0.300104592450338,0.0791748416602278,0.081688235891196,-0.363382479379615,FALSE,0.777864498670772,1.00104578052827,-0.239339668624393,FALSE,0.479539579085475,1.00099898335147,-0.573896220739398,FALSE,0.770764458515558,1.00153780308954,-0.0226384033483611,TRUE,0.52750060257828,1.00101567547872
77,"rand=1-1_rate=1.5_ROB=L_UH_Bias=NRE strong","1-1",1.5,"L_UH","NRE strong",0,0.048790164169432,0.0953101798043249,0.048790164169432,0.182321556793955,0.300104592450338,0.0696529393729563,0.07090296988719,0.0221363496858932,TRUE,0.446099859237176,1.00108884959906,-0.0528430980978558,TRUE,0.379807236175227,1.00106458248282,-0.00385820512988988,TRUE,0.540717272979224,1.00105264085235,-0.0968760369242232,TRUE,0.676744819393092,1.00105247065292
78,"rand=1-1_rate=1.5_ROB=L_UH_Bias=NRE strong","1-1",1.5,"L_UH","NRE strong",0,0.048790164169432,0.0953101798043249,0.048790164169432,0.182321556793955,0.300104592450338,0.0792422649154835,0.0810376644256952,-0.122765039668778,TRUE,0.499962156028201,1.00098883079922,-0.123557922323744,TRUE,0.307725543847747,1.00098601797076,-0.188167745731507,TRUE,0.564603469034042,1.00110745362999,-0.0944040964281636,TRUE,0.45340174200615,1.00102079995745
79,"rand=1-1_rate=1.5_ROB=L_UH_Bias=NRE strong","1-1",1.5,"L_UH","NRE strong",0,0.048790164169432,0.0953101798043249,0.048790164169432,0.182321556793955,0.300104592450338,0.076727770498644,0.0783961846453592,0.0534501759458591,TRUE,0.449565321528554,1.00098748024381,-0.00554400288509505,TRUE,0.418040975456458,1.00112095456361,0.0408853369538085,TRUE,0.42240112245843,1.00217655804242,-0.0575791912974228,TRUE,1.06936820242267,1.00099228262391
80,"rand=1-1_rate=1.5_ROB=L_UH_Bias=NRE strong","1-1",1.5,"L_UH","NRE strong",0,0.048790164169432,0.0953101798043249,0.048790164169432,0.182321556793955,0.300104592450338,0.0706352907632612,0.0725623551587844,0.0151833855487172,TRUE,0.533471967056241,1.00100343252624,-0.0901680417980244,TRUE,0.524026062282475,1.00099122219999,0.115455614135876,TRUE,0.514396829087515,1.00127808328433,-0.407575172279543,TRUE,1.2494538348533,1.00099045334493
81,"rand=1-1_rate=1.5_ROB=L_UH_Bias=NRE strong","1-1",1.5,"L_UH","NRE strong",0,0.048790164169432,0.0953101798043249,0.048790164169432,0.182321556793955,0.300104592450338,0.0737785667187924,0.0750463513392147,-0.0554557429782601,TRUE,0.450434268338726,1.00104515913869,-0.0530960985031057,TRUE,0.295476830102971,1.00100187888556,-0.136049911653984,TRUE,0.545375125921039,1.00122198976471,-0.0169954244143198,TRUE,0.43057422376,1.0009950996262
82,"rand=1-1_rate=1.5_ROB=L_UH_Bias=NRE strong","1-1",1.5,"L_UH","NRE strong",0,0.048790164169432,0.0953101798043249,0.048790164169432,0.182321556793955,0.300104592450338,0.0753698601079255,0.0775715666521724,0.024531378771007,TRUE,0.443676654950972,1.00128461511291,-0.0506081011544315,TRUE,0.417467138684641,1.00104695300398,0.0982656389980534,TRUE,0.401230093464534,1.00098605665015,-0.22854937467905,TRUE,1.00832469673561,1.00099708677674
83,"rand=1-1_rate=1.5_ROB=L_UH_Bias=NRE strong","1-1",1.5,"L_UH","NRE strong",0,0.048790164169432,0.0953101798043249,0.048790164169432,0.182321556793955,0.300104592450338,0.0748848058824029,0.0765831431560399,6.63497440877014e-05,TRUE,0.423482818869579,1.00106507019196,-0.114154649161945,TRUE,0.401351509719958,1.00099237633786,-0.0200360002427682,TRUE,0.433408582057344,1.00382904998777,-0.20058349149189,TRUE,0.964847615127925,1.00100030425379
84,"rand=1-1_rate=1.5_ROB=L_UH_Bias=NRE strong","1-1",1.5,"L_UH","NRE strong",0,0.048790164169432,0.0953101798043249,0.048790164169432,0.182321556793955,0.300104592450338,0.0578007898109712,0.0637130048459676,-0.231789804740341,TRUE,0.675786826619471,1.0009865955417,-0.304035852087185,FALSE,0.549883824248801,1.00105106968426,-0.265530080289458,TRUE,0.76097579465646,1.00104170035762,-0.342787687434981,TRUE,1.07187751031466,1.00098612410745
85,"rand=1-1_rate=1.5_ROB=L_UH_Bias=NRE strong","1-1",1.5,"L_UH","NRE strong",0,0.048790164169432,0.0953101798043249,0.048790164169432,0.182321556793955,0.300104592450338,0.0852117409712161,0.0868613698977809,-0.0910974074103106,TRUE,0.445913200586718,1.001141021794,-0.0739196768334196,TRUE,0.274894483011521,1.00098867208951,-0.083368814600763,TRUE,0.451239835033542,1.0009879034398,-0.0682745254597787,TRUE,0.46319996542603,1.00098965605482
86,"rand=1-1_rate=1.5_ROB=L_UH_Bias=NRE strong","1-1",1.5,"L_UH","NRE strong",0,0.048790164169432,0.0953101798043249,0.048790164169432,0.182321556793955,0.300104592450338,0.0612472109253329,0.0624997986304183,-0.246863409548026,TRUE,0.590277443137416,1.00098929673342,-0.292809629439626,FALSE,0.438936417868386,1.00098864118708,-0.206050186469058,TRUE,0.685490552097706,1.00099856035237,-0.357648377337201,FALSE,0.685587329048007,1.00098914385396
87,"rand=1-1_rate=1.5_ROB=L_UH_Bias=NRE strong","1-1",1.5,"L_UH","NRE strong",0,0.048790164169432,0.0953101798043249,0.048790164169432,0.182321556793955,0.300104592450338,0.0708544884738083,0.0718205853305697,0.00369840556735235,TRUE,0.459239240257429,1.00106278678052,0.00865129190337177,TRUE,0.330710758338794,1.00098774096776,-0.0549151783717534,TRUE,0.444615848544446,1.00175082100384,0.0534658527275341,TRUE,0.634559154324149,1.00099444492181
88,"rand=1-1_rate=1.5_ROB=L_UH_Bias=NRE strong","1-1",1.5,"L_UH","NRE strong",0,0.048790164169432,0.0953101798043249,0.048790164169432,0.182321556793955,0.300104592450338,0.0692869568836543,0.0736877047842784,-0.102532677816047,TRUE,0.490403630984412,1.00099216627101,-0.142551588018501,TRUE,0.318048688034725,1.00099854000643,-0.012990740854957,TRUE,0.532908722322137,1.00099573229867,-0.205978807984428,FALSE,0.450732871342348,1.00103976406422
89,"rand=1-1_rate=1.5_ROB=L_UH_Bias=NRE strong","1-1",1.5,"L_UH","NRE strong",0,0.048790164169432,0.0953101798043249,0.048790164169432,0.182321556793955,0.300104592450338,0.0722794938274049,0.0736576600159985,0.0267480918860536,TRUE,0.376959363674598,1.00103105850669,-0.080412272858351,TRUE,0.348932972590677,1.00099066894207,0.03357728892044,TRUE,0.433353709504941,1.00155875746382,-0.175368801829481,TRUE,0.681432681097495,1.00098599112155
90,"rand=1-1_rate=1.5_ROB=L_UH_Bias=NRE strong","1-1",1.5,"L_UH","NRE strong",0,0.048790164169432,0.0953101798043249,0.048790164169432,0.182321556793955,0.300104592450338,0.0774012353957909,0.0788963239021365,-0.138734633886888,TRUE,0.439874140768843,1.00101866642766,-0.157790853440599,FALSE,0.249160111430559,1.00112160890045,-0.120571549027247,TRUE,0.512622498426433,1.00126956776278,-0.170373470354491,FALSE,0.324858823867689,1.00109152398629
91,"rand=1-1_rate=1.5_ROB=L_UH_Bias=NRE strong","1-1",1.5,"L_UH","NRE strong",0,0.048790164169432,0.0953101798043249,0.048790164169432,0.182321556793955,0.300104592450338,0.0656298505848509,0.0669911400968026,0.0171441782067596,TRUE,0.419080331739187,1.0010359506725,-0.0767358407134209,TRUE,0.348196900310028,1.00098718624747,0.0660454171077189,TRUE,0.421018314163465,1.00125649190536,-0.185077929634788,TRUE,0.659710209696653,1.0009862551371
92,"rand=1-1_rate=1.5_ROB=L_UH_Bias=NRE strong","1-1",1.5,"L_UH","NRE strong",0,0.048790164169432,0.0953101798043249,0.048790164169432,0.182321556793955,0.300104592450338,0.0695933288973312,0.0714108933150146,-0.226285744904165,TRUE,0.604575884978984,1.00109014561829,-0.272784748189661,FALSE,0.462838686277512,1.00139189990514,-0.198638495837172,TRUE,0.652159095430795,1.00102584108314,-0.346652792089319,TRUE,0.849451479544003,1.0009901186815
93,"rand=1-1_rate=1.5_ROB=L_UH_Bias=NRE strong","1-1",1.5,"L_UH","NRE strong",0,0.048790164169432,0.0953101798043249,0.048790164169432,0.182321556793955,0.300104592450338,0.0713710517996928,0.0731187622409931,-0.0412463530072649,TRUE,0.523983853719969,1.00098622974891,-0.0610434236014636,TRUE,0.38275983606412,1.00101774143072,-0.000552970784035489,TRUE,0.589849529864665,1.00098628398418,-0.104308018989318,TRUE,0.625762282409773,1.00098799298433
94,"rand=1-1_rate=1.5_ROB=L_UH_Bias=NRE strong","1-1",1.5,"L_UH","NRE strong",0,0.048790164169432,0.0953101798043249,0.048790164169432,0.182321556793955,0.300104592450338,0.0686441297616271,0.0701995500080983,-0.134760569317151,TRUE,0.62137662730875,1.001007426214,-0.135245897485027,TRUE,0.546716026341698,1.00102319268262,-0.0608163432756927,TRUE,0.531462119662676,1.00137028569444,-0.255260197446549,TRUE,1.45703388149367,1.00098986544013
95,"rand=1-1_rate=1.5_ROB=L_UH_Bias=NRE strong","1-1",1.5,"L_UH","NRE strong",0,0.048790164169432,0.0953101798043249,0.048790164169432,0.182321556793955,0.300104592450338,0.0777978379844812,0.0806464397715314,0.0794409526455726,TRUE,0.436988257728248,1.00103583178447,0.0131056500958073,TRUE,0.327684259588288,1.00099001006693,0.0956154335659075,TRUE,0.450362287563171,1.00195720938658,-0.0423764058238885,TRUE,0.593343930988411,1.00104183327046
96,"rand=1-1_rate=1.5_ROB=L_UH_Bias=NRE strong","1-1",1.5,"L_UH","NRE strong",0,0.048790164169432,0.0953101798043249,0.048790164169432,0.182321556793955,0.300104592450338,0.0627513365568221,0.0640502353727873,0.0182752235101254,TRUE,0.451031001876166,1.00098646219925,-0.100628273918614,TRUE,0.440951725669201,1.00098603701561,0.00545921210194422,TRUE,0.581217679189429,1.00098975099043,-0.206788197556139,TRUE,0.831472139586761,1.00098658436449
97,"rand=1-1_rate=1.5_ROB=L_UH_Bias=NRE strong","1-1",1.5,"L_UH","NRE strong",0,0.048790164169432,0.0953101798043249,0.048790164169432,0.182321556793955,0.300104592450338,0.0598176190386117,0.0615711224370594,-0.097799995854122,TRUE,0.457657122985535,1.00100047713871,-0.145714133223461,TRUE,0.310391393044019,1.00104790882214,-0.0769799606583206,TRUE,0.471322675210391,1.00130287670769,-0.187417972058475,TRUE,0.539680745404713,1.00098785262691
98,"rand=1-1_rate=1.5_ROB=L_UH_Bias=NRE strong","1-1",1.5,"L_UH","NRE strong",0,0.048790164169432,0.0953101798043249,0.048790164169432,0.182321556793955,0.300104592450338,0.0786561157595963,0.0797913148428559,-0.140154031540815,TRUE,0.550222847870179,1.00099893860606,-0.231763179841964,FALSE,0.469370103956707,1.00115858175693,-0.0517660983528623,TRUE,0.473141120018676,1.00172180245757,-0.42415225675836,TRUE,1.04980278123255,1.00098622446261
99,"rand=1-1_rate=1.5_ROB=L_UH_Bias=NRE strong","1-1",1.5,"L_UH","NRE strong",0,0.048790164169432,0.0953101798043249,0.048790164169432,0.182321556793955,0.300104592450338,0.0797183746267686,0.0803364873403207,0.00226911751637016,TRUE,0.407784900660041,1.00100384076231,-0.0417805393425847,TRUE,0.37510730453741,1.00098971002198,0.133048271186723,TRUE,0.476598432412559,1.00098689683632,-0.202220857762669,TRUE,0.592612748004358,1.00098631305566
100,"rand=1-1_rate=1.5_ROB=L_UH_Bias=NRE strong","1-1",1.5,"L_UH","NRE strong",0,0.048790164169432,0.0953101798043249,0.048790164169432,0.182321556793955,0.300104592450338,0.0587956970783041,0.0597232099991918,-0.0551242388842204,TRUE,0.486177224068544,1.00172350793357,-0.0373011525743718,TRUE,0.314722398200105,1.00102506786422,-0.0682441704337775,TRUE,0.5260069796172,1.00098609151427,-0.0218542116845502,TRUE,0.50090339468836,1.00098623796173
101,"rand=1-1_rate=1.5_ROB=L_UH_Bias=NRE strong","1-1",1.5,"L_UH","NRE strong",0,0.048790164169432,0.0953101798043249,0.048790164169432,0.182321556793955,0.300104592450338,0.0583735434271232,0.0614741772164238,-0.0921578385183632,TRUE,0.591062658806183,1.00101643029118,-0.163982602048148,TRUE,0.480735371327856,1.00098995519959,-0.179017732769015,TRUE,0.782385234818087,1.00098619271438,-0.154829076169119,TRUE,0.775422459376064,1.00099955619954
102,"rand=1-1_rate=1.5_ROB=L_UH_Bias=NRE strong","1-1",1.5,"L_UH","NRE strong",0,0.048790164169432,0.0953101798043249,0.048790164169432,0.182321556793955,0.300104592450338,0.0696101882610018,0.0730234874286712,-0.242113448480197,TRUE,0.58398260904285,1.00115192406788,-0.220091626381885,FALSE,0.423199946522201,1.00099007525654,-0.289829449728262,FALSE,0.571080557945254,1.00127096688588,-0.165877578003082,TRUE,0.80131690085637,1.00098606978562
103,"rand=1-1_rate=1.5_ROB=L_UH_Bias=NRE strong","1-1",1.5,"L_UH","NRE strong",0,0.048790164169432,0.0953101798043249,0.048790164169432,0.182321556793955,0.300104592450338,0.0859195286372162,0.0871937291175663,0.00371459831105092,TRUE,0.423364413167295,1.00189220573359,-0.112302734737103,TRUE,0.381038792221019,1.001117480194,-0.0248720619014091,TRUE,0.449963298804698,1.0011060349955,-0.184622797788058,TRUE,0.822126872528992,1.00100762088807
104,"rand=1-1_rate=1.5_ROB=L_UH_Bias=NRE strong","1-1",1.5,"L_UH","NRE strong",0,0.048790164169432,0.0953101798043249,0.048790164169432,0.182321556793955,0.300104592450338,0.0712101076578283,0.0725815133773853,0.0179660636846197,TRUE,0.521408930830849,1.0010666707033,-0.0988825347001268,TRUE,0.494755701894808,1.00098678592658,0.113584870668129,TRUE,0.407922905337142,1.00135645393277,-0.382409065470088,TRUE,1.30691876132165,1.00098599420538
105,"rand=1-1_rate=1.5_ROB=L_UH_Bias=NRE strong","1-1",1.5,"L_UH","NRE strong",0,0.048790164169432,0.0953101798043249,0.048790164169432,0.182321556793955,0.300104592450338,0.0791139345079764,0.0842488621984212,-0.17962654266277,TRUE,0.498342133976421,1.00111107177128,-0.231527807145372,FALSE,0.34202572491102,1.00099642657701,-0.0983887494762246,TRUE,0.489397570555173,1.00117492514196,-0.305332692581522,FALSE,0.545690618346756,1.00102811747701
106,"rand=1-1_rate=1.5_ROB=L_UH_Bias=NRE strong","1-1",1.5,"L_UH","NRE strong",0,0.048790164169432,0.0953101798043249,0.048790164169432,0.182321556793955,0.300104592450338,0.0663523823927697,0.0700239206243937,-0.0572410732240551,TRUE,0.416669403498865,1.00098658161137,-0.10320581027249,TRUE,0.275934249829965,1.0012340984128,-0.0453867580980614,TRUE,0.559035874385158,1.00103799368229,-0.126788724491597,TRUE,0.373973742189115,1.00107881432261
107,"rand=1-1_rate=1.5_ROB=L_UH_Bias=NRE strong","1-1",1.5,"L_UH","NRE strong",0,0.048790164169432,0.0953101798043249,0.048790164169432,0.182321556793955,0.300104592450338,0.101292959830767,0.102469478516117,-0.181216132872104,TRUE,0.63555418403228,1.00179554660408,-0.19252876568398,TRUE,0.521737310841615,1.00098757517767,-0.316126990593319,FALSE,0.617383842048667,1.00169118634917,-0.0657664454536548,TRUE,1.07006494033967,1.0009985226187
108,"rand=1-1_rate=1.5_ROB=L_UH_Bias=NRE strong","1-1",1.5,"L_UH","NRE strong",0,0.048790164169432,0.0953101798043249,0.048790164169432,0.182321556793955,0.300104592450338,0.0808990298445374,0.0818815891239849,-0.302271408074317,FALSE,0.532557806589266,1.00100008527609,-0.348953988232901,FALSE,0.453143222701995,1.00103969764833,-0.0372700863732809,TRUE,0.501045666477268,1.00100011791344,-0.57664904941541,FALSE,0.523900822267828,1.00111181948556
109,"rand=1-1_rate=1.5_ROB=L_UH_Bias=NRE strong","1-1",1.5,"L_UH","NRE strong",0,0.048790164169432,0.0953101798043249,0.048790164169432,0.182321556793955,0.300104592450338,0.0679629729958566,0.0690004789364277,-0.0988473812991886,TRUE,0.403225432683405,1.00102487065796,-0.171169798096148,FALSE,0.288721157885065,1.00105984593314,-0.052452528807418,TRUE,0.472886872409688,1.00156113074051,-0.225648720485498,FALSE,0.433021561222191,1.0010635054742
110,"rand=1-1_rate=1.5_ROB=L_UH_Bias=NRE strong","1-1",1.5,"L_UH","NRE strong",0,0.048790164169432,0.0953101798043249,0.048790164169432,0.182321556793955,0.300104592450338,0.0730048535112734,0.0770708564574969,-0.120470337500111,TRUE,0.59937449772891,1.00101731685986,-0.157084917320107,TRUE,0.488703139795807,1.00098722444358,-0.242159872352229,TRUE,0.664988987995461,1.00099810663336,-0.0762205006441756,TRUE,0.910340933229352,1.00098663796221
111,"rand=1-1_rate=1.5_ROB=L_UH_Bias=NRE strong","1-1",1.5,"L_UH","NRE strong",0,0.048790164169432,0.0953101798043249,0.048790164169432,0.182321556793955,0.300104592450338,0.0668288556176288,0.0687447740186914,0.0404135890576751,TRUE,0.388552845303515,1.00108705463471,-0.0681006962227713,TRUE,0.310294037641078,1.00106054483919,-0.115269265552226,TRUE,0.512231024975033,1.001325574325,-0.0409388697445323,TRUE,0.502825120095436,1.00098874031026
112,"rand=1-1_rate=1.5_ROB=L_UH_Bias=NRE strong","1-1",1.5,"L_UH","NRE strong",0,0.048790164169432,0.0953101798043249,0.048790164169432,0.182321556793955,0.300104592450338,0.0591814416981056,0.064300455939769,0.0299165283248677,TRUE,0.459607963297587,1.00292544856597,-0.0397283547139407,TRUE,0.389931797688613,1.00098930869518,0.0631679968296246,TRUE,0.45529083380489,1.00135507153403,-0.126768069474219,TRUE,0.815161070672016,1.00099300014457
113,"rand=1-1_rate=1.5_ROB=L_UH_Bias=NRE strong","1-1",1.5,"L_UH","NRE strong",0,0.048790164169432,0.0953101798043249,0.048790164169432,0.182321556793955,0.300104592450338,0.0615306087050829,0.0619030474375042,-0.153467025528947,TRUE,0.550309230838507,1.00100073522924,-0.246315559915455,FALSE,0.470700398475402,1.00098706943404,-0.0400102244664928,TRUE,0.471928024353146,1.00165096273693,-0.465537062706056,FALSE,1.04406113751539,1.00108926818025
114,"rand=1-1_rate=1.5_ROB=L_UH_Bias=NRE strong","1-1",1.5,"L_UH","NRE strong",0,0.048790164169432,0.0953101798043249,0.048790164169432,0.182321556793955,0.300104592450338,0.0693855034838192,0.0716085198372549,-0.0142443205674365,TRUE,0.542248135500831,1.00098639501063,-0.0790279387987558,TRUE,0.450449962728389,1.00100153270097,0.0177502933502901,TRUE,0.619810343576573,1.00110768576854,-0.17519832863897,TRUE,0.826418767958289,1.00098708299458
115,"rand=1-1_rate=1.5_ROB=L_UH_Bias=NRE strong","1-1",1.5,"L_UH","NRE strong",0,0.048790164169432,0.0953101798043249,0.048790164169432,0.182321556793955,0.300104592450338,0.0641885651377081,0.0654629566893601,0.0494558748043178,TRUE,0.42026257786744,1.00099958572864,-0.062418880876272,TRUE,0.485944490848249,1.00098729068461,0.0681314184209455,TRUE,0.429014444637475,1.00098702199584,-0.214851568915827,TRUE,1.32036456818005,1.00099831620698
116,"rand=1-1_rate=1.5_ROB=L_UH_Bias=NRE strong","1-1",1.5,"L_UH","NRE strong",0,0.048790164169432,0.0953101798043249,0.048790164169432,0.182321556793955,0.300104592450338,0.0727544728583673,0.0737578288246966,0.0361939789572024,TRUE,0.41661091685481,1.00108821101735,-0.0485527444071816,TRUE,0.386136228838582,1.0010108753592,0.0257277552906825,TRUE,0.42551147334296,1.00105848858645,-0.115322265486178,TRUE,0.880051086883207,1.0009928404606
117,"rand=1-1_rate=1.5_ROB=L_UH_Bias=NRE strong","1-1",1.5,"L_UH","NRE strong",0,0.048790164169432,0.0953101798043249,0.048790164169432,0.182321556793955,0.300104592450338,0.073872002420454,0.0760325401379821,0.0427715015413459,TRUE,0.458859994073476,1.00106024400554,-0.0657691963415639,TRUE,0.420349736745388,1.00098718731252,0.0615842013630374,TRUE,0.46488481589731,1.00130799403265,-0.195211953899113,TRUE,0.906433765165928,1.00100743112192
118,"rand=1-1_rate=1.5_ROB=L_UH_Bias=NRE strong","1-1",1.5,"L_UH","NRE strong",0,0.048790164169432,0.0953101798043249,0.048790164169432,0.182321556793955,0.300104592450338,0.0722719042196563,0.0747379407885208,-0.0176109090460239,TRUE,0.544940521064554,1.00099457804801,-0.0869515084750481,TRUE,0.54613494938108,1.00101119319573,0.00260665892365541,TRUE,0.483959559325408,1.00118844263382,-0.204569878467659,TRUE,1.55172818047392,1.00112989462121
119,"rand=1-1_rate=1.5_ROB=L_UH_Bias=NRE strong","1-1",1.5,"L_UH","NRE strong",0,0.048790164169432,0.0953101798043249,0.048790164169432,0.182321556793955,0.300104592450338,0.0693488375148782,0.0731697466085251,0.0169259980842296,TRUE,0.553012152877437,1.00102051777176,0.050870768926406,TRUE,0.434697043476284,1.000994480941,0.185601419730175,TRUE,0.524029539819207,1.0009860577176,-0.127658284510984,TRUE,0.902714149990085,1.00100528637185
120,"rand=1-1_rate=1.5_ROB=L_UH_Bias=NRE strong","1-1",1.5,"L_UH","NRE strong",0,0.048790164169432,0.0953101798043249,0.048790164169432,0.182321556793955,0.300104592450338,0.0798735596144127,0.0803082236344594,0.125812206477893,TRUE,0.450405245914426,1.00098758182257,0.0582974660909692,TRUE,0.335371174479054,1.00101450766726,0.291935645758079,FALSE,0.330129291457933,1.00123796008004,-0.155111092417501,TRUE,0.429918319418453,1.00102488895022
121,"rand=1-1_rate=1.5_ROB=L_UH_Bias=NRE strong","1-1",1.5,"L_UH","NRE strong",0,0.048790164169432,0.0953101798043249,0.048790164169432,0.182321556793955,0.300104592450338,0.075910573060678,0.0782860395170345,-0.166610217894929,TRUE,0.645859238938356,1.00103372226724,-0.147744746921223,TRUE,0.424182153124791,1.0011021671878,0.0543307230900734,TRUE,0.547255791257433,1.00098730084698,-0.339936328429289,FALSE,0.614025277734537,1.00098924106566
122,"rand=1-1_rate=1.5_ROB=L_UH_Bias=NRE strong","1-1",1.5,"L_UH","NRE strong",0,0.048790164169432,0.0953101798043249,0.048790164169432,0.182321556793955,0.300104592450338,0.0637297324507369,0.0667776173019202,-0.136354293761892,TRUE,0.57855929357899,1.0009983019749,-0.145140097803508,TRUE,0.417005697689896,1.00099098853061,0.0291855180797174,TRUE,0.615398244820441,1.00098685037411,-0.289583059440139,FALSE,0.582597805274003,1.00099523103213
123,"rand=1-1_rate=1.5_ROB=L_UH_Bias=NRE strong","1-1",1.5,"L_UH","NRE strong",0,0.048790164169432,0.0953101798043249,0.048790164169432,0.182321556793955,0.300104592450338,0.0729411378255797,0.0761850409160748,-0.0636617959416013,TRUE,0.536515458111359,1.00098845409477,-0.0375705414528416,TRUE,0.376041309841125,1.00100556897862,-0.0176899987416177,TRUE,0.541577631950444,1.00099623658122,-0.0462648517379003,TRUE,0.671425213569643,1.00099526686718
124,"rand=1-1_rate=1.5_ROB=L_UH_Bias=NRE strong","1-1",1.5,"L_UH","NRE strong",0,0.048790164169432,0.0953101798043249,0.048790164169432,0.182321556793955,0.300104592450338,0.076632138897666,0.0775185046734226,-0.183744394055714,TRUE,0.571078653564243,1.00098962272603,-0.284961631707347,FALSE,0.524572004639529,1.0009861088334,-0.198058208292726,TRUE,0.561270187297181,1.0010748126358,-0.388673458421522,TRUE,1.23694258545232,1.00100507363575
125,"rand=1-1_rate=1.5_ROB=L_UH_Bias=NRE strong","1-1",1.5,"L_UH","NRE strong",0,0.048790164169432,0.0953101798043249,0.048790164169432,0.182321556793955,0.300104592450338,0.0604148384036212,0.0609983364867647,-0.0526278080049327,TRUE,0.546703203008745,1.00104646227363,-0.117609522697953,TRUE,0.465182942389977,1.00102843201933,0.0138723199778283,TRUE,0.472455672963501,1.00139916039214,-0.266265017966411,TRUE,1.13010955023716,1.0009860219447
126,"rand=1-1_rate=1.5_ROB=L_UH_Bias=NRE strong","1-1",1.5,"L_UH","NRE strong",0,0.048790164169432,0.0953101798043249,0.048790164169432,0.182321556793955,0.300104592450338,0.0707003237920242,0.0727942116080892,0.0480494042369229,TRUE,0.453815051474278,1.00114955994299,-0.0138494763418273,TRUE,0.35155397751626,1.00099980255163,-0.058522833847453,TRUE,0.472037420549107,1.00115651559782,0.0207779813204955,TRUE,0.669083450829305,1.0009875333487
127,"rand=1-1_rate=1.5_ROB=L_UH_Bias=NRE strong","1-1",1.5,"L_UH","NRE strong",0,0.048790164169432,0.0953101798043249,0.048790164169432,0.182321556793955,0.300104592450338,0.0621488413198212,0.0636050509851675,0.0405865676947073,TRUE,0.418012082830215,1.00108518191443,-0.0118073625142256,TRUE,0.295329113874008,1.00098607448804,0.107787934027456,TRUE,0.413375192511996,1.00165749156567,-0.0844257485309792,TRUE,0.469663974610758,1.00098657506343
128,"rand=1-1_rate=1.5_ROB=L_UH_Bias=NRE strong","1-1",1.5,"L_UH","NRE strong",0,0.048790164169432,0.0953101798043249,0.048790164169432,0.182321556793955,0.300104592450338,0.0699817765608421,0.0714553077548321,-0.139690401913024,TRUE,0.543617148331533,1.00102325786337,-0.18789337672747,TRUE,0.410184432645157,1.00098742481552,-0.0601688065943322,TRUE,0.519953166635921,1.00104206511725,-0.292810060676395,TRUE,0.799269925809213,1.00098765521394
129,"rand=1-1_rate=1.5_ROB=L_UH_Bias=NRE strong","1-1",1.5,"L_UH","NRE strong",0,0.048790164169432,0.0953101798043249,0.048790164169432,0.182321556793955,0.300104592450338,0.0758610818493059,0.0772479879505785,-0.161579664477462,TRUE,0.578373661532096,1.00101551319723,-0.282100091284596,FALSE,0.496606922903502,1.00098613706805,-0.224754427666832,TRUE,0.603963894666182,1.00103836314048,-0.325408403918461,TRUE,1.04650401043409,1.00102737676649
130,"rand=1-1_rate=1.5_ROB=L_UH_Bias=NRE strong","1-1",1.5,"L_UH","NRE strong",0,0.048790164169432,0.0953101798043249,0.048790164169432,0.182321556793955,0.300104592450338,0.0846007137711088,0.0871398739217317,-0.0766790114718363,TRUE,0.453993637815272,1.0009913075454,-0.16610643175022,FALSE,0.341303950251523,1.0010320439856,-0.0430096607549229,TRUE,0.456345836169752,1.00112692728286,-0.245079197437115,TRUE,0.613881906960093,1.00108281923713
131,"rand=1-1_rate=1.5_ROB=L_UH_Bias=NRE strong","1-1",1.5,"L_UH","NRE strong",0,0.048790164169432,0.0953101798043249,0.048790164169432,0.182321556793955,0.300104592450338,0.0755848228363726,0.0770781009463519,-0.048899796178393,TRUE,0.485798748056619,1.00119300779023,-0.0665303000405113,TRUE,0.401741966328148,1.00098628926439,0.0187234475634853,TRUE,0.467076819975086,1.00098773734255,-0.158813673751329,TRUE,0.869035150893286,1.00099689203508
132,"rand=1-1_rate=1.5_ROB=L_UH_Bias=NRE strong","1-1",1.5,"L_UH","NRE strong",0,0.048790164169432,0.0953101798043249,0.048790164169432,0.182321556793955,0.300104592450338,0.0669866931410904,0.0702839276236284,-0.12348403490291,TRUE,0.59263955169667,1.00167861795931,-0.258846779928479,TRUE,0.608002018656342,1.00100502449607,-0.036479553841273,TRUE,0.471917577719038,1.00099024358942,-0.591845170589011,TRUE,1.86164982855575,1.00099396759422
133,"rand=1-1_rate=1.5_ROB=L_UH_Bias=NRE strong","1-1",1.5,"L_UH","NRE strong",0,0.048790164169432,0.0953101798043249,0.048790164169432,0.182321556793955,0.300104592450338,0.0669152156863901,0.06986588351247,-0.0211436544698531,TRUE,0.542044460715084,1.00098646275027,-0.054488380587582,TRUE,0.422157994332842,1.00098721661063,0.125343046343556,TRUE,0.415082343550993,1.00116252042262,-0.268764369437985,TRUE,0.880081693909464,1.00098606442676
134,"rand=1-1_rate=1.5_ROB=L_UH_Bias=NRE strong","1-1",1.5,"L_UH","NRE strong",0,0.048790164169432,0.0953101798043249,0.048790164169432,0.182321556793955,0.300104592450338,0.0756458213384505,0.0777906934218689,-0.0545901033541134,TRUE,0.515083640483452,1.0010154725255,-0.115403837487302,TRUE,0.445656882396312,1.00101378287088,0.0150671859888861,TRUE,0.489592987666358,1.00185121147946,-0.260681035697732,TRUE,0.969570734980936,1.00100330280626
135,"rand=1-1_rate=1.5_ROB=L_UH_Bias=NRE strong","1-1",1.5,"L_UH","NRE strong",0,0.048790164169432,0.0953101798043249,0.048790164169432,0.182321556793955,0.300104592450338,0.079558485649173,0.0804252640864404,-0.0852583833742173,TRUE,0.599840549145294,1.00101858008692,-0.128025519181172,TRUE,0.507882648613898,1.00100317547221,-0.11235842936797,TRUE,0.71123109549969,1.00104829213923,-0.139773892406644,TRUE,0.964240497794397,1.00099608529362
136,"rand=1-1_rate=1.5_ROB=L_UH_Bias=NRE strong","1-1",1.5,"L_UH","NRE strong",0,0.048790164169432,0.0953101798043249,0.048790164169432,0.182321556793955,0.300104592450338,0.0703652891095277,0.0725529177377684,-0.0410735412938783,TRUE,0.538367414535241,1.00109378753292,-0.130512539152636,TRUE,0.446395550204966,1.00100521583646,0.0137582137244996,TRUE,0.470220131110053,1.0009954139022,-0.282411657957708,TRUE,0.994496243072811,1.00099056968973
137,"rand=1-1_rate=1.5_ROB=L_UH_Bias=NRE strong","1-1",1.5,"L_UH","NRE strong",0,0.048790164169432,0.0953101798043249,0.048790164169432,0.182321556793955,0.300104592450338,0.0654787137724639,0.0670297087600986,0.0446581267706483,TRUE,0.470400708685233,1.00135590958841,-0.0976300598160944,TRUE,0.434308009861413,1.00098784950995,-0.122728909983819,TRUE,0.520115462604074,1.00181986964616,-0.0669556162739948,TRUE,0.911596485149518,1.00104200316684
138,"rand=1-1_rate=1.5_ROB=L_UH_Bias=NRE strong","1-1",1.5,"L_UH","NRE strong",0,0.048790164169432,0.0953101798043249,0.048790164169432,0.182321556793955,0.300104592450338,0.0794824229388697,0.0801929738386531,-0.152272311482046,TRUE,0.549542506040213,1.00101099299654,-0.100134970884969,TRUE,0.42019732115225,1.00100931351189,-0.134105002440145,TRUE,0.488662144566523,1.00172821469864,-0.0814859129967707,TRUE,0.938538108946454,1.00100741523722
139,"rand=1-1_rate=1.5_ROB=L_UH_Bias=NRE strong","1-1",1.5,"L_UH","NRE strong",0,0.048790164169432,0.0953101798043249,0.048790164169432,0.182321556793955,0.300104592450338,0.0808760073418279,0.0843890097107299,0.0492468486024802,TRUE,0.472326157003167,1.00153423891681,2.46170008797453e-05,TRUE,0.386138715304733,1.0009862109544,-0.00942773089678717,TRUE,0.488499062790865,1.00105413322451,0.00938263135591311,TRUE,0.76627454284226,1.00098775045964
140,"rand=1-1_rate=1.5_ROB=L_UH_Bias=NRE strong","1-1",1.5,"L_UH","NRE strong",0,0.048790164169432,0.0953101798043249,0.048790164169432,0.182321556793955,0.300104592450338,0.0802669406997606,0.0812371596108225,0.00954755345275715,TRUE,0.451251876921669,1.00112513079442,-0.0293889535126575,TRUE,0.331340480034185,1.00105816692954,0.050520710914201,TRUE,0.403197212233725,1.00112028055894,-0.0890408365622533,TRUE,0.679078364126538,1.00100877519763
141,"rand=1-1_rate=1.5_ROB=L_UH_Bias=NRE strong","1-1",1.5,"L_UH","NRE strong",0,0.048790164169432,0.0953101798043249,0.048790164169432,0.182321556793955,0.300104592450338,0.0700368827547529,0.0768870928989166,-0.0781942737503498,TRUE,0.526093774496719,1.00108967060156,-0.0426867447964139,TRUE,0.375473875511899,1.00122220720948,-0.178837571838627,TRUE,0.542786802508877,1.00129932565115,0.063274650015185,TRUE,0.605678192206067,1.00101167827237
142,"rand=1-1_rate=1.5_ROB=L_UH_Bias=NRE strong","1-1",1.5,"L_UH","NRE strong",0,0.048790164169432,0.0953101798043249,0.048790164169432,0.182321556793955,0.300104592450338,0.064245607093475,0.066252325202816,-0.0594612579240068,TRUE,0.485307381304677,1.00215457336864,-0.0727494166276685,TRUE,0.354121914127314,1.00100785186372,-0.096495035040842,TRUE,0.474059489871264,1.00553776317141,-0.0561702570017131,TRUE,0.694912022895068,1.00098599280771
143,"rand=1-1_rate=1.5_ROB=L_UH_Bias=NRE strong","1-1",1.5,"L_UH","NRE strong",0,0.048790164169432,0.0953101798043249,0.048790164169432,0.182321556793955,0.300104592450338,0.0726585139783789,0.0744071260843932,-0.0930224015795529,TRUE,0.407547307164665,1.00102848799959,-0.154490393019584,TRUE,0.325104652416805,1.00102974413563,-0.0429645290233556,TRUE,0.4404641742419,1.00136908949075,-0.219727228133453,TRUE,0.57947766366,1.00101295023908
144,"rand=1-1_rate=1.5_ROB=L_UH_Bias=NRE strong","1-1",1.5,"L_UH","NRE strong",0,0.048790164169432,0.0953101798043249,0.048790164169432,0.182321556793955,0.300104592450338,0.054997335456686,0.0630014729410164,-0.148104977352443,TRUE,0.497030569454299,1.00098855889586,-0.154465385213669,TRUE,0.392537801379483,1.00101420740404,-0.0379146004980779,TRUE,0.464946587345959,1.00121209998114,-0.259780661416439,TRUE,0.796867033917542,1.00099683346117
145,"rand=1-1_rate=1.5_ROB=L_UH_Bias=NRE strong","1-1",1.5,"L_UH","NRE strong",0,0.048790164169432,0.0953101798043249,0.048790164169432,0.182321556793955,0.300104592450338,0.0752116697363888,0.0764320997323749,-0.0340382340821299,TRUE,0.523855588817513,1.00110616135703,-0.0535198422701428,TRUE,0.372248998704332,1.00098974583163,0.0648443538024545,TRUE,0.588396212477637,1.00098967700886,-0.15148281821657,TRUE,0.524611238783348,1.00098684746773
146,"rand=1-1_rate=1.5_ROB=L_UH_Bias=NRE strong","1-1",1.5,"L_UH","NRE strong",0,0.048790164169432,0.0953101798043249,0.048790164169432,0.182321556793955,0.300104592450338,0.0713915695031485,0.0732547118440577,-0.157148118859846,TRUE,0.647445350104343,1.00105308375173,-0.094871788961894,TRUE,0.437620065392501,1.00098682942358,-0.161362104951584,TRUE,0.707183704241405,1.00117607508095,-0.0335496014751722,TRUE,0.691760981781982,1.00104986013982
147,"rand=1-1_rate=1.5_ROB=L_UH_Bias=NRE strong","1-1",1.5,"L_UH","NRE strong",0,0.048790164169432,0.0953101798043249,0.048790164169432,0.182321556793955,0.300104592450338,0.0852391197570805,0.0867480268157272,-0.120908772361352,TRUE,0.561015720744405,1.00098820165554,-0.15210632375902,TRUE,0.426387877170244,1.00098865345189,-0.152738712310277,TRUE,0.677755794529097,1.00099637502201,-0.150504542480921,TRUE,0.698806718195193,1.00098770528348
148,"rand=1-1_rate=1.5_ROB=L_UH_Bias=NRE strong","1-1",1.5,"L_UH","NRE strong",0,0.048790164169432,0.0953101798043249,0.048790164169432,0.182321556793955,0.300104592450338,0.0745071385740729,0.0753005488581527,0.0927618615616637,TRUE,0.410278697651901,1.00137208433755,0.0162757007717272,TRUE,0.339014870667559,1.00099936013405,0.184681818792214,TRUE,0.390529494433826,1.00099815510256,-0.136862873796241,TRUE,0.562115711025378,1.0009933267932
149,"rand=1-1_rate=1.5_ROB=L_UH_Bias=NRE strong","1-1",1.5,"L_UH","NRE strong",0,0.048790164169432,0.0953101798043249,0.048790164169432,0.182321556793955,0.300104592450338,0.0739189461049724,0.07527864113236,-0.0733850996710892,TRUE,0.523125272353449,1.00126145509083,-0.107863003476599,TRUE,0.393151789695349,1.00098599230247,-0.0862015631294888,TRUE,0.508043094447572,1.00098968722328,-0.114426255770413,TRUE,0.781365613163134,1.00098603166937
150,"rand=1-1_rate=1.5_ROB=L_UH_Bias=NRE strong","1-1",1.5,"L_UH","NRE strong",0,0.048790164169432,0.0953101798043249,0.048790164169432,0.182321556793955,0.300104592450338,0.0779509612957657,0.0796338431925777,-0.169513585271383,TRUE,0.558251791615622,1.0015602983238,-0.221949140235701,FALSE,0.431716711272188,1.00099761361127,-0.251562009585834,FALSE,0.549829380605503,1.00106864325901,-0.190630181661553,TRUE,0.883585202280535,1.00101577678591
151,"rand=1-1_rate=1.5_ROB=L_UH_Bias=NRE strong","1-1",1.5,"L_UH","NRE strong",0,0.048790164169432,0.0953101798043249,0.048790164169432,0.182321556793955,0.300104592450338,0.0753808949345894,0.0755600301795931,-0.234078222632977,TRUE,0.587182186802919,1.00116488051955,-0.286564835967529,FALSE,0.445019113767106,1.00099753716503,0.0466130548321885,TRUE,0.452674841575994,1.00098599019734,-0.550393076412174,FALSE,0.42872277198291,1.00115968110147
152,"rand=1-1_rate=1.5_ROB=L_UH_Bias=NRE strong","1-1",1.5,"L_UH","NRE strong",0,0.048790164169432,0.0953101798043249,0.048790164169432,0.182321556793955,0.300104592450338,0.0851169347437405,0.0860077925058711,-0.12449441209093,TRUE,0.599516965342206,1.00103676945227,-0.220200787792169,TRUE,0.513703190094141,1.00098702719941,-0.140497402601116,TRUE,0.688211691170259,1.00101749048298,-0.306465476434331,TRUE,0.993039145581356,1.00100105340156
153,"rand=1-1_rate=1.5_ROB=L_UH_Bias=NRE strong","1-1",1.5,"L_UH","NRE strong",0,0.048790164169432,0.0953101798043249,0.048790164169432,0.182321556793955,0.300104592450338,0.0796052919758174,0.0827753122943438,-0.12432819053371,TRUE,0.540238528984549,1.0010504554704,-0.138180508211194,TRUE,0.377059532985153,1.00100833043083,-0.192269149522508,TRUE,0.657804538426941,1.00104817302916,-0.102813158433259,TRUE,0.555673681843806,1.0009914724041
154,"rand=1-1_rate=1.5_ROB=L_UH_Bias=NRE strong","1-1",1.5,"L_UH","NRE strong",0,0.048790164169432,0.0953101798043249,0.048790164169432,0.182321556793955,0.300104592450338,0.0823655882446006,0.0841269989560843,0.00460222214000039,TRUE,0.452996701141514,1.00099039541937,-0.114446345216063,TRUE,0.417803210854253,1.00098743998706,-0.20061612575388,TRUE,0.796211741727172,1.00102560166742,-0.0504398690775691,TRUE,0.49324276006677,1.00099714060901
155,"rand=1-1_rate=1.5_ROB=L_UH_Bias=NRE strong","1-1",1.5,"L_UH","NRE strong",0,0.048790164169432,0.0953101798043249,0.048790164169432,0.182321556793955,0.300104592450338,0.0621282350912305,0.0633582759232612,0.106519005921518,TRUE,0.590374495692396,1.00103015290132,0.0404223159584346,TRUE,0.488572282287443,1.00108569849386,0.265198727512917,TRUE,0.491003284738342,1.00105123684879,-0.324716790639945,TRUE,0.880116002011626,1.00102151092088
156,"rand=1-1_rate=1.5_ROB=L_UH_Bias=NRE strong","1-1",1.5,"L_UH","NRE strong",0,0.048790164169432,0.0953101798043249,0.048790164169432,0.182321556793955,0.300104592450338,0.0745527727484867,0.0758456288428515,0.0542535054441895,TRUE,0.370661948720214,1.0010783989607,-0.00719447608831469,TRUE,0.269441406995519,1.00099074859116,-0.0408619634759675,TRUE,0.473261723494827,1.00101656253953,0.00795812039487098,TRUE,0.425244110398181,1.00098604199416
157,"rand=1-1_rate=1.5_ROB=L_UH_Bias=NRE strong","1-1",1.5,"L_UH","NRE strong",0,0.048790164169432,0.0953101798043249,0.048790164169432,0.182321556793955,0.300104592450338,0.0713147612874809,0.0748329339743668,-0.133748977236107,TRUE,0.44390049427858,1.00102323970979,-0.1631638010811,FALSE,0.315295528345416,1.00098713648578,-0.091835241806794,TRUE,0.492400299931351,1.00100475321217,-0.202490316557159,TRUE,0.543486622100119,1.00098651120297
158,"rand=1-1_rate=1.5_ROB=L_UH_Bias=NRE strong","1-1",1.5,"L_UH","NRE strong",0,0.048790164169432,0.0953101798043249,0.048790164169432,0.182321556793955,0.300104592450338,0.080404848127193,0.0820868441240529,-0.23175620053599,TRUE,0.630150036226715,1.00145109599166,-0.277221146066055,FALSE,0.44576757406674,1.00098663232852,-0.122578570454384,TRUE,0.552450936914752,1.00101116647404,-0.398989845827101,FALSE,0.828929075343519,1.00098933370517
159,"rand=1-1_rate=1.5_ROB=L_UH_Bias=NRE strong","1-1",1.5,"L_UH","NRE strong",0,0.048790164169432,0.0953101798043249,0.048790164169432,0.182321556793955,0.300104592450338,0.0670063405735459,0.0673623847255637,0.0034701613190522,TRUE,0.499372143964354,1.00118244087397,0.0409813971212099,TRUE,0.384904032825398,1.00105526861932,0.123404709231407,TRUE,0.486792216314779,1.00110193196818,-0.047291244163052,TRUE,0.756405240843304,1.00100466792756
160,"rand=1-1_rate=1.5_ROB=L_UH_Bias=NRE strong","1-1",1.5,"L_UH","NRE strong",0,0.048790164169432,0.0953101798043249,0.048790164169432,0.182321556793955,0.300104592450338,0.0845664497836027,0.0856213258948658,-0.0578073657016447,TRUE,0.561047674337238,1.00102602656166,-0.08137868192716,TRUE,0.45241197307891,1.00100937992322,-0.0706740416731126,TRUE,0.511768161380894,1.00099360637997,-0.0949650830393292,TRUE,1.04422800520883,1.00102174835419
161,"rand=1-1_rate=1.5_ROB=L_UH_Bias=NRE strong","1-1",1.5,"L_UH","NRE strong",0,0.048790164169432,0.0953101798043249,0.048790164169432,0.182321556793955,0.300104592450338,0.0771737967959923,0.079147643525162,-0.124752289727091,TRUE,0.601849408798929,1.00100558908893,-0.16069832212421,TRUE,0.487959063668464,1.00107002165435,-0.119847082959444,TRUE,0.588786505676832,1.00103900364772,-0.190822980980293,TRUE,1.03310409081229,1.00099542553096
162,"rand=1-1_rate=1.5_ROB=L_UH_Bias=NRE strong","1-1",1.5,"L_UH","NRE strong",0,0.048790164169432,0.0953101798043249,0.048790164169432,0.182321556793955,0.300104592450338,0.0856367494338971,0.0876668511599806,-0.0655058573677529,TRUE,0.581689972680448,1.00118780743498,-0.126496517605829,TRUE,0.472273259089312,1.00099017764,0.00844736080342323,TRUE,0.588156888154587,1.00101087941714,-0.285850716377541,TRUE,0.942096831484586,1.00099552107157
163,"rand=1-1_rate=1.5_ROB=L_UH_Bias=NRE strong","1-1",1.5,"L_UH","NRE strong",0,0.048790164169432,0.0953101798043249,0.048790164169432,0.182321556793955,0.300104592450338,0.0821524471838795,0.0833529709892752,-0.0714071940534642,TRUE,0.482217662936739,1.00124859821242,-0.137618347559114,TRUE,0.384372653800696,1.00098626544299,-0.10891526365467,TRUE,0.478506677869599,1.00142242079513,-0.158443980669343,TRUE,0.82831680924948,1.00098618627019
164,"rand=1-1_rate=1.5_ROB=L_UH_Bias=NRE strong","1-1",1.5,"L_UH","NRE strong",0,0.048790164169432,0.0953101798043249,0.048790164169432,0.182321556793955,0.300104592450338,0.0621821004147679,0.062661465000775,0.0685834765796816,TRUE,0.480895300574997,1.0010337579918,0.00457943525999638,TRUE,0.379896553852046,1.00098645194416,0.108734085020065,TRUE,0.474804558466078,1.00102072332209,-0.0873013689085227,TRUE,0.736377948906402,1.00099284485919
165,"rand=1-1_rate=1.5_ROB=L_UH_Bias=NRE strong","1-1",1.5,"L_UH","NRE strong",0,0.048790164169432,0.0953101798043249,0.048790164169432,0.182321556793955,0.300104592450338,0.0755838132349316,0.0760973136195322,-0.0216609214671872,TRUE,0.506678796264021,1.00099498823383,-0.141314352946254,TRUE,0.49558580057738,1.00100032431093,-0.0839412820900831,TRUE,0.5549294358937,1.00108726190164,-0.196692507002987,TRUE,1.14651974897846,1.0010462211488
166,"rand=1-1_rate=1.5_ROB=L_UH_Bias=NRE strong","1-1",1.5,"L_UH","NRE strong",0,0.048790164169432,0.0953101798043249,0.048790164169432,0.182321556793955,0.300104592450338,0.0682162818501457,0.0697249092710932,-0.0537567209848913,TRUE,0.460912910432332,1.00102913568977,0.00854286114095359,TRUE,0.326083276194669,1.0009872516232,-0.0528097349578984,TRUE,0.539353478831069,1.00252783285284,0.0423035987929777,TRUE,0.525318431990281,1.00099074725402
167,"rand=1-1_rate=1.5_ROB=L_UH_Bias=NRE strong","1-1",1.5,"L_UH","NRE strong",0,0.048790164169432,0.0953101798043249,0.048790164169432,0.182321556793955,0.300104592450338,0.0849105002812736,0.0864258086317953,-0.113031367831628,TRUE,0.49217780015626,1.00104897564006,-0.193817406009301,FALSE,0.386143863071204,1.00099124658498,-0.055420886058039,TRUE,0.47855492111429,1.00100264600905,-0.29883323623509,TRUE,0.723226038674771,1.0009866793402
168,"rand=1-1_rate=1.5_ROB=L_UH_Bias=NRE strong","1-1",1.5,"L_UH","NRE strong",0,0.048790164169432,0.0953101798043249,0.048790164169432,0.182321556793955,0.300104592450338,0.0831541635859006,0.0839853498596383,-0.0578223041626997,TRUE,0.530153270237414,1.0009866470024,-0.0803124662906682,TRUE,0.412561557523872,1.0010070249188,-0.0934704982714694,TRUE,0.511392143303926,1.0010834452348,-0.0735557629838035,TRUE,0.89951909058607,1.00098954454464
169,"rand=1-1_rate=1.5_ROB=L_UH_Bias=NRE strong","1-1",1.5,"L_UH","NRE strong",0,0.048790164169432,0.0953101798043249,0.048790164169432,0.182321556793955,0.300104592450338,0.0651590797176717,0.0663851403992505,-0.121918873838445,TRUE,0.523193643266654,1.00111822451253,-0.257412319354603,FALSE,0.465457210590646,1.00098643135662,-0.105307149948817,TRUE,0.55891589145593,1.00134971692458,-0.403609891795061,FALSE,0.927420694180786,1.00100917597134
170,"rand=1-1_rate=1.5_ROB=L_UH_Bias=NRE strong","1-1",1.5,"L_UH","NRE strong",0,0.048790164169432,0.0953101798043249,0.048790164169432,0.182321556793955,0.300104592450338,0.0616657487474577,0.0660469822116876,0.0679795029074135,TRUE,0.396737542479552,1.00098602373328,0.00985029553401151,TRUE,0.283476816424634,1.00098608301824,0.0568045218012349,TRUE,0.433617066990198,1.000993441876,-0.0148146228590178,TRUE,0.481369569752878,1.00098653962481
171,"rand=1-1_rate=1.5_ROB=L_UH_Bias=NRE strong","1-1",1.5,"L_UH","NRE strong",0,0.048790164169432,0.0953101798043249,0.048790164169432,0.182321556793955,0.300104592450338,0.0737446545697283,0.0740680541178672,0.087006218666388,TRUE,0.477533547351946,1.00102049575723,-0.00894028993909601,TRUE,0.417511753904396,1.00100394438194,0.1039727997463,TRUE,0.461912822853318,1.00098675696558,-0.141990016406949,TRUE,0.902532316644841,1.00100161886837
172,"rand=1-1_rate=1.5_ROB=L_UH_Bias=NRE strong","1-1",1.5,"L_UH","NRE strong",0,0.048790164169432,0.0953101798043249,0.048790164169432,0.182321556793955,0.300104592450338,0.068620527882514,0.0707337028976998,-0.0162743244467427,TRUE,0.438104749002045,1.00103184674665,-0.0380344087180062,TRUE,0.298340526605645,1.00098610722717,-0.0514179047254437,TRUE,0.499966925922761,1.00098911915063,-0.0334996805858383,TRUE,0.478866215899751,1.00098709347422
173,"rand=1-1_rate=1.5_ROB=L_UH_Bias=NRE strong","1-1",1.5,"L_UH","NRE strong",0,0.048790164169432,0.0953101798043249,0.048790164169432,0.182321556793955,0.300104592450338,0.0723046527535048,0.073595578647046,-0.115370322638295,TRUE,0.496731859054223,1.00100326279988,-0.173502385420604,TRUE,0.368250486788939,1.00101152724497,0.0233610092924307,TRUE,0.41577472970292,1.00102268086118,-0.328036983765013,FALSE,0.66896451449153,1.00107346648104
174,"rand=1-1_rate=1.5_ROB=L_UH_Bias=NRE strong","1-1",1.5,"L_UH","NRE strong",0,0.048790164169432,0.0953101798043249,0.048790164169432,0.182321556793955,0.300104592450338,0.0740044901461735,0.0748143662630124,-0.0752953215575403,TRUE,0.46763726235204,1.00130825245514,-0.161613972358676,TRUE,0.378328065099381,1.00098734531116,-0.0308893481546464,TRUE,0.490928664199831,1.00098642168069,-0.259556019966257,TRUE,0.687450467434751,1.00099299298403
175,"rand=1-1_rate=1.5_ROB=L_UH_Bias=NRE strong","1-1",1.5,"L_UH","NRE strong",0,0.048790164169432,0.0953101798043249,0.048790164169432,0.182321556793955,0.300104592450338,0.0805548752258831,0.0829964000290874,-0.144408826965401,TRUE,0.503082568235392,1.00098683433843,-0.250113432787365,FALSE,0.464721701852156,1.00106349348117,-0.0960842806495645,TRUE,0.488914172909535,1.00098955130216,-0.406880919870457,TRUE,1.05686689241965,1.00099079934274
176,"rand=1-1_rate=1.5_ROB=L_UH_Bias=NRE strong","1-1",1.5,"L_UH","NRE strong",0,0.048790164169432,0.0953101798043249,0.048790164169432,0.182321556793955,0.300104592450338,0.0697705329018385,0.0705405955378167,0.122750840269516,TRUE,0.41146740357408,1.00110868382124,0.0823947784259104,TRUE,0.327324422663261,1.00100027273916,0.148076626457652,TRUE,0.417267879507363,1.00099781190129,0.0189974749444426,TRUE,0.650918915495067,1.00100910437441
177,"rand=1-1_rate=1.5_ROB=L_UH_Bias=NRE strong","1-1",1.5,"L_UH","NRE strong",0,0.048790164169432,0.0953101798043249,0.048790164169432,0.182321556793955,0.300104592450338,0.0655215591321746,0.0664677550231361,0.0662532251855484,TRUE,0.393436719094856,1.00104331588685,0.0569054720901548,TRUE,0.294457199439302,1.00104478264614,0.0954688283099411,TRUE,0.404484275212893,1.00098952769621,0.0296496249925986,TRUE,0.553872907362798,1.00098655234093
178,"rand=1-1_rate=1.5_ROB=L_UH_Bias=NRE strong","1-1",1.5,"L_UH","NRE strong",0,0.048790164169432,0.0953101798043249,0.048790164169432,0.182321556793955,0.300104592450338,0.0864723067956189,0.0888911138765516,-0.0254088286796919,TRUE,0.474065458323086,1.00111124686354,-0.088112073390741,TRUE,0.396154337450213,1.00099911746119,-0.0524155014013747,TRUE,0.477326730474888,1.00127676308233,-0.121057512760216,TRUE,0.811095660807242,1.00106518938437
179,"rand=1-1_rate=1.5_ROB=L_UH_Bias=NRE strong","1-1",1.5,"L_UH","NRE strong",0,0.048790164169432,0.0953101798043249,0.048790164169432,0.182321556793955,0.300104592450338,0.0753327248537937,0.0773010574823769,-0.0989744413636435,TRUE,0.536538638230313,1.00125137034252,-0.140583234071161,TRUE,0.429209445002207,1.00111089443951,-0.172803244867256,TRUE,0.581386774949287,1.00105620044141,-0.11302814394871,TRUE,0.814783119267988,1.00098610018638
180,"rand=1-1_rate=1.5_ROB=L_UH_Bias=NRE strong","1-1",1.5,"L_UH","NRE strong",0,0.048790164169432,0.0953101798043249,0.048790164169432,0.182321556793955,0.300104592450338,0.0658968433420009,0.0676790091022352,0.178474899835634,TRUE,0.390577575689382,1.00099069392121,0.111854416385065,TRUE,0.352055640209104,1.00098628076198,0.197052950784391,TRUE,0.410079324995851,1.00100781508211,0.0172859105146972,TRUE,0.752546824469162,1.00098612135755
181,"rand=1-1_rate=1.5_ROB=L_UH_Bias=NRE strong","1-1",1.5,"L_UH","NRE strong",0,0.048790164169432,0.0953101798043249,0.048790164169432,0.182321556793955,0.300104592450338,0.0705539837716171,0.0717124503646737,-0.0393387300877399,TRUE,0.589808130341542,1.0010023088621,-0.0720314184251711,TRUE,0.466920564209278,1.00098679593848,-0.0415823843212808,TRUE,0.758746775666807,1.00099116763085,-0.0952950958539114,TRUE,0.761484453904843,1.00098859746804
182,"rand=1-1_rate=1.5_ROB=L_UH_Bias=NRE strong","1-1",1.5,"L_UH","NRE strong",0,0.048790164169432,0.0953101798043249,0.048790164169432,0.182321556793955,0.300104592450338,0.0671256677724737,0.0710069709170138,-0.0835125261418892,TRUE,0.516773938338735,1.00105714614652,-0.148140997319973,TRUE,0.431234834905712,1.00104773926217,-0.142140682915304,TRUE,0.721674599172249,1.00112546300819,-0.156325048183971,TRUE,0.685999436936005,1.00098741148604
183,"rand=1-1_rate=1.5_ROB=L_UH_Bias=NRE strong","1-1",1.5,"L_UH","NRE strong",0,0.048790164169432,0.0953101798043249,0.048790164169432,0.182321556793955,0.300104592450338,0.0568709494190861,0.0639975834761501,0.0378579293112542,TRUE,0.460524849957719,1.00102801082514,-0.0495292205099085,TRUE,0.421268649876004,1.0009863926053,0.0629491692155228,TRUE,0.41885614389924,1.00178526056888,-0.167526384487861,TRUE,1.03623883714546,1.00101208018862
184,"rand=1-1_rate=1.5_ROB=L_UH_Bias=NRE strong","1-1",1.5,"L_UH","NRE strong",0,0.048790164169432,0.0953101798043249,0.048790164169432,0.182321556793955,0.300104592450338,0.0599541739262738,0.0632074025445221,-0.0430725135072805,TRUE,0.469985642554995,1.00101107958148,-0.0237653835940359,TRUE,0.290816188576062,1.00098624978092,-0.0799380532708511,TRUE,0.515835055050315,1.001241160239,0.00572535258619711,TRUE,0.43689719389141,1.00098822732183
185,"rand=1-1_rate=1.5_ROB=L_UH_Bias=NRE strong","1-1",1.5,"L_UH","NRE strong",0,0.048790164169432,0.0953101798043249,0.048790164169432,0.182321556793955,0.300104592450338,0.0748168473387227,0.0752682079826321,-0.0590776855454525,TRUE,0.476713443883769,1.00098599008608,-0.100334288356551,TRUE,0.340259931643684,1.0009872471496,-0.165018473112662,TRUE,0.537954194816449,1.00166214074377,-0.0667007275663309,TRUE,0.572941164859684,1.00106976430263
186,"rand=1-1_rate=1.5_ROB=L_UH_Bias=NRE strong","1-1",1.5,"L_UH","NRE strong",0,0.048790164169432,0.0953101798043249,0.048790164169432,0.182321556793955,0.300104592450338,0.0697935944892898,0.0706569002819165,-0.140612711715087,TRUE,0.598522622581238,1.00147294505492,-0.165221038235035,TRUE,0.419381440722729,1.00100339068726,-0.389700265112879,FALSE,0.637038331397493,1.00105446850176,-0.00858577720611531,TRUE,0.573224750804902,1.00098880162253
187,"rand=1-1_rate=1.5_ROB=L_UH_Bias=NRE strong","1-1",1.5,"L_UH","NRE strong",0,0.048790164169432,0.0953101798043249,0.048790164169432,0.182321556793955,0.300104592450338,0.0778341178464172,0.0799184432449626,-0.134423014016188,TRUE,0.498185950628948,1.00100410877677,-0.127525336126729,TRUE,0.348722142360112,1.00098941590237,-0.0988566727125686,TRUE,0.542352166687957,1.00099045694064,-0.14598011428683,TRUE,0.572663303629771,1.00099520076964
188,"rand=1-1_rate=1.5_ROB=L_UH_Bias=NRE strong","1-1",1.5,"L_UH","NRE strong",0,0.048790164169432,0.0953101798043249,0.048790164169432,0.182321556793955,0.300104592450338,0.063467956198052,0.0653696171707258,-0.0487087959146428,TRUE,0.485903790255075,1.00107597892519,-0.00277747287919872,TRUE,0.339411666916087,1.00098945166471,-0.0718497017587947,TRUE,0.475445425440606,1.00161173307134,0.0434890905922729,TRUE,0.630546211600548,1.00103180121051
189,"rand=1-1_rate=1.5_ROB=L_UH_Bias=NRE strong","1-1",1.5,"L_UH","NRE strong",0,0.048790164169432,0.0953101798043249,0.048790164169432,0.182321556793955,0.300104592450338,0.0674794303387655,0.0688687119689632,0.0365138374291032,TRUE,0.456952516221963,1.00104091610242,-0.0158182458209803,TRUE,0.368935956325031,1.00109593305054,0.168809330493062,TRUE,0.473822887693121,1.00102570661397,-0.186239552442271,TRUE,0.497624124890267,1.00115602642323
190,"rand=1-1_rate=1.5_ROB=L_UH_Bias=NRE strong","1-1",1.5,"L_UH","NRE strong",0,0.048790164169432,0.0953101798043249,0.048790164169432,0.182321556793955,0.300104592450338,0.0825073159579421,0.0833597928288324,0.0303161171690879,TRUE,0.44040161071446,1.00104040980716,-0.0248738330896698,TRUE,0.328905012586794,1.00098634017763,0.0895625511217161,TRUE,0.468454280481053,1.00101403152189,-0.106232116728603,TRUE,0.534157703211127,1.00103190087209
191,"rand=1-1_rate=1.5_ROB=L_UH_Bias=NRE strong","1-1",1.5,"L_UH","NRE strong",0,0.048790164169432,0.0953101798043249,0.048790164169432,0.182321556793955,0.300104592450338,0.0752339038445743,0.0777560981406313,-0.0261960909723002,TRUE,0.448731252680538,1.00100893038558,-0.138395170027573,TRUE,0.382882338206284,1.00099465438344,-0.0468840809088937,TRUE,0.608207481610402,1.0009887781786,-0.200603414079258,TRUE,0.592739917024522,1.00098813937304
192,"rand=1-1_rate=1.5_ROB=L_UH_Bias=NRE strong","1-1",1.5,"L_UH","NRE strong",0,0.048790164169432,0.0953101798043249,0.048790164169432,0.182321556793955,0.300104592450338,0.0733993094355171,0.0774061408478366,-0.0320655720756171,TRUE,0.561000444789174,1.00098657569237,-0.0656834417382144,TRUE,0.413601949777375,1.00098802240636,0.0583675323138788,TRUE,0.553562530435354,1.00101429601673,-0.186295493014572,TRUE,0.733277502451838,1.00098604376471
193,"rand=1-1_rate=1.5_ROB=L_UH_Bias=NRE strong","1-1",1.5,"L_UH","NRE strong",0,0.048790164169432,0.0953101798043249,0.048790164169432,0.182321556793955,0.300104592450338,0.0811979173101685,0.0833316812647859,-0.327385402272266,FALSE,0.613627154241535,1.00122879006477,-0.394527653302646,FALSE,0.503076792526557,1.00098834999416,-0.355200841313513,FALSE,0.604844171220609,1.00115636256781,-0.433909048698016,TRUE,1.11274717701644,1.00099944068288
194,"rand=1-1_rate=1.5_ROB=L_UH_Bias=NRE strong","1-1",1.5,"L_UH","NRE strong",0,0.048790164169432,0.0953101798043249,0.048790164169432,0.182321556793955,0.300104592450338,0.0778422536274659,0.0787917508859624,-0.132820381698768,TRUE,0.531360380950284,1.00098614369163,-0.232955541167843,FALSE,0.444889642693954,1.00100550497145,-0.0814936298663675,TRUE,0.574870493486551,1.00098846344475,-0.376715412290502,FALSE,0.812371285936494,1.00100586827773
195,"rand=1-1_rate=1.5_ROB=L_UH_Bias=NRE strong","1-1",1.5,"L_UH","NRE strong",0,0.048790164169432,0.0953101798043249,0.048790164169432,0.182321556793955,0.300104592450338,0.0895375977529862,0.0908608718219859,-0.0891969217142297,TRUE,0.57010024180889,1.00100768265761,-0.0537031899572926,TRUE,0.41456964890517,1.00103679762559,0.0463926820632103,TRUE,0.469569393750798,1.00138752838441,-0.149765527608626,TRUE,0.895158514145509,1.00098735475979
196,"rand=1-1_rate=1.5_ROB=L_UH_Bias=NRE strong","1-1",1.5,"L_UH","NRE strong",0,0.048790164169432,0.0953101798043249,0.048790164169432,0.182321556793955,0.300104592450338,0.0792695223616103,0.0810023436823937,0.0353884021241363,TRUE,0.482991905308211,1.00098699123264,-0.0115509628473933,TRUE,0.382448073814566,1.00101660504156,-0.0757354810507975,TRUE,0.589300801030848,1.00104343641725,0.0361220765194046,TRUE,0.639815711050729,1.00101436255401
197,"rand=1-1_rate=1.5_ROB=L_UH_Bias=NRE strong","1-1",1.5,"L_UH","NRE strong",0,0.048790164169432,0.0953101798043249,0.048790164169432,0.182321556793955,0.300104592450338,0.0686812552231924,0.0710345089768901,-0.0964970198185591,TRUE,0.571249746991049,1.00099131831328,-0.0679327362179811,TRUE,0.410712979059008,1.00114452064475,-0.0570967561636095,TRUE,0.641463473872297,1.00098792736816,-0.0753838905333306,TRUE,0.697156689192467,1.00098716985799
198,"rand=1-1_rate=1.5_ROB=L_UH_Bias=NRE strong","1-1",1.5,"L_UH","NRE strong",0,0.048790164169432,0.0953101798043249,0.048790164169432,0.182321556793955,0.300104592450338,0.0715371922290395,0.0755789682214938,-0.00859436020679349,TRUE,0.497466862095647,1.00098600611459,-0.11110431794691,TRUE,0.479998285100118,1.00099038611847,0.0508715072916563,TRUE,0.503538812573979,1.00104778156119,-0.315832168324644,TRUE,1.08101389629377,1.00098763233326
199,"rand=1-1_rate=1.5_ROB=L_UH_Bias=NRE strong","1-1",1.5,"L_UH","NRE strong",0,0.048790164169432,0.0953101798043249,0.048790164169432,0.182321556793955,0.300104592450338,0.0820080134556635,0.0826688824659686,-0.00921221918018023,TRUE,0.41510089850025,1.0011242315596,0.0415215804786733,TRUE,0.26280143030102,1.00099181922785,-0.01550775873009,TRUE,0.497077341752264,1.00122626233245,0.0682683266221945,TRUE,0.369317553072064,1.00105608374737
200,"rand=1-1_rate=1.5_ROB=L_UH_Bias=NRE strong","1-1",1.5,"L_UH","NRE strong",0,0.048790164169432,0.0953101798043249,0.048790164169432,0.182321556793955,0.300104592450338,0.0745491286294103,0.0756670935268491,0.105933683269185,TRUE,0.411288751198513,1.00099888339418,0.0972508345359002,TRUE,0.286558049882759,1.00101516505913,0.170053588505547,TRUE,0.452307365383212,1.00117174211336,0.0475886875508205,TRUE,0.451882193062682,1.00098634285897
201,"rand=1-1_rate=1.5_ROB=L_UH_Bias=NRE strong","1-1",1.5,"L_UH","NRE strong",0,0.048790164169432,0.0953101798043249,0.048790164169432,0.182321556793955,0.300104592450338,0.0758928122054186,0.0775525366776919,-0.0676466893771761,TRUE,0.507817585706739,1.00133125902612,-0.11458435764336,TRUE,0.431008778468234,1.00098688007865,-0.17864685958933,TRUE,0.575176251842219,1.00138653633836,-0.070111905512247,TRUE,0.857592415759438,1.00106435173879
202,"rand=1-1_rate=1.5_ROB=L_UH_Bias=NRE strong","1-1",1.5,"L_UH","NRE strong",0,0.048790164169432,0.0953101798043249,0.048790164169432,0.182321556793955,0.300104592450338,0.0647465702857054,0.0657665985800706,-0.0507947496224646,TRUE,0.534368780012677,1.00118005565918,-0.131133188688898,TRUE,0.458139453654291,1.00106598627795,-0.0995908844140432,TRUE,0.596887191558797,1.00102561919045,-0.15427002944472,TRUE,0.912602266340286,1.00098599681303
203,"rand=1-1_rate=1.5_ROB=L_UH_Bias=NRE strong","1-1",1.5,"L_UH","NRE strong",0,0.048790164169432,0.0953101798043249,0.048790164169432,0.182321556793955,0.300104592450338,0.0770619264244939,0.0797672157513762,-0.0218466499971055,TRUE,0.395637843524916,1.00115951602205,-0.085315175380408,TRUE,0.320528059210564,1.00099071579753,-0.0316649157035434,TRUE,0.458874596497212,1.00100150006734,-0.126040342643394,TRUE,0.598987179853879,1.00099006191415
204,"rand=1-1_rate=1.5_ROB=L_UH_Bias=NRE strong","1-1",1.5,"L_UH","NRE strong",0,0.048790164169432,0.0953101798043249,0.048790164169432,0.182321556793955,0.300104592450338,0.0841672327394597,0.0857782864813583,-0.30389640930921,TRUE,0.738657875744817,1.00120879404117,-0.264403009713652,FALSE,0.517986884868083,1.00099017309246,-0.150033045374155,TRUE,0.821088957905585,1.00101305409279,-0.387696537479773,FALSE,0.733077155122457,1.00098613761011
205,"rand=1-1_rate=1.5_ROB=L_UH_Bias=NRE strong","1-1",1.5,"L_UH","NRE strong",0,0.048790164169432,0.0953101798043249,0.048790164169432,0.182321556793955,0.300104592450338,0.0741339240276894,0.0777739373489544,-0.190714868578866,TRUE,0.536960696830204,1.00113763303095,-0.245895647959786,FALSE,0.382073526130715,1.00099873066532,-0.221069027702851,TRUE,0.579249172922747,1.00098794514958,-0.259398861469476,TRUE,0.670383406979749,1.00109614058329
206,"rand=1-1_rate=1.5_ROB=L_UH_Bias=NRE strong","1-1",1.5,"L_UH","NRE strong",0,0.048790164169432,0.0953101798043249,0.048790164169432,0.182321556793955,0.300104592450338,0.0789704911103285,0.080046276989768,-0.268120717721172,FALSE,0.540923302713992,1.00127591095405,-0.239851887106605,FALSE,0.326065905531094,1.00098621798455,-0.20079321874146,TRUE,0.57759697699363,1.00099190971227,-0.256417017315007,FALSE,0.490907429512839,1.00099099391242
207,"rand=1-1_rate=1.5_ROB=L_UH_Bias=NRE strong","1-1",1.5,"L_UH","NRE strong",0,0.048790164169432,0.0953101798043249,0.048790164169432,0.182321556793955,0.300104592450338,0.0689225217385341,0.0709757775082302,-0.0802028601994671,TRUE,0.421688358293264,1.00098666043035,-0.149929242874125,TRUE,0.34828243668621,1.00102800453989,0.030610499973485,TRUE,0.456036120698837,1.0012335296728,-0.263835603146767,FALSE,0.529294716682419,1.00101517180445
208,"rand=1-1_rate=1.5_ROB=L_UH_Bias=NRE strong","1-1",1.5,"L_UH","NRE strong",0,0.048790164169432,0.0953101798043249,0.048790164169432,0.182321556793955,0.300104592450338,0.0629402594517023,0.0633061419042686,-0.111346642100336,TRUE,0.505097474424577,1.00104937341514,-0.240584995313532,FALSE,0.405202843137838,1.00105625376533,-0.280105434790797,FALSE,0.586601607156774,1.00105916308833,-0.206996057602048,TRUE,0.706523728981313,1.00098850438893
209,"rand=1-1_rate=1.5_ROB=L_UH_Bias=NRE strong","1-1",1.5,"L_UH","NRE strong",0,0.048790164169432,0.0953101798043249,0.048790164169432,0.182321556793955,0.300104592450338,0.0700481691446581,0.0725620787075992,0.0515367039781375,TRUE,0.413487480913552,1.0010142384725,0.00117994299675395,TRUE,0.308792408098068,1.00100085538958,0.0395854224183539,TRUE,0.440241908971755,1.00180563961626,-0.0272881332292383,TRUE,0.555571746519459,1.00102516612579
210,"rand=1-1_rate=1.5_ROB=L_UH_Bias=NRE strong","1-1",1.5,"L_UH","NRE strong",0,0.048790164169432,0.0953101798043249,0.048790164169432,0.182321556793955,0.300104592450338,0.0744473237962321,0.0756763513408356,-0.0531490102211245,TRUE,0.494961152372068,1.00135726692336,-0.0875472810922919,TRUE,0.377114163865815,1.00098617584776,-0.0761072939978182,TRUE,0.469058772785042,1.00099547051397,-0.0915653951954114,TRUE,0.781688934711154,1.000990455476
211,"rand=1-1_rate=1.5_ROB=L_UH_Bias=NRE strong","1-1",1.5,"L_UH","NRE strong",0,0.048790164169432,0.0953101798043249,0.048790164169432,0.182321556793955,0.300104592450338,0.0745382703778543,0.0751882459666304,0.076681823375817,TRUE,0.46915353124395,1.00104124226945,0.00112628596589837,TRUE,0.395693517067848,1.00098628109309,0.000460831577037912,TRUE,0.52102775349119,1.00099363568315,7.6455528221997e-05,TRUE,0.7817433368586,1.00098641631272
212,"rand=1-1_rate=1.5_ROB=L_UH_Bias=NRE strong","1-1",1.5,"L_UH","NRE strong",0,0.048790164169432,0.0953101798043249,0.048790164169432,0.182321556793955,0.300104592450338,0.0568558682833656,0.0607412129032841,-0.0262041559780832,TRUE,0.440852406581513,1.00110422241932,-0.0299268236129524,TRUE,0.290279356497344,1.00108196433856,-0.136384188021231,TRUE,0.518914319170873,1.00155869324421,0.0205100296527267,TRUE,0.433020431286938,1.00098658940267
213,"rand=1-1_rate=1.5_ROB=L_UH_Bias=NRE strong","1-1",1.5,"L_UH","NRE strong",0,0.048790164169432,0.0953101798043249,0.048790164169432,0.182321556793955,0.300104592450338,0.0723141053824216,0.0737863859825526,-0.165023333663614,TRUE,0.618044689065302,1.00103163695065,-0.164215670997554,TRUE,0.472819324204464,1.00098650591533,-0.137908993533688,TRUE,0.561710980840855,1.00124646194392,-0.174898518280696,TRUE,1.00838897562427,1.00100054279999
214,"rand=1-1_rate=1.5_ROB=L_UH_Bias=NRE strong","1-1",1.5,"L_UH","NRE strong",0,0.048790164169432,0.0953101798043249,0.048790164169432,0.182321556793955,0.300104592450338,0.0633278316719993,0.0690202690962352,-0.0127721317642586,TRUE,0.543218797166264,1.00145541622206,-0.0269404128071538,TRUE,0.438354755697925,1.00098837817515,-0.0559074821221499,TRUE,0.556504012643285,1.00105456577136,0.000510482177665916,TRUE,0.896023531667703,1.00098951837437
215,"rand=1-1_rate=1.5_ROB=L_UH_Bias=NRE strong","1-1",1.5,"L_UH","NRE strong",0,0.048790164169432,0.0953101798043249,0.048790164169432,0.182321556793955,0.300104592450338,0.0789006960746475,0.0800757202172147,-0.0340962498981736,TRUE,0.400757592481415,1.00099603518752,-0.0790888922743991,TRUE,0.222292037042804,1.00102485422191,0.0964460750665167,TRUE,0.401439517693884,1.00099171054464,-0.125807759247203,TRUE,0.274926770396777,1.00098903259255
216,"rand=1-1_rate=1.5_ROB=L_UH_Bias=NRE strong","1-1",1.5,"L_UH","NRE strong",0,0.048790164169432,0.0953101798043249,0.048790164169432,0.182321556793955,0.300104592450338,0.0563173546712279,0.0580528017324251,-0.11268829153508,TRUE,0.48065860556465,1.00099051447644,-0.160118201871906,TRUE,0.351126134260778,1.00099664708278,-0.153052487205975,TRUE,0.491868781431192,1.00139503946574,-0.164497404860943,TRUE,0.675718329094874,1.00099237358194
217,"rand=1-1_rate=1.5_ROB=L_UH_Bias=NRE strong","1-1",1.5,"L_UH","NRE strong",0,0.048790164169432,0.0953101798043249,0.048790164169432,0.182321556793955,0.300104592450338,0.0615250399757692,0.0695632913702424,-0.0471059113269803,TRUE,0.484442980035977,1.00120235120315,-0.0983196859242945,TRUE,0.402698168199033,1.00102660266442,-0.0566134644712462,TRUE,0.460122862447521,1.00273763980856,-0.129498117620028,TRUE,0.928389103779567,1.00098633731268
218,"rand=1-1_rate=1.5_ROB=L_UH_Bias=NRE strong","1-1",1.5,"L_UH","NRE strong",0,0.048790164169432,0.0953101798043249,0.048790164169432,0.182321556793955,0.300104592450338,0.0745264990082879,0.0749780651052357,0.0736847109774741,TRUE,0.463924166112011,1.00098912714374,0.0455820494469671,TRUE,0.350244410745415,1.00098626636119,0.143207662149534,TRUE,0.508703267633042,1.00101683291107,-0.0424122948589085,TRUE,0.576343664674204,1.00101159987757
219,"rand=1-1_rate=1.5_ROB=L_UH_Bias=NRE strong","1-1",1.5,"L_UH","NRE strong",0,0.048790164169432,0.0953101798043249,0.048790164169432,0.182321556793955,0.300104592450338,0.0848492435225316,0.0851655849513569,-0.00514091258448901,TRUE,0.525769561717891,1.00099248820822,-0.0980960365465284,TRUE,0.495605169473285,1.00098695889683,0.0281803188869119,TRUE,0.573626766656067,1.00109035433648,-0.242997676720976,TRUE,1.08843591063559,1.00099173900979
220,"rand=1-1_rate=1.5_ROB=L_UH_Bias=NRE strong","1-1",1.5,"L_UH","NRE strong",0,0.048790164169432,0.0953101798043249,0.048790164169432,0.182321556793955,0.300104592450338,0.0596975993508227,0.0630289281829866,-0.00879814697297721,TRUE,0.426812581252964,1.0010016133247,-0.0259813588133955,TRUE,0.295929211499319,1.00100476751244,0.00913461845481245,TRUE,0.463004175355088,1.0017901806202,-0.0418305465224444,TRUE,0.500784670112417,1.00098763967026
221,"rand=1-1_rate=1.5_ROB=L_UH_Bias=NRE strong","1-1",1.5,"L_UH","NRE strong",0,0.048790164169432,0.0953101798043249,0.048790164169432,0.182321556793955,0.300104592450338,0.0907371085603243,0.0914894686925614,-0.123685261664614,TRUE,0.527407279865512,1.00103068341921,-0.248886151452013,FALSE,0.49907232806547,1.0009933899093,-0.0697869477629021,TRUE,0.518548602176115,1.00098783439881,-0.456433170109166,FALSE,1.11153605465287,1.00106470639188
222,"rand=1-1_rate=1.5_ROB=L_UH_Bias=NRE strong","1-1",1.5,"L_UH","NRE strong",0,0.048790164169432,0.0953101798043249,0.048790164169432,0.182321556793955,0.300104592450338,0.0767510353558414,0.0786501045784621,0.000752961961568599,TRUE,0.444414848008989,1.00100333985232,-0.108661777792636,TRUE,0.4605802545442,1.00109556749144,0.114848794527992,TRUE,0.419224014354135,1.00099415350839,-0.388019939184255,TRUE,0.980340710461866,1.00099416488953
223,"rand=1-1_rate=1.5_ROB=L_UH_Bias=NRE strong","1-1",1.5,"L_UH","NRE strong",0,0.048790164169432,0.0953101798043249,0.048790164169432,0.182321556793955,0.300104592450338,0.075364974386652,0.0766467480124447,-0.0885205015678325,TRUE,0.49168170744532,1.00101950040388,-0.133707614884342,TRUE,0.382403803087766,1.00104302161949,-0.0485188105319394,TRUE,0.5676423039335,1.00141011616773,-0.199992483929128,TRUE,0.639510603464238,1.00099703957296
224,"rand=1-1_rate=1.5_ROB=L_UH_Bias=NRE strong","1-1",1.5,"L_UH","NRE strong",0,0.048790164169432,0.0953101798043249,0.048790164169432,0.182321556793955,0.300104592450338,0.0836404758199312,0.0854391347102407,0.0121227343222946,TRUE,0.503028467074496,1.00110040833112,-0.00350608738525149,TRUE,0.402194115345396,1.00100348918946,0.0122354679909598,TRUE,0.47692541173534,1.00102052014297,-0.0172374921127472,TRUE,0.886412664153403,1.00105964932159
225,"rand=1-1_rate=1.5_ROB=L_UH_Bias=NRE strong","1-1",1.5,"L_UH","NRE strong",0,0.048790164169432,0.0953101798043249,0.048790164169432,0.182321556793955,0.300104592450338,0.0660127642586631,0.0726684232424696,0.0659606556381005,TRUE,0.471205254771308,1.00098617802297,-0.0216313557232442,TRUE,0.400668938119383,1.00100505313257,-0.0580830538402901,TRUE,0.527364247248321,1.00109353401184,0.0165629867560594,TRUE,0.781627985912466,1.0010033082701
226,"rand=1-1_rate=1.5_ROB=L_UH_Bias=NRE strong","1-1",1.5,"L_UH","NRE strong",0,0.048790164169432,0.0953101798043249,0.048790164169432,0.182321556793955,0.300104592450338,0.0858746121360317,0.0868965107250357,-0.061681264223366,TRUE,0.669020286733416,1.00116187008877,-0.103107194079243,TRUE,0.478342942981833,1.00099224754563,0.0645667563996534,TRUE,0.645698427528797,1.00102277768968,-0.326388644376387,FALSE,0.742667126249659,1.00098605291325
227,"rand=1-1_rate=1.5_ROB=L_UH_Bias=NRE strong","1-1",1.5,"L_UH","NRE strong",0,0.048790164169432,0.0953101798043249,0.048790164169432,0.182321556793955,0.300104592450338,0.0604473124705338,0.0616633936000205,-0.0438235879159308,TRUE,0.48780286618516,1.00099587936703,-0.00839838941280791,TRUE,0.323700326398224,1.00107525137274,-0.120783736078115,TRUE,0.595948600006325,1.00107463874356,0.0543853808844975,TRUE,0.440738978702433,1.00100606769351
228,"rand=1-1_rate=1.5_ROB=L_UH_Bias=NRE strong","1-1",1.5,"L_UH","NRE strong",0,0.048790164169432,0.0953101798043249,0.048790164169432,0.182321556793955,0.300104592450338,0.0684025283556414,0.0704496098422049,-0.15927084673875,TRUE,0.54713341053916,1.00101765839946,-0.149332693804802,TRUE,0.38114051832792,1.00104056826396,-0.0207243626206501,TRUE,0.486581737325782,1.00104674801413,-0.255251552544391,TRUE,0.698858326441088,1.00098648845513
229,"rand=1-1_rate=1.5_ROB=L_UH_Bias=NRE strong","1-1",1.5,"L_UH","NRE strong",0,0.048790164169432,0.0953101798043249,0.048790164169432,0.182321556793955,0.300104592450338,0.0707602988829333,0.0760133841854688,-0.225911404479384,TRUE,0.53992922992885,1.00102901922562,-0.298739526460492,FALSE,0.368195193502761,1.0009879708231,-0.281100079998749,FALSE,0.642363841278066,1.00099980826747,-0.308735624964932,FALSE,0.561990178481976,1.00099683806846
230,"rand=1-1_rate=1.5_ROB=L_UH_Bias=NRE strong","1-1",1.5,"L_UH","NRE strong",0,0.048790164169432,0.0953101798043249,0.048790164169432,0.182321556793955,0.300104592450338,0.0630497394011993,0.0647851025745669,0.0291238961761305,TRUE,0.430739769071873,1.00146157234161,-0.0764770420599732,TRUE,0.397822721255541,1.00100444995026,0.0513686171704593,TRUE,0.424222176113533,1.00129451620862,-0.20361354794608,TRUE,0.884714896377608,1.00108810920903
231,"rand=1-1_rate=1.5_ROB=L_UH_Bias=NRE strong","1-1",1.5,"L_UH","NRE strong",0,0.048790164169432,0.0953101798043249,0.048790164169432,0.182321556793955,0.300104592450338,0.078661550989732,0.0804061743338915,-0.0422660571270259,TRUE,0.477069573245417,1.00112072186155,-0.0986048992354542,TRUE,0.331963134264883,1.00100403678781,0.0225927145379146,TRUE,0.49319995204464,1.00098828177905,-0.174207981933528,TRUE,0.537460726774088,1.00107869679897
232,"rand=1-1_rate=1.5_ROB=L_UH_Bias=NRE strong","1-1",1.5,"L_UH","NRE strong",0,0.048790164169432,0.0953101798043249,0.048790164169432,0.182321556793955,0.300104592450338,0.0679921757085205,0.0682458367106246,-0.191955028651521,TRUE,0.644736540328454,1.00101221501294,-0.231731394253785,TRUE,0.517395021872962,1.00099266205748,-0.0592736345230984,TRUE,0.629603116341183,1.00107001189764,-0.433269602087968,FALSE,0.990055038064647,1.00099769377692
233,"rand=1-1_rate=1.5_ROB=L_UH_Bias=NRE strong","1-1",1.5,"L_UH","NRE strong",0,0.048790164169432,0.0953101798043249,0.048790164169432,0.182321556793955,0.300104592450338,0.0660556049352644,0.0721652990014476,0.124690482483108,TRUE,0.424503173325399,1.00098625646177,0.0296228365183867,TRUE,0.389763313992524,1.0010322776077,0.0572475247085317,TRUE,0.486490327602774,1.0011032023254,0.0114510129677942,TRUE,0.781951955632156,1.00099496949205
234,"rand=1-1_rate=1.5_ROB=L_UH_Bias=NRE strong","1-1",1.5,"L_UH","NRE strong",0,0.048790164169432,0.0953101798043249,0.048790164169432,0.182321556793955,0.300104592450338,0.067643326929768,0.0704826594672408,-0.0366982877213149,TRUE,0.393757944448679,1.00098600832996,-0.0264504019700413,TRUE,0.200270970011276,1.00100302795411,-0.0829758260400564,TRUE,0.541368837090496,1.0010041689921,-0.0124567436676355,TRUE,0.227097130838488,1.00116047108484
235,"rand=1-1_rate=1.5_ROB=L_UH_Bias=NRE strong","1-1",1.5,"L_UH","NRE strong",0,0.048790164169432,0.0953101798043249,0.048790164169432,0.182321556793955,0.300104592450338,0.0571942800056432,0.0618733704313735,-0.210945017810718,TRUE,0.58736123112965,1.0010129586805,-0.26269625638285,FALSE,0.437696115617133,1.00107409419967,-0.164391366721029,TRUE,0.539780943657256,1.00128731340772,-0.341918268445636,TRUE,0.893014021032505,1.00098610935761
236,"rand=1-1_rate=1.5_ROB=L_UH_Bias=NRE strong","1-1",1.5,"L_UH","NRE strong",0,0.048790164169432,0.0953101798043249,0.048790164169432,0.182321556793955,0.300104592450338,0.0796643770342562,0.0806948297081998,-0.178376863436135,TRUE,0.476940171122419,1.00105667902055,-0.213488534312414,FALSE,0.271343831138759,1.00140150070018,-0.24632925755932,TRUE,0.638868080962779,1.00100399017941,-0.20427613202721,FALSE,0.352249033701105,1.00099215272021
237,"rand=1-1_rate=1.5_ROB=L_UH_Bias=NRE strong","1-1",1.5,"L_UH","NRE strong",0,0.048790164169432,0.0953101798043249,0.048790164169432,0.182321556793955,0.300104592450338,0.0757552631794969,0.076542502952867,-0.0520875914860324,TRUE,0.517333603700194,1.00100471295221,-0.117253059660261,TRUE,0.424203671267275,1.00101768136711,0.0599247318618126,TRUE,0.486668954999812,1.00110950937573,-0.296994161667931,TRUE,0.778054732856238,1.00102305389896
238,"rand=1-1_rate=1.5_ROB=L_UH_Bias=NRE strong","1-1",1.5,"L_UH","NRE strong",0,0.048790164169432,0.0953101798043249,0.048790164169432,0.182321556793955,0.300104592450338,0.0686247309710559,0.0722484102575657,-0.1379048633654,TRUE,0.534978163884021,1.00099918484334,-0.12088421567978,TRUE,0.365583517838429,1.00111055950867,-0.229042400922264,TRUE,0.570769306237812,1.00117511146303,-0.0531341668215382,TRUE,0.620921425343019,1.0009869076383
239,"rand=1-1_rate=1.5_ROB=L_UH_Bias=NRE strong","1-1",1.5,"L_UH","NRE strong",0,0.048790164169432,0.0953101798043249,0.048790164169432,0.182321556793955,0.300104592450338,0.0598292352122536,0.0622053168855433,-0.076945452478784,TRUE,0.439099390623926,1.00216640626545,-0.0752798451866146,TRUE,0.257823224293968,1.00101030881172,-0.0186845185171636,TRUE,0.449293087485835,1.00101961553663,-0.0945719325126222,TRUE,0.40044488365266,1.00104579801762
240,"rand=1-1_rate=1.5_ROB=L_UH_Bias=NRE strong","1-1",1.5,"L_UH","NRE strong",0,0.048790164169432,0.0953101798043249,0.048790164169432,0.182321556793955,0.300104592450338,0.0580736436812463,0.060212791105556,-0.0847640718083016,TRUE,0.528901601615262,1.00120707871296,-0.138676067150765,TRUE,0.395652301321626,1.00102440758118,-0.124507856005002,TRUE,0.631005645833737,1.0010046754472,-0.147889831145362,TRUE,0.655418570813681,1.00098988969732
241,"rand=1-1_rate=1.5_ROB=L_UH_Bias=NRE strong","1-1",1.5,"L_UH","NRE strong",0,0.048790164169432,0.0953101798043249,0.048790164169432,0.182321556793955,0.300104592450338,0.0734094817264422,0.0772985233036659,-0.107115067962317,TRUE,0.460309266658064,1.00117324904611,-0.209108633748962,FALSE,0.388620073636268,1.00099619348202,0.0399301454106571,TRUE,0.405403564825751,1.00101161721689,-0.409642722802601,FALSE,0.726540883896737,1.00104106711447
242,"rand=1-1_rate=1.5_ROB=L_UH_Bias=NRE strong","1-1",1.5,"L_UH","NRE strong",0,0.048790164169432,0.0953101798043249,0.048790164169432,0.182321556793955,0.300104592450338,0.0844679542710362,0.085649230743355,-0.280694895397102,FALSE,0.606756542803601,1.0010835324757,-0.294031415856656,FALSE,0.418163850992491,1.00111417602152,-0.217109245170385,TRUE,0.634362321898487,1.00239911145734,-0.346600004305284,FALSE,0.695152631404463,1.00100055149007
243,"rand=1-1_rate=1.5_ROB=L_UH_Bias=NRE strong","1-1",1.5,"L_UH","NRE strong",0,0.048790164169432,0.0953101798043249,0.048790164169432,0.182321556793955,0.300104592450338,0.0846924982112227,0.0857357348473249,-0.0343481350105692,TRUE,0.437020816507791,1.00104404529982,-0.0894670111079501,TRUE,0.319523007592872,1.00103032909974,-0.0533718704511166,TRUE,0.56373571839582,1.00098617647439,-0.110282194518595,TRUE,0.471474107511788,1.00102163172615
244,"rand=1-1_rate=1.5_ROB=L_UH_Bias=NRE strong","1-1",1.5,"L_UH","NRE strong",0,0.048790164169432,0.0953101798043249,0.048790164169432,0.182321556793955,0.300104592450338,0.0599301376017936,0.0655913592013079,-0.0324096131321367,TRUE,0.512314398746924,1.00108570145256,-0.0894404340156434,TRUE,0.405332743246988,1.00098620940084,-0.164003423796887,TRUE,0.863078348493752,1.00098605625753,-0.0376453007651589,TRUE,0.413231336579484,1.00109991397107
245,"rand=1-1_rate=1.5_ROB=L_UH_Bias=NRE strong","1-1",1.5,"L_UH","NRE strong",0,0.048790164169432,0.0953101798043249,0.048790164169432,0.182321556793955,0.300104592450338,0.072472912266663,0.0741360440742473,-0.0363355001229693,TRUE,0.485718176676103,1.00104835407841,-0.138436696162258,TRUE,0.411651111404599,1.00100169294085,-0.0897831012015413,TRUE,0.555461171341619,1.00128314834278,-0.187942461679302,TRUE,0.785958189806216,1.00098737695717
246,"rand=1-1_rate=1.5_ROB=L_UH_Bias=NRE strong","1-1",1.5,"L_UH","NRE strong",0,0.048790164169432,0.0953101798043249,0.048790164169432,0.182321556793955,0.300104592450338,0.0818352377403193,0.0821484554295289,-0.204152018747274,TRUE,0.460410245882189,1.00098802649861,-0.210990206078665,FALSE,0.242136097904186,1.00127006860061,-0.130468214879418,TRUE,0.523015657395759,1.00105956734141,-0.2331879279865,FALSE,0.297097553856316,1.00112024536143
247,"rand=1-1_rate=1.5_ROB=L_UH_Bias=NRE strong","1-1",1.5,"L_UH","NRE strong",0,0.048790164169432,0.0953101798043249,0.048790164169432,0.182321556793955,0.300104592450338,0.0728623127889459,0.0736945935274253,0.0343212688802479,TRUE,0.436009687375956,1.00195869385673,-0.0476114712616034,TRUE,0.359898206845751,1.00098938645019,0.0124798852274899,TRUE,0.430287128585408,1.00112312922704,-0.0878411934995011,TRUE,0.786122323666467,1.00114751767261
248,"rand=1-1_rate=1.5_ROB=L_UH_Bias=NRE strong","1-1",1.5,"L_UH","NRE strong",0,0.048790164169432,0.0953101798043249,0.048790164169432,0.182321556793955,0.300104592450338,0.057728987069907,0.0603773783075494,0.134014391861607,TRUE,0.366305683487203,1.00116009049857,0.11765783185839,TRUE,0.258491835691899,1.00105702052413,0.0796367027115905,TRUE,0.454593385253768,1.00104615641659,0.138360964528641,TRUE,0.398718016797767,1.00098600975654
249,"rand=1-1_rate=1.5_ROB=L_UH_Bias=NRE strong","1-1",1.5,"L_UH","NRE strong",0,0.048790164169432,0.0953101798043249,0.048790164169432,0.182321556793955,0.300104592450338,0.079487732753389,0.0813841003949334,-0.108127289360602,TRUE,0.531550227691055,1.00118265409511,-0.183443184990257,TRUE,0.428248595849088,1.00100538321985,0.0343535370860182,TRUE,0.441174532323236,1.00121126336828,-0.408041505929479,FALSE,0.8128946124378,1.00098636048858
250,"rand=1-1_rate=1.5_ROB=L_UH_Bias=NRE strong","1-1",1.5,"L_UH","NRE strong",0,0.048790164169432,0.0953101798043249,0.048790164169432,0.182321556793955,0.300104592450338,0.0481336320303231,0.0516484634048661,-0.0709325865696602,TRUE,0.457110337781793,1.00098603326188,-0.112316450787252,TRUE,0.3157086168907,1.00115633102205,0.0389587707515909,TRUE,0.549549484340462,1.00104230779317,-0.19387794649538,FALSE,0.346588488622082,1.00099299784191
251,"rand=1-1_rate=1.5_ROB=L_UH_Bias=NRE strong","1-1",1.5,"L_UH","NRE strong",0,0.048790164169432,0.0953101798043249,0.048790164169432,0.182321556793955,0.300104592450338,0.075846914744462,0.0764770703582189,-0.0646495787850492,TRUE,0.622215742713593,1.00104333218242,-0.0802643431141299,TRUE,0.42529671409251,1.0010948780681,0.127781785121881,TRUE,0.48924988911145,1.00099853480972,-0.302013099714623,FALSE,0.669675496175809,1.00115669985801
252,"rand=1-1_rate=1.5_ROB=L_UH_Bias=NRE strong","1-1",1.5,"L_UH","NRE strong",0,0.048790164169432,0.0953101798043249,0.048790164169432,0.182321556793955,0.300104592450338,0.0748433162246061,0.0756641370940037,-0.0936409182497349,TRUE,0.419472851353565,1.00098825666798,-0.199193693610924,FALSE,0.366533094100032,1.00103597777426,-0.0604134273975119,TRUE,0.442398503069744,1.00104354365851,-0.30792092116142,TRUE,0.771960488021919,1.00103506238415
253,"rand=1-1_rate=1.5_ROB=L_UH_Bias=NRE strong","1-1",1.5,"L_UH","NRE strong",0,0.048790164169432,0.0953101798043249,0.048790164169432,0.182321556793955,0.300104592450338,0.0671186140089201,0.0694084115512996,-0.0349179747292934,TRUE,0.414248338590975,1.00112684147393,-0.0548193500234637,TRUE,0.26177845973263,1.00129751512633,0.0396364806030453,TRUE,0.433784180280424,1.00209101940669,-0.0942134384799636,TRUE,0.404974317532739,1.00102317695655
254,"rand=1-1_rate=1.5_ROB=L_UH_Bias=NRE strong","1-1",1.5,"L_UH","NRE strong",0,0.048790164169432,0.0953101798043249,0.048790164169432,0.182321556793955,0.300104592450338,0.0869818992090714,0.0889744062340373,-0.119315533933816,TRUE,0.46458863487164,1.00109082243965,-0.139607660490033,TRUE,0.291417109717302,1.00099967920179,-0.0741141405073498,TRUE,0.467007103894549,1.00171603267622,-0.171030426411242,TRUE,0.497178899410061,1.00098890207358
255,"rand=1-1_rate=1.5_ROB=L_UH_Bias=NRE strong","1-1",1.5,"L_UH","NRE strong",0,0.048790164169432,0.0953101798043249,0.048790164169432,0.182321556793955,0.300104592450338,0.0811362666166883,0.0816468964310897,0.0466871985560705,TRUE,0.568382665339216,1.00098669185455,0.0213988454345233,TRUE,0.452779227319595,1.00098977637792,0.0809154217107219,TRUE,0.580975444692252,1.00098757409467,-0.0399136043491868,TRUE,0.936764462925743,1.00099045840438
256,"rand=1-1_rate=1.5_ROB=L_UH_Bias=NRE strong","1-1",1.5,"L_UH","NRE strong",0,0.048790164169432,0.0953101798043249,0.048790164169432,0.182321556793955,0.300104592450338,0.0690710929282341,0.0732791947346433,-0.181807902860065,TRUE,0.614472561987817,1.00172297160279,-0.216416376058493,TRUE,0.567493225048981,1.00100861353753,-0.306441710416599,FALSE,0.571729780401904,1.0010908906792,-0.107165494762064,TRUE,1.33920838705934,1.00102293797999
257,"rand=1-1_rate=1.5_ROB=L_UH_Bias=NRE strong","1-1",1.5,"L_UH","NRE strong",0,0.048790164169432,0.0953101798043249,0.048790164169432,0.182321556793955,0.300104592450338,0.093084573444515,0.0938292456389908,0.0109110040504029,TRUE,0.451705938098058,1.00101266717228,-0.114077769755781,TRUE,0.42801456109852,1.00098831712619,0.0352551728550135,TRUE,0.457976140460174,1.00169228960574,-0.251158552360779,TRUE,0.950303004911913,1.00099311343733
258,"rand=1-1_rate=1.5_ROB=L_UH_Bias=NRE strong","1-1",1.5,"L_UH","NRE strong",0,0.048790164169432,0.0953101798043249,0.048790164169432,0.182321556793955,0.300104592450338,0.0823748438006866,0.083075877473161,-0.108156351808391,TRUE,0.520620284348216,1.0010057632874,-0.138922940131471,TRUE,0.398304801538621,1.00101848803739,-0.126787712638886,TRUE,0.561708974023698,1.00163823170384,-0.147264768698015,TRUE,0.721750006542081,1.0010273373695
259,"rand=1-1_rate=1.5_ROB=L_UH_Bias=NRE strong","1-1",1.5,"L_UH","NRE strong",0,0.048790164169432,0.0953101798043249,0.048790164169432,0.182321556793955,0.300104592450338,0.0714098899086555,0.0740599898968536,0.0247456763227748,TRUE,0.3985930235666,1.0009899508796,-0.0297656846887036,TRUE,0.39371354729883,1.00099695726851,0.177418633739826,TRUE,0.390580613059833,1.00140066572754,-0.253412498742436,TRUE,0.689527019292398,1.00100525850515
260,"rand=1-1_rate=1.5_ROB=L_UH_Bias=NRE strong","1-1",1.5,"L_UH","NRE strong",0,0.048790164169432,0.0953101798043249,0.048790164169432,0.182321556793955,0.300104592450338,0.0433996618843819,0.0472414851687628,0.0447865125482847,TRUE,0.410036311531254,1.00131358080855,-0.0473407593926864,TRUE,0.333147789527786,1.00099741995725,0.112100436342814,TRUE,0.397276106950808,1.00112201595374,-0.162359637754643,TRUE,0.644767794403253,1.00100579001719
261,"rand=1-1_rate=1.5_ROB=L_UH_Bias=NRE strong","1-1",1.5,"L_UH","NRE strong",0,0.048790164169432,0.0953101798043249,0.048790164169432,0.182321556793955,0.300104592450338,0.076098138714274,0.0770952748680504,-0.0765002226162683,TRUE,0.460016650832917,1.00143973366582,-0.154828092538342,TRUE,0.310624135256599,1.00098933934599,-0.0740516230059702,TRUE,0.575811918958388,1.00102361074375,-0.197764031868944,FALSE,0.418377775164704,1.00098742708656
262,"rand=1-1_rate=1.5_ROB=L_UH_Bias=NRE strong","1-1",1.5,"L_UH","NRE strong",0,0.048790164169432,0.0953101798043249,0.048790164169432,0.182321556793955,0.300104592450338,0.0734181454969618,0.0752417451798043,-0.0355052101001041,TRUE,0.484406245822736,1.00098694158094,-0.122428959143838,TRUE,0.377010921021648,1.0010997116151,0.0514157457162302,TRUE,0.431256240335629,1.00123006620632,-0.271733099370564,TRUE,0.686401740320981,1.00098970407011
263,"rand=1-1_rate=1.5_ROB=L_UH_Bias=NRE strong","1-1",1.5,"L_UH","NRE strong",0,0.048790164169432,0.0953101798043249,0.048790164169432,0.182321556793955,0.300104592450338,0.081433973797759,0.0816141227601172,-0.182895769198172,TRUE,0.498793768103011,1.00099507752792,-0.23505566872474,FALSE,0.353503626675973,1.00108658242429,-0.253466140087985,TRUE,0.783471376855121,1.00106246928297,-0.234493103604249,FALSE,0.400434014059529,1.00106906456736
264,"rand=1-1_rate=1.5_ROB=L_UH_Bias=NRE strong","1-1",1.5,"L_UH","NRE strong",0,0.048790164169432,0.0953101798043249,0.048790164169432,0.182321556793955,0.300104592450338,0.0506118296053436,0.0563691901924473,0.0310941796877038,TRUE,0.479354482239014,1.00098711188534,-0.00494462607030521,TRUE,0.355021765796102,1.00098746183969,-0.091480674332624,TRUE,0.558536855961327,1.00108246829201,0.0536219232615703,TRUE,0.599398519569391,1.000990248303
265,"rand=1-1_rate=1.5_ROB=L_UH_Bias=NRE strong","1-1",1.5,"L_UH","NRE strong",0,0.048790164169432,0.0953101798043249,0.048790164169432,0.182321556793955,0.300104592450338,0.0713395110269076,0.0727596628477657,-0.315437527024143,FALSE,0.627731519012157,1.00099830150577,-0.341845587649904,FALSE,0.47206018950427,1.00100686294877,-0.210027184620351,TRUE,0.695180892376314,1.00100101955416,-0.44531092751629,FALSE,0.761252259840543,1.00098835677599
266,"rand=1-1_rate=1.5_ROB=L_UH_Bias=NRE strong","1-1",1.5,"L_UH","NRE strong",0,0.048790164169432,0.0953101798043249,0.048790164169432,0.182321556793955,0.300104592450338,0.0754257522735473,0.0760956468474699,-0.0381687324203273,TRUE,0.503647945381743,1.00098693615939,-0.144856992388545,TRUE,0.425166784910652,1.00100289112862,-0.0369623047853129,TRUE,0.53393182456344,1.00107635934404,-0.248616354691863,TRUE,0.845278220594398,1.00098766266713
267,"rand=1-1_rate=1.5_ROB=L_UH_Bias=NRE strong","1-1",1.5,"L_UH","NRE strong",0,0.048790164169432,0.0953101798043249,0.048790164169432,0.182321556793955,0.300104592450338,0.0713045087714099,0.0730864005317491,-0.0733261187396022,TRUE,0.411930477282038,1.00099461479415,-0.110721536205179,TRUE,0.230724665638136,1.00099396045195,0.0630285560603303,TRUE,0.409161640834477,1.00117022644422,-0.167639487320354,FALSE,0.281751517969823,1.00108582963731
268,"rand=1-1_rate=1.5_ROB=L_UH_Bias=NRE strong","1-1",1.5,"L_UH","NRE strong",0,0.048790164169432,0.0953101798043249,0.048790164169432,0.182321556793955,0.300104592450338,0.0855805859472923,0.0869772730056477,0.00914542178722244,TRUE,0.558886478078312,1.00099146968989,-0.0232673453300336,TRUE,0.40674598412066,1.00099216336861,0.0687020768230753,TRUE,0.671012146125551,1.00098821092992,-0.121554494661994,TRUE,0.567430012653898,1.00098605766161
269,"rand=1-1_rate=1.5_ROB=L_UH_Bias=NRE strong","1-1",1.5,"L_UH","NRE strong",0,0.048790164169432,0.0953101798043249,0.048790164169432,0.182321556793955,0.300104592450338,0.0696175310970141,0.070420540228734,-0.136326930230019,TRUE,0.622002037765804,1.00099478365814,-0.195370359757248,TRUE,0.52332343445377,1.00104642160152,-0.120328416413702,TRUE,0.662906534986147,1.00103360968129,-0.27966152880462,TRUE,1.12520751946901,1.00103480706895
270,"rand=1-1_rate=1.5_ROB=L_UH_Bias=NRE strong","1-1",1.5,"L_UH","NRE strong",0,0.048790164169432,0.0953101798043249,0.048790164169432,0.182321556793955,0.300104592450338,0.0790580490630308,0.0797973277691189,-0.0350757585723793,TRUE,0.456909408599843,1.00116962178575,-0.122966247514231,TRUE,0.397565780603151,1.00104082036002,0.0677656630490354,TRUE,0.395752449531983,1.00113351860151,-0.300859127527388,TRUE,0.80060857168987,1.00098606595832
271,"rand=1-1_rate=1.5_ROB=L_UH_Bias=NRE strong","1-1",1.5,"L_UH","NRE strong",0,0.048790164169432,0.0953101798043249,0.048790164169432,0.182321556793955,0.300104592450338,0.0745404478126634,0.0773280733635765,-0.135342011298922,TRUE,0.510537271358745,1.00118391344644,-0.16915066569613,TRUE,0.38117410100522,1.00100698596664,-0.133358313256648,TRUE,0.488292279098291,1.00102272574038,-0.197435524773563,TRUE,0.796607264409015,1.00100126718543
272,"rand=1-1_rate=1.5_ROB=L_UH_Bias=NRE strong","1-1",1.5,"L_UH","NRE strong",0,0.048790164169432,0.0953101798043249,0.048790164169432,0.182321556793955,0.300104592450338,0.0742638966381782,0.0763771447911038,0.0407445273660845,TRUE,0.533801865729574,1.00103063091589,-0.0256499353626709,TRUE,0.432176429981821,1.00098602768602,0.0985566734524523,TRUE,0.549168719589244,1.00099104800181,-0.157646895531698,TRUE,0.826604772390759,1.00110671460076
273,"rand=1-1_rate=1.5_ROB=L_UH_Bias=NRE strong","1-1",1.5,"L_UH","NRE strong",0,0.048790164169432,0.0953101798043249,0.048790164169432,0.182321556793955,0.300104592450338,0.0784740849984612,0.0800987481943864,-0.0403565645697008,TRUE,0.532268833924472,1.00098703110891,-0.0957612235648093,TRUE,0.406753430713417,1.00099991196715,-0.0682286556242477,TRUE,0.69703632285458,1.00098633612916,-0.120587676549946,TRUE,0.628389810346656,1.00099030427224
274,"rand=1-1_rate=1.5_ROB=L_UH_Bias=NRE strong","1-1",1.5,"L_UH","NRE strong",0,0.048790164169432,0.0953101798043249,0.048790164169432,0.182321556793955,0.300104592450338,0.0640565217400272,0.0653540723988756,-0.132882758538526,TRUE,0.586848186681095,1.00149061570112,-0.0438738946757891,TRUE,0.396727981711223,1.00098611823942,-0.264768732306443,FALSE,0.586570405370579,1.00207171264375,0.113911428689401,TRUE,0.567212925224922,1.00099028669166
275,"rand=1-1_rate=1.5_ROB=L_UH_Bias=NRE strong","1-1",1.5,"L_UH","NRE strong",0,0.048790164169432,0.0953101798043249,0.048790164169432,0.182321556793955,0.300104592450338,0.0804012113381765,0.0811461718120464,-0.118132673489186,TRUE,0.506718134695393,1.00139073049594,-0.145067364513995,TRUE,0.377541979692319,1.00101583104783,-0.129748942946016,TRUE,0.494316859345691,1.00114135808353,-0.156638702889755,TRUE,0.747993232790974,1.00100397101924
276,"rand=1-1_rate=1.5_ROB=L_UH_Bias=NRE strong","1-1",1.5,"L_UH","NRE strong",0,0.048790164169432,0.0953101798043249,0.048790164169432,0.182321556793955,0.300104592450338,0.0684789874218922,0.0691356719870759,-0.106249497764563,TRUE,0.576759481331833,1.00114757295814,-0.146337418403381,TRUE,0.449604021623844,1.00100158097313,-0.103431923116023,TRUE,0.598159235505136,1.00113193453644,-0.191766807238935,TRUE,0.864649753838536,1.0009861736198
277,"rand=1-1_rate=1.5_ROB=L_UH_Bias=NRE strong","1-1",1.5,"L_UH","NRE strong",0,0.048790164169432,0.0953101798043249,0.048790164169432,0.182321556793955,0.300104592450338,0.0674633709367432,0.0697967348981595,-0.0987795191158507,TRUE,0.465082317010579,1.00104976582935,-0.125647521579082,TRUE,0.315354585761322,1.00099575502709,-0.0125631347036697,TRUE,0.493441025649406,1.00119320247798,-0.188829272631686,TRUE,0.475944046973043,1.00098622540553
278,"rand=1-1_rate=1.5_ROB=L_UH_Bias=NRE strong","1-1",1.5,"L_UH","NRE strong",0,0.048790164169432,0.0953101798043249,0.048790164169432,0.182321556793955,0.300104592450338,0.0727396557133787,0.0729550544317077,0.0240664453029764,TRUE,0.52062064514047,1.00101313781257,-0.0366895266637699,TRUE,0.425196953579991,1.00102198875635,-0.00588240785897298,TRUE,0.540740417013627,1.00099259283508,-0.063794745980376,TRUE,0.881998362836689,1.0009884353123
279,"rand=1-1_rate=1.5_ROB=L_UH_Bias=NRE strong","1-1",1.5,"L_UH","NRE strong",0,0.048790164169432,0.0953101798043249,0.048790164169432,0.182321556793955,0.300104592450338,0.0748152293501232,0.0794309645652158,-0.0941059240559561,TRUE,0.455236226193294,1.00114718068157,-0.0734307166726054,TRUE,0.305945270192786,1.0011069426539,-0.175078035603102,TRUE,0.589991180689198,1.00184473272999,-0.0281023957360866,TRUE,0.424177317652301,1.00101600538826
280,"rand=1-1_rate=1.5_ROB=L_UH_Bias=NRE strong","1-1",1.5,"L_UH","NRE strong",0,0.048790164169432,0.0953101798043249,0.048790164169432,0.182321556793955,0.300104592450338,0.0667625513223744,0.0679729232213429,-0.00067577501478211,TRUE,0.515363940311927,1.00100165030821,-0.0625620247203309,TRUE,0.395728211053547,1.00099746436718,0.0853387650997457,TRUE,0.541349342442364,1.00106571665543,-0.196279770414552,TRUE,0.632066190300173,1.00100314392788
281,"rand=1-1_rate=1.5_ROB=L_UH_Bias=NRE strong","1-1",1.5,"L_UH","NRE strong",0,0.048790164169432,0.0953101798043249,0.048790164169432,0.182321556793955,0.300104592450338,0.0686824333714205,0.0760046359594136,-0.0876411146920351,TRUE,0.609449953458374,1.00105905020349,-0.0961765604024714,TRUE,0.454410549124766,1.00104358224257,-0.0145359309542115,TRUE,0.666135846203109,1.00099818217071,-0.182258816137426,TRUE,0.772872601612102,1.00099316170179
282,"rand=1-1_rate=1.5_ROB=L_UH_Bias=NRE strong","1-1",1.5,"L_UH","NRE strong",0,0.048790164169432,0.0953101798043249,0.048790164169432,0.182321556793955,0.300104592450338,0.0779843002679922,0.0832789999184363,-0.0116541714514091,TRUE,0.488388511431576,1.00104822402071,-0.115928559476897,TRUE,0.487251471252707,1.00100252541824,-0.0221817997875466,TRUE,0.496157096663659,1.00099140731898,-0.240514748820891,TRUE,1.23236516052414,1.0010262442881
283,"rand=1-1_rate=1.5_ROB=L_UH_Bias=NRE strong","1-1",1.5,"L_UH","NRE strong",0,0.048790164169432,0.0953101798043249,0.048790164169432,0.182321556793955,0.300104592450338,0.0760415934554958,0.077819612492383,0.0628335511496833,TRUE,0.37908785352857,1.00099096009833,0.0159255615134637,TRUE,0.420862511424473,1.0010201871837,0.0352126027246238,TRUE,0.58792663504256,1.00100573259997,-0.00278451919800449,TRUE,0.822881442782974,1.0009874077957
284,"rand=1-1_rate=1.5_ROB=L_UH_Bias=NRE strong","1-1",1.5,"L_UH","NRE strong",0,0.048790164169432,0.0953101798043249,0.048790164169432,0.182321556793955,0.300104592450338,0.0728041514764417,0.0750801150773681,-0.0607082818314493,TRUE,0.518099966097172,1.0010220689511,-0.0112668302248518,TRUE,0.376014805649411,1.00098994848084,-0.0685272276015825,TRUE,0.594541562475426,1.00103858847353,0.0285651131984114,TRUE,0.60343711621783,1.00098902035905
285,"rand=1-1_rate=1.5_ROB=L_UH_Bias=NRE strong","1-1",1.5,"L_UH","NRE strong",0,0.048790164169432,0.0953101798043249,0.048790164169432,0.182321556793955,0.300104592450338,0.0728994507948722,0.0739184256071783,0.0256477579020363,TRUE,0.424996485443861,1.00100963508265,-0.00615886516317521,TRUE,0.380884047509016,1.00100679388537,0.117151038556657,TRUE,0.382428917479123,1.00154253920266,-0.122338467300204,TRUE,0.864458587259101,1.00099992191163
286,"rand=1-1_rate=1.5_ROB=L_UH_Bias=NRE strong","1-1",1.5,"L_UH","NRE strong",0,0.048790164169432,0.0953101798043249,0.048790164169432,0.182321556793955,0.300104592450338,0.0710940701319354,0.0745903351624243,-0.0300924312766451,TRUE,0.424130467802209,1.0015501051321,-0.0955793923006625,TRUE,0.304518950164885,1.00098617233496,0.0149527475940832,TRUE,0.438419720530167,1.00105503247366,-0.15068688509497,TRUE,0.526531396917286,1.00098889229545
287,"rand=1-1_rate=1.5_ROB=L_UH_Bias=NRE strong","1-1",1.5,"L_UH","NRE strong",0,0.048790164169432,0.0953101798043249,0.048790164169432,0.182321556793955,0.300104592450338,0.0549791278069123,0.0588981201234984,-0.168938413004343,TRUE,0.601192262589905,1.00100083369526,-0.212002485112609,TRUE,0.481138288474043,1.00098881024992,0.00885862393199655,TRUE,0.545549044565714,1.00106476472645,-0.468597788309927,FALSE,0.845258717270968,1.000986239652
288,"rand=1-1_rate=1.5_ROB=L_UH_Bias=NRE strong","1-1",1.5,"L_UH","NRE strong",0,0.048790164169432,0.0953101798043249,0.048790164169432,0.182321556793955,0.300104592450338,0.0793991251640656,0.0804330461453872,0.143608646900031,TRUE,0.347941158359538,1.00101338357766,0.0297622955908294,TRUE,0.346406837584565,1.00099248091975,-0.0408219399664758,TRUE,0.606054933930256,1.00111780597783,0.0794958736775462,TRUE,0.488565231378338,1.00099795855528
289,"rand=1-1_rate=1.5_ROB=L_UH_Bias=NRE strong","1-1",1.5,"L_UH","NRE strong",0,0.048790164169432,0.0953101798043249,0.048790164169432,0.182321556793955,0.300104592450338,0.0748011588446362,0.0751417862572884,-0.0102284728196698,TRUE,0.470513147882626,1.00098602862987,-0.0662257982563157,TRUE,0.381720566602303,1.00099174202037,-0.107433129529868,TRUE,0.499778070217934,1.00098691814637,-0.0433761489019728,TRUE,0.780239849030005,1.00099211015632
290,"rand=1-1_rate=1.5_ROB=L_UH_Bias=NRE strong","1-1",1.5,"L_UH","NRE strong",0,0.048790164169432,0.0953101798043249,0.048790164169432,0.182321556793955,0.300104592450338,0.0551247781418392,0.0594679884614055,0.0930233395930404,TRUE,0.44595999368613,1.00105895291685,-0.0186616271490858,TRUE,0.405716271879638,1.00098608033033,0.145019197223398,TRUE,0.419220983402948,1.00109703390007,-0.183609701760576,TRUE,0.853482293276827,1.00100642108505
291,"rand=1-1_rate=1.5_ROB=L_UH_Bias=NRE strong","1-1",1.5,"L_UH","NRE strong",0,0.048790164169432,0.0953101798043249,0.048790164169432,0.182321556793955,0.300104592450338,0.0852189163118411,0.0897127267412149,-0.0233075581155284,TRUE,0.39204505323606,1.00098837570102,-0.108390509604069,TRUE,0.314207287005004,1.00099487943424,-0.010305921039631,TRUE,0.519302105534228,1.00100935907126,-0.165231515278575,TRUE,0.484318577408114,1.00098599302004
292,"rand=1-1_rate=1.5_ROB=L_UH_Bias=NRE strong","1-1",1.5,"L_UH","NRE strong",0,0.048790164169432,0.0953101798043249,0.048790164169432,0.182321556793955,0.300104592450338,0.0819108996955332,0.0832942587349789,0.0410228180442889,TRUE,0.463699604940941,1.00119576681256,-0.0347780491191214,TRUE,0.374358340602788,1.00104768715046,0.0861013417183716,TRUE,0.480663427354767,1.00102143428198,-0.139579928103746,TRUE,0.683691211493179,1.00099049657061
293,"rand=1-1_rate=1.5_ROB=L_UH_Bias=NRE strong","1-1",1.5,"L_UH","NRE strong",0,0.048790164169432,0.0953101798043249,0.048790164169432,0.182321556793955,0.300104592450338,0.0757097573217503,0.077475698212428,-0.0437667713033831,TRUE,0.472820678716567,1.00099201699897,-0.0637462017205845,TRUE,0.32877671503618,1.0010441971703,-0.0620208952702732,TRUE,0.483480281137277,1.00113186101181,-0.0635356246156469,TRUE,0.581873358839642,1.00099131174022
294,"rand=1-1_rate=1.5_ROB=L_UH_Bias=NRE strong","1-1",1.5,"L_UH","NRE strong",0,0.048790164169432,0.0953101798043249,0.048790164169432,0.182321556793955,0.300104592450338,0.072975851877822,0.0736813073428145,0.00930729926886176,TRUE,0.549458428393944,1.00104389131853,-0.0716604493859572,TRUE,0.498372976035024,1.00099087228453,0.0882683127318427,TRUE,0.436765360870815,1.0011811923582,-0.281650654722958,TRUE,1.30336697121569,1.00099770867446
295,"rand=1-1_rate=1.5_ROB=L_UH_Bias=NRE strong","1-1",1.5,"L_UH","NRE strong",0,0.048790164169432,0.0953101798043249,0.048790164169432,0.182321556793955,0.300104592450338,0.0788938710375773,0.0816322506672409,-0.0164250631898248,TRUE,0.489026402832158,1.00102247466156,-0.0649089639139195,TRUE,0.379341380469915,1.00099224613029,-0.010899503226637,TRUE,0.533340833782811,1.00106913388175,-0.111467848639125,TRUE,0.698493082569055,1.00103372894448
296,"rand=1-1_rate=1.5_ROB=L_UH_Bias=NRE strong","1-1",1.5,"L_UH","NRE strong",0,0.048790164169432,0.0953101798043249,0.048790164169432,0.182321556793955,0.300104592450338,0.0749183990303911,0.0774864989272862,0.0300988548900815,TRUE,0.42958837431807,1.00153610109751,0.0304156984328369,TRUE,0.293295491026521,1.00100230055504,-0.0131994338435464,TRUE,0.452672434705891,1.00190593580049,0.0571603481367196,TRUE,0.496813195146479,1.0009860585333
297,"rand=1-1_rate=1.5_ROB=L_UH_Bias=NRE strong","1-1",1.5,"L_UH","NRE strong",0,0.048790164169432,0.0953101798043249,0.048790164169432,0.182321556793955,0.300104592450338,0.0722440629745552,0.0746864267234513,-5.91723459109073e-05,TRUE,0.482021558543777,1.00099319537262,-0.0701657261316195,TRUE,0.410117270534539,1.00099932246541,-0.0600147041262382,TRUE,0.564298795581408,1.00099158700474,-0.0813861238160705,TRUE,0.781511343891045,1.00100087402441
298,"rand=1-1_rate=1.5_ROB=L_UH_Bias=NRE strong","1-1",1.5,"L_UH","NRE strong",0,0.048790164169432,0.0953101798043249,0.048790164169432,0.182321556793955,0.300104592450338,0.0735580805154501,0.0778745700650866,0.0138215351763642,TRUE,0.477145321485853,1.00112595320673,-0.0504744187001473,TRUE,0.421822807454539,1.00100996292909,0.0112669312485197,TRUE,0.434651743660382,1.00100920626907,-0.106592066054588,TRUE,1.07116628626391,1.00099326420727
299,"rand=1-1_rate=1.5_ROB=L_UH_Bias=NRE strong","1-1",1.5,"L_UH","NRE strong",0,0.048790164169432,0.0953101798043249,0.048790164169432,0.182321556793955,0.300104592450338,0.0553325745299205,0.0564711806996926,-0.254723224217816,TRUE,0.572470875133908,1.0009940782568,-0.245638806950382,FALSE,0.40964965029307,1.00099945179966,-0.121778757619933,TRUE,0.534959753191608,1.00099134005232,-0.340966801184678,FALSE,0.723020180373856,1.00102748726239
300,"rand=1-1_rate=1.5_ROB=L_UH_Bias=NRE strong","1-1",1.5,"L_UH","NRE strong",0,0.048790164169432,0.0953101798043249,0.048790164169432,0.182321556793955,0.300104592450338,0.0746079359557663,0.0773904481014433,0.00958405967442666,TRUE,0.432366571885036,1.00100719898846,-0.067592779244765,TRUE,0.369996261035824,1.00104285725003,0.0804496388228212,TRUE,0.442146692738396,1.00125413776686,-0.198325946370286,TRUE,0.683240011847754,1.00099316546486
301,"rand=1-1_rate=1.5_ROB=L_UH_Bias=NRE strong","1-1",1.5,"L_UH","NRE strong",0,0.048790164169432,0.0953101798043249,0.048790164169432,0.182321556793955,0.300104592450338,0.0667463958964388,0.0679348858951361,-0.291624235514688,FALSE,0.505447348099158,1.00157304498019,-0.305724052968755,FALSE,0.270387574119033,1.00125968171464,-0.116415350315058,TRUE,0.500300103593918,1.00102752724417,-0.362717734622237,FALSE,0.35593688230117,1.00098928147109
302,"rand=1-1_rate=1.5_ROB=L_UH_Bias=NRE strong","1-1",1.5,"L_UH","NRE strong",0,0.048790164169432,0.0953101798043249,0.048790164169432,0.182321556793955,0.300104592450338,0.055419735166277,0.0588865469170476,-0.13809255271768,TRUE,0.482431923526263,1.00098670581062,-0.147090509370596,FALSE,0.315850376761265,1.00100554732547,-0.132477615150463,TRUE,0.643019599883075,1.00099277038267,-0.156292348154516,TRUE,0.415005199029633,1.0009936891808
303,"rand=1-1_rate=1.5_ROB=L_UH_Bias=NRE strong","1-1",1.5,"L_UH","NRE strong",0,0.048790164169432,0.0953101798043249,0.048790164169432,0.182321556793955,0.300104592450338,0.0652195563043502,0.0663507451581667,-0.0972017129862857,TRUE,0.472438091844728,1.00098600284061,-0.107223218760503,TRUE,0.289515732862133,1.0009861754266,-0.062105025987252,TRUE,0.452817171776276,1.00101185310345,-0.128525444147962,TRUE,0.486729155668989,1.00100626621759
304,"rand=1-1_rate=1.5_ROB=L_UH_Bias=NRE strong","1-1",1.5,"L_UH","NRE strong",0,0.048790164169432,0.0953101798043249,0.048790164169432,0.182321556793955,0.300104592450338,0.0699418526675807,0.0742178499601457,0.0632515118109694,TRUE,0.447362237392242,1.00108728426495,-0.00284541943259575,TRUE,0.359184279380546,1.00101359357895,0.0348154109673058,TRUE,0.520880358299056,1.00109185158883,-0.0368279128804438,TRUE,0.643519348336788,1.00099523994049
305,"rand=1-1_rate=1.5_ROB=L_UH_Bias=NRE strong","1-1",1.5,"L_UH","NRE strong",0,0.048790164169432,0.0953101798043249,0.048790164169432,0.182321556793955,0.300104592450338,0.0772036787379603,0.0793240957816774,-0.0481605894301169,TRUE,0.472407619166754,1.00122216126106,-0.0946589369603563,TRUE,0.334518254305552,1.00098631148349,0.0079271781564938,TRUE,0.447126224656013,1.00121023920046,-0.163968736401692,TRUE,0.597228072506577,1.00098606906006
306,"rand=1-1_rate=1.5_ROB=L_UH_Bias=NRE strong","1-1",1.5,"L_UH","NRE strong",0,0.048790164169432,0.0953101798043249,0.048790164169432,0.182321556793955,0.300104592450338,0.0748089971344699,0.0781957744629361,-0.144542548234379,TRUE,0.57442329996456,1.00100143740202,-0.164993805676299,TRUE,0.434151776057225,1.00101336314499,-0.0618404359211371,TRUE,0.771301088727088,1.00102085415963,-0.252320379263032,FALSE,0.543402080467387,1.00103219187619
307,"rand=1-1_rate=1.5_ROB=L_UH_Bias=NRE strong","1-1",1.5,"L_UH","NRE strong",0,0.048790164169432,0.0953101798043249,0.048790164169432,0.182321556793955,0.300104592450338,0.0767529774772937,0.0792897196231908,0.0904467990193585,TRUE,0.416417294296369,1.00100562973765,-0.0401644492523259,TRUE,0.421676926636922,1.00098649465172,0.0329289451845506,TRUE,0.537804608229071,1.00099297032931,-0.117676565194273,TRUE,0.849786084175234,1.00098843848373
308,"rand=1-1_rate=1.5_ROB=L_UH_Bias=NRE strong","1-1",1.5,"L_UH","NRE strong",0,0.048790164169432,0.0953101798043249,0.048790164169432,0.182321556793955,0.300104592450338,0.0742697301519475,0.0791634032041006,-0.050064899161377,TRUE,0.494793697034891,1.00105795037783,-0.146549757278588,TRUE,0.422975111759165,1.00099058506387,0.0486466429964565,TRUE,0.419024204929983,1.00101959961037,-0.335712740959657,TRUE,0.932874440108303,1.00098761689308
309,"rand=1-1_rate=1.5_ROB=L_UH_Bias=NRE strong","1-1",1.5,"L_UH","NRE strong",0,0.048790164169432,0.0953101798043249,0.048790164169432,0.182321556793955,0.300104592450338,0.0736124031569622,0.0753586145621276,-0.309441591903415,FALSE,0.513224824111145,1.00108864153385,-0.31623677496537,FALSE,0.314333324715605,1.00105253394132,-0.113209741539452,TRUE,0.468727887401718,1.0010178226425,-0.399457488147169,FALSE,0.444663491637768,1.0009868092169
310,"rand=1-1_rate=1.5_ROB=L_UH_Bias=NRE strong","1-1",1.5,"L_UH","NRE strong",0,0.048790164169432,0.0953101798043249,0.048790164169432,0.182321556793955,0.300104592450338,0.0741275094696556,0.0752917933869948,-0.0848972542635273,TRUE,0.439040558203332,1.00098613017478,-0.089565148225069,TRUE,0.379755271459406,1.0010068878827,-0.0488861737753026,TRUE,0.671283416410489,1.00099484739682,-0.115285200817381,TRUE,0.531496500802782,1.00099905157131
311,"rand=1-1_rate=1.5_ROB=L_UH_Bias=NRE strong","1-1",1.5,"L_UH","NRE strong",0,0.048790164169432,0.0953101798043249,0.048790164169432,0.182321556793955,0.300104592450338,0.070606219061318,0.0726161210192744,-0.0821364703285388,TRUE,0.522556779761809,1.001424695565,-0.125630716545359,TRUE,0.407892878097811,1.00099059492112,-0.0542895791871043,TRUE,0.500559867805499,1.00100178586755,-0.179212025453696,TRUE,0.843338653658974,1.00098959536949
312,"rand=1-1_rate=1.5_ROB=L_UH_Bias=NRE strong","1-1",1.5,"L_UH","NRE strong",0,0.048790164169432,0.0953101798043249,0.048790164169432,0.182321556793955,0.300104592450338,0.0911049518226149,0.0915080848179372,-0.0345769886871539,TRUE,0.476080760399619,1.00098784761695,-0.154115652477392,TRUE,0.458970138285243,1.00105489760089,-0.0627408183957689,TRUE,0.663481858101633,1.00112556566175,-0.245280337384756,TRUE,0.804222514854221,1.00098706595941
313,"rand=1-1_rate=1.5_ROB=L_UH_Bias=NRE strong","1-1",1.5,"L_UH","NRE strong",0,0.048790164169432,0.0953101798043249,0.048790164169432,0.182321556793955,0.300104592450338,0.0722868037184458,0.0739866211489179,-0.0141697456573007,TRUE,0.521422918071446,1.00105126905795,-0.0480494000907139,TRUE,0.407681576468245,1.00099853731672,-0.155138412899555,TRUE,0.595882659485678,1.00099279672194,0.0472695513443222,TRUE,0.66536328367614,1.00098994896011
314,"rand=1-1_rate=1.5_ROB=L_UH_Bias=NRE strong","1-1",1.5,"L_UH","NRE strong",0,0.048790164169432,0.0953101798043249,0.048790164169432,0.182321556793955,0.300104592450338,0.0708755693449947,0.0726691086175924,-0.0117868979463052,TRUE,0.460021515424028,1.00104706243147,-0.0610514115073038,TRUE,0.376912367528533,1.00099208690561,0.00945610924669327,TRUE,0.414235899519542,1.00106196972404,-0.127119078141049,TRUE,0.847190757253257,1.00099264794298
315,"rand=1-1_rate=1.5_ROB=L_UH_Bias=NRE strong","1-1",1.5,"L_UH","NRE strong",0,0.048790164169432,0.0953101798043249,0.048790164169432,0.182321556793955,0.300104592450338,0.0779071121230183,0.0786460480574255,-0.117055265808879,TRUE,0.502932474800259,1.00098704983167,-0.218241219219416,FALSE,0.412223551737765,1.00101426528048,-0.0408897597644926,TRUE,0.466039891926768,1.00120509336692,-0.364973088375347,FALSE,0.772651667968915,1.00100190214227
316,"rand=1-1_rate=1.5_ROB=L_UH_Bias=NRE strong","1-1",1.5,"L_UH","NRE strong",0,0.048790164169432,0.0953101798043249,0.048790164169432,0.182321556793955,0.300104592450338,0.0774989999992155,0.0810730259948555,0.00766319403838223,TRUE,0.425601497824689,1.00120876416635,-0.0736410428610712,TRUE,0.360889542725875,1.00100260322165,0.0114588534074759,TRUE,0.41149139872457,1.00116887623938,-0.146462647012942,TRUE,0.837325289878904,1.00099525089822
317,"rand=1-1_rate=1.5_ROB=L_UH_Bias=NRE strong","1-1",1.5,"L_UH","NRE strong",0,0.048790164169432,0.0953101798043249,0.048790164169432,0.182321556793955,0.300104592450338,0.0729868460278456,0.0736652250252161,-0.102705286425536,TRUE,0.550570431108064,1.00139693626905,-0.142087411426084,TRUE,0.472012417055921,1.00101620069838,0.0549272669382816,TRUE,0.508172065818796,1.00125773937429,-0.35699703269865,TRUE,0.868205478382344,1.00100290682405
318,"rand=1-1_rate=1.5_ROB=L_UH_Bias=NRE strong","1-1",1.5,"L_UH","NRE strong",0,0.048790164169432,0.0953101798043249,0.048790164169432,0.182321556793955,0.300104592450338,0.0673927144038553,0.0692674350247719,-0.143251955619016,TRUE,0.535459644535189,1.00098598993657,-0.226405607659948,FALSE,0.447315908130499,1.00098598993625,-0.175455503757938,TRUE,0.614792077285698,1.0011788047149,-0.264685694286172,TRUE,0.845866619171166,1.00100312632076
319,"rand=1-1_rate=1.5_ROB=L_UH_Bias=NRE strong","1-1",1.5,"L_UH","NRE strong",0,0.048790164169432,0.0953101798043249,0.048790164169432,0.182321556793955,0.300104592450338,0.066839918408838,0.0672461553076447,-0.0592672873284079,TRUE,0.412810185596797,1.00142792625965,-0.138055925782435,FALSE,0.268189482656191,1.00100185031321,0.00869786894698332,TRUE,0.429685291755127,1.00120771349165,-0.199723116001886,FALSE,0.437225524940199,1.0009982585058
320,"rand=1-1_rate=1.5_ROB=L_UH_Bias=NRE strong","1-1",1.5,"L_UH","NRE strong",0,0.048790164169432,0.0953101798043249,0.048790164169432,0.182321556793955,0.300104592450338,0.0836499340020965,0.0843977749569133,-0.0983976306750953,TRUE,0.476690703121356,1.00111851420422,-0.184227233258057,TRUE,0.418160626822006,1.0010164009017,-0.128107283576303,TRUE,0.504110200943517,1.00098645260928,-0.231455291042191,TRUE,0.887373314387636,1.00101018837355
321,"rand=1-1_rate=1.5_ROB=L_UH_Bias=NRE strong","1-1",1.5,"L_UH","NRE strong",0,0.048790164169432,0.0953101798043249,0.048790164169432,0.182321556793955,0.300104592450338,0.0692610404352034,0.0699732240715285,-0.0618481233269144,TRUE,0.478408534821719,1.00109988387443,-0.0816667869709176,TRUE,0.319184842879128,1.00099065066232,0.0172067584948397,TRUE,0.515266945181581,1.00100865865497,-0.140308389796889,TRUE,0.464808322135393,1.0010089578113
322,"rand=1-1_rate=1.5_ROB=L_UH_Bias=NRE strong","1-1",1.5,"L_UH","NRE strong",0,0.048790164169432,0.0953101798043249,0.048790164169432,0.182321556793955,0.300104592450338,0.0780696205961089,0.0789275850783408,0.00426981139873273,TRUE,0.412417786731523,1.00105813363459,-0.0868181139321282,TRUE,0.404780061515284,1.00107757779185,0.0138304511758079,TRUE,0.468718221194054,1.00162886220668,-0.194396590290454,TRUE,0.870874761639046,1.00098601793094
323,"rand=1-1_rate=1.5_ROB=L_UH_Bias=NRE strong","1-1",1.5,"L_UH","NRE strong",0,0.048790164169432,0.0953101798043249,0.048790164169432,0.182321556793955,0.300104592450338,0.0666093300456234,0.0682707019829789,-0.0386358690141064,TRUE,0.522283536256464,1.00131760924873,-0.0736957240171383,TRUE,0.409762422302024,1.00109016640921,0.0754094187344004,TRUE,0.407007705725275,1.00208842904381,-0.237888767544528,TRUE,0.978483211362349,1.00099456269432
324,"rand=1-1_rate=1.5_ROB=L_UH_Bias=NRE strong","1-1",1.5,"L_UH","NRE strong",0,0.048790164169432,0.0953101798043249,0.048790164169432,0.182321556793955,0.300104592450338,0.0661685712553459,0.0685138384221415,0.046782066413985,TRUE,0.478623039137588,1.00108702275013,0.0139011107771454,TRUE,0.384561522179219,1.00109976071688,0.00575682984647896,TRUE,0.52853263744379,1.00104871044387,0.0258442656031036,TRUE,0.733600781235473,1.00098866693944
325,"rand=1-1_rate=1.5_ROB=L_UH_Bias=NRE strong","1-1",1.5,"L_UH","NRE strong",0,0.048790164169432,0.0953101798043249,0.048790164169432,0.182321556793955,0.300104592450338,0.0625635946862877,0.0632681146864656,-0.151358949037936,TRUE,0.598760182972852,1.00133711381986,-0.0847055020662244,TRUE,0.445024012513067,1.00100276851291,-0.0834939360706859,TRUE,0.56430841374457,1.00102724334475,-0.092503978112715,TRUE,0.898993855093167,1.001035699821
326,"rand=1-1_rate=1.5_ROB=L_UH_Bias=NRE strong","1-1",1.5,"L_UH","NRE strong",0,0.048790164169432,0.0953101798043249,0.048790164169432,0.182321556793955,0.300104592450338,0.0788322886938704,0.0804758828037964,-0.101453157401212,TRUE,0.451514344968081,1.00101261629106,-0.138388337734049,FALSE,0.27369977069031,1.00119522872568,-0.0517102960880109,TRUE,0.45229132672472,1.0010160807714,-0.170796370887302,TRUE,0.442289976422015,1.0009872351402
327,"rand=1-1_rate=1.5_ROB=L_UH_Bias=NRE strong","1-1",1.5,"L_UH","NRE strong",0,0.048790164169432,0.0953101798043249,0.048790164169432,0.182321556793955,0.300104592450338,0.0646379513336284,0.0661036672265969,0.098798765152345,TRUE,0.359319011240823,1.00118792597445,0.0758405814551818,TRUE,0.207611227394749,1.0010881881512,0.0295915413572821,TRUE,0.461589031541102,1.00140667395197,0.0899175745927884,TRUE,0.273964631479387,1.00099488222861
328,"rand=1-1_rate=1.5_ROB=L_UH_Bias=NRE strong","1-1",1.5,"L_UH","NRE strong",0,0.048790164169432,0.0953101798043249,0.048790164169432,0.182321556793955,0.300104592450338,0.0690989891859358,0.0710114881074322,-0.0223984309670682,TRUE,0.460696192202223,1.0012536088818,-0.11849382724172,TRUE,0.387528351869207,1.0009993649717,-0.0112078587899811,TRUE,0.482007408044549,1.00140110402336,-0.212256790500131,TRUE,0.739952160699925,1.00103637996933
329,"rand=1-1_rate=1.5_ROB=L_UH_Bias=NRE strong","1-1",1.5,"L_UH","NRE strong",0,0.048790164169432,0.0953101798043249,0.048790164169432,0.182321556793955,0.300104592450338,0.0713235138750366,0.0739500522329831,-0.0044663820982549,TRUE,0.420826922185782,1.00099986177809,-0.0889936151751065,TRUE,0.355821045075299,1.00098676269662,-0.107155549042163,TRUE,0.490647990926691,1.00105568719249,-0.0767644017901641,TRUE,0.677973984778909,1.00098602973126
330,"rand=1-1_rate=1.5_ROB=L_UH_Bias=NRE strong","1-1",1.5,"L_UH","NRE strong",0,0.048790164169432,0.0953101798043249,0.048790164169432,0.182321556793955,0.300104592450338,0.0693309770092767,0.070068060660429,0.0148259095485784,TRUE,0.530901601077689,1.00105573828262,-0.0337147834309179,TRUE,0.440066264107389,1.00104571424165,0.0398599631200776,TRUE,0.567532331693309,1.00098599768468,-0.110005888730796,TRUE,0.905285924352984,1.00098663761082
331,"rand=1-1_rate=1.5_ROB=L_UH_Bias=NRE strong","1-1",1.5,"L_UH","NRE strong",0,0.048790164169432,0.0953101798043249,0.048790164169432,0.182321556793955,0.300104592450338,0.0704681113851388,0.0720908809323204,0.021894379966006,TRUE,0.356834395363777,1.00100177359063,-0.0822187608781479,TRUE,0.398690478433355,1.00105719588394,-0.0237906003569246,TRUE,0.437608970339086,1.00117574630537,-0.145606991288637,TRUE,0.98338955789359,1.00098599522918
332,"rand=1-1_rate=1.5_ROB=L_UH_Bias=NRE strong","1-1",1.5,"L_UH","NRE strong",0,0.048790164169432,0.0953101798043249,0.048790164169432,0.182321556793955,0.300104592450338,0.0762753510749967,0.0771301629892145,-0.207141136302807,TRUE,0.48414727635027,1.00098740768683,-0.313732386174971,FALSE,0.419506072514112,1.00101103873849,-0.209243418961998,TRUE,0.520302359220103,1.00145558649508,-0.406971979314294,FALSE,0.874778771482706,1.00102475152425
333,"rand=1-1_rate=1.5_ROB=L_UH_Bias=NRE strong","1-1",1.5,"L_UH","NRE strong",0,0.048790164169432,0.0953101798043249,0.048790164169432,0.182321556793955,0.300104592450338,0.0585974071988495,0.059653846464411,0.0139633457519843,TRUE,0.416942685935321,1.00100878413347,-0.0590567898763463,TRUE,0.399583752314003,1.00098647635251,0.0668787568217496,TRUE,0.579158318168512,1.00102083213437,-0.179300166920888,TRUE,0.642644747225336,1.00099293465918
334,"rand=1-1_rate=1.5_ROB=L_UH_Bias=NRE strong","1-1",1.5,"L_UH","NRE strong",0,0.048790164169432,0.0953101798043249,0.048790164169432,0.182321556793955,0.300104592450338,0.066687377005933,0.0677265537440327,-0.0223677148044412,TRUE,0.465137048959089,1.00104889627576,-0.0655216307223414,TRUE,0.402529231283152,1.00099386473788,-0.0586934626180231,TRUE,0.487546748244466,1.00100056561346,-0.067171684990289,TRUE,0.85949793302734,1.00098603698129
335,"rand=1-1_rate=1.5_ROB=L_UH_Bias=NRE strong","1-1",1.5,"L_UH","NRE strong",0,0.048790164169432,0.0953101798043249,0.048790164169432,0.182321556793955,0.300104592450338,0.0795881702831443,0.0800189797114347,0.0662036735831298,TRUE,0.483730804638034,1.00101103083674,-0.0315506387708535,TRUE,0.399662180492104,1.00100124657553,0.081363552449305,TRUE,0.575774876710396,1.0009865709091,-0.143675362300172,TRUE,0.669477234386501,1.00098601846612
336,"rand=1-1_rate=1.5_ROB=L_UH_Bias=NRE strong","1-1",1.5,"L_UH","NRE strong",0,0.048790164169432,0.0953101798043249,0.048790164169432,0.182321556793955,0.300104592450338,0.0676000182217412,0.0683896182419117,-0.0683227704571499,TRUE,0.557886796338217,1.00098738370383,-0.160835632442752,TRUE,0.438590684802348,1.00099826653739,0.0397587940093121,TRUE,0.502325535821388,1.00112253652764,-0.364866342997728,FALSE,0.761738997153438,1.00100685350106
337,"rand=1-1_rate=1.5_ROB=L_UH_Bias=NRE strong","1-1",1.5,"L_UH","NRE strong",0,0.048790164169432,0.0953101798043249,0.048790164169432,0.182321556793955,0.300104592450338,0.0708666769148463,0.0727670997767386,-0.110091857939929,TRUE,0.60186485982295,1.00142257533623,-0.108395661000278,TRUE,0.434910500882335,1.00099047936991,-0.314278763431142,FALSE,0.667751627083278,1.00100128108345,0.0582396181460688,TRUE,0.611084070370906,1.00107676605826
338,"rand=1-1_rate=1.5_ROB=L_UH_Bias=NRE strong","1-1",1.5,"L_UH","NRE strong",0,0.048790164169432,0.0953101798043249,0.048790164169432,0.182321556793955,0.300104592450338,0.0734202725472131,0.0765541844753224,-0.195050236204089,TRUE,0.597212773639286,1.00106854218375,-0.259538284000058,FALSE,0.504457019935812,1.00100898520999,-0.239370953297583,TRUE,0.643294869439355,1.00105412083885,-0.283071670958719,TRUE,1.0172541747507,1.00098883803771
339,"rand=1-1_rate=1.5_ROB=L_UH_Bias=NRE strong","1-1",1.5,"L_UH","NRE strong",0,0.048790164169432,0.0953101798043249,0.048790164169432,0.182321556793955,0.300104592450338,0.0764592757073555,0.0773976515154234,-0.13385334300703,TRUE,0.457303689508285,1.00104382167244,-0.216751101649357,FALSE,0.350124657368093,1.00105423013658,-0.250412511492949,FALSE,0.558892569802211,1.00157584351517,-0.200629320664291,TRUE,0.580069308427122,1.00100467093084
340,"rand=1-1_rate=1.5_ROB=L_UH_Bias=NRE strong","1-1",1.5,"L_UH","NRE strong",0,0.048790164169432,0.0953101798043249,0.048790164169432,0.182321556793955,0.300104592450338,0.0789391364925207,0.0796751272647487,-0.361687103236001,FALSE,0.689292212176935,1.00099325250029,-0.448999219352588,FALSE,0.608236389217553,1.00099755542967,-0.259344966256983,TRUE,0.863178280158036,1.00098610576904,-0.671858446562734,FALSE,0.954143755827727,1.00101716631179
341,"rand=1-1_rate=1.5_ROB=L_UH_Bias=NRE strong","1-1",1.5,"L_UH","NRE strong",0,0.048790164169432,0.0953101798043249,0.048790164169432,0.182321556793955,0.300104592450338,0.066964995715451,0.0690104079967884,0.0490583548515789,TRUE,0.41369368496927,1.00132993222229,0.00124239284378846,TRUE,0.322023466528142,1.00099958571659,0.0445635477440686,TRUE,0.393671718496234,1.0013044415885,-0.0331889383154829,TRUE,0.720580710511659,1.00098600957073
342,"rand=1-1_rate=1.5_ROB=L_UH_Bias=NRE strong","1-1",1.5,"L_UH","NRE strong",0,0.048790164169432,0.0953101798043249,0.048790164169432,0.182321556793955,0.300104592450338,0.0589893247352423,0.0616861580449617,-0.11140786488578,TRUE,0.565160058766563,1.00126340300015,-0.102536023165318,TRUE,0.434373276029598,1.00099306592104,-0.123874329768281,TRUE,0.551254498991428,1.00101712057375,-0.0905685404555687,TRUE,0.874573618931128,1.00100934500033
343,"rand=1-1_rate=1.5_ROB=L_UH_Bias=NRE strong","1-1",1.5,"L_UH","NRE strong",0,0.048790164169432,0.0953101798043249,0.048790164169432,0.182321556793955,0.300104592450338,0.075193957870892,0.0779746975814665,-0.0477268601901943,TRUE,0.546565811851141,1.00099219530944,-0.087046016658695,TRUE,0.408590196951003,1.00101943419732,0.0308139380019086,TRUE,0.520700363352223,1.00107175329839,-0.200013166622128,TRUE,0.760271384657199,1.00099552290975
344,"rand=1-1_rate=1.5_ROB=L_UH_Bias=NRE strong","1-1",1.5,"L_UH","NRE strong",0,0.048790164169432,0.0953101798043249,0.048790164169432,0.182321556793955,0.300104592450338,0.0665437462148012,0.067945514744422,-0.202115098126805,TRUE,0.611342518335066,1.00099394402481,-0.193298262402281,TRUE,0.439197579693841,1.00098599336274,-0.176965504339817,TRUE,0.743157219732088,1.00103200747879,-0.205593968125365,TRUE,0.661196199061001,1.00108882222583
345,"rand=1-1_rate=1.5_ROB=L_UH_Bias=NRE strong","1-1",1.5,"L_UH","NRE strong",0,0.048790164169432,0.0953101798043249,0.048790164169432,0.182321556793955,0.300104592450338,0.0608982272123233,0.0615235792219585,0.0131891514900284,TRUE,0.427483192899728,1.00100659480817,-0.0380697851644796,TRUE,0.338287738317206,1.00099630691461,-0.077001916579353,TRUE,0.50385979513703,1.00118629748782,-0.0146879239059163,TRUE,0.596443875746398,1.00102495779776
346,"rand=1-1_rate=1.5_ROB=L_UH_Bias=NRE strong","1-1",1.5,"L_UH","NRE strong",0,0.048790164169432,0.0953101798043249,0.048790164169432,0.182321556793955,0.300104592450338,0.0564887331198175,0.0579968600045132,-0.125540991778226,TRUE,0.495085480386284,1.00113212779869,-0.0747387317390091,TRUE,0.311337251291718,1.00100228447151,-0.0480810030678895,TRUE,0.464529772726124,1.00109219476347,-0.0903804592137825,TRUE,0.558788417632504,1.0010904183819
347,"rand=1-1_rate=1.5_ROB=L_UH_Bias=NRE strong","1-1",1.5,"L_UH","NRE strong",0,0.048790164169432,0.0953101798043249,0.048790164169432,0.182321556793955,0.300104592450338,0.0851261248805638,0.0855910671849171,0.0789436645055143,TRUE,0.458521794394389,1.00099338674041,-0.0423805036225191,TRUE,0.441746484097175,1.00101294868618,0.163339174947026,TRUE,0.381739055488677,1.0012006703363,-0.309281093201588,TRUE,1.09729495760634,1.00101112928523
348,"rand=1-1_rate=1.5_ROB=L_UH_Bias=NRE strong","1-1",1.5,"L_UH","NRE strong",0,0.048790164169432,0.0953101798043249,0.048790164169432,0.182321556793955,0.300104592450338,0.0693928073366751,0.0703526732251484,-0.0752509602919751,TRUE,0.387530650829128,1.00100213657898,-0.026746024361322,TRUE,0.239474095241664,1.00118641689193,0.0546101042727505,TRUE,0.418766198170277,1.00121333135267,-0.0579265086385641,TRUE,0.347698052189395,1.00100223566276
349,"rand=1-1_rate=1.5_ROB=L_UH_Bias=NRE strong","1-1",1.5,"L_UH","NRE strong",0,0.048790164169432,0.0953101798043249,0.048790164169432,0.182321556793955,0.300104592450338,0.0800024117180832,0.0826831840156845,-0.244865959137956,TRUE,0.6130528682237,1.00099302390789,-0.282138817104564,FALSE,0.454080144523321,1.0009921117633,-0.309316267218608,FALSE,0.644845198986252,1.00102584093528,-0.259709806815443,TRUE,0.810582519401349,1.0010107261836
350,"rand=1-1_rate=1.5_ROB=L_UH_Bias=NRE strong","1-1",1.5,"L_UH","NRE strong",0,0.048790164169432,0.0953101798043249,0.048790164169432,0.182321556793955,0.300104592450338,0.0690672498294078,0.0709684259462893,-0.104062169589197,TRUE,0.480694013047392,1.00108629544167,-0.127051917317037,TRUE,0.347659129492935,1.00114833401824,-0.202897559963612,TRUE,0.654885030947017,1.00101094974836,-0.0799546009313521,TRUE,0.458596603110913,1.00098663548556
351,"rand=1-1_rate=1.5_ROB=L_UH_Bias=NRE strong","1-1",1.5,"L_UH","NRE strong",0,0.048790164169432,0.0953101798043249,0.048790164169432,0.182321556793955,0.300104592450338,0.0721486552990738,0.0740949061982441,-0.264705965487112,FALSE,0.557866000164407,1.00098733164438,-0.231811604955606,FALSE,0.368528533601149,1.00099024430922,-0.117246232200244,TRUE,0.724180834671215,1.0009877594185,-0.286202981433696,FALSE,0.441892780002307,1.00106657067936
352,"rand=1-1_rate=1.5_ROB=L_UH_Bias=NRE strong","1-1",1.5,"L_UH","NRE strong",0,0.048790164169432,0.0953101798043249,0.048790164169432,0.182321556793955,0.300104592450338,0.0757447233312248,0.0788613608143531,-0.128405634670358,TRUE,0.435002890767551,1.00098823394323,-0.155624475087601,FALSE,0.308892898328636,1.00107426749841,-0.134904312954833,TRUE,0.588622650165653,1.00128356493854,-0.167042438881116,TRUE,0.429502303375783,1.00109643499385
353,"rand=1-1_rate=1.5_ROB=L_UH_Bias=NRE strong","1-1",1.5,"L_UH","NRE strong",0,0.048790164169432,0.0953101798043249,0.048790164169432,0.182321556793955,0.300104592450338,0.0647329721537694,0.0668051907211531,-0.0601092885602732,TRUE,0.394368412660823,1.00102434564429,-0.0230507008429395,TRUE,0.19166717574413,1.00113540740366,-0.166451691823521,TRUE,0.532583064735756,1.00136379493215,0.00725018201159644,TRUE,0.220526282168245,1.001003232242
354,"rand=1-1_rate=1.5_ROB=L_UH_Bias=NRE strong","1-1",1.5,"L_UH","NRE strong",0,0.048790164169432,0.0953101798043249,0.048790164169432,0.182321556793955,0.300104592450338,0.0694758906466202,0.075322388223208,-0.166908649871832,TRUE,0.615202197996068,1.00103383391982,-0.136198785473983,TRUE,0.465972340289794,1.00099451545196,-0.189803759636229,TRUE,0.602973797433891,1.00106315353413,-0.0950819266051846,TRUE,0.940175085453806,1.00102440102925
355,"rand=1-1_rate=1.5_ROB=L_UH_Bias=NRE strong","1-1",1.5,"L_UH","NRE strong",0,0.048790164169432,0.0953101798043249,0.048790164169432,0.182321556793955,0.300104592450338,0.0896438807936612,0.0902447596314456,-0.0860734970831074,TRUE,0.486738576574719,1.00106214990838,-0.0777080172306146,TRUE,0.329422306028645,1.00099764530976,-0.140820175652754,TRUE,0.503500945525197,1.00131930534816,-0.042273753529972,TRUE,0.557628871520369,1.00098785413666
356,"rand=1-1_rate=1.5_ROB=L_UH_Bias=NRE strong","1-1",1.5,"L_UH","NRE strong",0,0.048790164169432,0.0953101798043249,0.048790164169432,0.182321556793955,0.300104592450338,0.0843772959366629,0.0866907730520856,-0.0515516460998786,TRUE,0.454988952226325,1.00151928159048,-0.0777821132332077,TRUE,0.327431779280291,1.00098878395588,-0.061355127205835,TRUE,0.50850980421101,1.00100917472475,-0.0863835062389642,TRUE,0.557461332629802,1.00098609735286
357,"rand=1-1_rate=1.5_ROB=L_UH_Bias=NRE strong","1-1",1.5,"L_UH","NRE strong",0,0.048790164169432,0.0953101798043249,0.048790164169432,0.182321556793955,0.300104592450338,0.066540984685283,0.0677860077148909,0.0395421362204456,TRUE,0.501072328451626,1.00098752193189,-0.0347137293431048,TRUE,0.391325345095105,1.00098713527268,-0.00518407390215736,TRUE,0.484139801031544,1.00099373306349,-0.0566618557584937,TRUE,0.830253326832439,1.00099351416716
358,"rand=1-1_rate=1.5_ROB=L_UH_Bias=NRE strong","1-1",1.5,"L_UH","NRE strong",0,0.048790164169432,0.0953101798043249,0.048790164169432,0.182321556793955,0.300104592450338,0.065517856515365,0.0679266667858312,-0.125661418776913,TRUE,0.543076189139464,1.00187262463743,-0.164897148406292,TRUE,0.403013570725103,1.00102594874982,-0.0874013359893835,TRUE,0.537582369741373,1.00131997059957,-0.227714034537567,TRUE,0.756388462507678,1.00098606366195
359,"rand=1-1_rate=1.5_ROB=L_UH_Bias=NRE strong","1-1",1.5,"L_UH","NRE strong",0,0.048790164169432,0.0953101798043249,0.048790164169432,0.182321556793955,0.300104592450338,0.08182352342768,0.083559903380925,-0.00171944241658339,TRUE,0.425546441376693,1.0010083446671,-0.0615343452947812,TRUE,0.343326151859093,1.00098656926573,0.102676550470609,TRUE,0.539205062881946,1.00101330782999,-0.162428387273239,TRUE,0.422679763078269,1.00099022216054
360,"rand=1-1_rate=1.5_ROB=L_UH_Bias=NRE strong","1-1",1.5,"L_UH","NRE strong",0,0.048790164169432,0.0953101798043249,0.048790164169432,0.182321556793955,0.300104592450338,0.0788478323595609,0.0793024104759692,0.0874353862323158,TRUE,0.471341549302646,1.00106379518226,-0.0318330327644574,TRUE,0.414337577517378,1.00101992739497,-0.109658942608301,TRUE,0.587185418183956,1.00131094149635,0.0322829672976781,TRUE,0.738301236345823,1.00098985541804
361,"rand=1-1_rate=1.5_ROB=L_UH_Bias=NRE strong","1-1",1.5,"L_UH","NRE strong",0,0.048790164169432,0.0953101798043249,0.048790164169432,0.182321556793955,0.300104592450338,0.0782805580563526,0.0797206260791339,-0.0954341205896965,TRUE,0.51653719620128,1.00101822460001,-0.127063782271803,TRUE,0.431035369654206,1.00098626794026,-0.172913766889459,TRUE,0.516986518513563,1.00254986852679,-0.0846672923447118,TRUE,0.93496065543665,1.00102207737831
362,"rand=1-1_rate=1.5_ROB=L_UH_Bias=NRE strong","1-1",1.5,"L_UH","NRE strong",0,0.048790164169432,0.0953101798043249,0.048790164169432,0.182321556793955,0.300104592450338,0.0544332117233209,0.0615193200460728,-0.00378902567943484,TRUE,0.387716104592254,1.0012194155237,-0.0292508668175682,TRUE,0.223845348669888,1.00100734055116,-0.0794725265966361,TRUE,0.523592139582655,1.00176245193021,-0.0128355592581306,TRUE,0.282961555051226,1.00099905992106
363,"rand=1-1_rate=1.5_ROB=L_UH_Bias=NRE strong","1-1",1.5,"L_UH","NRE strong",0,0.048790164169432,0.0953101798043249,0.048790164169432,0.182321556793955,0.300104592450338,0.0797204581778088,0.0821352061530657,-0.0953353731145705,TRUE,0.578794026265848,1.0009903725369,-0.20199887944528,TRUE,0.460386397009685,1.00098801792998,0.0779645796598422,TRUE,0.416389482815642,1.00101284716036,-0.501698185602336,FALSE,0.839846592665401,1.00100255529767
364,"rand=1-1_rate=1.5_ROB=L_UH_Bias=NRE strong","1-1",1.5,"L_UH","NRE strong",0,0.048790164169432,0.0953101798043249,0.048790164169432,0.182321556793955,0.300104592450338,0.0737244077731805,0.0783259002365263,0.116828395896157,TRUE,0.436396677705637,1.00101952601763,0.0402499842148998,TRUE,0.370641405249296,1.00101930210614,0.0343802206540923,TRUE,0.622616854175781,1.00111762923827,0.0465861369991144,TRUE,0.570504102807668,1.00099941157376
365,"rand=1-1_rate=1.5_ROB=L_UH_Bias=NRE strong","1-1",1.5,"L_UH","NRE strong",0,0.048790164169432,0.0953101798043249,0.048790164169432,0.182321556793955,0.300104592450338,0.0772127650360913,0.0785385739126822,-0.192822685821227,TRUE,0.463772408580241,1.00100979216241,-0.23949525781894,FALSE,0.256474693929848,1.0009868735921,-0.153252860474842,TRUE,0.495004688350293,1.00250925321515,-0.266995595637022,FALSE,0.365506868227869,1.00098683098371
366,"rand=1-1_rate=1.5_ROB=L_UH_Bias=NRE strong","1-1",1.5,"L_UH","NRE strong",0,0.048790164169432,0.0953101798043249,0.048790164169432,0.182321556793955,0.300104592450338,0.0630684893265624,0.0645574108262257,0.00956729288549973,TRUE,0.493873049331303,1.00111265900639,0.0370120621502846,TRUE,0.369839304854383,1.00098899926444,-0.0524839012994209,TRUE,0.519844975350353,1.00127423939162,0.11630719281836,TRUE,0.649844934011003,1.00098645217529
367,"rand=1-1_rate=1.5_ROB=L_UH_Bias=NRE strong","1-1",1.5,"L_UH","NRE strong",0,0.048790164169432,0.0953101798043249,0.048790164169432,0.182321556793955,0.300104592450338,0.0864113338743589,0.087604604818426,0.0095394603376715,TRUE,0.430896421662394,1.00136857844871,-0.00167103361863186,TRUE,0.34407146690132,1.00110323624863,0.105411686296131,TRUE,0.443590011636459,1.00099648073443,-0.0821392894435542,TRUE,0.621089668169474,1.00099880697189
368,"rand=1-1_rate=1.5_ROB=L_UH_Bias=NRE strong","1-1",1.5,"L_UH","NRE strong",0,0.048790164169432,0.0953101798043249,0.048790164169432,0.182321556793955,0.300104592450338,0.0624514892271926,0.0662491308605286,-0.174020832936388,TRUE,0.503642629547951,1.00116934706828,-0.235641672629172,FALSE,0.397039594154482,1.00112582213808,-0.1295707760822,TRUE,0.489248017400797,1.00126216317824,-0.316708357498775,TRUE,0.788226355282707,1.00102749728783
369,"rand=1-1_rate=1.5_ROB=L_UH_Bias=NRE strong","1-1",1.5,"L_UH","NRE strong",0,0.048790164169432,0.0953101798043249,0.048790164169432,0.182321556793955,0.300104592450338,0.054178951894086,0.0584241806603365,0.0488160511056976,TRUE,0.496294191650151,1.00098674137235,0.0586320951668328,TRUE,0.366086508320096,1.00098678377816,0.0174718101082559,TRUE,0.527938204114083,1.00103685474578,0.091349549459706,TRUE,0.666533639811048,1.00099145178122
370,"rand=1-1_rate=1.5_ROB=L_UH_Bias=NRE strong","1-1",1.5,"L_UH","NRE strong",0,0.048790164169432,0.0953101798043249,0.048790164169432,0.182321556793955,0.300104592450338,0.0809043249284121,0.081950411394223,-0.0318527180187613,TRUE,0.562250723517999,1.00103060387374,-0.152094748013911,TRUE,0.558353239874975,1.00098776103625,0.063999011932954,TRUE,0.484529006803654,1.00104742733611,-0.505986052864551,TRUE,1.50541955202544,1.00099049776239
371,"rand=1-1_rate=1.5_ROB=L_UH_Bias=NRE strong","1-1",1.5,"L_UH","NRE strong",0,0.048790164169432,0.0953101798043249,0.048790164169432,0.182321556793955,0.300104592450338,0.0745071598540368,0.0762737082080767,-0.221419455140156,FALSE,0.480147834881775,1.00100736678066,-0.253867448374596,FALSE,0.34304469081121,1.00099005858612,-0.295135716880177,FALSE,0.600531699767745,1.00106481168104,-0.22883390381922,TRUE,0.531671118341829,1.0010029033317
372,"rand=1-1_rate=1.5_ROB=L_UH_Bias=NRE strong","1-1",1.5,"L_UH","NRE strong",0,0.048790164169432,0.0953101798043249,0.048790164169432,0.182321556793955,0.300104592450338,0.0696559525017134,0.070867495658697,-0.0423924349130913,TRUE,0.528279486514696,1.00103470408034,-0.0423008012117008,TRUE,0.3774584720151,1.0010789192295,-0.0555671772144883,TRUE,0.622853706926825,1.0010025702667,-0.0270667981523223,TRUE,0.571162351379588,1.00100354046441
373,"rand=1-1_rate=1.5_ROB=L_UH_Bias=NRE strong","1-1",1.5,"L_UH","NRE strong",0,0.048790164169432,0.0953101798043249,0.048790164169432,0.182321556793955,0.300104592450338,0.0845571789657195,0.0861806577930646,-0.11896488687999,TRUE,0.553573613721436,1.00107802945282,-0.0947771963159298,TRUE,0.394826471179187,1.00101973975862,-0.0670838525169617,TRUE,0.650773831053162,1.00114477377461,-0.119344126718766,TRUE,0.624807640687812,1.00100970716282
374,"rand=1-1_rate=1.5_ROB=L_UH_Bias=NRE strong","1-1",1.5,"L_UH","NRE strong",0,0.048790164169432,0.0953101798043249,0.048790164169432,0.182321556793955,0.300104592450338,0.0591729411659553,0.0611015704334546,-0.149974074470441,TRUE,0.46891757710249,1.00118650205228,-0.204652898566738,FALSE,0.337054989628584,1.00099515113772,-0.0234574645997576,TRUE,0.505958779889702,1.00098654444006,-0.306313078500219,FALSE,0.445732614322588,1.00098602330425
375,"rand=1-1_rate=1.5_ROB=L_UH_Bias=NRE strong","1-1",1.5,"L_UH","NRE strong",0,0.048790164169432,0.0953101798043249,0.048790164169432,0.182321556793955,0.300104592450338,0.0873789562622959,0.0893711859258084,-0.130847720715645,TRUE,0.613169485401222,1.00098925383284,-0.173221100251613,TRUE,0.443523046948991,1.00101608896734,-0.0440759800508903,TRUE,0.616477166748024,1.00110551948348,-0.294480766356071,TRUE,0.767215675137784,1.00101174276275
376,"rand=1-1_rate=1.5_ROB=L_UH_Bias=NRE strong","1-1",1.5,"L_UH","NRE strong",0,0.048790164169432,0.0953101798043249,0.048790164169432,0.182321556793955,0.300104592450338,0.079030704593962,0.0809884260304037,-0.174302941073517,TRUE,0.482050284976929,1.00100677421785,-0.239256914253759,FALSE,0.34404347399554,1.00098602278029,-0.139929641014546,TRUE,0.532427741289243,1.00107947164673,-0.296791602055034,FALSE,0.58250481663043,1.00098609237877
377,"rand=1-1_rate=1.5_ROB=L_UH_Bias=NRE strong","1-1",1.5,"L_UH","NRE strong",0,0.048790164169432,0.0953101798043249,0.048790164169432,0.182321556793955,0.300104592450338,0.072694956629449,0.0752164832726926,-0.0434302687460344,TRUE,0.44293975347484,1.00099298694661,-0.150496904127116,TRUE,0.460864151107729,1.00099722056963,-0.00777690633935713,TRUE,0.457088395257334,1.0016235954843,-0.319865443990953,TRUE,1.13738021058246,1.00098973311168
378,"rand=1-1_rate=1.5_ROB=L_UH_Bias=NRE strong","1-1",1.5,"L_UH","NRE strong",0,0.048790164169432,0.0953101798043249,0.048790164169432,0.182321556793955,0.300104592450338,0.0712054919669138,0.072533694582165,-0.0328399686920851,TRUE,0.462304976490003,1.00103870653555,-0.0744825117921097,TRUE,0.35338632541876,1.00104153026988,0.0821406521478248,TRUE,0.476198450943142,1.00106395583883,-0.192393034609029,TRUE,0.558988436558431,1.00099257608079
379,"rand=1-1_rate=1.5_ROB=L_UH_Bias=NRE strong","1-1",1.5,"L_UH","NRE strong",0,0.048790164169432,0.0953101798043249,0.048790164169432,0.182321556793955,0.300104592450338,0.0755854472891974,0.0775933899779898,0.0429556605949351,TRUE,0.430486707010204,1.00116694297759,-0.017602821234723,TRUE,0.333795245802026,1.00099949060857,0.0121106670411739,TRUE,0.478690812815762,1.00303388471714,-0.0423667797623959,TRUE,0.601335464226673,1.00100303140685
380,"rand=1-1_rate=1.5_ROB=L_UH_Bias=NRE strong","1-1",1.5,"L_UH","NRE strong",0,0.048790164169432,0.0953101798043249,0.048790164169432,0.182321556793955,0.300104592450338,0.0599748636888749,0.0615190730990457,-0.13913971850341,TRUE,0.59575773882531,1.00105890710923,-0.152129300440863,TRUE,0.44692517478728,1.00098716494492,-0.185448348479873,TRUE,0.624190023802963,1.00138383691591,-0.124599940622151,TRUE,0.827776001494316,1.00103135015797
381,"rand=1-1_rate=1.5_ROB=L_UH_Bias=NRE strong","1-1",1.5,"L_UH","NRE strong",0,0.048790164169432,0.0953101798043249,0.048790164169432,0.182321556793955,0.300104592450338,0.0760990149852089,0.0772449650295606,-0.0926669675953353,TRUE,0.536738204594652,1.00129363304566,-0.0474628704541875,TRUE,0.386988463515865,1.00098837638636,-0.0836589546348934,TRUE,0.534690661186969,1.00099782353663,-0.0214398741904684,TRUE,0.74873198169284,1.00106519265845
382,"rand=1-1_rate=1.5_ROB=L_UH_Bias=NRE strong","1-1",1.5,"L_UH","NRE strong",0,0.048790164169432,0.0953101798043249,0.048790164169432,0.182321556793955,0.300104592450338,0.0755777245671026,0.0768437741978166,0.0293916045008515,TRUE,0.415408547137968,1.00104345020425,-0.0432117521547513,TRUE,0.347438672118106,1.00099528275433,0.0149847088830521,TRUE,0.464849691743076,1.00131631795151,-0.0923858127250778,TRUE,0.658796532464404,1.00100127499922
383,"rand=1-1_rate=1.5_ROB=L_UH_Bias=NRE strong","1-1",1.5,"L_UH","NRE strong",0,0.048790164169432,0.0953101798043249,0.048790164169432,0.182321556793955,0.300104592450338,0.0771168643957066,0.0783430513208194,0.0959999253893746,TRUE,0.418974913612345,1.00108179849834,0.051407857469754,TRUE,0.322038391949992,1.00100083352123,0.0587163036470886,TRUE,0.424128265721714,1.00102408354835,0.0438401047410376,TRUE,0.635018341810666,1.00098883911967
384,"rand=1-1_rate=1.5_ROB=L_UH_Bias=NRE strong","1-1",1.5,"L_UH","NRE strong",0,0.048790164169432,0.0953101798043249,0.048790164169432,0.182321556793955,0.300104592450338,0.0827118486088071,0.0835496679378577,-0.0486360699899897,TRUE,0.55171787412528,1.00098956560076,-0.148563020689703,TRUE,0.489891341882744,1.00104299189562,-0.171711136962672,TRUE,0.794510608203861,1.00099047182083,-0.129552143409308,TRUE,0.793119552695855,1.00099005397122
385,"rand=1-1_rate=1.5_ROB=L_UH_Bias=NRE strong","1-1",1.5,"L_UH","NRE strong",0,0.048790164169432,0.0953101798043249,0.048790164169432,0.182321556793955,0.300104592450338,0.0740772371016094,0.0743893232113014,-0.182965788217157,TRUE,0.525919213394444,1.00098645792845,-0.17322306540638,TRUE,0.342401650551148,1.00112723555453,0.00108563512106796,TRUE,0.448082807980033,1.00098619030638,-0.281996969305629,FALSE,0.568717829608864,1.00103985410538
386,"rand=1-1_rate=1.5_ROB=L_UH_Bias=NRE strong","1-1",1.5,"L_UH","NRE strong",0,0.048790164169432,0.0953101798043249,0.048790164169432,0.182321556793955,0.300104592450338,0.0790659498244004,0.0798774105075065,0.0434908683652134,TRUE,0.554547076024056,1.00113867736514,-0.0166120467061981,TRUE,0.452096258406221,1.00100737829199,0.0505724790220689,TRUE,0.714928603757888,1.00101583300349,-0.0843412376293571,TRUE,0.693396679961427,1.00103647948771
387,"rand=1-1_rate=1.5_ROB=L_UH_Bias=NRE strong","1-1",1.5,"L_UH","NRE strong",0,0.048790164169432,0.0953101798043249,0.048790164169432,0.182321556793955,0.300104592450338,0.062020018872038,0.0632183405925233,5.80650291950313e-05,TRUE,0.516224397233447,1.00104578640006,-0.109173654189567,TRUE,0.471383342868157,1.00103279561956,-0.0356570118526929,TRUE,0.534679607010968,1.00098721165707,-0.176826486638768,TRUE,1.06324404135407,1.00098655327058
388,"rand=1-1_rate=1.5_ROB=L_UH_Bias=NRE strong","1-1",1.5,"L_UH","NRE strong",0,0.048790164169432,0.0953101798043249,0.048790164169432,0.182321556793955,0.300104592450338,0.0787618475919818,0.0806533456136021,-0.00761088566886126,TRUE,0.453423113351022,1.00098836011717,-0.029319614345388,TRUE,0.297462168881124,1.00101477201242,0.0633881142562528,TRUE,0.510562449196588,1.00127339362017,-0.0792826897266321,TRUE,0.414172731257131,1.00104483621157
389,"rand=1-1_rate=1.5_ROB=L_UH_Bias=NRE strong","1-1",1.5,"L_UH","NRE strong",0,0.048790164169432,0.0953101798043249,0.048790164169432,0.182321556793955,0.300104592450338,0.0660687175647869,0.0666197580760244,-0.155138908174155,TRUE,0.428734568742662,1.00098979933323,-0.217301779776895,FALSE,0.269366843153861,1.00100316340272,-0.202998811167188,TRUE,0.637642048711331,1.00099513170024,-0.224093492528127,FALSE,0.361783674553336,1.00111015248744
390,"rand=1-1_rate=1.5_ROB=L_UH_Bias=NRE strong","1-1",1.5,"L_UH","NRE strong",0,0.048790164169432,0.0953101798043249,0.048790164169432,0.182321556793955,0.300104592450338,0.0725754604718221,0.0735841625998097,-0.158776586731771,TRUE,0.610649291390927,1.00098878421958,-0.134964220186783,TRUE,0.44045819110472,1.00098610119503,-0.168953826887254,TRUE,0.690995675495398,1.00098946165603,-0.109877156612362,TRUE,0.727326079682671,1.0009864952
391,"rand=1-1_rate=1.5_ROB=L_UH_Bias=NRE strong","1-1",1.5,"L_UH","NRE strong",0,0.048790164169432,0.0953101798043249,0.048790164169432,0.182321556793955,0.300104592450338,0.0719859412860851,0.0743644190332564,-0.0576837882792141,TRUE,0.482141136048807,1.00098683586458,-0.111643917709589,TRUE,0.36595639309064,1.00098610518285,-0.0874901137888751,TRUE,0.738660262232545,1.00100212785341,-0.134675985771042,TRUE,0.452828771120861,1.00098611973613
392,"rand=1-1_rate=1.5_ROB=L_UH_Bias=NRE strong","1-1",1.5,"L_UH","NRE strong",0,0.048790164169432,0.0953101798043249,0.048790164169432,0.182321556793955,0.300104592450338,0.077688842846277,0.0786010991525216,-0.0429314467251618,TRUE,0.499212564042654,1.00101395099545,-0.0885916645965081,TRUE,0.372389442663372,1.00101254116442,-0.0563962707963932,TRUE,0.508804712110353,1.00168079447563,-0.108303746165008,TRUE,0.701026732593779,1.00099340323139
393,"rand=1-1_rate=1.5_ROB=L_UH_Bias=NRE strong","1-1",1.5,"L_UH","NRE strong",0,0.048790164169432,0.0953101798043249,0.048790164169432,0.182321556793955,0.300104592450338,0.0755542873040203,0.0759308995366858,0.117329470447343,TRUE,0.409060878664223,1.00098852802662,0.00873793115732935,TRUE,0.34823428457267,1.0009864451175,0.0579748383963449,TRUE,0.501650751308953,1.00101432949116,-0.0299806243607528,TRUE,0.638160356679297,1.00098889356087
394,"rand=1-1_rate=1.5_ROB=L_UH_Bias=NRE strong","1-1",1.5,"L_UH","NRE strong",0,0.048790164169432,0.0953101798043249,0.048790164169432,0.182321556793955,0.300104592450338,0.077115567873474,0.0806443214867144,-0.099085419253625,TRUE,0.488762300112259,1.00099252636153,-0.157281562805712,TRUE,0.495958069470709,1.00102289794318,0.121882108356286,TRUE,0.44155115960025,1.00103287572636,-0.528197786704544,FALSE,0.853185540813059,1.00098627107304
395,"rand=1-1_rate=1.5_ROB=L_UH_Bias=NRE strong","1-1",1.5,"L_UH","NRE strong",0,0.048790164169432,0.0953101798043249,0.048790164169432,0.182321556793955,0.300104592450338,0.0750381126071293,0.0755692907655642,-0.0916975726922842,TRUE,0.517640106534171,1.00102099650759,-0.0805893720791697,TRUE,0.345551555685947,1.00100564111676,-0.117521210395678,TRUE,0.604123076295177,1.00107745446727,-0.0580436790197827,TRUE,0.502534074259236,1.00098759424537
396,"rand=1-1_rate=1.5_ROB=L_UH_Bias=NRE strong","1-1",1.5,"L_UH","NRE strong",0,0.048790164169432,0.0953101798043249,0.048790164169432,0.182321556793955,0.300104592450338,0.0733256202298463,0.0745787868775099,-0.081238781010196,TRUE,0.519814691648429,1.001410518305,-0.152551558223256,TRUE,0.430730659161398,1.0009885770363,-0.033941348423542,TRUE,0.438654467698824,1.00103845108788,-0.271566306087597,TRUE,1.05445369047218,1.00101015655558
397,"rand=1-1_rate=1.5_ROB=L_UH_Bias=NRE strong","1-1",1.5,"L_UH","NRE strong",0,0.048790164169432,0.0953101798043249,0.048790164169432,0.182321556793955,0.300104592450338,0.0715427040700933,0.0735069266500988,-0.0296334716091224,TRUE,0.405482775523577,1.00143650499439,-0.131948623104546,TRUE,0.357593145369324,1.00098602776655,-0.0871570475901904,TRUE,0.485703262449494,1.00496502330327,-0.15977950531045,TRUE,0.705604577668492,1.00099419289891
398,"rand=1-1_rate=1.5_ROB=L_UH_Bias=NRE strong","1-1",1.5,"L_UH","NRE strong",0,0.048790164169432,0.0953101798043249,0.048790164169432,0.182321556793955,0.300104592450338,0.0837593021523863,0.0850178497200347,-0.102697087340458,TRUE,0.464828620631393,1.00099503753544,-0.163133315420856,TRUE,0.395006851305975,1.00114559669883,-0.11270561055611,TRUE,0.521742320557563,1.0012861071313,-0.203176157515388,TRUE,0.757055134616407,1.00099707625097
399,"rand=1-1_rate=1.5_ROB=L_UH_Bias=NRE strong","1-1",1.5,"L_UH","NRE strong",0,0.048790164169432,0.0953101798043249,0.048790164169432,0.182321556793955,0.300104592450338,0.0802497723410511,0.0813991240587482,-0.048536416523334,TRUE,0.465565190537565,1.00098889606204,-0.112405170355391,TRUE,0.382521704744421,1.00099296576607,0.0342375061169203,TRUE,0.520772122387177,1.00108485590733,-0.238517847960819,TRUE,0.618834822856912,1.00098602345334
400,"rand=1-1_rate=1.5_ROB=L_UH_Bias=NRE strong","1-1",1.5,"L_UH","NRE strong",0,0.048790164169432,0.0953101798043249,0.048790164169432,0.182321556793955,0.300104592450338,0.0820311751322481,0.082859562723756,0.0682717382207789,TRUE,0.415551970524599,1.00098794677389,0.0914214952561816,TRUE,0.28662112240758,1.00099674124004,0.0930558649529599,TRUE,0.404100182356646,1.0010682256286,0.0898065689262338,TRUE,0.529899004651825,1.00099302975357
401,"rand=1-1_rate=1.5_ROB=L_UH_Bias=NRE strong","1-1",1.5,"L_UH","NRE strong",0,0.048790164169432,0.0953101798043249,0.048790164169432,0.182321556793955,0.300104592450338,0.0923704060816347,0.0931657033531958,-0.176361893110255,TRUE,0.485785904959395,1.00101454597588,-0.273885408124295,FALSE,0.401191269133391,1.001015724929,-0.233769659509639,TRUE,0.587052258478325,1.00098966068873,-0.305109000617654,TRUE,0.731287135048313,1.00099143607323
402,"rand=1-1_rate=1.5_ROB=L_UH_Bias=NRE strong","1-1",1.5,"L_UH","NRE strong",0,0.048790164169432,0.0953101798043249,0.048790164169432,0.182321556793955,0.300104592450338,0.0842106580600399,0.0852583819103952,-0.147798610929057,TRUE,0.546749847570851,1.00102549375415,-0.166467075994384,TRUE,0.393975356018195,1.00098605316967,-0.199136045048449,TRUE,0.539748307523485,1.00109105080467,-0.132084810970645,TRUE,0.760143249917444,1.00105705183443
403,"rand=1-1_rate=1.5_ROB=L_UH_Bias=NRE strong","1-1",1.5,"L_UH","NRE strong",0,0.048790164169432,0.0953101798043249,0.048790164169432,0.182321556793955,0.300104592450338,0.084153086864969,0.0847871396375684,-0.178386732812038,TRUE,0.445915775209497,1.0012505555738,-0.257750309221502,FALSE,0.348620576365658,1.00102137029191,-0.0497958625708468,TRUE,0.490462760616271,1.00104287968744,-0.364400066649281,FALSE,0.530002173679585,1.00101221446636
404,"rand=1-1_rate=1.5_ROB=L_UH_Bias=NRE strong","1-1",1.5,"L_UH","NRE strong",0,0.048790164169432,0.0953101798043249,0.048790164169432,0.182321556793955,0.300104592450338,0.0763464957716509,0.0790770158809315,-0.304121905077929,FALSE,0.648783543666525,1.00101464791476,-0.309477424032964,FALSE,0.46050791226055,1.00104989741128,-0.366209302225555,FALSE,0.748577267016408,1.00103116537964,-0.261747152276693,TRUE,0.741198705380262,1.00104426893346
405,"rand=1-1_rate=1.5_ROB=L_UH_Bias=NRE strong","1-1",1.5,"L_UH","NRE strong",0,0.048790164169432,0.0953101798043249,0.048790164169432,0.182321556793955,0.300104592450338,0.0584430292220669,0.0597531758598417,0.134783309853348,TRUE,0.435725551662637,1.0009885500951,0.0631021500880151,TRUE,0.399064738037162,1.00100834607248,0.112739141703435,TRUE,0.547382649333329,1.00098754307602,0.00694020545098384,TRUE,0.784737186870462,1.00098894526919
406,"rand=1-1_rate=1.5_ROB=L_UH_Bias=NRE strong","1-1",1.5,"L_UH","NRE strong",0,0.048790164169432,0.0953101798043249,0.048790164169432,0.182321556793955,0.300104592450338,0.0739580876553579,0.0753591202380268,-0.0148107449737473,TRUE,0.481614969830525,1.00121483489343,-0.0509229534838893,TRUE,0.359795538489383,1.00099540068989,-0.124320990498583,TRUE,0.510800788537303,1.00098798449873,0.00349165279123664,TRUE,0.641488411897136,1.00101259723426
407,"rand=1-1_rate=1.5_ROB=L_UH_Bias=NRE strong","1-1",1.5,"L_UH","NRE strong",0,0.048790164169432,0.0953101798043249,0.048790164169432,0.182321556793955,0.300104592450338,0.0773468737028003,0.0779321689721778,-0.178663809752558,TRUE,0.615121784715123,1.00100054072719,-0.190109220404568,TRUE,0.495271503992581,1.00102424996632,-0.233827447003353,TRUE,0.598484862109209,1.00109536869908,-0.144884469164051,TRUE,1.01451639808495,1.00099228955489
408,"rand=1-1_rate=1.5_ROB=L_UH_Bias=NRE strong","1-1",1.5,"L_UH","NRE strong",0,0.048790164169432,0.0953101798043249,0.048790164169432,0.182321556793955,0.300104592450338,0.067410501170814,0.0687495056777,-0.0749366924877426,TRUE,0.532674741503043,1.00100665226374,-0.113250581798758,TRUE,0.394494361080577,1.00098700585021,-0.0572720638048454,TRUE,0.569256299921661,1.00122013275285,-0.150921627225281,TRUE,0.700329649542609,1.00099257380223
409,"rand=1-1_rate=1.5_ROB=L_UH_Bias=NRE strong","1-1",1.5,"L_UH","NRE strong",0,0.048790164169432,0.0953101798043249,0.048790164169432,0.182321556793955,0.300104592450338,0.0793072126462372,0.081757561778895,-0.0313691324831373,TRUE,0.449250757535884,1.00099416667401,-0.0713507262815354,TRUE,0.351438600031024,1.00098798024315,-0.0787238947319224,TRUE,0.635052380620189,1.00102384463907,-0.0645993331142634,TRUE,0.509804137747285,1.0009864684906
410,"rand=1-1_rate=1.5_ROB=L_UH_Bias=NRE strong","1-1",1.5,"L_UH","NRE strong",0,0.048790164169432,0.0953101798043249,0.048790164169432,0.182321556793955,0.300104592450338,0.0613655013340587,0.0632880618207647,0.0707539083914512,TRUE,0.405194579564915,1.00098870198868,0.0180945501669569,TRUE,0.308099661252306,1.00105626787994,0.129489164728014,TRUE,0.471803509580503,1.00102257566993,-0.0575971135988653,TRUE,0.455680881036556,1.00100850473633
411,"rand=1-1_rate=1.5_ROB=L_UH_Bias=NRE strong","1-1",1.5,"L_UH","NRE strong",0,0.048790164169432,0.0953101798043249,0.048790164169432,0.182321556793955,0.300104592450338,0.0732351386724239,0.0755893913101525,0.0401580812274642,TRUE,0.477212714445645,1.00104163952651,-0.0117886061345662,TRUE,0.377153867697918,1.00102971051923,0.122268389532898,TRUE,0.421995631066023,1.0009957184167,-0.149905240061739,TRUE,0.789828739265451,1.00099236182332
412,"rand=1-1_rate=1.5_ROB=L_UH_Bias=NRE strong","1-1",1.5,"L_UH","NRE strong",0,0.048790164169432,0.0953101798043249,0.048790164169432,0.182321556793955,0.300104592450338,0.0618913557444514,0.0660050139193858,0.0664094211328554,TRUE,0.63651328205893,1.00103545297522,-0.120750771822148,TRUE,0.571400490312576,1.00105676468471,0.190497902578611,TRUE,0.462218228654238,1.00109248203086,-0.585277912574526,FALSE,1.16589777498525,1.00098985465834
413,"rand=1-1_rate=1.5_ROB=L_UH_Bias=NRE strong","1-1",1.5,"L_UH","NRE strong",0,0.048790164169432,0.0953101798043249,0.048790164169432,0.182321556793955,0.300104592450338,0.0764187613247066,0.0781025342774999,-0.123536367309137,TRUE,0.527060278157618,1.00108873943896,-0.169992444897478,TRUE,0.436385693469381,1.00101762510544,-0.068306669819812,TRUE,0.552309283952569,1.00098730485936,-0.259216397824044,TRUE,0.86295918778626,1.00099019305894
414,"rand=1-1_rate=1.5_ROB=L_UH_Bias=NRE strong","1-1",1.5,"L_UH","NRE strong",0,0.048790164169432,0.0953101798043249,0.048790164169432,0.182321556793955,0.300104592450338,0.0577831220846634,0.0615809802907399,0.126499085205075,TRUE,0.388790075249534,1.00109078494225,0.0533874927372977,TRUE,0.317412264007688,1.00100496545901,0.132249896998628,TRUE,0.471564324435023,1.00112754471766,-0.00673912571572033,TRUE,0.517032229927603,1.00113883692244
415,"rand=1-1_rate=1.5_ROB=L_UH_Bias=NRE strong","1-1",1.5,"L_UH","NRE strong",0,0.048790164169432,0.0953101798043249,0.048790164169432,0.182321556793955,0.300104592450338,0.0655286994470852,0.066902687378672,-0.0237121268626619,TRUE,0.495846251855207,1.00098935186195,-0.0880374297985287,TRUE,0.391193400420831,1.00100130130217,-0.0923573864668152,TRUE,0.646507682473041,1.0009864616047,-0.0840838758157318,TRUE,0.623567067483986,1.00100037099752
416,"rand=1-1_rate=1.5_ROB=L_UH_Bias=NRE strong","1-1",1.5,"L_UH","NRE strong",0,0.048790164169432,0.0953101798043249,0.048790164169432,0.182321556793955,0.300104592450338,0.0718108552441678,0.0724817327687353,-0.174558838501326,TRUE,0.598410002651994,1.00098617785714,-0.16838794918371,TRUE,0.42232821313774,1.0010655562105,-0.102335544194154,TRUE,0.572677996178493,1.0013320854015,-0.224362837846541,TRUE,0.812025360815925,1.00099163475615
417,"rand=1-1_rate=1.5_ROB=L_UH_Bias=NRE strong","1-1",1.5,"L_UH","NRE strong",0,0.048790164169432,0.0953101798043249,0.048790164169432,0.182321556793955,0.300104592450338,0.0619426304463215,0.0637471531142307,0.0857585546592826,TRUE,0.457359980038018,1.00100984982102,0.0999264197908386,TRUE,0.351460591187403,1.00103259264386,0.0438145171141696,TRUE,0.462600910584069,1.00108213315744,0.150188005759163,TRUE,0.680511250638602,1.00100663868151
418,"rand=1-1_rate=1.5_ROB=L_UH_Bias=NRE strong","1-1",1.5,"L_UH","NRE strong",0,0.048790164169432,0.0953101798043249,0.048790164169432,0.182321556793955,0.300104592450338,0.0764192180654703,0.0774318334595274,-0.198137546999759,TRUE,0.540735412028807,1.00098637096744,-0.295447774830299,FALSE,0.436257534748681,1.00098704336903,-0.185891092880861,TRUE,0.547966007034014,1.00237266866579,-0.378088827031213,FALSE,0.852949900488482,1.00099968526445
419,"rand=1-1_rate=1.5_ROB=L_UH_Bias=NRE strong","1-1",1.5,"L_UH","NRE strong",0,0.048790164169432,0.0953101798043249,0.048790164169432,0.182321556793955,0.300104592450338,0.0701659147157628,0.0720744201903977,-0.0678662241276815,TRUE,0.393534533767075,1.00107249373041,-0.132705131465991,TRUE,0.279577303757549,1.00099184277338,-0.0512341168443342,TRUE,0.45758507496515,1.00152775540936,-0.166001347780625,TRUE,0.447844513428264,1.0009923584767
420,"rand=1-1_rate=1.5_ROB=L_UH_Bias=NRE strong","1-1",1.5,"L_UH","NRE strong",0,0.048790164169432,0.0953101798043249,0.048790164169432,0.182321556793955,0.300104592450338,0.0873655904733167,0.0880727337261554,0.130169597982918,TRUE,0.350811653631125,1.00127117733721,0.0612542743832903,TRUE,0.355411887853415,1.00099405494873,0.267319722382588,FALSE,0.356814698719552,1.00139074530996,-0.146761857581022,TRUE,0.585056547791679,1.00098689044671
421,"rand=1-1_rate=1.5_ROB=L_UH_Bias=NRE strong","1-1",1.5,"L_UH","NRE strong",0,0.048790164169432,0.0953101798043249,0.048790164169432,0.182321556793955,0.300104592450338,0.0658767332064106,0.0666571658073118,-0.00926777475337159,TRUE,0.478217301241032,1.00117652898948,-0.0518796434957789,TRUE,0.343327983543962,1.00098657191014,0.127002725425879,TRUE,0.382287522292371,1.00113145143147,-0.205656901015484,TRUE,0.614942413662478,1.00099910730942
422,"rand=1-1_rate=1.5_ROB=L_UH_Bias=NRE strong","1-1",1.5,"L_UH","NRE strong",0,0.048790164169432,0.0953101798043249,0.048790164169432,0.182321556793955,0.300104592450338,0.0727341959061172,0.0733994831577388,-0.0812694852245504,TRUE,0.526565290332362,1.0009862718744,-0.142874543348135,TRUE,0.437380800625179,1.00099494213336,-0.079546280732268,TRUE,0.515565375531241,1.0012071815215,-0.197164753355527,TRUE,0.935773627576452,1.00102094296608
423,"rand=1-1_rate=1.5_ROB=L_UH_Bias=NRE strong","1-1",1.5,"L_UH","NRE strong",0,0.048790164169432,0.0953101798043249,0.048790164169432,0.182321556793955,0.300104592450338,0.0821993314628059,0.0844391874347188,-0.0423656129530736,TRUE,0.459595347814817,1.00125029262729,-0.136668286535133,TRUE,0.344476032871344,1.00123177386604,0.0159900222531951,TRUE,0.440895965211264,1.00204253624303,-0.23289591519419,TRUE,0.584232044915463,1.00102784280318
424,"rand=1-1_rate=1.5_ROB=L_UH_Bias=NRE strong","1-1",1.5,"L_UH","NRE strong",0,0.048790164169432,0.0953101798043249,0.048790164169432,0.182321556793955,0.300104592450338,0.0549924060250874,0.0593226619381574,-0.0361279324432335,TRUE,0.521022134106528,1.0012754309107,-0.0588831967602139,TRUE,0.387459051390108,1.0010204625137,-0.1336447149129,TRUE,0.549310940281734,1.00108583627417,-0.0048668465053181,TRUE,0.707994526359764,1.00099624497305
425,"rand=1-1_rate=1.5_ROB=L_UH_Bias=NRE strong","1-1",1.5,"L_UH","NRE strong",0,0.048790164169432,0.0953101798043249,0.048790164169432,0.182321556793955,0.300104592450338,0.0772739273698862,0.080485808658449,0.0280378075741098,TRUE,0.477029352768958,1.00098608229002,0.0114103686742968,TRUE,0.369096644835814,1.00106217973873,0.0823471311863024,TRUE,0.507412528479895,1.00101418173564,-0.0564564598081563,TRUE,0.665339222749108,1.00099590300635
426,"rand=1-1_rate=1.5_ROB=L_UH_Bias=NRE strong","1-1",1.5,"L_UH","NRE strong",0,0.048790164169432,0.0953101798043249,0.048790164169432,0.182321556793955,0.300104592450338,0.0742931387524698,0.0751457383846882,-0.0341531217718956,TRUE,0.567065038654171,1.00098960330451,-0.0441806386256041,TRUE,0.428638413654145,1.00098623432025,-0.196711926999794,TRUE,0.653401094380515,1.00137323757729,0.090767118033387,TRUE,0.636886900583513,1.00098660162984
427,"rand=1-1_rate=1.5_ROB=L_UH_Bias=NRE strong","1-1",1.5,"L_UH","NRE strong",0,0.048790164169432,0.0953101798043249,0.048790164169432,0.182321556793955,0.300104592450338,0.0760840747036591,0.0775994185880587,0.0421332378606931,TRUE,0.513364120185943,1.0010052542426,0.010603889475707,TRUE,0.39942129936368,1.00100492944358,0.105841850448624,TRUE,0.543090282344354,1.00098602142597,-0.0954333266815941,TRUE,0.761343772901083,1.00098616685138
428,"rand=1-1_rate=1.5_ROB=L_UH_Bias=NRE strong","1-1",1.5,"L_UH","NRE strong",0,0.048790164169432,0.0953101798043249,0.048790164169432,0.182321556793955,0.300104592450338,0.0763846019147899,0.0782666819573472,-0.163389021128054,TRUE,0.636156509042641,1.00109796182564,-0.102996070427496,TRUE,0.454832496308906,1.00098734149046,-0.0858353698633425,TRUE,0.756776242084564,1.00098599115915,-0.116439852487935,TRUE,0.699233510992962,1.00104755085334
429,"rand=1-1_rate=1.5_ROB=L_UH_Bias=NRE strong","1-1",1.5,"L_UH","NRE strong",0,0.048790164169432,0.0953101798043249,0.048790164169432,0.182321556793955,0.300104592450338,0.0836922701905821,0.08402300716255,0.0485885674367635,TRUE,0.484843878247883,1.00143591363369,-0.0529883954991353,TRUE,0.412243121789128,1.00100380650756,0.0523722679311629,TRUE,0.489553222843866,1.00201810495661,-0.157647462487761,TRUE,0.847443871010899,1.00102236533365
430,"rand=1-1_rate=1.5_ROB=L_UH_Bias=NRE strong","1-1",1.5,"L_UH","NRE strong",0,0.048790164169432,0.0953101798043249,0.048790164169432,0.182321556793955,0.300104592450338,0.0744384469285282,0.075900091566994,0.0280080578229449,TRUE,0.473773668391312,1.00100823631407,0.0537319167855557,TRUE,0.347296680653668,1.00098599012579,-0.0131032796868715,TRUE,0.452784831869283,1.0012415676257,0.106843054470837,TRUE,0.699322037377442,1.00098600063513
431,"rand=1-1_rate=1.5_ROB=L_UH_Bias=NRE strong","1-1",1.5,"L_UH","NRE strong",0,0.048790164169432,0.0953101798043249,0.048790164169432,0.182321556793955,0.300104592450338,0.0742064556647824,0.0752025106449784,0.0682089440484324,TRUE,0.457952680418542,1.00102841458271,-0.0289807614396953,TRUE,0.410245021420851,1.00101896557911,-0.0372816289425326,TRUE,0.52291198139623,1.00101353660376,-0.0323294598689117,TRUE,0.819732199227472,1.00099783536379
432,"rand=1-1_rate=1.5_ROB=L_UH_Bias=NRE strong","1-1",1.5,"L_UH","NRE strong",0,0.048790164169432,0.0953101798043249,0.048790164169432,0.182321556793955,0.300104592450338,0.0863855876529236,0.0886288735987993,0.0467210198402919,TRUE,0.472228426489913,1.00156172524757,-0.0175795982628086,TRUE,0.419183486952293,1.00101976411475,0.168332759155807,TRUE,0.410209139880063,1.00099123639215,-0.246034582767223,TRUE,0.867449366052903,1.00098630244913
433,"rand=1-1_rate=1.5_ROB=L_UH_Bias=NRE strong","1-1",1.5,"L_UH","NRE strong",0,0.048790164169432,0.0953101798043249,0.048790164169432,0.182321556793955,0.300104592450338,0.0766567560173197,0.0781554480302628,0.0534883967367817,TRUE,0.431315606297668,1.0012879823268,-0.0494991988204427,TRUE,0.401252590995959,1.00098709151468,0.0475619217231374,TRUE,0.421858171049878,1.00098718498231,-0.154547416982323,TRUE,0.942069897176837,1.00100554741276
434,"rand=1-1_rate=1.5_ROB=L_UH_Bias=NRE strong","1-1",1.5,"L_UH","NRE strong",0,0.048790164169432,0.0953101798043249,0.048790164169432,0.182321556793955,0.300104592450338,0.0730761462163459,0.0764625844786827,0.0945004145760897,TRUE,0.348427210325529,1.00099750253767,0.0158681952764038,TRUE,0.341065771975646,1.00101769953152,0.0394333501841317,TRUE,0.539035047264176,1.00098990212615,0.00220715041076947,TRUE,0.565282480267181,1.00101479666106
435,"rand=1-1_rate=1.5_ROB=L_UH_Bias=NRE strong","1-1",1.5,"L_UH","NRE strong",0,0.048790164169432,0.0953101798043249,0.048790164169432,0.182321556793955,0.300104592450338,0.0677122042594444,0.0689687933756397,0.00985007366756729,TRUE,0.474357820448972,1.00101281214936,-0.0378179637776632,TRUE,0.355937439159682,1.0010323739478,-0.0406721605062852,TRUE,0.490255559939252,1.00098845297789,-0.0304527349032744,TRUE,0.670036418418103,1.00098730622449
436,"rand=1-1_rate=1.5_ROB=L_UH_Bias=NRE strong","1-1",1.5,"L_UH","NRE strong",0,0.048790164169432,0.0953101798043249,0.048790164169432,0.182321556793955,0.300104592450338,0.0668916037378749,0.0678626053047684,0.0588657841400755,TRUE,0.47861348119758,1.00102488986934,-0.0552296309131985,TRUE,0.447867298495046,1.00099744220825,0.0365284463639127,TRUE,0.457296558720693,1.00098713921284,-0.150888746823345,TRUE,1.09487718726044,1.00099891724363
437,"rand=1-1_rate=1.5_ROB=L_UH_Bias=NRE strong","1-1",1.5,"L_UH","NRE strong",0,0.048790164169432,0.0953101798043249,0.048790164169432,0.182321556793955,0.300104592450338,0.0704789256546595,0.0722451472986017,-0.0134217067075744,TRUE,0.453276779980035,1.00122865115504,-0.0188047061995174,TRUE,0.304725686695929,1.00098638048914,-0.0525840006363127,TRUE,0.495036779565986,1.00111145336805,0.000271199440711078,TRUE,0.480120127336386,1.00099165776843
438,"rand=1-1_rate=1.5_ROB=L_UH_Bias=NRE strong","1-1",1.5,"L_UH","NRE strong",0,0.048790164169432,0.0953101798043249,0.048790164169432,0.182321556793955,0.300104592450338,0.0680247888931632,0.0699689513134121,0.0717573562488386,TRUE,0.412629878875136,1.00101740972691,-0.0294812991825786,TRUE,0.362500244213679,1.00109759380707,0.142134798766607,TRUE,0.400043553428231,1.00102457048923,-0.171339152124296,TRUE,0.67049018279898,1.00098605802163
439,"rand=1-1_rate=1.5_ROB=L_UH_Bias=NRE strong","1-1",1.5,"L_UH","NRE strong",0,0.048790164169432,0.0953101798043249,0.048790164169432,0.182321556793955,0.300104592450338,0.0719199966709518,0.0734447004897866,-0.148750666663413,TRUE,0.519901324926179,1.00104010327927,-0.169219039912715,TRUE,0.429826307136952,1.00099307861177,-0.079832078772994,TRUE,0.484950327689412,1.00145681256965,-0.247934878682475,TRUE,0.966425420432667,1.00101929441926
440,"rand=1-1_rate=1.5_ROB=L_UH_Bias=NRE strong","1-1",1.5,"L_UH","NRE strong",0,0.048790164169432,0.0953101798043249,0.048790164169432,0.182321556793955,0.300104592450338,0.0724042269791226,0.0758778302918564,-0.433215403888396,FALSE,0.668749142933435,1.00102841833793,-0.500590908986876,FALSE,0.49298058894462,1.00107442276545,-0.369003590677389,FALSE,0.820812937064601,1.00107503044111,-0.58701487111928,FALSE,0.765632060121672,1.00103102875963
441,"rand=1-1_rate=1.5_ROB=L_UH_Bias=NRE strong","1-1",1.5,"L_UH","NRE strong",0,0.048790164169432,0.0953101798043249,0.048790164169432,0.182321556793955,0.300104592450338,0.0775072835499989,0.0796384065755242,-0.0097337395771333,TRUE,0.443726306516729,1.00130644044364,-0.0845875646095124,TRUE,0.370395828972216,1.00099219803704,0.0628388282128445,TRUE,0.404485306642969,1.00112908522338,-0.203182018705101,TRUE,0.804046730678073,1.00099340524706
442,"rand=1-1_rate=1.5_ROB=L_UH_Bias=NRE strong","1-1",1.5,"L_UH","NRE strong",0,0.048790164169432,0.0953101798043249,0.048790164169432,0.182321556793955,0.300104592450338,0.072229382384187,0.0727213880035204,-0.1087614719195,TRUE,0.508287622487378,1.00117662272204,-0.1977620477971,FALSE,0.412865052603063,1.00098701899822,-0.0796460301682123,TRUE,0.477442805967582,1.00113425189331,-0.304080147350204,TRUE,0.951365057021175,1.00107844812713
443,"rand=1-1_rate=1.5_ROB=L_UH_Bias=NRE strong","1-1",1.5,"L_UH","NRE strong",0,0.048790164169432,0.0953101798043249,0.048790164169432,0.182321556793955,0.300104592450338,0.0648070223197444,0.0663656777398989,0.0330710467218446,TRUE,0.463544588935744,1.00114983446053,0.0449004376432438,TRUE,0.331069106171952,1.00104253483745,0.0338523099691012,TRUE,0.432000979693221,1.00181438357859,0.0455110763926619,TRUE,0.672531231269099,1.00103565397915
444,"rand=1-1_rate=1.5_ROB=L_UH_Bias=NRE strong","1-1",1.5,"L_UH","NRE strong",0,0.048790164169432,0.0953101798043249,0.048790164169432,0.182321556793955,0.300104592450338,0.0776802689670052,0.0801763800255006,0.0602175912681659,TRUE,0.477653768361539,1.00098623538817,-0.0106078055074885,TRUE,0.397258745298485,1.00098883871967,0.147174505956913,TRUE,0.456805943037243,1.00098786540765,-0.187601474356415,TRUE,0.738568417390152,1.00103676793269
445,"rand=1-1_rate=1.5_ROB=L_UH_Bias=NRE strong","1-1",1.5,"L_UH","NRE strong",0,0.048790164169432,0.0953101798043249,0.048790164169432,0.182321556793955,0.300104592450338,0.0660902293968657,0.069415463503176,0.0643539913447116,TRUE,0.372796936801591,1.0009936205809,0.0116158788206489,TRUE,0.325053441744429,1.00098703417276,0.115045831602665,TRUE,0.43174445996003,1.00119945425284,-0.0688735568043366,TRUE,0.584078125733876,1.00099535925155
446,"rand=1-1_rate=1.5_ROB=L_UH_Bias=NRE strong","1-1",1.5,"L_UH","NRE strong",0,0.048790164169432,0.0953101798043249,0.048790164169432,0.182321556793955,0.300104592450338,0.0730585833217796,0.074490075792794,-0.0860046271112931,TRUE,0.565397510701294,1.00100985675685,-0.205874632869491,TRUE,0.527004119199497,1.00106952799163,-0.102343834484692,TRUE,0.626284374476826,1.00098946017987,-0.319768700918148,TRUE,1.16152105913367,1.00101480268473
447,"rand=1-1_rate=1.5_ROB=L_UH_Bias=NRE strong","1-1",1.5,"L_UH","NRE strong",0,0.048790164169432,0.0953101798043249,0.048790164169432,0.182321556793955,0.300104592450338,0.0695625371746552,0.073370854005022,0.00377220726578931,TRUE,0.456210051747099,1.00104070911267,-0.0737127972164577,TRUE,0.413076101721606,1.00098600417516,0.0584901514320872,TRUE,0.455628573857392,1.00119469188018,-0.21788375077551,TRUE,0.872462400399934,1.00103523712317
448,"rand=1-1_rate=1.5_ROB=L_UH_Bias=NRE strong","1-1",1.5,"L_UH","NRE strong",0,0.048790164169432,0.0953101798043249,0.048790164169432,0.182321556793955,0.300104592450338,0.0890298066221865,0.0923421527486431,-0.177847210337334,TRUE,0.510678154764128,1.00098783976193,-0.213101724531485,FALSE,0.40250873781349,1.00103574222259,-0.107607739530127,TRUE,0.557937599857779,1.00103302328815,-0.293081041159503,TRUE,0.703479102815739,1.00099078772147
449,"rand=1-1_rate=1.5_ROB=L_UH_Bias=NRE strong","1-1",1.5,"L_UH","NRE strong",0,0.048790164169432,0.0953101798043249,0.048790164169432,0.182321556793955,0.300104592450338,0.067333004648101,0.0696112043258047,-0.0879723107742281,TRUE,0.572861443161697,1.00098718461358,-0.153540350785083,TRUE,0.507650258496373,1.00099364357607,-0.0552176739808716,TRUE,0.487068599932049,1.00109329659401,-0.24947480895764,TRUE,1.32964547899022,1.00104623201538
450,"rand=1-1_rate=1.5_ROB=L_UH_Bias=NRE strong","1-1",1.5,"L_UH","NRE strong",0,0.048790164169432,0.0953101798043249,0.048790164169432,0.182321556793955,0.300104592450338,0.078370180282825,0.0786583645840456,0.0266435691843449,TRUE,0.479734931878234,1.00125470681988,-0.0793175123836476,TRUE,0.422975793638885,1.00098602521625,0.00439190414984425,TRUE,0.480150673346831,1.00116953410146,-0.154444778096599,TRUE,0.940561705883132,1.00100408730651
451,"rand=1-1_rate=1.5_ROB=L_UH_Bias=NRE strong","1-1",1.5,"L_UH","NRE strong",0,0.048790164169432,0.0953101798043249,0.048790164169432,0.182321556793955,0.300104592450338,0.0754747866463268,0.0775970873369923,-0.102667454554909,TRUE,0.528074081102532,1.00168527534388,-0.126899900718404,TRUE,0.416758942390713,1.00100716881758,-0.124583020989591,TRUE,0.471599217034979,1.00259351872071,-0.124286430068553,TRUE,0.966628819883358,1.00098601879279
452,"rand=1-1_rate=1.5_ROB=L_UH_Bias=NRE strong","1-1",1.5,"L_UH","NRE strong",0,0.048790164169432,0.0953101798043249,0.048790164169432,0.182321556793955,0.300104592450338,0.0803736818181257,0.0803820434757251,-0.184299622091388,TRUE,0.497853332468078,1.00118300565468,-0.221441465974419,FALSE,0.318620485734206,1.00099817700215,-0.206705305881978,TRUE,0.6105474181456,1.00123091679521,-0.227817794056495,FALSE,0.469430705843221,1.0009898900396
453,"rand=1-1_rate=1.5_ROB=L_UH_Bias=NRE strong","1-1",1.5,"L_UH","NRE strong",0,0.048790164169432,0.0953101798043249,0.048790164169432,0.182321556793955,0.300104592450338,0.0552140957508479,0.0591810195234689,0.171811232814143,TRUE,0.406634365534218,1.00107706556073,0.11237487797042,TRUE,0.392964083124719,1.00098755367358,0.204883939768886,TRUE,0.44556979096985,1.00109228100817,-0.00430443942320591,TRUE,0.887532919560428,1.00098791144639
454,"rand=1-1_rate=1.5_ROB=L_UH_Bias=NRE strong","1-1",1.5,"L_UH","NRE strong",0,0.048790164169432,0.0953101798043249,0.048790164169432,0.182321556793955,0.300104592450338,0.0776223310861355,0.078145460068942,-0.0520706434632063,TRUE,0.449722614710173,1.00099084388476,-0.0899984263140228,TRUE,0.342451234852627,1.00102050806293,-0.0104256355365768,TRUE,0.463899161144179,1.00121876570475,-0.145295233035646,TRUE,0.655623210157646,1.00102839955901
455,"rand=1-1_rate=1.5_ROB=L_UH_Bias=NRE strong","1-1",1.5,"L_UH","NRE strong",0,0.048790164169432,0.0953101798043249,0.048790164169432,0.182321556793955,0.300104592450338,0.0819908104783537,0.0827266269566264,0.0110927297904048,TRUE,0.426754233093334,1.00149868950569,-0.0476636888353177,TRUE,0.277997036616926,1.00098603119773,0.0180138323746949,TRUE,0.481596100935803,1.0013680855527,-0.0787880913626848,TRUE,0.412891830878576,1.00104167083859
456,"rand=1-1_rate=1.5_ROB=L_UH_Bias=NRE strong","1-1",1.5,"L_UH","NRE strong",0,0.048790164169432,0.0953101798043249,0.048790164169432,0.182321556793955,0.300104592450338,0.0693971947667704,0.0704232998061305,-0.0266642148841263,TRUE,0.455774302318317,1.00117002880378,-0.040385279310331,TRUE,0.309036577193248,1.00098599547324,-0.0358337192650326,TRUE,0.44885647360246,1.00162211763923,-0.0450494975131093,TRUE,0.57526986216616,1.00101466556245
457,"rand=1-1_rate=1.5_ROB=L_UH_Bias=NRE strong","1-1",1.5,"L_UH","NRE strong",0,0.048790164169432,0.0953101798043249,0.048790164169432,0.182321556793955,0.300104592450338,0.0893366062926347,0.0904688800480004,-0.106972633827789,TRUE,0.577357312890116,1.00107007500507,-0.241892797072658,TRUE,0.593874971804693,1.00098699183939,0.00721372389887143,TRUE,0.501454593363756,1.00106165349294,-0.606303097877975,FALSE,1.46111450149611,1.00099041272474
458,"rand=1-1_rate=1.5_ROB=L_UH_Bias=NRE strong","1-1",1.5,"L_UH","NRE strong",0,0.048790164169432,0.0953101798043249,0.048790164169432,0.182321556793955,0.300104592450338,0.0843557562656956,0.0853456104610896,-0.222005363439453,TRUE,0.568277241612171,1.00115115763048,-0.26008167561801,FALSE,0.401418687117332,1.00109985113569,-0.23167545766885,TRUE,0.769904928884935,1.00107584400417,-0.274259580661212,FALSE,0.5354330915305,1.00099913612143
459,"rand=1-1_rate=1.5_ROB=L_UH_Bias=NRE strong","1-1",1.5,"L_UH","NRE strong",0,0.048790164169432,0.0953101798043249,0.048790164169432,0.182321556793955,0.300104592450338,0.0560469521812493,0.0576493593391895,-0.022743229472026,TRUE,0.47393863938484,1.00099222112279,-0.0333900076270397,TRUE,0.350498802510325,1.00103887056524,0.0326750292450353,TRUE,0.475771333878317,1.00106131745306,-0.0778678335914502,TRUE,0.625054198962054,1.00099658332991
460,"rand=1-1_rate=1.5_ROB=L_UH_Bias=NRE strong","1-1",1.5,"L_UH","NRE strong",0,0.048790164169432,0.0953101798043249,0.048790164169432,0.182321556793955,0.300104592450338,0.0633008162973811,0.0640388881698284,-0.163109634025246,TRUE,0.490719958333541,1.00148713521371,-0.109786438786591,TRUE,0.292360164335499,1.00101675529648,-0.255749266422003,FALSE,0.564113655163555,1.00158239123136,-0.0543916380266294,TRUE,0.402114035680419,1.00100210518458
461,"rand=1-1_rate=1.5_ROB=L_UH_Bias=NRE strong","1-1",1.5,"L_UH","NRE strong",0,0.048790164169432,0.0953101798043249,0.048790164169432,0.182321556793955,0.300104592450338,0.0785406938345853,0.0791951744549682,-0.0995681184251485,TRUE,0.506153800493214,1.00113223572316,-0.121009796217651,TRUE,0.362186639806478,1.00100155873509,-0.0819689812867577,TRUE,0.500490057658247,1.00098634526299,-0.152742826635492,TRUE,0.694498506417959,1.00098712109582
462,"rand=1-1_rate=1.5_ROB=L_UH_Bias=NRE strong","1-1",1.5,"L_UH","NRE strong",0,0.048790164169432,0.0953101798043249,0.048790164169432,0.182321556793955,0.300104592450338,0.0666069023885057,0.0674778104320915,-0.107108245530664,TRUE,0.499266829623148,1.00127217281772,-0.212876277014488,FALSE,0.414221199794055,1.00106109810089,-0.102116545582655,TRUE,0.505153903375718,1.00105382182289,-0.293103554010281,TRUE,0.808463363388595,1.00098604119042
463,"rand=1-1_rate=1.5_ROB=L_UH_Bias=NRE strong","1-1",1.5,"L_UH","NRE strong",0,0.048790164169432,0.0953101798043249,0.048790164169432,0.182321556793955,0.300104592450338,0.0740364028760453,0.0763164216130974,0.0398454777914784,TRUE,0.437853317436123,1.00110242255337,0.00736596643505483,TRUE,0.318019959089481,1.0009932498549,-0.0133815686150909,TRUE,0.46117973208761,1.00101489811767,0.0183311759472684,TRUE,0.596358807285742,1.00098687420754
464,"rand=1-1_rate=1.5_ROB=L_UH_Bias=NRE strong","1-1",1.5,"L_UH","NRE strong",0,0.048790164169432,0.0953101798043249,0.048790164169432,0.182321556793955,0.300104592450338,0.0765290670274222,0.0797837317695102,-0.073143743857174,TRUE,0.495843371760857,1.00098781219351,-0.0433461077395887,TRUE,0.336835182700898,1.00098600736222,-0.109135010999243,TRUE,0.503178113505322,1.00156617525766,-0.00217544068421893,TRUE,0.588118942813728,1.00109669467555
465,"rand=1-1_rate=1.5_ROB=L_UH_Bias=NRE strong","1-1",1.5,"L_UH","NRE strong",0,0.048790164169432,0.0953101798043249,0.048790164169432,0.182321556793955,0.300104592450338,0.0920194624486463,0.092174451727008,-0.00319388944169297,TRUE,0.511048006305931,1.00098600607845,-0.0850861148638085,TRUE,0.483100587217502,1.00109825213337,0.060193686304187,TRUE,0.578773033394076,1.0009959993564,-0.264877083003934,TRUE,0.983156269478132,1.00098661671208
466,"rand=1-1_rate=1.5_ROB=L_UH_Bias=NRE strong","1-1",1.5,"L_UH","NRE strong",0,0.048790164169432,0.0953101798043249,0.048790164169432,0.182321556793955,0.300104592450338,0.0760267524543852,0.0773499725284401,-0.244170912943383,TRUE,0.629198116795146,1.00105140812774,-0.237910530375473,FALSE,0.466108452238877,1.00105386787311,-0.189117521937462,TRUE,0.699543690918035,1.00101256769271,-0.280912044935778,TRUE,0.811740429116988,1.00098714771389
467,"rand=1-1_rate=1.5_ROB=L_UH_Bias=NRE strong","1-1",1.5,"L_UH","NRE strong",0,0.048790164169432,0.0953101798043249,0.048790164169432,0.182321556793955,0.300104592450338,0.0801827267989312,0.0823735008194428,-0.0330816548109418,TRUE,0.517145870791224,1.00102973960997,-0.0427344766088831,TRUE,0.411027409037633,1.00098687522472,0.0460618014688465,TRUE,0.42300095173309,1.00203354199176,-0.117932536767293,TRUE,1.02844307219337,1.00102426765682
468,"rand=1-1_rate=1.5_ROB=L_UH_Bias=NRE strong","1-1",1.5,"L_UH","NRE strong",0,0.048790164169432,0.0953101798043249,0.048790164169432,0.182321556793955,0.300104592450338,0.0762959170802643,0.0781289380635932,-0.0361402787393263,TRUE,0.593084249747125,1.0011325937739,-0.113112011486826,TRUE,0.551959214829762,1.00106015070847,-0.0893493233652149,TRUE,0.587831385339103,1.00117467577193,-0.134344647239131,TRUE,1.34723469663892,1.00102014639779
469,"rand=1-1_rate=1.5_ROB=L_UH_Bias=NRE strong","1-1",1.5,"L_UH","NRE strong",0,0.048790164169432,0.0953101798043249,0.048790164169432,0.182321556793955,0.300104592450338,0.0714865496154504,0.0753672852248273,-0.0712288914359471,TRUE,0.517669640924436,1.00120045791143,-0.115493189623595,TRUE,0.389108894788879,1.00114460342381,-0.0510711951433218,TRUE,0.515786414273579,1.00109908485504,-0.163213758682774,TRUE,0.749725833919073,1.00098603298993
470,"rand=1-1_rate=1.5_ROB=L_UH_Bias=NRE strong","1-1",1.5,"L_UH","NRE strong",0,0.048790164169432,0.0953101798043249,0.048790164169432,0.182321556793955,0.300104592450338,0.0661374795501457,0.0674484051991199,-0.0403332216168024,TRUE,0.526647130888271,1.00100440992657,-0.10567971554905,TRUE,0.413070551326186,1.00101565289704,0.0744954801223289,TRUE,0.512577725321226,1.00118083423588,-0.288771364291406,TRUE,0.668397000477929,1.00098637314944
471,"rand=1-1_rate=1.5_ROB=L_UH_Bias=NRE strong","1-1",1.5,"L_UH","NRE strong",0,0.048790164169432,0.0953101798043249,0.048790164169432,0.182321556793955,0.300104592450338,0.0719428353988583,0.0737355733692564,-0.0305416457067427,TRUE,0.395110405869603,1.0010566202673,-0.0706327685991153,TRUE,0.24731350861104,1.00102089990824,-0.0725180890780908,TRUE,0.458207891359148,1.00135623008436,-0.0704429989393058,TRUE,0.378720391573716,1.00113490989607
472,"rand=1-1_rate=1.5_ROB=L_UH_Bias=NRE strong","1-1",1.5,"L_UH","NRE strong",0,0.048790164169432,0.0953101798043249,0.048790164169432,0.182321556793955,0.300104592450338,0.0683067551502242,0.0704877950609765,0.107473136390863,TRUE,0.436231315310435,1.00099211943658,0.00532385822747672,TRUE,0.371100027652824,1.0011884175592,0.201092709010029,FALSE,0.360004225959848,1.00125801694232,-0.192956346498674,TRUE,0.732506573313302,1.00098602882637
473,"rand=1-1_rate=1.5_ROB=L_UH_Bias=NRE strong","1-1",1.5,"L_UH","NRE strong",0,0.048790164169432,0.0953101798043249,0.048790164169432,0.182321556793955,0.300104592450338,0.060476068562037,0.0611599108117395,-0.141910470297974,TRUE,0.471754786109596,1.00098922390167,-0.216850599919321,FALSE,0.324574059708327,1.00098658598696,-0.0276053600022954,TRUE,0.434047831393754,1.00115788370469,-0.325095886586765,FALSE,0.516876606844583,1.00100810319487
474,"rand=1-1_rate=1.5_ROB=L_UH_Bias=NRE strong","1-1",1.5,"L_UH","NRE strong",0,0.048790164169432,0.0953101798043249,0.048790164169432,0.182321556793955,0.300104592450338,0.0744986782602923,0.0761491686217384,-0.161937814477441,TRUE,0.544104140741144,1.00100701347293,-0.167004825628247,TRUE,0.359981919604091,1.00102820287676,-0.039390946083085,TRUE,0.540012459814696,1.00190475672364,-0.245176503791197,TRUE,0.547713994250806,1.00099612556616
475,"rand=1-1_rate=1.5_ROB=L_UH_Bias=NRE strong","1-1",1.5,"L_UH","NRE strong",0,0.048790164169432,0.0953101798043249,0.048790164169432,0.182321556793955,0.300104592450338,0.083398451868526,0.0862179679143601,0.0165906476078816,TRUE,0.411859325466367,1.00098771110485,0.0839705558794773,TRUE,0.285528710240566,1.00113624631059,-0.120474211402461,TRUE,0.569321731325495,1.00133856556309,0.169579185539322,FALSE,0.295047360815631,1.00098686246024
476,"rand=1-1_rate=1.5_ROB=L_UH_Bias=NRE strong","1-1",1.5,"L_UH","NRE strong",0,0.048790164169432,0.0953101798043249,0.048790164169432,0.182321556793955,0.300104592450338,0.0620430487894753,0.062859675431929,-0.0711437894700684,TRUE,0.456306907707221,1.00134130597056,-0.0430943192942539,TRUE,0.284647438347292,1.00102165509849,-0.112969334901372,TRUE,0.512483920996416,1.00139589243287,-0.00817055079473672,TRUE,0.419302079414894,1.00098688609652
477,"rand=1-1_rate=1.5_ROB=L_UH_Bias=NRE strong","1-1",1.5,"L_UH","NRE strong",0,0.048790164169432,0.0953101798043249,0.048790164169432,0.182321556793955,0.300104592450338,0.0601638163156875,0.0623269534738521,-0.0979860630298386,TRUE,0.492935584593437,1.00098963734831,-0.113620295743481,TRUE,0.331127699720293,1.00107575150221,-0.00242214274059438,TRUE,0.588328771246838,1.00111584862192,-0.181081719341458,TRUE,0.423879744709941,1.00099383659046
478,"rand=1-1_rate=1.5_ROB=L_UH_Bias=NRE strong","1-1",1.5,"L_UH","NRE strong",0,0.048790164169432,0.0953101798043249,0.048790164169432,0.182321556793955,0.300104592450338,0.0691036514520128,0.0716022599732585,-0.166592025682067,TRUE,0.601984311279364,1.00102619233087,-0.154528391545991,TRUE,0.404504678667504,1.00098600143785,-0.223321895640465,TRUE,0.647878066142316,1.00129301408223,-0.108504210025568,TRUE,0.645600467539138,1.00102229430287
479,"rand=1-1_rate=1.5_ROB=L_UH_Bias=NRE strong","1-1",1.5,"L_UH","NRE strong",0,0.048790164169432,0.0953101798043249,0.048790164169432,0.182321556793955,0.300104592450338,0.0820959537036186,0.0831849979180733,-0.164816018675237,TRUE,0.469743727924112,1.00104268272701,-0.145918371248594,FALSE,0.255247199670207,1.00099395473223,-0.184193648711563,TRUE,0.552334278928076,1.00139004776081,-0.136377507818584,TRUE,0.342287347737861,1.00105297365255
480,"rand=1-1_rate=1.5_ROB=L_UH_Bias=NRE strong","1-1",1.5,"L_UH","NRE strong",0,0.048790164169432,0.0953101798043249,0.048790164169432,0.182321556793955,0.300104592450338,0.0817957479165848,0.0820115223888071,-0.219975201748267,FALSE,0.492914432820005,1.00113934464986,-0.267873340875817,FALSE,0.32863976050135,1.00105903209848,-0.242379955264515,TRUE,0.559256505845132,1.00159106225691,-0.279993916638708,FALSE,0.526302071641579,1.00098675795193
481,"rand=1-1_rate=1.5_ROB=L_UH_Bias=NRE strong","1-1",1.5,"L_UH","NRE strong",0,0.048790164169432,0.0953101798043249,0.048790164169432,0.182321556793955,0.300104592450338,0.0836335874995661,0.0855414452091984,-0.152827680443276,TRUE,0.576722961026722,1.00102931155409,-0.263631217593354,FALSE,0.514405459207881,1.00098764730353,-0.213017024050463,TRUE,0.659700230109732,1.00099764647376,-0.301309510631747,TRUE,1.06057436838669,1.00099745907372
482,"rand=1-1_rate=1.5_ROB=L_UH_Bias=NRE strong","1-1",1.5,"L_UH","NRE strong",0,0.048790164169432,0.0953101798043249,0.048790164169432,0.182321556793955,0.300104592450338,0.0812030215395435,0.0831212218717728,-0.182348915894448,TRUE,0.628571646930667,1.0010861223564,-0.153666537931565,TRUE,0.439024736991503,1.00099085676168,-0.0561625792665197,TRUE,0.742524616360037,1.00098599256453,-0.224610129677136,TRUE,0.616361903293549,1.00111849190402
483,"rand=1-1_rate=1.5_ROB=L_UH_Bias=NRE strong","1-1",1.5,"L_UH","NRE strong",0,0.048790164169432,0.0953101798043249,0.048790164169432,0.182321556793955,0.300104592450338,0.0769181981194019,0.0777566172567503,0.002540706477698,TRUE,0.454180074849446,1.00106511340673,-0.0618106317478351,TRUE,0.362252077475604,1.00101963495641,-0.155358861807288,TRUE,0.605606551499282,1.00099893353286,0.00238785422616783,TRUE,0.550572514425646,1.00098622802013
484,"rand=1-1_rate=1.5_ROB=L_UH_Bias=NRE strong","1-1",1.5,"L_UH","NRE strong",0,0.048790164169432,0.0953101798043249,0.048790164169432,0.182321556793955,0.300104592450338,0.0774509500347601,0.0790487542737464,-0.0882073566718897,TRUE,0.540941693153951,1.00099708465389,-0.153087384854248,TRUE,0.391188251999763,1.00100137843748,0.0272266628927721,TRUE,0.453988436667973,1.00128146966586,-0.30966395397295,FALSE,0.686819120809271,1.00098711817767
485,"rand=1-1_rate=1.5_ROB=L_UH_Bias=NRE strong","1-1",1.5,"L_UH","NRE strong",0,0.048790164169432,0.0953101798043249,0.048790164169432,0.182321556793955,0.300104592450338,0.0791158457342915,0.0821308830716954,-0.0924127572186741,TRUE,0.463017876333996,1.00098635528721,-0.155278005502318,TRUE,0.409603249751333,1.00099351197666,0.0591568611522417,TRUE,0.476811306985873,1.00098830725649,-0.328578905741343,FALSE,0.659345155232135,1.00098671725973
486,"rand=1-1_rate=1.5_ROB=L_UH_Bias=NRE strong","1-1",1.5,"L_UH","NRE strong",0,0.048790164169432,0.0953101798043249,0.048790164169432,0.182321556793955,0.300104592450338,0.079852433514583,0.0818095508375338,0.00498533540076018,TRUE,0.407218329124149,1.00101784481485,-0.0963544741202318,TRUE,0.427744542504734,1.00099031845042,0.0283265578305361,TRUE,0.471717274909866,1.00101954820599,-0.230113410173812,TRUE,0.930633170387948,1.00100104335207
487,"rand=1-1_rate=1.5_ROB=L_UH_Bias=NRE strong","1-1",1.5,"L_UH","NRE strong",0,0.048790164169432,0.0953101798043249,0.048790164169432,0.182321556793955,0.300104592450338,0.0628078822824622,0.063434615925954,-0.0865043516936421,TRUE,0.48460204905796,1.0011133377719,-0.149830820366377,TRUE,0.388665450354641,1.00103165204233,-0.0528697683506627,TRUE,0.489541046269731,1.00109824079856,-0.226333723563039,TRUE,0.753479225227072,1.00100713929364
488,"rand=1-1_rate=1.5_ROB=L_UH_Bias=NRE strong","1-1",1.5,"L_UH","NRE strong",0,0.048790164169432,0.0953101798043249,0.048790164169432,0.182321556793955,0.300104592450338,0.0830726729285604,0.0866866948824981,-0.0952549838087682,TRUE,0.449643047224932,1.0009884694453,-0.121182328856898,TRUE,0.293686579311635,1.00107537957569,-0.00777429714496192,TRUE,0.461902634748206,1.00135855593656,-0.176271790957276,TRUE,0.450540234094521,1.00100501082335
489,"rand=1-1_rate=1.5_ROB=L_UH_Bias=NRE strong","1-1",1.5,"L_UH","NRE strong",0,0.048790164169432,0.0953101798043249,0.048790164169432,0.182321556793955,0.300104592450338,0.0667488323388623,0.0682539477184791,-0.0710160314767641,TRUE,0.497617706614867,1.00104752627163,-0.0863741299771081,TRUE,0.357399800031536,1.00099503754152,-0.0195151505409699,TRUE,0.53227293125838,1.00103482779592,-0.137734738211726,TRUE,0.592688098135192,1.00100609949445
490,"rand=1-1_rate=1.5_ROB=L_UH_Bias=NRE strong","1-1",1.5,"L_UH","NRE strong",0,0.048790164169432,0.0953101798043249,0.048790164169432,0.182321556793955,0.300104592450338,0.0731277937790575,0.0760490120588089,0.00540945910642576,TRUE,0.45539142108003,1.00111394066218,-0.0476236209688574,TRUE,0.357051845060343,1.00101585775199,0.0932124274507612,TRUE,0.427159090135271,1.00169688946488,-0.167652931137042,TRUE,0.682693616126274,1.0010309209478
491,"rand=1-1_rate=1.5_ROB=L_UH_Bias=NRE strong","1-1",1.5,"L_UH","NRE strong",0,0.048790164169432,0.0953101798043249,0.048790164169432,0.182321556793955,0.300104592450338,0.0674349107297805,0.0701002052292894,-0.083142881269056,TRUE,0.536230680116964,1.00098918224544,-0.091497599599567,TRUE,0.406816050666063,1.00099316622885,-0.176483896206652,TRUE,0.519144237542693,1.0019994885405,-0.0322861997754074,TRUE,0.809118149353501,1.00098895880476
492,"rand=1-1_rate=1.5_ROB=L_UH_Bias=NRE strong","1-1",1.5,"L_UH","NRE strong",0,0.048790164169432,0.0953101798043249,0.048790164169432,0.182321556793955,0.300104592450338,0.0842976505394276,0.0862963725365865,-0.16257808050046,TRUE,0.557313464124319,1.00150372480804,-0.204016438910078,FALSE,0.439536503804842,1.00099145181889,-0.212672685801368,TRUE,0.564845625528966,1.00107438038801,-0.206110257032692,TRUE,0.914153013781709,1.00101429736483
493,"rand=1-1_rate=1.5_ROB=L_UH_Bias=NRE strong","1-1",1.5,"L_UH","NRE strong",0,0.048790164169432,0.0953101798043249,0.048790164169432,0.182321556793955,0.300104592450338,0.0690552794052851,0.0697593724187412,-0.012539016473307,TRUE,0.517198436320791,1.0010586092094,0.00448225756253484,TRUE,0.399733033763332,1.00098645696384,-0.0604209711723593,TRUE,0.505603043624114,1.00114582951518,0.057269800786657,TRUE,0.806730707611483,1.00099773864742
494,"rand=1-1_rate=1.5_ROB=L_UH_Bias=NRE strong","1-1",1.5,"L_UH","NRE strong",0,0.048790164169432,0.0953101798043249,0.048790164169432,0.182321556793955,0.300104592450338,0.0730423212793399,0.0742765297238666,0.0503000160090197,TRUE,0.478297511572648,1.00099944144572,0.0244088632231101,TRUE,0.367262505118496,1.00098909836568,0.0174789053290444,TRUE,0.50327332097849,1.00108799870121,0.0259997862055852,TRUE,0.679052426195459,1.00102854593613
495,"rand=1-1_rate=1.5_ROB=L_UH_Bias=NRE strong","1-1",1.5,"L_UH","NRE strong",0,0.048790164169432,0.0953101798043249,0.048790164169432,0.182321556793955,0.300104592450338,0.0790263612123963,0.0794892686308426,-0.0392649402940355,TRUE,0.452224640171955,1.00098599356385,-0.144636832545944,TRUE,0.392219141009835,1.00098615336102,-0.0657823218288007,TRUE,0.594024416480071,1.00103857310952,-0.209049554159144,TRUE,0.645243764808886,1.00103014359159
496,"rand=1-1_rate=1.5_ROB=L_UH_Bias=NRE strong","1-1",1.5,"L_UH","NRE strong",0,0.048790164169432,0.0953101798043249,0.048790164169432,0.182321556793955,0.300104592450338,0.0859579105155708,0.0867450386502096,-0.208596431262176,TRUE,0.597991607928988,1.00098610727815,-0.24570986230228,FALSE,0.523225715532432,1.00102648654814,-0.277831097279995,FALSE,0.585637244980277,1.00153588580696,-0.221501890460849,TRUE,1.2048167316962,1.0011090534341
497,"rand=1-1_rate=1.5_ROB=L_UH_Bias=NRE strong","1-1",1.5,"L_UH","NRE strong",0,0.048790164169432,0.0953101798043249,0.048790164169432,0.182321556793955,0.300104592450338,0.0637157604265003,0.0660854095306287,-0.028175528436583,TRUE,0.578134876979197,1.00098811948705,-0.13194271673763,TRUE,0.500893940257517,1.00098944511275,-0.185540554828824,TRUE,0.834364542331971,1.00098605486387,-0.0785657197772702,TRUE,0.766404490534187,1.00098973096145
498,"rand=1-1_rate=1.5_ROB=L_UH_Bias=NRE strong","1-1",1.5,"L_UH","NRE strong",0,0.048790164169432,0.0953101798043249,0.048790164169432,0.182321556793955,0.300104592450338,0.0829343033487986,0.0839729548560763,-0.221081955364177,TRUE,0.627366307248765,1.00098833655907,-0.229756820846894,FALSE,0.466181922976288,1.00098613047431,-0.185358828335092,TRUE,0.791713868596117,1.00100452084819,-0.264804592168112,TRUE,0.69850580509941,1.00106703590475
499,"rand=1-1_rate=1.5_ROB=L_UH_Bias=NRE strong","1-1",1.5,"L_UH","NRE strong",0,0.048790164169432,0.0953101798043249,0.048790164169432,0.182321556793955,0.300104592450338,0.0811892760295874,0.0837370653712884,-0.262798004204586,FALSE,0.606245687913786,1.00099562163989,-0.263153583701546,FALSE,0.434010840076202,1.00098704117663,-0.245319794654993,TRUE,0.604777557357518,1.00133665391376,-0.277200028438677,TRUE,0.822400689553927,1.00100193053129
500,"rand=1-1_rate=1.5_ROB=L_UH_Bias=NRE strong","1-1",1.5,"L_UH","NRE strong",0,0.048790164169432,0.0953101798043249,0.048790164169432,0.182321556793955,0.300104592450338,0.0845191730728825,0.0864435750266278,0.0406977066388677,TRUE,0.420809602545758,1.00108684242619,-0.0620598659916047,TRUE,0.370977168638422,1.00100633954752,0.0795665575109211,TRUE,0.407190635458411,1.00308308758127,-0.191371972331371,TRUE,0.788178471968228,1.00099307197861
501,"rand=1-1_rate=1.5_ROB=L_UH_Bias=NRE strong","1-1",1.5,"L_UH","NRE strong",0,0.048790164169432,0.0953101798043249,0.048790164169432,0.182321556793955,0.300104592450338,0.0834024736586047,0.0853561744671535,-0.0258042131817011,TRUE,0.48239185882607,1.00141281887852,-0.134825247230528,TRUE,0.417076029355589,1.00099326854356,0.0238601778395919,TRUE,0.460815086111072,1.00109933460178,-0.270944890079659,TRUE,0.878284170241268,1.00102105114096
502,"rand=1-1_rate=1.5_ROB=L_UH_Bias=NRE strong","1-1",1.5,"L_UH","NRE strong",0,0.048790164169432,0.0953101798043249,0.048790164169432,0.182321556793955,0.300104592450338,0.0722154430273559,0.0765468970093564,0.0453691232191621,TRUE,0.448468706962417,1.00104992505099,-0.087287693638777,TRUE,0.455175124043132,1.00099141659223,-0.025662899411103,TRUE,0.538580434768793,1.00099229808357,-0.147805301920353,TRUE,1.01701277447159,1.00098928132886
503,"rand=1-1_rate=1.5_ROB=L_UH_Bias=NRE strong","1-1",1.5,"L_UH","NRE strong",0,0.048790164169432,0.0953101798043249,0.048790164169432,0.182321556793955,0.300104592450338,0.0808379497481717,0.0820951832885072,-0.190010038756468,TRUE,0.55431073735054,1.00127187720711,-0.194067774693258,FALSE,0.395553598548584,1.00098711555553,-0.229046375542984,TRUE,0.509300585631488,1.00202319468297,-0.163514275381858,TRUE,0.828827742785586,1.00116375207996
504,"rand=1-1_rate=1.5_ROB=L_UH_Bias=NRE strong","1-1",1.5,"L_UH","NRE strong",0,0.048790164169432,0.0953101798043249,0.048790164169432,0.182321556793955,0.300104592450338,0.0641482152444903,0.0731882921605467,-0.0622067223849561,TRUE,0.49968388496812,1.00099550808479,-0.134781495841313,TRUE,0.372597779506033,1.00100475865673,-0.0304986996475736,TRUE,0.516651542706106,1.00108278300838,-0.215261491380291,TRUE,0.660347783190504,1.0010022455241
505,"rand=1-1_rate=1.5_ROB=L_UH_Bias=NRE strong","1-1",1.5,"L_UH","NRE strong",0,0.048790164169432,0.0953101798043249,0.048790164169432,0.182321556793955,0.300104592450338,0.0610581809695466,0.0625438866556845,-0.061426270984893,TRUE,0.484062351382796,1.00100973660906,-0.0986317284322151,TRUE,0.362269363672348,1.0010359635919,-0.0523748563554369,TRUE,0.459194161891395,1.00100202576891,-0.133175049093857,TRUE,0.757597655591108,1.000986215654
506,"rand=1-1_rate=1.5_ROB=L_UH_Bias=NRE strong","1-1",1.5,"L_UH","NRE strong",0,0.048790164169432,0.0953101798043249,0.048790164169432,0.182321556793955,0.300104592450338,0.0720863002168067,0.073190336366032,0.0647578261154436,TRUE,0.470508945992964,1.00101477733893,-0.0330057712306326,TRUE,0.411449714691807,1.00101574006979,0.165273508290384,TRUE,0.387357539464228,1.00122593802041,-0.278664785032698,TRUE,0.882321088508724,1.00098997823613
507,"rand=1-1_rate=1.5_ROB=L_UH_Bias=NRE strong","1-1",1.5,"L_UH","NRE strong",0,0.048790164169432,0.0953101798043249,0.048790164169432,0.182321556793955,0.300104592450338,0.0691608325807963,0.0735562023476146,-0.00819206666786942,TRUE,0.444680491054076,1.00099414558856,-0.065926595655414,TRUE,0.309690770580058,1.00098703703235,0.0798228538641633,TRUE,0.400835410207095,1.00187206161642,-0.159829684578006,TRUE,0.517290737062979,1.00098650427418
508,"rand=1-1_rate=1.5_ROB=L_UH_Bias=NRE strong","1-1",1.5,"L_UH","NRE strong",0,0.048790164169432,0.0953101798043249,0.048790164169432,0.182321556793955,0.300104592450338,0.0711963120609634,0.0725477175363868,-0.112084287528596,TRUE,0.518585488797753,1.00112032388637,-0.133515345041774,TRUE,0.354810129107031,1.00103142464627,-0.139689086999505,TRUE,0.617968961182163,1.00109567265183,-0.128648999620737,TRUE,0.52358120903636,1.00098602700251
509,"rand=1-1_rate=1.5_ROB=L_UH_Bias=NRE strong","1-1",1.5,"L_UH","NRE strong",0,0.048790164169432,0.0953101798043249,0.048790164169432,0.182321556793955,0.300104592450338,0.0750191293652047,0.0758806988733837,0.0483399611469332,TRUE,0.52245706452893,1.00102122038652,-0.01268123632499,TRUE,0.452430161702429,1.00104148803806,0.148854363965427,TRUE,0.488914009176211,1.00132192275455,-0.222006966973818,TRUE,0.935637462612287,1.00098610800293
510,"rand=1-1_rate=1.5_ROB=L_UH_Bias=NRE strong","1-1",1.5,"L_UH","NRE strong",0,0.048790164169432,0.0953101798043249,0.048790164169432,0.182321556793955,0.300104592450338,0.0706935709155196,0.0714815364636084,-0.0735711624566351,TRUE,0.58787720427978,1.00101897390859,-0.0396828959737896,TRUE,0.461610909200516,1.0009941640611,-0.137175159182573,TRUE,0.597475226919816,1.00186132566905,0.0548085834724759,TRUE,0.87961149007569,1.00104198996288
511,"rand=1-1_rate=1.5_ROB=L_UH_Bias=NRE strong","1-1",1.5,"L_UH","NRE strong",0,0.048790164169432,0.0953101798043249,0.048790164169432,0.182321556793955,0.300104592450338,0.0688653944771995,0.0707140315928788,0.0798662008308479,TRUE,0.445659911520366,1.0010029732584,0.00796543458917864,TRUE,0.427210549718731,1.00101134681813,0.191625598014825,TRUE,0.384544495843705,1.00105131498139,-0.218966782862206,TRUE,0.988978591261696,1.00099998064798
512,"rand=1-1_rate=1.5_ROB=L_UH_Bias=NRE strong","1-1",1.5,"L_UH","NRE strong",0,0.048790164169432,0.0953101798043249,0.048790164169432,0.182321556793955,0.300104592450338,0.0680353128184429,0.0707657363206819,-0.0534871505759007,TRUE,0.479960219841608,1.0010009069391,-0.0548396883779336,TRUE,0.319615319641853,1.00104321296009,-0.0547153875807731,TRUE,0.565411684315364,1.0010175421678,-0.0544778797920973,TRUE,0.471177968999628,1.00099459781512
513,"rand=1-1_rate=1.5_ROB=L_UH_Bias=NRE strong","1-1",1.5,"L_UH","NRE strong",0,0.048790164169432,0.0953101798043249,0.048790164169432,0.182321556793955,0.300104592450338,0.0603966545525224,0.0615516171900817,-0.157202906291313,TRUE,0.556829059864383,1.00103559276555,-0.13671571853986,TRUE,0.368968254742426,1.0009881655674,-0.0873931604853315,TRUE,0.512723907907878,1.00101162118103,-0.173361133562441,TRUE,0.691665439568609,1.00098614067759
514,"rand=1-1_rate=1.5_ROB=L_UH_Bias=NRE strong","1-1",1.5,"L_UH","NRE strong",0,0.048790164169432,0.0953101798043249,0.048790164169432,0.182321556793955,0.300104592450338,0.0704111000285112,0.0715380256043043,-0.0442359464834998,TRUE,0.448754153566384,1.00110984532845,-0.0481912713098269,TRUE,0.306159013080188,1.00098690454523,-0.0211504701255536,TRUE,0.428920469783629,1.00119578379503,-0.0681906280274232,TRUE,0.582260471983593,1.00101923484672
515,"rand=1-1_rate=1.5_ROB=L_UH_Bias=NRE strong","1-1",1.5,"L_UH","NRE strong",0,0.048790164169432,0.0953101798043249,0.048790164169432,0.182321556793955,0.300104592450338,0.0546899439643798,0.0550979666835348,-0.0546974103635351,TRUE,0.461290703679153,1.00098655291724,-0.0450014810378916,TRUE,0.315130828237993,1.00104046053516,0.000758804944712033,TRUE,0.424112374203467,1.00166909056779,-0.0826074779411623,TRUE,0.649034529377132,1.000993558783
516,"rand=1-1_rate=1.5_ROB=L_UH_Bias=NRE strong","1-1",1.5,"L_UH","NRE strong",0,0.048790164169432,0.0953101798043249,0.048790164169432,0.182321556793955,0.300104592450338,0.0735795111316185,0.0770782844936901,0.00517524732945596,TRUE,0.547941280973112,1.00104281662022,-0.134722631240115,TRUE,0.553409446033617,1.00101843538456,0.0175016508458659,TRUE,0.669668525941627,1.00100146174483,-0.332794783701692,TRUE,1.17537332729064,1.00100029891451
517,"rand=1-1_rate=1.5_ROB=L_UH_Bias=NRE strong","1-1",1.5,"L_UH","NRE strong",0,0.048790164169432,0.0953101798043249,0.048790164169432,0.182321556793955,0.300104592450338,0.0725097034040327,0.0755944612163442,0.0482039361834766,TRUE,0.454921369021447,1.00102194795841,-0.0227436094936277,TRUE,0.351173434445727,1.00098963611502,-0.0871263285178643,TRUE,0.707438117822407,1.00104225638205,0.0138940606236339,TRUE,0.464126206496243,1.00098862230834
518,"rand=1-1_rate=1.5_ROB=L_UH_Bias=NRE strong","1-1",1.5,"L_UH","NRE strong",0,0.048790164169432,0.0953101798043249,0.048790164169432,0.182321556793955,0.300104592450338,0.0813922275952721,0.0822137865986143,-0.0273266275147699,TRUE,0.495650153214987,1.00101833204942,-0.0938137465743631,TRUE,0.400670166190591,1.0010064658625,0.00156326762262005,TRUE,0.574846940421606,1.00099235520607,-0.179756985560305,TRUE,0.688235299610085,1.00100225913503
519,"rand=1-1_rate=1.5_ROB=L_UH_Bias=NRE strong","1-1",1.5,"L_UH","NRE strong",0,0.048790164169432,0.0953101798043249,0.048790164169432,0.182321556793955,0.300104592450338,0.0850678445358157,0.0905805234824115,-0.0129246084370305,TRUE,0.483938062619,1.0010194205114,-0.0525593912165279,TRUE,0.363001495785319,1.00099045006085,0.0083278295469168,TRUE,0.43753042455275,1.00139664293754,-0.102157832337156,TRUE,0.748986866884315,1.0010013156424
520,"rand=1-1_rate=1.5_ROB=L_UH_Bias=NRE strong","1-1",1.5,"L_UH","NRE strong",0,0.048790164169432,0.0953101798043249,0.048790164169432,0.182321556793955,0.300104592450338,0.0777289007258736,0.0820266182414729,-0.0614340806565656,TRUE,0.554729165271281,1.00098729870894,-0.0447336700838441,TRUE,0.417768354019517,1.00098733278651,0.0202170366243675,TRUE,0.572297503452986,1.00100216269412,-0.107734707329984,TRUE,0.774697204190522,1.00104144799695
521,"rand=1-1_rate=1.5_ROB=L_UH_Bias=NRE strong","1-1",1.5,"L_UH","NRE strong",0,0.048790164169432,0.0953101798043249,0.048790164169432,0.182321556793955,0.300104592450338,0.0555362807066426,0.0577656082172681,-0.277989380527909,FALSE,0.603218636028574,1.00101509565777,-0.260529634029793,FALSE,0.442365861454478,1.00102706650955,-0.283085089652547,FALSE,0.596543960392195,1.00120527566731,-0.251778332889765,TRUE,0.846157592007266,1.00099281248399
522,"rand=1-1_rate=1.5_ROB=L_UH_Bias=NRE strong","1-1",1.5,"L_UH","NRE strong",0,0.048790164169432,0.0953101798043249,0.048790164169432,0.182321556793955,0.300104592450338,0.0686935588768818,0.071809717512235,-0.0562976236148582,TRUE,0.546413514548596,1.00112207328452,-0.124733201529833,TRUE,0.412772215832851,1.00103018268625,0.0475328990883125,TRUE,0.533446711616025,1.00101865577717,-0.275527933706901,TRUE,0.667600567383379,1.00098856829578
523,"rand=1-1_rate=1.5_ROB=L_UH_Bias=NRE strong","1-1",1.5,"L_UH","NRE strong",0,0.048790164169432,0.0953101798043249,0.048790164169432,0.182321556793955,0.300104592450338,0.0672273726403518,0.0689959828667041,-0.157119342551832,TRUE,0.542010571556065,1.00172704620778,-0.212898599289706,FALSE,0.367540540956345,1.00098619195196,-0.0649004169878418,TRUE,0.48808202277425,1.00114734321834,-0.309769238639161,FALSE,0.618205252898508,1.00103310839477
524,"rand=1-1_rate=1.5_ROB=L_UH_Bias=NRE strong","1-1",1.5,"L_UH","NRE strong",0,0.048790164169432,0.0953101798043249,0.048790164169432,0.182321556793955,0.300104592450338,0.0874262001863257,0.089712185943887,-0.131668804895284,TRUE,0.592438733900901,1.00124580287414,-0.202685850504237,TRUE,0.5389957662593,1.00103246296721,-0.0459036455845447,TRUE,0.562403265476812,1.00098692667223,-0.392133159130084,TRUE,1.24848679830554,1.00099534688916
525,"rand=1-1_rate=1.5_ROB=L_UH_Bias=NRE strong","1-1",1.5,"L_UH","NRE strong",0,0.048790164169432,0.0953101798043249,0.048790164169432,0.182321556793955,0.300104592450338,0.0811098355118172,0.0823022489528442,0.0974173719643641,TRUE,0.450177640856902,1.00099131221914,0.017155362807231,TRUE,0.38374220536001,1.00099082228075,0.0156313648246598,TRUE,0.51644382483515,1.00135353239143,0.0147012700003729,TRUE,0.737280473273903,1.00098679294511
526,"rand=1-1_rate=1.5_ROB=L_UH_Bias=NRE strong","1-1",1.5,"L_UH","NRE strong",0,0.048790164169432,0.0953101798043249,0.048790164169432,0.182321556793955,0.300104592450338,0.0783251921536944,0.0796990842658262,0.0644316826089517,TRUE,0.443916802295274,1.00099523832376,0.00504034594795877,TRUE,0.365505305519782,1.00101783831797,0.129952247328378,TRUE,0.426886881412251,1.0010978205262,-0.121155337006454,TRUE,0.710383764464516,1.00098637234209
527,"rand=1-1_rate=1.5_ROB=L_UH_Bias=NRE strong","1-1",1.5,"L_UH","NRE strong",0,0.048790164169432,0.0953101798043249,0.048790164169432,0.182321556793955,0.300104592450338,0.0710145675016743,0.0740148282542724,-0.00250677658707499,TRUE,0.485113756702599,1.00103921523986,-0.0669556895047672,TRUE,0.36916422117065,1.00100120895012,0.0661712989881479,TRUE,0.478219722930371,1.00111502389578,-0.177559169007327,TRUE,0.636474221560343,1.00098616204775
528,"rand=1-1_rate=1.5_ROB=L_UH_Bias=NRE strong","1-1",1.5,"L_UH","NRE strong",0,0.048790164169432,0.0953101798043249,0.048790164169432,0.182321556793955,0.300104592450338,0.0624982745216766,0.0655246943078296,-0.131572797774522,TRUE,0.538066736219328,1.00173975921745,-0.193034018573751,TRUE,0.416153284305505,1.00104211082802,-0.0673428347275611,TRUE,0.474745104730528,1.00109788393132,-0.292337426862807,TRUE,0.915407892058788,1.00098617235755
529,"rand=1-1_rate=1.5_ROB=L_UH_Bias=NRE strong","1-1",1.5,"L_UH","NRE strong",0,0.048790164169432,0.0953101798043249,0.048790164169432,0.182321556793955,0.300104592450338,0.0638718856068672,0.0654576183912352,-0.13618640813928,TRUE,0.522063950126639,1.00100729701467,-0.126253461142614,TRUE,0.396827481256515,1.00099145428861,-0.0925467293381581,TRUE,0.620822787696899,1.00099131079437,-0.153596437228994,TRUE,0.66380097966923,1.00098626800358
530,"rand=1-1_rate=1.5_ROB=L_UH_Bias=NRE strong","1-1",1.5,"L_UH","NRE strong",0,0.048790164169432,0.0953101798043249,0.048790164169432,0.182321556793955,0.300104592450338,0.0607056326965446,0.0637797979608816,-0.0863492382603115,TRUE,0.427308397345225,1.00103022881817,-0.0805341483078086,TRUE,0.275349136855785,1.00102256723537,-0.0493620557507648,TRUE,0.485554335296485,1.00101079024802,-0.0932846063667794,TRUE,0.422618518016333,1.00101440037362
531,"rand=1-1_rate=1.5_ROB=L_UH_Bias=NRE strong","1-1",1.5,"L_UH","NRE strong",0,0.048790164169432,0.0953101798043249,0.048790164169432,0.182321556793955,0.300104592450338,0.0710536275316816,0.0742486573419893,-0.0661955252340309,TRUE,0.500327379258496,1.00101859469781,-0.140759312808224,TRUE,0.426352506277216,1.00099583668362,-0.0288857171932491,TRUE,0.546677598361384,1.0010004844553,-0.25180815782597,TRUE,0.817004887557963,1.00099112121376
532,"rand=1-1_rate=1.5_ROB=L_UH_Bias=NRE strong","1-1",1.5,"L_UH","NRE strong",0,0.048790164169432,0.0953101798043249,0.048790164169432,0.182321556793955,0.300104592450338,0.0574535148977693,0.0588325697880033,0.0533283631873367,TRUE,0.433386995659651,1.00100968103793,-0.00148287674350245,TRUE,0.340781090422376,1.00098609941743,0.129657543221785,TRUE,0.501485126622977,1.0009862336454,-0.104884846271439,TRUE,0.487137565493503,1.00114786224545
533,"rand=1-1_rate=1.5_ROB=L_UH_Bias=NRE strong","1-1",1.5,"L_UH","NRE strong",0,0.048790164169432,0.0953101798043249,0.048790164169432,0.182321556793955,0.300104592450338,0.0689989525788449,0.0703208005360313,0.060339647113772,TRUE,0.44463460974994,1.00103291329832,-0.00458235092622217,TRUE,0.380805156620715,1.00100886224188,-0.111504685679866,TRUE,0.495922440565986,1.00126671158922,0.0883946797912796,TRUE,0.698864798563544,1.00100430421679
534,"rand=1-1_rate=1.5_ROB=L_UH_Bias=NRE strong","1-1",1.5,"L_UH","NRE strong",0,0.048790164169432,0.0953101798043249,0.048790164169432,0.182321556793955,0.300104592450338,0.0676836374438613,0.070288729748162,0.105894304083619,TRUE,0.459857931946286,1.00099422932414,0.0927046516109242,TRUE,0.397316014794753,1.00099207651368,0.224068893929587,TRUE,0.568365877614504,1.00099506591453,-0.0627107946005327,TRUE,0.589644839169965,1.00110582216415
535,"rand=1-1_rate=1.5_ROB=L_UH_Bias=NRE strong","1-1",1.5,"L_UH","NRE strong",0,0.048790164169432,0.0953101798043249,0.048790164169432,0.182321556793955,0.300104592450338,0.0705751834410967,0.0723488893487216,-0.04114486980424,TRUE,0.50224123975962,1.0012300368467,-0.126079194865458,TRUE,0.457624774242185,1.00098652151016,-0.123218137960715,TRUE,0.519743442407105,1.00102028634977,-0.120896473173326,TRUE,1.02857915413821,1.00102446533782
536,"rand=1-1_rate=1.5_ROB=L_UH_Bias=NRE strong","1-1",1.5,"L_UH","NRE strong",0,0.048790164169432,0.0953101798043249,0.048790164169432,0.182321556793955,0.300104592450338,0.0755221162599629,0.0768485472804052,0.0254074145775064,TRUE,0.547520780770816,1.00101132216417,-0.0570786414444366,TRUE,0.499000411429567,1.0011146600363,0.00304349874987619,TRUE,0.551767407176703,1.00099029237078,-0.114750255355797,TRUE,1.19759418821794,1.00098615069899
537,"rand=1-1_rate=1.5_ROB=L_UH_Bias=NRE strong","1-1",1.5,"L_UH","NRE strong",0,0.048790164169432,0.0953101798043249,0.048790164169432,0.182321556793955,0.300104592450338,0.0680971519492504,0.0696075282767396,-0.04536460209529,TRUE,0.470067175011926,1.00100201794212,-0.0127764190883817,TRUE,0.302692469697643,1.00099000580459,-0.085437265169249,TRUE,0.497567806966243,1.00126949387729,0.0266876716039718,TRUE,0.476766083170052,1.00100539145098
538,"rand=1-1_rate=1.5_ROB=L_UH_Bias=NRE strong","1-1",1.5,"L_UH","NRE strong",0,0.048790164169432,0.0953101798043249,0.048790164169432,0.182321556793955,0.300104592450338,0.0701885160860993,0.0718138464434056,-0.14159806047383,TRUE,0.540558325740939,1.00138249541438,-0.154045729299606,TRUE,0.377400210253048,1.0009963035624,-0.235364968306407,TRUE,0.550945486353963,1.0012192189719,-0.0940855473630611,TRUE,0.674403935231584,1.00098614686356
539,"rand=1-1_rate=1.5_ROB=L_UH_Bias=NRE strong","1-1",1.5,"L_UH","NRE strong",0,0.048790164169432,0.0953101798043249,0.048790164169432,0.182321556793955,0.300104592450338,0.0625809962634716,0.0654817940430529,0.0420496336914187,TRUE,0.489966414674125,1.00119255500261,-0.0285005287133306,TRUE,0.369225787320361,1.00098660237226,0.114430613228248,TRUE,0.485938560792885,1.0010720984906,-0.136882541340083,TRUE,0.610759653692731,1.00100707602112
540,"rand=1-1_rate=1.5_ROB=L_UH_Bias=NRE strong","1-1",1.5,"L_UH","NRE strong",0,0.048790164169432,0.0953101798043249,0.048790164169432,0.182321556793955,0.300104592450338,0.0581730772854792,0.0607101138468319,-0.0935317190333629,TRUE,0.571382241650866,1.00101701862948,-0.0690290880764957,TRUE,0.420836353444767,1.00102011358761,0.000407417739950344,TRUE,0.503535934516067,1.00113097051793,-0.150176683550721,TRUE,0.884503675848607,1.00099648270048
541,"rand=1-1_rate=1.5_ROB=L_UH_Bias=NRE strong","1-1",1.5,"L_UH","NRE strong",0,0.048790164169432,0.0953101798043249,0.048790164169432,0.182321556793955,0.300104592450338,0.0695891706162002,0.0721813348785258,-0.0669258521423153,TRUE,0.596622026316689,1.00100054980742,-0.118043347228782,TRUE,0.480013700974738,1.00102101107495,0.0696831841155346,TRUE,0.498264682005409,1.0013782328366,-0.359279006408282,TRUE,1.02640921127973,1.00098600760286
542,"rand=1-1_rate=1.5_ROB=L_UH_Bias=NRE strong","1-1",1.5,"L_UH","NRE strong",0,0.048790164169432,0.0953101798043249,0.048790164169432,0.182321556793955,0.300104592450338,0.0771317883986307,0.0789718917837989,-0.112174013681924,TRUE,0.560219746872995,1.00153220953693,-0.0920562329112089,TRUE,0.396016443190617,1.00098783930402,-0.320513271870059,FALSE,0.61435232064267,1.00117257932321,0.0624320076194617,TRUE,0.530738963712729,1.00099060761185
543,"rand=1-1_rate=1.5_ROB=L_UH_Bias=NRE strong","1-1",1.5,"L_UH","NRE strong",0,0.048790164169432,0.0953101798043249,0.048790164169432,0.182321556793955,0.300104592450338,0.0730589831977349,0.0749303763540557,-0.0802914853752479,TRUE,0.513314568575298,1.00112276783129,-0.111541800943635,TRUE,0.406738999505074,1.00099588846624,-0.00504360693000616,TRUE,0.498074077961343,1.00107164697443,-0.209017947754368,TRUE,0.819390519650826,1.00106225995592
544,"rand=1-1_rate=1.5_ROB=L_UH_Bias=NRE strong","1-1",1.5,"L_UH","NRE strong",0,0.048790164169432,0.0953101798043249,0.048790164169432,0.182321556793955,0.300104592450338,0.0897167933868057,0.0901073810579988,0.0142760178621348,TRUE,0.418079285240517,1.00099518954663,-0.0547204264888879,TRUE,0.34212179566744,1.0010625934492,0.0822439980861643,TRUE,0.501216783487997,1.00108401269643,-0.1558225463949,TRUE,0.503910847057664,1.00100604556662
545,"rand=1-1_rate=1.5_ROB=L_UH_Bias=NRE strong","1-1",1.5,"L_UH","NRE strong",0,0.048790164169432,0.0953101798043249,0.048790164169432,0.182321556793955,0.300104592450338,0.0570284954227585,0.0588229292463211,-0.116188508797544,TRUE,0.452186688545378,1.00098821974463,-0.185817530612692,FALSE,0.275277224965983,1.00098662080715,-0.0354592950534429,TRUE,0.484171565540455,1.00128874156386,-0.242622746982821,FALSE,0.365002178852045,1.00098602939831
546,"rand=1-1_rate=1.5_ROB=L_UH_Bias=NRE strong","1-1",1.5,"L_UH","NRE strong",0,0.048790164169432,0.0953101798043249,0.048790164169432,0.182321556793955,0.300104592450338,0.0764529815023495,0.0773383642717017,0.0131045524933807,TRUE,0.433010570255808,1.00098626432508,-0.0600682905091459,TRUE,0.314487910566199,1.00129601437227,0.0798416576826004,TRUE,0.402628080802224,1.00128869693739,-0.149956223080528,TRUE,0.566990414450886,1.00102698819967
547,"rand=1-1_rate=1.5_ROB=L_UH_Bias=NRE strong","1-1",1.5,"L_UH","NRE strong",0,0.048790164169432,0.0953101798043249,0.048790164169432,0.182321556793955,0.300104592450338,0.0704552249680808,0.07189816759795,-0.00858244786930507,TRUE,0.4561924085033,1.00102762860447,0.0134038224838211,TRUE,0.300164589579695,1.00098799342302,0.0362048690404492,TRUE,0.531317155543523,1.00104379250784,-0.00103222302721151,TRUE,0.436736587123566,1.00099208504985
548,"rand=1-1_rate=1.5_ROB=L_UH_Bias=NRE strong","1-1",1.5,"L_UH","NRE strong",0,0.048790164169432,0.0953101798043249,0.048790164169432,0.182321556793955,0.300104592450338,0.0816602247832173,0.0839717322766858,-0.0221183300277576,TRUE,0.473090145933351,1.00098683702362,-0.0677275741431753,TRUE,0.355219922792578,1.00098992547452,-0.114637693070004,TRUE,0.54245757929958,1.00133705841003,-0.0336382910349413,TRUE,0.604142260909628,1.00104835204405
549,"rand=1-1_rate=1.5_ROB=L_UH_Bias=NRE strong","1-1",1.5,"L_UH","NRE strong",0,0.048790164169432,0.0953101798043249,0.048790164169432,0.182321556793955,0.300104592450338,0.0823230492183958,0.0844466995725732,0.0531693545520137,TRUE,0.405522654574271,1.0009967997079,-0.0411451021533509,TRUE,0.3901979209066,1.00098601824087,0.0608171801215666,TRUE,0.435829132429309,1.00106506501609,-0.153725874203034,TRUE,0.86721143207756,1.00098611447584
550,"rand=1-1_rate=1.5_ROB=L_UH_Bias=NRE strong","1-1",1.5,"L_UH","NRE strong",0,0.048790164169432,0.0953101798043249,0.048790164169432,0.182321556793955,0.300104592450338,0.0682441346614735,0.0698322848622058,0.0156620997982445,TRUE,0.493731902111478,1.00099297836545,-0.107448616079232,TRUE,0.459172084724162,1.00102913029675,0.0910180924151328,TRUE,0.38342309135253,1.00131181902829,-0.368747634049329,TRUE,1.24802649341991,1.0009860205728
551,"rand=1-1_rate=1.5_ROB=L_UH_Bias=NRE strong","1-1",1.5,"L_UH","NRE strong",0,0.048790164169432,0.0953101798043249,0.048790164169432,0.182321556793955,0.300104592450338,0.0765033547990917,0.0768037523562828,-0.135920359385907,TRUE,0.527884016108519,1.00098890926352,-0.189418905809837,FALSE,0.416298486206108,1.0009874083335,-0.191743971170846,TRUE,0.62062871407041,1.00101370112204,-0.186107524768357,TRUE,0.721030488120781,1.00101507723022
552,"rand=1-1_rate=1.5_ROB=L_UH_Bias=NRE strong","1-1",1.5,"L_UH","NRE strong",0,0.048790164169432,0.0953101798043249,0.048790164169432,0.182321556793955,0.300104592450338,0.0807163153313755,0.0827885143318702,-0.0153262840020114,TRUE,0.445817039036505,1.00098712360788,-0.104674498108855,TRUE,0.382749992539908,1.00098722577745,0.03001047139957,TRUE,0.446664191896903,1.00099615923518,-0.218469040224647,TRUE,0.767842258398348,1.00102014178943
553,"rand=1-1_rate=1.5_ROB=L_UH_Bias=NRE strong","1-1",1.5,"L_UH","NRE strong",0,0.048790164169432,0.0953101798043249,0.048790164169432,0.182321556793955,0.300104592450338,0.0834736620592439,0.0873416883764383,-0.151132449678048,TRUE,0.53856571932217,1.00099107657935,-0.185343094378178,TRUE,0.403800602627893,1.0010021156866,-0.170006191734476,TRUE,0.584906981285838,1.00109725597038,-0.198841361082446,TRUE,0.722598532522411,1.00098963698529
554,"rand=1-1_rate=1.5_ROB=L_UH_Bias=NRE strong","1-1",1.5,"L_UH","NRE strong",0,0.048790164169432,0.0953101798043249,0.048790164169432,0.182321556793955,0.300104592450338,0.0655011179351035,0.0658513033245016,-0.0463746264525902,TRUE,0.545833946388285,1.00099299521622,-0.011356499487488,TRUE,0.404333452564691,1.00100570975857,-0.0646809770161683,TRUE,0.546838921377575,1.00098925713725,0.0381604455034199,TRUE,0.760750336936242,1.00100443950379
555,"rand=1-1_rate=1.5_ROB=L_UH_Bias=NRE strong","1-1",1.5,"L_UH","NRE strong",0,0.048790164169432,0.0953101798043249,0.048790164169432,0.182321556793955,0.300104592450338,0.0686827659288718,0.0709083178533889,-0.00476411209708516,TRUE,0.395846964789846,1.00143483810768,-0.104952089000657,TRUE,0.447180601243685,1.00101449386355,-0.020562449625563,TRUE,0.512572994299888,1.000993662459,-0.21449485084751,TRUE,1.0130700510939,1.00098607229345
556,"rand=1-1_rate=1.5_ROB=L_UH_Bias=NRE strong","1-1",1.5,"L_UH","NRE strong",0,0.048790164169432,0.0953101798043249,0.048790164169432,0.182321556793955,0.300104592450338,0.0794154360348737,0.0804795099578685,0.0516290454982196,TRUE,0.471781291539199,1.00098616365897,0.0334238617188986,TRUE,0.336260035209164,1.0009883180564,-0.0181003758256801,TRUE,0.514698766225286,1.00107280304848,0.0695267624057332,TRUE,0.565662162271963,1.00098738533459
557,"rand=1-1_rate=1.5_ROB=L_UH_Bias=NRE strong","1-1",1.5,"L_UH","NRE strong",0,0.048790164169432,0.0953101798043249,0.048790164169432,0.182321556793955,0.300104592450338,0.0646921926021389,0.0663767974632245,-0.0685921753095171,TRUE,0.55790073470925,1.00099092504532,-0.0785887201310735,TRUE,0.445812645324734,1.0009978753557,0.0701057951869398,TRUE,0.511719907963438,1.00119325161142,-0.259297293176703,TRUE,0.902430731559467,1.00104461482881
558,"rand=1-1_rate=1.5_ROB=L_UH_Bias=NRE strong","1-1",1.5,"L_UH","NRE strong",0,0.048790164169432,0.0953101798043249,0.048790164169432,0.182321556793955,0.300104592450338,0.0722338652911322,0.0741443050884239,0.0343288673817355,TRUE,0.388240753330873,1.00105009724753,-0.0487695471420562,TRUE,0.393023868090287,1.00100480701549,0.0871627373585411,TRUE,0.449489175217233,1.00113115260948,-0.182523177813559,TRUE,0.805395561876105,1.00098857413967
559,"rand=1-1_rate=1.5_ROB=L_UH_Bias=NRE strong","1-1",1.5,"L_UH","NRE strong",0,0.048790164169432,0.0953101798043249,0.048790164169432,0.182321556793955,0.300104592450338,0.0779590866358063,0.0790179803971521,-0.108926556807374,TRUE,0.444531053200989,1.00110813093696,-0.17103386520915,FALSE,0.329225573581717,1.00107542860596,0.0166641984743782,TRUE,0.458200718699456,1.00124795471518,-0.272570443143076,FALSE,0.461045718212326,1.00098618887328
560,"rand=1-1_rate=1.5_ROB=L_UH_Bias=NRE strong","1-1",1.5,"L_UH","NRE strong",0,0.048790164169432,0.0953101798043249,0.048790164169432,0.182321556793955,0.300104592450338,0.0788558229517685,0.0802920517401475,0.0682221977193089,TRUE,0.420082329314926,1.0010045379487,-0.0431558340469529,TRUE,0.398489498202542,1.00098669534859,0.062504096645798,TRUE,0.489987792197363,1.00129845906953,-0.133764768882688,TRUE,0.778336738898872,1.0009862297205
561,"rand=1-1_rate=1.5_ROB=L_UH_Bias=NRE strong","1-1",1.5,"L_UH","NRE strong",0,0.048790164169432,0.0953101798043249,0.048790164169432,0.182321556793955,0.300104592450338,0.0666454204975521,0.0675130668131134,-0.086017048603767,TRUE,0.550163439554375,1.00099095401256,-0.152533823876899,TRUE,0.43895230098892,1.00099699349984,0.00406291595369812,TRUE,0.500676000481044,1.00099702284546,-0.319593257714645,TRUE,0.865676921686233,1.00101700547965
562,"rand=1-1_rate=1.5_ROB=L_UH_Bias=NRE strong","1-1",1.5,"L_UH","NRE strong",0,0.048790164169432,0.0953101798043249,0.048790164169432,0.182321556793955,0.300104592450338,0.0585563591669671,0.0634995954457281,0.0867358113682528,TRUE,0.435545260972091,1.00099690415063,0.0120533255684143,TRUE,0.396759256798095,1.00102215552285,0.0966187524363596,TRUE,0.382899106021584,1.00116474154889,-0.0742615775121096,TRUE,0.964845809164037,1.00098660220797
563,"rand=1-1_rate=1.5_ROB=L_UH_Bias=NRE strong","1-1",1.5,"L_UH","NRE strong",0,0.048790164169432,0.0953101798043249,0.048790164169432,0.182321556793955,0.300104592450338,0.0692173731601079,0.0714747103212114,-0.0287450337030664,TRUE,0.404278737305606,1.00104255462954,-0.113907619795426,TRUE,0.338176206218021,1.00100326275484,0.0780324699218401,TRUE,0.513404137738158,1.00116170728369,-0.233941877857463,FALSE,0.392853142874902,1.00099994944876
564,"rand=1-1_rate=1.5_ROB=L_UH_Bias=NRE strong","1-1",1.5,"L_UH","NRE strong",0,0.048790164169432,0.0953101798043249,0.048790164169432,0.182321556793955,0.300104592450338,0.0758954185242079,0.0763700532795125,-0.156413692452495,TRUE,0.536517676437635,1.00098783703151,-0.252263608767168,FALSE,0.466459646574992,1.00102567367787,-0.170626700229085,TRUE,0.544336731428496,1.0012402463351,-0.34080321115417,TRUE,1.04819429191259,1.00098599331982
565,"rand=1-1_rate=1.5_ROB=L_UH_Bias=NRE strong","1-1",1.5,"L_UH","NRE strong",0,0.048790164169432,0.0953101798043249,0.048790164169432,0.182321556793955,0.300104592450338,0.0666788770074082,0.0679322251090364,-0.101197535414131,TRUE,0.554354381996296,1.00127711010046,-0.196606865742165,TRUE,0.447398851580399,1.00109978522305,-0.0103138389261861,TRUE,0.507591721260806,1.00098606862185,-0.380771737796914,FALSE,0.84905740231991,1.00099804256592
566,"rand=1-1_rate=1.5_ROB=L_UH_Bias=NRE strong","1-1",1.5,"L_UH","NRE strong",0,0.048790164169432,0.0953101798043249,0.048790164169432,0.182321556793955,0.300104592450338,0.0755631339568892,0.0760347341736369,-0.0259152602217811,TRUE,0.44514765774373,1.00104938887952,-0.0813685964054853,TRUE,0.302069838338343,1.0010263954487,0.0590683534162736,TRUE,0.413227390429206,1.00102382601288,-0.16575064110119,TRUE,0.482005248170989,1.00098693486765
567,"rand=1-1_rate=1.5_ROB=L_UH_Bias=NRE strong","1-1",1.5,"L_UH","NRE strong",0,0.048790164169432,0.0953101798043249,0.048790164169432,0.182321556793955,0.300104592450338,0.0740961305485896,0.0752722874149094,-0.242199013990955,TRUE,0.718093042752792,1.00098637623547,-0.276819746768052,FALSE,0.560281785981035,1.00101319650113,-0.221792460609071,TRUE,0.779919126746309,1.00106211671859,-0.338695332193527,TRUE,1.05380395235656,1.00101444300991
568,"rand=1-1_rate=1.5_ROB=L_UH_Bias=NRE strong","1-1",1.5,"L_UH","NRE strong",0,0.048790164169432,0.0953101798043249,0.048790164169432,0.182321556793955,0.300104592450338,0.0757436051311261,0.0774903981397168,-0.0437970910942209,TRUE,0.511068978856424,1.00109926033669,-0.0883969103823925,TRUE,0.402464253027565,1.00099667486864,-0.175443342566928,TRUE,0.619775656978705,1.00113263551331,-0.0149353991253751,TRUE,0.664105333019762,1.00104426248205
569,"rand=1-1_rate=1.5_ROB=L_UH_Bias=NRE strong","1-1",1.5,"L_UH","NRE strong",0,0.048790164169432,0.0953101798043249,0.048790164169432,0.182321556793955,0.300104592450338,0.0776510726348522,0.0787605129009586,-0.142104851366268,TRUE,0.586700857249512,1.0010067127217,-0.198857952238982,TRUE,0.57566415893542,1.00098684189243,-0.10395034304699,TRUE,0.477155835089069,1.00101715769562,-0.347016219668304,TRUE,1.7688068415137,1.00098814916703
570,"rand=1-1_rate=1.5_ROB=L_UH_Bias=NRE strong","1-1",1.5,"L_UH","NRE strong",0,0.048790164169432,0.0953101798043249,0.048790164169432,0.182321556793955,0.300104592450338,0.0744467634561202,0.0778979989905504,-0.145198480101979,TRUE,0.522940053604219,1.00102073437471,-0.174595579214264,FALSE,0.372021948260119,1.00100728960379,-0.150995206217546,TRUE,0.531279957631371,1.00098997122616,-0.18514063479557,TRUE,0.666494836128496,1.00098603769709
571,"rand=1-1_rate=1.5_ROB=L_UH_Bias=NRE strong","1-1",1.5,"L_UH","NRE strong",0,0.048790164169432,0.0953101798043249,0.048790164169432,0.182321556793955,0.300104592450338,0.0713415399234402,0.0726068794588688,0.0159967070334535,TRUE,0.441165776189802,1.00152203930733,-0.0618119568409914,TRUE,0.335667495069246,1.0009871752393,0.12280908447089,TRUE,0.404021462157424,1.00170169400533,-0.193336721367675,TRUE,0.571616400758009,1.00098701817058
572,"rand=1-1_rate=1.5_ROB=L_UH_Bias=NRE strong","1-1",1.5,"L_UH","NRE strong",0,0.048790164169432,0.0953101798043249,0.048790164169432,0.182321556793955,0.300104592450338,0.0739256236557766,0.0752889472308156,-0.0927670670630352,TRUE,0.557603687751527,1.00107185532472,-0.0673140241906509,TRUE,0.414791753099266,1.00099571155155,-0.111913199804062,TRUE,0.767596419855502,1.00108807851036,-0.0384744088880742,TRUE,0.578118514652761,1.00098648590775
573,"rand=1-1_rate=1.5_ROB=L_UH_Bias=NRE strong","1-1",1.5,"L_UH","NRE strong",0,0.048790164169432,0.0953101798043249,0.048790164169432,0.182321556793955,0.300104592450338,0.086419045009611,0.0872797563950473,0.0329073510444284,TRUE,0.539987582482627,1.00104746811139,-0.0857775849126481,TRUE,0.450688353789507,1.00101099947091,0.177862034759378,TRUE,0.391771280723721,1.00242552316914,-0.416476354965911,FALSE,0.838739296012056,1.0009931433551
574,"rand=1-1_rate=1.5_ROB=L_UH_Bias=NRE strong","1-1",1.5,"L_UH","NRE strong",0,0.048790164169432,0.0953101798043249,0.048790164169432,0.182321556793955,0.300104592450338,0.0717144147531768,0.0732888325432704,-0.138248185259726,TRUE,0.478627258529928,1.00098753512523,-0.151373619711627,TRUE,0.450371839498655,1.0009860847282,-0.100327640281885,TRUE,0.89459206552404,1.00100939940625,-0.218182724977205,TRUE,0.485575312506575,1.00102299620973
575,"rand=1-1_rate=1.5_ROB=L_UH_Bias=NRE strong","1-1",1.5,"L_UH","NRE strong",0,0.048790164169432,0.0953101798043249,0.048790164169432,0.182321556793955,0.300104592450338,0.0677682534829273,0.0705719201462541,0.00424017517805553,TRUE,0.455497911603117,1.0012353342327,-0.0934816145123187,TRUE,0.386110937876761,1.00098635908767,0.028232085340082,TRUE,0.432597982825727,1.00114398567535,-0.197883283096237,TRUE,0.822200037346957,1.00101059021778
576,"rand=1-1_rate=1.5_ROB=L_UH_Bias=NRE strong","1-1",1.5,"L_UH","NRE strong",0,0.048790164169432,0.0953101798043249,0.048790164169432,0.182321556793955,0.300104592450338,0.069437057832507,0.0708582013610413,-0.0726642127203943,TRUE,0.542176328998665,1.00098603107146,-0.131051085084102,TRUE,0.444138474497106,1.000987763789,0.0399162041747982,TRUE,0.462193414660565,1.00117710078163,-0.323031383880724,TRUE,0.967617962355332,1.00098911363779
577,"rand=1-1_rate=1.5_ROB=L_UH_Bias=NRE strong","1-1",1.5,"L_UH","NRE strong",0,0.048790164169432,0.0953101798043249,0.048790164169432,0.182321556793955,0.300104592450338,0.076406081287485,0.0768817740699772,0.0146740058258019,TRUE,0.464391384011062,1.00136679268258,0.0584225750824139,TRUE,0.33472390451541,1.0009931916513,-0.0994531961431868,TRUE,0.49132636501022,1.00131749574328,0.164634861610519,TRUE,0.538811528382651,1.00098791717987
578,"rand=1-1_rate=1.5_ROB=L_UH_Bias=NRE strong","1-1",1.5,"L_UH","NRE strong",0,0.048790164169432,0.0953101798043249,0.048790164169432,0.182321556793955,0.300104592450338,0.0811083657845125,0.0820865928391466,-0.0310701249635494,TRUE,0.488453991480651,1.00126706200473,-0.0419768344993026,TRUE,0.377561825782091,1.00101941653484,-0.0935822102253705,TRUE,0.445744276549086,1.00233590544254,0.00329611057087431,TRUE,0.836144020025649,1.00098630891597
579,"rand=1-1_rate=1.5_ROB=L_UH_Bias=NRE strong","1-1",1.5,"L_UH","NRE strong",0,0.048790164169432,0.0953101798043249,0.048790164169432,0.182321556793955,0.300104592450338,0.0628579144212812,0.0656868200126888,-0.17304831513404,TRUE,0.523309964296075,1.00112849513066,-0.148418663276072,TRUE,0.346514251529778,1.00102174419333,-0.0961012364113156,TRUE,0.600664030247022,1.00110332987349,-0.184385549111866,TRUE,0.514413324473115,1.00100378624498
580,"rand=1-1_rate=1.5_ROB=L_UH_Bias=NRE strong","1-1",1.5,"L_UH","NRE strong",0,0.048790164169432,0.0953101798043249,0.048790164169432,0.182321556793955,0.300104592450338,0.0710177677418746,0.0734039670722843,-0.0696707273045978,TRUE,0.504045225895278,1.00106818815852,-0.135837809288637,TRUE,0.399699342508493,1.00100817103389,-0.0591678090782479,TRUE,0.528520267018392,1.000988344212,-0.195561509870499,TRUE,0.767075152855722,1.00114311672084
581,"rand=1-1_rate=1.5_ROB=L_UH_Bias=NRE strong","1-1",1.5,"L_UH","NRE strong",0,0.048790164169432,0.0953101798043249,0.048790164169432,0.182321556793955,0.300104592450338,0.0730969621396143,0.0742838935237212,0.00418507996705342,TRUE,0.359024581308608,1.00154306679166,-0.0755164299861613,TRUE,0.302947434207347,1.00100076252431,0.082806851330811,TRUE,0.402704975383992,1.00117208379248,-0.164165606604715,TRUE,0.522729519661403,1.00101776386549
582,"rand=1-1_rate=1.5_ROB=L_UH_Bias=NRE strong","1-1",1.5,"L_UH","NRE strong",0,0.048790164169432,0.0953101798043249,0.048790164169432,0.182321556793955,0.300104592450338,0.0704124675034079,0.0731789249867718,-0.0417594977532088,TRUE,0.501601916612573,1.00108947978243,-0.0803787576741055,TRUE,0.394949046281538,1.00100536542118,0.0891381332793163,TRUE,0.519437349687572,1.00105138995328,-0.238155484709501,TRUE,0.596543195713407,1.00099236986282
583,"rand=1-1_rate=1.5_ROB=L_UH_Bias=NRE strong","1-1",1.5,"L_UH","NRE strong",0,0.048790164169432,0.0953101798043249,0.048790164169432,0.182321556793955,0.300104592450338,0.0737505566187974,0.0747550811969997,-0.144696757725493,TRUE,0.49447753415748,1.00108697453097,-0.183581318059522,FALSE,0.332004198405292,1.00102505129426,-0.136126211725234,TRUE,0.529444481656582,1.00101003668013,-0.208450945880938,TRUE,0.549288301958042,1.00098664837453
584,"rand=1-1_rate=1.5_ROB=L_UH_Bias=NRE strong","1-1",1.5,"L_UH","NRE strong",0,0.048790164169432,0.0953101798043249,0.048790164169432,0.182321556793955,0.300104592450338,0.0802475930195643,0.0825591603316631,-0.219572412071799,TRUE,0.517291921180778,1.00113966288458,-0.207207445042317,FALSE,0.334449383441409,1.00105935125457,-0.183483361509947,TRUE,0.583122727956417,1.00111096175615,-0.222092580177482,TRUE,0.519511475402489,1.00099390220019
585,"rand=1-1_rate=1.5_ROB=L_UH_Bias=NRE strong","1-1",1.5,"L_UH","NRE strong",0,0.048790164169432,0.0953101798043249,0.048790164169432,0.182321556793955,0.300104592450338,0.0815851443872376,0.0857383868087911,0.0320417490849051,TRUE,0.401957350810367,1.00111172144787,-0.0304092095561879,TRUE,0.30188064098724,1.00099249817194,0.0612330350256393,TRUE,0.456430642854437,1.00171906207339,-0.0891302528976659,TRUE,0.469015965982672,1.00101305771912
586,"rand=1-1_rate=1.5_ROB=L_UH_Bias=NRE strong","1-1",1.5,"L_UH","NRE strong",0,0.048790164169432,0.0953101798043249,0.048790164169432,0.182321556793955,0.300104592450338,0.068970202703839,0.0706743956335196,-0.0418232594286605,TRUE,0.459988467760481,1.00098599365518,-0.084984546547358,TRUE,0.322479748404126,1.00098598994245,0.0383761327850174,TRUE,0.417809125053604,1.00179156156434,-0.167539306896572,TRUE,0.586092587452605,1.00098709996691
587,"rand=1-1_rate=1.5_ROB=L_UH_Bias=NRE strong","1-1",1.5,"L_UH","NRE strong",0,0.048790164169432,0.0953101798043249,0.048790164169432,0.182321556793955,0.300104592450338,0.0657438337614865,0.0666608599487042,0.0982618955875144,TRUE,0.433326974555859,1.0009866890535,0.0451762899722021,TRUE,0.346007077724578,1.00099969431173,0.032758469999894,TRUE,0.566690813259405,1.00102843452479,0.0563907691444413,TRUE,0.55698528248655,1.00098728336406
588,"rand=1-1_rate=1.5_ROB=L_UH_Bias=NRE strong","1-1",1.5,"L_UH","NRE strong",0,0.048790164169432,0.0953101798043249,0.048790164169432,0.182321556793955,0.300104592450338,0.0553258546252836,0.057345944533331,-0.0480567555612175,TRUE,0.461107458377247,1.00116273055065,-0.114401803559536,TRUE,0.353000532506124,1.00098786445193,-0.190473522390394,TRUE,0.527865991676394,1.0009877998023,-0.0749839629571143,TRUE,0.62545568290697,1.00099200104365
589,"rand=1-1_rate=1.5_ROB=L_UH_Bias=NRE strong","1-1",1.5,"L_UH","NRE strong",0,0.048790164169432,0.0953101798043249,0.048790164169432,0.182321556793955,0.300104592450338,0.0730713627037082,0.0751773007801692,-0.0442513066282819,TRUE,0.483017125085152,1.00106441924028,-0.0672421488864603,TRUE,0.361546481676809,1.0010133987883,-0.0182017563641983,TRUE,0.506948126817196,1.00127359286386,-0.111257762078057,TRUE,0.671396853169999,1.00101862736458
590,"rand=1-1_rate=1.5_ROB=L_UH_Bias=NRE strong","1-1",1.5,"L_UH","NRE strong",0,0.048790164169432,0.0953101798043249,0.048790164169432,0.182321556793955,0.300104592450338,0.0800184042144763,0.0807989748044852,0.0780774699076648,TRUE,0.444558090129484,1.00111092978654,-0.00269172082607616,TRUE,0.399286276419304,1.00102003786998,0.0667872366077343,TRUE,0.542785368534775,1.00098678194899,-0.074737327229474,TRUE,0.766106242224785,1.00098708202942
591,"rand=1-1_rate=1.5_ROB=L_UH_Bias=NRE strong","1-1",1.5,"L_UH","NRE strong",0,0.048790164169432,0.0953101798043249,0.048790164169432,0.182321556793955,0.300104592450338,0.0767359950374847,0.0789352116985967,-0.0136089662267367,TRUE,0.43698151686464,1.00099338443924,-0.173124129548819,TRUE,0.402500110739602,1.00099758123653,-0.246658272012573,FALSE,0.569220896536537,1.00137733452959,-0.11268290228795,TRUE,0.746300159519968,1.0010069266923
592,"rand=1-1_rate=1.5_ROB=L_UH_Bias=NRE strong","1-1",1.5,"L_UH","NRE strong",0,0.048790164169432,0.0953101798043249,0.048790164169432,0.182321556793955,0.300104592450338,0.0771609973272302,0.0779289713271736,0.00553182070613067,TRUE,0.426512841623098,1.00105951614656,-0.0511011358543076,TRUE,0.361324246181831,1.00106378944304,0.0295644604848841,TRUE,0.512804710086904,1.00174897449803,-0.115633048963289,TRUE,0.632273229280931,1.00100566214212
593,"rand=1-1_rate=1.5_ROB=L_UH_Bias=NRE strong","1-1",1.5,"L_UH","NRE strong",0,0.048790164169432,0.0953101798043249,0.048790164169432,0.182321556793955,0.300104592450338,0.0666441016137582,0.0670633847013096,-0.00837175628657172,TRUE,0.486075231552484,1.00120735138161,-0.0287198919316809,TRUE,0.364912890207203,1.00098635701091,-0.0210547325691697,TRUE,0.473678129469187,1.00114565411625,-0.0381656161037662,TRUE,0.711894270113672,1.00099580088598
594,"rand=1-1_rate=1.5_ROB=L_UH_Bias=NRE strong","1-1",1.5,"L_UH","NRE strong",0,0.048790164169432,0.0953101798043249,0.048790164169432,0.182321556793955,0.300104592450338,0.0748871658352762,0.0769643732668083,-0.072358028354951,TRUE,0.442668153875316,1.00113597829561,-0.108598933558884,TRUE,0.280251122155826,1.00100620727747,-0.00550610328119827,TRUE,0.497241880192727,1.00102821354508,-0.148367291088503,TRUE,0.371536200841616,1.00099172690004
595,"rand=1-1_rate=1.5_ROB=L_UH_Bias=NRE strong","1-1",1.5,"L_UH","NRE strong",0,0.048790164169432,0.0953101798043249,0.048790164169432,0.182321556793955,0.300104592450338,0.0468636685284728,0.0488819987404841,-0.221890045392012,TRUE,0.652965342079346,1.00106451913766,-0.266994600781117,FALSE,0.517903148856129,1.0009922946362,-0.246090451467297,TRUE,0.706510960520898,1.00098726069832,-0.284631713907147,TRUE,1.01000120071589,1.00099674486561
596,"rand=1-1_rate=1.5_ROB=L_UH_Bias=NRE strong","1-1",1.5,"L_UH","NRE strong",0,0.048790164169432,0.0953101798043249,0.048790164169432,0.182321556793955,0.300104592450338,0.0831001670748854,0.0845295449999453,0.0575972876650181,TRUE,0.394148102919372,1.00101384534345,-0.0478529100742686,TRUE,0.379196707477961,1.00098674980223,0.0993463405843628,TRUE,0.45618492194866,1.00128258097804,-0.174890255737909,TRUE,0.710412554283616,1.0009897530663
597,"rand=1-1_rate=1.5_ROB=L_UH_Bias=NRE strong","1-1",1.5,"L_UH","NRE strong",0,0.048790164169432,0.0953101798043249,0.048790164169432,0.182321556793955,0.300104592450338,0.0776467644267531,0.0792342240537955,-0.163963011218057,TRUE,0.565655128779412,1.00100987724089,-0.273782542440682,FALSE,0.546882933754005,1.00115129071061,-0.141135597371716,TRUE,0.625849252415378,1.00099354287527,-0.416960141197995,TRUE,1.20799080765098,1.00103562881756
598,"rand=1-1_rate=1.5_ROB=L_UH_Bias=NRE strong","1-1",1.5,"L_UH","NRE strong",0,0.048790164169432,0.0953101798043249,0.048790164169432,0.182321556793955,0.300104592450338,0.0749400526237131,0.076656797131647,0.0354908070179268,TRUE,0.421644180884512,1.00105398784981,-0.0211597720642096,TRUE,0.304240263068385,1.00098631061093,0.135624195559077,TRUE,0.474042918712531,1.00098783476891,-0.103473098122566,TRUE,0.38298560328674,1.00098693455451
599,"rand=1-1_rate=1.5_ROB=L_UH_Bias=NRE strong","1-1",1.5,"L_UH","NRE strong",0,0.048790164169432,0.0953101798043249,0.048790164169432,0.182321556793955,0.300104592450338,0.0637590050271043,0.0660321636255235,-0.0444956691176324,TRUE,0.535037947043775,1.00107824604943,-0.0911721878640837,TRUE,0.401763391308219,1.00103221550941,-0.0531539644098378,TRUE,0.596300411150009,1.00098600343238,-0.121069000274749,TRUE,0.697181883043537,1.00099587806234
600,"rand=1-1_rate=1.5_ROB=L_UH_Bias=NRE strong","1-1",1.5,"L_UH","NRE strong",0,0.048790164169432,0.0953101798043249,0.048790164169432,0.182321556793955,0.300104592450338,0.0649814124753931,0.0718083165835224,0.000924719876950308,TRUE,0.512854126762984,1.00098603518397,-0.0617723988733652,TRUE,0.432241443352671,1.0009873547125,-0.0224184127421676,TRUE,0.556429626953353,1.00116930322009,-0.0973239133718786,TRUE,0.880411429360267,1.00101198868775
601,"rand=1-1_rate=1.5_ROB=L_UH_Bias=NRE strong","1-1",1.5,"L_UH","NRE strong",0,0.048790164169432,0.0953101798043249,0.048790164169432,0.182321556793955,0.300104592450338,0.0637580580686728,0.0665591299382176,0.0769126783266125,TRUE,0.513293733708506,1.00104883487628,0.0642670328346041,TRUE,0.406621674798884,1.00098702390271,0.14693632446471,TRUE,0.633251247053623,1.00100028122042,-0.0279160306046682,TRUE,0.633577599573542,1.00104900651352
602,"rand=1-1_rate=1.5_ROB=L_UH_Bias=NRE strong","1-1",1.5,"L_UH","NRE strong",0,0.048790164169432,0.0953101798043249,0.048790164169432,0.182321556793955,0.300104592450338,0.0782124358137023,0.0796901335012267,-0.187555357567743,TRUE,0.597745815238682,1.00123406985467,-0.244919850113446,FALSE,0.479556440640871,1.00111904299878,-0.0958377481933315,TRUE,0.583458554885811,1.00098759257601,-0.396008261263513,FALSE,0.911479503650692,1.00101788872196
603,"rand=1-1_rate=1.5_ROB=L_UH_Bias=NRE strong","1-1",1.5,"L_UH","NRE strong",0,0.048790164169432,0.0953101798043249,0.048790164169432,0.182321556793955,0.300104592450338,0.0866019784709254,0.0872937349729613,-0.34390454366572,FALSE,0.650653428066956,1.00100021238103,-0.374593535898153,FALSE,0.5294357435645,1.00099766218813,-0.304208007411493,TRUE,0.83874601079568,1.00100578831637,-0.436448009419791,FALSE,0.839213897253039,1.00098617362302
604,"rand=1-1_rate=1.5_ROB=L_UH_Bias=NRE strong","1-1",1.5,"L_UH","NRE strong",0,0.048790164169432,0.0953101798043249,0.048790164169432,0.182321556793955,0.300104592450338,0.0871523207845656,0.0878854423067113,-0.0523247728985217,TRUE,0.402108953662672,1.00108507690634,-0.134898324755433,TRUE,0.349807411072282,1.00098605300746,-0.0510324383013765,TRUE,0.505818273758284,1.00114371868719,-0.191108341953119,TRUE,0.619857354720912,1.00106280975292
605,"rand=1-1_rate=1.5_ROB=L_UH_Bias=NRE strong","1-1",1.5,"L_UH","NRE strong",0,0.048790164169432,0.0953101798043249,0.048790164169432,0.182321556793955,0.300104592450338,0.0667496838111805,0.0690483167597276,-0.197752861792827,TRUE,0.701640276994743,1.00098643687403,-0.231871322639804,TRUE,0.577116608834398,1.00098871412174,-0.166326258167545,TRUE,0.760011079768437,1.00102293543017,-0.303843437746851,TRUE,1.21274420047382,1.00098848396263
606,"rand=1-1_rate=1.5_ROB=L_UH_Bias=NRE strong","1-1",1.5,"L_UH","NRE strong",0,0.048790164169432,0.0953101798043249,0.048790164169432,0.182321556793955,0.300104592450338,0.0848685266350623,0.0860056431567022,-0.0761235161161273,TRUE,0.509429747675349,1.00103549477022,-0.152689609781877,TRUE,0.48227184835533,1.0009996878163,-0.0277069176487843,TRUE,0.686186732723462,1.00099325669814,-0.29373760303855,TRUE,0.818192242141177,1.00100118878524
607,"rand=1-1_rate=1.5_ROB=L_UH_Bias=NRE strong","1-1",1.5,"L_UH","NRE strong",0,0.048790164169432,0.0953101798043249,0.048790164169432,0.182321556793955,0.300104592450338,0.0863239367310219,0.0873712516150563,-0.0889052732253583,TRUE,0.582827115965643,1.00098863539709,-0.208684397473626,TRUE,0.511733138838658,1.00101805652495,-0.0958826459603515,TRUE,0.706741130472844,1.00101491070507,-0.331495996520655,TRUE,0.929965174457015,1.00098752103196
608,"rand=1-1_rate=1.5_ROB=L_UH_Bias=NRE strong","1-1",1.5,"L_UH","NRE strong",0,0.048790164169432,0.0953101798043249,0.048790164169432,0.182321556793955,0.300104592450338,0.091621869588999,0.0922333232655308,0.0377645708613081,TRUE,0.366948794736421,1.0010112004862,-0.0640651033292992,TRUE,0.328872427032389,1.00098744555679,-0.0261645862043329,TRUE,0.520270141942769,1.00102326898852,-0.092032871583851,TRUE,0.540045844086308,1.00099916192628
609,"rand=1-1_rate=1.5_ROB=L_UH_Bias=NRE strong","1-1",1.5,"L_UH","NRE strong",0,0.048790164169432,0.0953101798043249,0.048790164169432,0.182321556793955,0.300104592450338,0.0703782228394472,0.0751031767358331,0.0917225809964095,TRUE,0.500548345291378,1.00099435539427,0.0252694862323304,TRUE,0.447157480225936,1.0010203961933,-0.0409423294533806,TRUE,0.563086100653662,1.0010774724333,0.105740230125806,TRUE,0.884979812825682,1.00099039362813
610,"rand=1-1_rate=1.5_ROB=L_UH_Bias=NRE strong","1-1",1.5,"L_UH","NRE strong",0,0.048790164169432,0.0953101798043249,0.048790164169432,0.182321556793955,0.300104592450338,0.0674287790704353,0.0701807189381208,0.137646724340433,TRUE,0.408640964605076,1.00104551657088,0.0276457824514728,TRUE,0.42348100641308,1.0010793500854,0.168872940145195,TRUE,0.389892268717571,1.0010554433743,-0.14515166816703,TRUE,1.07669362081727,1.00098618271492
611,"rand=1-1_rate=1.5_ROB=L_UH_Bias=NRE strong","1-1",1.5,"L_UH","NRE strong",0,0.048790164169432,0.0953101798043249,0.048790164169432,0.182321556793955,0.300104592450338,0.0759738483604701,0.0782569557838443,0.0354289613543397,TRUE,0.44962530782376,1.00119324344177,-0.0570656595772538,TRUE,0.39467026541586,1.00106016974624,0.0630698397823892,TRUE,0.468578575026242,1.00101679782906,-0.171676382348611,TRUE,0.784282096418615,1.00098637165919
612,"rand=1-1_rate=1.5_ROB=L_UH_Bias=NRE strong","1-1",1.5,"L_UH","NRE strong",0,0.048790164169432,0.0953101798043249,0.048790164169432,0.182321556793955,0.300104592450338,0.0647365474721109,0.0649876304975109,-0.043313604819357,TRUE,0.610472945005569,1.00099410434339,-0.0529525656486607,TRUE,0.462857159591059,1.00098898993298,-0.0991305734120043,TRUE,0.730565015851507,1.00101174240594,-0.00849625920915908,TRUE,0.786824895198802,1.0009861853107
613,"rand=1-1_rate=1.5_ROB=L_UH_Bias=NRE strong","1-1",1.5,"L_UH","NRE strong",0,0.048790164169432,0.0953101798043249,0.048790164169432,0.182321556793955,0.300104592450338,0.0675367170639679,0.0688194741752422,-0.086488883351626,TRUE,0.486645089569693,1.00150190743082,-0.132364724462529,TRUE,0.365396138656544,1.00099020462723,-0.176663268390324,TRUE,0.532956300111643,1.00110057757947,-0.106787349957289,TRUE,0.661762895721309,1.00099106974838
614,"rand=1-1_rate=1.5_ROB=L_UH_Bias=NRE strong","1-1",1.5,"L_UH","NRE strong",0,0.048790164169432,0.0953101798043249,0.048790164169432,0.182321556793955,0.300104592450338,0.0750684561695457,0.0772232764587025,0.0922557065887987,TRUE,0.470449290303092,1.00099708855984,0.0539067425230603,TRUE,0.413282860988349,1.000997473621,0.214710958777203,FALSE,0.351106895483545,1.0022310482477,-0.17922823063957,TRUE,1.05655768442674,1.00098692612971
615,"rand=1-1_rate=1.5_ROB=L_UH_Bias=NRE strong","1-1",1.5,"L_UH","NRE strong",0,0.048790164169432,0.0953101798043249,0.048790164169432,0.182321556793955,0.300104592450338,0.0678677379575881,0.0693949501567703,-0.289988065830898,TRUE,0.699668546906285,1.00103678131639,-0.318064238726026,FALSE,0.560107008266072,1.00107963392905,-0.314705711861489,TRUE,0.776413136839357,1.0013724633253,-0.318223288938609,TRUE,1.09360289822006,1.00103891697052
616,"rand=1-1_rate=1.5_ROB=L_UH_Bias=NRE strong","1-1",1.5,"L_UH","NRE strong",0,0.048790164169432,0.0953101798043249,0.048790164169432,0.182321556793955,0.300104592450338,0.0688850023269039,0.0711378713837711,-0.0842948814786748,TRUE,0.548384657826889,1.00100139024744,-0.124654117626749,TRUE,0.400969050587113,1.00100355566401,0.0178061773937183,TRUE,0.545744990839515,1.00099347554229,-0.244430050645059,TRUE,0.65618631811479,1.00111478563276
617,"rand=1-1_rate=1.5_ROB=L_UH_Bias=NRE strong","1-1",1.5,"L_UH","NRE strong",0,0.048790164169432,0.0953101798043249,0.048790164169432,0.182321556793955,0.300104592450338,0.0729560315635558,0.0730991160654248,-0.150812270158994,TRUE,0.517984671465022,1.00103525565074,-0.285484616668434,FALSE,0.430840481053548,1.00108789762871,-0.0366417887210484,TRUE,0.444222313422581,1.00119890251935,-0.498816688843357,FALSE,0.835446874839132,1.00102309523163
618,"rand=1-1_rate=1.5_ROB=L_UH_Bias=NRE strong","1-1",1.5,"L_UH","NRE strong",0,0.048790164169432,0.0953101798043249,0.048790164169432,0.182321556793955,0.300104592450338,0.0803549026023852,0.080830128667916,-0.0235047471281584,TRUE,0.471418091025257,1.00107271540493,-0.057740752970475,TRUE,0.376306441696329,1.00101886996502,-0.0581631588467419,TRUE,0.446220191478265,1.00124501748921,-0.067876827430227,TRUE,0.840536241356695,1.00098653179039
619,"rand=1-1_rate=1.5_ROB=L_UH_Bias=NRE strong","1-1",1.5,"L_UH","NRE strong",0,0.048790164169432,0.0953101798043249,0.048790164169432,0.182321556793955,0.300104592450338,0.0644316192817364,0.0659749351876691,0.0283349620303562,TRUE,0.381380540187185,1.00099620641508,-0.0830509887639255,TRUE,0.390015767248889,1.00099427716672,0.133374310467118,TRUE,0.376134453418481,1.00132586990884,-0.294941980079378,TRUE,0.798018363907946,1.00100112033934
620,"rand=1-1_rate=1.5_ROB=L_UH_Bias=NRE strong","1-1",1.5,"L_UH","NRE strong",0,0.048790164169432,0.0953101798043249,0.048790164169432,0.182321556793955,0.300104592450338,0.0682026860236295,0.0722751269493192,-0.143445250366574,TRUE,0.555281787561627,1.0009901809855,-0.135152169676762,TRUE,0.439755480762151,1.00099792882625,-0.0910387501573271,TRUE,0.552465975051426,1.00098686265608,-0.180347388825416,TRUE,0.910044185273983,1.00099928360942
621,"rand=1-1_rate=1.5_ROB=L_UH_Bias=NRE strong","1-1",1.5,"L_UH","NRE strong",0,0.048790164169432,0.0953101798043249,0.048790164169432,0.182321556793955,0.300104592450338,0.0617453867679186,0.0649151736883821,-0.0776285007537652,TRUE,0.571226192054933,1.00105672829877,-0.12365519213693,TRUE,0.463800637772723,1.00098788635179,0.0141082310443147,TRUE,0.610240875630779,1.00109570787451,-0.278712009014948,TRUE,0.867629983681271,1.0009910867782
622,"rand=1-1_rate=1.5_ROB=L_UH_Bias=NRE strong","1-1",1.5,"L_UH","NRE strong",0,0.048790164169432,0.0953101798043249,0.048790164169432,0.182321556793955,0.300104592450338,0.0704387700222261,0.0716442742593321,-0.0511792090973757,TRUE,0.537712423271703,1.00098895591653,-0.118418354633022,TRUE,0.465486056289997,1.00098730904288,-0.147125860368565,TRUE,0.547061522245367,1.00099032206887,-0.0866305495815878,TRUE,0.980868223877966,1.00098610027065
623,"rand=1-1_rate=1.5_ROB=L_UH_Bias=NRE strong","1-1",1.5,"L_UH","NRE strong",0,0.048790164169432,0.0953101798043249,0.048790164169432,0.182321556793955,0.300104592450338,0.0617580214006829,0.0624311801145734,-0.39782588364066,FALSE,0.636953066078369,1.00115484919723,-0.303023900680452,FALSE,0.495722876073822,1.00099817170955,-0.358601622837212,FALSE,0.659702680385933,1.00114330448376,-0.249392201577038,TRUE,0.950262629704608,1.00098831368313
624,"rand=1-1_rate=1.5_ROB=L_UH_Bias=NRE strong","1-1",1.5,"L_UH","NRE strong",0,0.048790164169432,0.0953101798043249,0.048790164169432,0.182321556793955,0.300104592450338,0.0746364527591995,0.0775179898421206,-0.104846307095199,TRUE,0.511358013588424,1.0010056694316,-0.129150381507013,TRUE,0.380370541410981,1.00100681818922,-0.0818811139559019,TRUE,0.491679328540239,1.0010395664283,-0.16404720625951,TRUE,0.746538120637802,1.00099120949941
625,"rand=1-1_rate=1.5_ROB=L_UH_Bias=NRE strong","1-1",1.5,"L_UH","NRE strong",0,0.048790164169432,0.0953101798043249,0.048790164169432,0.182321556793955,0.300104592450338,0.0647776272943932,0.0656480533311781,0.00213376814490829,TRUE,0.51814216574476,1.0010153750644,-0.139475573610453,TRUE,0.479191373023128,1.00120575387625,-0.214314698196033,TRUE,0.783508256557766,1.00100267331232,-0.0724126934260623,TRUE,0.76927448152922,1.00101829428398
626,"rand=1-1_rate=1.5_ROB=L_UH_Bias=NRE strong","1-1",1.5,"L_UH","NRE strong",0,0.048790164169432,0.0953101798043249,0.048790164169432,0.182321556793955,0.300104592450338,0.0821300959364568,0.0822880707234086,-0.153682251507103,TRUE,0.588690489767259,1.00102599295014,-0.184504322542203,TRUE,0.430447606381155,1.00099442281498,-0.127837466138795,TRUE,0.646396738423572,1.00098716736836,-0.233744921596833,TRUE,0.747402417366426,1.00100472526881
627,"rand=1-1_rate=1.5_ROB=L_UH_Bias=NRE strong","1-1",1.5,"L_UH","NRE strong",0,0.048790164169432,0.0953101798043249,0.048790164169432,0.182321556793955,0.300104592450338,0.077231935413235,0.078643517469791,-0.0361069331502883,TRUE,0.626420396818657,1.00112239990234,-0.0990465870349004,TRUE,0.547310100059382,1.00098921783301,-0.186522615203595,TRUE,0.707014146227417,1.00102116712697,-0.00186446244212601,TRUE,1.06122856592812,1.00103236603222
628,"rand=1-1_rate=1.5_ROB=L_UH_Bias=NRE strong","1-1",1.5,"L_UH","NRE strong",0,0.048790164169432,0.0953101798043249,0.048790164169432,0.182321556793955,0.300104592450338,0.0752236310356642,0.0771695902255792,-0.0920199354702935,TRUE,0.486309812830386,1.00146265772475,-0.15986347246879,TRUE,0.400119699249913,1.00100144399755,-0.0685858806377302,TRUE,0.582735622384664,1.00106781815198,-0.235495072094646,TRUE,0.667505103776231,1.00099519649579
629,"rand=1-1_rate=1.5_ROB=L_UH_Bias=NRE strong","1-1",1.5,"L_UH","NRE strong",0,0.048790164169432,0.0953101798043249,0.048790164169432,0.182321556793955,0.300104592450338,0.0817674400629143,0.082175838058121,-0.132011814830037,TRUE,0.510595110438444,1.00108722143157,-0.21666876589556,TRUE,0.487422806729226,1.0009862065888,-0.196544058981746,TRUE,0.82186005598039,1.0009951733723,-0.226288660206643,TRUE,0.73721679044486,1.00098695889186
630,"rand=1-1_rate=1.5_ROB=L_UH_Bias=NRE strong","1-1",1.5,"L_UH","NRE strong",0,0.048790164169432,0.0953101798043249,0.048790164169432,0.182321556793955,0.300104592450338,0.0680890246858443,0.0701948154358454,0.0523186842192359,TRUE,0.40784788271987,1.00103022926157,0.0593944716833714,TRUE,0.355216027434614,1.00098827779822,0.148711468640835,TRUE,0.512320740338083,1.00099074156976,-0.0258370768189939,TRUE,0.598296030697117,1.00098603991329
631,"rand=1-1_rate=1.5_ROB=L_UH_Bias=NRE strong","1-1",1.5,"L_UH","NRE strong",0,0.048790164169432,0.0953101798043249,0.048790164169432,0.182321556793955,0.300104592450338,0.0782562198417621,0.0788322872923921,-0.0766862649677564,TRUE,0.526440856565107,1.00101530337101,-0.109016096022108,TRUE,0.393112188791463,1.00098621640728,-0.232482969359677,TRUE,0.545310422563153,1.00181338622001,-0.0165666067851464,TRUE,0.698952899437361,1.00098807496021
632,"rand=1-1_rate=1.5_ROB=L_UH_Bias=NRE strong","1-1",1.5,"L_UH","NRE strong",0,0.048790164169432,0.0953101798043249,0.048790164169432,0.182321556793955,0.300104592450338,0.0683450003666455,0.0714593459143088,-0.00906279356248718,TRUE,0.496539263629504,1.00107139296513,-0.149533892179104,TRUE,0.481080027820646,1.00123970891993,-0.0135211196983713,TRUE,0.532739121098505,1.00099503764212,-0.291262844248505,TRUE,1.05280378647343,1.00099852293831
633,"rand=1-1_rate=1.5_ROB=L_UH_Bias=NRE strong","1-1",1.5,"L_UH","NRE strong",0,0.048790164169432,0.0953101798043249,0.048790164169432,0.182321556793955,0.300104592450338,0.0641404926409744,0.0647772647608145,-0.217159467374975,TRUE,0.546799490829409,1.00128051957762,-0.298953992303564,FALSE,0.402370280604183,1.00117393777123,-0.123589718236946,TRUE,0.519865384310052,1.00109028023175,-0.422875209396187,FALSE,0.699075554603398,1.0009958138527
634,"rand=1-1_rate=1.5_ROB=L_UH_Bias=NRE strong","1-1",1.5,"L_UH","NRE strong",0,0.048790164169432,0.0953101798043249,0.048790164169432,0.182321556793955,0.300104592450338,0.072861779506538,0.0761089679298228,-0.092536739839935,TRUE,0.602790841363677,1.00102986891364,-0.156791545970949,TRUE,0.50071443159112,1.00098602966991,-0.106858310691599,TRUE,0.660131200015858,1.00098712144786,-0.213244863713672,TRUE,1.01516915759268,1.00104723882866
635,"rand=1-1_rate=1.5_ROB=L_UH_Bias=NRE strong","1-1",1.5,"L_UH","NRE strong",0,0.048790164169432,0.0953101798043249,0.048790164169432,0.182321556793955,0.300104592450338,0.0773111045302272,0.0782594419552789,-0.111300812361989,TRUE,0.493987102007392,1.00106670848999,-0.22618657893841,FALSE,0.420137904881192,1.00101495311324,-0.221057955404602,TRUE,0.557414384640043,1.00104959111773,-0.227693533107452,TRUE,0.861708690917892,1.00102131462321
636,"rand=1-1_rate=1.5_ROB=L_UH_Bias=NRE strong","1-1",1.5,"L_UH","NRE strong",0,0.048790164169432,0.0953101798043249,0.048790164169432,0.182321556793955,0.300104592450338,0.0728835798473424,0.0744318101685707,-0.0190578532290926,TRUE,0.387961637383008,1.00109132311094,-0.0976142299969347,TRUE,0.403765290260386,1.00098733800813,0.0938308201222725,TRUE,0.417112150218797,1.00100647539219,-0.286659792356759,TRUE,0.806418746083714,1.00098601397438
637,"rand=1-1_rate=1.5_ROB=L_UH_Bias=NRE strong","1-1",1.5,"L_UH","NRE strong",0,0.048790164169432,0.0953101798043249,0.048790164169432,0.182321556793955,0.300104592450338,0.0809921455193723,0.0820738312521781,0.0427674572738507,TRUE,0.498696051498072,1.00106917801624,-0.00580802803586078,TRUE,0.389275457383003,1.00098805907753,-0.0388784364440284,TRUE,0.537387937247413,1.00111523231551,0.0259723916507772,TRUE,0.730395626624097,1.00098957902872
638,"rand=1-1_rate=1.5_ROB=L_UH_Bias=NRE strong","1-1",1.5,"L_UH","NRE strong",0,0.048790164169432,0.0953101798043249,0.048790164169432,0.182321556793955,0.300104592450338,0.073233338852988,0.0737176437461299,-0.0271200321168388,TRUE,0.438190791610372,1.00098603719534,-0.0878337250381735,TRUE,0.325624313050114,1.00110309742622,-0.01967465827732,TRUE,0.446677875143593,1.00100613336076,-0.1335639006489,TRUE,0.601276669719955,1.00110824593543
639,"rand=1-1_rate=1.5_ROB=L_UH_Bias=NRE strong","1-1",1.5,"L_UH","NRE strong",0,0.048790164169432,0.0953101798043249,0.048790164169432,0.182321556793955,0.300104592450338,0.058749792230177,0.0600602272600774,0.0403302284130357,TRUE,0.383853838977719,1.00115459610212,-0.0716134078689981,TRUE,0.304908834935843,1.00099165733456,0.0782586087170524,TRUE,0.434297211058604,1.00100902467192,-0.154454776669312,TRUE,0.460647601401143,1.00099870533089
640,"rand=1-1_rate=1.5_ROB=L_UH_Bias=NRE strong","1-1",1.5,"L_UH","NRE strong",0,0.048790164169432,0.0953101798043249,0.048790164169432,0.182321556793955,0.300104592450338,0.0695538686413488,0.0722189950764613,-0.120114495282886,TRUE,0.495549765269259,1.00099884071033,-0.167898137519182,TRUE,0.373909610478646,1.00100336354205,-0.123948697791897,TRUE,0.513287526560182,1.00100936459265,-0.198693728785895,TRUE,0.715768368481942,1.00098642695363
641,"rand=1-1_rate=1.5_ROB=L_UH_Bias=NRE strong","1-1",1.5,"L_UH","NRE strong",0,0.048790164169432,0.0953101798043249,0.048790164169432,0.182321556793955,0.300104592450338,0.0770366997987818,0.0778906959440053,-0.0797874621882757,TRUE,0.582669857542575,1.00102095633498,-0.200123542383345,TRUE,0.507979011891643,1.00098777852539,-0.0516244830018922,TRUE,0.527041942747391,1.00100962339262,-0.358786323039177,TRUE,1.15072627713994,1.00107617776466
642,"rand=1-1_rate=1.5_ROB=L_UH_Bias=NRE strong","1-1",1.5,"L_UH","NRE strong",0,0.048790164169432,0.0953101798043249,0.048790164169432,0.182321556793955,0.300104592450338,0.070116569259889,0.0728859109319083,-0.038538473859367,TRUE,0.521023231850361,1.001003494799,-0.084274765026211,TRUE,0.440352196468178,1.00105027138671,-0.0582763110882736,TRUE,0.506742167102319,1.0010233322364,-0.116727624252923,TRUE,1.00062695694528,1.0009996922783
643,"rand=1-1_rate=1.5_ROB=L_UH_Bias=NRE strong","1-1",1.5,"L_UH","NRE strong",0,0.048790164169432,0.0953101798043249,0.048790164169432,0.182321556793955,0.300104592450338,0.0907839424136918,0.091286110037754,-0.133041670965394,TRUE,0.564905889115387,1.00099544748795,-0.163608581980841,TRUE,0.455233199010443,1.00098620282029,-0.0936170362090858,TRUE,0.48793400278127,1.00098599175251,-0.253322167042794,TRUE,1.11261947142806,1.00100814039607
644,"rand=1-1_rate=1.5_ROB=L_UH_Bias=NRE strong","1-1",1.5,"L_UH","NRE strong",0,0.048790164169432,0.0953101798043249,0.048790164169432,0.182321556793955,0.300104592450338,0.0785028705331645,0.080251529967297,-0.107864727228243,TRUE,0.535272016472211,1.00099449173698,-0.211642654964632,FALSE,0.442161480782381,1.00101225476503,-0.142626615334884,TRUE,0.609661051402334,1.00106100901822,-0.270890567513255,TRUE,0.82075098982845,1.0010110064113
645,"rand=1-1_rate=1.5_ROB=L_UH_Bias=NRE strong","1-1",1.5,"L_UH","NRE strong",0,0.048790164169432,0.0953101798043249,0.048790164169432,0.182321556793955,0.300104592450338,0.0757941582718768,0.0775618757651218,-0.0952153834705241,TRUE,0.552329905394391,1.00113367886976,-0.141530670434829,TRUE,0.449102397624306,1.00104173240566,-0.0813667911689393,TRUE,0.531621374975313,1.00099029566335,-0.202623202277436,TRUE,0.966631663237459,1.00101747843285
646,"rand=1-1_rate=1.5_ROB=L_UH_Bias=NRE strong","1-1",1.5,"L_UH","NRE strong",0,0.048790164169432,0.0953101798043249,0.048790164169432,0.182321556793955,0.300104592450338,0.0679538028610562,0.0705438421424421,-0.158491363062727,TRUE,0.563844405554955,1.00103663822035,-0.254198308768716,FALSE,0.473197055399613,1.0010407957899,-0.0323864899869999,TRUE,0.463377444811461,1.00123899552352,-0.480765965288377,FALSE,1.01146797347706,1.00098935963682
647,"rand=1-1_rate=1.5_ROB=L_UH_Bias=NRE strong","1-1",1.5,"L_UH","NRE strong",0,0.048790164169432,0.0953101798043249,0.048790164169432,0.182321556793955,0.300104592450338,0.0712156947884426,0.0717431770749617,0.0544112429501763,TRUE,0.458419646124451,1.00119640783698,0.0189371658524642,TRUE,0.406608603983403,1.00104044011588,-0.00546725165784601,TRUE,0.489516470310508,1.0010261056009,0.0532761437726957,TRUE,0.847520807414337,1.00103954131568
648,"rand=1-1_rate=1.5_ROB=L_UH_Bias=NRE strong","1-1",1.5,"L_UH","NRE strong",0,0.048790164169432,0.0953101798043249,0.048790164169432,0.182321556793955,0.300104592450338,0.0680621361966097,0.0693691204771289,-0.0246445548661616,TRUE,0.455273184106428,1.00117058468418,-0.113763136864637,TRUE,0.374247219996528,1.00103382043539,0.0431284473761088,TRUE,0.42483913581597,1.00165535190828,-0.247607084414907,TRUE,0.837428721149301,1.00099641064723
649,"rand=1-1_rate=1.5_ROB=L_UH_Bias=NRE strong","1-1",1.5,"L_UH","NRE strong",0,0.048790164169432,0.0953101798043249,0.048790164169432,0.182321556793955,0.300104592450338,0.0646996125027009,0.0678028538069088,-0.18368428255029,TRUE,0.545719954717391,1.00098759985832,-0.193054443932977,FALSE,0.378736856761671,1.00106114655775,0.00243394910991557,TRUE,0.463559865197598,1.00202448748723,-0.338575776215011,FALSE,0.630612085063117,1.00098849464785
650,"rand=1-1_rate=1.5_ROB=L_UH_Bias=NRE strong","1-1",1.5,"L_UH","NRE strong",0,0.048790164169432,0.0953101798043249,0.048790164169432,0.182321556793955,0.300104592450338,0.0750323289687721,0.0770319809064738,0.0546487145767335,TRUE,0.463675764266608,1.00110009113742,-0.0168565953646598,TRUE,0.390262378534802,1.0009905693685,0.0380482622576819,TRUE,0.540003881407964,1.00117105684656,-0.0738973843849073,TRUE,0.740516932971343,1.00101441886733
651,"rand=1-1_rate=1.5_ROB=L_UH_Bias=NRE strong","1-1",1.5,"L_UH","NRE strong",0,0.048790164169432,0.0953101798043249,0.048790164169432,0.182321556793955,0.300104592450338,0.062242155199464,0.0677748856040264,0.112380210274491,TRUE,0.445059647908916,1.00099357726723,0.0364943174640053,TRUE,0.376029661419517,1.00100823781422,0.147012773833188,TRUE,0.432121554960496,1.00130443662645,-0.0763198106336835,TRUE,0.763623637184974,1.00100731495809
652,"rand=1-1_rate=1.5_ROB=L_UH_Bias=NRE strong","1-1",1.5,"L_UH","NRE strong",0,0.048790164169432,0.0953101798043249,0.048790164169432,0.182321556793955,0.300104592450338,0.0633828731880999,0.0691160780210674,-0.134336507148378,TRUE,0.46262331190577,1.00107453980513,-0.114748009151574,TRUE,0.312596096823384,1.00120295424281,-0.0879916797809859,TRUE,0.597650045334111,1.00104471771138,-0.124694542412803,TRUE,0.437895610868556,1.00098601047046
653,"rand=1-1_rate=1.5_ROB=L_UH_Bias=NRE strong","1-1",1.5,"L_UH","NRE strong",0,0.048790164169432,0.0953101798043249,0.048790164169432,0.182321556793955,0.300104592450338,0.0610726389988678,0.0613541398771898,-0.0261969869373802,TRUE,0.436298692047894,1.00115077706584,-0.0493672213608962,TRUE,0.271103667587034,1.00121106149373,-0.140251724086246,TRUE,0.54324677330391,1.00124587533691,-0.0126443213988601,TRUE,0.356119752121533,1.00103495076051
654,"rand=1-1_rate=1.5_ROB=L_UH_Bias=NRE strong","1-1",1.5,"L_UH","NRE strong",0,0.048790164169432,0.0953101798043249,0.048790164169432,0.182321556793955,0.300104592450338,0.0840406643448177,0.0866199952577203,0.0860587330560416,TRUE,0.474827873214029,1.00098660968624,0.0254381630109873,TRUE,0.383999542723222,1.00101644137538,0.25687367505642,FALSE,0.370726469088857,1.00114331586725,-0.238274127289724,TRUE,0.56569632654371,1.00098708668594
655,"rand=1-1_rate=1.5_ROB=L_UH_Bias=NRE strong","1-1",1.5,"L_UH","NRE strong",0,0.048790164169432,0.0953101798043249,0.048790164169432,0.182321556793955,0.300104592450338,0.075851524956973,0.0763154950955849,-0.138353809298383,TRUE,0.570273094965789,1.00102231050089,-0.0899551137477821,TRUE,0.38531091227176,1.00103144181552,0.0111445435822493,TRUE,0.479369187401012,1.00104311914835,-0.172046474933182,TRUE,0.764441247058018,1.00102806143161
656,"rand=1-1_rate=1.5_ROB=L_UH_Bias=NRE strong","1-1",1.5,"L_UH","NRE strong",0,0.048790164169432,0.0953101798043249,0.048790164169432,0.182321556793955,0.300104592450338,0.0643564892016026,0.0655659024234862,-0.291890924466783,FALSE,0.593575024723736,1.00103797216549,-0.385057975603522,FALSE,0.456484866369372,1.00099763094793,-0.228317687876781,TRUE,0.598514814003537,1.00099461380804,-0.500060417743144,FALSE,0.804063032687528,1.00099291049699
657,"rand=1-1_rate=1.5_ROB=L_UH_Bias=NRE strong","1-1",1.5,"L_UH","NRE strong",0,0.048790164169432,0.0953101798043249,0.048790164169432,0.182321556793955,0.300104592450338,0.0764841286365213,0.0796981929925054,-0.0694685031913265,TRUE,0.47288750528985,1.00098602876652,-0.122686986582839,TRUE,0.39692238615756,1.00098709213607,-0.0522237544574697,TRUE,0.547864369763756,1.00103050054979,-0.181120879410607,TRUE,0.706388296987836,1.00106834839127
658,"rand=1-1_rate=1.5_ROB=L_UH_Bias=NRE strong","1-1",1.5,"L_UH","NRE strong",0,0.048790164169432,0.0953101798043249,0.048790164169432,0.182321556793955,0.300104592450338,0.0720303689905713,0.0731184252320249,-0.118934775912835,TRUE,0.684386445628875,1.00139206547578,-0.179139703678724,TRUE,0.599532292594044,1.00098839306943,0.000667377750834031,TRUE,0.702467877334277,1.00100622276699,-0.428893434230555,TRUE,1.30303614700067,1.00098670559766
659,"rand=1-1_rate=1.5_ROB=L_UH_Bias=NRE strong","1-1",1.5,"L_UH","NRE strong",0,0.048790164169432,0.0953101798043249,0.048790164169432,0.182321556793955,0.300104592450338,0.0720623126642587,0.0734652253952064,-0.139209236285513,TRUE,0.470978327864911,1.00142172569405,-0.227083718064871,FALSE,0.390724114012923,1.00104033158835,-0.0672189531084797,TRUE,0.452534754282571,1.00107872484783,-0.348382617400375,FALSE,0.81612237389532,1.00098752239239
660,"rand=1-1_rate=1.5_ROB=L_UH_Bias=NRE strong","1-1",1.5,"L_UH","NRE strong",0,0.048790164169432,0.0953101798043249,0.048790164169432,0.182321556793955,0.300104592450338,0.0788089641557668,0.0794395607369838,-0.034048358833658,TRUE,0.43834063376095,1.0010568599324,-0.0518085646874682,TRUE,0.266330898572944,1.00098723544006,-0.0197469575153553,TRUE,0.500377853724002,1.00110119244202,-0.065919518916709,TRUE,0.387903291857731,1.00098715045487
661,"rand=1-1_rate=1.5_ROB=L_UH_Bias=NRE strong","1-1",1.5,"L_UH","NRE strong",0,0.048790164169432,0.0953101798043249,0.048790164169432,0.182321556793955,0.300104592450338,0.0720675449308485,0.0728021919546036,0.00466012090963264,TRUE,0.498392538275839,1.00102492507097,-0.0747050206031763,TRUE,0.450250342633137,1.0009916818003,-0.0131212899266901,TRUE,0.465271888912084,1.00098658160919,-0.144773554939436,TRUE,1.11340249924106,1.00098962547831
662,"rand=1-1_rate=1.5_ROB=L_UH_Bias=NRE strong","1-1",1.5,"L_UH","NRE strong",0,0.048790164169432,0.0953101798043249,0.048790164169432,0.182321556793955,0.300104592450338,0.0595301275298003,0.0631651813383552,-0.00146872341384374,TRUE,0.498950502568398,1.00103207716793,-0.0563078653935334,TRUE,0.421703077861341,1.0009899305484,-0.0441802402178264,TRUE,0.545192926751868,1.00137650066837,-0.0684250015340482,TRUE,0.856480603662893,1.00110395130467
663,"rand=1-1_rate=1.5_ROB=L_UH_Bias=NRE strong","1-1",1.5,"L_UH","NRE strong",0,0.048790164169432,0.0953101798043249,0.048790164169432,0.182321556793955,0.300104592450338,0.0663584673225669,0.0710072252129898,-0.14857771214302,TRUE,0.560918561585219,1.00098725628309,-0.158519557573938,TRUE,0.393286809635578,1.00100040373331,0.0124493412108444,TRUE,0.462738965668616,1.00154948132168,-0.303917570750544,TRUE,0.729215239734002,1.00098602943852
664,"rand=1-1_rate=1.5_ROB=L_UH_Bias=NRE strong","1-1",1.5,"L_UH","NRE strong",0,0.048790164169432,0.0953101798043249,0.048790164169432,0.182321556793955,0.300104592450338,0.0750816557163419,0.0779831254704801,-0.0029366682279468,TRUE,0.436470278545018,1.00109268994442,-0.0944963174096913,TRUE,0.347159833584331,1.00101253962027,-0.0060483424923079,TRUE,0.478872404678791,1.00107048787367,-0.15554910187806,TRUE,0.625214363219409,1.00099697507005
665,"rand=1-1_rate=1.5_ROB=L_UH_Bias=NRE strong","1-1",1.5,"L_UH","NRE strong",0,0.048790164169432,0.0953101798043249,0.048790164169432,0.182321556793955,0.300104592450338,0.0744453289903659,0.0753772238287294,0.0252087689160987,TRUE,0.519714944257698,1.00102403410629,-0.0952467014930567,TRUE,0.455577485039989,1.00098693627809,0.129324646285736,TRUE,0.429341420716682,1.00104450324784,-0.368245273952508,TRUE,0.936447519599471,1.0009860112745
666,"rand=1-1_rate=1.5_ROB=L_UH_Bias=NRE strong","1-1",1.5,"L_UH","NRE strong",0,0.048790164169432,0.0953101798043249,0.048790164169432,0.182321556793955,0.300104592450338,0.0712133198086959,0.0713505096258959,0.0178015203291725,TRUE,0.419395670662261,1.00098620163907,-0.0500090536703877,TRUE,0.343653927990414,1.00099247734281,0.0533232747435393,TRUE,0.486975969008734,1.00127714870297,-0.126188649656874,TRUE,0.576617365362321,1.00098598998826
667,"rand=1-1_rate=1.5_ROB=L_UH_Bias=NRE strong","1-1",1.5,"L_UH","NRE strong",0,0.048790164169432,0.0953101798043249,0.048790164169432,0.182321556793955,0.300104592450338,0.0675962959331874,0.0693934555077673,-0.100080355575559,TRUE,0.437947945250882,1.00103437425872,-0.0816552135707214,TRUE,0.266571492876299,1.00102764157799,-0.126713825824887,TRUE,0.548416059402777,1.0009867009197,-0.0666075499327323,TRUE,0.363591058944728,1.00113328562953
668,"rand=1-1_rate=1.5_ROB=L_UH_Bias=NRE strong","1-1",1.5,"L_UH","NRE strong",0,0.048790164169432,0.0953101798043249,0.048790164169432,0.182321556793955,0.300104592450338,0.077302633552632,0.0779061888810506,-0.201941664477551,TRUE,0.543917042634776,1.00100967513045,-0.178915330892197,TRUE,0.346997731897424,1.0010343010191,0.0120097592687949,TRUE,0.550569733234881,1.00098829948603,-0.287865356825812,FALSE,0.418362174391067,1.00100594133521
669,"rand=1-1_rate=1.5_ROB=L_UH_Bias=NRE strong","1-1",1.5,"L_UH","NRE strong",0,0.048790164169432,0.0953101798043249,0.048790164169432,0.182321556793955,0.300104592450338,0.0981625182811083,0.0999071382613608,-0.0598300781939711,TRUE,0.409626840128134,1.0011828151237,-0.166581867472975,FALSE,0.3275849776253,1.00098599069278,-0.0774642694222778,TRUE,0.497606932701123,1.00103747679373,-0.213172398494485,TRUE,0.539331818579921,1.00099122059674
670,"rand=1-1_rate=1.5_ROB=L_UH_Bias=NRE strong","1-1",1.5,"L_UH","NRE strong",0,0.048790164169432,0.0953101798043249,0.048790164169432,0.182321556793955,0.300104592450338,0.056678201437468,0.0607865124901213,-0.356592595413104,FALSE,0.632746023763186,1.00155867046933,-0.240562792011239,FALSE,0.349571279899335,1.00098757094139,-0.39434040070641,FALSE,0.672651680522395,1.00115574686692,-0.174739680876566,TRUE,0.459990844187517,1.00098923724011
671,"rand=1-1_rate=1.5_ROB=L_UH_Bias=NRE strong","1-1",1.5,"L_UH","NRE strong",0,0.048790164169432,0.0953101798043249,0.048790164169432,0.182321556793955,0.300104592450338,0.0701587628988469,0.0719449635864681,0.108588604060365,TRUE,0.42345014928392,1.0010480262459,0.0340319967383944,TRUE,0.36298989130895,1.00099128654962,0.171779882570815,TRUE,0.403612356700473,1.00139969782625,-0.102680926648542,TRUE,0.71202946135742,1.0010818608656
672,"rand=1-1_rate=1.5_ROB=L_UH_Bias=NRE strong","1-1",1.5,"L_UH","NRE strong",0,0.048790164169432,0.0953101798043249,0.048790164169432,0.182321556793955,0.300104592450338,0.0917752439548054,0.0930248641885531,-0.157260471049808,TRUE,0.550020182819913,1.0009923042993,-0.264188309688383,FALSE,0.45859740054418,1.0009890091347,-0.311520556011882,TRUE,0.723640685774973,1.00106317043789,-0.227217354132839,TRUE,0.745938646114235,1.00098895501512
673,"rand=1-1_rate=1.5_ROB=L_UH_Bias=NRE strong","1-1",1.5,"L_UH","NRE strong",0,0.048790164169432,0.0953101798043249,0.048790164169432,0.182321556793955,0.300104592450338,0.0718039924698172,0.0733915953448678,-0.160980642653089,TRUE,0.567425736874681,1.00111626348914,-0.21855781194189,FALSE,0.428913567344945,1.00098711128993,-0.0731751959450737,TRUE,0.605544595964733,1.00102066928805,-0.340542658186156,FALSE,0.694605113582245,1.00099690424363
674,"rand=1-1_rate=1.5_ROB=L_UH_Bias=NRE strong","1-1",1.5,"L_UH","NRE strong",0,0.048790164169432,0.0953101798043249,0.048790164169432,0.182321556793955,0.300104592450338,0.0789234289225959,0.0800516260730462,0.0318584462728694,TRUE,0.491842946818086,1.0010080395442,0.000153343991778021,TRUE,0.394337092544279,1.00098657167467,-0.0196968585059196,TRUE,0.50780482110648,1.00126670214107,0.00459897173519508,TRUE,0.815808289074754,1.00098599869707
675,"rand=1-1_rate=1.5_ROB=L_UH_Bias=NRE strong","1-1",1.5,"L_UH","NRE strong",0,0.048790164169432,0.0953101798043249,0.048790164169432,0.182321556793955,0.300104592450338,0.080051584017555,0.0808225591423052,-0.0518124210760005,TRUE,0.48966568204206,1.0009971944885,-0.10488800620367,TRUE,0.364057326683937,1.00099148331313,0.00392300207420415,TRUE,0.422828189725238,1.00121125189298,-0.189473160981396,TRUE,0.770245968796604,1.00098604657533
676,"rand=1-1_rate=1.5_ROB=L_UH_Bias=NRE strong","1-1",1.5,"L_UH","NRE strong",0,0.048790164169432,0.0953101798043249,0.048790164169432,0.182321556793955,0.300104592450338,0.0710326182056614,0.0727888223897504,0.0699382317188909,TRUE,0.51243024030743,1.00130551990862,-0.047665812647534,TRUE,0.484890562424997,1.00106682589922,0.160963619660534,TRUE,0.40796173833369,1.00111816049258,-0.357638448601427,TRUE,1.15574533225658,1.00098603016411
677,"rand=1-1_rate=1.5_ROB=L_UH_Bias=NRE strong","1-1",1.5,"L_UH","NRE strong",0,0.048790164169432,0.0953101798043249,0.048790164169432,0.182321556793955,0.300104592450338,0.0652272082979756,0.0655836999619262,0.0304337100716593,TRUE,0.48958743630563,1.00102597385733,-0.079474607199759,TRUE,0.398455949405118,1.00115516356633,0.00531566119571303,TRUE,0.55794569374013,1.00098650723118,-0.149533681234794,TRUE,0.716088115979171,1.00099102670193
678,"rand=1-1_rate=1.5_ROB=L_UH_Bias=NRE strong","1-1",1.5,"L_UH","NRE strong",0,0.048790164169432,0.0953101798043249,0.048790164169432,0.182321556793955,0.300104592450338,0.0676249921095874,0.0698458192626074,-0.0398392007600721,TRUE,0.557581232475704,1.00100019925695,-0.103698667036741,TRUE,0.455951892093255,1.0009998673014,-0.094809139737454,TRUE,0.637264259537884,1.00106553556954,-0.109407371831749,TRUE,0.878372939792652,1.00099921994327
679,"rand=1-1_rate=1.5_ROB=L_UH_Bias=NRE strong","1-1",1.5,"L_UH","NRE strong",0,0.048790164169432,0.0953101798043249,0.048790164169432,0.182321556793955,0.300104592450338,0.0841058095470378,0.0853030682533068,-0.0571113090163196,TRUE,0.520859528529611,1.0010404841578,-0.0912987689009841,TRUE,0.396773751756143,1.0010079511573,-0.0518911654519267,TRUE,0.564474751262981,1.00098893791851,-0.127011240443119,TRUE,0.735582247337631,1.00098717791544
680,"rand=1-1_rate=1.5_ROB=L_UH_Bias=NRE strong","1-1",1.5,"L_UH","NRE strong",0,0.048790164169432,0.0953101798043249,0.048790164169432,0.182321556793955,0.300104592450338,0.0732231533527674,0.0772036885294528,-0.0338982540033836,TRUE,0.462702611518776,1.00147535210878,-0.120104680962392,TRUE,0.336511137771886,1.00152620675952,0.0782647735624016,TRUE,0.380243977797563,1.00107095674425,-0.272941330467956,FALSE,0.583596831657035,1.00101013958601
681,"rand=1-1_rate=1.5_ROB=L_UH_Bias=NRE strong","1-1",1.5,"L_UH","NRE strong",0,0.048790164169432,0.0953101798043249,0.048790164169432,0.182321556793955,0.300104592450338,0.0747236837306952,0.0752266716840943,-0.198081289995012,TRUE,0.644324057805274,1.00099400948962,-0.179350997831805,TRUE,0.486725304397976,1.00103754343529,-0.271024146688426,TRUE,0.607286504804611,1.00104513764868,-0.103337951002526,TRUE,0.97311429885908,1.000986227117
682,"rand=1-1_rate=1.5_ROB=L_UH_Bias=NRE strong","1-1",1.5,"L_UH","NRE strong",0,0.048790164169432,0.0953101798043249,0.048790164169432,0.182321556793955,0.300104592450338,0.06248409302332,0.0634006847328198,0.0157674919665967,TRUE,0.525391319307249,1.00099110631413,-0.0968459274214148,TRUE,0.491825340253251,1.00098650449304,-0.129122301149116,TRUE,0.607919023742249,1.00138788459807,-0.0610865266061831,TRUE,1.0504342777513,1.00098722256085
683,"rand=1-1_rate=1.5_ROB=L_UH_Bias=NRE strong","1-1",1.5,"L_UH","NRE strong",0,0.048790164169432,0.0953101798043249,0.048790164169432,0.182321556793955,0.300104592450338,0.0661000432742989,0.067547981244747,0.0533099545569506,TRUE,0.415775508706854,1.00118171667149,0.0458683846729018,TRUE,0.276115932200495,1.00108161883178,0.00946129357359959,TRUE,0.496442023418945,1.00105974437286,0.0645389063627095,TRUE,0.409988206119342,1.0010089803559
684,"rand=1-1_rate=1.5_ROB=L_UH_Bias=NRE strong","1-1",1.5,"L_UH","NRE strong",0,0.048790164169432,0.0953101798043249,0.048790164169432,0.182321556793955,0.300104592450338,0.0662871613174294,0.0690328956099068,-0.125296631172558,TRUE,0.590762080052029,1.0009859981543,-0.171096324157777,TRUE,0.456416507124821,1.0010013977549,-0.00765047427678778,TRUE,0.657837619192425,1.00107041969576,-0.326351300265717,FALSE,0.697253831198188,1.0010338793476
685,"rand=1-1_rate=1.5_ROB=L_UH_Bias=NRE strong","1-1",1.5,"L_UH","NRE strong",0,0.048790164169432,0.0953101798043249,0.048790164169432,0.182321556793955,0.300104592450338,0.0665663777157252,0.0670202850958875,-0.165998620593721,TRUE,0.518344285339546,1.00107328922015,-0.252387231411587,FALSE,0.395198088021993,1.00130236323154,-0.0737423265933659,TRUE,0.506110243367993,1.00100598522462,-0.379468262144901,FALSE,0.649868533726914,1.00098789595043
686,"rand=1-1_rate=1.5_ROB=L_UH_Bias=NRE strong","1-1",1.5,"L_UH","NRE strong",0,0.048790164169432,0.0953101798043249,0.048790164169432,0.182321556793955,0.300104592450338,0.0832384856383586,0.0837799016253405,-0.224940938798372,TRUE,0.582041851630256,1.0012945839014,-0.257881380226616,FALSE,0.472277080519185,1.00098747193027,-0.196264893564272,TRUE,0.519208558430404,1.00099912858169,-0.327159191434719,TRUE,1.1068914414286,1.00105191693442
687,"rand=1-1_rate=1.5_ROB=L_UH_Bias=NRE strong","1-1",1.5,"L_UH","NRE strong",0,0.048790164169432,0.0953101798043249,0.048790164169432,0.182321556793955,0.300104592450338,0.0655313770136543,0.0676784265978635,0.0556846758008536,TRUE,0.429106861393299,1.00101483821587,0.0427478266156375,TRUE,0.311165800972698,1.00101350603192,0.0692078542226289,TRUE,0.436983030711129,1.00100743804076,0.0222820660321639,TRUE,0.554511986640662,1.00099198650847
688,"rand=1-1_rate=1.5_ROB=L_UH_Bias=NRE strong","1-1",1.5,"L_UH","NRE strong",0,0.048790164169432,0.0953101798043249,0.048790164169432,0.182321556793955,0.300104592450338,0.0735803673421847,0.0752125015934709,-0.216058641225607,TRUE,0.57054596353014,1.00111321418268,-0.247645136719251,FALSE,0.391900433901504,1.0010659492398,-0.155556054669911,TRUE,0.604371287389724,1.00099418016813,-0.308045558363782,FALSE,0.612990069220262,1.00099175047824
689,"rand=1-1_rate=1.5_ROB=L_UH_Bias=NRE strong","1-1",1.5,"L_UH","NRE strong",0,0.048790164169432,0.0953101798043249,0.048790164169432,0.182321556793955,0.300104592450338,0.0562168137969783,0.0573712324423274,-0.0070122662981813,TRUE,0.508779934222732,1.00098811099022,-0.039979264551897,TRUE,0.420421433994183,1.00098725379073,-0.116275064067314,TRUE,0.497250969119548,1.00240999060263,0.0278177851222542,TRUE,0.922910095733977,1.00102324882973
690,"rand=1-1_rate=1.5_ROB=L_UH_Bias=NRE strong","1-1",1.5,"L_UH","NRE strong",0,0.048790164169432,0.0953101798043249,0.048790164169432,0.182321556793955,0.300104592450338,0.0703397684333723,0.0707948740747213,-0.176453310259382,TRUE,0.5700662388251,1.00099525538928,-0.267829250720223,FALSE,0.454848713878245,1.0010692124705,-0.12670960492624,TRUE,0.487670432076616,1.0010499217221,-0.39805501444435,TRUE,1.02517144549913,1.00101450448204
691,"rand=1-1_rate=1.5_ROB=L_UH_Bias=NRE strong","1-1",1.5,"L_UH","NRE strong",0,0.048790164169432,0.0953101798043249,0.048790164169432,0.182321556793955,0.300104592450338,0.0770323600303846,0.0775941664244304,-0.0662269442868475,TRUE,0.463563173898885,1.00105475001645,-0.158939177168585,TRUE,0.389965365384355,1.00098659543618,-0.167255295743159,TRUE,0.648669460567208,1.00124435812135,-0.154734659461167,TRUE,0.600737332236844,1.00099795055739
692,"rand=1-1_rate=1.5_ROB=L_UH_Bias=NRE strong","1-1",1.5,"L_UH","NRE strong",0,0.048790164169432,0.0953101798043249,0.048790164169432,0.182321556793955,0.300104592450338,0.0753903171427908,0.0796071832199094,-0.0124236767296346,TRUE,0.544334030526434,1.00098983094068,-0.0610757616256445,TRUE,0.474340603578285,1.00099730538591,-0.080619333711724,TRUE,0.544234932297275,1.0009861662554,-0.0369959265916837,TRUE,1.03986466701141,1.00101703079808
693,"rand=1-1_rate=1.5_ROB=L_UH_Bias=NRE strong","1-1",1.5,"L_UH","NRE strong",0,0.048790164169432,0.0953101798043249,0.048790164169432,0.182321556793955,0.300104592450338,0.0846298993668004,0.086569969336432,0.0441865216912212,TRUE,0.409804247860788,1.00132025760059,-0.0508925501221802,TRUE,0.334388033945039,1.00100012690132,0.0537495889130291,TRUE,0.412844490923654,1.00133662901115,-0.124408512574151,TRUE,0.629810268204063,1.00098612365564
694,"rand=1-1_rate=1.5_ROB=L_UH_Bias=NRE strong","1-1",1.5,"L_UH","NRE strong",0,0.048790164169432,0.0953101798043249,0.048790164169432,0.182321556793955,0.300104592450338,0.0772097496438909,0.0792504591702204,0.0235089603846839,TRUE,0.509617413128459,1.00103336417702,-0.047359580795342,TRUE,0.408520436178436,1.00098750831178,0.124188421429483,TRUE,0.392435058447476,1.00124555238511,-0.244563219928005,TRUE,0.958269625091041,1.00099689726338
695,"rand=1-1_rate=1.5_ROB=L_UH_Bias=NRE strong","1-1",1.5,"L_UH","NRE strong",0,0.048790164169432,0.0953101798043249,0.048790164169432,0.182321556793955,0.300104592450338,0.0687590479873438,0.0703309745504262,-0.0366596840212663,TRUE,0.506228353474598,1.00102193605748,-0.0780422218017385,TRUE,0.434820026741365,1.00098649010791,-0.0454354012433165,TRUE,0.470350188059212,1.00197402658846,-0.118169163178086,TRUE,1.0490780630119,1.00104872339115
696,"rand=1-1_rate=1.5_ROB=L_UH_Bias=NRE strong","1-1",1.5,"L_UH","NRE strong",0,0.048790164169432,0.0953101798043249,0.048790164169432,0.182321556793955,0.300104592450338,0.0710589909804767,0.0716054947738931,-0.111882866704678,TRUE,0.49709820247638,1.00100774372399,-0.160705832512122,TRUE,0.355464239213457,1.00099842985228,-0.0686208523668399,TRUE,0.497371445407689,1.00101469270976,-0.223878165870083,TRUE,0.606958311973698,1.00099000476014
697,"rand=1-1_rate=1.5_ROB=L_UH_Bias=NRE strong","1-1",1.5,"L_UH","NRE strong",0,0.048790164169432,0.0953101798043249,0.048790164169432,0.182321556793955,0.300104592450338,0.0619329702535122,0.0663553790178966,-0.157860426383416,TRUE,0.529187116498941,1.00098850159789,-0.191037082184903,FALSE,0.372493456078172,1.00099824321141,-0.0217149650487976,TRUE,0.463101280956869,1.00107066256654,-0.308349874767779,FALSE,0.663967331363122,1.00103401751077
698,"rand=1-1_rate=1.5_ROB=L_UH_Bias=NRE strong","1-1",1.5,"L_UH","NRE strong",0,0.048790164169432,0.0953101798043249,0.048790164169432,0.182321556793955,0.300104592450338,0.07426639639096,0.075908568712603,-0.144903253532531,TRUE,0.512611075180918,1.00152746132461,-0.136501215008889,TRUE,0.324771330547441,1.00110137186285,-0.0302727043554751,TRUE,0.509138707697746,1.00150038695755,-0.190934409100753,TRUE,0.50300453261424,1.00099617803043
699,"rand=1-1_rate=1.5_ROB=L_UH_Bias=NRE strong","1-1",1.5,"L_UH","NRE strong",0,0.048790164169432,0.0953101798043249,0.048790164169432,0.182321556793955,0.300104592450338,0.0677134221591763,0.0739931498315401,-0.0278373730532842,TRUE,0.460776771881767,1.00122301017951,-0.0312700866142441,TRUE,0.319973634776545,1.00099201490967,0.0413718199283265,TRUE,0.442848215660583,1.00114375545445,-0.0870752536947195,TRUE,0.570121676785176,1.00098918919459
700,"rand=1-1_rate=1.5_ROB=L_UH_Bias=NRE strong","1-1",1.5,"L_UH","NRE strong",0,0.048790164169432,0.0953101798043249,0.048790164169432,0.182321556793955,0.300104592450338,0.0875813129531086,0.089513414752047,-0.29024992801992,FALSE,0.634558164749722,1.00099516961538,-0.338509579155081,FALSE,0.544516928952231,1.0009898138815,-0.29034838946615,FALSE,0.57903038038192,1.00149015817246,-0.379587641119498,TRUE,1.3454255865447,1.00098652615366
701,"rand=1-1_rate=1.5_ROB=L_UH_Bias=NRE strong","1-1",1.5,"L_UH","NRE strong",0,0.048790164169432,0.0953101798043249,0.048790164169432,0.182321556793955,0.300104592450338,0.0579828562301322,0.0588749802790902,-0.221153905413535,TRUE,0.505794356211641,1.00152441860961,-0.259849866992426,FALSE,0.319927622221881,1.00099503932322,-0.181007798439915,TRUE,0.539000444107998,1.00102871878124,-0.290302655524954,FALSE,0.513607834079482,1.00100200608512
702,"rand=1-1_rate=1.5_ROB=L_UH_Bias=NRE strong","1-1",1.5,"L_UH","NRE strong",0,0.048790164169432,0.0953101798043249,0.048790164169432,0.182321556793955,0.300104592450338,0.0782452172792664,0.0801356028836621,-0.0261292614372441,TRUE,0.507371796772704,1.00098794403645,-0.0941405129427364,TRUE,0.437492848234459,1.00109903500121,-0.00361610622503772,TRUE,0.468128020818195,1.00109983731222,-0.186436274570751,TRUE,1.01665110250989,1.00099206434935
703,"rand=1-1_rate=1.5_ROB=L_UH_Bias=NRE strong","1-1",1.5,"L_UH","NRE strong",0,0.048790164169432,0.0953101798043249,0.048790164169432,0.182321556793955,0.300104592450338,0.0797950931085863,0.0818192871691254,-0.0701986708653859,TRUE,0.502960784594503,1.00102093136104,-0.102328255367058,TRUE,0.371456197140999,1.00098948027425,-0.0256178702031955,TRUE,0.460644898618442,1.00166869122494,-0.161252743803554,TRUE,0.773341547355661,1.00099157933896
704,"rand=1-1_rate=1.5_ROB=L_UH_Bias=NRE strong","1-1",1.5,"L_UH","NRE strong",0,0.048790164169432,0.0953101798043249,0.048790164169432,0.182321556793955,0.300104592450338,0.0880253609018004,0.0881608117374461,0.0428269868294384,TRUE,0.354944333484561,1.00101324972085,-0.0577461291105072,TRUE,0.300048834290503,1.00106334774922,0.127887605394816,TRUE,0.371374245392408,1.00120601180079,-0.16902061695053,TRUE,0.494797418162805,1.00100237140431
705,"rand=1-1_rate=1.5_ROB=L_UH_Bias=NRE strong","1-1",1.5,"L_UH","NRE strong",0,0.048790164169432,0.0953101798043249,0.048790164169432,0.182321556793955,0.300104592450338,0.0835063248536039,0.0838435504573083,-0.0209958632411069,TRUE,0.418803492080041,1.0010025551624,-0.116916614837747,TRUE,0.354591165355376,1.00099643364325,-0.0244694468009512,TRUE,0.458605705475872,1.00227253989952,-0.179714012952514,TRUE,0.68242966561127,1.00099393441901
706,"rand=1-1_rate=1.5_ROB=L_UH_Bias=NRE strong","1-1",1.5,"L_UH","NRE strong",0,0.048790164169432,0.0953101798043249,0.048790164169432,0.182321556793955,0.300104592450338,0.0782223815968525,0.078674397157219,0.0525172673080392,TRUE,0.367853842023953,1.00098730831583,0.074046268440156,TRUE,0.271272224352445,1.00109542492176,0.0418902373477495,TRUE,0.454405107357308,1.00114110452216,0.0881018235028213,TRUE,0.427754340664006,1.00099564259457
707,"rand=1-1_rate=1.5_ROB=L_UH_Bias=NRE strong","1-1",1.5,"L_UH","NRE strong",0,0.048790164169432,0.0953101798043249,0.048790164169432,0.182321556793955,0.300104592450338,0.0706029888471465,0.0718462026418858,-0.105126792996619,TRUE,0.533646961091186,1.00102137448583,-0.108666472308411,TRUE,0.368202314271346,1.00114157891053,-0.127701042703379,TRUE,0.648931932197828,1.00098615588815,-0.0929013327050459,TRUE,0.525431082165587,1.00098601924743
708,"rand=1-1_rate=1.5_ROB=L_UH_Bias=NRE strong","1-1",1.5,"L_UH","NRE strong",0,0.048790164169432,0.0953101798043249,0.048790164169432,0.182321556793955,0.300104592450338,0.065006369040632,0.0659774609456742,0.0452471450011575,TRUE,0.406751947881429,1.00105947474704,-0.0552443126920257,TRUE,0.35738726911094,1.00101771859657,-0.0592138997627487,TRUE,0.444784836442325,1.00100356022369,-0.0494206425954005,TRUE,0.77415270446186,1.00098751745321
709,"rand=1-1_rate=1.5_ROB=L_UH_Bias=NRE strong","1-1",1.5,"L_UH","NRE strong",0,0.048790164169432,0.0953101798043249,0.048790164169432,0.182321556793955,0.300104592450338,0.0657707298539458,0.0685670539268591,0.191132767598753,FALSE,0.321943070196512,1.00110313978194,0.172477642372846,FALSE,0.20795797387607,1.00141794358599,0.0980216400664328,TRUE,0.513830332246301,1.00103798112036,0.196893657366513,FALSE,0.238127193442416,1.00103446612892
710,"rand=1-1_rate=1.5_ROB=L_UH_Bias=NRE strong","1-1",1.5,"L_UH","NRE strong",0,0.048790164169432,0.0953101798043249,0.048790164169432,0.182321556793955,0.300104592450338,0.0782213698046486,0.0802913482688316,-0.0899762248402072,TRUE,0.572794339520757,1.00099013525682,-0.113194492531907,TRUE,0.472635026094097,1.00101126850891,-0.194960277649612,TRUE,0.639649160943535,1.00144067096504,-0.0402861661070493,TRUE,0.887097914946664,1.00099064712502
711,"rand=1-1_rate=1.5_ROB=L_UH_Bias=NRE strong","1-1",1.5,"L_UH","NRE strong",0,0.048790164169432,0.0953101798043249,0.048790164169432,0.182321556793955,0.300104592450338,0.0696352436575375,0.0706807186423849,0.0285281081012299,TRUE,0.493055616242358,1.00098840251711,-0.0168628699681472,TRUE,0.369598016214033,1.00104261335406,0.122695282037801,TRUE,0.504848321385958,1.00098941386032,-0.138398625418052,TRUE,0.586001346985732,1.00098633638799
712,"rand=1-1_rate=1.5_ROB=L_UH_Bias=NRE strong","1-1",1.5,"L_UH","NRE strong",0,0.048790164169432,0.0953101798043249,0.048790164169432,0.182321556793955,0.300104592450338,0.0743656670968871,0.0751306891668643,0.000814533859061828,TRUE,0.471980571693968,1.00105796834521,-0.115415790324354,TRUE,0.461817543305264,1.000996085954,-0.0262748302396574,TRUE,0.456025383495359,1.00101045363405,-0.200061975746582,TRUE,1.15308407970326,1.0009872788587
713,"rand=1-1_rate=1.5_ROB=L_UH_Bias=NRE strong","1-1",1.5,"L_UH","NRE strong",0,0.048790164169432,0.0953101798043249,0.048790164169432,0.182321556793955,0.300104592450338,0.0774613847228015,0.0797892522893571,-0.125776309767308,TRUE,0.544051282284007,1.00107538409014,-0.185632442007114,TRUE,0.433703945688286,1.00098624278614,-0.0774195141712473,TRUE,0.595273930308926,1.00140836303006,-0.287302442301284,TRUE,0.78075340351875,1.0010970265963
714,"rand=1-1_rate=1.5_ROB=L_UH_Bias=NRE strong","1-1",1.5,"L_UH","NRE strong",0,0.048790164169432,0.0953101798043249,0.048790164169432,0.182321556793955,0.300104592450338,0.0593995875702427,0.0605192061443628,0.0448697163879503,TRUE,0.469876366657137,1.00109914649647,0.0565591099522574,TRUE,0.319685154451617,1.00101593141535,-0.00558464511905243,TRUE,0.580628135778988,1.00098691574565,0.0997922698720897,TRUE,0.441410560813487,1.00098623396937
715,"rand=1-1_rate=1.5_ROB=L_UH_Bias=NRE strong","1-1",1.5,"L_UH","NRE strong",0,0.048790164169432,0.0953101798043249,0.048790164169432,0.182321556793955,0.300104592450338,0.0642682684062337,0.0665241655957334,0.00825927612287947,TRUE,0.442242529380544,1.00100313218674,-0.0646802346799145,TRUE,0.330736861490841,1.00098970620371,0.0192125584174599,TRUE,0.4470086144058,1.00146187233112,-0.125909042792848,TRUE,0.606583052353771,1.00099191513982
716,"rand=1-1_rate=1.5_ROB=L_UH_Bias=NRE strong","1-1",1.5,"L_UH","NRE strong",0,0.048790164169432,0.0953101798043249,0.048790164169432,0.182321556793955,0.300104592450338,0.0765443576902582,0.0776781665461418,-0.158029090310331,TRUE,0.489740534334789,1.00101395002698,-0.201729565048511,FALSE,0.343347603889615,1.00104929185285,-0.0398258736128581,TRUE,0.502048230074239,1.00126171054978,-0.294618592228452,FALSE,0.52106795354066,1.00099342875489
717,"rand=1-1_rate=1.5_ROB=L_UH_Bias=NRE strong","1-1",1.5,"L_UH","NRE strong",0,0.048790164169432,0.0953101798043249,0.048790164169432,0.182321556793955,0.300104592450338,0.0670465584045476,0.0684106698677665,-0.270506863326986,FALSE,0.546243391346275,1.00098692925277,-0.283284594905542,FALSE,0.341166646847757,1.00101619170843,-0.275109824184161,FALSE,0.601541173267756,1.00116992792898,-0.286249209557393,FALSE,0.532552142568174,1.00099660240725
718,"rand=1-1_rate=1.5_ROB=L_UH_Bias=NRE strong","1-1",1.5,"L_UH","NRE strong",0,0.048790164169432,0.0953101798043249,0.048790164169432,0.182321556793955,0.300104592450338,0.0723741343897431,0.075503521188718,-0.0870258918007865,TRUE,0.541395532148205,1.00104470521505,-0.155057006903179,TRUE,0.400448725639416,1.00098721952448,0.0228218312261665,TRUE,0.458853964649515,1.00142877714735,-0.300059578339011,TRUE,0.753069731035803,1.00099514608343
719,"rand=1-1_rate=1.5_ROB=L_UH_Bias=NRE strong","1-1",1.5,"L_UH","NRE strong",0,0.048790164169432,0.0953101798043249,0.048790164169432,0.182321556793955,0.300104592450338,0.0777252494970041,0.0785045518405939,0.034388507521724,TRUE,0.421206598427806,1.00103501867629,-0.0624955432954071,TRUE,0.42666183373041,1.00099365985536,0.129583203398279,TRUE,0.420269102270704,1.0013452336043,-0.276333196084288,TRUE,0.894445357779332,1.00098601037806
720,"rand=1-1_rate=1.5_ROB=L_UH_Bias=NRE strong","1-1",1.5,"L_UH","NRE strong",0,0.048790164169432,0.0953101798043249,0.048790164169432,0.182321556793955,0.300104592450338,0.0784893943499645,0.0803420870549921,0.000785755202424743,TRUE,0.445503052444237,1.00111180875939,-0.0602507156094911,TRUE,0.373606096681394,1.00104497040178,-0.0144444314231105,TRUE,0.461017849935833,1.00102158165149,-0.107186605666057,TRUE,0.799184101888293,1.00101942908621
721,"rand=1-1_rate=1.5_ROB=L_UH_Bias=NRE strong","1-1",1.5,"L_UH","NRE strong",0,0.048790164169432,0.0953101798043249,0.048790164169432,0.182321556793955,0.300104592450338,0.0691539040175821,0.0726500599427001,-0.150624378733995,TRUE,0.524240894930417,1.00123925159178,-0.230078215293782,FALSE,0.418261307843732,1.00103082442117,-0.100973742091683,TRUE,0.534986258987932,1.0011265306358,-0.341011924045808,FALSE,0.760947883564668,1.00100290027026
722,"rand=1-1_rate=1.5_ROB=L_UH_Bias=NRE strong","1-1",1.5,"L_UH","NRE strong",0,0.048790164169432,0.0953101798043249,0.048790164169432,0.182321556793955,0.300104592450338,0.0610112331594339,0.0614672834697918,0.04494776337175,TRUE,0.421040816662313,1.00099182694059,-0.0277119131209145,TRUE,0.364052732011748,1.00135810159649,-0.0379274990076008,TRUE,0.509749377363113,1.00109737379949,-0.0155847666351758,TRUE,0.696451431580822,1.00098629833309
723,"rand=1-1_rate=1.5_ROB=L_UH_Bias=NRE strong","1-1",1.5,"L_UH","NRE strong",0,0.048790164169432,0.0953101798043249,0.048790164169432,0.182321556793955,0.300104592450338,0.0761724087794375,0.0765416590335731,0.0253677207245171,TRUE,0.430704550957322,1.0009975018704,-0.107938885347786,TRUE,0.429733282440085,1.00103666363736,0.0678219191694855,TRUE,0.412932011851824,1.00098743576224,-0.29243682570205,TRUE,1.01788693964159,1.00099132113897
724,"rand=1-1_rate=1.5_ROB=L_UH_Bias=NRE strong","1-1",1.5,"L_UH","NRE strong",0,0.048790164169432,0.0953101798043249,0.048790164169432,0.182321556793955,0.300104592450338,0.0761184340365072,0.0781219012208328,0.0238112269970437,TRUE,0.413779280892142,1.00114448899738,-0.0303831672143791,TRUE,0.332724430569452,1.00099956423937,-0.0280562708911638,TRUE,0.441505296571546,1.00103521434523,-0.0386678626663814,TRUE,0.667843294958314,1.00099867437131
725,"rand=1-1_rate=1.5_ROB=L_UH_Bias=NRE strong","1-1",1.5,"L_UH","NRE strong",0,0.048790164169432,0.0953101798043249,0.048790164169432,0.182321556793955,0.300104592450338,0.0724058825997587,0.0736407218855762,-0.187098674808104,TRUE,0.658342100757749,1.00100094228277,-0.122089919013495,TRUE,0.469605212845498,1.00104527479441,0.0585227706524368,TRUE,0.664873312248863,1.00099003790351,-0.3374892947553,FALSE,0.576684480786776,1.00099941597951
726,"rand=1-1_rate=1.5_ROB=L_UH_Bias=NRE strong","1-1",1.5,"L_UH","NRE strong",0,0.048790164169432,0.0953101798043249,0.048790164169432,0.182321556793955,0.300104592450338,0.0705355315569163,0.0723356688460631,-0.0392169201542982,TRUE,0.583650453963384,1.00103350119137,-0.161353949712648,TRUE,0.500412920975714,1.00099876708993,0.059169010693524,TRUE,0.453113611273656,1.00108298272523,-0.402932457053269,TRUE,1.16757475136246,1.00098632250356
727,"rand=1-1_rate=1.5_ROB=L_UH_Bias=NRE strong","1-1",1.5,"L_UH","NRE strong",0,0.048790164169432,0.0953101798043249,0.048790164169432,0.182321556793955,0.300104592450338,0.0771240395502853,0.0782056899477325,-0.120552113428184,TRUE,0.510377431410438,1.00105622623627,-0.152564793617759,TRUE,0.375282110901462,1.00100054570142,-0.143608776620426,TRUE,0.551042160551206,1.00103059412891,-0.160874877604203,TRUE,0.690690884188345,1.00099213363212
728,"rand=1-1_rate=1.5_ROB=L_UH_Bias=NRE strong","1-1",1.5,"L_UH","NRE strong",0,0.048790164169432,0.0953101798043249,0.048790164169432,0.182321556793955,0.300104592450338,0.0691190360519885,0.0696725852553906,-0.0731362158368205,TRUE,0.56513991972206,1.00110020184751,-0.112641339295789,TRUE,0.443481546639274,1.00098659459058,0.0279987586571011,TRUE,0.455623245361318,1.00099451512881,-0.254868319627754,TRUE,1.04914882609069,1.00098950620225
729,"rand=1-1_rate=1.5_ROB=L_UH_Bias=NRE strong","1-1",1.5,"L_UH","NRE strong",0,0.048790164169432,0.0953101798043249,0.048790164169432,0.182321556793955,0.300104592450338,0.0619104004103368,0.0650455840652654,0.159297011361682,TRUE,0.383580736279582,1.00145261865215,0.0777985160114453,TRUE,0.349714910563809,1.00098603217861,0.110710154924044,TRUE,0.438389433972245,1.00147667865889,0.0609313566316538,TRUE,0.710871616616577,1.00098834554097
730,"rand=1-1_rate=1.5_ROB=L_UH_Bias=NRE strong","1-1",1.5,"L_UH","NRE strong",0,0.048790164169432,0.0953101798043249,0.048790164169432,0.182321556793955,0.300104592450338,0.0752368464356763,0.077974052777458,-0.0104170785609716,TRUE,0.457199394336175,1.00099440780623,-0.0382194963526812,TRUE,0.306274954958982,1.00099068576159,-0.0269202813477742,TRUE,0.484393195447691,1.00100403704664,-0.041640985257567,TRUE,0.513638122172195,1.00099384120678
731,"rand=1-1_rate=1.5_ROB=L_UH_Bias=NRE strong","1-1",1.5,"L_UH","NRE strong",0,0.048790164169432,0.0953101798043249,0.048790164169432,0.182321556793955,0.300104592450338,0.0718255755259318,0.0779891412493121,-0.0195844361896855,TRUE,0.516640356799548,1.00098607099226,-0.0880121083181986,TRUE,0.430281105868383,1.00098599747385,0.0630888914451152,TRUE,0.550871165452039,1.00108470005052,-0.244300692503624,TRUE,0.775633795555353,1.00099769578252
732,"rand=1-1_rate=1.5_ROB=L_UH_Bias=NRE strong","1-1",1.5,"L_UH","NRE strong",0,0.048790164169432,0.0953101798043249,0.048790164169432,0.182321556793955,0.300104592450338,0.0837792344723926,0.0847121636242465,-0.161181600159913,TRUE,0.550506137522923,1.00099644070058,-0.156615027974122,TRUE,0.371160746618022,1.00099097703445,-0.172567042225135,TRUE,0.699410995926452,1.00102160206624,-0.145346983748523,TRUE,0.501237660100826,1.00100078693537
733,"rand=1-1_rate=1.5_ROB=L_UH_Bias=NRE strong","1-1",1.5,"L_UH","NRE strong",0,0.048790164169432,0.0953101798043249,0.048790164169432,0.182321556793955,0.300104592450338,0.0633919242952937,0.0649838375855148,-0.041005179376417,TRUE,0.492135207468658,1.00144367887239,-0.15076934652343,TRUE,0.405586064014186,1.00098671036609,-0.0250670475053272,TRUE,0.560377303197279,1.00099020163388,-0.259939801535681,TRUE,0.686515382060666,1.00098746651915
734,"rand=1-1_rate=1.5_ROB=L_UH_Bias=NRE strong","1-1",1.5,"L_UH","NRE strong",0,0.048790164169432,0.0953101798043249,0.048790164169432,0.182321556793955,0.300104592450338,0.0741141495206371,0.0765828401618552,-0.0757154068535346,TRUE,0.488906360101533,1.00103689486248,-0.191613379718788,TRUE,0.438243521347175,1.00107190948309,-0.0404434986007589,TRUE,0.46444688209982,1.00106125834319,-0.32809841353472,TRUE,0.970543537886246,1.000987446869
735,"rand=1-1_rate=1.5_ROB=L_UH_Bias=NRE strong","1-1",1.5,"L_UH","NRE strong",0,0.048790164169432,0.0953101798043249,0.048790164169432,0.182321556793955,0.300104592450338,0.0723518201230712,0.0740869377519091,0.014406885826327,TRUE,0.522746200373108,1.00169807993159,-0.0515981893965576,TRUE,0.431688873338313,1.00105332256179,-0.0333009334482057,TRUE,0.546086028551272,1.00099832688172,-0.076295458057301,TRUE,0.91090772364468,1.00099195663556
736,"rand=1-1_rate=1.5_ROB=L_UH_Bias=NRE strong","1-1",1.5,"L_UH","NRE strong",0,0.048790164169432,0.0953101798043249,0.048790164169432,0.182321556793955,0.300104592450338,0.0711802115593607,0.0726106032563814,0.0127487163126957,TRUE,0.520608925745791,1.00107911476424,-0.0763199833723225,TRUE,0.413854115492233,1.0009925553514,-0.0934628025653386,TRUE,0.677623568510927,1.00099057905617,-0.0608090090938469,TRUE,0.663616010706996,1.00099406362518
737,"rand=1-1_rate=1.5_ROB=L_UH_Bias=NRE strong","1-1",1.5,"L_UH","NRE strong",0,0.048790164169432,0.0953101798043249,0.048790164169432,0.182321556793955,0.300104592450338,0.0768172543479523,0.0798158592828953,-0.241253039998695,FALSE,0.538647498149033,1.00100415205885,-0.305439400157483,FALSE,0.385704388272999,1.0009946498697,-0.200853266800336,TRUE,0.570370385481861,1.00099176722248,-0.378604759566199,FALSE,0.664153975343725,1.00098923573282
738,"rand=1-1_rate=1.5_ROB=L_UH_Bias=NRE strong","1-1",1.5,"L_UH","NRE strong",0,0.048790164169432,0.0953101798043249,0.048790164169432,0.182321556793955,0.300104592450338,0.068801150985542,0.0697261899981598,-0.37195154571221,FALSE,0.683480935643233,1.00113315190116,-0.422390849924568,FALSE,0.50985841071545,1.00098606853095,-0.322407957014875,FALSE,0.667927129873261,1.00116505251034,-0.499229252208022,FALSE,0.947987090083801,1.00102232280566
739,"rand=1-1_rate=1.5_ROB=L_UH_Bias=NRE strong","1-1",1.5,"L_UH","NRE strong",0,0.048790164169432,0.0953101798043249,0.048790164169432,0.182321556793955,0.300104592450338,0.0664910536723115,0.0674221182620652,-0.202221537608406,TRUE,0.549214575326085,1.00098848678446,-0.259903720628512,FALSE,0.412980552197058,1.00100329425744,-0.185120658503746,TRUE,0.534926852478694,1.00104814325653,-0.314973516582049,TRUE,0.830716502168414,1.00102027975644
740,"rand=1-1_rate=1.5_ROB=L_UH_Bias=NRE strong","1-1",1.5,"L_UH","NRE strong",0,0.048790164169432,0.0953101798043249,0.048790164169432,0.182321556793955,0.300104592450338,0.0792554476526185,0.0800773023208712,0.0666702428012126,TRUE,0.464960323927622,1.00103583249819,-0.0242328623877539,TRUE,0.390255588888346,1.00104189552516,-0.0813562943102808,TRUE,0.676504603671851,1.0010267935546,0.0207554748455903,TRUE,0.577000385897812,1.00109310030761
741,"rand=1-1_rate=1.5_ROB=L_UH_Bias=NRE strong","1-1",1.5,"L_UH","NRE strong",0,0.048790164169432,0.0953101798043249,0.048790164169432,0.182321556793955,0.300104592450338,0.064362046054482,0.0655693503185051,-0.0607643648416987,TRUE,0.537800899616492,1.00129388966722,-0.0402139985919787,TRUE,0.345451267305215,1.00098647571673,-0.150279815295254,TRUE,0.570286969746382,1.00114596920427,0.0272738662181617,TRUE,0.524374873299766,1.00103777259709
742,"rand=1-1_rate=1.5_ROB=L_UH_Bias=NRE strong","1-1",1.5,"L_UH","NRE strong",0,0.048790164169432,0.0953101798043249,0.048790164169432,0.182321556793955,0.300104592450338,0.0659484876880556,0.0669559035525305,0.0714130650449362,TRUE,0.409221969287923,1.00101424926482,0.0147946455033842,TRUE,0.315865250846207,1.00098716455002,0.0624284208691765,TRUE,0.439597876286007,1.00120854254846,-0.0153796089038358,TRUE,0.57960030039211,1.00101006458513
743,"rand=1-1_rate=1.5_ROB=L_UH_Bias=NRE strong","1-1",1.5,"L_UH","NRE strong",0,0.048790164169432,0.0953101798043249,0.048790164169432,0.182321556793955,0.300104592450338,0.0612789256754232,0.0668880221906245,0.0911707881312959,TRUE,0.394059313365996,1.00114641360616,0.0399692220239581,TRUE,0.319563829511757,1.00098865104391,0.159767815814784,TRUE,0.393520975905502,1.00100110048946,-0.060445131761024,TRUE,0.581296135802443,1.00099679753727
744,"rand=1-1_rate=1.5_ROB=L_UH_Bias=NRE strong","1-1",1.5,"L_UH","NRE strong",0,0.048790164169432,0.0953101798043249,0.048790164169432,0.182321556793955,0.300104592450338,0.0726850517301715,0.0747591066500805,-0.0851620064018419,TRUE,0.435106450650992,1.0010409652389,-0.0568134706378938,TRUE,0.220573409551508,1.00120021173811,-0.0389772287118435,TRUE,0.550219410427191,1.00132077612316,-0.0608470979954401,TRUE,0.264763063921507,1.00099304235516
745,"rand=1-1_rate=1.5_ROB=L_UH_Bias=NRE strong","1-1",1.5,"L_UH","NRE strong",0,0.048790164169432,0.0953101798043249,0.048790164169432,0.182321556793955,0.300104592450338,0.0728952441373981,0.0737856002607072,0.0897031827701831,TRUE,0.355130141608983,1.00131509329018,-0.00246531457935784,TRUE,0.301905354691438,1.00114886001673,0.0523285443380017,TRUE,0.42517449906796,1.0027587234636,-0.0353184954361285,TRUE,0.590930674870175,1.00098656272121
746,"rand=1-1_rate=1.5_ROB=L_UH_Bias=NRE strong","1-1",1.5,"L_UH","NRE strong",0,0.048790164169432,0.0953101798043249,0.048790164169432,0.182321556793955,0.300104592450338,0.0728352888445256,0.0738703352734593,-0.0647570013790428,TRUE,0.435903711064628,1.00104397105713,-0.156404351117627,TRUE,0.326227596488952,1.0010192308151,-0.072475173028733,TRUE,0.688411612548346,1.00098605916366,-0.199351959702697,FALSE,0.360627670160944,1.00102841861992
747,"rand=1-1_rate=1.5_ROB=L_UH_Bias=NRE strong","1-1",1.5,"L_UH","NRE strong",0,0.048790164169432,0.0953101798043249,0.048790164169432,0.182321556793955,0.300104592450338,0.071790314385702,0.0732775629838406,-0.135364164866112,TRUE,0.472509109043012,1.00105265773177,-0.224358389027769,FALSE,0.429710635757129,1.00106250698145,-0.1732228707896,TRUE,0.580958524635873,1.00107962502662,-0.268617117250766,TRUE,0.823307574358626,1.00101277423698
748,"rand=1-1_rate=1.5_ROB=L_UH_Bias=NRE strong","1-1",1.5,"L_UH","NRE strong",0,0.048790164169432,0.0953101798043249,0.048790164169432,0.182321556793955,0.300104592450338,0.0679064872485864,0.0693933016817746,-0.0159750478578475,TRUE,0.478068943164817,1.00102185151472,-0.0420381446471754,TRUE,0.323018570538862,1.00120344476448,0.107766803029274,TRUE,0.430339468394984,1.00107093845442,-0.146155026576202,TRUE,0.515108329707412,1.00099025946472
749,"rand=1-1_rate=1.5_ROB=L_UH_Bias=NRE strong","1-1",1.5,"L_UH","NRE strong",0,0.048790164169432,0.0953101798043249,0.048790164169432,0.182321556793955,0.300104592450338,0.059892057311601,0.0610972501407595,-0.104002539210745,TRUE,0.431323223034484,1.00116566099338,-0.200790196134016,FALSE,0.332485412104898,1.00104907369382,-0.110650314612344,TRUE,0.500407431150582,1.00129867472918,-0.247676606539924,TRUE,0.565346440594805,1.00102675378172
750,"rand=1-1_rate=1.5_ROB=L_UH_Bias=NRE strong","1-1",1.5,"L_UH","NRE strong",0,0.048790164169432,0.0953101798043249,0.048790164169432,0.182321556793955,0.300104592450338,0.0740711593050054,0.0754892856191425,0.116609240403248,TRUE,0.446887962136485,1.00100951177244,0.0277144014307085,TRUE,0.406134177018202,1.00124945450522,0.0225820316129253,TRUE,0.461264547114578,1.00176602691828,0.0562943142453172,TRUE,0.902004669086134,1.00098687041563
751,"rand=1-1_rate=1.5_ROB=L_UH_Bias=NRE strong","1-1",1.5,"L_UH","NRE strong",0,0.048790164169432,0.0953101798043249,0.048790164169432,0.182321556793955,0.300104592450338,0.0614807408874111,0.0624532643194251,0.0140092096117809,TRUE,0.442228309409526,1.00100539483272,-0.0484027500848245,TRUE,0.3041272945327,1.00103722274343,0.00617578201544045,TRUE,0.461097490699018,1.0010312899325,-0.0703933443917635,TRUE,0.536849806574592,1.00102985686765
752,"rand=1-1_rate=1.5_ROB=L_UH_Bias=NRE strong","1-1",1.5,"L_UH","NRE strong",0,0.048790164169432,0.0953101798043249,0.048790164169432,0.182321556793955,0.300104592450338,0.0805086459916499,0.0829739578667157,-0.0654932681445135,TRUE,0.45166374244355,1.00102915215989,-0.11392290862503,TRUE,0.339223400584381,1.00099679331359,0.0438443725101823,TRUE,0.494559243303268,1.00122496333009,-0.209253511478397,TRUE,0.494717726101312,1.00099152417882
753,"rand=1-1_rate=1.5_ROB=L_UH_Bias=NRE strong","1-1",1.5,"L_UH","NRE strong",0,0.048790164169432,0.0953101798043249,0.048790164169432,0.182321556793955,0.300104592450338,0.069331952928969,0.0711096090022205,-0.10727310692542,TRUE,0.491819315863392,1.00124357029397,-0.127740633103273,TRUE,0.324273749614599,1.00099226737671,-0.0848243081175457,TRUE,0.542193311804846,1.00115654126222,-0.150507267491555,TRUE,0.504367362902134,1.00099935618152
754,"rand=1-1_rate=1.5_ROB=L_UH_Bias=NRE strong","1-1",1.5,"L_UH","NRE strong",0,0.048790164169432,0.0953101798043249,0.048790164169432,0.182321556793955,0.300104592450338,0.0738353003738642,0.0748751549133868,-0.0432743627339611,TRUE,0.428155849391902,1.00117672855377,-0.0743611351872424,TRUE,0.259088044005381,1.00099035028488,-0.0465167281667649,TRUE,0.475822013840697,1.00098935554261,-0.0817260383329059,TRUE,0.393862755268335,1.00101615571174
755,"rand=1-1_rate=1.5_ROB=L_UH_Bias=NRE strong","1-1",1.5,"L_UH","NRE strong",0,0.048790164169432,0.0953101798043249,0.048790164169432,0.182321556793955,0.300104592450338,0.0663544456774349,0.0681278659298979,-0.0920202012587985,TRUE,0.587149515750094,1.00109477916411,-0.072489385367176,TRUE,0.438112554761301,1.00099559333001,-0.0440288097800021,TRUE,0.602647543985063,1.00098705717448,-0.102952063546012,TRUE,0.843608664345629,1.00098602033093
756,"rand=1-1_rate=1.5_ROB=L_UH_Bias=NRE strong","1-1",1.5,"L_UH","NRE strong",0,0.048790164169432,0.0953101798043249,0.048790164169432,0.182321556793955,0.300104592450338,0.0813640278115903,0.0834296011260398,-0.0826500847063383,TRUE,0.509738736437525,1.00107244851529,-0.191857700934381,TRUE,0.452488793559205,1.00098781953063,-0.196454989303287,TRUE,0.792711500718711,1.00099264710323,-0.189267279162169,TRUE,0.663595007150867,1.00099520632804
757,"rand=1-1_rate=1.5_ROB=L_UH_Bias=NRE strong","1-1",1.5,"L_UH","NRE strong",0,0.048790164169432,0.0953101798043249,0.048790164169432,0.182321556793955,0.300104592450338,0.0737825094442853,0.0749421576583101,-0.145361919358559,TRUE,0.54403228465937,1.00128702020942,-0.220157082423843,FALSE,0.402834305074207,1.00103707780342,-0.191329300189912,TRUE,0.681244715406532,1.00124196216657,-0.242269945718052,TRUE,0.603567239301231,1.00099694057996
758,"rand=1-1_rate=1.5_ROB=L_UH_Bias=NRE strong","1-1",1.5,"L_UH","NRE strong",0,0.048790164169432,0.0953101798043249,0.048790164169432,0.182321556793955,0.300104592450338,0.0704386923601374,0.0729844901817986,-0.169006930574508,TRUE,0.554178689290892,1.00152240041898,-0.215295033897181,FALSE,0.439533821251842,1.00098728825257,-0.271841999399713,FALSE,0.556564623535907,1.00113343495898,-0.166564489334833,TRUE,0.905410330096318,1.00102565900124
759,"rand=1-1_rate=1.5_ROB=L_UH_Bias=NRE strong","1-1",1.5,"L_UH","NRE strong",0,0.048790164169432,0.0953101798043249,0.048790164169432,0.182321556793955,0.300104592450338,0.0713580376306358,0.0724006346310124,-0.0617245502852972,TRUE,0.461452174747432,1.00103799300097,-0.0942729856301245,TRUE,0.306406406652309,1.00100557694432,-0.0240477201842064,TRUE,0.464311659325142,1.00099348156842,-0.131106315495868,TRUE,0.513608253577805,1.00098635781974
760,"rand=1-1_rate=1.5_ROB=L_UH_Bias=NRE strong","1-1",1.5,"L_UH","NRE strong",0,0.048790164169432,0.0953101798043249,0.048790164169432,0.182321556793955,0.300104592450338,0.0721405351003515,0.0728786219719458,-0.0558703426130465,TRUE,0.505690215196158,1.00179998587704,-0.0776019716767657,TRUE,0.421277291287734,1.00102245449657,-0.100230582395226,TRUE,0.523618959246225,1.00110766875018,-0.0477683479072954,TRUE,0.868895694021508,1.00109640757933
761,"rand=1-1_rate=1.5_ROB=L_UH_Bias=NRE strong","1-1",1.5,"L_UH","NRE strong",0,0.048790164169432,0.0953101798043249,0.048790164169432,0.182321556793955,0.300104592450338,0.0749901141048035,0.0764925511140655,-0.0959759080815077,TRUE,0.502722075977768,1.00123030908877,-0.0924484370940366,TRUE,0.33824902067015,1.00103584072355,-0.139377616152409,TRUE,0.559419001106896,1.00124286905317,-0.0637203979234766,TRUE,0.541173565596926,1.00098623894786
762,"rand=1-1_rate=1.5_ROB=L_UH_Bias=NRE strong","1-1",1.5,"L_UH","NRE strong",0,0.048790164169432,0.0953101798043249,0.048790164169432,0.182321556793955,0.300104592450338,0.0649238547249502,0.0671852418581777,-0.121012858792674,TRUE,0.483263685407579,1.00098960593118,-0.171548430006888,FALSE,0.333081227601757,1.00098749502891,-0.0175402482839919,TRUE,0.478687611671771,1.00099213958821,-0.262009022780314,FALSE,0.528200802001642,1.00104333776326
763,"rand=1-1_rate=1.5_ROB=L_UH_Bias=NRE strong","1-1",1.5,"L_UH","NRE strong",0,0.048790164169432,0.0953101798043249,0.048790164169432,0.182321556793955,0.300104592450338,0.0761910937855223,0.0778638414842094,0.010450491593066,TRUE,0.468034299392097,1.00100806564725,-0.0387638852801193,TRUE,0.338651866721528,1.00106015644245,0.0554660478607668,TRUE,0.490927922344382,1.00098616529677,-0.106016840949078,TRUE,0.560669767706221,1.00098603265224
764,"rand=1-1_rate=1.5_ROB=L_UH_Bias=NRE strong","1-1",1.5,"L_UH","NRE strong",0,0.048790164169432,0.0953101798043249,0.048790164169432,0.182321556793955,0.300104592450338,0.0721987914808734,0.0741059184106625,0.0277314318558093,TRUE,0.428311368628469,1.00132644061013,-0.0501555955970701,TRUE,0.355558907966789,1.00098625632052,0.0265252608714291,TRUE,0.42021018909329,1.00101032115476,-0.109075402560769,TRUE,0.782235275307016,1.00099127270703
765,"rand=1-1_rate=1.5_ROB=L_UH_Bias=NRE strong","1-1",1.5,"L_UH","NRE strong",0,0.048790164169432,0.0953101798043249,0.048790164169432,0.182321556793955,0.300104592450338,0.0773682270953051,0.0794179395972368,-0.129320856795266,TRUE,0.522960851855224,1.00143748218772,-0.140189970701492,TRUE,0.354167385052187,1.00103065573945,-0.119568760804958,TRUE,0.498508131986303,1.00099332842252,-0.156223461473952,TRUE,0.655201128047198,1.00098742344117
766,"rand=1-1_rate=1.5_ROB=L_UH_Bias=NRE strong","1-1",1.5,"L_UH","NRE strong",0,0.048790164169432,0.0953101798043249,0.048790164169432,0.182321556793955,0.300104592450338,0.0797556698740797,0.0804119139408166,-0.0706632216152501,TRUE,0.527646890725697,1.00101354658201,-0.110251671676266,TRUE,0.40862822370857,1.00098741577319,-0.0845652631952056,TRUE,0.612673982384138,1.00098917005041,-0.133769024736099,TRUE,0.715987500826907,1.00098665314192
767,"rand=1-1_rate=1.5_ROB=L_UH_Bias=NRE strong","1-1",1.5,"L_UH","NRE strong",0,0.048790164169432,0.0953101798043249,0.048790164169432,0.182321556793955,0.300104592450338,0.0905155219114595,0.0914764422094121,-0.161079009530371,TRUE,0.539533523571705,1.00098600591146,-0.206776018632862,FALSE,0.400129340375819,1.00100213497106,-0.241894251551846,TRUE,0.558160116752072,1.00100530991298,-0.184942359449918,TRUE,0.736825053539085,1.00098601632778
768,"rand=1-1_rate=1.5_ROB=L_UH_Bias=NRE strong","1-1",1.5,"L_UH","NRE strong",0,0.048790164169432,0.0953101798043249,0.048790164169432,0.182321556793955,0.300104592450338,0.0701243407146301,0.0711405301442054,0.0373772045274549,TRUE,0.425149504148813,1.00108465058623,-0.00246571391366257,TRUE,0.300821081167095,1.00101836128356,-0.0576067369927453,TRUE,0.482820395904449,1.00168631549702,0.0294721276576835,TRUE,0.499251741971645,1.00104342027994
769,"rand=1-1_rate=1.5_ROB=L_UH_Bias=NRE strong","1-1",1.5,"L_UH","NRE strong",0,0.048790164169432,0.0953101798043249,0.048790164169432,0.182321556793955,0.300104592450338,0.0906321280244323,0.0928302899870518,-0.0249270693973791,TRUE,0.643716453232262,1.00104424770731,-0.065572627832317,TRUE,0.487410037595242,1.0009872524475,0.120251615476189,TRUE,0.486381725931681,1.00101465048116,-0.334037964954909,TRUE,1.08134092549084,1.00098606726885
770,"rand=1-1_rate=1.5_ROB=L_UH_Bias=NRE strong","1-1",1.5,"L_UH","NRE strong",0,0.048790164169432,0.0953101798043249,0.048790164169432,0.182321556793955,0.300104592450338,0.0644692626240963,0.0696083256909856,-0.0400078174253393,TRUE,0.53893458087623,1.00098608198312,-0.0508663953202191,TRUE,0.456259731513487,1.00098859428367,-0.0154992134383785,TRUE,0.478536768425303,1.00131401597453,-0.0808464845949886,TRUE,1.10405047878307,1.00099723636195
771,"rand=1-1_rate=1.5_ROB=L_UH_Bias=NRE strong","1-1",1.5,"L_UH","NRE strong",0,0.048790164169432,0.0953101798043249,0.048790164169432,0.182321556793955,0.300104592450338,0.0681133634622165,0.0685509009578522,-0.136252929513381,TRUE,0.520508869788832,1.00116241382404,-0.194115572233823,TRUE,0.417271700444154,1.00098737468018,-0.0983661164924017,TRUE,0.591771078053885,1.00111522951972,-0.269999208634626,TRUE,0.734291177152651,1.00099623352959
772,"rand=1-1_rate=1.5_ROB=L_UH_Bias=NRE strong","1-1",1.5,"L_UH","NRE strong",0,0.048790164169432,0.0953101798043249,0.048790164169432,0.182321556793955,0.300104592450338,0.0831180590838531,0.0844409908893092,-0.313905038152562,FALSE,0.627055723433436,1.00106381149902,-0.317441503662273,FALSE,0.507067656613553,1.00106861538584,-0.323531182239939,FALSE,0.572520170295591,1.00099049997047,-0.320374246017686,TRUE,1.15213104576648,1.00099161474407
773,"rand=1-1_rate=1.5_ROB=L_UH_Bias=NRE strong","1-1",1.5,"L_UH","NRE strong",0,0.048790164169432,0.0953101798043249,0.048790164169432,0.182321556793955,0.300104592450338,0.0732797719906661,0.0749167971708412,-0.0566458156358542,TRUE,0.578357395367873,1.00102001550531,-0.124826501886494,TRUE,0.492327702513628,1.00100613387443,0.013310171055151,TRUE,0.579531775815031,1.00098652281708,-0.296096754644649,TRUE,1.05308514630169,1.00099146934776
774,"rand=1-1_rate=1.5_ROB=L_UH_Bias=NRE strong","1-1",1.5,"L_UH","NRE strong",0,0.048790164169432,0.0953101798043249,0.048790164169432,0.182321556793955,0.300104592450338,0.079624767754954,0.0803310250205418,0.0319626889710881,TRUE,0.47813947283538,1.00108901036007,0.0119560821071428,TRUE,0.36126509087448,1.00104436989056,-0.0128322829688798,TRUE,0.538152393578974,1.00100885260722,0.0328382730592224,TRUE,0.624702853258762,1.00100659206157
775,"rand=1-1_rate=1.5_ROB=L_UH_Bias=NRE strong","1-1",1.5,"L_UH","NRE strong",0,0.048790164169432,0.0953101798043249,0.048790164169432,0.182321556793955,0.300104592450338,0.07191621886249,0.0728198914770936,0.0597703102939203,TRUE,0.517422597526116,1.00099197561654,0.0391721848235758,TRUE,0.451592430975592,1.00099906232288,-0.0793383392915796,TRUE,0.627815707512508,1.00098725270349,0.168588459432114,TRUE,0.792417233618773,1.00098889566928
776,"rand=1-1_rate=1.5_ROB=L_UH_Bias=NRE strong","1-1",1.5,"L_UH","NRE strong",0,0.048790164169432,0.0953101798043249,0.048790164169432,0.182321556793955,0.300104592450338,0.068735220615154,0.0715948980137694,-0.254368748134444,TRUE,0.583991217992404,1.00120616250755,-0.207274376739954,TRUE,0.438840239599731,1.00098619292162,-0.160666344286937,TRUE,0.633371605372458,1.00098657345459,-0.252819500306706,TRUE,0.798599584570498,1.0010325938184
777,"rand=1-1_rate=1.5_ROB=L_UH_Bias=NRE strong","1-1",1.5,"L_UH","NRE strong",0,0.048790164169432,0.0953101798043249,0.048790164169432,0.182321556793955,0.300104592450338,0.0852760066516382,0.0886408989612369,-0.314192107322345,FALSE,0.626038630240688,1.0010963999634,-0.370051805027168,FALSE,0.487669423082216,1.00112715639328,-0.218139026779385,TRUE,0.548031800372204,1.00132649697838,-0.510435704636018,FALSE,1.05882333671295,1.00102143492389
778,"rand=1-1_rate=1.5_ROB=L_UH_Bias=NRE strong","1-1",1.5,"L_UH","NRE strong",0,0.048790164169432,0.0953101798043249,0.048790164169432,0.182321556793955,0.300104592450338,0.0694500568372816,0.0719330768198244,0.0220835717433362,TRUE,0.516148690008527,1.00102729416964,-0.00238079634514898,TRUE,0.423453575523258,1.00098820654911,0.0651501486415264,TRUE,0.480908153300985,1.00116044531217,-0.0724851071297752,TRUE,0.942906208319172,1.00098610863685
779,"rand=1-1_rate=1.5_ROB=L_UH_Bias=NRE strong","1-1",1.5,"L_UH","NRE strong",0,0.048790164169432,0.0953101798043249,0.048790164169432,0.182321556793955,0.300104592450338,0.0845077602576273,0.0859370175262791,-0.208540014759925,TRUE,0.550074856903566,1.00101756166587,-0.230207807978833,FALSE,0.37780473749489,1.0009875922913,-0.236693546942551,TRUE,0.586076863180743,1.00127545322536,-0.225668392940886,TRUE,0.642484035979397,1.00099326515868
780,"rand=1-1_rate=1.5_ROB=L_UH_Bias=NRE strong","1-1",1.5,"L_UH","NRE strong",0,0.048790164169432,0.0953101798043249,0.048790164169432,0.182321556793955,0.300104592450338,0.0622188904975986,0.0636588413088436,-0.125901052767507,TRUE,0.594129093990971,1.00099518441801,-0.167313392966715,TRUE,0.474255308766411,1.00108002797857,-0.125027584146894,TRUE,0.609185576425318,1.00099754701925,-0.209083239578158,TRUE,0.968469605022747,1.00098609388925
781,"rand=1-1_rate=1.5_ROB=L_UH_Bias=NRE strong","1-1",1.5,"L_UH","NRE strong",0,0.048790164169432,0.0953101798043249,0.048790164169432,0.182321556793955,0.300104592450338,0.0590010358165551,0.0638852668273379,-0.0857825784847939,TRUE,0.537153572721835,1.00138230209832,-0.171959358723642,TRUE,0.39909918642922,1.00110177786127,0.0636743508769585,TRUE,0.378113685228608,1.00215038844493,-0.405469336326496,FALSE,0.797765910819129,1.00100995825064
782,"rand=1-1_rate=1.5_ROB=L_UH_Bias=NRE strong","1-1",1.5,"L_UH","NRE strong",0,0.048790164169432,0.0953101798043249,0.048790164169432,0.182321556793955,0.300104592450338,0.0781971267143,0.0784846952467318,-0.0186214744370004,TRUE,0.448738592878879,1.00098735918254,-0.11107560352692,TRUE,0.391844628762671,1.0010465170918,-0.0649029492711146,TRUE,0.548522567072222,1.00101482793772,-0.148407947791925,TRUE,0.720674460012748,1.00098640820457
783,"rand=1-1_rate=1.5_ROB=L_UH_Bias=NRE strong","1-1",1.5,"L_UH","NRE strong",0,0.048790164169432,0.0953101798043249,0.048790164169432,0.182321556793955,0.300104592450338,0.074498638231939,0.0758629115755047,-0.166394473191197,TRUE,0.507976695330778,1.00106489781969,-0.1556557065985,TRUE,0.384611558452587,1.0010396721958,-0.0908198628004038,TRUE,0.509935057804121,1.00135955919097,-0.202295695437618,TRUE,0.744801537391995,1.0009882344437
784,"rand=1-1_rate=1.5_ROB=L_UH_Bias=NRE strong","1-1",1.5,"L_UH","NRE strong",0,0.048790164169432,0.0953101798043249,0.048790164169432,0.182321556793955,0.300104592450338,0.0656319123983539,0.071352742985778,-0.233397862840589,TRUE,0.594969484061346,1.00116114986052,-0.205987383605635,TRUE,0.427277869538462,1.001079064673,0.0580729265694498,TRUE,0.579682546075141,1.00098605392931,-0.39901111933628,FALSE,0.396922454970565,1.00099089433508
785,"rand=1-1_rate=1.5_ROB=L_UH_Bias=NRE strong","1-1",1.5,"L_UH","NRE strong",0,0.048790164169432,0.0953101798043249,0.048790164169432,0.182321556793955,0.300104592450338,0.0883522886592695,0.0890845193449693,-0.0948971074805132,TRUE,0.478937436118118,1.00106867754884,-0.100014874080966,TRUE,0.314515766152364,1.00103199246376,-0.108927431077827,TRUE,0.536430425850748,1.00124410170665,-0.095870349636676,TRUE,0.487566882769402,1.00105578226315
786,"rand=1-1_rate=1.5_ROB=L_UH_Bias=NRE strong","1-1",1.5,"L_UH","NRE strong",0,0.048790164169432,0.0953101798043249,0.048790164169432,0.182321556793955,0.300104592450338,0.0666834058841156,0.0687527989769122,-0.122223192837902,TRUE,0.609817483869475,1.00146451176942,-0.126249539957357,TRUE,0.462856922981771,1.00098850345962,-0.0726435865881583,TRUE,0.596926739531396,1.00139474245533,-0.179560795084699,TRUE,0.923862333725929,1.00098929307759
787,"rand=1-1_rate=1.5_ROB=L_UH_Bias=NRE strong","1-1",1.5,"L_UH","NRE strong",0,0.048790164169432,0.0953101798043249,0.048790164169432,0.182321556793955,0.300104592450338,0.0534725368415582,0.0567391722672288,-0.0903821212603328,TRUE,0.524678870141649,1.00101686308263,-0.182747898824773,TRUE,0.385918207029309,1.00100216663969,0.0414823748385025,TRUE,0.456808224790436,1.00268358629509,-0.350845605737315,FALSE,0.590728079281747,1.00098669617179
788,"rand=1-1_rate=1.5_ROB=L_UH_Bias=NRE strong","1-1",1.5,"L_UH","NRE strong",0,0.048790164169432,0.0953101798043249,0.048790164169432,0.182321556793955,0.300104592450338,0.0652030490119428,0.066244936299211,-0.208517937848146,TRUE,0.651398993193807,1.001050718356,-0.190225857698373,TRUE,0.490226577351592,1.00098599828009,-0.280691595534982,FALSE,0.627562906443274,1.00100755444072,-0.117381004254802,TRUE,0.951263023278528,1.00099378874458
789,"rand=1-1_rate=1.5_ROB=L_UH_Bias=NRE strong","1-1",1.5,"L_UH","NRE strong",0,0.048790164169432,0.0953101798043249,0.048790164169432,0.182321556793955,0.300104592450338,0.0698960813364485,0.0708825799084469,-0.131935299628501,TRUE,0.444330141800078,1.00103341384247,-0.203707089470755,FALSE,0.388680962949022,1.0010196072027,-0.0277023216879511,TRUE,0.534006932905945,1.00100645795533,-0.337738566316287,FALSE,0.58888747621249,1.00098901065405
790,"rand=1-1_rate=1.5_ROB=L_UH_Bias=NRE strong","1-1",1.5,"L_UH","NRE strong",0,0.048790164169432,0.0953101798043249,0.048790164169432,0.182321556793955,0.300104592450338,0.0693232350659081,0.0702755391487737,-0.161449419795999,TRUE,0.515706294346242,1.00100036372208,-0.181603659704693,TRUE,0.48136067529326,1.00099067597507,-0.080466856062402,TRUE,0.583935044361444,1.00102642833854,-0.285874478616028,TRUE,0.992915213033594,1.00100147502636
791,"rand=1-1_rate=1.5_ROB=L_UH_Bias=NRE strong","1-1",1.5,"L_UH","NRE strong",0,0.048790164169432,0.0953101798043249,0.048790164169432,0.182321556793955,0.300104592450338,0.0826639965422911,0.086274162817844,-0.105312092823916,TRUE,0.490908602098092,1.00115540997225,-0.256715833784722,FALSE,0.512655456248213,1.00098602469173,-0.059289697223915,TRUE,0.466139565751074,1.00100097637618,-0.487978905123641,TRUE,1.28958200322401,1.00098877741867
792,"rand=1-1_rate=1.5_ROB=L_UH_Bias=NRE strong","1-1",1.5,"L_UH","NRE strong",0,0.048790164169432,0.0953101798043249,0.048790164169432,0.182321556793955,0.300104592450338,0.0737268207113962,0.0749206896763834,-0.0826948156065548,TRUE,0.546033428424116,1.00098641259051,-0.0909507798638749,TRUE,0.443576609251036,1.00098858114634,-0.0825471374850588,TRUE,0.505055797782463,1.00099499489969,-0.116809360736411,TRUE,0.996433886587783,1.001018645316
793,"rand=1-1_rate=1.5_ROB=L_UH_Bias=NRE strong","1-1",1.5,"L_UH","NRE strong",0,0.048790164169432,0.0953101798043249,0.048790164169432,0.182321556793955,0.300104592450338,0.0593409857346753,0.0623281106014652,0.0196033445281237,TRUE,0.425089538322639,1.00217066539064,-0.0520232882347524,TRUE,0.400646907796469,1.00101699889482,0.0141310405088004,TRUE,0.456213054391599,1.0013321639333,-0.121427130860858,TRUE,0.89841191772773,1.00098621613172
794,"rand=1-1_rate=1.5_ROB=L_UH_Bias=NRE strong","1-1",1.5,"L_UH","NRE strong",0,0.048790164169432,0.0953101798043249,0.048790164169432,0.182321556793955,0.300104592450338,0.0678014225003233,0.0683806070133143,-0.133317939475328,TRUE,0.554087452713066,1.0010950235258,-0.241787758152434,TRUE,0.565094325058017,1.0009950896308,-0.1275956254438,TRUE,0.535652642342873,1.00141652000935,-0.382640007053731,TRUE,1.49435885381675,1.00101581917315
795,"rand=1-1_rate=1.5_ROB=L_UH_Bias=NRE strong","1-1",1.5,"L_UH","NRE strong",0,0.048790164169432,0.0953101798043249,0.048790164169432,0.182321556793955,0.300104592450338,0.0633396176226976,0.0663312151774696,-0.0956028380179579,TRUE,0.540524507454424,1.00105826210697,-0.155095505538024,TRUE,0.457042077959557,1.00098765335151,-0.10225133810564,TRUE,0.614182183531257,1.00109075473151,-0.205342848376352,TRUE,0.858833016512821,1.00103591225879
796,"rand=1-1_rate=1.5_ROB=L_UH_Bias=NRE strong","1-1",1.5,"L_UH","NRE strong",0,0.048790164169432,0.0953101798043249,0.048790164169432,0.182321556793955,0.300104592450338,0.0671137714646777,0.0688977402735421,0.0106927709343276,TRUE,0.559921788349944,1.00098755649097,0.0423110892046604,TRUE,0.410447004944321,1.00099737446415,-0.0932769898731614,TRUE,0.664655879101451,1.00129617922544,0.164253901634796,TRUE,0.589004804222348,1.00098960067629
797,"rand=1-1_rate=1.5_ROB=L_UH_Bias=NRE strong","1-1",1.5,"L_UH","NRE strong",0,0.048790164169432,0.0953101798043249,0.048790164169432,0.182321556793955,0.300104592450338,0.0812836911462695,0.0843002684206002,-0.0738932801647512,TRUE,0.504817149974945,1.00098711197231,-0.0935466735697397,TRUE,0.398625283914517,1.00102033519662,-0.0493701629548646,TRUE,0.599567459255692,1.001163678791,-0.125321617240689,TRUE,0.670301142519073,1.00098891461316
798,"rand=1-1_rate=1.5_ROB=L_UH_Bias=NRE strong","1-1",1.5,"L_UH","NRE strong",0,0.048790164169432,0.0953101798043249,0.048790164169432,0.182321556793955,0.300104592450338,0.0623716554767962,0.0630325526842549,0.139954154469518,TRUE,0.435567872619888,1.00118199948015,0.0655066951911537,TRUE,0.393253665874774,1.00099066870381,0.190066361762719,TRUE,0.393480289498041,1.00098842366478,-0.0820479289188862,TRUE,0.927201179280821,1.00099593835002
799,"rand=1-1_rate=1.5_ROB=L_UH_Bias=NRE strong","1-1",1.5,"L_UH","NRE strong",0,0.048790164169432,0.0953101798043249,0.048790164169432,0.182321556793955,0.300104592450338,0.0544362720331513,0.0582421638032975,-0.0761156498435838,TRUE,0.468116803888278,1.00103083883314,-0.188500561582703,TRUE,0.413710843503294,1.00099323415562,-0.0449023460013582,TRUE,0.448055363744643,1.00100221486785,-0.31368347596023,TRUE,0.903881703830456,1.00099054558689
800,"rand=1-1_rate=1.5_ROB=L_UH_Bias=NRE strong","1-1",1.5,"L_UH","NRE strong",0,0.048790164169432,0.0953101798043249,0.048790164169432,0.182321556793955,0.300104592450338,0.0640931240580189,0.0677816301200756,0.0271510509485547,TRUE,0.420104893352137,1.00205542058451,-0.0781567565525771,TRUE,0.382712963072051,1.00099392402813,0.0806714928694986,TRUE,0.382445387598078,1.00106482004899,-0.234040455370834,TRUE,0.911243120786874,1.0009981477739
801,"rand=1-1_rate=1.5_ROB=L_UH_Bias=NRE strong","1-1",1.5,"L_UH","NRE strong",0,0.048790164169432,0.0953101798043249,0.048790164169432,0.182321556793955,0.300104592450338,0.0688685075275697,0.0742562362740001,0.00379937324256763,TRUE,0.56246444619492,1.00102802252114,0.00485188741328435,TRUE,0.409370205138338,1.00098608134619,-0.0873251891760196,TRUE,0.631412612868662,1.0011291021759,0.0822347907016265,TRUE,0.661404093888472,1.00098750719157
802,"rand=1-1_rate=1.5_ROB=L_UH_Bias=NRE strong","1-1",1.5,"L_UH","NRE strong",0,0.048790164169432,0.0953101798043249,0.048790164169432,0.182321556793955,0.300104592450338,0.0762707088862795,0.078490186569252,-0.123077879751677,TRUE,0.583093831784874,1.00109703693179,-0.0843910940678234,TRUE,0.403150924906906,1.00106599821002,-0.206262438814002,TRUE,0.564064760824674,1.00101061126134,0.00654805627275534,TRUE,0.712361349416787,1.00099109961317
803,"rand=1-1_rate=1.5_ROB=L_UH_Bias=NRE strong","1-1",1.5,"L_UH","NRE strong",0,0.048790164169432,0.0953101798043249,0.048790164169432,0.182321556793955,0.300104592450338,0.0629841483762894,0.0629841483762894,-0.0165344511003334,TRUE,0.431234245286268,1.00103238631811,-0.0819313295597526,TRUE,0.327984870409874,1.00102821293911,0.106753008874047,TRUE,0.372037769483232,1.00098993663946,-0.220819878448813,TRUE,0.578541872851223,1.00099577658977
804,"rand=1-1_rate=1.5_ROB=L_UH_Bias=NRE strong","1-1",1.5,"L_UH","NRE strong",0,0.048790164169432,0.0953101798043249,0.048790164169432,0.182321556793955,0.300104592450338,0.0812275285841893,0.0821192319578297,0.0292569826145674,TRUE,0.44946699328172,1.00108953163877,-0.116013794301403,TRUE,0.398702825187183,1.00100755245465,-0.00271116404670702,TRUE,0.566113426165556,1.00101498879183,-0.211989205666011,TRUE,0.673324393360101,1.00098746339398
805,"rand=1-1_rate=1.5_ROB=L_UH_Bias=NRE strong","1-1",1.5,"L_UH","NRE strong",0,0.048790164169432,0.0953101798043249,0.048790164169432,0.182321556793955,0.300104592450338,0.0693025683456207,0.0713846853036357,-0.0540479604841124,TRUE,0.490732465472446,1.00099032769134,-0.099148797211484,TRUE,0.336635424858723,1.00111830792949,0.0764294809907644,TRUE,0.451811892568161,1.00099809790279,-0.208215049240983,TRUE,0.512842807972774,1.00099417347722
806,"rand=1-1_rate=1.5_ROB=L_UH_Bias=NRE strong","1-1",1.5,"L_UH","NRE strong",0,0.048790164169432,0.0953101798043249,0.048790164169432,0.182321556793955,0.300104592450338,0.0525775214543408,0.0543471188754874,-0.011553039162318,TRUE,0.507405525549497,1.00106160246662,0.0591856953278994,TRUE,0.3507198816596,1.00100734230025,0.121800165207548,TRUE,0.553401388718133,1.00106799349131,0.0108710128868291,TRUE,0.54796773785349,1.0010272684429
807,"rand=1-1_rate=1.5_ROB=L_UH_Bias=NRE strong","1-1",1.5,"L_UH","NRE strong",0,0.048790164169432,0.0953101798043249,0.048790164169432,0.182321556793955,0.300104592450338,0.0750013733488489,0.0758127124371681,-0.0984383346860811,TRUE,0.454478866390836,1.00100287064615,-0.19994451548357,TRUE,0.48595401794127,1.00100201332269,0.0224650756490157,TRUE,0.469532030640352,1.00099416239971,-0.477368474888121,FALSE,0.971381858530951,1.00098695927447
808,"rand=1-1_rate=1.5_ROB=L_UH_Bias=NRE strong","1-1",1.5,"L_UH","NRE strong",0,0.048790164169432,0.0953101798043249,0.048790164169432,0.182321556793955,0.300104592450338,0.0601897781684571,0.0607660168227272,-0.101113588901592,TRUE,0.485585438162762,1.00099392929003,-0.081999554344468,TRUE,0.314455350938944,1.00098695925813,-0.178760530543923,TRUE,0.591770017384149,1.00237110337311,-0.0385920746558395,TRUE,0.431132074727099,1.00100383733082
809,"rand=1-1_rate=1.5_ROB=L_UH_Bias=NRE strong","1-1",1.5,"L_UH","NRE strong",0,0.048790164169432,0.0953101798043249,0.048790164169432,0.182321556793955,0.300104592450338,0.0796776821678599,0.0811958687894459,-0.287424884450443,FALSE,0.559960082328527,1.00118118978719,-0.239682209955635,FALSE,0.360352445494378,1.00100318408516,-0.407872169328016,FALSE,0.634204528199577,1.00101640560233,-0.157166375524929,TRUE,0.506835274671019,1.00103247043053
810,"rand=1-1_rate=1.5_ROB=L_UH_Bias=NRE strong","1-1",1.5,"L_UH","NRE strong",0,0.048790164169432,0.0953101798043249,0.048790164169432,0.182321556793955,0.300104592450338,0.0670427948245857,0.0707181508080433,-0.0516443327485698,TRUE,0.421744178323622,1.00098714321152,-0.13510202372918,TRUE,0.325132005841662,1.00099583019043,-0.00251072414457498,TRUE,0.615691035505473,1.00106009449049,-0.196700659374438,FALSE,0.361556212752154,1.00100272612063
811,"rand=1-1_rate=1.5_ROB=L_UH_Bias=NRE strong","1-1",1.5,"L_UH","NRE strong",0,0.048790164169432,0.0953101798043249,0.048790164169432,0.182321556793955,0.300104592450338,0.0605849611526137,0.0637587431596703,-0.0653466634145814,TRUE,0.546229932677563,1.00101671804188,0.00197092372598151,TRUE,0.384661614519964,1.00105599855276,-0.106657498375125,TRUE,0.555017551659753,1.00130702460963,0.0920223290241241,TRUE,0.647262615948953,1.00099303921803
812,"rand=1-1_rate=1.5_ROB=L_UH_Bias=NRE strong","1-1",1.5,"L_UH","NRE strong",0,0.048790164169432,0.0953101798043249,0.048790164169432,0.182321556793955,0.300104592450338,0.0668737743451241,0.0678160744932034,-0.0752241338014275,TRUE,0.4586333561901,1.00101227399981,-0.117394952494613,TRUE,0.33124544906771,1.00098648494309,-0.0627886234998203,TRUE,0.513747670362273,1.00098743161814,-0.155123809682126,TRUE,0.562572492338385,1.00100039365589
813,"rand=1-1_rate=1.5_ROB=L_UH_Bias=NRE strong","1-1",1.5,"L_UH","NRE strong",0,0.048790164169432,0.0953101798043249,0.048790164169432,0.182321556793955,0.300104592450338,0.0574714760949144,0.0585547252719326,-0.00283487216344036,TRUE,0.475913784610398,1.00115555643312,-0.0459047357798696,TRUE,0.372703224045608,1.00098609247974,0.0601432974454672,TRUE,0.431537436174091,1.00155266740025,-0.145572820812287,TRUE,0.798485503770294,1.00099700447484
814,"rand=1-1_rate=1.5_ROB=L_UH_Bias=NRE strong","1-1",1.5,"L_UH","NRE strong",0,0.048790164169432,0.0953101798043249,0.048790164169432,0.182321556793955,0.300104592450338,0.0620020880699435,0.0635687714505865,-0.0339589316700939,TRUE,0.499102566166971,1.00101694508709,-0.0616633808788472,TRUE,0.392805101243293,1.00100906054629,0.0719974083573105,TRUE,0.548039130306776,1.00106173064769,-0.178381515816227,TRUE,0.613663491686977,1.00099838999118
815,"rand=1-1_rate=1.5_ROB=L_UH_Bias=NRE strong","1-1",1.5,"L_UH","NRE strong",0,0.048790164169432,0.0953101798043249,0.048790164169432,0.182321556793955,0.300104592450338,0.0714394240081416,0.0725732577176589,-0.0684963337325342,TRUE,0.502669171421132,1.00118523025742,-0.105342699154515,TRUE,0.368031751824677,1.00105210022533,-0.122094797045707,TRUE,0.565821500936564,1.00106707842323,-0.098639303928143,TRUE,0.627378649911953,1.00098832004077
816,"rand=1-1_rate=1.5_ROB=L_UH_Bias=NRE strong","1-1",1.5,"L_UH","NRE strong",0,0.048790164169432,0.0953101798043249,0.048790164169432,0.182321556793955,0.300104592450338,0.0754881736307541,0.076237329730164,-0.0321488988282046,TRUE,0.453403674121034,1.00116548218441,-0.110378186334009,TRUE,0.432629269130185,1.00099058944069,0.0326687489525183,TRUE,0.442612502145354,1.00106818992745,-0.266756853410268,TRUE,1.03356314226763,1.00098866632772
817,"rand=1-1_rate=1.5_ROB=L_UH_Bias=NRE strong","1-1",1.5,"L_UH","NRE strong",0,0.048790164169432,0.0953101798043249,0.048790164169432,0.182321556793955,0.300104592450338,0.0817221793630209,0.0829006918260822,0.0361801931037984,TRUE,0.401432954913236,1.00112772778777,-0.0552579382416845,TRUE,0.401190785484683,1.00113278727019,0.126666313679562,TRUE,0.414117359279548,1.00099878460488,-0.239735240709999,TRUE,0.788810716416682,1.00101832668031
818,"rand=1-1_rate=1.5_ROB=L_UH_Bias=NRE strong","1-1",1.5,"L_UH","NRE strong",0,0.048790164169432,0.0953101798043249,0.048790164169432,0.182321556793955,0.300104592450338,0.0848620304215562,0.0859770273101246,-0.045740884814949,TRUE,0.595222108803101,1.00101791625028,-0.130193644793887,TRUE,0.573662008590662,1.00098687422033,-0.0837742988984611,TRUE,0.91698878900284,1.00101436541243,-0.181940946677767,TRUE,0.89023965628747,1.00099875452931
819,"rand=1-1_rate=1.5_ROB=L_UH_Bias=NRE strong","1-1",1.5,"L_UH","NRE strong",0,0.048790164169432,0.0953101798043249,0.048790164169432,0.182321556793955,0.300104592450338,0.0860000159736115,0.0862449541027192,-0.0965174365467381,TRUE,0.53831344005162,1.00098998242328,-0.148016355722397,TRUE,0.381748917487893,1.00101525902195,-0.301034055699596,FALSE,0.649838943773725,1.00098678355092,-0.0523600157049851,TRUE,0.541565270480287,1.00098711584056
820,"rand=1-1_rate=1.5_ROB=L_UH_Bias=NRE strong","1-1",1.5,"L_UH","NRE strong",0,0.048790164169432,0.0953101798043249,0.048790164169432,0.182321556793955,0.300104592450338,0.0755741969266714,0.0781370658644109,-0.144512855755086,TRUE,0.534980990030836,1.00108310021686,-0.188639066774195,TRUE,0.451853173815929,1.00099054951823,-0.0374235498977618,TRUE,0.506501834100904,1.00098605736338,-0.327636139131101,TRUE,0.903474667478575,1.0009927976455
821,"rand=1-1_rate=1.5_ROB=L_UH_Bias=NRE strong","1-1",1.5,"L_UH","NRE strong",0,0.048790164169432,0.0953101798043249,0.048790164169432,0.182321556793955,0.300104592450338,0.0663361764120728,0.074076002911562,-0.0265367381477002,TRUE,0.542638739713033,1.00107429055434,-0.0826192807855946,TRUE,0.464501617497547,1.00098907839049,-0.0770479613525552,TRUE,0.542230563966165,1.00104002005316,-0.100544287680284,TRUE,1.04018899021365,1.00101746583072
822,"rand=1-1_rate=1.5_ROB=L_UH_Bias=NRE strong","1-1",1.5,"L_UH","NRE strong",0,0.048790164169432,0.0953101798043249,0.048790164169432,0.182321556793955,0.300104592450338,0.0668211409460439,0.069064241257609,-0.212719413254643,TRUE,0.593385775818315,1.00100008299863,-0.259415510047308,FALSE,0.444770081505592,1.00099398399631,-0.131549331350687,TRUE,0.622329148566348,1.00138478522736,-0.366606160525085,FALSE,0.779327831630144,1.00099803064659
823,"rand=1-1_rate=1.5_ROB=L_UH_Bias=NRE strong","1-1",1.5,"L_UH","NRE strong",0,0.048790164169432,0.0953101798043249,0.048790164169432,0.182321556793955,0.300104592450338,0.0764040378239721,0.0799398410346166,0.0322328801999412,TRUE,0.392873632794552,1.00114873240553,-0.0361012668723111,TRUE,0.266161831568535,1.00123800806886,0.0218388763753989,TRUE,0.434534503158869,1.00114262711652,-0.0623328152015055,TRUE,0.444962912584942,1.00099856483731
824,"rand=1-1_rate=1.5_ROB=L_UH_Bias=NRE strong","1-1",1.5,"L_UH","NRE strong",0,0.048790164169432,0.0953101798043249,0.048790164169432,0.182321556793955,0.300104592450338,0.0797350388546267,0.0829143956415601,-0.227211591528752,TRUE,0.517493172064485,1.00100758762124,-0.247392417730463,FALSE,0.364241871992873,1.00103077254646,0.00454418410935353,TRUE,0.474952325195016,1.00103678571243,-0.381425155332167,FALSE,0.490879190352687,1.00098646382472
825,"rand=1-1_rate=1.5_ROB=L_UH_Bias=NRE strong","1-1",1.5,"L_UH","NRE strong",0,0.048790164169432,0.0953101798043249,0.048790164169432,0.182321556793955,0.300104592450338,0.0666718886858428,0.0686325862890262,-0.049364952050762,TRUE,0.513785189509493,1.00101677111207,-0.122663019305677,TRUE,0.461662001215998,1.00100070749087,-0.092482248121774,TRUE,0.594917198178769,1.00102975433998,-0.151422489104555,TRUE,0.966373933242113,1.00099872831572
826,"rand=1-1_rate=1.5_ROB=L_UH_Bias=NRE strong","1-1",1.5,"L_UH","NRE strong",0,0.048790164169432,0.0953101798043249,0.048790164169432,0.182321556793955,0.300104592450338,0.0677810709570349,0.0683991089427273,-0.0874409132490181,TRUE,0.515162104837459,1.00105805551528,-0.133216630960036,TRUE,0.371899113267784,1.00100734393202,-0.109315265519671,TRUE,0.607096455542437,1.00101140994828,-0.148359350907387,TRUE,0.598620149302029,1.00099211860325
827,"rand=1-1_rate=1.5_ROB=L_UH_Bias=NRE strong","1-1",1.5,"L_UH","NRE strong",0,0.048790164169432,0.0953101798043249,0.048790164169432,0.182321556793955,0.300104592450338,0.0549645904523161,0.0601047165334877,-0.135903628167987,TRUE,0.624044732499995,1.00130804022921,-0.155969069303371,TRUE,0.510945165132623,1.00102091700507,-0.0309198608838099,TRUE,0.527411573210013,1.00153242658546,-0.312128971425728,TRUE,1.22333602592557,1.00100535219954
828,"rand=1-1_rate=1.5_ROB=L_UH_Bias=NRE strong","1-1",1.5,"L_UH","NRE strong",0,0.048790164169432,0.0953101798043249,0.048790164169432,0.182321556793955,0.300104592450338,0.0792431260915468,0.0814060302277707,-0.144986202207627,TRUE,0.549104717693324,1.0010179662964,-0.113130786672267,TRUE,0.351732845303099,1.00100291777252,-0.313233308895565,FALSE,0.599917154236962,1.00120937636997,-0.00697280269292855,TRUE,0.516068458944032,1.00098606586042
829,"rand=1-1_rate=1.5_ROB=L_UH_Bias=NRE strong","1-1",1.5,"L_UH","NRE strong",0,0.048790164169432,0.0953101798043249,0.048790164169432,0.182321556793955,0.300104592450338,0.0921899303346143,0.0948314776881579,-0.18108929656636,TRUE,0.62058782297301,1.00134936727454,-0.303491340200888,FALSE,0.626890747000201,1.00099003027725,-0.254774231965914,TRUE,0.637874742092309,1.00146542511272,-0.348235962540373,TRUE,1.61520148632977,1.00098646352007
830,"rand=1-1_rate=1.5_ROB=L_UH_Bias=NRE strong","1-1",1.5,"L_UH","NRE strong",0,0.048790164169432,0.0953101798043249,0.048790164169432,0.182321556793955,0.300104592450338,0.0694574816261236,0.0698965917701017,0.0895082905396051,TRUE,0.398710903435312,1.00113329605953,0.0205129268002088,TRUE,0.361348673722293,1.00101304804933,0.116941735664933,TRUE,0.39019659597719,1.00253776945117,-0.0774284881836427,TRUE,0.794644072867718,1.00105283913044
831,"rand=1-1_rate=1.5_ROB=L_UH_Bias=NRE strong","1-1",1.5,"L_UH","NRE strong",0,0.048790164169432,0.0953101798043249,0.048790164169432,0.182321556793955,0.300104592450338,0.0804447908453192,0.0820560118985643,-0.11818020512125,TRUE,0.59507856162199,1.0009860599849,-0.147670401005216,TRUE,0.51406291423519,1.00098763430945,-0.149842408959168,TRUE,0.577663216438837,1.00104699472367,-0.140578757772579,TRUE,1.21257987965848,1.00102225009983
832,"rand=1-1_rate=1.5_ROB=L_UH_Bias=NRE strong","1-1",1.5,"L_UH","NRE strong",0,0.048790164169432,0.0953101798043249,0.048790164169432,0.182321556793955,0.300104592450338,0.0743823829022552,0.0749964328501802,0.0309165626337681,TRUE,0.483490397152698,1.00175757007964,-0.0242058058222709,TRUE,0.400474755572759,1.00098599002796,0.12559532326877,TRUE,0.371487503762644,1.00312131155745,-0.204493668860668,TRUE,0.99335196616839,1.00110370453218
833,"rand=1-1_rate=1.5_ROB=L_UH_Bias=NRE strong","1-1",1.5,"L_UH","NRE strong",0,0.048790164169432,0.0953101798043249,0.048790164169432,0.182321556793955,0.300104592450338,0.0726850236971823,0.0733515303632304,0.0640663948508342,TRUE,0.441313380780587,1.0011788853217,0.050640828098458,TRUE,0.317136652520013,1.00109045754203,0.137811728513871,TRUE,0.441828547057961,1.00111826137747,-0.0181241347280774,TRUE,0.544729766363833,1.00099035850199
834,"rand=1-1_rate=1.5_ROB=L_UH_Bias=NRE strong","1-1",1.5,"L_UH","NRE strong",0,0.048790164169432,0.0953101798043249,0.048790164169432,0.182321556793955,0.300104592450338,0.0642024660122405,0.0654545660416588,0.143869126610394,TRUE,0.314823283557193,1.00098751356862,0.0524675028493433,TRUE,0.321218863806413,1.00103764498271,0.0190385038336204,TRUE,0.416463124386796,1.00160004583478,0.0771872940674113,TRUE,0.689281358975698,1.00107321298987
835,"rand=1-1_rate=1.5_ROB=L_UH_Bias=NRE strong","1-1",1.5,"L_UH","NRE strong",0,0.048790164169432,0.0953101798043249,0.048790164169432,0.182321556793955,0.300104592450338,0.0704839732885743,0.0728734764018046,0.0202241499410024,TRUE,0.468701404849818,1.00100131440096,-0.042097002766851,TRUE,0.361171521693938,1.00102366795526,0.0424306496569538,TRUE,0.454144589092575,1.00098995723059,-0.116186910495568,TRUE,0.711708636076277,1.00100423876665
836,"rand=1-1_rate=1.5_ROB=L_UH_Bias=NRE strong","1-1",1.5,"L_UH","NRE strong",0,0.048790164169432,0.0953101798043249,0.048790164169432,0.182321556793955,0.300104592450338,0.0709926476724877,0.0725361849239868,-0.161506101666477,TRUE,0.6058433859281,1.00098897952024,-0.208623342130271,TRUE,0.459776665833831,1.00100527532551,-0.0742521952270354,TRUE,0.542145997160818,1.0013303408878,-0.322991854768132,TRUE,0.934984440130089,1.00099426532685
837,"rand=1-1_rate=1.5_ROB=L_UH_Bias=NRE strong","1-1",1.5,"L_UH","NRE strong",0,0.048790164169432,0.0953101798043249,0.048790164169432,0.182321556793955,0.300104592450338,0.0828472861922113,0.0840280206066465,0.0948279256808731,TRUE,0.446957288184329,1.0009860756582,0.0374259127652502,TRUE,0.368811420189755,1.00098706774737,0.104227842773304,TRUE,0.51164207984775,1.00107882866201,-0.0172050816530025,TRUE,0.692132891535519,1.00099941477956
838,"rand=1-1_rate=1.5_ROB=L_UH_Bias=NRE strong","1-1",1.5,"L_UH","NRE strong",0,0.048790164169432,0.0953101798043249,0.048790164169432,0.182321556793955,0.300104592450338,0.0662805431247393,0.0680983387087022,-0.147800587008206,TRUE,0.576026103097492,1.00120982434224,-0.10883200275761,TRUE,0.395413613855095,1.00102043782493,-0.00718203738544965,TRUE,0.573316070967673,1.00115412802952,-0.202992181530075,TRUE,0.650202256403601,1.00099192254312
839,"rand=1-1_rate=1.5_ROB=L_UH_Bias=NRE strong","1-1",1.5,"L_UH","NRE strong",0,0.048790164169432,0.0953101798043249,0.048790164169432,0.182321556793955,0.300104592450338,0.064157348409528,0.0664212807151416,-0.296625147732088,FALSE,0.53159400252293,1.00100529279317,-0.267606704998016,FALSE,0.383161834179415,1.00099931039158,-0.382341572448774,FALSE,0.793813691338278,1.00107195048211,-0.213877693559374,TRUE,0.471645623235573,1.00103477523216
840,"rand=1-1_rate=1.5_ROB=L_UH_Bias=NRE strong","1-1",1.5,"L_UH","NRE strong",0,0.048790164169432,0.0953101798043249,0.048790164169432,0.182321556793955,0.300104592450338,0.067829188799781,0.0708131528988684,-0.0969122253506984,TRUE,0.490548035919976,1.00107817896323,-0.0972400336660901,TRUE,0.338517534473761,1.00098859376411,-0.148584457288589,TRUE,0.569769838928412,1.00106443004436,-0.0632915221844221,TRUE,0.522096762905061,1.00099791179076
841,"rand=1-1_rate=1.5_ROB=L_UH_Bias=NRE strong","1-1",1.5,"L_UH","NRE strong",0,0.048790164169432,0.0953101798043249,0.048790164169432,0.182321556793955,0.300104592450338,0.0703911251539032,0.0727048741203933,-0.193641834888643,TRUE,0.541763385658755,1.00121722342483,-0.317674881711613,FALSE,0.489850372300439,1.00100356612337,-0.160585460137359,TRUE,0.58620167180575,1.00104777693269,-0.469449533726406,FALSE,0.95996963243002,1.00099809465241
842,"rand=1-1_rate=1.5_ROB=L_UH_Bias=NRE strong","1-1",1.5,"L_UH","NRE strong",0,0.048790164169432,0.0953101798043249,0.048790164169432,0.182321556793955,0.300104592450338,0.0772926414943276,0.0784045542443957,0.0505249613548208,TRUE,0.470988927363069,1.00098748256836,-0.0510282622619704,TRUE,0.375435511115671,1.00098667463257,0.0583761764029344,TRUE,0.46926448521683,1.00107913969451,-0.138569924541119,TRUE,0.727629234238499,1.00098864076311
843,"rand=1-1_rate=1.5_ROB=L_UH_Bias=NRE strong","1-1",1.5,"L_UH","NRE strong",0,0.048790164169432,0.0953101798043249,0.048790164169432,0.182321556793955,0.300104592450338,0.0744230589452534,0.0750242100649995,0.151469982736219,TRUE,0.360660637197971,1.00133525891,0.04829634078335,TRUE,0.337832700863449,1.00098602047996,0.0554204007542316,TRUE,0.453367359778845,1.00141843374455,0.0510575040079499,TRUE,0.662941675839217,1.00105186436116
844,"rand=1-1_rate=1.5_ROB=L_UH_Bias=NRE strong","1-1",1.5,"L_UH","NRE strong",0,0.048790164169432,0.0953101798043249,0.048790164169432,0.182321556793955,0.300104592450338,0.0778064079999848,0.0784271606958176,-0.0680623892929679,TRUE,0.420013792391756,1.00104562143543,-0.100593164177768,TRUE,0.229404071035769,1.0010334148136,-0.0402140769911654,TRUE,0.490289406635604,1.00158517381912,-0.118613447947859,TRUE,0.303560368094853,1.00110676673553
845,"rand=1-1_rate=1.5_ROB=L_UH_Bias=NRE strong","1-1",1.5,"L_UH","NRE strong",0,0.048790164169432,0.0953101798043249,0.048790164169432,0.182321556793955,0.300104592450338,0.0648731856622857,0.0659822889479308,0.0473397910987886,TRUE,0.447662125987343,1.00103115615483,-0.0438424594640328,TRUE,0.411339038997365,1.00098625025043,-0.0542223704607412,TRUE,0.605364581468758,1.00111154533735,-0.0347263859819227,TRUE,0.734678632496428,1.00104228257389
846,"rand=1-1_rate=1.5_ROB=L_UH_Bias=NRE strong","1-1",1.5,"L_UH","NRE strong",0,0.048790164169432,0.0953101798043249,0.048790164169432,0.182321556793955,0.300104592450338,0.0792460443640473,0.0809671425676614,-0.098190242690438,TRUE,0.534852601096277,1.00146845030414,-0.0885820312848258,TRUE,0.365526430069624,1.00098612422462,-0.125580158620667,TRUE,0.606648302885004,1.00117405864416,-0.0639853886189659,TRUE,0.561124149265183,1.00101307498416
847,"rand=1-1_rate=1.5_ROB=L_UH_Bias=NRE strong","1-1",1.5,"L_UH","NRE strong",0,0.048790164169432,0.0953101798043249,0.048790164169432,0.182321556793955,0.300104592450338,0.0746425074831597,0.0775438368515296,0.0543277341972369,TRUE,0.383073981039355,1.00105452260284,-0.0849298805615566,TRUE,0.425245985297589,1.00100305217249,0.120135328277245,TRUE,0.373549002605584,1.00103567168527,-0.308609214804597,TRUE,1.04904783651132,1.00106868424264
848,"rand=1-1_rate=1.5_ROB=L_UH_Bias=NRE strong","1-1",1.5,"L_UH","NRE strong",0,0.048790164169432,0.0953101798043249,0.048790164169432,0.182321556793955,0.300104592450338,0.0892956741538988,0.0910860983333227,-0.265233259531385,TRUE,0.633784393493376,1.00106316876455,-0.347777790510279,FALSE,0.469976478916955,1.00099567228125,-0.0857885809326246,TRUE,0.550495912869975,1.00102230663966,-0.567402007642844,FALSE,0.724213618328214,1.00098601529048
849,"rand=1-1_rate=1.5_ROB=L_UH_Bias=NRE strong","1-1",1.5,"L_UH","NRE strong",0,0.048790164169432,0.0953101798043249,0.048790164169432,0.182321556793955,0.300104592450338,0.0613421702501703,0.0639987563226047,-0.0721865235449863,TRUE,0.448345473309,1.00121663797631,-0.0453742815705231,TRUE,0.309472795417049,1.00102197424853,-0.214277922127177,TRUE,0.566558389432457,1.00101266681901,0.037794207316455,TRUE,0.405638179083945,1.00101470379492
850,"rand=1-1_rate=1.5_ROB=L_UH_Bias=NRE strong","1-1",1.5,"L_UH","NRE strong",0,0.048790164169432,0.0953101798043249,0.048790164169432,0.182321556793955,0.300104592450338,0.066944372925624,0.0692110396579837,-0.0179808381259376,TRUE,0.499147623555943,1.00108739806339,-0.0979596417537278,TRUE,0.434550038706321,1.00098600313437,0.0442981420788858,TRUE,0.457740057576359,1.0012281689928,-0.260499068329931,TRUE,0.954948187227719,1.00100283738074
851,"rand=1-1_rate=1.5_ROB=L_UH_Bias=NRE strong","1-1",1.5,"L_UH","NRE strong",0,0.048790164169432,0.0953101798043249,0.048790164169432,0.182321556793955,0.300104592450338,0.0599416988155849,0.0620269104767223,-0.0282264115514996,TRUE,0.529539469845477,1.00131622576444,-0.0517522352437172,TRUE,0.408211079854306,1.00100456465598,-0.0670357474856274,TRUE,0.581884201001451,1.00098664381304,-0.0425462347143553,TRUE,0.762511774127178,1.00098693792298
852,"rand=1-1_rate=1.5_ROB=L_UH_Bias=NRE strong","1-1",1.5,"L_UH","NRE strong",0,0.048790164169432,0.0953101798043249,0.048790164169432,0.182321556793955,0.300104592450338,0.0712287446224923,0.074128283062171,-0.0512617094439309,TRUE,0.534290793292205,1.00099689377349,-0.122234761066635,TRUE,0.485155281764039,1.00106134653816,0.0180846752591455,TRUE,0.514617395067889,1.00111678468459,-0.316495576228611,TRUE,1.10979337611778,1.00098604360175
853,"rand=1-1_rate=1.5_ROB=L_UH_Bias=NRE strong","1-1",1.5,"L_UH","NRE strong",0,0.048790164169432,0.0953101798043249,0.048790164169432,0.182321556793955,0.300104592450338,0.0716279850027556,0.0754482601596233,-0.033471243660685,TRUE,0.472929252093806,1.00107113629278,-0.0296088340692426,TRUE,0.316463567651415,1.00103041864195,-0.0211130801040222,TRUE,0.458466201277137,1.0009938870125,-0.0315265018635569,TRUE,0.582116628170547,1.00099159256557
854,"rand=1-1_rate=1.5_ROB=L_UH_Bias=NRE strong","1-1",1.5,"L_UH","NRE strong",0,0.048790164169432,0.0953101798043249,0.048790164169432,0.182321556793955,0.300104592450338,0.06969484659472,0.0719078667839761,0.047193616571555,TRUE,0.498208596028038,1.00109883672703,-0.155204298629807,TRUE,0.518433470034678,1.00100898971263,-0.249496015717477,TRUE,0.733124088791958,1.00124924114348,-0.0696605398948749,TRUE,0.956367839492206,1.00098636093868
855,"rand=1-1_rate=1.5_ROB=L_UH_Bias=NRE strong","1-1",1.5,"L_UH","NRE strong",0,0.048790164169432,0.0953101798043249,0.048790164169432,0.182321556793955,0.300104592450338,0.076239051364411,0.0790748654685793,-0.0622128193195537,TRUE,0.404329213005353,1.00105153643595,-0.0517801983927053,TRUE,0.259778151369581,1.0010855732277,-0.08480086308576,TRUE,0.484868517204546,1.00118252775837,-0.0433722265623819,TRUE,0.381831944915324,1.00099242196104
856,"rand=1-1_rate=1.5_ROB=L_UH_Bias=NRE strong","1-1",1.5,"L_UH","NRE strong",0,0.048790164169432,0.0953101798043249,0.048790164169432,0.182321556793955,0.300104592450338,0.0773739580215427,0.0775700960719879,-0.0301148543710237,TRUE,0.49874463055023,1.00109416535428,-0.0918771613800478,TRUE,0.369249619498642,1.00103459994335,0.0715428133926567,TRUE,0.474630485639121,1.00100083616345,-0.229553163665135,TRUE,0.602158468572995,1.00098841072146
857,"rand=1-1_rate=1.5_ROB=L_UH_Bias=NRE strong","1-1",1.5,"L_UH","NRE strong",0,0.048790164169432,0.0953101798043249,0.048790164169432,0.182321556793955,0.300104592450338,0.0733603381789147,0.0751038237112102,-0.194078922210319,TRUE,0.563448462868137,1.00098804796101,-0.191030168808852,TRUE,0.40580875533125,1.00108105870475,-0.15637707382161,TRUE,0.578227887399049,1.00101903665994,-0.217596836329335,TRUE,0.716372024753201,1.0009862262329
858,"rand=1-1_rate=1.5_ROB=L_UH_Bias=NRE strong","1-1",1.5,"L_UH","NRE strong",0,0.048790164169432,0.0953101798043249,0.048790164169432,0.182321556793955,0.300104592450338,0.0665803242117967,0.0692249925804726,0.0465735990549226,TRUE,0.525428679280078,1.00099228017275,-0.0299060806314595,TRUE,0.465474217345079,1.00101473552281,-0.0938621718390147,TRUE,0.70674257345245,1.00104085311195,0.0299732962032052,TRUE,0.797947350667414,1.00098917699184
859,"rand=1-1_rate=1.5_ROB=L_UH_Bias=NRE strong","1-1",1.5,"L_UH","NRE strong",0,0.048790164169432,0.0953101798043249,0.048790164169432,0.182321556793955,0.300104592450338,0.0751802552877392,0.0753514480795369,-0.180860563240541,TRUE,0.59184610283862,1.00098713569519,-0.111142486043698,TRUE,0.36039527171371,1.00112335890018,-0.322958568958541,FALSE,0.550853360712968,1.00102141933926,0.0105060485108779,TRUE,0.573536076558794,1.00101097202431
860,"rand=1-1_rate=1.5_ROB=L_UH_Bias=NRE strong","1-1",1.5,"L_UH","NRE strong",0,0.048790164169432,0.0953101798043249,0.048790164169432,0.182321556793955,0.300104592450338,0.0681265645100146,0.0699934446783886,0.0555319401891892,TRUE,0.427840062557252,1.00101819430988,0.0877225292926754,TRUE,0.29569327844465,1.0010635951208,-0.0217939583992022,TRUE,0.483333657633653,1.00098605665965,0.156501312898472,TRUE,0.443426479442354,1.00098623608979
861,"rand=1-1_rate=1.5_ROB=L_UH_Bias=NRE strong","1-1",1.5,"L_UH","NRE strong",0,0.048790164169432,0.0953101798043249,0.048790164169432,0.182321556793955,0.300104592450338,0.063972668399008,0.0649239930728086,0.00600791334239226,TRUE,0.583676122177945,1.00106945392683,0.0270945931309072,TRUE,0.429417072429531,1.00098869160193,-0.155001336572194,TRUE,0.584392250924465,1.00109147087488,0.19808782816644,TRUE,0.696976630270866,1.00099871665438
862,"rand=1-1_rate=1.5_ROB=L_UH_Bias=NRE strong","1-1",1.5,"L_UH","NRE strong",0,0.048790164169432,0.0953101798043249,0.048790164169432,0.182321556793955,0.300104592450338,0.0808575635751968,0.0814660015327422,0.113172259511505,TRUE,0.39667514586453,1.00100129293655,0.0643125337490628,TRUE,0.310160352761471,1.00099721790502,0.126980460047424,TRUE,0.397031250283617,1.00109557929231,0.020993671288522,TRUE,0.630399675695299,1.00099575395914
863,"rand=1-1_rate=1.5_ROB=L_UH_Bias=NRE strong","1-1",1.5,"L_UH","NRE strong",0,0.048790164169432,0.0953101798043249,0.048790164169432,0.182321556793955,0.300104592450338,0.0733975428336039,0.0736673690997172,0.0793445014015474,TRUE,0.429469784512883,1.00098673017068,0.0144570829186305,TRUE,0.333454563422799,1.00099081188749,0.0942042754305983,TRUE,0.468284686383929,1.0012990440553,-0.0481280588774355,TRUE,0.595960814395279,1.00100073833662
864,"rand=1-1_rate=1.5_ROB=L_UH_Bias=NRE strong","1-1",1.5,"L_UH","NRE strong",0,0.048790164169432,0.0953101798043249,0.048790164169432,0.182321556793955,0.300104592450338,0.0564016732310251,0.0619927606479724,0.0164938450169265,TRUE,0.460217108758624,1.00102609303769,-0.0432550998274042,TRUE,0.372678918568639,1.00100168038229,0.0412039579129431,TRUE,0.464455303672956,1.00102759963356,-0.129533493490332,TRUE,0.73897373383192,1.00098600832145
865,"rand=1-1_rate=1.5_ROB=L_UH_Bias=NRE strong","1-1",1.5,"L_UH","NRE strong",0,0.048790164169432,0.0953101798043249,0.048790164169432,0.182321556793955,0.300104592450338,0.061748854810194,0.0641362308379167,-0.0230177866475876,TRUE,0.504916430363162,1.00121181684334,-0.0437553676225135,TRUE,0.397177470274207,1.00099932556069,-0.00457442225854865,TRUE,0.458920772103049,1.00101298886114,-0.0861752459126028,TRUE,0.865123556582863,1.00098600745281
866,"rand=1-1_rate=1.5_ROB=L_UH_Bias=NRE strong","1-1",1.5,"L_UH","NRE strong",0,0.048790164169432,0.0953101798043249,0.048790164169432,0.182321556793955,0.300104592450338,0.0724946761694905,0.0736194787562136,0.00125272890086225,TRUE,0.464736008332795,1.00113684512611,-0.0985511739508682,TRUE,0.387020432041875,1.0009912837137,-0.128130821536666,TRUE,0.522996267232333,1.00115393171082,-0.0786450063919859,TRUE,0.721691513362884,1.00098713682237
867,"rand=1-1_rate=1.5_ROB=L_UH_Bias=NRE strong","1-1",1.5,"L_UH","NRE strong",0,0.048790164169432,0.0953101798043249,0.048790164169432,0.182321556793955,0.300104592450338,0.0671080507843114,0.0694115623787248,-0.0688621761353945,TRUE,0.530866402301647,1.00132273301869,-0.0810820085324506,TRUE,0.386391988807868,1.00113112482842,0.0551395099381241,TRUE,0.456200792946173,1.00099891542765,-0.214838653177303,TRUE,0.739853450723951,1.0009863580538
868,"rand=1-1_rate=1.5_ROB=L_UH_Bias=NRE strong","1-1",1.5,"L_UH","NRE strong",0,0.048790164169432,0.0953101798043249,0.048790164169432,0.182321556793955,0.300104592450338,0.0744658028781617,0.0758008731423176,-0.213219129607324,TRUE,0.654733659554161,1.00100461783555,-0.206929143829145,TRUE,0.486268729128916,1.00099197276224,-0.103366959599682,TRUE,0.777966360637102,1.00100889626389,-0.302721921545996,TRUE,0.719528117757709,1.0010004234284
869,"rand=1-1_rate=1.5_ROB=L_UH_Bias=NRE strong","1-1",1.5,"L_UH","NRE strong",0,0.048790164169432,0.0953101798043249,0.048790164169432,0.182321556793955,0.300104592450338,0.0660099246791845,0.0684984742820593,-0.0430784838543325,TRUE,0.411013519692146,1.00110993278581,-0.0720052827161553,TRUE,0.242801945511746,1.00103118658256,0.0882763804810446,TRUE,0.380375549622125,1.00131671854872,-0.137149765224903,TRUE,0.331374090413285,1.00099993490488
870,"rand=1-1_rate=1.5_ROB=L_UH_Bias=NRE strong","1-1",1.5,"L_UH","NRE strong",0,0.048790164169432,0.0953101798043249,0.048790164169432,0.182321556793955,0.300104592450338,0.0806666359361466,0.0817383168987055,-0.016597897600158,TRUE,0.506759264548807,1.00098881425309,0.013102613701664,TRUE,0.367123894380785,1.00098602439225,0.0631161047885369,TRUE,0.500773710714606,1.00101156899499,-0.0363301900307031,TRUE,0.680417453467226,1.00105118417364
871,"rand=1-1_rate=1.5_ROB=L_UH_Bias=NRE strong","1-1",1.5,"L_UH","NRE strong",0,0.048790164169432,0.0953101798043249,0.048790164169432,0.182321556793955,0.300104592450338,0.0768768283904376,0.078473043278663,0.0191324655472063,TRUE,0.515481379421789,1.00102240795627,-0.0596379117207195,TRUE,0.409683625926903,1.00099066785537,-0.147422004196722,TRUE,0.729968863014312,1.00104136560525,0.00921210329202204,TRUE,0.556850070641582,1.00100253506019
872,"rand=1-1_rate=1.5_ROB=L_UH_Bias=NRE strong","1-1",1.5,"L_UH","NRE strong",0,0.048790164169432,0.0953101798043249,0.048790164169432,0.182321556793955,0.300104592450338,0.0670346296643679,0.0691957114614323,0.0352666260418242,TRUE,0.427177977875191,1.0009953765992,0.0495556711019725,TRUE,0.282973157026272,1.00103897904091,0.128296746554566,TRUE,0.504584002277447,1.00118156813815,0.00791839808411765,TRUE,0.404289417283791,1.00098813799388
873,"rand=1-1_rate=1.5_ROB=L_UH_Bias=NRE strong","1-1",1.5,"L_UH","NRE strong",0,0.048790164169432,0.0953101798043249,0.048790164169432,0.182321556793955,0.300104592450338,0.0740377814212353,0.0760039832173316,-0.273481859962396,FALSE,0.591954165126716,1.00102290857626,-0.349019608848366,FALSE,0.493986935062237,1.00101722509163,-0.213336895905335,TRUE,0.715810970125235,1.0010137026852,-0.467763650618988,FALSE,0.820333954150387,1.00098612561898
874,"rand=1-1_rate=1.5_ROB=L_UH_Bias=NRE strong","1-1",1.5,"L_UH","NRE strong",0,0.048790164169432,0.0953101798043249,0.048790164169432,0.182321556793955,0.300104592450338,0.0719850593605066,0.0724542299344732,-0.221341790835757,TRUE,0.55578401254798,1.00102020058643,-0.153397386811211,TRUE,0.398462254430223,1.00098639738984,-0.153310515470601,TRUE,0.558653241641608,1.00098681226872,-0.151687073521539,TRUE,0.736808060565062,1.00099466689615
875,"rand=1-1_rate=1.5_ROB=L_UH_Bias=NRE strong","1-1",1.5,"L_UH","NRE strong",0,0.048790164169432,0.0953101798043249,0.048790164169432,0.182321556793955,0.300104592450338,0.0905743844278432,0.092284443321494,0.0174695367144542,TRUE,0.472366004731619,1.00098708207199,-0.105038776542331,TRUE,0.465808479603069,1.00098619810092,0.0630170552179553,TRUE,0.432057346950313,1.00117155379343,-0.291128023171567,TRUE,1.15888180609432,1.00098611918808
876,"rand=1-1_rate=1.5_ROB=L_UH_Bias=NRE strong","1-1",1.5,"L_UH","NRE strong",0,0.048790164169432,0.0953101798043249,0.048790164169432,0.182321556793955,0.300104592450338,0.0678423798333566,0.071813709872007,-0.0340593577883335,TRUE,0.379692677571512,1.00107149549942,-0.0804812411503937,TRUE,0.262815915200125,1.00102235431699,0.0495038753703045,TRUE,0.444975140478242,1.00098868004109,-0.129530917515509,TRUE,0.391462826601753,1.00099034125173
877,"rand=1-1_rate=1.5_ROB=L_UH_Bias=NRE strong","1-1",1.5,"L_UH","NRE strong",0,0.048790164169432,0.0953101798043249,0.048790164169432,0.182321556793955,0.300104592450338,0.0592090663921446,0.062410781248252,-0.180399057311337,TRUE,0.519716655731334,1.00101583481175,-0.250612150308076,FALSE,0.389158125870014,1.00100607838911,-0.255989616690683,TRUE,0.583878104115474,1.00098608674705,-0.248357051046108,TRUE,0.673360121695254,1.00098620848323
878,"rand=1-1_rate=1.5_ROB=L_UH_Bias=NRE strong","1-1",1.5,"L_UH","NRE strong",0,0.048790164169432,0.0953101798043249,0.048790164169432,0.182321556793955,0.300104592450338,0.0783125493472163,0.0797701172433865,-0.218116649634108,TRUE,0.628956189869428,1.00098639066453,-0.285714150541282,FALSE,0.493593346363788,1.00098640143806,-0.0180675704431268,TRUE,0.546500040149258,1.00111158720851,-0.565633153940605,FALSE,0.724824563808469,1.00098945612216
879,"rand=1-1_rate=1.5_ROB=L_UH_Bias=NRE strong","1-1",1.5,"L_UH","NRE strong",0,0.048790164169432,0.0953101798043249,0.048790164169432,0.182321556793955,0.300104592450338,0.0731228001944502,0.0741415255632684,0.00596090278538186,TRUE,0.453994777417747,1.00135254578057,-0.0517697369398527,TRUE,0.402015062291363,1.00101449282824,-0.0621571362465554,TRUE,0.461980137756508,1.00213858637173,-0.0372263583428909,TRUE,0.911873692362603,1.00099831762549
880,"rand=1-1_rate=1.5_ROB=L_UH_Bias=NRE strong","1-1",1.5,"L_UH","NRE strong",0,0.048790164169432,0.0953101798043249,0.048790164169432,0.182321556793955,0.300104592450338,0.0629766421798589,0.0640171093597767,0.0832983529794601,TRUE,0.39960124075386,1.00107268805392,-0.0206572175771083,TRUE,0.431525861485306,1.00098777750179,0.00295866570912529,TRUE,0.486307442177363,1.00111995566951,-0.0570699541558866,TRUE,0.996643818136726,1.00102505362781
881,"rand=1-1_rate=1.5_ROB=L_UH_Bias=NRE strong","1-1",1.5,"L_UH","NRE strong",0,0.048790164169432,0.0953101798043249,0.048790164169432,0.182321556793955,0.300104592450338,0.063021544850423,0.0636489403926033,-0.107801782232297,TRUE,0.444672998479405,1.00120612784749,-0.167360438651529,FALSE,0.274141271912759,1.00107953758096,-0.137567699040197,TRUE,0.548235916587794,1.00102655245247,-0.179719888696388,FALSE,0.376576384909215,1.00100154545308
882,"rand=1-1_rate=1.5_ROB=L_UH_Bias=NRE strong","1-1",1.5,"L_UH","NRE strong",0,0.048790164169432,0.0953101798043249,0.048790164169432,0.182321556793955,0.300104592450338,0.0700724573978724,0.0723155659048604,-0.0665916516862912,TRUE,0.504665298736899,1.00115086702088,-0.187092504327614,TRUE,0.438345292394864,1.00098679812736,-0.19774801948723,TRUE,0.573043687737913,1.00117825437178,-0.173039776427603,TRUE,0.850807531276727,1.00099493721391
883,"rand=1-1_rate=1.5_ROB=L_UH_Bias=NRE strong","1-1",1.5,"L_UH","NRE strong",0,0.048790164169432,0.0953101798043249,0.048790164169432,0.182321556793955,0.300104592450338,0.0647654562766624,0.0664729311778334,-0.0577838768439636,TRUE,0.589917662003359,1.00113701044017,-0.0397860809735389,TRUE,0.435571473722931,1.00098805308162,-0.0169586156289634,TRUE,0.623009177526197,1.00104371459233,-0.0635353773559004,TRUE,0.821919212163855,1.00098930518428
884,"rand=1-1_rate=1.5_ROB=L_UH_Bias=NRE strong","1-1",1.5,"L_UH","NRE strong",0,0.048790164169432,0.0953101798043249,0.048790164169432,0.182321556793955,0.300104592450338,0.0720917917023462,0.0735904125963546,0.0158633665190162,TRUE,0.468190215227966,1.00107609451031,-0.12514774952437,TRUE,0.47043508826551,1.00100373305973,-0.140116311110515,TRUE,0.599113341992558,1.00157926700554,-0.0975433815102111,TRUE,0.947638134465814,1.00105054070612
885,"rand=1-1_rate=1.5_ROB=L_UH_Bias=NRE strong","1-1",1.5,"L_UH","NRE strong",0,0.048790164169432,0.0953101798043249,0.048790164169432,0.182321556793955,0.300104592450338,0.0645012372003194,0.0681277954408419,-0.00572396046536472,TRUE,0.498353416791532,1.00099639566932,0.020651550927131,TRUE,0.372382612401573,1.00100897737905,0.0019834913634974,TRUE,0.4968632126826,1.00098994771239,0.0367811683284875,TRUE,0.750368776261117,1.00104514994401
886,"rand=1-1_rate=1.5_ROB=L_UH_Bias=NRE strong","1-1",1.5,"L_UH","NRE strong",0,0.048790164169432,0.0953101798043249,0.048790164169432,0.182321556793955,0.300104592450338,0.0846998199533947,0.0858285082890156,0.131511987986466,TRUE,0.400844171402217,1.00098790460395,0.0462776625995007,TRUE,0.321042080590762,1.00099172965289,0.138839210921092,TRUE,0.434526407123416,1.00114428065287,-0.0218979104189836,TRUE,0.578136435535199,1.00100427583105
887,"rand=1-1_rate=1.5_ROB=L_UH_Bias=NRE strong","1-1",1.5,"L_UH","NRE strong",0,0.048790164169432,0.0953101798043249,0.048790164169432,0.182321556793955,0.300104592450338,0.0711056020479644,0.0728355086063962,0.101053755435121,TRUE,0.455736585947907,1.00099310884618,-0.0142008377642335,TRUE,0.418579692963696,1.00098662104831,-0.021173331436517,TRUE,0.586882582558789,1.00099222932902,-0.00252954743818101,TRUE,0.806847476895299,1.00100817933449
888,"rand=1-1_rate=1.5_ROB=L_UH_Bias=NRE strong","1-1",1.5,"L_UH","NRE strong",0,0.048790164169432,0.0953101798043249,0.048790164169432,0.182321556793955,0.300104592450338,0.0846931782251699,0.0861128749860756,-0.212942848868188,TRUE,0.594634118001155,1.00099747208877,-0.264820544822399,FALSE,0.44554812855599,1.00099617791472,-0.382747309528396,FALSE,0.637457485197978,1.00311467466543,-0.183772154423883,TRUE,0.765222648024557,1.00099832325643
889,"rand=1-1_rate=1.5_ROB=L_UH_Bias=NRE strong","1-1",1.5,"L_UH","NRE strong",0,0.048790164169432,0.0953101798043249,0.048790164169432,0.182321556793955,0.300104592450338,0.0713815536121793,0.074790992508085,-0.118869754559359,TRUE,0.501383504710543,1.00098623451179,-0.16844518059438,TRUE,0.356625017908909,1.00120819262529,-0.0770312369966391,TRUE,0.482018970702388,1.00102762550996,-0.234416705794128,TRUE,0.641858047770954,1.00105628044148
890,"rand=1-1_rate=1.5_ROB=L_UH_Bias=NRE strong","1-1",1.5,"L_UH","NRE strong",0,0.048790164169432,0.0953101798043249,0.048790164169432,0.182321556793955,0.300104592450338,0.0721340933944326,0.0730156352384121,-0.16627089198877,TRUE,0.486180533102074,1.00098922560073,-0.144487207188129,TRUE,0.336054957112165,1.00136180896858,-0.19154898433877,TRUE,0.725807689286335,1.00099257338642,-0.120141825037579,TRUE,0.367914790580995,1.00098996720877
891,"rand=1-1_rate=1.5_ROB=L_UH_Bias=NRE strong","1-1",1.5,"L_UH","NRE strong",0,0.048790164169432,0.0953101798043249,0.048790164169432,0.182321556793955,0.300104592450338,0.0744032605042453,0.0750006867924538,0.123395596139551,TRUE,0.414900154510803,1.00101578746928,0.0828840510634807,TRUE,0.378491516661218,1.00099121626533,0.217040868449577,TRUE,0.471583784647208,1.00104229889756,-0.0676393127549486,TRUE,0.691829534975348,1.0010146687711
892,"rand=1-1_rate=1.5_ROB=L_UH_Bias=NRE strong","1-1",1.5,"L_UH","NRE strong",0,0.048790164169432,0.0953101798043249,0.048790164169432,0.182321556793955,0.300104592450338,0.0724904239872067,0.0741754025361042,-0.0081241285884015,TRUE,0.477348459351911,1.00106393290285,-0.0385133889274505,TRUE,0.333634612442453,1.00098600828177,0.00720354307220628,TRUE,0.629899528028876,1.00101393908718,-0.0681106642357137,TRUE,0.454238385557905,1.00098598994275
893,"rand=1-1_rate=1.5_ROB=L_UH_Bias=NRE strong","1-1",1.5,"L_UH","NRE strong",0,0.048790164169432,0.0953101798043249,0.048790164169432,0.182321556793955,0.300104592450338,0.0586837373591919,0.0613009324780305,-0.0719948971668865,TRUE,0.568197250458749,1.00104057347747,-0.0368561679111601,TRUE,0.41094524831651,1.00098607013536,0.0425175624061553,TRUE,0.525038884369852,1.00103876470775,-0.123620141006773,TRUE,0.837167462452962,1.00102297253446
894,"rand=1-1_rate=1.5_ROB=L_UH_Bias=NRE strong","1-1",1.5,"L_UH","NRE strong",0,0.048790164169432,0.0953101798043249,0.048790164169432,0.182321556793955,0.300104592450338,0.0729142056852025,0.0768009105729705,0.0139327471306591,TRUE,0.489036950063526,1.00099137151717,-0.00729926539626446,TRUE,0.390012383495035,1.0009899516015,-0.0370995915948655,TRUE,0.49015587892179,1.00106386415961,0.0319536842204075,TRUE,0.784974545180493,1.00098772437744
895,"rand=1-1_rate=1.5_ROB=L_UH_Bias=NRE strong","1-1",1.5,"L_UH","NRE strong",0,0.048790164169432,0.0953101798043249,0.048790164169432,0.182321556793955,0.300104592450338,0.0771935353420853,0.0790177510991815,-0.045082243852574,TRUE,0.523721783614781,1.00099204288936,-0.135910221859775,TRUE,0.412421984373881,1.00099381368209,0.00365884578216391,TRUE,0.55080535211441,1.00102209229476,-0.252554390680566,TRUE,0.715086142525031,1.0009860624276
896,"rand=1-1_rate=1.5_ROB=L_UH_Bias=NRE strong","1-1",1.5,"L_UH","NRE strong",0,0.048790164169432,0.0953101798043249,0.048790164169432,0.182321556793955,0.300104592450338,0.0801100176952366,0.0822242815905293,0.0696427319235511,TRUE,0.414715524535385,1.0010015431612,0.0148084678625517,TRUE,0.317605725092267,1.00104107910675,0.125065759101794,TRUE,0.391716159109999,1.00104586986311,-0.0693318018929647,TRUE,0.623575256995126,1.00099008885346
897,"rand=1-1_rate=1.5_ROB=L_UH_Bias=NRE strong","1-1",1.5,"L_UH","NRE strong",0,0.048790164169432,0.0953101798043249,0.048790164169432,0.182321556793955,0.300104592450338,0.0631856413768159,0.0634777248029817,-0.193114690209001,TRUE,0.461682744971849,1.00127620001445,-0.292821209308207,FALSE,0.30970532287855,1.00110117089154,-0.0224628811876257,TRUE,0.470162230687415,1.00170544532106,-0.393031245258584,FALSE,0.336096570459251,1.00099105924198
898,"rand=1-1_rate=1.5_ROB=L_UH_Bias=NRE strong","1-1",1.5,"L_UH","NRE strong",0,0.048790164169432,0.0953101798043249,0.048790164169432,0.182321556793955,0.300104592450338,0.0774326924120649,0.0791108357363119,0.0384195104670914,TRUE,0.420494485366611,1.00219153673505,-0.0509584861105588,TRUE,0.354146335355653,1.00098699535202,0.058945855423478,TRUE,0.408466586207195,1.00100218549517,-0.136905234096949,TRUE,0.757994660462119,1.00099545688836
899,"rand=1-1_rate=1.5_ROB=L_UH_Bias=NRE strong","1-1",1.5,"L_UH","NRE strong",0,0.048790164169432,0.0953101798043249,0.048790164169432,0.182321556793955,0.300104592450338,0.0781427286193466,0.0794813725750273,-0.16833308095397,TRUE,0.477222211192038,1.00100902150645,-0.204482800529946,FALSE,0.334994811580445,1.00101040084879,-0.132837107701758,TRUE,0.600871987823096,1.00133445917024,-0.242045600357736,FALSE,0.479977121880855,1.0009921753985
900,"rand=1-1_rate=1.5_ROB=L_UH_Bias=NRE strong","1-1",1.5,"L_UH","NRE strong",0,0.048790164169432,0.0953101798043249,0.048790164169432,0.182321556793955,0.300104592450338,0.0629377593685851,0.0651454281664619,-0.049180475907358,TRUE,0.539590598834072,1.00113661443037,-0.0468706637433722,TRUE,0.385750039628574,1.00098602247295,-0.245365409624363,TRUE,0.596383310933741,1.00132140615022,0.0872133660387718,TRUE,0.529283225854942,1.00098886763415
901,"rand=1-1_rate=1.5_ROB=L_UH_Bias=NRE strong","1-1",1.5,"L_UH","NRE strong",0,0.048790164169432,0.0953101798043249,0.048790164169432,0.182321556793955,0.300104592450338,0.0816614417563545,0.0823707234934192,-0.0419088502669496,TRUE,0.441102650337729,1.00209442330796,-0.0907930338992351,TRUE,0.360362907195527,1.00099988731851,-0.0417749475723153,TRUE,0.506029209469747,1.00122432749378,-0.125094761514587,TRUE,0.709655874480663,1.00098614558121
902,"rand=1-1_rate=1.5_ROB=L_UH_Bias=NRE strong","1-1",1.5,"L_UH","NRE strong",0,0.048790164169432,0.0953101798043249,0.048790164169432,0.182321556793955,0.300104592450338,0.0702305073689109,0.071559295070886,-0.0930660285506542,TRUE,0.474558026641853,1.0009859901506,-0.0962998504776635,TRUE,0.378386257163729,1.00099161994966,-0.175719607352668,TRUE,0.605060563213925,1.00140060837774,-0.045501584960743,TRUE,0.599153278641416,1.00100426640889
903,"rand=1-1_rate=1.5_ROB=L_UH_Bias=NRE strong","1-1",1.5,"L_UH","NRE strong",0,0.048790164169432,0.0953101798043249,0.048790164169432,0.182321556793955,0.300104592450338,0.0704253684054571,0.0726947638902411,-0.101582239098848,TRUE,0.421743336262993,1.00128240748019,-0.0361029669023696,TRUE,0.282303348877264,1.00098676413953,-0.188375915607935,TRUE,0.556254047915649,1.00099692453098,0.0284530124475297,TRUE,0.358255960504877,1.00098783795728
904,"rand=1-1_rate=1.5_ROB=L_UH_Bias=NRE strong","1-1",1.5,"L_UH","NRE strong",0,0.048790164169432,0.0953101798043249,0.048790164169432,0.182321556793955,0.300104592450338,0.0793747220897237,0.0811985563702313,0.0377815646700977,TRUE,0.508761527002568,1.00101205017799,-0.0974067447533109,TRUE,0.537219402668803,1.00098671713838,0.0608531649363094,TRUE,0.544124107271131,1.00099639209468,-0.313704804337559,TRUE,1.37213713262879,1.00107787681049
905,"rand=1-1_rate=1.5_ROB=L_UH_Bias=NRE strong","1-1",1.5,"L_UH","NRE strong",0,0.048790164169432,0.0953101798043249,0.048790164169432,0.182321556793955,0.300104592450338,0.0699884319627549,0.0716386522384588,0.0551767659022647,TRUE,0.458631534800952,1.00105671669899,0.016113247724703,TRUE,0.347322015981736,1.00102310684308,0.165385253066543,TRUE,0.374626940202374,1.0012724594465,-0.115692394917019,TRUE,0.714549329026876,1.00098812824659
906,"rand=1-1_rate=1.5_ROB=L_UH_Bias=NRE strong","1-1",1.5,"L_UH","NRE strong",0,0.048790164169432,0.0953101798043249,0.048790164169432,0.182321556793955,0.300104592450338,0.083344172927196,0.0843897650023178,0.0076068098644515,TRUE,0.469609183813538,1.00098665743745,-0.038130610567136,TRUE,0.333090294211082,1.0010232925306,-0.0228146135991183,TRUE,0.540004092106115,1.00100979845884,-0.0477043929806595,TRUE,0.544275797188699,1.00100413840913
907,"rand=1-1_rate=1.5_ROB=L_UH_Bias=NRE strong","1-1",1.5,"L_UH","NRE strong",0,0.048790164169432,0.0953101798043249,0.048790164169432,0.182321556793955,0.300104592450338,0.0723067088452047,0.0746729122715018,-0.181986488012968,TRUE,0.62722460890622,1.00146348322352,-0.136184702948627,TRUE,0.475899158613957,1.00098610708823,-0.31601025859014,FALSE,0.572335695237431,1.00143245610835,0.0205540321563187,TRUE,0.879558736751157,1.00100121369035
908,"rand=1-1_rate=1.5_ROB=L_UH_Bias=NRE strong","1-1",1.5,"L_UH","NRE strong",0,0.048790164169432,0.0953101798043249,0.048790164169432,0.182321556793955,0.300104592450338,0.0795416982242471,0.0806204243142394,0.0486633279806807,TRUE,0.42064870889545,1.00100991194622,-0.0489047305382695,TRUE,0.368313269795946,1.00102091317856,0.0292689624495582,TRUE,0.443266890641923,1.00100693498702,-0.107643296584733,TRUE,0.781340195926474,1.00100701458754
909,"rand=1-1_rate=1.5_ROB=L_UH_Bias=NRE strong","1-1",1.5,"L_UH","NRE strong",0,0.048790164169432,0.0953101798043249,0.048790164169432,0.182321556793955,0.300104592450338,0.0833218311969396,0.0854035266640711,-0.115354693127617,TRUE,0.521335529497267,1.00107407099161,-0.131976810474428,TRUE,0.357096667630314,1.00103198476963,-0.0899423112147464,TRUE,0.583616275370965,1.00103672609965,-0.159004904080959,TRUE,0.565741211362333,1.00098613958092
910,"rand=1-1_rate=1.5_ROB=L_UH_Bias=NRE strong","1-1",1.5,"L_UH","NRE strong",0,0.048790164169432,0.0953101798043249,0.048790164169432,0.182321556793955,0.300104592450338,0.0795789513022637,0.0820789400288627,-0.043138406431213,TRUE,0.456044478218274,1.00098948676003,-0.0900461725518586,TRUE,0.291202987552735,1.00103495606796,0.103075447887472,TRUE,0.398240152009948,1.00101978870462,-0.191674328848903,TRUE,0.431167631998388,1.00098741571372
911,"rand=1-1_rate=1.5_ROB=L_UH_Bias=NRE strong","1-1",1.5,"L_UH","NRE strong",0,0.048790164169432,0.0953101798043249,0.048790164169432,0.182321556793955,0.300104592450338,0.0836278226043277,0.0840446047662471,-0.101775560901538,TRUE,0.533217027684016,1.00098599171563,-0.19649912411597,TRUE,0.469002942230222,1.00102557653889,-0.144764153496256,TRUE,0.719604157421033,1.00100225027543,-0.244517333911591,TRUE,0.818360554930042,1.00098628548719
912,"rand=1-1_rate=1.5_ROB=L_UH_Bias=NRE strong","1-1",1.5,"L_UH","NRE strong",0,0.048790164169432,0.0953101798043249,0.048790164169432,0.182321556793955,0.300104592450338,0.0633263957859747,0.0658734655654853,-0.107995342729889,TRUE,0.586691455500278,1.00102077973685,-0.108055023156544,TRUE,0.477444492567708,1.00101000645656,-0.0221124409863527,TRUE,0.512959843274636,1.00127778082774,-0.202056419760289,TRUE,1.11939467810055,1.00101449781277
913,"rand=1-1_rate=1.5_ROB=L_UH_Bias=NRE strong","1-1",1.5,"L_UH","NRE strong",0,0.048790164169432,0.0953101798043249,0.048790164169432,0.182321556793955,0.300104592450338,0.0672478878553511,0.0683847815257983,-0.0575733134238885,TRUE,0.639982405368285,1.0010503113189,-0.0662808901220036,TRUE,0.452265532051109,1.00098710531951,0.0571282188015955,TRUE,0.597488230516667,1.00101604815883,-0.212515488350108,TRUE,0.820230912198694,1.00101873915474
914,"rand=1-1_rate=1.5_ROB=L_UH_Bias=NRE strong","1-1",1.5,"L_UH","NRE strong",0,0.048790164169432,0.0953101798043249,0.048790164169432,0.182321556793955,0.300104592450338,0.0636989393592551,0.0654825217995541,-0.0212582780887294,TRUE,0.438261798778461,1.0009965172679,-0.00770349056876585,TRUE,0.277656668986716,1.00103010681849,-0.0968664820873699,TRUE,0.4820806195879,1.0010418175152,0.0376244081895684,TRUE,0.416122837273698,1.00110856241622
915,"rand=1-1_rate=1.5_ROB=L_UH_Bias=NRE strong","1-1",1.5,"L_UH","NRE strong",0,0.048790164169432,0.0953101798043249,0.048790164169432,0.182321556793955,0.300104592450338,0.0757844471809892,0.0773997708300471,-0.104134784577643,TRUE,0.524023394206158,1.00107653611761,-0.129501793832685,TRUE,0.364183912191806,1.0009987936218,-0.196945851451901,TRUE,0.579300379916489,1.00105432589156,-0.0898384733176272,TRUE,0.618986974740065,1.00098672031913
916,"rand=1-1_rate=1.5_ROB=L_UH_Bias=NRE strong","1-1",1.5,"L_UH","NRE strong",0,0.048790164169432,0.0953101798043249,0.048790164169432,0.182321556793955,0.300104592450338,0.0626970339514298,0.0636487660846106,-0.117991657120734,TRUE,0.522356780932231,1.00125122387896,-0.2104054142002,FALSE,0.425716007147337,1.00098599448333,-0.0405030875764847,TRUE,0.468112747323438,1.00100476463712,-0.36225846335464,TRUE,0.879885334186229,1.00100296485716
917,"rand=1-1_rate=1.5_ROB=L_UH_Bias=NRE strong","1-1",1.5,"L_UH","NRE strong",0,0.048790164169432,0.0953101798043249,0.048790164169432,0.182321556793955,0.300104592450338,0.0714261098849098,0.0731793058383727,0.0295626010543261,TRUE,0.480845464281682,1.00100573570175,-0.0335659189012603,TRUE,0.427247478281148,1.00099836076552,0.0554888973011783,TRUE,0.461795818924938,1.00119362230351,-0.140897384125845,TRUE,1.00449705355843,1.00100510110107
918,"rand=1-1_rate=1.5_ROB=L_UH_Bias=NRE strong","1-1",1.5,"L_UH","NRE strong",0,0.048790164169432,0.0953101798043249,0.048790164169432,0.182321556793955,0.300104592450338,0.0595647547564445,0.0657390538694163,-0.0846197769097878,TRUE,0.493564857836327,1.0012484208571,-0.176257923313833,TRUE,0.380173441566324,1.00100675675711,0.0182832772584698,TRUE,0.47787221179893,1.00099927411196,-0.315431598237269,FALSE,0.589593630853707,1.00100330876744
919,"rand=1-1_rate=1.5_ROB=L_UH_Bias=NRE strong","1-1",1.5,"L_UH","NRE strong",0,0.048790164169432,0.0953101798043249,0.048790164169432,0.182321556793955,0.300104592450338,0.085160588796251,0.0859428016973284,0.00784996178177999,TRUE,0.453609257209708,1.00099794401636,-0.0740363308968648,TRUE,0.396507114757518,1.000986018137,0.00461553961566286,TRUE,0.456241736991834,1.00323501549671,-0.152255134188283,TRUE,0.861742810172575,1.00098696639278
920,"rand=1-1_rate=1.5_ROB=L_UH_Bias=NRE strong","1-1",1.5,"L_UH","NRE strong",0,0.048790164169432,0.0953101798043249,0.048790164169432,0.182321556793955,0.300104592450338,0.0615870925068824,0.0626875315138546,0.00498564264197587,TRUE,0.455937849993959,1.00101066101876,-0.0159309169463031,TRUE,0.303941001926212,1.00099293971922,0.0811502069195318,TRUE,0.442698150305494,1.00114826081056,-0.076186038029187,TRUE,0.515237812144505,1.00100195630467
921,"rand=1-1_rate=1.5_ROB=L_UH_Bias=NRE strong","1-1",1.5,"L_UH","NRE strong",0,0.048790164169432,0.0953101798043249,0.048790164169432,0.182321556793955,0.300104592450338,0.0828335677813738,0.084359264070609,-0.0420827924102218,TRUE,0.531041877740041,1.00104105849386,-0.117381690820939,TRUE,0.463190197228406,1.00098622401007,0.016340829390123,TRUE,0.423316290459747,1.00131641829985,-0.258033419976817,TRUE,1.21819117443224,1.00100402337795
922,"rand=1-1_rate=1.5_ROB=L_UH_Bias=NRE strong","1-1",1.5,"L_UH","NRE strong",0,0.048790164169432,0.0953101798043249,0.048790164169432,0.182321556793955,0.300104592450338,0.0844712106333412,0.0858625570560664,-0.132541845127441,TRUE,0.476637402982051,1.00114261272124,-0.194930833028076,FALSE,0.333707272309174,1.00102914297037,-0.141766013652209,TRUE,0.503007284222254,1.00100299990612,-0.221897665083427,TRUE,0.581887120649556,1.001035205854
923,"rand=1-1_rate=1.5_ROB=L_UH_Bias=NRE strong","1-1",1.5,"L_UH","NRE strong",0,0.048790164169432,0.0953101798043249,0.048790164169432,0.182321556793955,0.300104592450338,0.0633542503381955,0.0669153355790015,0.00188543245063177,TRUE,0.465510811595764,1.00122407167541,-0.0428324074792303,TRUE,0.403471738415479,1.00098743058336,0.0129015203323427,TRUE,0.44242814826132,1.00139484274033,-0.109171792317574,TRUE,0.926184943887638,1.00099023732862
924,"rand=1-1_rate=1.5_ROB=L_UH_Bias=NRE strong","1-1",1.5,"L_UH","NRE strong",0,0.048790164169432,0.0953101798043249,0.048790164169432,0.182321556793955,0.300104592450338,0.0732304465181622,0.0759398481672745,0.107707729091316,TRUE,0.421825660363859,1.0012344184227,0.0491156572207613,TRUE,0.322251230545444,1.00101521276399,0.178510113686897,TRUE,0.448436686954952,1.00114525535027,-0.0583168547387183,TRUE,0.492458239761757,1.00104868353484
925,"rand=1-1_rate=1.5_ROB=L_UH_Bias=NRE strong","1-1",1.5,"L_UH","NRE strong",0,0.048790164169432,0.0953101798043249,0.048790164169432,0.182321556793955,0.300104592450338,0.0781350601649726,0.0794225285013744,0.00384283205289448,TRUE,0.457390337903004,1.00104478543201,-0.0132627726295746,TRUE,0.322373545988094,1.00098746068761,-0.0263203990722811,TRUE,0.450848234133972,1.00181703882709,-0.00545369887713987,TRUE,0.593297771573134,1.00099087842092
926,"rand=1-1_rate=1.5_ROB=L_UH_Bias=NRE strong","1-1",1.5,"L_UH","NRE strong",0,0.048790164169432,0.0953101798043249,0.048790164169432,0.182321556793955,0.300104592450338,0.0690551447497587,0.07189351179858,-0.102679350039132,TRUE,0.47813584412593,1.00098690044882,-0.104040510441189,TRUE,0.404483937663116,1.00106609282942,-0.00276949750416056,TRUE,0.544634865395957,1.00099033260887,-0.193133076894599,TRUE,0.695195216097675,1.0010342700518
927,"rand=1-1_rate=1.5_ROB=L_UH_Bias=NRE strong","1-1",1.5,"L_UH","NRE strong",0,0.048790164169432,0.0953101798043249,0.048790164169432,0.182321556793955,0.300104592450338,0.0694625987324347,0.0727998017086816,-0.122353618890177,TRUE,0.51037521366814,1.00100981963028,-0.176850430655613,TRUE,0.394770681454904,1.00113972844024,-0.110390921357801,TRUE,0.721224339704013,1.00101360003444,-0.224122318230789,TRUE,0.512267306257191,1.00100835551094
928,"rand=1-1_rate=1.5_ROB=L_UH_Bias=NRE strong","1-1",1.5,"L_UH","NRE strong",0,0.048790164169432,0.0953101798043249,0.048790164169432,0.182321556793955,0.300104592450338,0.0564779710700887,0.0585203849791181,-0.0950361368117345,TRUE,0.541817444855944,1.00100404818792,-0.0772254909265022,TRUE,0.413143155520064,1.00101397617851,-0.170855645201092,TRUE,0.53749795526353,1.00113031199157,0.00797424498559751,TRUE,0.767407521616802,1.00098649327044
929,"rand=1-1_rate=1.5_ROB=L_UH_Bias=NRE strong","1-1",1.5,"L_UH","NRE strong",0,0.048790164169432,0.0953101798043249,0.048790164169432,0.182321556793955,0.300104592450338,0.0669583025825245,0.067899883679644,-0.0722195810429413,TRUE,0.534782849947089,1.00149822093195,-0.0652920110897279,TRUE,0.381535810286445,1.00105465579172,-0.166895319635682,TRUE,0.539281712109495,1.00110063292758,0.000153820221958312,TRUE,0.685242907259761,1.00098915634281
930,"rand=1-1_rate=1.5_ROB=L_UH_Bias=NRE strong","1-1",1.5,"L_UH","NRE strong",0,0.048790164169432,0.0953101798043249,0.048790164169432,0.182321556793955,0.300104592450338,0.0739451371641026,0.0756806047000505,0.0636813717692252,TRUE,0.43032811242412,1.00133422532155,-0.0509824666146879,TRUE,0.414035184466597,1.00103539488134,0.168738370882282,TRUE,0.378648022773558,1.00104585827307,-0.303477435249594,TRUE,0.876125250390649,1.00099060394163
931,"rand=1-1_rate=1.5_ROB=L_UH_Bias=NRE strong","1-1",1.5,"L_UH","NRE strong",0,0.048790164169432,0.0953101798043249,0.048790164169432,0.182321556793955,0.300104592450338,0.0708898895511861,0.0730142551985642,-0.443215241986483,FALSE,0.671022555342395,1.00098604296008,-0.42260992107938,FALSE,0.477096703246964,1.00100889934187,-0.26427858390222,TRUE,0.605481623325128,1.00183852731109,-0.547279699567851,FALSE,0.890921038880342,1.00099521461388
932,"rand=1-1_rate=1.5_ROB=L_UH_Bias=NRE strong","1-1",1.5,"L_UH","NRE strong",0,0.048790164169432,0.0953101798043249,0.048790164169432,0.182321556793955,0.300104592450338,0.0781410620888061,0.0786006378734304,0.0351378757076957,TRUE,0.394379522583575,1.00111741363811,-0.0658556366888639,TRUE,0.31844698586035,1.00099284215846,-0.0303479872097379,TRUE,0.522241625603707,1.00098862253247,-0.0885683289702279,TRUE,0.486972646744114,1.00100146150574
933,"rand=1-1_rate=1.5_ROB=L_UH_Bias=NRE strong","1-1",1.5,"L_UH","NRE strong",0,0.048790164169432,0.0953101798043249,0.048790164169432,0.182321556793955,0.300104592450338,0.0745655136086098,0.0768100768657251,-0.0242984059736382,TRUE,0.467157197969438,1.0010595010806,-0.0593387842023938,TRUE,0.327688203621947,1.0009899084112,0.0262160530286724,TRUE,0.490433674817071,1.00111815931266,-0.113651335729712,TRUE,0.535896270009135,1.00099252331295
934,"rand=1-1_rate=1.5_ROB=L_UH_Bias=NRE strong","1-1",1.5,"L_UH","NRE strong",0,0.048790164169432,0.0953101798043249,0.048790164169432,0.182321556793955,0.300104592450338,0.0701241398930859,0.071431838636506,-0.0416614100725494,TRUE,0.569310685085403,1.00111135745755,-0.149712858002617,TRUE,0.505479265249707,1.00105408481099,0.157225256906294,TRUE,0.444929239221604,1.00164926678501,-0.513651080482787,FALSE,0.847256410602386,1.00099486778619
935,"rand=1-1_rate=1.5_ROB=L_UH_Bias=NRE strong","1-1",1.5,"L_UH","NRE strong",0,0.048790164169432,0.0953101798043249,0.048790164169432,0.182321556793955,0.300104592450338,0.0607103025078854,0.0631667855372429,-0.0991811855891422,TRUE,0.529119111361147,1.00106967617333,-0.140287407851651,TRUE,0.453950930707041,1.00098637092235,-0.0826616343887649,TRUE,0.468346854936817,1.00177013947841,-0.205494807125067,TRUE,1.13551742274755,1.0009861231376
936,"rand=1-1_rate=1.5_ROB=L_UH_Bias=NRE strong","1-1",1.5,"L_UH","NRE strong",0,0.048790164169432,0.0953101798043249,0.048790164169432,0.182321556793955,0.300104592450338,0.0790816150515515,0.0803881669600276,-0.0418797000956275,TRUE,0.508137059359374,1.00108669200792,-0.0973782833360055,TRUE,0.443311315054997,1.00100178319761,-0.173990919899276,TRUE,0.623707982406743,1.00098675583097,-0.0208652462314445,TRUE,0.800748438377586,1.00098655032469
937,"rand=1-1_rate=1.5_ROB=L_UH_Bias=NRE strong","1-1",1.5,"L_UH","NRE strong",0,0.048790164169432,0.0953101798043249,0.048790164169432,0.182321556793955,0.300104592450338,0.071559907600605,0.0806854193516951,-0.164422458217559,TRUE,0.488802599576641,1.00153769524033,-0.189734927898653,TRUE,0.354677727078045,1.00120434423745,0.113723824800426,TRUE,0.433987965123256,1.00101780903589,-0.337770227475581,FALSE,0.328479071972824,1.00098599217673
938,"rand=1-1_rate=1.5_ROB=L_UH_Bias=NRE strong","1-1",1.5,"L_UH","NRE strong",0,0.048790164169432,0.0953101798043249,0.048790164169432,0.182321556793955,0.300104592450338,0.0724970050333944,0.0738647660856661,-0.00644009077467378,TRUE,0.526019271139794,1.00098604184314,0.00212240444884004,TRUE,0.382579341442966,1.00100034371343,-0.0469547859382133,TRUE,0.816034626376708,1.00098891151139,0.037359113088508,TRUE,0.454145568531626,1.00101039537166
939,"rand=1-1_rate=1.5_ROB=L_UH_Bias=NRE strong","1-1",1.5,"L_UH","NRE strong",0,0.048790164169432,0.0953101798043249,0.048790164169432,0.182321556793955,0.300104592450338,0.0842250498801873,0.0862102234688221,-0.116846046464484,TRUE,0.49698299901181,1.00102566157105,-0.140013694203572,TRUE,0.376288191243222,1.00098600022068,-0.0627364827087147,TRUE,0.477269233344051,1.0009897967157,-0.194843840856239,TRUE,0.762122276639847,1.0010735479331
940,"rand=1-1_rate=1.5_ROB=L_UH_Bias=NRE strong","1-1",1.5,"L_UH","NRE strong",0,0.048790164169432,0.0953101798043249,0.048790164169432,0.182321556793955,0.300104592450338,0.0540642817387644,0.0609282505371267,0.026914702999764,TRUE,0.489276136921536,1.00141246284953,-0.0816845990659649,TRUE,0.418408091538293,1.00099755398122,0.11806213805319,TRUE,0.455529215739913,1.00099032842865,-0.261277675152922,TRUE,0.758735793649444,1.00098980446867
941,"rand=1-1_rate=1.5_ROB=L_UH_Bias=NRE strong","1-1",1.5,"L_UH","NRE strong",0,0.048790164169432,0.0953101798043249,0.048790164169432,0.182321556793955,0.300104592450338,0.0719356967582814,0.073774665736631,-0.193159908615023,TRUE,0.543522871668276,1.00114117925993,-0.183966002455892,FALSE,0.383290661334852,1.00098629934369,-0.138566695766171,TRUE,0.505850149121223,1.00110176953295,-0.221842486722645,TRUE,0.725796010974131,1.00098704617784
942,"rand=1-1_rate=1.5_ROB=L_UH_Bias=NRE strong","1-1",1.5,"L_UH","NRE strong",0,0.048790164169432,0.0953101798043249,0.048790164169432,0.182321556793955,0.300104592450338,0.0682396169103753,0.0729818779514827,-0.119703324688021,TRUE,0.50682083788955,1.00128321378058,-0.131442922537789,TRUE,0.336075787092072,1.00099518887445,-0.219350821136433,TRUE,0.545592331881285,1.00099344089806,-0.0817675194355081,TRUE,0.56962956037822,1.00098973247325
943,"rand=1-1_rate=1.5_ROB=L_UH_Bias=NRE strong","1-1",1.5,"L_UH","NRE strong",0,0.048790164169432,0.0953101798043249,0.048790164169432,0.182321556793955,0.300104592450338,0.0676310944600954,0.0718172694052678,-0.0713811791314958,TRUE,0.435483966056992,1.00101994955987,-0.143431732406862,TRUE,0.335525568093629,1.00113439887256,-0.0190910112530827,TRUE,0.51833443260571,1.0011130666992,-0.218162920818252,TRUE,0.502787922978536,1.00099126774194
944,"rand=1-1_rate=1.5_ROB=L_UH_Bias=NRE strong","1-1",1.5,"L_UH","NRE strong",0,0.048790164169432,0.0953101798043249,0.048790164169432,0.182321556793955,0.300104592450338,0.0837853862591367,0.0851093229530307,-0.0160007647997102,TRUE,0.545465277607032,1.00114879139914,-0.0864744286288994,TRUE,0.42435013670219,1.00098975209017,-0.0254059958920205,TRUE,0.672707239798057,1.00103135446217,-0.142458115539913,TRUE,0.681305467849295,1.00106748551466
945,"rand=1-1_rate=1.5_ROB=L_UH_Bias=NRE strong","1-1",1.5,"L_UH","NRE strong",0,0.048790164169432,0.0953101798043249,0.048790164169432,0.182321556793955,0.300104592450338,0.053192401966802,0.054997269756587,-0.00384146046792599,TRUE,0.45075530942336,1.0011952436076,-0.0568117716437189,TRUE,0.368140995486295,1.00100143451653,0.130319375079649,TRUE,0.43016571634545,1.00098607588089,-0.214005990064366,TRUE,0.61994626435428,1.00098603602915
946,"rand=1-1_rate=1.5_ROB=L_UH_Bias=NRE strong","1-1",1.5,"L_UH","NRE strong",0,0.048790164169432,0.0953101798043249,0.048790164169432,0.182321556793955,0.300104592450338,0.0746193749709994,0.0754154801536976,-0.0597769461247297,TRUE,0.470777250855879,1.00113163043083,-0.118824295852315,TRUE,0.351156861250484,1.00101951305743,-0.123513901381841,TRUE,0.486447840712343,1.00107764964267,-0.123389345298092,TRUE,0.664995084640588,1.00098915193475
947,"rand=1-1_rate=1.5_ROB=L_UH_Bias=NRE strong","1-1",1.5,"L_UH","NRE strong",0,0.048790164169432,0.0953101798043249,0.048790164169432,0.182321556793955,0.300104592450338,0.0744812247919183,0.0754410484090536,-0.130875391856914,TRUE,0.53407149425878,1.00098715012265,-0.245510361377389,FALSE,0.471831776116802,1.001131447012,-0.035444263458112,TRUE,0.645404311987813,1.00106363779481,-0.461063058206919,FALSE,0.62221960696838,1.00099247446635
948,"rand=1-1_rate=1.5_ROB=L_UH_Bias=NRE strong","1-1",1.5,"L_UH","NRE strong",0,0.048790164169432,0.0953101798043249,0.048790164169432,0.182321556793955,0.300104592450338,0.0620714101407751,0.0658829320309813,0.0233638764661673,TRUE,0.370665033851625,1.00098600277373,-0.0247316564577487,TRUE,0.234691055897335,1.00113558245427,0.0499236069994918,TRUE,0.483634152708069,1.00110981714828,-0.0501818846348667,TRUE,0.297221572582832,1.00099781719801
949,"rand=1-1_rate=1.5_ROB=L_UH_Bias=NRE strong","1-1",1.5,"L_UH","NRE strong",0,0.048790164169432,0.0953101798043249,0.048790164169432,0.182321556793955,0.300104592450338,0.0674961245367376,0.06915624313049,-0.176611527115258,TRUE,0.481678545889958,1.00108183991643,-0.20376491431217,FALSE,0.360859185620121,1.00109225854796,-0.135521474175608,TRUE,0.514503836742918,1.00099948987157,-0.246664341987693,TRUE,0.631505098195809,1.00099775532214
950,"rand=1-1_rate=1.5_ROB=L_UH_Bias=NRE strong","1-1",1.5,"L_UH","NRE strong",0,0.048790164169432,0.0953101798043249,0.048790164169432,0.182321556793955,0.300104592450338,0.0717716443347455,0.0734125236931653,-0.0890957137873825,TRUE,0.565159466629653,1.00117270673798,-0.119307084345743,TRUE,0.455681026233329,1.000988704132,-0.0611181516132964,TRUE,0.517461391165493,1.00100249574903,-0.182688419096993,TRUE,1.0419817739788,1.00098602888063
951,"rand=1-1_rate=1.5_ROB=L_UH_Bias=NRE strong","1-1",1.5,"L_UH","NRE strong",0,0.048790164169432,0.0953101798043249,0.048790164169432,0.182321556793955,0.300104592450338,0.0631101758315337,0.0642069045466373,-0.0538822800126419,TRUE,0.466786620774656,1.00267864026222,-0.0402761731785388,TRUE,0.291713175222824,1.00098718975039,-0.00393661592358785,TRUE,0.446880777164243,1.00229169115671,-0.0627242324725454,TRUE,0.506937546472836,1.0010127129497
952,"rand=1-1_rate=1.5_ROB=L_UH_Bias=NRE strong","1-1",1.5,"L_UH","NRE strong",0,0.048790164169432,0.0953101798043249,0.048790164169432,0.182321556793955,0.300104592450338,0.077304872043,0.0805186872868683,-0.0421460112579368,TRUE,0.649223983907424,1.0009960356499,-0.00767239852960633,TRUE,0.440718715954864,1.00100599631306,0.209760366327295,TRUE,0.478195954524474,1.00098642528422,-0.298571310636417,FALSE,0.664512154077993,1.000993644374
953,"rand=1-1_rate=1.5_ROB=L_UH_Bias=NRE strong","1-1",1.5,"L_UH","NRE strong",0,0.048790164169432,0.0953101798043249,0.048790164169432,0.182321556793955,0.300104592450338,0.064202849232705,0.06833752245108,0.0503160111171657,TRUE,0.545266966564487,1.00164358285341,0.0167823388214886,TRUE,0.470863162463288,1.0010323217025,0.119873615858648,TRUE,0.512663519031915,1.0009890503271,-0.126817249713052,TRUE,1.11988495097579,1.00099304685556
954,"rand=1-1_rate=1.5_ROB=L_UH_Bias=NRE strong","1-1",1.5,"L_UH","NRE strong",0,0.048790164169432,0.0953101798043249,0.048790164169432,0.182321556793955,0.300104592450338,0.0782896981940518,0.0805286252825351,-0.014296640177182,TRUE,0.494086998578114,1.00109649897733,-0.0774702291310219,TRUE,0.409328345018545,1.00110122133472,-0.0932089474134814,TRUE,0.497981952680089,1.00111431894459,-0.0610431135785929,TRUE,0.88050279777515,1.00099527292088
955,"rand=1-1_rate=1.5_ROB=L_UH_Bias=NRE strong","1-1",1.5,"L_UH","NRE strong",0,0.048790164169432,0.0953101798043249,0.048790164169432,0.182321556793955,0.300104592450338,0.0795140150935411,0.0811262981125293,-0.0536091158874963,TRUE,0.524569898348101,1.00103162556064,-0.0934152482496979,TRUE,0.395147873985534,1.00100187434178,-0.00106672772167138,TRUE,0.477322047309015,1.00099120399269,-0.176082812074222,TRUE,0.804497652375768,1.00099048778463
956,"rand=1-1_rate=1.5_ROB=L_UH_Bias=NRE strong","1-1",1.5,"L_UH","NRE strong",0,0.048790164169432,0.0953101798043249,0.048790164169432,0.182321556793955,0.300104592450338,0.0581271457249434,0.0609674807632616,0.0408465246553735,TRUE,0.462592538724689,1.00115974357095,-0.0242945365597895,TRUE,0.409415851395779,1.00099270846047,-0.02633392901469,TRUE,0.44015078756674,1.00123939855797,-0.0280369975491213,TRUE,0.99410655199581,1.00098609695034
957,"rand=1-1_rate=1.5_ROB=L_UH_Bias=NRE strong","1-1",1.5,"L_UH","NRE strong",0,0.048790164169432,0.0953101798043249,0.048790164169432,0.182321556793955,0.300104592450338,0.0771678878820999,0.077343921924284,-0.0276229902377689,TRUE,0.52612704216318,1.00102370690838,-0.0872816154959455,TRUE,0.448034882192752,1.00105314553178,-0.0955492766849664,TRUE,0.556608468631167,1.00100413126256,-0.0871143210976875,TRUE,0.94893527284687,1.0011042373598
958,"rand=1-1_rate=1.5_ROB=L_UH_Bias=NRE strong","1-1",1.5,"L_UH","NRE strong",0,0.048790164169432,0.0953101798043249,0.048790164169432,0.182321556793955,0.300104592450338,0.0795501286553809,0.0820373645191267,-0.147190658459205,TRUE,0.420142273374779,1.0010014507955,-0.162901940977039,FALSE,0.282165598425451,1.00098599125586,-0.0717807315485215,TRUE,0.462050697033552,1.00177744174979,-0.205472921829909,FALSE,0.463166096507784,1.00104820992014
959,"rand=1-1_rate=1.5_ROB=L_UH_Bias=NRE strong","1-1",1.5,"L_UH","NRE strong",0,0.048790164169432,0.0953101798043249,0.048790164169432,0.182321556793955,0.300104592450338,0.0595576865933925,0.0604546315185429,-0.0711409786428838,TRUE,0.497482565782569,1.00158342362546,-0.0342947998713297,TRUE,0.321578176807213,1.00098617995565,-0.104845711531969,TRUE,0.464966787631341,1.00319844397447,0.00256014520822589,TRUE,0.617735997788412,1.00099294368665
960,"rand=1-1_rate=1.5_ROB=L_UH_Bias=NRE strong","1-1",1.5,"L_UH","NRE strong",0,0.048790164169432,0.0953101798043249,0.048790164169432,0.182321556793955,0.300104592450338,0.0665946011888218,0.0683368123372046,-0.106070051842477,TRUE,0.530906871498941,1.00130205963329,-0.0898435480015949,TRUE,0.379102265504404,1.00098882247462,-0.208495134406796,TRUE,0.502718535049331,1.00108291092936,-0.00200816874170751,TRUE,0.728968107363962,1.00098652058231
961,"rand=1-1_rate=1.5_ROB=L_UH_Bias=NRE strong","1-1",1.5,"L_UH","NRE strong",0,0.048790164169432,0.0953101798043249,0.048790164169432,0.182321556793955,0.300104592450338,0.0821674596211939,0.0823906120596222,0.0295387011933514,TRUE,0.448359029097598,1.00109010517283,-0.0537911162475704,TRUE,0.410765236753028,1.00098814922177,0.0108365980534965,TRUE,0.414668172938925,1.00254003570557,-0.122141901562997,TRUE,1.08828787527155,1.00101100333445
962,"rand=1-1_rate=1.5_ROB=L_UH_Bias=NRE strong","1-1",1.5,"L_UH","NRE strong",0,0.048790164169432,0.0953101798043249,0.048790164169432,0.182321556793955,0.300104592450338,0.0801548058330777,0.0803989523425935,-0.0617567581191258,TRUE,0.507418235768708,1.00195570415305,-0.164877316872186,TRUE,0.487394357280077,1.00099126982093,-0.0693168970736178,TRUE,0.512288913641966,1.00114160351316,-0.267260071811605,TRUE,1.18258587977602,1.00098912336181
963,"rand=1-1_rate=1.5_ROB=L_UH_Bias=NRE strong","1-1",1.5,"L_UH","NRE strong",0,0.048790164169432,0.0953101798043249,0.048790164169432,0.182321556793955,0.300104592450338,0.0614167264788286,0.0623422540672187,-0.0243907753537627,TRUE,0.5108570313573,1.00100168956173,-0.0987343087829853,TRUE,0.40671430388603,1.00098671989419,0.0133095186712661,TRUE,0.476197269368291,1.00100985520074,-0.202190944308598,TRUE,0.830157270225222,1.00098685675265
964,"rand=1-1_rate=1.5_ROB=L_UH_Bias=NRE strong","1-1",1.5,"L_UH","NRE strong",0,0.048790164169432,0.0953101798043249,0.048790164169432,0.182321556793955,0.300104592450338,0.0566286680713499,0.0622148061251148,0.0102207707536455,TRUE,0.525854220712688,1.00105842737176,-0.0312013612261783,TRUE,0.386169184257927,1.00099138184301,0.139051426132435,TRUE,0.423998246392808,1.00100716598921,-0.19145039917232,TRUE,0.734340418571578,1.00098641404994
965,"rand=1-1_rate=1.5_ROB=L_UH_Bias=NRE strong","1-1",1.5,"L_UH","NRE strong",0,0.048790164169432,0.0953101798043249,0.048790164169432,0.182321556793955,0.300104592450338,0.0683304716489515,0.0722476877120109,0.0460309286439861,TRUE,0.468610006481142,1.00106485910044,-0.0328055128913425,TRUE,0.375888778700332,1.00107788095461,0.0130462130846758,TRUE,0.520787006501552,1.00115665830403,-0.0697896500930575,TRUE,0.693554084412347,1.00103097339751
966,"rand=1-1_rate=1.5_ROB=L_UH_Bias=NRE strong","1-1",1.5,"L_UH","NRE strong",0,0.048790164169432,0.0953101798043249,0.048790164169432,0.182321556793955,0.300104592450338,0.0656622080449153,0.0664398379492177,0.0321476929887207,TRUE,0.441359681873902,1.00105835670982,-0.051410256953432,TRUE,0.383914193718094,1.00099679191432,-0.0406487639426931,TRUE,0.480061674293385,1.00151749875531,-0.0672529694677497,TRUE,0.825068553372549,1.00098820900163
967,"rand=1-1_rate=1.5_ROB=L_UH_Bias=NRE strong","1-1",1.5,"L_UH","NRE strong",0,0.048790164169432,0.0953101798043249,0.048790164169432,0.182321556793955,0.300104592450338,0.0504406049904382,0.0532661656384301,0.0791850550459585,TRUE,0.408378975416818,1.00108018908182,0.037767184049561,TRUE,0.285783649577383,1.00106129134166,0.02256098000184,TRUE,0.462619408744727,1.00111792652387,0.0473782118277788,TRUE,0.457493764117277,1.00098916848288
968,"rand=1-1_rate=1.5_ROB=L_UH_Bias=NRE strong","1-1",1.5,"L_UH","NRE strong",0,0.048790164169432,0.0953101798043249,0.048790164169432,0.182321556793955,0.300104592450338,0.0701803769244216,0.0711377953671546,-0.0214595492410536,TRUE,0.397231892709396,1.00177331321985,-0.0903239548238466,TRUE,0.241080010294721,1.00106437469449,-0.00597257045001776,TRUE,0.426561866253981,1.00168542914894,-0.120707203111356,TRUE,0.36299507933434,1.0009936621465
969,"rand=1-1_rate=1.5_ROB=L_UH_Bias=NRE strong","1-1",1.5,"L_UH","NRE strong",0,0.048790164169432,0.0953101798043249,0.048790164169432,0.182321556793955,0.300104592450338,0.068366631183589,0.0702717400584446,0.081668426425725,TRUE,0.46648244911342,1.00116586839851,-0.00512829211777732,TRUE,0.430921910279455,1.00098637366835,0.10448923816883,TRUE,0.427235954457191,1.0015571480426,-0.1310078450733,TRUE,1.11050519495239,1.00099869360087
970,"rand=1-1_rate=1.5_ROB=L_UH_Bias=NRE strong","1-1",1.5,"L_UH","NRE strong",0,0.048790164169432,0.0953101798043249,0.048790164169432,0.182321556793955,0.300104592450338,0.0649554055863668,0.0684459294268227,-0.133649855338158,TRUE,0.606010156097138,1.00106189398969,-0.149800913149406,TRUE,0.498928176627015,1.00098917319444,0.0216226325173905,TRUE,0.536412265175745,1.00098858757391,-0.34989607246854,TRUE,1.06290688366931,1.0010038309215
971,"rand=1-1_rate=1.5_ROB=L_UH_Bias=NRE strong","1-1",1.5,"L_UH","NRE strong",0,0.048790164169432,0.0953101798043249,0.048790164169432,0.182321556793955,0.300104592450338,0.078372586084845,0.0798058173579908,-0.138084959903017,TRUE,0.512385271183072,1.00102088837928,-0.190084079517486,FALSE,0.416932077517626,1.00098685750461,-0.15086799483575,TRUE,0.608412315661858,1.00107322867187,-0.214871603878361,TRUE,0.742137625149701,1.00099220881665
972,"rand=1-1_rate=1.5_ROB=L_UH_Bias=NRE strong","1-1",1.5,"L_UH","NRE strong",0,0.048790164169432,0.0953101798043249,0.048790164169432,0.182321556793955,0.300104592450338,0.075094870073346,0.0814846009938882,0.103185084766354,TRUE,0.41497143056867,1.0011991623292,0.0542221602993179,TRUE,0.294343022386896,1.00099686334786,0.0272413696733019,TRUE,0.593495376698001,1.00098882703463,0.063249578200763,TRUE,0.405612849028919,1.00102018263588
973,"rand=1-1_rate=1.5_ROB=L_UH_Bias=NRE strong","1-1",1.5,"L_UH","NRE strong",0,0.048790164169432,0.0953101798043249,0.048790164169432,0.182321556793955,0.300104592450338,0.0757449694304688,0.076417843012043,-0.0509440499629825,TRUE,0.465887285082115,1.00130935039893,-0.0395466526485391,TRUE,0.369142977342924,1.00099413435443,-0.0116593861886545,TRUE,0.500066249226116,1.00099496728462,-0.0610768954800451,TRUE,0.701766881523939,1.00102728195767
974,"rand=1-1_rate=1.5_ROB=L_UH_Bias=NRE strong","1-1",1.5,"L_UH","NRE strong",0,0.048790164169432,0.0953101798043249,0.048790164169432,0.182321556793955,0.300104592450338,0.0535700318461334,0.056576404719694,-0.195826598613639,TRUE,0.55303182974819,1.00102737149786,-0.236161487897431,FALSE,0.396246705756259,1.00111787416139,-0.198297047008492,TRUE,0.676189588875156,1.00112355230619,-0.258401801931079,TRUE,0.612432079584763,1.00099335703118
975,"rand=1-1_rate=1.5_ROB=L_UH_Bias=NRE strong","1-1",1.5,"L_UH","NRE strong",0,0.048790164169432,0.0953101798043249,0.048790164169432,0.182321556793955,0.300104592450338,0.0668153943801784,0.0676982973543946,0.00763364524554133,TRUE,0.448984931321273,1.00101462161741,-0.0796380139061936,TRUE,0.318724694284003,1.00100605271482,0.0201841617013337,TRUE,0.510910437835708,1.00104154504156,-0.140873873387034,TRUE,0.492967179382684,1.00099331730261
976,"rand=1-1_rate=1.5_ROB=L_UH_Bias=NRE strong","1-1",1.5,"L_UH","NRE strong",0,0.048790164169432,0.0953101798043249,0.048790164169432,0.182321556793955,0.300104592450338,0.0732684579014781,0.0771789810226853,-0.0578748775428257,TRUE,0.519318856282224,1.00100770909804,-0.0966802764648291,TRUE,0.406148671446322,1.00098703733174,-0.00167554604751152,TRUE,0.490329412548109,1.00105819625048,-0.183424828757815,TRUE,0.815209283723784,1.0009906755155
977,"rand=1-1_rate=1.5_ROB=L_UH_Bias=NRE strong","1-1",1.5,"L_UH","NRE strong",0,0.048790164169432,0.0953101798043249,0.048790164169432,0.182321556793955,0.300104592450338,0.0782880799813406,0.0790394029341807,-0.0370417450070886,TRUE,0.612237637775288,1.00098607735885,-0.0932397181847069,TRUE,0.452485953744075,1.00103920383945,0.12824574352015,TRUE,0.45876706400679,1.00098617407104,-0.351117419768957,TRUE,0.855868519788182,1.00102499863086
978,"rand=1-1_rate=1.5_ROB=L_UH_Bias=NRE strong","1-1",1.5,"L_UH","NRE strong",0,0.048790164169432,0.0953101798043249,0.048790164169432,0.182321556793955,0.300104592450338,0.0706806846815972,0.0716166382652528,-0.0790118757129323,TRUE,0.554014784411944,1.001018019955,-0.165857837395889,TRUE,0.418896952928609,1.00104023504751,0.0103754505535107,TRUE,0.471607131875665,1.00116489408896,-0.316481334193694,TRUE,0.801313950939678,1.00101930643923
979,"rand=1-1_rate=1.5_ROB=L_UH_Bias=NRE strong","1-1",1.5,"L_UH","NRE strong",0,0.048790164169432,0.0953101798043249,0.048790164169432,0.182321556793955,0.300104592450338,0.0641001912637435,0.0691455082409727,-0.149324939800308,TRUE,0.490821446540976,1.00105530104029,-0.193444901023581,FALSE,0.366706720116404,1.00099741483648,-0.154917459109307,TRUE,0.508381348349612,1.00179556258271,-0.22670242876699,TRUE,0.680154138208504,1.00098819987063
980,"rand=1-1_rate=1.5_ROB=L_UH_Bias=NRE strong","1-1",1.5,"L_UH","NRE strong",0,0.048790164169432,0.0953101798043249,0.048790164169432,0.182321556793955,0.300104592450338,0.0628924925588736,0.0646900825661477,0.0205778229243508,TRUE,0.412642852507507,1.00105666062364,-0.0127071031410799,TRUE,0.251853730825671,1.00114630006234,0.0857143349575937,TRUE,0.44469903159138,1.00098641995907,-0.0511229142648304,TRUE,0.353785247230351,1.00098629463644
981,"rand=1-1_rate=1.5_ROB=L_UH_Bias=NRE strong","1-1",1.5,"L_UH","NRE strong",0,0.048790164169432,0.0953101798043249,0.048790164169432,0.182321556793955,0.300104592450338,0.0789732628970914,0.080676313502428,-0.178624540752968,TRUE,0.505471685364516,1.0011925630483,-0.239355670992613,FALSE,0.424266589934182,1.00107694448965,0.0389013887424737,TRUE,0.445300762438582,1.00139253327437,-0.470430938977908,FALSE,0.590936855715198,1.0009859927694
982,"rand=1-1_rate=1.5_ROB=L_UH_Bias=NRE strong","1-1",1.5,"L_UH","NRE strong",0,0.048790164169432,0.0953101798043249,0.048790164169432,0.182321556793955,0.300104592450338,0.0712512223052576,0.0725165195590211,0.0374555292000242,TRUE,0.407790337469573,1.00100624692514,-0.0302445382926095,TRUE,0.303357994678304,1.0009868505669,0.0921587964775447,TRUE,0.421972933967381,1.00098739841388,-0.109851332465785,TRUE,0.534074475656553,1.00099979140392
983,"rand=1-1_rate=1.5_ROB=L_UH_Bias=NRE strong","1-1",1.5,"L_UH","NRE strong",0,0.048790164169432,0.0953101798043249,0.048790164169432,0.182321556793955,0.300104592450338,0.0673444046564469,0.0690547532899749,-0.138907728551518,TRUE,0.574820573018343,1.00104206334197,-0.167096952152833,TRUE,0.454143259564625,1.0010774993207,-0.126172031786649,TRUE,0.630501756519213,1.00098623421422,-0.210174436127224,TRUE,0.855608778355805,1.00107070338523
984,"rand=1-1_rate=1.5_ROB=L_UH_Bias=NRE strong","1-1",1.5,"L_UH","NRE strong",0,0.048790164169432,0.0953101798043249,0.048790164169432,0.182321556793955,0.300104592450338,0.0644068232043985,0.0672029936213208,-0.0178792977801483,TRUE,0.518027528603564,1.00108549909267,-0.0791008667204864,TRUE,0.458240995705666,1.0011108825503,-0.0328025199549158,TRUE,0.483023082776957,1.00157672713417,-0.111442658202728,TRUE,1.06728787042957,1.00103554963044
985,"rand=1-1_rate=1.5_ROB=L_UH_Bias=NRE strong","1-1",1.5,"L_UH","NRE strong",0,0.048790164169432,0.0953101798043249,0.048790164169432,0.182321556793955,0.300104592450338,0.0794752775434736,0.0802439065788708,-0.127791777604342,TRUE,0.521904782844876,1.00103915126303,-0.130207886669207,TRUE,0.40468784718435,1.00098878619141,-0.105498932724925,TRUE,0.545886447135669,1.00099602763365,-0.151338789243694,TRUE,0.765442639347743,1.00103781237758
986,"rand=1-1_rate=1.5_ROB=L_UH_Bias=NRE strong","1-1",1.5,"L_UH","NRE strong",0,0.048790164169432,0.0953101798043249,0.048790164169432,0.182321556793955,0.300104592450338,0.0774370196723663,0.0782000754254014,0.0192888915274311,TRUE,0.44694007360689,1.00114756591011,-0.011167069845389,TRUE,0.318302340587548,1.00098601001314,0.119605780734725,TRUE,0.386955215613267,1.00359268967403,-0.106338137240321,TRUE,0.601061098651981,1.00098650985323
987,"rand=1-1_rate=1.5_ROB=L_UH_Bias=NRE strong","1-1",1.5,"L_UH","NRE strong",0,0.048790164169432,0.0953101798043249,0.048790164169432,0.182321556793955,0.300104592450338,0.0742686117921435,0.0764330289859319,0.0363341503238083,TRUE,0.487871688870646,1.00099938336566,-0.043170137572401,TRUE,0.396076504995591,1.0009863628621,0.0977217101928897,TRUE,0.450661313805613,1.00137258479827,-0.171984569021239,TRUE,0.805988439631433,1.00099092604435
988,"rand=1-1_rate=1.5_ROB=L_UH_Bias=NRE strong","1-1",1.5,"L_UH","NRE strong",0,0.048790164169432,0.0953101798043249,0.048790164169432,0.182321556793955,0.300104592450338,0.0734001812461537,0.0759324694558572,-0.119743721356681,TRUE,0.477726502008444,1.00136264166132,-0.199589628241224,FALSE,0.329312434636859,1.00110013595086,-0.120235427961659,TRUE,0.487517520553683,1.00121357361279,-0.242174668635089,TRUE,0.564482027348672,1.0010441340425
989,"rand=1-1_rate=1.5_ROB=L_UH_Bias=NRE strong","1-1",1.5,"L_UH","NRE strong",0,0.048790164169432,0.0953101798043249,0.048790164169432,0.182321556793955,0.300104592450338,0.0712707770732286,0.076922399387786,0.0520634947375638,TRUE,0.505353088743968,1.00101660517838,-0.0150926705617302,TRUE,0.427241892929144,1.00100294954972,0.0742774208430723,TRUE,0.459238372209678,1.00101510327715,-0.124160619407349,TRUE,0.991314816069565,1.00099069479083
990,"rand=1-1_rate=1.5_ROB=L_UH_Bias=NRE strong","1-1",1.5,"L_UH","NRE strong",0,0.048790164169432,0.0953101798043249,0.048790164169432,0.182321556793955,0.300104592450338,0.0667715359303006,0.0694905459683856,0.026842074002674,TRUE,0.365478305954473,1.00123357121379,-0.0433835830111409,TRUE,0.268884563203024,1.00098605133144,0.0209208916309219,TRUE,0.429695647935232,1.00120850055919,-0.0763000288615403,TRUE,0.436829530499368,1.00102153189973
991,"rand=1-1_rate=1.5_ROB=L_UH_Bias=NRE strong","1-1",1.5,"L_UH","NRE strong",0,0.048790164169432,0.0953101798043249,0.048790164169432,0.182321556793955,0.300104592450338,0.068429792075593,0.0709223275098865,-0.0487288560490842,TRUE,0.405104684371956,1.00100459766324,-0.11791563985032,TRUE,0.264668313599788,1.00104302022936,0.00809221779940839,TRUE,0.414917468940341,1.0015309146659,-0.170765703230454,TRUE,0.422299066877658,1.00104794417858
992,"rand=1-1_rate=1.5_ROB=L_UH_Bias=NRE strong","1-1",1.5,"L_UH","NRE strong",0,0.048790164169432,0.0953101798043249,0.048790164169432,0.182321556793955,0.300104592450338,0.0808263878198289,0.0817765533245638,0.0588137037146991,TRUE,0.482694553326448,1.00099375344763,0.00596113896673833,TRUE,0.380051639775261,1.00098613790505,0.0473237686364221,TRUE,0.584131237064222,1.00099599124233,-0.0309364652821826,TRUE,0.627795261856083,1.00098958975197
993,"rand=1-1_rate=1.5_ROB=L_UH_Bias=NRE strong","1-1",1.5,"L_UH","NRE strong",0,0.048790164169432,0.0953101798043249,0.048790164169432,0.182321556793955,0.300104592450338,0.064569027038116,0.0672477357340497,-0.131968445804382,TRUE,0.457667729664965,1.00098635196054,-0.238105538580986,FALSE,0.422952080999888,1.00116319386473,0.0360873754996115,TRUE,0.434310134348933,1.00102673803273,-0.460398612988198,FALSE,0.716272513527118,1.00098698202789
994,"rand=1-1_rate=1.5_ROB=L_UH_Bias=NRE strong","1-1",1.5,"L_UH","NRE strong",0,0.048790164169432,0.0953101798043249,0.048790164169432,0.182321556793955,0.300104592450338,0.0844693297368494,0.0850725981303589,0.0820281826296889,TRUE,0.432391347989695,1.00099292512484,-0.0086671474181812,TRUE,0.355131239849317,1.00099671568469,0.0749688335906059,TRUE,0.434241609232272,1.0014451317077,-0.0694420983112054,TRUE,0.747940785423479,1.00100190910969
995,"rand=1-1_rate=1.5_ROB=L_UH_Bias=NRE strong","1-1",1.5,"L_UH","NRE strong",0,0.048790164169432,0.0953101798043249,0.048790164169432,0.182321556793955,0.300104592450338,0.0799839457019829,0.0841415230230689,-0.195775692723756,TRUE,0.482407800499124,1.00102475785403,-0.186932201792621,FALSE,0.333390144471466,1.00098743232083,-0.163838941492371,TRUE,0.533237896288872,1.00125886921154,-0.198225875924024,TRUE,0.546168178489914,1.00099028512568
996,"rand=1-1_rate=1.5_ROB=L_UH_Bias=NRE strong","1-1",1.5,"L_UH","NRE strong",0,0.048790164169432,0.0953101798043249,0.048790164169432,0.182321556793955,0.300104592450338,0.0620063601070728,0.0634503197808821,-0.161548306244117,TRUE,0.534418969190227,1.00134295968527,-0.181155865991952,FALSE,0.35641086960227,1.00098835266921,-0.047974914761864,TRUE,0.512306218575223,1.00113629194867,-0.259569485816003,FALSE,0.556200703466598,1.00102609343323
997,"rand=1-1_rate=1.5_ROB=L_UH_Bias=NRE strong","1-1",1.5,"L_UH","NRE strong",0,0.048790164169432,0.0953101798043249,0.048790164169432,0.182321556793955,0.300104592450338,0.0684234888666033,0.0701735505007778,-0.134618563374667,TRUE,0.483008635092071,1.00102864555042,-0.123633047950572,TRUE,0.357208170813966,1.00100636447117,-0.0790553494306656,TRUE,0.541473166627962,1.00107954404167,-0.155555234780045,TRUE,0.601598103166104,1.00104068881553
998,"rand=1-1_rate=1.5_ROB=L_UH_Bias=NRE strong","1-1",1.5,"L_UH","NRE strong",0,0.048790164169432,0.0953101798043249,0.048790164169432,0.182321556793955,0.300104592450338,0.0686369328780978,0.0714369277480889,0.00102783837441101,TRUE,0.478089662907917,1.00144995274534,-0.0460314362860801,TRUE,0.427435036269994,1.00102893436047,0.0213052871720336,TRUE,0.453669778329556,1.00188227420648,-0.117829548307073,TRUE,1.02220891206991,1.00099169839688
999,"rand=1-1_rate=1.5_ROB=L_UH_Bias=NRE strong","1-1",1.5,"L_UH","NRE strong",0,0.048790164169432,0.0953101798043249,0.048790164169432,0.182321556793955,0.300104592450338,0.088290062554289,0.0944845496125529,-0.141091061638789,TRUE,0.425571580960122,1.00098673267525,-0.175827070654105,FALSE,0.248082979701755,1.00100695013328,-0.0944098907917521,TRUE,0.491081323876867,1.00148204592348,-0.200845198916294,FALSE,0.352104325528178,1.00102065507441
1000,"rand=1-1_rate=1.5_ROB=L_UH_Bias=NRE strong","1-1",1.5,"L_UH","NRE strong",0,0.048790164169432,0.0953101798043249,0.048790164169432,0.182321556793955,0.300104592450338,0.0761981506967232,0.0781006169423298,-0.00711841914641798,TRUE,0.485247742281638,1.00099132345097,-0.0729993943489518,TRUE,0.356533472786954,1.00106595794439,0.0225802185949827,TRUE,0.454987291937607,1.00128193384704,-0.140637515703288,TRUE,0.685244625885416,1.00098684751319
