"sim","scenario","Rand","Nrct_rate","ROB_srt","bias_pattern","low_rct","unclear_rct","high_rct","low_obs","unclear_obs","high_obs","mean_true_bias","mean_abs_true_bias","bias","coverage","CIw","Rhat","bias_naive","coverage_naive","CIw_naive","R_naive","bias_rct_est","coverage_rct","CIw_rct","R_rct","bias_obs_est","coverage_obs","CIw_obs","R_rct.1"
1,"rand=1-1_rate=2_ROB=LH_Bias=No Bias","1-1",2,"LH","No Bias",0,0,0,0,0,0,-0.0257281674825619,0.0361308591229889,0.0412697614894605,TRUE,0.407742425379353,1.0013698377362,0.0801994932251289,TRUE,0.207003617336562,1.00142953721725,0.242038356137644,TRUE,0.495627632965999,1.00128066648361,0.0452745010061848,TRUE,0.223787664547885,1.00099575302789
2,"rand=1-1_rate=2_ROB=LH_Bias=No Bias","1-1",2,"LH","No Bias",0,0,0,0,0,0,-0.00594923497937317,0.0275987451185274,-0.0221890593333602,TRUE,0.527859125691778,1.00099377201407,-0.047602226915811,TRUE,0.337901562950539,1.0009885238793,-0.0625638604110148,TRUE,0.877162329249,1.00100465985394,-0.0358795958494365,TRUE,0.366441090153792,1.00098955732092
3,"rand=1-1_rate=2_ROB=LH_Bias=No Bias","1-1",2,"LH","No Bias",0,0,0,0,0,0,0.000976632248031568,0.0235816763376669,-0.00118869211566763,TRUE,0.561231746659236,1.00106967752735,0.0029631914029995,TRUE,0.362763578270552,1.0009860967048,-0.0397016446005769,TRUE,0.744694524085164,1.00098657887372,0.0178110367773222,TRUE,0.473454849082568,1.00099013864899
4,"rand=1-1_rate=2_ROB=LH_Bias=No Bias","1-1",2,"LH","No Bias",0,0,0,0,0,0,0.0112466992033331,0.0316422124102201,-0.128939293085469,TRUE,0.571037837288536,1.00101598537525,-0.03073725002863,TRUE,0.332361864986349,1.0009883687475,-0.0637055514049807,TRUE,0.547101627787987,1.00207574698893,-0.0206043318984701,TRUE,0.487401438277771,1.00098600438676
5,"rand=1-1_rate=2_ROB=LH_Bias=No Bias","1-1",2,"LH","No Bias",0,0,0,0,0,0,0.0109342281939839,0.0330108168110178,0.120529204350823,TRUE,0.36778336472613,1.00117743486044,0.130027180000543,FALSE,0.185514645866399,1.00118422375101,-0.0891992757087408,TRUE,0.682825066498541,1.00114777654148,0.159038316277908,FALSE,0.173831314768561,1.00099427325253
6,"rand=1-1_rate=2_ROB=LH_Bias=No Bias","1-1",2,"LH","No Bias",0,0,0,0,0,0,-0.00794789808766576,0.0368866097417213,0.0351074416057412,TRUE,0.490994949093901,1.00106232342778,0.00651060831111039,TRUE,0.313114919343769,1.00099386392428,0.10898728110353,TRUE,0.517088813234024,1.00132996690749,-0.030307014386981,TRUE,0.431727109032739,1.00100361463619
7,"rand=1-1_rate=2_ROB=LH_Bias=No Bias","1-1",2,"LH","No Bias",0,0,0,0,0,0,-0.0132567274992101,0.0259294607443535,0.0236903145782233,TRUE,0.447888559678037,1.00110440692351,0.0874576191962261,TRUE,0.229573834872027,1.00118212352434,-0.137278612675405,TRUE,0.711931633014816,1.00111329074362,0.128752012997033,TRUE,0.239126616111996,1.00098995202224
8,"rand=1-1_rate=2_ROB=LH_Bias=No Bias","1-1",2,"LH","No Bias",0,0,0,0,0,0,-0.0160788248982639,0.0387325640351466,-0.087968955082868,TRUE,0.529569037504507,1.00147793257943,-0.00803306814711457,TRUE,0.273775564896925,1.00107119853827,-0.0980030626741295,TRUE,0.567059534843115,1.00179628521631,0.0149936579796712,TRUE,0.365811204786742,1.0009958444957
9,"rand=1-1_rate=2_ROB=LH_Bias=No Bias","1-1",2,"LH","No Bias",0,0,0,0,0,0,0.0139481130045069,0.0447009657278473,0.0379835187801977,TRUE,0.517422341861031,1.0009909637892,-9.68946146358007e-05,TRUE,0.351946422845298,1.00098882534332,0.0565757570433372,TRUE,0.552815566016194,1.00099596505598,-0.0189231282441915,TRUE,0.517287410599044,1.0010810518647
10,"rand=1-1_rate=2_ROB=LH_Bias=No Bias","1-1",2,"LH","No Bias",0,0,0,0,0,0,-0.00786891854926039,0.0224290229944514,-0.159952715423515,TRUE,0.619940187721553,1.00103562577252,-0.0964022564931664,TRUE,0.367163621651045,1.00107619460249,-0.411931504092884,FALSE,0.922904815048489,1.00099525671121,-0.002420620553516,TRUE,0.388300056833538,1.00098982058872
11,"rand=1-1_rate=2_ROB=LH_Bias=No Bias","1-1",2,"LH","No Bias",0,0,0,0,0,0,0.00437904233776941,0.0355312867443834,-0.00875900600924528,TRUE,0.660828683838804,1.00098702007746,0.00304623917199121,TRUE,0.430716981184497,1.00101362588644,0.151527186035195,TRUE,0.70830591180785,1.0011544848725,-0.0749576573095583,TRUE,0.609183806358247,1.00099605318715
12,"rand=1-1_rate=2_ROB=LH_Bias=No Bias","1-1",2,"LH","No Bias",0,0,0,0,0,0,-0.00698077095727919,0.0358635850904227,-0.0614470996244532,TRUE,0.552288887342931,1.0011783694523,-0.0486175198364351,TRUE,0.335481480576266,1.0009860015225,-0.193700548049072,TRUE,0.734440040493434,1.0012371980506,-0.00206000859001021,TRUE,0.412633291020074,1.00104144336071
13,"rand=1-1_rate=2_ROB=LH_Bias=No Bias","1-1",2,"LH","No Bias",0,0,0,0,0,0,0.0087186565734343,0.0289482325633582,-0.142088855068309,TRUE,0.634562888908407,1.00102210695058,-0.149928489834317,TRUE,0.382371273506139,1.00100996656046,-0.000400978081051884,TRUE,0.858740549950498,1.0009911685416,-0.209992340343072,FALSE,0.463393617164213,1.00105950337858
14,"rand=1-1_rate=2_ROB=LH_Bias=No Bias","1-1",2,"LH","No Bias",0,0,0,0,0,0,-0.00560397868045554,0.0285370087020322,0.036709241592408,TRUE,0.502784711353696,1.00120892173594,-0.00334844178598526,TRUE,0.340160744362781,1.00102176591826,-0.0671101549515509,TRUE,0.61457978700562,1.00113929440611,0.0229832331223364,TRUE,0.477128423425989,1.00100653066155
15,"rand=1-1_rate=2_ROB=LH_Bias=No Bias","1-1",2,"LH","No Bias",0,0,0,0,0,0,-0.0195926638929931,0.0390390984818312,0.00246183241620235,TRUE,0.53543922442677,1.00098607355067,0.0987036680035469,TRUE,0.311510556035372,1.00116835005168,0.18401437137402,TRUE,0.551281027581679,1.00100556104923,0.0629537193822395,TRUE,0.429886841607271,1.00098649663893
16,"rand=1-1_rate=2_ROB=LH_Bias=No Bias","1-1",2,"LH","No Bias",0,0,0,0,0,0,-0.000915566247515897,0.0257145251455614,-0.0110019170399012,TRUE,0.504675460362295,1.00101169970254,-0.0494652660423247,TRUE,0.3273557131427,1.00100822097387,-0.0167982661407269,TRUE,0.554705928242322,1.00112605306594,-0.0667069589740319,TRUE,0.479575209812292,1.00099521354349
17,"rand=1-1_rate=2_ROB=LH_Bias=No Bias","1-1",2,"LH","No Bias",0,0,0,0,0,0,-0.00443402386253628,0.0357985390268427,-0.229393868112174,TRUE,0.661998449649597,1.00114444511432,-0.0929321196740893,TRUE,0.372593249571813,1.00099458398988,-0.343447573293879,FALSE,0.74479523776833,1.00098800906551,-0.0110785291411093,TRUE,0.470350612388368,1.00098805765175
18,"rand=1-1_rate=2_ROB=LH_Bias=No Bias","1-1",2,"LH","No Bias",0,0,0,0,0,0,0.0185085718653598,0.0328197811008932,0.0244451249069919,TRUE,0.524577001573085,1.00099512169434,0.000904976333099716,TRUE,0.357333395859438,1.00098964705339,0.00823506980766064,TRUE,0.593124666053775,1.00098674982989,-0.00173729552028146,TRUE,0.51429843469068,1.00102039794541
19,"rand=1-1_rate=2_ROB=LH_Bias=No Bias","1-1",2,"LH","No Bias",0,0,0,0,0,0,-0.0148668044716771,0.0321085764889815,-0.14392240662794,TRUE,0.568944959338904,1.00098818098508,-0.127526048552961,TRUE,0.347726637306879,1.0010173184127,-0.127776208950389,TRUE,0.627395465801658,1.00099924625935,-0.122990151803889,TRUE,0.486845144069548,1.00098651072808
20,"rand=1-1_rate=2_ROB=LH_Bias=No Bias","1-1",2,"LH","No Bias",0,0,0,0,0,0,0.00165192312559643,0.0379838598338724,-0.0741534665880716,TRUE,0.576681063032314,1.00111933800812,-0.056340598201944,TRUE,0.363716368521017,1.00103931370381,-0.211933107963322,TRUE,0.810298596977674,1.00128013178956,-0.00300188083818931,TRUE,0.43788884961988,1.00098601169702
21,"rand=1-1_rate=2_ROB=LH_Bias=No Bias","1-1",2,"LH","No Bias",0,0,0,0,0,0,-0.00399752393915091,0.0332030035662976,0.0324517502449602,TRUE,0.442010874881378,1.00128616632206,-0.00484807903045392,TRUE,0.250564809235055,1.00100891456071,-0.0954472324639184,TRUE,0.650785627250994,1.00124976174247,0.013792462704454,TRUE,0.300850740397684,1.00099219139662
22,"rand=1-1_rate=2_ROB=LH_Bias=No Bias","1-1",2,"LH","No Bias",0,0,0,0,0,0,0.0193119090625334,0.0256016548620335,0.0113617419605527,TRUE,0.607520573867103,1.00099097442505,-0.0240387996713758,TRUE,0.384470048427462,1.00098613476732,-0.308452812519525,TRUE,0.736644919207154,1.00105938252077,0.0794417525748828,TRUE,0.460674982426346,1.00099650512097
23,"rand=1-1_rate=2_ROB=LH_Bias=No Bias","1-1",2,"LH","No Bias",0,0,0,0,0,0,-0.00204306062407245,0.0327257155328696,0.0491097035227434,TRUE,0.503544758898537,1.00108298675027,0.0303984965228321,TRUE,0.318436329381789,1.00098825486963,0.0975848963654217,TRUE,0.544437390097519,1.0009989795592,0.0067753292536572,TRUE,0.442187999997122,1.00100935065928
24,"rand=1-1_rate=2_ROB=LH_Bias=No Bias","1-1",2,"LH","No Bias",0,0,0,0,0,0,-0.0172049767141447,0.0297502162841123,-0.00307376524709113,TRUE,0.529835258857867,1.00100230871731,-0.0491512743234388,TRUE,0.356761727739608,1.00100635243233,-0.00933096245530773,TRUE,0.589532012386125,1.00105862603769,-0.0656726863374226,TRUE,0.517349865245248,1.00098637316891
25,"rand=1-1_rate=2_ROB=LH_Bias=No Bias","1-1",2,"LH","No Bias",0,0,0,0,0,0,-0.00555104741586836,0.0385190364259057,0.0351517008418022,TRUE,0.573250054160447,1.0010142494761,0.0308456612120205,TRUE,0.371785779700169,1.0010357529734,0.0647379237966844,TRUE,0.694720156489721,1.00109789726986,0.0210615900089067,TRUE,0.511564460055051,1.00100057135321
26,"rand=1-1_rate=2_ROB=LH_Bias=No Bias","1-1",2,"LH","No Bias",0,0,0,0,0,0,-0.00724453143389808,0.019265765221709,0.0275108846041512,TRUE,0.49554732576788,1.00098599277362,-0.0325532679331688,TRUE,0.324212391134289,1.00099347491468,0.23828810295445,TRUE,0.524214832485395,1.00106175974745,-0.13845601909473,TRUE,0.367185952645885,1.00098720301235
27,"rand=1-1_rate=2_ROB=LH_Bias=No Bias","1-1",2,"LH","No Bias",0,0,0,0,0,0,0.00732108624514965,0.026793929314061,-0.0783910133219645,TRUE,0.540584489392911,1.00098818004196,-0.0373868459960758,TRUE,0.302282046641811,1.00098888077939,0.00429290923328984,TRUE,0.610974842535632,1.00102353546439,-0.0503636038119706,TRUE,0.396557251740655,1.00098705741477
28,"rand=1-1_rate=2_ROB=LH_Bias=No Bias","1-1",2,"LH","No Bias",0,0,0,0,0,0,0.0176214827727315,0.0417375169896239,0.0858413321357352,TRUE,0.423237580245497,1.00105819401247,0.012790442237683,TRUE,0.290863883736174,1.00103403427489,-0.0102975332303428,TRUE,0.549957845183022,1.0016540757541,0.0202117639446051,TRUE,0.396950262374226,1.00100657157205
29,"rand=1-1_rate=2_ROB=LH_Bias=No Bias","1-1",2,"LH","No Bias",0,0,0,0,0,0,0.00264447117664841,0.0327078751264673,0.112381109042151,TRUE,0.427901230932118,1.0010553633705,0.102438279429665,TRUE,0.243348792563521,1.00100940738526,0.245845110223614,TRUE,0.51045210872844,1.00102671232483,0.0647899478589539,TRUE,0.2919412490346,1.00099021984435
30,"rand=1-1_rate=2_ROB=LH_Bias=No Bias","1-1",2,"LH","No Bias",0,0,0,0,0,0,-0.00337369051338791,0.0361991865927372,0.020648250984461,TRUE,0.617734802373715,1.00111407275894,-0.0047328385192722,TRUE,0.430951974188296,1.00098604182889,0.0117700939890265,TRUE,0.72316439376594,1.00126893740243,-0.0115641404283466,TRUE,0.614987303321821,1.00099044808368
31,"rand=1-1_rate=2_ROB=LH_Bias=No Bias","1-1",2,"LH","No Bias",0,0,0,0,0,0,-0.00809927277832588,0.0261280560706937,0.0197978202189114,TRUE,0.512601559231459,1.00105103112715,0.0722906205331113,TRUE,0.318771944290853,1.00102692702719,0.0307953793170237,TRUE,0.58179442614374,1.00103037887485,0.0864059541323354,TRUE,0.438859282926484,1.00098599011521
32,"rand=1-1_rate=2_ROB=LH_Bias=No Bias","1-1",2,"LH","No Bias",0,0,0,0,0,0,-0.00381888552089708,0.0392037925939839,0.109204495726597,TRUE,0.465152361284345,1.0010198498473,0.0997796013969406,TRUE,0.290928503609172,1.00100041508815,0.261520981083063,FALSE,0.384523668053463,1.00148622357736,0.0309067291753582,TRUE,0.425864156913491,1.00100936022784
33,"rand=1-1_rate=2_ROB=LH_Bias=No Bias","1-1",2,"LH","No Bias",0,0,0,0,0,0,-0.000930378836373612,0.0312488352211264,0.0104311439222015,TRUE,0.451352326241805,1.00098655819466,-0.0615678783110996,TRUE,0.276359262938945,1.00103845796908,0.0648976811895389,TRUE,0.538376025782868,1.00107435165017,-0.0959251265463277,TRUE,0.34951842759016,1.00098661155716
34,"rand=1-1_rate=2_ROB=LH_Bias=No Bias","1-1",2,"LH","No Bias",0,0,0,0,0,0,-0.00227677244156606,0.0339399033645902,-0.0812173520962045,TRUE,0.549491776856277,1.00099817473623,-0.0387435995983343,TRUE,0.344458662068842,1.00099333465701,-0.0655957946149057,TRUE,0.604876441821196,1.0009864194246,-0.025866265470063,TRUE,0.475156686033918,1.00098739815423
35,"rand=1-1_rate=2_ROB=LH_Bias=No Bias","1-1",2,"LH","No Bias",0,0,0,0,0,0,0.0147153742305366,0.0324574017192647,-0.190705621993953,TRUE,0.708267661735387,1.00099604295675,-0.0862791712213464,TRUE,0.457540109520882,1.00098620813914,-0.110865554434012,TRUE,0.915289452412462,1.0010096621921,-0.0736017816171466,TRUE,0.615051460699352,1.00099977291251
36,"rand=1-1_rate=2_ROB=LH_Bias=No Bias","1-1",2,"LH","No Bias",0,0,0,0,0,0,0.0182288489321254,0.0372007602242133,0.0461490520510518,TRUE,0.448237844915966,1.00101321222822,-0.0139151897647694,TRUE,0.29065216907143,1.00111167571927,-0.0857743818094361,TRUE,0.689897139872212,1.00167801588337,0.00414071641696478,TRUE,0.356759617782654,1.00104522717878
37,"rand=1-1_rate=2_ROB=LH_Bias=No Bias","1-1",2,"LH","No Bias",0,0,0,0,0,0,0.00215559999850807,0.036441692446726,0.00256709912341124,TRUE,0.538960917264865,1.00099714608554,-0.0330262929308045,TRUE,0.340150787278045,1.00104459615871,0.0660408985698857,TRUE,0.665321431138921,1.00098748952778,-0.070408446873649,TRUE,0.444291817790753,1.00098606286427
38,"rand=1-1_rate=2_ROB=LH_Bias=No Bias","1-1",2,"LH","No Bias",0,0,0,0,0,0,0.00139061869082247,0.0401701128867322,-0.0834241610608815,TRUE,0.664171548532469,1.00144226227237,0.012457064511321,TRUE,0.41785148641784,1.00098692074637,0.00917759583000599,TRUE,0.644547216796909,1.00098599058918,0.00644182004401439,TRUE,0.631793011490413,1.00102204383633
39,"rand=1-1_rate=2_ROB=LH_Bias=No Bias","1-1",2,"LH","No Bias",0,0,0,0,0,0,0.00614963092206282,0.0271664617497935,0.0481487706976299,TRUE,0.454219471759476,1.00100741276544,0.0977974502762171,TRUE,0.268867146835838,1.00101196858123,0.0561914047254525,TRUE,0.654881632364419,1.00106345045129,0.112403995861142,TRUE,0.321359368078177,1.00098644389458
40,"rand=1-1_rate=2_ROB=LH_Bias=No Bias","1-1",2,"LH","No Bias",0,0,0,0,0,0,0.00287950606051951,0.0230639877898443,0.0531850993375887,TRUE,0.465558473140463,1.001130266754,0.053105224991004,TRUE,0.267159726179841,1.00099410503882,0.197777529116958,TRUE,0.462813334838915,1.00177695838324,0.00350304229138387,TRUE,0.34606501847336,1.00099508112582
41,"rand=1-1_rate=2_ROB=LH_Bias=No Bias","1-1",2,"LH","No Bias",0,0,0,0,0,0,-0.0107702892685743,0.0295238412265396,0.0943884982471567,TRUE,0.456073636497826,1.00139816116996,0.033202137649645,TRUE,0.306678761463784,1.00100256203306,0.0224780307687766,TRUE,0.533243794344162,1.00108359164257,0.0373612495642036,TRUE,0.444789022515355,1.00098654227173
42,"rand=1-1_rate=2_ROB=LH_Bias=No Bias","1-1",2,"LH","No Bias",0,0,0,0,0,0,0.0105822987989805,0.0452797721702433,0.00152097799433326,TRUE,0.635767196328289,1.00108167789164,-0.0506967598688162,TRUE,0.458748760544208,1.0011296409039,-0.184167524901023,TRUE,0.802309281067343,1.00098727980035,0.00825479548202956,TRUE,0.62129203301783,1.00115091489533
43,"rand=1-1_rate=2_ROB=LH_Bias=No Bias","1-1",2,"LH","No Bias",0,0,0,0,0,0,0.00873203888720164,0.026827902531974,-0.0495986620788913,TRUE,0.600395352938757,1.00099902832647,0.0124606065139049,TRUE,0.353740601631966,1.00098955871237,0.00952443271646286,TRUE,0.620721867237797,1.00119503455765,0.0105786561919329,TRUE,0.486962866382115,1.0010697756759
44,"rand=1-1_rate=2_ROB=LH_Bias=No Bias","1-1",2,"LH","No Bias",0,0,0,0,0,0,-0.0137603883064096,0.0312429087869413,0.0722551122035306,TRUE,0.43376448167044,1.00102569589155,0.063302369152225,TRUE,0.240100483606467,1.00101718160357,0.00109931497689086,TRUE,0.692535085564743,1.00099166272616,0.074953722879013,TRUE,0.274356274350691,1.0009960186003
45,"rand=1-1_rate=2_ROB=LH_Bias=No Bias","1-1",2,"LH","No Bias",0,0,0,0,0,0,-0.00303344847132025,0.0377269009012771,-0.148768092481822,TRUE,0.581248120959099,1.00102096320927,-0.0236581462120471,TRUE,0.319880897511791,1.00100302970192,0.0355754019762207,TRUE,0.603233275828968,1.00098961621678,-0.0451807527964825,TRUE,0.423747462502343,1.00103370543757
46,"rand=1-1_rate=2_ROB=LH_Bias=No Bias","1-1",2,"LH","No Bias",0,0,0,0,0,0,-0.0075857168926449,0.0236564674248818,-0.0280911840757621,TRUE,0.482087970085239,1.00099862822387,-0.063793247026364,TRUE,0.276784351348919,1.00099050227106,0.122662504860086,TRUE,0.49253090533709,1.00115628932478,-0.114876771877428,TRUE,0.369956127130159,1.00101149757849
47,"rand=1-1_rate=2_ROB=LH_Bias=No Bias","1-1",2,"LH","No Bias",0,0,0,0,0,0,-0.0113950783536776,0.0437483768321272,-0.0713102999407118,TRUE,0.585995638788974,1.00121868602847,-0.0575912611268077,TRUE,0.416582159125615,1.00098614775643,-0.0779223418333779,TRUE,0.574156227840968,1.00100134248926,-0.0452719883649468,TRUE,0.67595792807733,1.00099428664737
48,"rand=1-1_rate=2_ROB=LH_Bias=No Bias","1-1",2,"LH","No Bias",0,0,0,0,0,0,0.014790679425459,0.030000768226322,-0.0625319436206042,TRUE,0.642463862369546,1.00101532619382,-0.0544367708964322,TRUE,0.423983100864865,1.00100370588331,-0.0761892864009843,TRUE,0.872793946242426,1.00103193248031,-0.0447838679879993,TRUE,0.549604848256301,1.00098670407424
49,"rand=1-1_rate=2_ROB=LH_Bias=No Bias","1-1",2,"LH","No Bias",0,0,0,0,0,0,0.00812306759246407,0.0399557103983881,-0.145718531215157,TRUE,0.604172368321204,1.00099523235456,-0.0989663993670338,TRUE,0.342045815143432,1.00098603914111,-0.0791906374771256,TRUE,0.692118773780524,1.00099418308503,-0.107535796248699,TRUE,0.443161280077086,1.00105067084625
50,"rand=1-1_rate=2_ROB=LH_Bias=No Bias","1-1",2,"LH","No Bias",0,0,0,0,0,0,0.022558075818738,0.0396995462131924,0.0250827938283328,TRUE,0.519628028715349,1.00130314633796,0.0791918462101536,TRUE,0.30950913123885,1.00099302257343,-0.125862904279024,TRUE,0.669093874211237,1.00099313243875,0.145880860363341,TRUE,0.364046032876344,1.00098757300292
51,"rand=1-1_rate=2_ROB=LH_Bias=No Bias","1-1",2,"LH","No Bias",0,0,0,0,0,0,7.44874921417202e-05,0.02836630328715,0.0170954979141942,TRUE,0.407654381793785,1.00102077118497,0.0955111383380781,TRUE,0.216091249228609,1.00098701426399,-0.237540537150682,TRUE,0.804700661921374,1.00103106431169,0.146852595754524,FALSE,0.173225549608058,1.00100480349746
52,"rand=1-1_rate=2_ROB=LH_Bias=No Bias","1-1",2,"LH","No Bias",0,0,0,0,0,0,0.0034677158282148,0.0257591256601415,-0.114214996565761,TRUE,0.576777458550118,1.00099168302097,-0.0286775385752558,TRUE,0.339088454243795,1.00098633871528,-0.235601829386204,TRUE,0.713594518762666,1.00112827656868,0.0332401283676207,TRUE,0.421137180172384,1.00100628955153
53,"rand=1-1_rate=2_ROB=LH_Bias=No Bias","1-1",2,"LH","No Bias",0,0,0,0,0,0,-0.0117095611478712,0.0343482300197283,0.0370070973483528,TRUE,0.527378591873919,1.00100683746467,0.051309764839185,TRUE,0.351598815070343,1.00098605157203,0.0317371566478386,TRUE,0.571768758820095,1.00099626702146,0.0629079329835872,TRUE,0.515341835491083,1.00098623017948
54,"rand=1-1_rate=2_ROB=LH_Bias=No Bias","1-1",2,"LH","No Bias",0,0,0,0,0,0,-0.0028696807518464,0.0315167613968805,-0.0682294579467371,TRUE,0.65384325505823,1.00105395750494,-0.0159256211487331,TRUE,0.381422475094405,1.00098647650018,-0.196467839775763,TRUE,0.920425948425226,1.00101463790624,0.0522532936966035,TRUE,0.432778482400881,1.00101395581519
55,"rand=1-1_rate=2_ROB=LH_Bias=No Bias","1-1",2,"LH","No Bias",0,0,0,0,0,0,-0.0107560977699645,0.0295730217728963,-0.0533973696140617,TRUE,0.545620069759159,1.00153248627941,-0.00662980311595307,TRUE,0.347692145159426,1.00107305969785,-0.0897402911612351,TRUE,0.593421949321229,1.00099036288991,0.0325035662451234,TRUE,0.502840772359223,1.0010268632676
56,"rand=1-1_rate=2_ROB=LH_Bias=No Bias","1-1",2,"LH","No Bias",0,0,0,0,0,0,-0.0108758059001831,0.0389234644778768,-0.115327244726821,TRUE,0.564856290305317,1.00110276987937,-0.0512459920099015,TRUE,0.34460950978655,1.0009894839542,-0.0496875939294965,TRUE,0.654818034741687,1.0009933669762,-0.0510122001600379,TRUE,0.465423430147819,1.00106574605812
57,"rand=1-1_rate=2_ROB=LH_Bias=No Bias","1-1",2,"LH","No Bias",0,0,0,0,0,0,-0.0163805295724048,0.0370790221661785,-0.0718438370284411,TRUE,0.618416723002076,1.00101580633272,-0.0761743604607412,TRUE,0.397986054306153,1.00100146364782,0.0324466831901468,TRUE,0.64182519519259,1.00109558037849,-0.127408023390259,TRUE,0.566924624483848,1.00098677252428
58,"rand=1-1_rate=2_ROB=LH_Bias=No Bias","1-1",2,"LH","No Bias",0,0,0,0,0,0,-0.0184275085486634,0.0449045030585017,0.198996074718922,TRUE,0.365264192719013,1.00141647802386,0.187313049735425,FALSE,0.205371691549985,1.00100060772249,0.123483409736014,TRUE,0.550447921325505,1.00102080541338,0.199829752884619,FALSE,0.236395380971012,1.00099119941265
59,"rand=1-1_rate=2_ROB=LH_Bias=No Bias","1-1",2,"LH","No Bias",0,0,0,0,0,0,-0.00256581255414037,0.0427900786304224,-0.0582213082182172,TRUE,0.564017292473889,1.00099146851512,-0.00371962695374739,TRUE,0.355103755917884,1.00098904630785,-0.0106265652083171,TRUE,0.660408597915087,1.00101285120887,-2.8738915757609e-05,TRUE,0.490034383459088,1.00098798304841
60,"rand=1-1_rate=2_ROB=LH_Bias=No Bias","1-1",2,"LH","No Bias",0,0,0,0,0,0,-0.00496823938390236,0.0330446148754674,0.103670037536036,TRUE,0.537790348568943,1.00098800912362,0.122103764817592,TRUE,0.354552319891477,1.00100350112914,0.225422443327778,TRUE,0.538828308311964,1.0010067896212,0.0652201054734836,TRUE,0.515080537394506,1.00099152764945
61,"rand=1-1_rate=2_ROB=LH_Bias=No Bias","1-1",2,"LH","No Bias",0,0,0,0,0,0,-0.00827813488476821,0.0343133326462342,-0.0412930973193495,TRUE,0.485748020058423,1.0009874879058,-0.00681815908963834,TRUE,0.268072323339533,1.00103178842451,-0.00589686160401692,TRUE,0.627887024171253,1.0010234274426,-0.00550248282910637,TRUE,0.337545523196409,1.00103093594505
62,"rand=1-1_rate=2_ROB=LH_Bias=No Bias","1-1",2,"LH","No Bias",0,0,0,0,0,0,-0.0126675865414216,0.0352418689645901,0.174294253430202,TRUE,0.454451605372546,1.00098602469894,0.17165171462915,FALSE,0.29282599595135,1.00099240567111,0.232810438267374,TRUE,0.519767501841645,1.00100173129257,0.145934672825784,TRUE,0.409852645389907,1.00098938106855
63,"rand=1-1_rate=2_ROB=LH_Bias=No Bias","1-1",2,"LH","No Bias",0,0,0,0,0,0,-0.00387915806243923,0.0338740354574138,-0.0831243872038123,TRUE,0.578084068001908,1.00098923316334,-0.118561534312522,TRUE,0.36390105181827,1.00099260338527,-0.0378128200075418,TRUE,0.815236512246983,1.00099649277783,-0.15074061250278,TRUE,0.451312141172443,1.00105350168504
64,"rand=1-1_rate=2_ROB=LH_Bias=No Bias","1-1",2,"LH","No Bias",0,0,0,0,0,0,0.00848000581881711,0.0366488304458815,-0.128125718974671,TRUE,0.515518721859093,1.00111754291791,-0.0416839837683696,TRUE,0.288357689861487,1.00099204023258,-0.126622345138295,TRUE,0.754197359949036,1.00119614177111,-0.0204931414728775,TRUE,0.333123974073595,1.00101357507584
65,"rand=1-1_rate=2_ROB=LH_Bias=No Bias","1-1",2,"LH","No Bias",0,0,0,0,0,0,0.00261808259167656,0.0325244018657691,-0.130163630836666,TRUE,0.569890381825785,1.00098612598484,-0.0320647175343918,TRUE,0.339641942212144,1.00104611623676,-0.0377061614174434,TRUE,0.68182204515165,1.00099074874401,-0.0305202654248087,TRUE,0.44781977473882,1.00099080302991
66,"rand=1-1_rate=2_ROB=LH_Bias=No Bias","1-1",2,"LH","No Bias",0,0,0,0,0,0,0.00361271190835061,0.0287058371715426,0.00418333427647377,TRUE,0.489710332651975,1.00098971991174,-4.76889523626234e-05,TRUE,0.304539933038126,1.00098717689443,-0.0173643648017263,TRUE,0.608025252608731,1.00098895881593,0.00472458807101162,TRUE,0.399937948284084,1.00098633649372
67,"rand=1-1_rate=2_ROB=LH_Bias=No Bias","1-1",2,"LH","No Bias",0,0,0,0,0,0,-0.00669535466751424,0.0342971157431714,-0.0312536613138699,TRUE,0.484958436049843,1.00098959644024,-0.0387370717154434,TRUE,0.289277826323988,1.00098843558761,-0.0337345895185039,TRUE,0.578472890126636,1.00098970848069,-0.0378560399038517,TRUE,0.382826976536094,1.00099057539826
68,"rand=1-1_rate=2_ROB=LH_Bias=No Bias","1-1",2,"LH","No Bias",0,0,0,0,0,0,-0.0016407442298484,0.0204807484932082,-0.101776248941321,TRUE,0.636781522004436,1.00098666976127,-0.11850564278498,TRUE,0.412239422831025,1.00098670671283,-0.224868528631325,TRUE,1.00351394310504,1.0010226067317,-0.0781564293730643,TRUE,0.484757509648593,1.00105061225185
69,"rand=1-1_rate=2_ROB=LH_Bias=No Bias","1-1",2,"LH","No Bias",0,0,0,0,0,0,-0.00677985773282423,0.0344303159740222,-0.0345850125150042,TRUE,0.536678480466061,1.00098795708655,0.0736825392751153,TRUE,0.316023245431571,1.00099083066785,-0.159472057200996,TRUE,0.672766374895465,1.00124818003003,0.145866808095805,TRUE,0.38022665549808,1.00107047991727
70,"rand=1-1_rate=2_ROB=LH_Bias=No Bias","1-1",2,"LH","No Bias",0,0,0,0,0,0,0.0154964198526967,0.0318721373734795,0.0542637684865043,TRUE,0.47289751636002,1.00122838789872,0.0573040079519107,TRUE,0.282165089719855,1.00098599628093,-0.0438935034535395,TRUE,0.593076164263935,1.00130323316005,0.0874244924663932,TRUE,0.36598431372835,1.00107888414228
71,"rand=1-1_rate=2_ROB=LH_Bias=No Bias","1-1",2,"LH","No Bias",0,0,0,0,0,0,-0.000938080900791116,0.0299649137573283,0.0109534932391755,TRUE,0.414300445574094,1.00102034890336,-0.00430076672154778,TRUE,0.203324695806217,1.00098610086478,-0.0965432844217624,TRUE,0.666847897663936,1.00100061713941,0.0094294932735508,TRUE,0.227125898147974,1.00101239441656
72,"rand=1-1_rate=2_ROB=LH_Bias=No Bias","1-1",2,"LH","No Bias",0,0,0,0,0,0,0.0034686289720243,0.036090129269804,-0.0268284700967953,TRUE,0.621536926706741,1.00099103511937,0.041174424251716,TRUE,0.444283632744191,1.00101069165015,0.387110249591021,FALSE,0.480154847802748,1.00102961101839,-0.222422233248781,TRUE,0.541237376744329,1.00099195437059
73,"rand=1-1_rate=2_ROB=LH_Bias=No Bias","1-1",2,"LH","No Bias",0,0,0,0,0,0,0.0066740357275687,0.0320612119156683,-0.032932666054476,TRUE,0.486310397207005,1.00098767943967,0.00813414106850174,TRUE,0.276759643465073,1.00098733780709,0.0936844816833644,TRUE,0.519107043839667,1.00099579779437,-0.018560059720419,TRUE,0.361351517971554,1.00099264472314
74,"rand=1-1_rate=2_ROB=LH_Bias=No Bias","1-1",2,"LH","No Bias",0,0,0,0,0,0,0.0060560477504526,0.0432992368862371,0.00453360563185379,TRUE,0.579575378152972,1.00098774010646,-0.0343865578641891,TRUE,0.380468991495661,1.00101150921279,-0.049120079962397,TRUE,0.796736310009175,1.00110667335337,-0.0276317198181164,TRUE,0.479986565046466,1.00108858000382
75,"rand=1-1_rate=2_ROB=LH_Bias=No Bias","1-1",2,"LH","No Bias",0,0,0,0,0,0,-0.0139147951057382,0.0416843326259467,0.0629111928829986,TRUE,0.480612659819277,1.00098620278381,-0.0159854718096071,TRUE,0.341000583340039,1.00112569306298,-0.0627633495083262,TRUE,0.639958239892793,1.00121089980065,0.00147348672443548,TRUE,0.455488769994283,1.00098846830985
76,"rand=1-1_rate=2_ROB=LH_Bias=No Bias","1-1",2,"LH","No Bias",0,0,0,0,0,0,-4.06237094990062e-05,0.0310202795099901,-0.0363433559933231,TRUE,0.616646066115412,1.00098693626323,-0.124349115260707,TRUE,0.436348873297877,1.00103960776894,-0.0423817350917666,TRUE,0.730579469154433,1.00103115219468,-0.154587742020416,TRUE,0.630336807326302,1.00100116458716
77,"rand=1-1_rate=2_ROB=LH_Bias=No Bias","1-1",2,"LH","No Bias",0,0,0,0,0,0,-0.0132062939517046,0.032788411401647,-0.0377634158593656,TRUE,0.600948479165364,1.00129157098485,0.000212193586866194,TRUE,0.378799658913643,1.00100219760685,0.0825474118961145,TRUE,0.584446061472558,1.00126992012462,-0.0389972017415068,TRUE,0.550878404329569,1.00099408149446
78,"rand=1-1_rate=2_ROB=LH_Bias=No Bias","1-1",2,"LH","No Bias",0,0,0,0,0,0,-0.000136940404494583,0.0317467191295542,-0.146990057049508,TRUE,0.519760097876774,1.00101263622787,-0.128872866346243,TRUE,0.28520161948177,1.0009927216344,-0.227475939569522,TRUE,0.684040731142007,1.00100540909654,-0.103012099948012,TRUE,0.356363057501769,1.00099294722794
79,"rand=1-1_rate=2_ROB=LH_Bias=No Bias","1-1",2,"LH","No Bias",0,0,0,0,0,0,0.00467559574916524,0.0391769240210044,-0.0100469605889195,TRUE,0.507681986435077,1.00099699724711,-0.0120784318106835,TRUE,0.325811496433552,1.00098728793045,-0.116879917731427,TRUE,0.566232197334216,1.00161740307878,0.0203860168369416,TRUE,0.449391862721005,1.00101424578744
80,"rand=1-1_rate=2_ROB=LH_Bias=No Bias","1-1",2,"LH","No Bias",0,0,0,0,0,0,-0.0083873567490248,0.0329421344404712,0.0610160360547731,TRUE,0.48231329922853,1.00101092225568,0.0630304119362634,TRUE,0.298752598712115,1.00098868298993,0.107146031272695,TRUE,0.887420245762178,1.00099664765548,0.04454640215637,TRUE,0.301458791877644,1.0009990630856
81,"rand=1-1_rate=2_ROB=LH_Bias=No Bias","1-1",2,"LH","No Bias",0,0,0,0,0,0,0.0058222725527858,0.0264745730674594,0.0998937168788457,TRUE,0.496462375418445,1.00099263138745,0.103384738773784,TRUE,0.323248391817267,1.00101585942901,0.0365938577005253,TRUE,0.565607275237976,1.00100122079235,0.128322211455263,TRUE,0.448339611521772,1.00099973051336
82,"rand=1-1_rate=2_ROB=LH_Bias=No Bias","1-1",2,"LH","No Bias",0,0,0,0,0,0,-0.00710725123638397,0.0326602730376764,0.0368622657836326,TRUE,0.581680214218268,1.00099562966405,0.000536180753315074,TRUE,0.389245344828413,1.00104040968509,0.229139390034148,TRUE,0.652641964214217,1.00098674968689,-0.131959391094601,TRUE,0.459770607832886,1.00099047265697
83,"rand=1-1_rate=2_ROB=LH_Bias=No Bias","1-1",2,"LH","No Bias",0,0,0,0,0,0,0.0132075128425523,0.0390467873360948,-0.00574287122914008,TRUE,0.566266855243563,1.00098758814063,-0.0808684900019576,TRUE,0.422238599466695,1.00099521199945,-0.0222521198106029,TRUE,0.683203929811016,1.00101249230773,-0.111194522049054,TRUE,0.615407620750386,1.00098616564296
84,"rand=1-1_rate=2_ROB=LH_Bias=No Bias","1-1",2,"LH","No Bias",0,0,0,0,0,0,-0.0207429934055815,0.0389923427443439,-0.0412136273896502,TRUE,0.580311651797963,1.00107999992109,-0.0768776957970443,TRUE,0.388769491480387,1.00098971901102,0.0671511532793651,TRUE,0.531910781503716,1.00100830527482,-0.140808774537583,TRUE,0.594860507267635,1.00098633815589
85,"rand=1-1_rate=2_ROB=LH_Bias=No Bias","1-1",2,"LH","No Bias",0,0,0,0,0,0,-0.0163845014591486,0.0271299363043713,-0.215453017749027,TRUE,0.6619348567319,1.00099298283143,-0.0491811425380795,TRUE,0.403227379971218,1.00098833151664,-0.192099882221047,TRUE,0.730311868628319,1.00119359108696,0.00640176603975084,TRUE,0.537894830918704,1.00100515458797
86,"rand=1-1_rate=2_ROB=LH_Bias=No Bias","1-1",2,"LH","No Bias",0,0,0,0,0,0,-0.00140096553426426,0.0209095028572316,0.0552213677333712,TRUE,0.585483288629993,1.00098886591004,-0.00657082170366863,TRUE,0.431045593375081,1.00100043425111,-0.114660215379498,TRUE,0.622645624763497,1.00098987063722,0.0514182141038401,TRUE,0.654033085967094,1.00100917612059
87,"rand=1-1_rate=2_ROB=LH_Bias=No Bias","1-1",2,"LH","No Bias",0,0,0,0,0,0,0.0197073843249378,0.0288045990717191,-0.150072430487875,TRUE,0.665411635332884,1.00108869581965,-0.139244690853373,TRUE,0.442872766970373,1.00099530694771,-0.157578819278009,TRUE,0.802537352178602,1.0011902516663,-0.132596518166298,TRUE,0.606759277415196,1.00100159775249
88,"rand=1-1_rate=2_ROB=LH_Bias=No Bias","1-1",2,"LH","No Bias",0,0,0,0,0,0,-0.0194597087014815,0.0309283932616295,0.0787918222862571,TRUE,0.435860788653534,1.00180051768777,0.0801159358166219,TRUE,0.245455465837267,1.00106147440477,0.0969294269474847,TRUE,0.515034536513916,1.00151425235445,0.0744867058181411,TRUE,0.31745773198386,1.00099584355569
89,"rand=1-1_rate=2_ROB=LH_Bias=No Bias","1-1",2,"LH","No Bias",0,0,0,0,0,0,-0.00797843555756327,0.0373120208581505,0.0676389894521957,TRUE,0.558323965466512,1.0009958036963,-0.0349861604667772,TRUE,0.428760929082942,1.00101853817049,-0.0366092836930674,TRUE,0.916558455910169,1.00110201979798,-0.0342525039578672,TRUE,0.551867440732093,1.00103921830545
90,"rand=1-1_rate=2_ROB=LH_Bias=No Bias","1-1",2,"LH","No Bias",0,0,0,0,0,0,-0.00114509149547713,0.0378223251288593,0.0620415631734075,TRUE,0.510446595106635,1.00098694853004,-0.00167394904544071,TRUE,0.358014229314741,1.00099312333199,0.0898322600000272,TRUE,0.503506538476661,1.00108173298264,-0.0372486124849045,TRUE,0.568280060353988,1.0009881078008
91,"rand=1-1_rate=2_ROB=LH_Bias=No Bias","1-1",2,"LH","No Bias",0,0,0,0,0,0,0.00594267925628559,0.0368525217136579,0.0441925004411424,TRUE,0.58336368629447,1.00127798004902,0.0119068641997871,TRUE,0.405348732637776,1.00098599033651,-0.0578654681479307,TRUE,0.747394945972696,1.00098951149944,0.045894041825702,TRUE,0.550756132388861,1.00098887545203
92,"rand=1-1_rate=2_ROB=LH_Bias=No Bias","1-1",2,"LH","No Bias",0,0,0,0,0,0,-0.00689731222907666,0.027491675433054,-0.121694144478229,TRUE,0.530701827087601,1.00098787557132,-0.0756607955182325,TRUE,0.308461514766383,1.00100176728797,-0.0316589063948756,TRUE,0.640156884541532,1.00098627064582,-0.0903710410481666,TRUE,0.392638772699648,1.00099744218776
93,"rand=1-1_rate=2_ROB=LH_Bias=No Bias","1-1",2,"LH","No Bias",0,0,0,0,0,0,0.0120292163937426,0.0396214945414011,-0.0769586126898378,TRUE,0.434453784438154,1.00123534731485,-0.00755608473672686,TRUE,0.204008372705553,1.00106168475502,-0.0506963566697203,TRUE,0.581472775356045,1.0011513641248,0.000637239916505217,TRUE,0.240921062735398,1.00104713524427
94,"rand=1-1_rate=2_ROB=LH_Bias=No Bias","1-1",2,"LH","No Bias",0,0,0,0,0,0,-0.0167641186744993,0.0275974337979558,-0.201512906453347,TRUE,0.613903433085001,1.00100321898746,-0.134358237291768,TRUE,0.354196125842697,1.00098611067291,0.0728082846272734,TRUE,0.612576067466527,1.00103349515628,-0.207880165409005,FALSE,0.453308418572102,1.00098662080409
95,"rand=1-1_rate=2_ROB=LH_Bias=No Bias","1-1",2,"LH","No Bias",0,0,0,0,0,0,-0.0093589271734694,0.0430307208891938,-0.00865545814852187,TRUE,0.4627686856744,1.00103035753817,0.0219872361879103,TRUE,0.267781630055717,1.00098603743702,0.0940032444370377,TRUE,0.490398837841794,1.00101269485026,0.000325902988511761,TRUE,0.359244643405705,1.00099580803326
96,"rand=1-1_rate=2_ROB=LH_Bias=No Bias","1-1",2,"LH","No Bias",0,0,0,0,0,0,0.012415562036432,0.0442778071432009,0.0173092464403826,TRUE,0.577158877902712,1.0010349227182,-0.000415842919909037,TRUE,0.386858184225012,1.00101276647371,0.117041212996028,TRUE,0.595100064276402,1.0011633607356,-0.0595310115455085,TRUE,0.567924866305683,1.00112840242057
97,"rand=1-1_rate=2_ROB=LH_Bias=No Bias","1-1",2,"LH","No Bias",0,0,0,0,0,0,-0.0113484348893023,0.0218884279295618,-0.0559480035436599,TRUE,0.545396563310405,1.00103826090308,0.00784264771563858,TRUE,0.323129557028617,1.00103300782377,-0.11852535882027,TRUE,0.652396495065224,1.0010387506525,0.0492222373697268,TRUE,0.413792477196064,1.00103627199419
98,"rand=1-1_rate=2_ROB=LH_Bias=No Bias","1-1",2,"LH","No Bias",0,0,0,0,0,0,-0.0134652466406453,0.0286294968387824,-0.0705130712354007,TRUE,0.609947874597516,1.00169034997847,-0.0552138370424247,TRUE,0.417564066890773,1.00102404162885,-0.181977277016553,TRUE,0.684164483770169,1.00101706498155,0.00312274759100739,TRUE,0.588914742440033,1.00102668846412
99,"rand=1-1_rate=2_ROB=LH_Bias=No Bias","1-1",2,"LH","No Bias",0,0,0,0,0,0,0.00761029100326037,0.0384537231359215,0.15151171776375,TRUE,0.498182447441249,1.00121482987936,0.0753084856982751,TRUE,0.340953329241472,1.00101084479133,0.175089854870361,TRUE,0.49082996545112,1.00116683174561,0.0335610112239548,TRUE,0.510764155986763,1.00105484205871
100,"rand=1-1_rate=2_ROB=LH_Bias=No Bias","1-1",2,"LH","No Bias",0,0,0,0,0,0,-0.00484219152185981,0.0307524036794029,-0.191255334478066,TRUE,0.62425402593955,1.00099850472729,-0.0184014052617332,TRUE,0.386894920890872,1.00098669985038,-0.22736637367308,TRUE,0.918745469067533,1.00099981146968,0.0605586484145244,TRUE,0.432715980986204,1.00098599543912
101,"rand=1-1_rate=2_ROB=LH_Bias=No Bias","1-1",2,"LH","No Bias",0,0,0,0,0,0,-0.00391452647118368,0.0329039189876362,0.0201879792802541,TRUE,0.542720107432865,1.0011162050235,0.0588055848760555,TRUE,0.324147522732641,1.00099255555058,0.138441172579858,TRUE,0.622324386148432,1.00099467969021,0.0288358606780105,TRUE,0.420204957511116,1.00099800742108
102,"rand=1-1_rate=2_ROB=LH_Bias=No Bias","1-1",2,"LH","No Bias",0,0,0,0,0,0,0.00868901176643155,0.0183382166952475,0.0630369002414014,TRUE,0.47508163130364,1.00103861157065,0.0340258945009517,TRUE,0.295783778988965,1.00099305202651,0.113793776281106,TRUE,0.580438694035609,1.00099065256185,0.00678597520278956,TRUE,0.38143993413676,1.00100040088707
103,"rand=1-1_rate=2_ROB=LH_Bias=No Bias","1-1",2,"LH","No Bias",0,0,0,0,0,0,0.00620788761352536,0.028391404256809,0.0954763361043297,TRUE,0.471082361962857,1.00099740027918,-0.0185566179999335,TRUE,0.346005551553428,1.00101018822695,-0.0457236320688188,TRUE,0.727338564145688,1.00107777006294,-0.00674220308446349,TRUE,0.446455929307522,1.00098917602272
104,"rand=1-1_rate=2_ROB=LH_Bias=No Bias","1-1",2,"LH","No Bias",0,0,0,0,0,0,0.00677180429517748,0.0294614303384328,0.15028567199356,TRUE,0.491422227030449,1.00099565802439,0.107040428355273,TRUE,0.344580348434645,1.0009864516512,-0.00467451730973334,TRUE,0.645246191994024,1.00104028191882,0.155803928103616,TRUE,0.454133493742744,1.00114279012989
105,"rand=1-1_rate=2_ROB=LH_Bias=No Bias","1-1",2,"LH","No Bias",0,0,0,0,0,0,2.08394723787032e-05,0.0319489619821757,0.112973269412507,TRUE,0.465346932831181,1.00113995864952,-0.00303310796803058,TRUE,0.356857298412181,1.00098612091853,0.0828798602378958,TRUE,0.585098002632568,1.00110821981656,-0.0385940318259697,TRUE,0.509692537186034,1.00105369945108
106,"rand=1-1_rate=2_ROB=LH_Bias=No Bias","1-1",2,"LH","No Bias",0,0,0,0,0,0,-0.0115332061938837,0.0398607327352257,0.0603692851123726,TRUE,0.503814877566222,1.00101871076002,0.0325795068757329,TRUE,0.327120761956269,1.00099081643797,0.035973224685543,TRUE,0.619344559226738,1.00098779638563,0.0340587051558522,TRUE,0.443843319777551,1.0009945059277
107,"rand=1-1_rate=2_ROB=LH_Bias=No Bias","1-1",2,"LH","No Bias",0,0,0,0,0,0,0.0154025950955574,0.0249643494306437,0.0869776562607792,TRUE,0.495162329548216,1.00107124791163,0.101056669057063,TRUE,0.304111689570184,1.00106896163931,-0.131853612797853,TRUE,0.732519889448378,1.00109458894944,0.169036411921922,TRUE,0.342657413751888,1.00099199727176
108,"rand=1-1_rate=2_ROB=LH_Bias=No Bias","1-1",2,"LH","No Bias",0,0,0,0,0,0,-0.0135423852565156,0.0352409365652345,0.0367238080816704,TRUE,0.524407863981829,1.00098760369354,0.0582234384127096,TRUE,0.332419038094068,1.00101715579517,-0.070692565502305,TRUE,0.634264047066824,1.0009951086838,0.105416151418056,TRUE,0.429129061691939,1.00107529325325
109,"rand=1-1_rate=2_ROB=LH_Bias=No Bias","1-1",2,"LH","No Bias",0,0,0,0,0,0,0.00536359531555478,0.0372598018301468,0.0797135232199289,TRUE,0.542842556575071,1.00112456126586,0.0764585805124772,TRUE,0.343493298778462,1.00099128220915,-0.0858809388580144,TRUE,0.702596256508333,1.00130935581637,0.134224598718563,TRUE,0.428355540627411,1.0009862058224
110,"rand=1-1_rate=2_ROB=LH_Bias=No Bias","1-1",2,"LH","No Bias",0,0,0,0,0,0,0.01025736621389,0.026611502619222,-0.117548007207862,TRUE,0.587379930439848,1.00099104370617,-0.0268257440360771,TRUE,0.35344548571228,1.00099207717546,-0.254487870464009,TRUE,0.683246451008876,1.00099278716706,0.0520048899965692,TRUE,0.448712221542133,1.00101481090609
111,"rand=1-1_rate=2_ROB=LH_Bias=No Bias","1-1",2,"LH","No Bias",0,0,0,0,0,0,0.0227462251944528,0.0293088452378802,-0.0725655354495178,TRUE,0.442595187580366,1.00116688482396,-0.0562791084210459,TRUE,0.201720806544936,1.00098798839736,-0.123050588695847,TRUE,0.613578221694762,1.00152174065635,-0.0448069031422884,TRUE,0.244822570056394,1.0009946973259
112,"rand=1-1_rate=2_ROB=LH_Bias=No Bias","1-1",2,"LH","No Bias",0,0,0,0,0,0,-0.00993678188565288,0.0348460319763461,-0.0105429933840984,TRUE,0.540418399167333,1.00099098714623,-0.0631423562556415,TRUE,0.338581203196081,1.00099205501923,0.0753252948071852,TRUE,0.67805095182851,1.00099161108425,-0.118229529518761,TRUE,0.417819896508475,1.00098946944275
113,"rand=1-1_rate=2_ROB=LH_Bias=No Bias","1-1",2,"LH","No Bias",0,0,0,0,0,0,0.0111117760506495,0.0322175743518825,-0.122144564790026,TRUE,0.556035379930614,1.00101867218557,-0.0605810335868562,TRUE,0.343281169272736,1.00099504426743,-0.166689211814769,TRUE,0.782883043317777,1.00134615512749,-0.0224016025054772,TRUE,0.422449006835092,1.00098608157588
114,"rand=1-1_rate=2_ROB=LH_Bias=No Bias","1-1",2,"LH","No Bias",0,0,0,0,0,0,-0.00634505252491046,0.0317703946121534,-0.0120032420322513,TRUE,0.562794966133254,1.00112958188979,0.0797645613372795,TRUE,0.369704849788551,1.00102844244437,0.0401989573163201,TRUE,0.533088930318737,1.00151721665048,0.0934962041681646,TRUE,0.57612322363096,1.00101290129919
115,"rand=1-1_rate=2_ROB=LH_Bias=No Bias","1-1",2,"LH","No Bias",0,0,0,0,0,0,-0.0159327623183973,0.0400683926619369,-0.0304573544355355,TRUE,0.517458920482287,1.00107227584051,-0.0247761843740977,TRUE,0.310296895746685,1.00109089010574,0.0270651630677374,TRUE,0.534083432735476,1.00101349446813,-0.0447153496698287,TRUE,0.437768420990283,1.00100575349182
116,"rand=1-1_rate=2_ROB=LH_Bias=No Bias","1-1",2,"LH","No Bias",0,0,0,0,0,0,-0.00681986726516671,0.0312081684680532,0.0117193113170968,TRUE,0.597438935840539,1.00116880095082,-0.0525051486063179,TRUE,0.422953820001999,1.00104373458195,-0.18499390449258,TRUE,0.983028964384822,1.00100963505608,0.00679774800215693,TRUE,0.505912115022647,1.00098879960608
117,"rand=1-1_rate=2_ROB=LH_Bias=No Bias","1-1",2,"LH","No Bias",0,0,0,0,0,0,-0.00715746120613713,0.0283102389320932,-0.0251585877251395,TRUE,0.504290472818002,1.00098612545135,0.082997915279117,TRUE,0.288583012653329,1.00102208182194,-0.166395847276058,TRUE,0.647182648588667,1.00101186014888,0.152696643544025,TRUE,0.336114388756353,1.00098600362085
118,"rand=1-1_rate=2_ROB=LH_Bias=No Bias","1-1",2,"LH","No Bias",0,0,0,0,0,0,0.00711978908301276,0.0310100385761552,-0.115575928025438,TRUE,0.573876611179351,1.00099254336447,-0.0612614349952219,TRUE,0.348338326717557,1.00111213889697,-0.298397162328637,TRUE,0.763684273443591,1.00098853496886,0.0121600406499511,TRUE,0.413863068042598,1.00099895208653
119,"rand=1-1_rate=2_ROB=LH_Bias=No Bias","1-1",2,"LH","No Bias",0,0,0,0,0,0,0.0009902538393033,0.0257011736471992,-0.133377577224883,TRUE,0.563315411126411,1.00103225862817,-0.0868940890260255,TRUE,0.318155058903953,1.00098671743309,-0.0179893698736882,TRUE,0.826188633958964,1.00102097662572,-0.100956952699966,TRUE,0.372013005972421,1.00098782793372
120,"rand=1-1_rate=2_ROB=LH_Bias=No Bias","1-1",2,"LH","No Bias",0,0,0,0,0,0,-0.00329095373207899,0.0263316356173679,0.0461085403146668,TRUE,0.485279384773138,1.00113046737849,0.0555479490420607,TRUE,0.309241025731655,1.00098843424263,0.0549811346213174,TRUE,0.518341364307352,1.00185497239675,0.0571333224255344,TRUE,0.447994685182327,1.00098894614074
121,"rand=1-1_rate=2_ROB=LH_Bias=No Bias","1-1",2,"LH","No Bias",0,0,0,0,0,0,0.00956346668599462,0.0400185878570236,0.169655593117952,TRUE,0.396304786430112,1.00108419364603,0.189122218123039,FALSE,0.230656409142665,1.00104978924124,0.0934589669435194,TRUE,0.498031065973969,1.00144143376149,0.217278699047889,FALSE,0.291717666160712,1.00101183987578
122,"rand=1-1_rate=2_ROB=LH_Bias=No Bias","1-1",2,"LH","No Bias",0,0,0,0,0,0,0.00178480358549342,0.0311194474884124,0.129539896846375,TRUE,0.45005332030172,1.00099823610185,0.185934711676663,FALSE,0.25995932027192,1.00098660659908,0.305327682969291,FALSE,0.435013657772833,1.00100727964983,0.141363375812454,TRUE,0.346531638892223,1.00098937266311
123,"rand=1-1_rate=2_ROB=LH_Bias=No Bias","1-1",2,"LH","No Bias",0,0,0,0,0,0,0.00926074212872815,0.0402897646046779,0.0585839452327878,TRUE,0.473211153078171,1.00101498456028,-0.0223392140618659,TRUE,0.294855647185254,1.0010731427212,-0.0220397815118958,TRUE,0.75146398462668,1.00101110036323,-0.0223893063566731,TRUE,0.352337699069685,1.00098774330926
124,"rand=1-1_rate=2_ROB=LH_Bias=No Bias","1-1",2,"LH","No Bias",0,0,0,0,0,0,0.0056039193033313,0.0234594471546991,0.104042716894607,TRUE,0.521984976234222,1.0013060240367,0.0727366533744829,TRUE,0.365173491538491,1.00098672722816,0.207958223005622,TRUE,0.471734943893073,1.00127951344084,-0.000312869987456166,TRUE,0.570658445878223,1.00099236335644
125,"rand=1-1_rate=2_ROB=LH_Bias=No Bias","1-1",2,"LH","No Bias",0,0,0,0,0,0,0.0110396329249288,0.0357343642017251,-0.112848057526843,TRUE,0.656588203536435,1.00101466144403,-0.00172818532010854,TRUE,0.373730560067903,1.00098931011519,0.0213494814404704,TRUE,0.865301981994698,1.00103978155351,-0.00384145308572936,TRUE,0.459802047955186,1.00101147593234
126,"rand=1-1_rate=2_ROB=LH_Bias=No Bias","1-1",2,"LH","No Bias",0,0,0,0,0,0,-0.00338968645104291,0.0363698871570439,-0.148362452205659,TRUE,0.54312492150642,1.00106211336334,-0.0554271836981413,TRUE,0.339182903228381,1.00098646705992,-0.293168880976688,TRUE,0.780058027849139,1.00098701086669,0.0219903927953974,TRUE,0.392987939636065,1.00099724641904
127,"rand=1-1_rate=2_ROB=LH_Bias=No Bias","1-1",2,"LH","No Bias",0,0,0,0,0,0,0.00969513323779074,0.0342036000665889,-0.0840419385483304,TRUE,0.510477401869448,1.00104722432149,-0.0539407350161583,TRUE,0.269603699990078,1.00099474670144,-0.0365459971978088,TRUE,0.64880378166678,1.00099307507687,-0.0570246600181818,TRUE,0.331634271356955,1.0010168172817
128,"rand=1-1_rate=2_ROB=LH_Bias=No Bias","1-1",2,"LH","No Bias",0,0,0,0,0,0,-0.00449938014655658,0.0368556944862814,-0.00998901114001916,TRUE,0.602648645509073,1.0010035165523,0.0199680029547099,TRUE,0.371517214223437,1.00100105643863,0.252404207037466,TRUE,0.4581135387771,1.00146272204495,-0.113878342687913,TRUE,0.539207221245001,1.00099628105925
129,"rand=1-1_rate=2_ROB=LH_Bias=No Bias","1-1",2,"LH","No Bias",0,0,0,0,0,0,-0.0196197117912318,0.0356495657311759,0.0054224248577357,TRUE,0.461227996455038,1.00100071747098,0.00793747896205754,TRUE,0.258784299593272,1.00098640222482,0.00104844487171052,TRUE,0.637074299075653,1.00099958449707,0.0114268419934878,TRUE,0.303332844521128,1.00106696276093
130,"rand=1-1_rate=2_ROB=LH_Bias=No Bias","1-1",2,"LH","No Bias",0,0,0,0,0,0,0.00792392476070757,0.0254033691496672,-0.00959529896116273,TRUE,0.512360264362244,1.00102709392126,0.0387004862495338,TRUE,0.30965831318224,1.00101873696008,0.00896451419827615,TRUE,0.673909125138229,1.00100582046554,0.0491261423698962,TRUE,0.392412591179126,1.00111110300542
131,"rand=1-1_rate=2_ROB=LH_Bias=No Bias","1-1",2,"LH","No Bias",0,0,0,0,0,0,-0.0138613667693346,0.0319654603865563,-0.093909362245671,TRUE,0.576847585789278,1.00099547489465,-0.100708657403447,TRUE,0.349118518782739,1.00098982241403,0.0323051211883951,TRUE,0.748264840807361,1.00099786244637,-0.146766943734546,TRUE,0.427350341533609,1.0009939679594
132,"rand=1-1_rate=2_ROB=LH_Bias=No Bias","1-1",2,"LH","No Bias",0,0,0,0,0,0,-0.00897263739119194,0.0359653726145756,0.0438614633301849,TRUE,0.534098412550155,1.00098792077229,0.0443140304044672,TRUE,0.334019533639652,1.00108150393064,0.0259619678258454,TRUE,0.927645517073404,1.00103344968266,0.0542964122515057,TRUE,0.367886051659715,1.00098610322885
133,"rand=1-1_rate=2_ROB=LH_Bias=No Bias","1-1",2,"LH","No Bias",0,0,0,0,0,0,0.00435764710646577,0.0295108086010031,-0.023142152863362,TRUE,0.561513393278311,1.00099951433335,0.0240609846302413,TRUE,0.328795540542508,1.00099274902978,-0.193299318144785,TRUE,0.84656708312013,1.00099132654978,0.0947791194767312,TRUE,0.344590874359761,1.00099354788948
134,"rand=1-1_rate=2_ROB=LH_Bias=No Bias","1-1",2,"LH","No Bias",0,0,0,0,0,0,0.00693525439780928,0.0252169820925159,-0.0398301685105229,TRUE,0.524399463507609,1.00099273785144,-0.169457456093445,TRUE,0.421403614452699,1.00099343950932,-0.126607085699396,TRUE,0.92929915739111,1.00098976793184,-0.187583912975401,TRUE,0.513933964472494,1.00099595052518
135,"rand=1-1_rate=2_ROB=LH_Bias=No Bias","1-1",2,"LH","No Bias",0,0,0,0,0,0,-5.95523181701858e-05,0.0250566854022007,0.0394858160233397,TRUE,0.519417816003377,1.00112216920088,0.0152515191745983,TRUE,0.312920204263931,1.00100084287819,0.111916650614999,TRUE,0.608854104978381,1.00098811362837,-0.0183713910643548,TRUE,0.406893239927691,1.00098639788523
136,"rand=1-1_rate=2_ROB=LH_Bias=No Bias","1-1",2,"LH","No Bias",0,0,0,0,0,0,0.00544585961109242,0.0389458076631827,0.0140206615709256,TRUE,0.554359140238506,1.00098793147339,-0.0411585438644499,TRUE,0.380410382256719,1.00099314050171,-0.206088889099936,TRUE,0.742789846935337,1.00104589525454,0.0271756089717932,TRUE,0.49532919832718,1.0009861782895
137,"rand=1-1_rate=2_ROB=LH_Bias=No Bias","1-1",2,"LH","No Bias",0,0,0,0,0,0,0.0013810100063537,0.0383254984538274,-0.0177792257366551,TRUE,0.502272449434247,1.00101858559043,0.00382007097490156,TRUE,0.288637542198009,1.00098773038342,-0.388104786190457,FALSE,0.749411141245321,1.00112236164207,0.0964498239595691,TRUE,0.257805731718204,1.00099423346654
138,"rand=1-1_rate=2_ROB=LH_Bias=No Bias","1-1",2,"LH","No Bias",0,0,0,0,0,0,0.00625184689500255,0.0407886434592484,-0.00967166532705233,TRUE,0.480953769476115,1.00183279785496,0.0479312592593492,TRUE,0.277972841638437,1.00098616752324,-0.0362160500684476,TRUE,0.597080832305485,1.00182449259695,0.0726707738184937,TRUE,0.349854396688212,1.00102960429795
139,"rand=1-1_rate=2_ROB=LH_Bias=No Bias","1-1",2,"LH","No Bias",0,0,0,0,0,0,-0.010314519080128,0.0271618724899184,0.0410097621852537,TRUE,0.577475100996555,1.00139377350543,0.00844225938610277,TRUE,0.424475434212465,1.00099022856457,0.139325784528781,TRUE,0.51494237690321,1.00110124387474,-0.0703147467548015,TRUE,0.698006503486522,1.00099976914689
140,"rand=1-1_rate=2_ROB=LH_Bias=No Bias","1-1",2,"LH","No Bias",0,0,0,0,0,0,0.00894093403553496,0.0292680775598618,0.037588666375459,TRUE,0.480412205929711,1.00109868748652,-0.00159649392149785,TRUE,0.294198599724092,1.00099690166001,-0.0632000882472736,TRUE,0.661404145856635,1.00125107981375,0.0172963489562755,TRUE,0.372626452414592,1.00100126259781
141,"rand=1-1_rate=2_ROB=LH_Bias=No Bias","1-1",2,"LH","No Bias",0,0,0,0,0,0,0.00495404521769412,0.0337424237533172,0.132707769329454,TRUE,0.454598935284498,1.00114019274212,0.15995248254542,FALSE,0.263291844273461,1.00100053198834,-0.0589558233836813,TRUE,0.550878006972862,1.00099098726619,0.224122776639418,FALSE,0.308656210318579,1.00100827812585
142,"rand=1-1_rate=2_ROB=LH_Bias=No Bias","1-1",2,"LH","No Bias",0,0,0,0,0,0,0.00110118048538493,0.0340138523338804,-0.0186942273248538,TRUE,0.542910936544797,1.0009860085074,-0.0737277474061511,TRUE,0.374693040656267,1.00103827987736,0.0213155932252554,TRUE,0.599580173665424,1.00099024434167,-0.110277064703373,TRUE,0.536169448381732,1.00102182164782
143,"rand=1-1_rate=2_ROB=LH_Bias=No Bias","1-1",2,"LH","No Bias",0,0,0,0,0,0,0.0117915925467852,0.0329620611935017,0.045758263901127,TRUE,0.525949926650754,1.0009939816639,-0.0424340484686978,TRUE,0.399625691276907,1.00100954272542,0.0997865137805688,TRUE,0.563125247456086,1.0010571072045,-0.115923790350211,TRUE,0.60305724520817,1.00103789963534
144,"rand=1-1_rate=2_ROB=LH_Bias=No Bias","1-1",2,"LH","No Bias",0,0,0,0,0,0,-0.00256644956372386,0.0337566729768969,-0.0150901071760483,TRUE,0.601000700404543,1.00099134664565,-0.0336671074798516,TRUE,0.395852377285776,1.00099709873429,0.111857624035855,TRUE,0.670644208437195,1.00098988817883,-0.105079951612867,TRUE,0.536633265495354,1.00098599668963
145,"rand=1-1_rate=2_ROB=LH_Bias=No Bias","1-1",2,"LH","No Bias",0,0,0,0,0,0,-0.00076685639676086,0.0384735952058534,-0.0388048073107257,TRUE,0.51111553699233,1.00119460714778,-0.0864380982542594,TRUE,0.317578709620288,1.00100411177499,-0.0380511615288401,TRUE,0.682358884483753,1.00098777383422,-0.102003714627678,TRUE,0.403206122336114,1.00100608948435
146,"rand=1-1_rate=2_ROB=LH_Bias=No Bias","1-1",2,"LH","No Bias",0,0,0,0,0,0,-0.00791439503044877,0.0333596714653859,0.116120047434888,TRUE,0.553714632884217,1.00104609702841,0.0348733077710116,TRUE,0.420141879526256,1.0009924249523,-0.0590180811922465,TRUE,1.15545457559092,1.00106151438486,0.0759221402609885,TRUE,0.433360436388019,1.00101362161941
147,"rand=1-1_rate=2_ROB=LH_Bias=No Bias","1-1",2,"LH","No Bias",0,0,0,0,0,0,0.00168267828288288,0.0386568112478736,0.0577345595508258,TRUE,0.452351793730597,1.00098630927029,0.0413644224704782,TRUE,0.248315996783894,1.00101599721414,0.0694829761359503,TRUE,0.718567653064493,1.00108333936151,0.0313194400988216,TRUE,0.276061548646351,1.00099108620275
148,"rand=1-1_rate=2_ROB=LH_Bias=No Bias","1-1",2,"LH","No Bias",0,0,0,0,0,0,-0.0106877985051275,0.0327602442519559,-0.0851259655112875,TRUE,0.562036354513207,1.00100293104817,-0.0383034677234144,TRUE,0.344538143042587,1.00098779756924,-0.0672172102313504,TRUE,0.707236866340965,1.00109796382694,-0.025417597197634,TRUE,0.451468979710831,1.00099361521063
149,"rand=1-1_rate=2_ROB=LH_Bias=No Bias","1-1",2,"LH","No Bias",0,0,0,0,0,0,0.00691095754691652,0.0408676905735459,0.158754214919746,TRUE,0.508278813504946,1.00111624899689,0.0821334143705029,TRUE,0.370896903576694,1.0010014981377,0.221313606305868,TRUE,0.471007811565002,1.0009914817738,0.00703867820893889,TRUE,0.578505420376122,1.00101481869701
150,"rand=1-1_rate=2_ROB=LH_Bias=No Bias","1-1",2,"LH","No Bias",0,0,0,0,0,0,-0.0033152364677719,0.0312060684776616,-0.0325488275760579,TRUE,0.554658983822581,1.0009877793526,0.0349693178389734,TRUE,0.330757721981695,1.00101538127608,0.112643880768044,TRUE,0.817147512569103,1.00102271201286,0.00631811242085123,TRUE,0.377209709029402,1.00098696739659
151,"rand=1-1_rate=2_ROB=LH_Bias=No Bias","1-1",2,"LH","No Bias",0,0,0,0,0,0,0.00633073574090166,0.0351849160174767,0.074407480776336,TRUE,0.474037200687649,1.00114967582173,0.0174441254745286,TRUE,0.325595170736568,1.00107016114048,0.0927146045822901,TRUE,0.492516196567274,1.00107388912645,-0.0123948429771399,TRUE,0.487482937352535,1.00099666695265
152,"rand=1-1_rate=2_ROB=LH_Bias=No Bias","1-1",2,"LH","No Bias",0,0,0,0,0,0,-0.00424688933475812,0.0268825549521498,0.175829475455038,TRUE,0.45931577618522,1.001121045908,0.0297669802001518,TRUE,0.359823791253045,1.0010629910051,0.122115943563674,TRUE,0.595580143790745,1.00099516254052,-0.0109261759449668,TRUE,0.511049929839794,1.00103009284301
153,"rand=1-1_rate=2_ROB=LH_Bias=No Bias","1-1",2,"LH","No Bias",0,0,0,0,0,0,-0.00739261104204879,0.0313084593022311,0.149890317520812,TRUE,0.43359379212893,1.00098949797998,0.0511759628908451,TRUE,0.318068688942074,1.00098714360775,0.0898579864521968,TRUE,0.708055442935711,1.0009860121175,0.0366068637670004,TRUE,0.392174377919772,1.00101189001112
154,"rand=1-1_rate=2_ROB=LH_Bias=No Bias","1-1",2,"LH","No Bias",0,0,0,0,0,0,-8.19443858380635e-05,0.0256830342482925,0.0267824682134505,TRUE,0.581275575227236,1.00098698010374,-0.012088452232049,TRUE,0.428465949175111,1.00098604886083,-0.0273043438008636,TRUE,0.652032281794631,1.00098600081262,-0.003607046173419,TRUE,0.640550840512511,1.00103427936365
155,"rand=1-1_rate=2_ROB=LH_Bias=No Bias","1-1",2,"LH","No Bias",0,0,0,0,0,0,0.0037223529767295,0.0256509061905964,0.177806084681098,TRUE,0.348896801929234,1.00105541153549,0.090868629898615,TRUE,0.250735872479007,1.00098879436831,0.19793812033475,TRUE,0.551782166656649,1.00100725442115,0.0609880176358361,TRUE,0.305766026502524,1.00103815012182
156,"rand=1-1_rate=2_ROB=LH_Bias=No Bias","1-1",2,"LH","No Bias",0,0,0,0,0,0,-0.00946601999607552,0.0336106375333631,0.0859608372103676,TRUE,0.438310384894263,1.00121926730189,0.0674945796178522,TRUE,0.26431624874156,1.00098697606284,0.0476139932693246,TRUE,0.51871756883147,1.00161527269693,0.0754191676948178,TRUE,0.354512294463252,1.00098667966384
157,"rand=1-1_rate=2_ROB=LH_Bias=No Bias","1-1",2,"LH","No Bias",0,0,0,0,0,0,0.00292805903674271,0.0254217793267678,0.0664539992571551,TRUE,0.471890227974281,1.00109447733466,0.0127076504233276,TRUE,0.310627686315704,1.00102574925861,0.0483179857219734,TRUE,0.563028769131176,1.00121116553781,0.000238009789886862,TRUE,0.426577686184526,1.00098610028991
158,"rand=1-1_rate=2_ROB=LH_Bias=No Bias","1-1",2,"LH","No Bias",0,0,0,0,0,0,0.000213956030668364,0.0340240419906851,-0.0150485379524223,TRUE,0.531588634848282,1.00098992184921,-0.0494540647679236,TRUE,0.355622539916549,1.00101931334201,-0.0899578279815505,TRUE,0.627093071138287,1.00100369291432,-0.0327130131422642,TRUE,0.498843257514581,1.00100315578024
159,"rand=1-1_rate=2_ROB=LH_Bias=No Bias","1-1",2,"LH","No Bias",0,0,0,0,0,0,-0.0167853804886011,0.0317698749259705,0.032070472755283,TRUE,0.585510277013096,1.00101773201288,0.0655528523316748,TRUE,0.377106120141428,1.00098700151007,-0.215552576543156,TRUE,0.835386287455421,1.00099523152687,0.172010884495826,TRUE,0.409299421639767,1.00098829208509
160,"rand=1-1_rate=2_ROB=LH_Bias=No Bias","1-1",2,"LH","No Bias",0,0,0,0,0,0,0.0141963286186088,0.0370629744434488,-0.00684168938125329,TRUE,0.544618489594711,1.0009861461773,0.0150768325141761,TRUE,0.3264608725603,1.00098949438935,-0.145430130284361,TRUE,0.724370373913073,1.00099395619944,0.0676824403996807,TRUE,0.394187037687351,1.00099410424907
161,"rand=1-1_rate=2_ROB=LH_Bias=No Bias","1-1",2,"LH","No Bias",0,0,0,0,0,0,-0.0258072190236714,0.0451957203056803,0.122718283442777,TRUE,0.449068985234811,1.00098853233263,0.17142026978128,FALSE,0.26878331394852,1.00098920237493,0.0231952818109383,TRUE,0.526509811167718,1.00130645522964,0.219347767239401,FALSE,0.367411348261384,1.00098655370922
162,"rand=1-1_rate=2_ROB=LH_Bias=No Bias","1-1",2,"LH","No Bias",0,0,0,0,0,0,-0.0039710365516834,0.0262900267635909,-0.0478138484524759,TRUE,0.513651672846696,1.00099851595825,-0.0977783561815262,TRUE,0.336331808478111,1.00102639676649,-0.0672580173167345,TRUE,0.640574773673934,1.0010117068663,-0.107603834581109,TRUE,0.44811746421223,1.00098661948362
163,"rand=1-1_rate=2_ROB=LH_Bias=No Bias","1-1",2,"LH","No Bias",0,0,0,0,0,0,0.000288176672548806,0.0278242439188958,-0.35211622440997,FALSE,0.61440596968847,1.000987120059,-0.211357084104106,FALSE,0.380233142713953,1.00113631030997,-0.240761177139866,TRUE,0.808411633084527,1.0010093121702,-0.199900661469555,TRUE,0.487951762266249,1.00102667413909
164,"rand=1-1_rate=2_ROB=LH_Bias=No Bias","1-1",2,"LH","No Bias",0,0,0,0,0,0,-0.00527974729683247,0.0410356005151325,0.0743169975340104,TRUE,0.43399338016922,1.00100042206877,-0.0553058513989448,TRUE,0.362701531690483,1.00099611617682,0.247160703790241,TRUE,0.445694668688288,1.00105325166293,-0.202148722942054,TRUE,0.474375215499309,1.00100175676704
165,"rand=1-1_rate=2_ROB=LH_Bias=No Bias","1-1",2,"LH","No Bias",0,0,0,0,0,0,0.00536453539111624,0.0307477302638353,0.125657373318089,TRUE,0.420515080497893,1.00134941207246,0.0822088029666239,TRUE,0.271882780292377,1.00100202418844,0.0831114615826494,TRUE,0.503000715208396,1.00274015728308,0.0789107141290807,TRUE,0.384663057185792,1.00101696626304
166,"rand=1-1_rate=2_ROB=LH_Bias=No Bias","1-1",2,"LH","No Bias",0,0,0,0,0,0,-0.00549983480858721,0.0284538221082893,0.0515511997355307,TRUE,0.508219431361585,1.0010747130301,0.069717837752944,TRUE,0.318974397055138,1.00099607144374,-0.0458469139365412,TRUE,0.604356400020372,1.00098784387419,0.116191948210713,TRUE,0.418896648893564,1.00098608664508
167,"rand=1-1_rate=2_ROB=LH_Bias=No Bias","1-1",2,"LH","No Bias",0,0,0,0,0,0,0.00459190633793562,0.0283376004024419,0.0723933765500654,TRUE,0.561582826343737,1.00109068052796,0.0774713210202789,TRUE,0.378555136440866,1.00098901433254,-0.00163393817622626,TRUE,1.01924450139219,1.00099722458543,0.109021605224414,TRUE,0.400521250703139,1.00106049177803
168,"rand=1-1_rate=2_ROB=LH_Bias=No Bias","1-1",2,"LH","No Bias",0,0,0,0,0,0,-0.00405307691545323,0.0362597730053226,-0.0593196627425685,TRUE,0.5351097140985,1.00106025560739,0.00627095600454664,TRUE,0.325609725383467,1.00107232069261,-0.0843544318568989,TRUE,0.673084042058825,1.0018165807875,0.0385703075034609,TRUE,0.421021491244996,1.00106885149681
169,"rand=1-1_rate=2_ROB=LH_Bias=No Bias","1-1",2,"LH","No Bias",0,0,0,0,0,0,-0.00282235668107968,0.0298536534823607,0.205669940801469,TRUE,0.386786596846497,1.00102151567864,0.113697725717113,TRUE,0.247937082748062,1.00098599529966,0.154834402701416,TRUE,0.560274140314104,1.00099360494232,0.0995857330710844,TRUE,0.316061275435278,1.00098612302528
170,"rand=1-1_rate=2_ROB=LH_Bias=No Bias","1-1",2,"LH","No Bias",0,0,0,0,0,0,-0.0111201744960593,0.0348069143840831,-0.060936223926817,TRUE,0.491756986992459,1.00100113068722,-0.0675990995979712,TRUE,0.270080473210979,1.00100558126145,0.152402625397847,TRUE,0.737960660860144,1.000997175699,-0.114644112528137,TRUE,0.281413939959588,1.00099522677293
171,"rand=1-1_rate=2_ROB=LH_Bias=No Bias","1-1",2,"LH","No Bias",0,0,0,0,0,0,0.00535936812498427,0.025601792902373,-0.0310718103492778,TRUE,0.454532443317304,1.00098815150529,-0.0465235870919463,TRUE,0.242036487973602,1.00104627096024,0.0660631979619826,TRUE,0.542277335567435,1.00101660420927,-0.0697214141177598,TRUE,0.294184004289307,1.00100530063785
172,"rand=1-1_rate=2_ROB=LH_Bias=No Bias","1-1",2,"LH","No Bias",0,0,0,0,0,0,-0.00749318578072644,0.0290398593785202,-0.195652750895863,TRUE,0.663645265746266,1.00118896034788,-0.0927537246896177,TRUE,0.436641862822605,1.0010156889072,-0.165096791924557,TRUE,0.831494410966638,1.0009923860886,-0.0569955349212137,TRUE,0.578784851625602,1.0009958092418
173,"rand=1-1_rate=2_ROB=LH_Bias=No Bias","1-1",2,"LH","No Bias",0,0,0,0,0,0,-0.00450997243915249,0.026720592641293,0.123256796669829,TRUE,0.398476056738935,1.00098910488397,0.0129237570680223,TRUE,0.286774836041993,1.00098600313812,0.218391215038687,TRUE,0.428107859220216,1.00112510355081,-0.060905814674276,TRUE,0.386917397632765,1.00098659245465
174,"rand=1-1_rate=2_ROB=LH_Bias=No Bias","1-1",2,"LH","No Bias",0,0,0,0,0,0,0.00301272286402416,0.0251619242074771,0.0317656081912852,TRUE,0.508878638481769,1.00151277223966,-0.0323603088241806,TRUE,0.357802114769902,1.00100654945095,-0.108483240665654,TRUE,0.64455833425986,1.00130129567096,-0.00257931205028172,TRUE,0.489954480548425,1.00099327417017
175,"rand=1-1_rate=2_ROB=LH_Bias=No Bias","1-1",2,"LH","No Bias",0,0,0,0,0,0,0.0162744140372118,0.0394166130696523,0.209259842397657,TRUE,0.578428349366718,1.00098691048063,0.0177705089049744,TRUE,0.488204188009266,1.00100551439047,0.154007863647856,TRUE,0.797108243914349,1.00099431658116,-0.0718921687184175,TRUE,0.720504002608844,1.00099818896839
176,"rand=1-1_rate=2_ROB=LH_Bias=No Bias","1-1",2,"LH","No Bias",0,0,0,0,0,0,0.0127534538213041,0.0443913564918812,0.0414592438512544,TRUE,0.446249527928604,1.00102940413564,0.0725020687593588,TRUE,0.247837598844077,1.00110792512646,-0.16179141967721,TRUE,0.635794077912311,1.00131159733593,0.128946313232323,TRUE,0.275982191855187,1.00106970354197
177,"rand=1-1_rate=2_ROB=LH_Bias=No Bias","1-1",2,"LH","No Bias",0,0,0,0,0,0,-0.0052585413268661,0.0347620191578123,-0.139809907381415,TRUE,0.587699415500621,1.00099944091873,-0.0607458169264969,TRUE,0.370757501111737,1.00098645919942,-0.0777897516826669,TRUE,0.618393111852862,1.00106112972961,-0.0506956488814614,TRUE,0.537866757061723,1.00101009096612
178,"rand=1-1_rate=2_ROB=LH_Bias=No Bias","1-1",2,"LH","No Bias",0,0,0,0,0,0,0.0284162221910849,0.0397327317523964,0.0707115221653946,TRUE,0.506994775575488,1.00098816856662,0.00591568366091511,TRUE,0.34830471668632,1.00098751830277,-0.0992667059747303,TRUE,0.685016683293263,1.00100910543501,0.0417521726497297,TRUE,0.450833537017339,1.0010052964155
179,"rand=1-1_rate=2_ROB=LH_Bias=No Bias","1-1",2,"LH","No Bias",0,0,0,0,0,0,-0.0120630579054398,0.031610217746118,-0.275969287263231,TRUE,0.725857634852072,1.00114156035541,-0.211395667211203,TRUE,0.476309045838008,1.00098649912105,-0.291695120275765,TRUE,0.766351799597406,1.00241997081111,-0.18094003734681,TRUE,0.704464782023172,1.00099104651593
180,"rand=1-1_rate=2_ROB=LH_Bias=No Bias","1-1",2,"LH","No Bias",0,0,0,0,0,0,0.00235731021194482,0.0243507151027318,0.0712435438740034,TRUE,0.508882038710039,1.00104574987673,0.181595422854403,TRUE,0.321312821954097,1.00098688463208,-0.0175068274746861,TRUE,0.577792709057732,1.00115820231167,0.255969963578554,FALSE,0.409269761949375,1.0010078366878
181,"rand=1-1_rate=2_ROB=LH_Bias=No Bias","1-1",2,"LH","No Bias",0,0,0,0,0,0,0.00272405688086176,0.02358449344798,-0.0838088762706146,TRUE,0.521520909392664,1.00104182734049,-0.0296047126796999,TRUE,0.295051929992924,1.00101108488538,0.035716099502108,TRUE,0.598649585076192,1.00142675992306,-0.0497455901744228,TRUE,0.379280269564071,1.00107637284133
182,"rand=1-1_rate=2_ROB=LH_Bias=No Bias","1-1",2,"LH","No Bias",0,0,0,0,0,0,-0.0129111111327993,0.0373345426464883,0.131069538767129,TRUE,0.408254602957526,1.00099211621818,0.0559262328738734,TRUE,0.262187995675487,1.00099051056675,0.140001511769497,TRUE,0.528656509292159,1.00102353752419,0.0289652099787049,TRUE,0.336630275988292,1.00104704413502
183,"rand=1-1_rate=2_ROB=LH_Bias=No Bias","1-1",2,"LH","No Bias",0,0,0,0,0,0,-0.00129688140016311,0.0338164936990964,-0.0780769556266048,TRUE,0.591333248650567,1.00150115568908,0.036691209038326,TRUE,0.342230742965482,1.00100576755003,0.212084510901587,TRUE,0.535453779095347,1.00098788099258,-0.0380843781142091,TRUE,0.461610166787154,1.00098599035964
184,"rand=1-1_rate=2_ROB=LH_Bias=No Bias","1-1",2,"LH","No Bias",0,0,0,0,0,0,-0.00772889180666604,0.0353142280903089,0.117100459134835,TRUE,0.404365755651908,1.001053324382,-0.00492545045416626,TRUE,0.313250651893248,1.00098774297376,0.0767672937301652,TRUE,0.611612122338477,1.00098775739196,-0.0371875055408186,TRUE,0.417840964182856,1.00102672741155
185,"rand=1-1_rate=2_ROB=LH_Bias=No Bias","1-1",2,"LH","No Bias",0,0,0,0,0,0,0.0181447177400242,0.0366935962087008,-0.0924528047899114,TRUE,0.572862737735046,1.00100385272383,-0.106834565880974,TRUE,0.344496985551634,1.00111576376666,-0.272959574401886,TRUE,1.0459372566854,1.00099477398646,-0.0588334045860581,TRUE,0.370889492407033,1.00100816767283
186,"rand=1-1_rate=2_ROB=LH_Bias=No Bias","1-1",2,"LH","No Bias",0,0,0,0,0,0,0.00885322072048856,0.0389862530000347,0.196198390059582,TRUE,0.458158015125041,1.00098944635854,0.142882872697124,TRUE,0.314290399231931,1.00098874427164,0.0196107551496719,TRUE,0.853931566408931,1.00104977744109,0.186467715826714,TRUE,0.341383097524988,1.00098607548434
187,"rand=1-1_rate=2_ROB=LH_Bias=No Bias","1-1",2,"LH","No Bias",0,0,0,0,0,0,-0.00805763070640749,0.0326770382520117,0.0228649535590164,TRUE,0.446458254149312,1.00119288503299,0.0391758299444628,TRUE,0.24146101573576,1.00099071384941,-0.0951003926964458,TRUE,0.723604233659002,1.00099278739849,0.0653140715824504,TRUE,0.268935862563911,1.00101448017332
188,"rand=1-1_rate=2_ROB=LH_Bias=No Bias","1-1",2,"LH","No Bias",0,0,0,0,0,0,-0.00857003301796374,0.0249110789211218,-0.0483714761874381,TRUE,0.583031978791233,1.00099756899745,-0.00871375745058955,TRUE,0.377243546769331,1.00105702084213,-0.115058972592111,TRUE,0.64858309969436,1.00109208852929,0.0299059667607003,TRUE,0.52233499570445,1.00099475072862
189,"rand=1-1_rate=2_ROB=LH_Bias=No Bias","1-1",2,"LH","No Bias",0,0,0,0,0,0,-0.00571658218215288,0.0312351364088279,-0.0473150977436476,TRUE,0.578310146312687,1.00150972531205,-0.152934939278772,TRUE,0.426268062032969,1.00098800291394,-0.304847340178096,TRUE,0.897847144876446,1.00109501483871,-0.0973049473482432,TRUE,0.533167564218297,1.00099837072754
190,"rand=1-1_rate=2_ROB=LH_Bias=No Bias","1-1",2,"LH","No Bias",0,0,0,0,0,0,0.000986143837543798,0.0272188660951514,0.0704759828403547,TRUE,0.430715818085125,1.00102563905594,0.0320545684023128,TRUE,0.264441241380025,1.00102798425679,0.0540546447086063,TRUE,0.524512977490478,1.00114216021707,0.026103758591719,TRUE,0.352181871525704,1.00099344402767
191,"rand=1-1_rate=2_ROB=LH_Bias=No Bias","1-1",2,"LH","No Bias",0,0,0,0,0,0,0.0165083333102108,0.0267793544238586,0.0339849567486173,TRUE,0.524657899125534,1.00100613734915,0.0386515523601866,TRUE,0.323839286451057,1.00116791203232,-0.0769116376468284,TRUE,0.805844685108766,1.00107858252344,0.0755857245402091,TRUE,0.379580521563407,1.00098688607734
192,"rand=1-1_rate=2_ROB=LH_Bias=No Bias","1-1",2,"LH","No Bias",0,0,0,0,0,0,-0.00607233472763828,0.0213976840474287,0.142800567407894,TRUE,0.384253690872959,1.00099703803737,0.0695250198704377,TRUE,0.251656016838129,1.00100058211652,0.0705628980493999,TRUE,0.561236295780918,1.00099249718001,0.0699794162297583,TRUE,0.319009885231412,1.00099792665871
193,"rand=1-1_rate=2_ROB=LH_Bias=No Bias","1-1",2,"LH","No Bias",0,0,0,0,0,0,0.00443302971714221,0.0276260052870073,-0.0420458215780146,TRUE,0.663974609219649,1.00098748125817,0.0171373515687594,TRUE,0.448489624208665,1.00115242294245,0.180518053717451,TRUE,0.551124696703588,1.00100774279407,-0.0958439967468341,TRUE,0.727022662998281,1.00100351382025
194,"rand=1-1_rate=2_ROB=LH_Bias=No Bias","1-1",2,"LH","No Bias",0,0,0,0,0,0,0.000900689292628334,0.0262522447468324,0.0181666342819329,TRUE,0.524660828983584,1.00118606756573,-0.0279786821975438,TRUE,0.339278468245019,1.00099076361016,-0.131163532579064,TRUE,0.736514639427527,1.00115419968775,0.00617099412478883,TRUE,0.419099307379763,1.00107479350377
195,"rand=1-1_rate=2_ROB=LH_Bias=No Bias","1-1",2,"LH","No Bias",0,0,0,0,0,0,0.0042451932827124,0.0366113159434663,-0.012027497235686,TRUE,0.472975138139474,1.00106567281736,0.138525094076152,TRUE,0.299462573841735,1.00098781609222,-0.101473141088085,TRUE,0.664166036462663,1.00134245393858,0.210234936632278,FALSE,0.346053359595697,1.00099538569354
196,"rand=1-1_rate=2_ROB=LH_Bias=No Bias","1-1",2,"LH","No Bias",0,0,0,0,0,0,-0.02297797480072,0.0463527173432817,0.0795292156883617,TRUE,0.547648858333621,1.00098697482841,0.0806749619786982,TRUE,0.355329974139242,1.00099036709945,0.119930064329062,TRUE,0.635809515853156,1.00100237627322,0.0598947392456062,TRUE,0.49886394029099,1.00099261202614
197,"rand=1-1_rate=2_ROB=LH_Bias=No Bias","1-1",2,"LH","No Bias",0,0,0,0,0,0,-0.00506981038294467,0.017938780818054,0.0607376663894558,TRUE,0.506647126028741,1.00106676532838,0.0389191821093979,TRUE,0.319899095553425,1.00103236615284,-0.0983609175687086,TRUE,0.772880831984556,1.00102468914075,0.0793713543155983,TRUE,0.372024305880076,1.0009861895073
198,"rand=1-1_rate=2_ROB=LH_Bias=No Bias","1-1",2,"LH","No Bias",0,0,0,0,0,0,0.00438125498941569,0.030714032737504,-0.0253079826099778,TRUE,0.487395918273474,1.00133485482434,-0.0463075571178395,TRUE,0.272354974802446,1.00099097126558,0.193920463566333,TRUE,0.438224341328786,1.00117543561951,-0.115315935972338,TRUE,0.346000258547668,1.00101556956151
199,"rand=1-1_rate=2_ROB=LH_Bias=No Bias","1-1",2,"LH","No Bias",0,0,0,0,0,0,-0.0187931940491645,0.0313309620851534,0.262832337103059,FALSE,0.421113049027884,1.00114859454779,0.137876154527233,TRUE,0.341559620717227,1.00098659826905,-0.00418702205280597,TRUE,0.88102661045315,1.00098612692897,0.201796321584802,FALSE,0.358918281481578,1.00099006067159
200,"rand=1-1_rate=2_ROB=LH_Bias=No Bias","1-1",2,"LH","No Bias",0,0,0,0,0,0,-0.0134089065699481,0.0411722569139576,-0.0233889367407905,TRUE,0.612977274159745,1.00116473292025,0.0193594923790126,TRUE,0.429539647290663,1.00099122980343,-0.423983058326054,FALSE,0.846436051961002,1.00138693487847,0.187540170018638,TRUE,0.426983222831312,1.00099084308375
201,"rand=1-1_rate=2_ROB=LH_Bias=No Bias","1-1",2,"LH","No Bias",0,0,0,0,0,0,-0.00835690690694281,0.0262681148822522,0.155090844521347,TRUE,0.47560557736717,1.00109437672766,0.0778077170119174,TRUE,0.34219362997596,1.00099374938293,0.143105580033827,TRUE,0.60251632226267,1.00101775856078,0.0499572492980583,TRUE,0.47581240806111,1.0009887718321
202,"rand=1-1_rate=2_ROB=LH_Bias=No Bias","1-1",2,"LH","No Bias",0,0,0,0,0,0,0.00574543726537925,0.0282869139309556,-0.163912654338269,TRUE,0.57107294191524,1.00108604752042,-0.0606534587016374,TRUE,0.334058178788902,1.00098611406622,-0.303047402722079,TRUE,0.863358166330116,1.00110380254035,0.00483966063067665,TRUE,0.362645649069498,1.00101851659218
203,"rand=1-1_rate=2_ROB=LH_Bias=No Bias","1-1",2,"LH","No Bias",0,0,0,0,0,0,0.0021562235003614,0.0325130004864224,0.0122108508798517,TRUE,0.625034028934282,1.0011581534209,0.0128934654598726,TRUE,0.386044521666028,1.00114514781533,0.224788506217815,TRUE,0.587471315138553,1.00099245036966,-0.0978635030682247,TRUE,0.511847690727969,1.00100027226402
204,"rand=1-1_rate=2_ROB=LH_Bias=No Bias","1-1",2,"LH","No Bias",0,0,0,0,0,0,-0.011194131406088,0.038200381112335,-0.0351995570494068,TRUE,0.528791317702953,1.00098812629772,0.0360303671634988,TRUE,0.306977204190981,1.00100038383824,0.0576313453154683,TRUE,0.634116591805847,1.00101806436795,0.0295839970693959,TRUE,0.397983201951408,1.00106445426653
205,"rand=1-1_rate=2_ROB=LH_Bias=No Bias","1-1",2,"LH","No Bias",0,0,0,0,0,0,0.00544807738252289,0.0242272285437153,0.00652339080824549,TRUE,0.489353594656559,1.00099097602701,-0.00422775085321558,TRUE,0.293008871879049,1.00098827970304,0.0156705231958807,TRUE,0.620191007139411,1.00165602676274,-0.00959430157637176,TRUE,0.377004407799596,1.00098953613937
206,"rand=1-1_rate=2_ROB=LH_Bias=No Bias","1-1",2,"LH","No Bias",0,0,0,0,0,0,0.0159767068847806,0.0302911536521658,0.0108968605722392,TRUE,0.631359756532488,1.00109823654945,0.0567182955971188,TRUE,0.391875621282255,1.00105072186909,0.181430287294006,TRUE,0.681704343498886,1.00099792929381,-0.0100443461105224,TRUE,0.53571127306643,1.00106081929377
207,"rand=1-1_rate=2_ROB=LH_Bias=No Bias","1-1",2,"LH","No Bias",0,0,0,0,0,0,-0.000823504315099356,0.033862501103171,-0.0417793034283622,TRUE,0.521130637934505,1.00099487420905,0.0178232072952925,TRUE,0.306853142646133,1.00099820909632,0.0874169061975086,TRUE,0.544628210904416,1.00152540467976,-0.0104957622232695,TRUE,0.424619306129204,1.00099418175945
208,"rand=1-1_rate=2_ROB=LH_Bias=No Bias","1-1",2,"LH","No Bias",0,0,0,0,0,0,0.0166129814834242,0.0412627951646212,-0.139821658255417,TRUE,0.489338172600443,1.00103346068646,0.0220019472229047,TRUE,0.299030055364766,1.00098887930916,0.0473906870703691,TRUE,0.666847309536776,1.00098889048997,0.0138857087761207,TRUE,0.367854397157759,1.00099237207899
209,"rand=1-1_rate=2_ROB=LH_Bias=No Bias","1-1",2,"LH","No Bias",0,0,0,0,0,0,0.0039987518126708,0.0309288239300254,0.0493646345973912,TRUE,0.492886502359384,1.00103034355147,-0.0549163860990387,TRUE,0.348269754149116,1.00103618944488,-0.0380971334207716,TRUE,0.65233660195557,1.00115491188357,-0.0612229614204975,TRUE,0.479435174844447,1.0010183861142
210,"rand=1-1_rate=2_ROB=LH_Bias=No Bias","1-1",2,"LH","No Bias",0,0,0,0,0,0,-0.0237686793153082,0.0406695023661781,-0.0723829340127033,TRUE,0.665613937887949,1.00098625185016,-0.00949569859781096,TRUE,0.432101500345161,1.00098776533583,-0.134401550240146,TRUE,0.995603700408484,1.0012803562037,0.0414276109255606,TRUE,0.528711661065561,1.00098627874129
211,"rand=1-1_rate=2_ROB=LH_Bias=No Bias","1-1",2,"LH","No Bias",0,0,0,0,0,0,-0.00801416244795343,0.0312080684392371,0.0501897626766258,TRUE,0.434319755634778,1.0011714253419,0.00746895618427856,TRUE,0.253087037747967,1.00104691212374,0.116256911365176,TRUE,0.480410754672153,1.00107605862968,-0.0214931632346986,TRUE,0.333984198717597,1.0011110848421
212,"rand=1-1_rate=2_ROB=LH_Bias=No Bias","1-1",2,"LH","No Bias",0,0,0,0,0,0,0.00339713370098723,0.0314184780214556,-0.0725313316583418,TRUE,0.671169307685219,1.00102254731371,-0.0183931032032629,TRUE,0.41263245480826,1.00103083339386,-0.350286690419755,FALSE,0.798633029519048,1.00098803733212,0.105385580623211,TRUE,0.472493399438017,1.00102580229063
213,"rand=1-1_rate=2_ROB=LH_Bias=No Bias","1-1",2,"LH","No Bias",0,0,0,0,0,0,-0.0134677886412162,0.0379783335117913,-0.0258031523476918,TRUE,0.505807533557478,1.00109782587988,0.00950524941169273,TRUE,0.280632060241913,1.00108235242535,0.0584238950169413,TRUE,0.49416584762456,1.00127560341146,-0.00729702339450489,TRUE,0.402931270062938,1.00108121337776
214,"rand=1-1_rate=2_ROB=LH_Bias=No Bias","1-1",2,"LH","No Bias",0,0,0,0,0,0,-0.00845015123241097,0.0209649087857407,0.0649457560002376,TRUE,0.567495845489071,1.00115507373147,0.11657669316837,TRUE,0.328602557029918,1.0010143407433,-0.138186776844402,TRUE,0.813340214830803,1.0010820605257,0.204117385343347,FALSE,0.340176272310942,1.00101321030013
215,"rand=1-1_rate=2_ROB=LH_Bias=No Bias","1-1",2,"LH","No Bias",0,0,0,0,0,0,-0.0120443001614859,0.0378893351671664,-0.0987777637185923,TRUE,0.572329034691622,1.00182246347653,-0.0491707209457928,TRUE,0.367403158434469,1.0009874361628,0.0204983567040988,TRUE,0.555194137596805,1.00148840502857,-0.0758717000857088,TRUE,0.547318452539976,1.00098763282617
216,"rand=1-1_rate=2_ROB=LH_Bias=No Bias","1-1",2,"LH","No Bias",0,0,0,0,0,0,0.0105175890488869,0.0393947619704661,0.122428223288418,TRUE,0.43516640236396,1.00099184319186,0.0800702913515172,TRUE,0.286312593499246,1.00100275431941,0.100063631307557,TRUE,0.513596342791893,1.00105555078177,0.0712229090628402,TRUE,0.401238909904889,1.00098723883352
217,"rand=1-1_rate=2_ROB=LH_Bias=No Bias","1-1",2,"LH","No Bias",0,0,0,0,0,0,0.0112854635166558,0.036446814182236,-0.0576054127629348,TRUE,0.549188870102162,1.00110867944705,0.0153825784489373,TRUE,0.320553198403033,1.00098606976838,-0.115201512308024,TRUE,0.650477468664805,1.00099174708989,0.0564815906089844,TRUE,0.412972979133952,1.0009889121883
218,"rand=1-1_rate=2_ROB=LH_Bias=No Bias","1-1",2,"LH","No Bias",0,0,0,0,0,0,0.00627685662566318,0.028263881779457,0.165125127259752,TRUE,0.456013142750987,1.00101754028249,0.119506834022792,TRUE,0.307072853338153,1.00098792011736,0.256428280786573,FALSE,0.433673869392469,1.00102973233924,0.0617235461750796,TRUE,0.462306077994578,1.00101588918683
219,"rand=1-1_rate=2_ROB=LH_Bias=No Bias","1-1",2,"LH","No Bias",0,0,0,0,0,0,0.000595708176931852,0.0356894971034189,-0.0500116090854716,TRUE,0.675963991535997,1.00099952279381,-0.0706067554331002,TRUE,0.460997737771851,1.00110765276243,-0.140911364572065,TRUE,0.970967289448222,1.00100926071123,-0.0365348384847566,TRUE,0.600712716085113,1.00098641843343
220,"rand=1-1_rate=2_ROB=LH_Bias=No Bias","1-1",2,"LH","No Bias",0,0,0,0,0,0,-0.00447447558810708,0.0212790422778201,0.0433294504698631,TRUE,0.48291202653574,1.00130074302487,-0.0589540340988242,TRUE,0.327231443390457,1.00099607597364,0.0923125884693113,TRUE,0.526685679308067,1.0015888861384,-0.112559004119771,TRUE,0.459602592583637,1.00098888778035
221,"rand=1-1_rate=2_ROB=LH_Bias=No Bias","1-1",2,"LH","No Bias",0,0,0,0,0,0,-0.0046205622818531,0.0329334734816445,0.0157346274333494,TRUE,0.551164265147041,1.00099963275517,0.0797357690348005,TRUE,0.331065889478467,1.00100165232487,-0.284398995673558,TRUE,0.871578985345631,1.00126778004684,0.175338970362277,TRUE,0.327793231118783,1.00098616177195
222,"rand=1-1_rate=2_ROB=LH_Bias=No Bias","1-1",2,"LH","No Bias",0,0,0,0,0,0,-0.0197710494919209,0.0355874721171104,0.0914770975974604,TRUE,0.476457765269441,1.00112275431253,0.0675688541500744,TRUE,0.314951402159522,1.00098874892607,0.004793404184392,TRUE,0.552259076286736,1.00104403703775,0.0916461353323854,TRUE,0.456107509171304,1.00098998805689
223,"rand=1-1_rate=2_ROB=LH_Bias=No Bias","1-1",2,"LH","No Bias",0,0,0,0,0,0,-0.0050215134407177,0.0320933681247877,0.0204414434952718,TRUE,0.569173654559843,1.0010465798932,-0.0321625232817448,TRUE,0.403363917141861,1.00098610269847,-0.161509780470223,TRUE,0.788040666604529,1.00140676330775,0.0314075871824601,TRUE,0.520113447849747,1.00101417225449
224,"rand=1-1_rate=2_ROB=LH_Bias=No Bias","1-1",2,"LH","No Bias",0,0,0,0,0,0,0.00874315631489766,0.0428955943704778,0.0741643452881761,TRUE,0.483191047680351,1.00098907305304,0.125973646481587,TRUE,0.289984134812926,1.00098627934389,-0.0705308283600683,TRUE,0.608165493245169,1.00298129239156,0.184466359974254,TRUE,0.352868810236152,1.00099173959211
225,"rand=1-1_rate=2_ROB=LH_Bias=No Bias","1-1",2,"LH","No Bias",0,0,0,0,0,0,0.00539893505964224,0.0175158962017184,-0.0211293805600377,TRUE,0.486925759153473,1.00104300298284,-0.025437044253076,TRUE,0.277831277917788,1.0009908647731,0.00987638486573761,TRUE,0.65999288597137,1.00099572775307,-0.0334308825825609,TRUE,0.335531154941445,1.00098601135189
226,"rand=1-1_rate=2_ROB=LH_Bias=No Bias","1-1",2,"LH","No Bias",0,0,0,0,0,0,-0.00195945211881457,0.0359929224184071,0.00133602514692577,TRUE,0.561283000071962,1.00099674299233,0.0352717829810844,TRUE,0.367573035619814,1.00109345810018,-0.0348938722863219,TRUE,0.576591915613648,1.00141762279196,0.0647995277928789,TRUE,0.548989724262341,1.00099853766613
227,"rand=1-1_rate=2_ROB=LH_Bias=No Bias","1-1",2,"LH","No Bias",0,0,0,0,0,0,-0.00420233036546327,0.0388980972074316,-0.0356678364241672,TRUE,0.4998348634026,1.00099352028827,0.0113968217368696,TRUE,0.276991492176934,1.00100709575172,-0.00365527661911602,TRUE,0.643288733276802,1.00099525527333,0.0163924851776728,TRUE,0.338493576760389,1.00098688271603
228,"rand=1-1_rate=2_ROB=LH_Bias=No Bias","1-1",2,"LH","No Bias",0,0,0,0,0,0,0.00470825696851693,0.0336901347781994,-0.0916987746476328,TRUE,0.478478738099389,1.000989199173,-0.0789853064421144,TRUE,0.250454281704956,1.00100896709491,-0.175108527993526,TRUE,0.699370996179075,1.00127349044356,-0.0599065763988871,TRUE,0.290983789629688,1.00104705299182
229,"rand=1-1_rate=2_ROB=LH_Bias=No Bias","1-1",2,"LH","No Bias",0,0,0,0,0,0,-0.00574515365431209,0.0443912722445781,-0.171946487797383,TRUE,0.589462176120545,1.0009860035108,-0.176550733753815,FALSE,0.36273711879919,1.00110243616923,-0.135055152914478,TRUE,0.703770084681374,1.00189205226042,-0.190806324033854,TRUE,0.485579042624682,1.00099370720659
230,"rand=1-1_rate=2_ROB=LH_Bias=No Bias","1-1",2,"LH","No Bias",0,0,0,0,0,0,0.000503866446408113,0.0235877282621387,-0.106796564231327,TRUE,0.633416409331641,1.00110071031831,-0.0425611144193736,TRUE,0.396243990204509,1.00099710401545,0.012212686531278,TRUE,0.658753398330311,1.00099304079648,-0.0690008655075196,TRUE,0.569534917972755,1.00099725659288
231,"rand=1-1_rate=2_ROB=LH_Bias=No Bias","1-1",2,"LH","No Bias",0,0,0,0,0,0,-0.00508579284146003,0.0293614821644143,-0.113058825559395,TRUE,0.544646714462307,1.00118472922313,-0.046406651527775,TRUE,0.310475503271039,1.00099374481512,-0.198899321021623,TRUE,0.633075588711309,1.00125146511791,0.00073613902977232,TRUE,0.412833790445346,1.00100976136571
232,"rand=1-1_rate=2_ROB=LH_Bias=No Bias","1-1",2,"LH","No Bias",0,0,0,0,0,0,-0.00410918450732904,0.0377951907063286,-0.0876601470381821,TRUE,0.584478145364391,1.0009875554251,0.0140375440638171,TRUE,0.369745687929097,1.00099341186457,0.0879684747484044,TRUE,0.536428720067928,1.00107901958697,-0.0168930951164985,TRUE,0.55825943662785,1.0010034428944
233,"rand=1-1_rate=2_ROB=LH_Bias=No Bias","1-1",2,"LH","No Bias",0,0,0,0,0,0,0.0161677003921585,0.0332462101096326,-0.107145840401577,TRUE,0.52963932641192,1.00099169287048,-0.0992313955855908,TRUE,0.308534426484316,1.00098701428383,-0.181015851562518,TRUE,0.649971687581444,1.00187799256118,-0.0757259356350601,TRUE,0.396534828341718,1.00099080974878
234,"rand=1-1_rate=2_ROB=LH_Bias=No Bias","1-1",2,"LH","No Bias",0,0,0,0,0,0,-0.000343859970961051,0.0372934554574746,0.0680346514753598,TRUE,0.571855281584376,1.00121195745179,0.0974923895856534,TRUE,0.348933301854748,1.00101390065522,-0.0701966852702005,TRUE,0.687307503827628,1.00100394615388,0.166122465734734,TRUE,0.443763046190794,1.00100120922722
235,"rand=1-1_rate=2_ROB=LH_Bias=No Bias","1-1",2,"LH","No Bias",0,0,0,0,0,0,0.00830448155730336,0.0400690781989997,0.0738181210251294,TRUE,0.501970670215714,1.00101816366861,-0.0434041147701902,TRUE,0.363462286376219,1.00106523772036,-0.023321497254875,TRUE,0.783930982260011,1.00098901043594,-0.0513189190285028,TRUE,0.458533297418527,1.00098714640693
236,"rand=1-1_rate=2_ROB=LH_Bias=No Bias","1-1",2,"LH","No Bias",0,0,0,0,0,0,-0.0145493082038327,0.0393574678745055,-0.106114826861557,TRUE,0.770486976016084,1.00098605215533,-0.0696155854187708,TRUE,0.502504233172249,1.00099395084941,-0.0463318734445741,TRUE,1.07453436044614,1.001033744311,-0.0791908677605262,TRUE,0.647443446400221,1.00098717081091
237,"rand=1-1_rate=2_ROB=LH_Bias=No Bias","1-1",2,"LH","No Bias",0,0,0,0,0,0,-0.0114228182100285,0.032513294543404,-0.00125858964061165,TRUE,0.583491668779576,1.00115440057405,-0.0145245756181718,TRUE,0.401239200972306,1.00099484278164,-0.0356244063132054,TRUE,0.644621250786667,1.00099082184738,-0.00478797237470374,TRUE,0.58138099265166,1.00099345748976
238,"rand=1-1_rate=2_ROB=LH_Bias=No Bias","1-1",2,"LH","No Bias",0,0,0,0,0,0,-0.00145938100704297,0.02838936963908,0.0819156674298995,TRUE,0.375052972947333,1.00107827289765,0.0427653711067459,TRUE,0.19999052585525,1.00109643686526,0.066792519837915,TRUE,0.54916456380642,1.00099944732396,0.0391424908744867,TRUE,0.236209271750445,1.00101186055302
239,"rand=1-1_rate=2_ROB=LH_Bias=No Bias","1-1",2,"LH","No Bias",0,0,0,0,0,0,-0.00475370872552716,0.0336821115301537,0.128758750747798,TRUE,0.426329725952372,1.00104959817839,0.13517049488784,FALSE,0.242152263955636,1.00099168936776,0.0670871685538983,TRUE,0.660597121577956,1.00098625705728,0.152296839733086,TRUE,0.285547704433283,1.00099665997979
240,"rand=1-1_rate=2_ROB=LH_Bias=No Bias","1-1",2,"LH","No Bias",0,0,0,0,0,0,0.0083101405726191,0.0293180576792671,-0.0857317926029815,TRUE,0.620181569624397,1.00098716816019,-0.14247813523068,TRUE,0.410666667422769,1.00099695538103,-0.149658771724313,TRUE,0.850593282217386,1.00101728587385,-0.137021159478739,TRUE,0.528976829641183,1.00101987954955
241,"rand=1-1_rate=2_ROB=LH_Bias=No Bias","1-1",2,"LH","No Bias",0,0,0,0,0,0,-0.0114552902029665,0.0296030579748552,0.0636272960849963,TRUE,0.43291742790683,1.00105808976098,0.126296853213412,FALSE,0.21448261981739,1.00102051700118,0.00829699302329623,TRUE,0.647282930519533,1.00100018500641,0.150472166717699,FALSE,0.233545315425606,1.00101072483546
242,"rand=1-1_rate=2_ROB=LH_Bias=No Bias","1-1",2,"LH","No Bias",0,0,0,0,0,0,-0.00394547095871137,0.0346710815556687,-2.85962055701638e-06,TRUE,0.589123679543359,1.00134210206013,0.00158831429427364,TRUE,0.395467495056994,1.00101280699739,0.269252070483141,TRUE,0.494799137995967,1.00100553658081,-0.163525429509149,TRUE,0.545195705325554,1.0011771678501
243,"rand=1-1_rate=2_ROB=LH_Bias=No Bias","1-1",2,"LH","No Bias",0,0,0,0,0,0,0.00372828932965217,0.0299486793164366,0.00630805646609511,TRUE,0.521751760307228,1.00103238376088,0.0594224367429337,TRUE,0.300131284933673,1.00099395023394,0.0830250571555337,TRUE,0.56938019307848,1.00098690411209,0.049106149990215,TRUE,0.410655542579198,1.0009865134527
244,"rand=1-1_rate=2_ROB=LH_Bias=No Bias","1-1",2,"LH","No Bias",0,0,0,0,0,0,-0.00394389911953553,0.0321915104052075,0.107704056836296,TRUE,0.384344399598291,1.00112243983521,0.0751382220827482,TRUE,0.210468233869161,1.00099406187552,-0.0602966648900509,TRUE,0.554697896082736,1.00099751254466,0.0997357489674827,TRUE,0.239663846713409,1.00102613859121
245,"rand=1-1_rate=2_ROB=LH_Bias=No Bias","1-1",2,"LH","No Bias",0,0,0,0,0,0,0.0135541764942081,0.0401144533549189,-0.0293258270102874,TRUE,0.572500094866636,1.00112706274644,0.0174562052093136,TRUE,0.34338627676241,1.00111615236065,-0.228479722247072,TRUE,0.758958168277107,1.00098638776055,0.0923130718448991,TRUE,0.410788843952177,1.00098982398818
246,"rand=1-1_rate=2_ROB=LH_Bias=No Bias","1-1",2,"LH","No Bias",0,0,0,0,0,0,-0.0104497585663144,0.044815616403543,-0.00400326034160803,TRUE,0.422537579234814,1.00117485858875,0.0609930084088491,TRUE,0.195012607525644,1.00100842392663,-0.260764094173824,TRUE,0.732101335925338,1.00143630771396,0.100530053843564,FALSE,0.187429036178454,1.00104083662138
247,"rand=1-1_rate=2_ROB=LH_Bias=No Bias","1-1",2,"LH","No Bias",0,0,0,0,0,0,-0.0087828176992039,0.0304433618210758,0.0032239262631768,TRUE,0.531983477981468,1.00109102274264,-0.0549350912452824,TRUE,0.364734787110708,1.00098657763188,0.00822188474883734,TRUE,0.673670144488829,1.00160168012369,-0.078023808971212,TRUE,0.489947013276908,1.0009961947847
248,"rand=1-1_rate=2_ROB=LH_Bias=No Bias","1-1",2,"LH","No Bias",0,0,0,0,0,0,0.0161428653387223,0.0301382102619529,-0.196995472845718,TRUE,0.613649029882754,1.00107059056374,-0.0884271883165708,TRUE,0.351895700088993,1.00102367101324,-0.469548972560345,FALSE,0.758841525123596,1.00141505582277,0.032700845458423,TRUE,0.373218271959567,1.00099028060102
249,"rand=1-1_rate=2_ROB=LH_Bias=No Bias","1-1",2,"LH","No Bias",0,0,0,0,0,0,-0.000178419961774592,0.0331792307217062,-0.0101630395609835,TRUE,0.599971713622307,1.0010602376035,-0.0193539711065425,TRUE,0.388627784292849,1.00117265604979,-0.0616332204083858,TRUE,0.882721188334686,1.00121673225983,-7.98911607513553e-06,TRUE,0.482001429949329,1.00099486076683
250,"rand=1-1_rate=2_ROB=LH_Bias=No Bias","1-1",2,"LH","No Bias",0,0,0,0,0,0,0.0027962096204423,0.0242501622688422,-0.00549492755520609,TRUE,0.561349378965971,1.0010383651919,0.11244147644784,TRUE,0.339780096317134,1.00099160988336,-0.129622096177262,TRUE,0.648034215829268,1.00099199580818,0.2050427779838,TRUE,0.418330525215647,1.00100408100073
251,"rand=1-1_rate=2_ROB=LH_Bias=No Bias","1-1",2,"LH","No Bias",0,0,0,0,0,0,-0.00917555986366743,0.0222220773825631,-0.170040591095667,TRUE,0.677269330760855,1.00105328257308,-0.0922627890219601,TRUE,0.425430293841712,1.00098608922546,-0.0319288217326321,TRUE,0.655879978902714,1.00098772086403,-0.121946994610214,TRUE,0.628067065357861,1.00100268870981
252,"rand=1-1_rate=2_ROB=LH_Bias=No Bias","1-1",2,"LH","No Bias",0,0,0,0,0,0,0.00284036463693755,0.0253243227335968,-0.0309565905779514,TRUE,0.547364970403086,1.00106306273672,-0.0252493653091723,TRUE,0.329298493114782,1.00098960943087,0.0439565764124229,TRUE,0.633511699124547,1.00134333378263,-0.0511337755850787,TRUE,0.440695685905685,1.00104483615294
253,"rand=1-1_rate=2_ROB=LH_Bias=No Bias","1-1",2,"LH","No Bias",0,0,0,0,0,0,0.0123630854870599,0.0395773172325003,0.0302186524883497,TRUE,0.465035222173753,1.00098730688921,0.000844049558744731,TRUE,0.268920597642292,1.0010309646904,0.161500643759413,TRUE,0.563995443366476,1.00118812654595,-0.044685600830755,TRUE,0.313449692197745,1.00099993099004
254,"rand=1-1_rate=2_ROB=LH_Bias=No Bias","1-1",2,"LH","No Bias",0,0,0,0,0,0,-0.00968869714283614,0.0293569247538994,-0.111659794537036,TRUE,0.5804118763886,1.00099204472633,0.0439485516680166,TRUE,0.32054930752549,1.00098631577368,0.0765539436265567,TRUE,0.866414188324519,1.00103912729359,0.0419098549276669,TRUE,0.357680338453407,1.00100009763128
255,"rand=1-1_rate=2_ROB=LH_Bias=No Bias","1-1",2,"LH","No Bias",0,0,0,0,0,0,0.0155921043044216,0.0292864804133518,0.157490803284099,TRUE,0.49710011346493,1.00098787007252,0.0459619184687656,TRUE,0.385432854686296,1.00105666056137,0.271666566579231,FALSE,0.460417689266514,1.00099007444787,-0.0768081603719577,TRUE,0.579250011245289,1.00106003452174
256,"rand=1-1_rate=2_ROB=LH_Bias=No Bias","1-1",2,"LH","No Bias",0,0,0,0,0,0,0.0145558574123409,0.0416800153418376,0.119928692459839,TRUE,0.448442847452904,1.001001089914,0.0659553455422752,TRUE,0.288896619365993,1.00098846103991,0.261300333715829,TRUE,0.473296303496731,1.00098700272192,-0.00895066704956737,TRUE,0.372187270780369,1.00098794321251
257,"rand=1-1_rate=2_ROB=LH_Bias=No Bias","1-1",2,"LH","No Bias",0,0,0,0,0,0,0.00834657971300237,0.0278241566866429,0.0259256478739288,TRUE,0.522891639559742,1.00110325387775,-0.0308644695761942,TRUE,0.374133528786463,1.00098661545401,0.0189410639858715,TRUE,0.574623328674651,1.00154241044409,-0.0493845286776138,TRUE,0.560645497299559,1.00098642729149
258,"rand=1-1_rate=2_ROB=LH_Bias=No Bias","1-1",2,"LH","No Bias",0,0,0,0,0,0,0.0201567536283303,0.032599672630652,-0.0911599271499874,TRUE,0.562510892141741,1.00161745930013,-0.0492150371707816,TRUE,0.337051726372984,1.00099349257411,-0.00433495251407234,TRUE,0.607478175498572,1.00101037574171,-0.0660452279293715,TRUE,0.464110133646809,1.00105913035117
259,"rand=1-1_rate=2_ROB=LH_Bias=No Bias","1-1",2,"LH","No Bias",0,0,0,0,0,0,-0.00308435318606431,0.0247074574050488,-0.0360497655075991,TRUE,0.482182263854667,1.00107437239696,-0.064845144971468,TRUE,0.28280807143022,1.0009930219181,-0.151758232925898,TRUE,0.700741398979927,1.00113589502804,-0.0456714797612741,TRUE,0.338310741860384,1.00102563385544
260,"rand=1-1_rate=2_ROB=LH_Bias=No Bias","1-1",2,"LH","No Bias",0,0,0,0,0,0,-0.0139066582608922,0.0506369113251577,0.124506853518677,TRUE,0.404229057877125,1.00098833633361,0.159393566306443,FALSE,0.234571610578068,1.00099250460918,0.186318068256996,TRUE,0.451541860843851,1.0009873437833,0.155226160844663,TRUE,0.314309578979706,1.00099325348577
261,"rand=1-1_rate=2_ROB=LH_Bias=No Bias","1-1",2,"LH","No Bias",0,0,0,0,0,0,0.00937640104099277,0.0374689122793785,-0.133770069911394,TRUE,0.553249785712797,1.00101074789525,-0.11558613692329,TRUE,0.317218842024398,1.00098600015344,-0.157085925041809,TRUE,0.866685429672736,1.00101731629328,-0.105831928115823,TRUE,0.365651882509366,1.00098838752784
262,"rand=1-1_rate=2_ROB=LH_Bias=No Bias","1-1",2,"LH","No Bias",0,0,0,0,0,0,-0.0119521301226065,0.0401522535265905,0.19858818255615,TRUE,0.422813444029275,1.00101813695324,0.145762005749202,TRUE,0.304190902203462,1.00098603432129,0.244936338660467,FALSE,0.412183800002907,1.00183754037128,0.100583726716822,TRUE,0.468364446268233,1.00098604831401
263,"rand=1-1_rate=2_ROB=LH_Bias=No Bias","1-1",2,"LH","No Bias",0,0,0,0,0,0,0.00138514440077514,0.0268276814809895,0.0860030437320428,TRUE,0.476839484750415,1.00099457859108,0.0675365701286565,TRUE,0.297297371957927,1.00104307182748,-0.00994049481176251,TRUE,0.752386366496715,1.00098939579359,0.0919846263731477,TRUE,0.359931673782282,1.00100233969058
264,"rand=1-1_rate=2_ROB=LH_Bias=No Bias","1-1",2,"LH","No Bias",0,0,0,0,0,0,-0.000539160887675101,0.0341355957863446,-0.0180385378802896,TRUE,0.513125610792673,1.00107613360291,0.0171960171888607,TRUE,0.296835153017643,1.00099468459759,-0.18260169749311,TRUE,0.66842829615424,1.00136931465265,0.0723380180200303,TRUE,0.359345167848861,1.00100696657759
265,"rand=1-1_rate=2_ROB=LH_Bias=No Bias","1-1",2,"LH","No Bias",0,0,0,0,0,0,-0.00591258382901657,0.0262275268168027,0.0334375188953139,TRUE,0.535969434427523,1.00133496916728,0.0766109619265138,TRUE,0.3423263842642,1.00098922272789,0.0249099008120478,TRUE,0.660532335191903,1.00099133879356,0.0998288158131471,TRUE,0.450981712083136,1.00098599152973
266,"rand=1-1_rate=2_ROB=LH_Bias=No Bias","1-1",2,"LH","No Bias",0,0,0,0,0,0,-0.0100662253770033,0.0261993580984989,-0.0215917360113547,TRUE,0.539953668831013,1.00099180440694,-0.00546724254987718,TRUE,0.334843440212619,1.00098611479317,0.00513699266784162,TRUE,0.700513192293721,1.00151215479858,-0.00998441525651783,TRUE,0.426430281366066,1.00099371454589
267,"rand=1-1_rate=2_ROB=LH_Bias=No Bias","1-1",2,"LH","No Bias",0,0,0,0,0,0,-0.0162253411067805,0.0381923554297902,0.12703428140211,TRUE,0.455903173608108,1.00105747298234,0.0858056500919173,TRUE,0.321742797185111,1.00101007866344,0.115286132929099,TRUE,0.499704471177825,1.00100588779906,0.0750161836468202,TRUE,0.472577799025546,1.00098633592074
268,"rand=1-1_rate=2_ROB=LH_Bias=No Bias","1-1",2,"LH","No Bias",0,0,0,0,0,0,0.00669433527511893,0.0324261062991519,0.0204385492590662,TRUE,0.595124623998421,1.0009888459004,0.0237173350008112,TRUE,0.375835874352656,1.00098599243806,-0.13047257144084,TRUE,0.828155835542354,1.00109279991731,0.08131317084162,TRUE,0.443528884520284,1.00098820451008
269,"rand=1-1_rate=2_ROB=LH_Bias=No Bias","1-1",2,"LH","No Bias",0,0,0,0,0,0,0.00256675578784688,0.0369020973536995,-0.0746508206974394,TRUE,0.425984870475877,1.00100547135508,-0.0658426935933307,TRUE,0.194528954898447,1.0015508395522,-0.338482817956931,TRUE,0.848854045765015,1.00127454857126,-0.0408881351566066,TRUE,0.193190345917888,1.00100673580249
270,"rand=1-1_rate=2_ROB=LH_Bias=No Bias","1-1",2,"LH","No Bias",0,0,0,0,0,0,0.019415175401235,0.0314626823991582,-0.0574339023740464,TRUE,0.59307002887412,1.0009863616538,-0.121769001531432,TRUE,0.4087293452461,1.00098802187289,-0.037924659927256,TRUE,0.787782548876795,1.00098762100758,-0.16028328202748,TRUE,0.544363222106899,1.00099732649524
271,"rand=1-1_rate=2_ROB=LH_Bias=No Bias","1-1",2,"LH","No Bias",0,0,0,0,0,0,0.000966279288209335,0.0338618139437103,-0.0794594647491114,TRUE,0.442544891974153,1.00098728892667,0.0525773683412528,TRUE,0.281442071989632,1.00101278455585,-0.108949704478554,TRUE,0.776782558540013,1.00135497424034,0.100962366339927,TRUE,0.298925309304782,1.00107698526889
272,"rand=1-1_rate=2_ROB=LH_Bias=No Bias","1-1",2,"LH","No Bias",0,0,0,0,0,0,0.0078690984590751,0.0316563162469949,0.215443795348387,TRUE,0.43380074963696,1.00119098006872,0.170328834014609,TRUE,0.317220189709639,1.00099594457768,0.191066626984048,TRUE,0.442918026897032,1.00103506582248,0.162206451497115,TRUE,0.497383840668389,1.0009869954128
273,"rand=1-1_rate=2_ROB=LH_Bias=No Bias","1-1",2,"LH","No Bias",0,0,0,0,0,0,-0.00217322548488791,0.0313235582565586,0.0481197672528473,TRUE,0.484368629648458,1.00108044586084,-0.00748124353353785,TRUE,0.316862183636812,1.00102713033119,-0.249150772524515,TRUE,0.715616050884152,1.00105203200739,0.0633722965934591,TRUE,0.371446656435799,1.00098748273066
274,"rand=1-1_rate=2_ROB=LH_Bias=No Bias","1-1",2,"LH","No Bias",0,0,0,0,0,0,0.014832880628328,0.0409457510874654,0.0397820066043062,TRUE,0.466960249182222,1.00109894569544,-0.0292515160730769,TRUE,0.315287463841447,1.00098823185829,0.0504742367415149,TRUE,0.548941218519407,1.00111357149797,-0.0554792424491364,TRUE,0.436197784900056,1.00099043858699
275,"rand=1-1_rate=2_ROB=LH_Bias=No Bias","1-1",2,"LH","No Bias",0,0,0,0,0,0,-0.00645003368276153,0.0346188585726027,-0.0162058061998176,TRUE,0.530921584892807,1.00100380227064,-0.0490002134163094,TRUE,0.333736360343543,1.0010021257663,-0.103551879340823,TRUE,0.631242077306157,1.00116926065494,-0.0316125244306176,TRUE,0.466013243887283,1.00098641141512
276,"rand=1-1_rate=2_ROB=LH_Bias=No Bias","1-1",2,"LH","No Bias",0,0,0,0,0,0,0.0186701879343621,0.0277932292896,0.127528268602182,TRUE,0.443525964315492,1.00110325604864,0.0528190326595811,TRUE,0.288778918225663,1.00098956691991,0.0162366140399187,TRUE,0.552431364162197,1.00204294482464,0.067236715642276,TRUE,0.392921103978233,1.00109879474239
277,"rand=1-1_rate=2_ROB=LH_Bias=No Bias","1-1",2,"LH","No Bias",0,0,0,0,0,0,-0.000361536409605296,0.0226159726709473,0.104491203747698,TRUE,0.457521264437869,1.00111889284442,0.0803326441998449,TRUE,0.303701499835497,1.00103307622664,0.100167531614609,TRUE,0.495472781813031,1.00131631521938,0.0755528275010002,TRUE,0.443472334908576,1.00098629615821
278,"rand=1-1_rate=2_ROB=LH_Bias=No Bias","1-1",2,"LH","No Bias",0,0,0,0,0,0,-0.00921210276462395,0.0255309347059895,-0.0922450682580378,TRUE,0.489613659392962,1.00117858445302,-0.0534836624620523,TRUE,0.27986301450405,1.00104240214255,0.125725427747339,TRUE,0.470968835277614,1.00102181196661,-0.105559760076855,TRUE,0.38223645338802,1.00099655199668
279,"rand=1-1_rate=2_ROB=LH_Bias=No Bias","1-1",2,"LH","No Bias",0,0,0,0,0,0,-0.00218086784047674,0.0506469611882222,0.265606568756526,FALSE,0.402803569263315,1.00098643559958,0.241545374017184,FALSE,0.252599894318287,1.00098598997704,0.167103284322785,TRUE,0.597939720813695,1.00128030536765,0.266171735636816,FALSE,0.296868476892999,1.00098653900672
280,"rand=1-1_rate=2_ROB=LH_Bias=No Bias","1-1",2,"LH","No Bias",0,0,0,0,0,0,-6.78272330790422e-05,0.0346642155135502,-0.165248423293578,TRUE,0.829881942114022,1.00099428316619,-0.123107816570842,TRUE,0.58540358319293,1.00099495641719,-0.157674440151818,TRUE,0.920672620841928,1.00124802841283,-0.0944111616229681,TRUE,0.878559101853523,1.00100190118503
281,"rand=1-1_rate=2_ROB=LH_Bias=No Bias","1-1",2,"LH","No Bias",0,0,0,0,0,0,0.00752810315644384,0.0377328314593584,0.0415614789368181,TRUE,0.510046122695678,1.00115661861867,0.0298149079887507,TRUE,0.31894420785237,1.00100823475321,0.241636161583374,FALSE,0.397745668573467,1.00143803461858,-0.0680918155539569,TRUE,0.472329315555158,1.00102888770716
282,"rand=1-1_rate=2_ROB=LH_Bias=No Bias","1-1",2,"LH","No Bias",0,0,0,0,0,0,0.00799683481934008,0.028035169390965,-0.0249934093341084,TRUE,0.465095310843776,1.00099059892295,0.0244613024389074,TRUE,0.252600751839125,1.00102367054885,0.00390501881537764,TRUE,0.979463433143383,1.00100430624923,0.0207266664241305,TRUE,0.234969272703984,1.00100547257926
283,"rand=1-1_rate=2_ROB=LH_Bias=No Bias","1-1",2,"LH","No Bias",0,0,0,0,0,0,0.000616199377321426,0.0290666474346696,-0.171102990879882,TRUE,0.577764732689409,1.00172674436687,-0.00724897525762036,TRUE,0.351350452279496,1.00099995391353,0.00620678178911005,TRUE,0.524105490123936,1.00108774408038,-0.0132273833339793,TRUE,0.536519661562195,1.00098601085795
284,"rand=1-1_rate=2_ROB=LH_Bias=No Bias","1-1",2,"LH","No Bias",0,0,0,0,0,0,0.00765822991825517,0.0232392850826369,0.0459343269069951,TRUE,0.582380784184935,1.00098684148673,0.0344943740734233,TRUE,0.401449956276147,1.00098657991959,0.288678583696714,TRUE,0.593401915781791,1.00120155618094,-0.121991772528745,TRUE,0.5218329683114,1.00099030623039
285,"rand=1-1_rate=2_ROB=LH_Bias=No Bias","1-1",2,"LH","No Bias",0,0,0,0,0,0,0.0239433338797903,0.0483181817977504,0.0156718481606385,TRUE,0.559379286775346,1.00099946464094,0.0168741801262061,TRUE,0.351602666437902,1.00099564908021,0.0342588285534013,TRUE,0.79494577407665,1.0009920550676,0.0077399660148596,TRUE,0.430554668197907,1.00100777234621
286,"rand=1-1_rate=2_ROB=LH_Bias=No Bias","1-1",2,"LH","No Bias",0,0,0,0,0,0,-0.000287106568964308,0.0198227333830668,-0.028484468747747,TRUE,0.573665434288712,1.00099864734158,-0.0630612388954033,TRUE,0.393150416032495,1.0009978634818,0.0282822393075233,TRUE,0.692688392219191,1.00098617370853,-0.110705800531993,TRUE,0.549042768488512,1.00101212364273
287,"rand=1-1_rate=2_ROB=LH_Bias=No Bias","1-1",2,"LH","No Bias",0,0,0,0,0,0,0.00998029183775437,0.0333070169095936,0.0818504860196224,TRUE,0.508724176797979,1.00118523114222,0.0606643404068663,TRUE,0.338659336005075,1.00105063638658,0.18730578527735,TRUE,0.503591562082605,1.00098719709895,0.00686695416112137,TRUE,0.483036779410835,1.00101917285784
288,"rand=1-1_rate=2_ROB=LH_Bias=No Bias","1-1",2,"LH","No Bias",0,0,0,0,0,0,0.00825970585364559,0.0247061728866113,0.203415417047797,TRUE,0.427481410893189,1.00099629058583,0.131771420272871,TRUE,0.320455959198052,1.00098940233144,0.176513258678371,TRUE,0.482128536451189,1.00099427481329,0.114338835132297,TRUE,0.48132444628367,1.00098757785037
289,"rand=1-1_rate=2_ROB=LH_Bias=No Bias","1-1",2,"LH","No Bias",0,0,0,0,0,0,0.0145994773931941,0.0390352420609234,-0.0599042316876919,TRUE,0.577829927719768,1.00100711867824,-0.0358946824034068,TRUE,0.376269111310284,1.00098993218648,0.0060375186724233,TRUE,0.54394220384403,1.0020090499434,-0.0502811280239779,TRUE,0.573882915160782,1.00101016060952
290,"rand=1-1_rate=2_ROB=LH_Bias=No Bias","1-1",2,"LH","No Bias",0,0,0,0,0,0,0.00276430341480407,0.031421678185509,0.0640636273521946,TRUE,0.491987023305168,1.00098727612026,-0.0880236893324309,TRUE,0.375029525921039,1.00098797400086,0.123876534552874,TRUE,0.513249450263031,1.00098600537039,-0.185293107166528,TRUE,0.542831900652349,1.00100567431713
291,"rand=1-1_rate=2_ROB=LH_Bias=No Bias","1-1",2,"LH","No Bias",0,0,0,0,0,0,-0.00764528458538132,0.0284022351142531,0.0288950601160628,TRUE,0.532538814262583,1.00099042137471,0.0644070280562858,TRUE,0.350177755832604,1.00098958384264,0.128983090231857,TRUE,0.504715661230682,1.00101525515505,0.0407987599454448,TRUE,0.530214571742966,1.00103865488254
292,"rand=1-1_rate=2_ROB=LH_Bias=No Bias","1-1",2,"LH","No Bias",0,0,0,0,0,0,0.0123152809153613,0.0285306341774315,-0.130606655699208,TRUE,0.488450777633199,1.00152563247252,0.0427327921355954,TRUE,0.304056458459422,1.00099293884145,0.0602555289538589,TRUE,0.539727982039917,1.00103197022547,0.0347820280431352,TRUE,0.428849465064545,1.00101107173884
293,"rand=1-1_rate=2_ROB=LH_Bias=No Bias","1-1",2,"LH","No Bias",0,0,0,0,0,0,0.00182890260826453,0.0396929976990403,0.02185451697332,TRUE,0.576299066366266,1.00098690232015,-0.0168719556026715,TRUE,0.47271612655327,1.00101639376579,0.182021513450346,TRUE,0.585012561925788,1.00101622566862,-0.167603129810056,TRUE,0.75352120019654,1.00103164197943
294,"rand=1-1_rate=2_ROB=LH_Bias=No Bias","1-1",2,"LH","No Bias",0,0,0,0,0,0,0.00801202148561049,0.0287733982420152,0.145293914328071,TRUE,0.428583373249536,1.00127607408168,0.0399252860432768,TRUE,0.33690728391676,1.0009924576748,0.106120311236902,TRUE,0.584272432835502,1.00121344605052,0.0103108878905095,TRUE,0.472775508790924,1.0010045445462
295,"rand=1-1_rate=2_ROB=LH_Bias=No Bias","1-1",2,"LH","No Bias",0,0,0,0,0,0,0.00315567179321989,0.0404156814843316,-0.0388319611039956,TRUE,0.563190078027387,1.00107261635321,0.0170822234856559,TRUE,0.330227659337246,1.00107921379303,-0.211387464316695,TRUE,0.711060676781626,1.00120195192179,0.0894199818539123,TRUE,0.394422010416977,1.00102484052936
296,"rand=1-1_rate=2_ROB=LH_Bias=No Bias","1-1",2,"LH","No Bias",0,0,0,0,0,0,0.000953658961211126,0.0349017670374046,-0.143192285330792,TRUE,0.629426223418562,1.0009981225198,-0.0898564274172453,TRUE,0.379365455283763,1.00105008036318,-0.229013338023194,TRUE,0.889153191592066,1.00100527758461,-0.0376743896957352,TRUE,0.438711605394713,1.00099252432892
297,"rand=1-1_rate=2_ROB=LH_Bias=No Bias","1-1",2,"LH","No Bias",0,0,0,0,0,0,0.000859479987951547,0.0330282647912584,0.090617713058483,TRUE,0.501353226660565,1.00098608671542,0.0674951601483855,TRUE,0.325447477588275,1.00110062028483,0.102599821171683,TRUE,0.629065281457049,1.00098969971882,0.0531884427655434,TRUE,0.432269210097435,1.00099356072578
298,"rand=1-1_rate=2_ROB=LH_Bias=No Bias","1-1",2,"LH","No Bias",0,0,0,0,0,0,-0.00428692261543004,0.0231132593521075,-0.0168410030149304,TRUE,0.532540693622586,1.00101751184861,-0.0403308309233867,TRUE,0.351113742657156,1.00098607681531,-0.0421212093924974,TRUE,0.649812064861106,1.00098624193849,-0.0388167946560301,TRUE,0.47698973653172,1.00098986568437
299,"rand=1-1_rate=2_ROB=LH_Bias=No Bias","1-1",2,"LH","No Bias",0,0,0,0,0,0,0.0182064417321342,0.0379108455854005,0.0859554412779758,TRUE,0.447015575941044,1.00101867936272,0.0122555904022343,TRUE,0.287310407890185,1.00098618250917,-0.060716352309659,TRUE,0.699750456284056,1.00104193120316,0.0320649089588686,TRUE,0.345034496051419,1.00098765638417
300,"rand=1-1_rate=2_ROB=LH_Bias=No Bias","1-1",2,"LH","No Bias",0,0,0,0,0,0,0.0060631857000097,0.0204677154859757,0.0300745724322787,TRUE,0.425770400799375,1.00121048481523,0.0106055812870282,TRUE,0.22618687476101,1.00100899252993,0.0163728658954189,TRUE,0.573101723785675,1.00208274238695,0.00908912218243052,TRUE,0.276341451016961,1.00099850195051
301,"rand=1-1_rate=2_ROB=LH_Bias=No Bias","1-1",2,"LH","No Bias",0,0,0,0,0,0,-0.000220388763247077,0.0230429065220353,-0.0200160162285161,TRUE,0.530686864487381,1.00107548760202,-0.00994889528984344,TRUE,0.345983512002848,1.00098760598805,-0.0757296162100731,TRUE,0.608452361533862,1.00104835498987,0.0156008634759864,TRUE,0.483158412167244,1.00099713821255
302,"rand=1-1_rate=2_ROB=LH_Bias=No Bias","1-1",2,"LH","No Bias",0,0,0,0,0,0,-0.00769282527394314,0.043729126206756,0.0205609238060843,TRUE,0.497824203887013,1.00098601369977,0.00801470507725233,TRUE,0.311945693569419,1.00101023983876,0.00349858603457764,TRUE,0.555877004496396,1.00169776639938,0.00933990491174497,TRUE,0.436204087827894,1.00104320008482
303,"rand=1-1_rate=2_ROB=LH_Bias=No Bias","1-1",2,"LH","No Bias",0,0,0,0,0,0,0.00774209017392465,0.0287858467856235,0.132992704834917,TRUE,0.451627500862528,1.00099582779837,0.0612039838935241,TRUE,0.316931192986224,1.00099734856151,0.207301038689822,TRUE,0.503543018994084,1.00109709709861,-0.00706181639435366,TRUE,0.439881868815642,1.00103494234449
304,"rand=1-1_rate=2_ROB=LH_Bias=No Bias","1-1",2,"LH","No Bias",0,0,0,0,0,0,-0.00236485428197086,0.0272324662603451,-0.261119895867121,TRUE,0.669168559296369,1.00099235811185,-0.164100937265135,TRUE,0.384937016603273,1.00103055638686,-0.296470716330022,TRUE,0.779425405246853,1.00100607592036,-0.125182902991391,TRUE,0.507022751663038,1.00100002679739
305,"rand=1-1_rate=2_ROB=LH_Bias=No Bias","1-1",2,"LH","No Bias",0,0,0,0,0,0,0.00702496089583917,0.0276875632801715,0.083160108519265,TRUE,0.509650619781744,1.00104469788395,0.0173356004366368,TRUE,0.347484113008577,1.00098951763136,0.086678866346124,TRUE,0.761288086139684,1.00099362828729,-0.0153280221985346,TRUE,0.431896783125685,1.0009873704161
306,"rand=1-1_rate=2_ROB=LH_Bias=No Bias","1-1",2,"LH","No Bias",0,0,0,0,0,0,-0.00199345782557422,0.0271981636131026,-0.00305732848394324,TRUE,0.590900361995398,1.0010386051872,-0.000569437231794812,TRUE,0.371627622422578,1.00100341365993,0.117579317415752,TRUE,0.713367425172359,1.00101992067256,-0.0575489996434384,TRUE,0.479312659595775,1.00099416641951
307,"rand=1-1_rate=2_ROB=LH_Bias=No Bias","1-1",2,"LH","No Bias",0,0,0,0,0,0,-0.00229675939460759,0.0407902823533238,0.0410514805037591,TRUE,0.487735387251949,1.00098626433331,0.0250216058820834,TRUE,0.309847524226906,1.00099149894061,0.0897561806886443,TRUE,0.520578389982365,1.001137576768,0.00293770509233804,TRUE,0.451737671754094,1.00109283592604
308,"rand=1-1_rate=2_ROB=LH_Bias=No Bias","1-1",2,"LH","No Bias",0,0,0,0,0,0,-0.00941157260778893,0.0398033195707422,-0.132454358208316,TRUE,0.56472844456507,1.00098632733967,-0.0313699188115104,TRUE,0.336424499741174,1.00099620028801,-0.282821030864197,TRUE,0.777235593882074,1.00176213770318,0.041293670483193,TRUE,0.389797099720183,1.00098734431951
309,"rand=1-1_rate=2_ROB=LH_Bias=No Bias","1-1",2,"LH","No Bias",0,0,0,0,0,0,0.00145379373550311,0.0323899733023819,0.038685692572281,TRUE,0.513977230599851,1.00098626617911,0.0944842602893173,TRUE,0.324095073446142,1.00099179940682,-0.0298322845867942,TRUE,0.551026947149296,1.00180927567262,0.144794048279503,TRUE,0.449313979958226,1.00100809461647
310,"rand=1-1_rate=2_ROB=LH_Bias=No Bias","1-1",2,"LH","No Bias",0,0,0,0,0,0,0.00168315060100399,0.0328445306356844,0.0144018561703619,TRUE,0.485960134655434,1.00098773765094,0.0561534056761788,TRUE,0.278000242252449,1.00106958719473,0.161610681426535,TRUE,0.636514153251806,1.00099098126252,0.0204049300883696,TRUE,0.31551189981048,1.00099159541994
311,"rand=1-1_rate=2_ROB=LH_Bias=No Bias","1-1",2,"LH","No Bias",0,0,0,0,0,0,-0.00696126184963035,0.0250271856535241,-0.0345981688029688,TRUE,0.530525385663927,1.00099690025711,0.0044006083888678,TRUE,0.303670115944518,1.00109350591336,-0.174208438872895,TRUE,0.874204499517745,1.00116868353909,0.0507819869367778,TRUE,0.325859225242705,1.00107931655876
312,"rand=1-1_rate=2_ROB=LH_Bias=No Bias","1-1",2,"LH","No Bias",0,0,0,0,0,0,-0.00604347991420879,0.0270036169352735,0.00888302445703049,TRUE,0.459280567785796,1.00100784552724,0.10317126023774,TRUE,0.267550153543195,1.00099516175766,-0.086989937199863,TRUE,0.623737980209712,1.00140767733264,0.152483418564539,TRUE,0.314391609814024,1.00098797553394
313,"rand=1-1_rate=2_ROB=LH_Bias=No Bias","1-1",2,"LH","No Bias",0,0,0,0,0,0,0.0106356410190998,0.0379959805819196,-0.041289032512428,TRUE,0.659456310420946,1.00111379915612,-0.0543779215830633,TRUE,0.444314354860825,1.00098944845717,-0.305875290495485,TRUE,0.955862707454993,1.00099620228482,0.0438059378995843,TRUE,0.518107071095996,1.00098661651487
314,"rand=1-1_rate=2_ROB=LH_Bias=No Bias","1-1",2,"LH","No Bias",0,0,0,0,0,0,0.0242474365267021,0.0364105944705158,-0.0480031911505332,TRUE,0.575777995512215,1.00111355452155,-0.0388862811159818,TRUE,0.372691798134382,1.0009889556586,-0.0696451272574465,TRUE,0.671622007698376,1.0015282624489,-0.0262652560095875,TRUE,0.518894251905808,1.00098600312716
315,"rand=1-1_rate=2_ROB=LH_Bias=No Bias","1-1",2,"LH","No Bias",0,0,0,0,0,0,0.00507431435909783,0.0349363038731575,-0.00794131061072934,TRUE,0.466765095296638,1.00100247865912,0.0762038993701675,TRUE,0.257882896138734,1.00098622366687,-0.104547303778556,TRUE,0.734781859828823,1.00107950326938,0.11701207043227,TRUE,0.279903505819583,1.0010378977984
316,"rand=1-1_rate=2_ROB=LH_Bias=No Bias","1-1",2,"LH","No Bias",0,0,0,0,0,0,0.00385521580553264,0.0300717695762902,0.128564592258958,TRUE,0.456927793081344,1.00100554864888,0.121217787221758,TRUE,0.276222310445261,1.00117031347484,0.137554645213508,TRUE,0.694672663168585,1.00100928224026,0.119687890507541,TRUE,0.331718481720992,1.00106168663153
317,"rand=1-1_rate=2_ROB=LH_Bias=No Bias","1-1",2,"LH","No Bias",0,0,0,0,0,0,-0.00939928942309787,0.0293433892898272,0.00906897308906318,TRUE,0.4986065514115,1.00104795997042,0.00431817318420913,TRUE,0.286450999771716,1.0009904726893,0.199136383714107,TRUE,0.51154879622881,1.00120435771756,-0.0663665599303795,TRUE,0.351187301003413,1.00100561114316
318,"rand=1-1_rate=2_ROB=LH_Bias=No Bias","1-1",2,"LH","No Bias",0,0,0,0,0,0,0.00267839787842406,0.0293265173579603,-0.0291039093814818,TRUE,0.594328154184623,1.00109372712455,-0.00517534790727558,TRUE,0.37659138832739,1.00099591356108,-0.151330313836197,TRUE,0.862668887504595,1.00098948405424,0.0543172180800361,TRUE,0.439867839243816,1.00098842402524
319,"rand=1-1_rate=2_ROB=LH_Bias=No Bias","1-1",2,"LH","No Bias",0,0,0,0,0,0,-0.00211023166828391,0.0291785060252354,-0.00393172725843716,TRUE,0.55746067693457,1.00114245458823,-0.0213081518002309,TRUE,0.377534731894667,1.00101874537158,-0.0259251089050192,TRUE,0.651093193550813,1.00098644423079,-0.0159761019281421,TRUE,0.530462949922514,1.00099254418416
320,"rand=1-1_rate=2_ROB=LH_Bias=No Bias","1-1",2,"LH","No Bias",0,0,0,0,0,0,-0.0251093259949503,0.0401714270029089,0.0179585932730554,TRUE,0.632554727353849,1.00104129437671,-0.0315876559365862,TRUE,0.442383067620602,1.00101687420002,-0.090294794667112,TRUE,1.05476799713625,1.00100260881891,-0.00075991477377646,TRUE,0.522764670413563,1.00100724279259
321,"rand=1-1_rate=2_ROB=LH_Bias=No Bias","1-1",2,"LH","No Bias",0,0,0,0,0,0,-0.000186841233912674,0.0350599117874442,-0.0793788030115272,TRUE,0.605196094986946,1.0020285246418,-0.0479058850139185,TRUE,0.38600291480956,1.000987330506,0.134926130309925,TRUE,0.527941671438444,1.00106798461209,-0.139206768189369,TRUE,0.570439348780263,1.00099386258259
322,"rand=1-1_rate=2_ROB=LH_Bias=No Bias","1-1",2,"LH","No Bias",0,0,0,0,0,0,0.0143714695200489,0.0365446598484987,-0.0348336463428278,TRUE,0.465706162244345,1.00102096291267,-0.0831588741876834,TRUE,0.261356441163045,1.00102080413748,0.132390697263245,TRUE,0.445868381362666,1.00179773644203,-0.140675395982479,TRUE,0.335083008021515,1.00099428890684
323,"rand=1-1_rate=2_ROB=LH_Bias=No Bias","1-1",2,"LH","No Bias",0,0,0,0,0,0,-0.00183832550377951,0.0305908671389097,0.0450329724485522,TRUE,0.485321452463876,1.00100675763587,-0.0227775915854269,TRUE,0.297483533198733,1.00101478413585,0.0747432478260766,TRUE,0.580947537237909,1.00103203323637,-0.0534370423234398,TRUE,0.381412167726576,1.00098800376871
324,"rand=1-1_rate=2_ROB=LH_Bias=No Bias","1-1",2,"LH","No Bias",0,0,0,0,0,0,-0.00723264155905274,0.0456507253020363,0.232832778379669,TRUE,0.442402939646864,1.00099382293183,0.142010631576578,TRUE,0.331101883185186,1.00100348834746,-0.07910040366618,TRUE,0.701291251925557,1.00101067636621,0.229156697544084,FALSE,0.375033116677771,1.00099394950284
325,"rand=1-1_rate=2_ROB=LH_Bias=No Bias","1-1",2,"LH","No Bias",0,0,0,0,0,0,0.00580917285071837,0.0309893881923798,-0.0738361463239257,TRUE,0.624931680482016,1.00132273523965,-0.145797043128855,TRUE,0.451761128323093,1.00107096432744,-0.159584646055177,TRUE,0.731668817213773,1.00108029545385,-0.132921616266075,TRUE,0.657889868193408,1.00100854728501
326,"rand=1-1_rate=2_ROB=LH_Bias=No Bias","1-1",2,"LH","No Bias",0,0,0,0,0,0,-0.014793620465192,0.0347289486125241,-0.0847250049713066,TRUE,0.522133467016895,1.00122327773455,-0.1161791705328,TRUE,0.311257494058368,1.00111295221246,-0.0165640365163757,TRUE,0.58816135612588,1.00141860119452,-0.143173233748626,TRUE,0.415227191026877,1.00099302872517
327,"rand=1-1_rate=2_ROB=LH_Bias=No Bias","1-1",2,"LH","No Bias",0,0,0,0,0,0,0.0306468802892965,0.0424320100106415,0.120729114499364,TRUE,0.383233935824562,1.00104595419914,0.043283733047921,TRUE,0.214348513110024,1.00099315083694,0.103541816818425,TRUE,0.557183811546884,1.00177721133069,0.0305217615600983,TRUE,0.256453384884352,1.00098947151975
328,"rand=1-1_rate=2_ROB=LH_Bias=No Bias","1-1",2,"LH","No Bias",0,0,0,0,0,0,-0.00454111596368132,0.0292534608850058,0.0179390935940933,TRUE,0.508447051402173,1.00104976517905,-0.0285181490784061,TRUE,0.347847978968485,1.00102036320107,-0.0910465637694677,TRUE,0.663662149237651,1.00115454089983,-0.00813177008080124,TRUE,0.472101944452327,1.00103127766391
329,"rand=1-1_rate=2_ROB=LH_Bias=No Bias","1-1",2,"LH","No Bias",0,0,0,0,0,0,-0.0063243710909046,0.0334677819762638,0.0178955627025106,TRUE,0.44488753426367,1.0010196238302,0.0306768492695817,TRUE,0.237364701598502,1.00113930634849,0.0540011710769893,TRUE,0.601966812475848,1.00105894681814,0.0255111769814028,TRUE,0.28235511253872,1.00123388695542
330,"rand=1-1_rate=2_ROB=LH_Bias=No Bias","1-1",2,"LH","No Bias",0,0,0,0,0,0,0.0061245008794003,0.0323661559978231,0.105136891293564,TRUE,0.398068161709283,1.00101770370747,0.0503248941814055,TRUE,0.208897261739451,1.00099713375649,0.123178002628413,TRUE,0.623468991205241,1.00099284366635,0.034985067579706,TRUE,0.221965336309702,1.00102004229875
331,"rand=1-1_rate=2_ROB=LH_Bias=No Bias","1-1",2,"LH","No Bias",0,0,0,0,0,0,0.0111425621635427,0.0332068892642882,-0.0296028585995334,TRUE,0.542421551506842,1.00100245877229,-0.0717681098104039,TRUE,0.350206702756228,1.00098599869061,0.0108623262525535,TRUE,0.597545016624322,1.00107820246364,-0.100027588319017,TRUE,0.486237074896759,1.00102362611422
332,"rand=1-1_rate=2_ROB=LH_Bias=No Bias","1-1",2,"LH","No Bias",0,0,0,0,0,0,-0.000769915612346171,0.0360304243896295,0.0665155991742822,TRUE,0.535066680850755,1.00109985288607,0.114325165610874,TRUE,0.328130903193635,1.00104761503925,-0.108412017987094,TRUE,0.624644085442796,1.00101904586115,0.193473654451046,TRUE,0.402413780598028,1.00102362614492
333,"rand=1-1_rate=2_ROB=LH_Bias=No Bias","1-1",2,"LH","No Bias",0,0,0,0,0,0,0.00864413404589731,0.0254171155561323,0.121263600130575,TRUE,0.393900827721452,1.00123981140705,-0.0241509749823341,TRUE,0.307570813925275,1.0010109436916,0.0367074813803253,TRUE,0.585253368573464,1.0009902986889,-0.0453281211407235,TRUE,0.419790309442372,1.00105426461736
334,"rand=1-1_rate=2_ROB=LH_Bias=No Bias","1-1",2,"LH","No Bias",0,0,0,0,0,0,0.00239761209814752,0.0225563112391429,-0.0959327789864739,TRUE,0.552079865129122,1.00101513171669,-0.0724151176111489,TRUE,0.340125125098724,1.00099452251213,-0.04436046114567,TRUE,0.573941856801356,1.00109578802164,-0.0778922861808216,TRUE,0.484863530802563,1.00099734601528
335,"rand=1-1_rate=2_ROB=LH_Bias=No Bias","1-1",2,"LH","No Bias",0,0,0,0,0,0,0.00231686372937338,0.034606606114676,-0.0858099336711773,TRUE,0.551341945565645,1.00105940896175,-0.029682391506145,TRUE,0.332521873063531,1.00106497282048,-0.0128321724367739,TRUE,0.577538417057799,1.00128204178276,-0.0349870952537537,TRUE,0.46960459023067,1.00101892971819
336,"rand=1-1_rate=2_ROB=LH_Bias=No Bias","1-1",2,"LH","No Bias",0,0,0,0,0,0,0.00221199558216441,0.030250707938094,0.0409833598488361,TRUE,0.51148272016565,1.00140350096119,-0.0248492764764265,TRUE,0.362090994416703,1.00099103440571,-0.112281040379169,TRUE,0.628204897230483,1.00112104719068,0.00826290687390796,TRUE,0.507677310763289,1.00107186486526
337,"rand=1-1_rate=2_ROB=LH_Bias=No Bias","1-1",2,"LH","No Bias",0,0,0,0,0,0,-0.0152022885414457,0.0375086938599419,-0.0375911156866928,TRUE,0.561559360123339,1.00137088394601,0.00350885747208418,TRUE,0.340282313282658,1.00098768432539,-0.205642394967117,TRUE,0.796519442348672,1.00128698721212,0.0739189154480137,TRUE,0.387425383106243,1.0009967475788
338,"rand=1-1_rate=2_ROB=LH_Bias=No Bias","1-1",2,"LH","No Bias",0,0,0,0,0,0,0.00362985229691982,0.0374544597397893,0.200592010011209,TRUE,0.529129107300501,1.0010936216611,0.0975494294213621,TRUE,0.40186557510405,1.00106564748484,0.234806132355769,TRUE,0.52400683869845,1.00106350228249,0.0204087860928209,TRUE,0.641004760054163,1.00098605950927
339,"rand=1-1_rate=2_ROB=LH_Bias=No Bias","1-1",2,"LH","No Bias",0,0,0,0,0,0,0.000597357583692003,0.0332929745127291,-0.102302271538026,TRUE,0.515112319553828,1.00100609531712,0.0214926149063573,TRUE,0.316027085413018,1.00107447962539,-0.134119882844548,TRUE,0.850245700945126,1.00099168494582,0.0665003734791487,TRUE,0.366092951165818,1.00100038317768
340,"rand=1-1_rate=2_ROB=LH_Bias=No Bias","1-1",2,"LH","No Bias",0,0,0,0,0,0,-0.00836311269822785,0.0254363152816051,-0.0580350248875208,TRUE,0.555235828597856,1.00113693248078,-0.0140651193172912,TRUE,0.319501271552483,1.00099787076815,-0.0979713286117847,TRUE,0.744830160065357,1.00117126299497,0.0149821097818813,TRUE,0.387562453227822,1.00098679467604
341,"rand=1-1_rate=2_ROB=LH_Bias=No Bias","1-1",2,"LH","No Bias",0,0,0,0,0,0,-0.00967049543183258,0.0369613138159288,0.0122809527360072,TRUE,0.500933478187405,1.00111574683557,0.0241749460503872,TRUE,0.308164367089707,1.00099440908342,-0.0442167566600375,TRUE,0.580727586479318,1.00105476902916,0.0499690240908716,TRUE,0.418251350587404,1.0009861523222
342,"rand=1-1_rate=2_ROB=LH_Bias=No Bias","1-1",2,"LH","No Bias",0,0,0,0,0,0,0.0125599213387028,0.0375788494663679,0.0410403720010761,TRUE,0.552838389800581,1.00098819537651,-0.0335182739715223,TRUE,0.387929888654026,1.00098645732545,0.0610414749783504,TRUE,0.921170147058968,1.00100387313246,-0.0718630298732295,TRUE,0.440891558459098,1.00098605331962
343,"rand=1-1_rate=2_ROB=LH_Bias=No Bias","1-1",2,"LH","No Bias",0,0,0,0,0,0,0.00426470868217455,0.0344696882335821,0.0300760406191786,TRUE,0.515294970241677,1.00101844467244,0.0367037720444402,TRUE,0.332430854233047,1.00101222168858,0.0129457581888265,TRUE,0.54734367216249,1.00124667802763,0.0467419121044801,TRUE,0.483249269300021,1.00099499556711
344,"rand=1-1_rate=2_ROB=LH_Bias=No Bias","1-1",2,"LH","No Bias",0,0,0,0,0,0,0.0052101679156668,0.0383491595538973,0.0198699454838943,TRUE,0.559652680671611,1.00105522494343,-0.0329534093411648,TRUE,0.375223310001028,1.00098857372247,0.0472287751802656,TRUE,0.774841152301914,1.00103253068769,-0.0654789162764295,TRUE,0.479265753706387,1.00098599299712
345,"rand=1-1_rate=2_ROB=LH_Bias=No Bias","1-1",2,"LH","No Bias",0,0,0,0,0,0,0.0211239794380895,0.0428102384550818,-0.0725413840894911,TRUE,0.591741015311573,1.00107906282269,-0.0119187370856471,TRUE,0.340839426416682,1.00128067667007,-0.0816708730423898,TRUE,0.695932172383268,1.00104022564654,0.0112781817394485,TRUE,0.444441021688036,1.00101828504439
346,"rand=1-1_rate=2_ROB=LH_Bias=No Bias","1-1",2,"LH","No Bias",0,0,0,0,0,0,0.00900680886627157,0.0298243334883933,-0.0159832507873896,TRUE,0.527050409627512,1.00120999993182,0.0374652930684704,TRUE,0.308163304476689,1.0009898697415,-0.0288169966318288,TRUE,0.588174927786439,1.00100959964496,0.0583162746560278,TRUE,0.417908568806961,1.00103113805509
347,"rand=1-1_rate=2_ROB=LH_Bias=No Bias","1-1",2,"LH","No Bias",0,0,0,0,0,0,-0.0167242269544643,0.0340004057295079,-0.114972638807726,TRUE,0.499976157398191,1.00102682435497,-0.0309028844675119,TRUE,0.273011705829397,1.0009864937104,-0.227905038698439,TRUE,0.879976568082668,1.0010190460132,0.010669224053546,TRUE,0.282117795121415,1.00099234699179
348,"rand=1-1_rate=2_ROB=LH_Bias=No Bias","1-1",2,"LH","No Bias",0,0,0,0,0,0,-0.000834550887673241,0.0253422482471658,0.0845455219207055,TRUE,0.455340695105381,1.00102295778246,0.0860597144108096,TRUE,0.263850432104817,1.00101509607823,-0.00899179730181165,TRUE,0.696864692587944,1.0010099219467,0.112113849566644,TRUE,0.311863147649937,1.00101040978282
349,"rand=1-1_rate=2_ROB=LH_Bias=No Bias","1-1",2,"LH","No Bias",0,0,0,0,0,0,0.0106676256685513,0.0338495670081855,0.114181226743526,TRUE,0.419433239130963,1.00098614201728,0.0738843959441331,TRUE,0.261884946315979,1.0009987190374,0.0966191709676173,TRUE,0.466973184373316,1.00344728622852,0.0658373575770761,TRUE,0.375736276115928,1.00098670492297
350,"rand=1-1_rate=2_ROB=LH_Bias=No Bias","1-1",2,"LH","No Bias",0,0,0,0,0,0,-4.31493401795233e-05,0.0299629496043355,-0.0150394183749909,TRUE,0.488501608896001,1.0010814755827,-0.143554390027645,TRUE,0.37448908565996,1.00100318839878,0.103788514348479,TRUE,0.559041439905886,1.00102096995162,-0.245914412421933,FALSE,0.496185064442742,1.00100536585471
351,"rand=1-1_rate=2_ROB=LH_Bias=No Bias","1-1",2,"LH","No Bias",0,0,0,0,0,0,-0.0100307842194399,0.0305746570234678,0.0399126303427606,TRUE,0.472678023978802,1.00101621154888,0.0916534886799085,TRUE,0.277179214485226,1.00102019603887,-0.0157130468516207,TRUE,0.563751911590854,1.00131623179773,0.124413170379523,TRUE,0.352186474390543,1.00099366229871
352,"rand=1-1_rate=2_ROB=LH_Bias=No Bias","1-1",2,"LH","No Bias",0,0,0,0,0,0,-0.00385886741306188,0.0459696912873465,0.165175729938052,TRUE,0.366804608843949,1.00109064371425,0.101815400457508,TRUE,0.23710957146123,1.00098634878585,0.0925536063865624,TRUE,0.51481265063873,1.00104334591241,0.104270057945898,TRUE,0.304527271903497,1.00098715426059
353,"rand=1-1_rate=2_ROB=LH_Bias=No Bias","1-1",2,"LH","No Bias",0,0,0,0,0,0,-0.000470003888452586,0.0282365484337643,0.0999431301154377,TRUE,0.429078414640906,1.00115442652959,0.117037482952779,TRUE,0.239517802806395,1.00098775282072,-0.0889094882431867,TRUE,0.639951843229148,1.00149392356755,0.162610973366575,FALSE,0.264780720362442,1.00098627138358
354,"rand=1-1_rate=2_ROB=LH_Bias=No Bias","1-1",2,"LH","No Bias",0,0,0,0,0,0,-0.0177893204630555,0.0427210166233089,-0.0917751116612331,TRUE,0.640606173140239,1.00105684124376,-0.0305140637738861,TRUE,0.404398361800505,1.00104116219589,0.00246749064698337,TRUE,0.728204059745969,1.00100284518098,-0.0458840203428894,TRUE,0.554479925837677,1.00100045204355
355,"rand=1-1_rate=2_ROB=LH_Bias=No Bias","1-1",2,"LH","No Bias",0,0,0,0,0,0,0.00185150549847954,0.0268647113853254,-0.0379031598092845,TRUE,0.443758127034622,1.0012514534691,-0.0619374973082565,TRUE,0.221932613046571,1.00123394323857,0.0292709701203385,TRUE,0.55208751749524,1.00104573331296,-0.0780691078117499,TRUE,0.267058089739914,1.00098618247324
356,"rand=1-1_rate=2_ROB=LH_Bias=No Bias","1-1",2,"LH","No Bias",0,0,0,0,0,0,0.0136506952093389,0.0341703253345974,0.0195117050808039,TRUE,0.481316452780199,1.00099673746394,-0.0967257789464941,TRUE,0.333844925273173,1.00098886887054,-0.0160375307668854,TRUE,0.678904015063743,1.00140334163102,-0.124694347451705,TRUE,0.427644256137434,1.00100259955971
357,"rand=1-1_rate=2_ROB=LH_Bias=No Bias","1-1",2,"LH","No Bias",0,0,0,0,0,0,-0.0136576195992957,0.0271049841134346,-0.00380396685753492,TRUE,0.523799698816434,1.00219337337625,-0.0106520236375696,TRUE,0.351274779199492,1.0009870958831,-0.0275578740491114,TRUE,0.558616291765503,1.00098637157009,-0.000863676716031048,TRUE,0.510946742263219,1.0010165258505
358,"rand=1-1_rate=2_ROB=LH_Bias=No Bias","1-1",2,"LH","No Bias",0,0,0,0,0,0,-0.00673327974976962,0.030640310749769,-0.0771566936536057,TRUE,0.525927940987455,1.00126590585043,-0.0961938763217487,TRUE,0.311126241012389,1.00098800992497,-0.0764739517383162,TRUE,0.613871037835094,1.00098810297994,-0.100742988247504,TRUE,0.416419744881253,1.00098617095529
359,"rand=1-1_rate=2_ROB=LH_Bias=No Bias","1-1",2,"LH","No Bias",0,0,0,0,0,0,-0.00744305603163799,0.0330173027979428,-0.147353861803364,TRUE,0.590645886319747,1.00103553031931,-0.0660484080597061,TRUE,0.345639434644268,1.00110839354645,-0.0177561584714545,TRUE,0.865306780828865,1.00099591643579,-0.0862418250476635,TRUE,0.40887633346936,1.00110144555732
360,"rand=1-1_rate=2_ROB=LH_Bias=No Bias","1-1",2,"LH","No Bias",0,0,0,0,0,0,0.00646886977398754,0.0302292108017865,0.0621383181258841,TRUE,0.537950521567033,1.00121160208804,0.067317328547532,TRUE,0.355398857086823,1.00100280016677,-0.106972279237529,TRUE,0.653595775107838,1.00103405618889,0.142557910672061,TRUE,0.453551169361501,1.00098665464887
361,"rand=1-1_rate=2_ROB=LH_Bias=No Bias","1-1",2,"LH","No Bias",0,0,0,0,0,0,0.00270627487850872,0.0271713824803733,0.169563063683713,TRUE,0.489577727035838,1.00107148280915,0.20065231885811,FALSE,0.282945485357857,1.00100247582608,0.161814506382877,TRUE,0.585500546617066,1.00098656212539,0.212160238667848,FALSE,0.369599538149357,1.00098668587279
362,"rand=1-1_rate=2_ROB=LH_Bias=No Bias","1-1",2,"LH","No Bias",0,0,0,0,0,0,0.000376295320744666,0.0275456002040857,0.129373428410249,TRUE,0.482280160037358,1.0010889930949,0.186228773198812,FALSE,0.329888637354654,1.00106479069637,0.0448413319426675,TRUE,0.509488858962024,1.00112394850623,0.259793222318523,TRUE,0.46807872282979,1.00103076447842
363,"rand=1-1_rate=2_ROB=LH_Bias=No Bias","1-1",2,"LH","No Bias",0,0,0,0,0,0,0.00236012582840858,0.0276318256856506,-0.100637076612689,TRUE,0.650156083091868,1.00100154380825,-0.0849596145342864,TRUE,0.462687364465387,1.00100525192999,-0.0259480051321377,TRUE,0.597088650673008,1.00102753263539,-0.12711713853245,TRUE,0.753026844284013,1.00103494006613
364,"rand=1-1_rate=2_ROB=LH_Bias=No Bias","1-1",2,"LH","No Bias",0,0,0,0,0,0,-0.00133592844303456,0.0305592959436571,-0.0221866697563844,TRUE,0.646842335088264,1.00109451472525,-0.0502620938971741,TRUE,0.438536079873087,1.00099699667941,-0.301226776592417,TRUE,0.847071609455018,1.00125813683752,0.0491987735940311,TRUE,0.541418566979051,1.0010098527022
365,"rand=1-1_rate=2_ROB=LH_Bias=No Bias","1-1",2,"LH","No Bias",0,0,0,0,0,0,0.00977012952632806,0.0231604371762426,-0.0320765562743139,TRUE,0.721501801021811,1.00098770811802,0.00657186178251146,TRUE,0.459443773765538,1.000987053529,0.248480234051665,TRUE,0.505467239999201,1.00104686702746,-0.163133831886914,TRUE,0.743543303585296,1.0010024961755
366,"rand=1-1_rate=2_ROB=LH_Bias=No Bias","1-1",2,"LH","No Bias",0,0,0,0,0,0,-0.00301051671503981,0.0312908164427296,-0.137154868928967,TRUE,0.717213259469026,1.00098726708464,-0.0771984701260269,TRUE,0.457742830523273,1.00105827231904,0.00467242807508272,TRUE,1.03497706031724,1.00100567651933,-0.116040345139431,TRUE,0.538546183268162,1.00101972640944
367,"rand=1-1_rate=2_ROB=LH_Bias=No Bias","1-1",2,"LH","No Bias",0,0,0,0,0,0,-0.0105114603357224,0.0260736210484598,-0.0436914796721997,TRUE,0.561686645585932,1.00106352063107,-0.0322242912174293,TRUE,0.353662281113112,1.00101474542238,0.0465080128688815,TRUE,0.54637995434227,1.00144978235956,-0.0696917788651081,TRUE,0.519405601698346,1.00098688244861
368,"rand=1-1_rate=2_ROB=LH_Bias=No Bias","1-1",2,"LH","No Bias",0,0,0,0,0,0,0.00858792255969091,0.0366615622832136,0.012552042196218,TRUE,0.490038660210569,1.00104520550494,-0.0555522597215836,TRUE,0.316225066858313,1.00112580548713,0.124391248958416,TRUE,0.507015577956806,1.0012751525504,-0.121614352158016,TRUE,0.426039000196068,1.00105282424136
369,"rand=1-1_rate=2_ROB=LH_Bias=No Bias","1-1",2,"LH","No Bias",0,0,0,0,0,0,-0.0098429919307884,0.0468380372498767,-0.102299955086818,TRUE,0.629778930261866,1.00156159379946,-0.0558917959366112,TRUE,0.393037401804016,1.00098613542255,0.133902599762898,TRUE,0.506919066594534,1.00098603733053,-0.158646599502367,TRUE,0.595684613204575,1.00099116061202
370,"rand=1-1_rate=2_ROB=LH_Bias=No Bias","1-1",2,"LH","No Bias",0,0,0,0,0,0,0.012519516905482,0.0312150286361049,-0.0166393111162084,TRUE,0.573636410344861,1.00106060283023,-0.0552908335656939,TRUE,0.382766953805891,1.00099862229883,-0.247365129087867,TRUE,0.666974333397414,1.00156531778824,0.0219663973474107,TRUE,0.516723209856151,1.00098953055474
371,"rand=1-1_rate=2_ROB=LH_Bias=No Bias","1-1",2,"LH","No Bias",0,0,0,0,0,0,-0.0100229150024427,0.0292220796639787,-0.0594975801519564,TRUE,0.52631436044258,1.00132144473702,-0.00913916124636072,TRUE,0.321662391744301,1.00099521540371,0.0276438200130028,TRUE,0.591808919302979,1.00099977581111,-0.0197200130928767,TRUE,0.434801930442564,1.00099809521812
372,"rand=1-1_rate=2_ROB=LH_Bias=No Bias","1-1",2,"LH","No Bias",0,0,0,0,0,0,0.00360511479522826,0.0496955183360138,0.0623866541488735,TRUE,0.531940508536776,1.00100927602175,-0.00952396887830886,TRUE,0.371298263752923,1.00100296432289,-0.0542574824893569,TRUE,0.754596948326656,1.00101908941025,0.0071210788885705,TRUE,0.487386766757159,1.00099310251832
373,"rand=1-1_rate=2_ROB=LH_Bias=No Bias","1-1",2,"LH","No Bias",0,0,0,0,0,0,0.00513944714094584,0.0363654211921065,-0.00041441274498899,TRUE,0.471302321692842,1.00103578975324,0.015235457558002,TRUE,0.269177331539989,1.00099283335564,0.057703279143782,TRUE,0.527186768370101,1.0022330031865,-0.000932312914992739,TRUE,0.353712605274258,1.00099507086639
374,"rand=1-1_rate=2_ROB=LH_Bias=No Bias","1-1",2,"LH","No Bias",0,0,0,0,0,0,-0.000206817041793795,0.0413138506088371,-0.0807715178113533,TRUE,0.595857577602893,1.00101279812047,-0.0290049301492827,TRUE,0.353044572066419,1.00098794322103,0.0411531608344368,TRUE,0.713072687479326,1.00114278845137,-0.0555360439766399,TRUE,0.452726613493432,1.00102907404687
375,"rand=1-1_rate=2_ROB=LH_Bias=No Bias","1-1",2,"LH","No Bias",0,0,0,0,0,0,-0.00588455649624985,0.0343149003720927,-0.161583401587323,TRUE,0.676343461651152,1.00144483313105,-0.0671000420609498,TRUE,0.384092913049692,1.00098881424363,-0.307002940751284,TRUE,0.881653886778689,1.00102973059822,0.0107886474715839,TRUE,0.438699921214827,1.00099391851199
376,"rand=1-1_rate=2_ROB=LH_Bias=No Bias","1-1",2,"LH","No Bias",0,0,0,0,0,0,-0.0141554812513271,0.0376070048850234,-0.0291484599826732,TRUE,0.599531566028892,1.00100191140649,-0.0961249554660384,TRUE,0.460170503919792,1.00098608360661,-0.00699452784140941,TRUE,0.565130625302633,1.0011752449056,-0.13922304793288,TRUE,0.790394001481675,1.00098669816992
377,"rand=1-1_rate=2_ROB=LH_Bias=No Bias","1-1",2,"LH","No Bias",0,0,0,0,0,0,0.00617224715177278,0.0368654925185903,-0.0177216808164975,TRUE,0.519113059061595,1.00098799279613,-0.0321144012283479,TRUE,0.305323297239771,1.00099849492555,0.19380214592304,TRUE,0.493215649526076,1.00124822195309,-0.106102170797103,TRUE,0.381953900345843,1.00100159019765
378,"rand=1-1_rate=2_ROB=LH_Bias=No Bias","1-1",2,"LH","No Bias",0,0,0,0,0,0,0.00640414013301331,0.0360547278478097,-0.107148780086505,TRUE,0.658164783805528,1.0009868183559,0.0240696317007835,TRUE,0.38868239586456,1.00098884462383,-0.0293759209727007,TRUE,0.705604532520968,1.00098745651997,0.0454496787323372,TRUE,0.537670298536826,1.00107070783369
379,"rand=1-1_rate=2_ROB=LH_Bias=No Bias","1-1",2,"LH","No Bias",0,0,0,0,0,0,0.00237845737805153,0.0300447844615287,-0.0318486681703132,TRUE,0.553852623359072,1.00105088833436,-0.0252331546610276,TRUE,0.341400425119504,1.00098788402971,-0.10254199030144,TRUE,0.856705424099958,1.00102781852794,-0.000242155415225431,TRUE,0.401627755449187,1.00098750168011
380,"rand=1-1_rate=2_ROB=LH_Bias=No Bias","1-1",2,"LH","No Bias",0,0,0,0,0,0,0.00137883937187156,0.026230230792038,-0.172692227166138,TRUE,0.603602331677666,1.00120349260462,-0.161790047729047,TRUE,0.356593350757889,1.00102117000185,0.0597062000486095,TRUE,0.546428497771092,1.00268329012864,-0.237712704666338,FALSE,0.492074689668059,1.00098599238088
381,"rand=1-1_rate=2_ROB=LH_Bias=No Bias","1-1",2,"LH","No Bias",0,0,0,0,0,0,0.00707054737792534,0.0284135729898206,0.128784139800702,TRUE,0.460035688844617,1.00133671445534,0.0302858143804235,TRUE,0.307631061638703,1.00099408423975,0.07390781178538,TRUE,0.622670945289458,1.00106997966379,0.0146543102218306,TRUE,0.398412498316316,1.00100815090073
382,"rand=1-1_rate=2_ROB=LH_Bias=No Bias","1-1",2,"LH","No Bias",0,0,0,0,0,0,0.0108964213885489,0.0286998136209541,0.0751993505929279,TRUE,0.503884189528463,1.00099951463007,0.00299442480216183,TRUE,0.36403132968816,1.00101260410968,0.0638823826682045,TRUE,0.639893504996353,1.00139546317237,-0.02277117541239,TRUE,0.50119387661703,1.00098601412206
383,"rand=1-1_rate=2_ROB=LH_Bias=No Bias","1-1",2,"LH","No Bias",0,0,0,0,0,0,0.00870809118491511,0.041659214195399,0.0172571021468069,TRUE,0.568547080671603,1.00104828309948,-0.0314361171380693,TRUE,0.384329465105602,1.00098643938498,-0.012054837761539,TRUE,0.827425741553911,1.00129081707381,-0.0425218758686712,TRUE,0.494299785320152,1.00101970849561
384,"rand=1-1_rate=2_ROB=LH_Bias=No Bias","1-1",2,"LH","No Bias",0,0,0,0,0,0,-0.00853525070004042,0.0307334849199414,-0.00724770306448597,TRUE,0.449645583306981,1.00098869219268,0.116768635445264,TRUE,0.272166434052896,1.00099042845729,0.0204950807131274,TRUE,0.609796213175544,1.00110844605463,0.145134939094757,TRUE,0.336105497504207,1.00098659928748
385,"rand=1-1_rate=2_ROB=LH_Bias=No Bias","1-1",2,"LH","No Bias",0,0,0,0,0,0,-0.0062585467498392,0.0290699194999469,-0.0262336239286045,TRUE,0.537458918209223,1.00115678161525,-0.0413768836829784,TRUE,0.339877742221096,1.00113793283351,0.0117116540849046,TRUE,0.540318732603008,1.00126859120916,-0.0584416475784408,TRUE,0.518300620096895,1.00100386986397
386,"rand=1-1_rate=2_ROB=LH_Bias=No Bias","1-1",2,"LH","No Bias",0,0,0,0,0,0,0.00338081420062537,0.0225905379011707,0.00269831255009256,TRUE,0.473577385898064,1.00098610482794,-0.0544839703460116,TRUE,0.290114421148448,1.00100577453881,0.0245747310454404,TRUE,0.643672324178218,1.00101562845083,-0.0771432246106267,TRUE,0.360151105385587,1.00099190285603
387,"rand=1-1_rate=2_ROB=LH_Bias=No Bias","1-1",2,"LH","No Bias",0,0,0,0,0,0,0.00284731713737715,0.0217480012976089,0.0888569236890974,TRUE,0.453942837095002,1.00098689767728,0.0277565092592326,TRUE,0.31886688487555,1.00098772960724,0.0719611399902904,TRUE,0.936469331370464,1.00098682533827,0.0211895830702628,TRUE,0.312393291639315,1.00100171291506
388,"rand=1-1_rate=2_ROB=LH_Bias=No Bias","1-1",2,"LH","No Bias",0,0,0,0,0,0,0.0247375749944577,0.0398285390516719,-0.0319636752587085,TRUE,0.535259198392365,1.00100756281651,-0.00472910449499797,TRUE,0.331138875770036,1.00111338563488,-0.0657977040139242,TRUE,0.663669708567663,1.0010311496484,0.0187178561725331,TRUE,0.437853646505551,1.0009869053615
389,"rand=1-1_rate=2_ROB=LH_Bias=No Bias","1-1",2,"LH","No Bias",0,0,0,0,0,0,7.54154450835805e-05,0.035117448598099,-0.0401521751982383,TRUE,0.429446582821896,1.00098716563096,-0.045358204574933,TRUE,0.204246813055089,1.00100594608148,0.113976602379759,TRUE,0.482669890724145,1.00112110319385,-0.0718006059155225,TRUE,0.238108236302125,1.00105286845431
390,"rand=1-1_rate=2_ROB=LH_Bias=No Bias","1-1",2,"LH","No Bias",0,0,0,0,0,0,-0.00191268253948203,0.0252569466563681,-0.00936858307055299,TRUE,0.509985974026767,1.00098599322012,0.00960731094380984,TRUE,0.296399587808864,1.00107386105539,0.16645116561339,TRUE,0.546106948583381,1.00098888613451,-0.0440644175090257,TRUE,0.377926970521336,1.00098849348381
391,"rand=1-1_rate=2_ROB=LH_Bias=No Bias","1-1",2,"LH","No Bias",0,0,0,0,0,0,-0.00904364164623795,0.0291167886962173,-0.0281385610322358,TRUE,0.526145869539957,1.00099183678975,0.0886200653663705,TRUE,0.303688566898154,1.00103707631568,0.157152183703588,TRUE,0.503006653190423,1.0010040851382,0.0589397375541351,TRUE,0.426629365910265,1.0009903621529
392,"rand=1-1_rate=2_ROB=LH_Bias=No Bias","1-1",2,"LH","No Bias",0,0,0,0,0,0,0.00448808529644006,0.0359861851814334,-0.120543167893175,TRUE,0.625013766975271,1.00112762828567,-0.0151398438227646,TRUE,0.375507411766007,1.00099778836027,-0.119963006811911,TRUE,0.688413893036588,1.00100645234201,0.0196912533947012,TRUE,0.505722921486364,1.00098600411912
393,"rand=1-1_rate=2_ROB=LH_Bias=No Bias","1-1",2,"LH","No Bias",0,0,0,0,0,0,0.00501876098449279,0.0303634390462344,-0.158860685142034,TRUE,0.517380190983712,1.00098753253431,-0.0958021165583456,TRUE,0.285102876372559,1.00100529776673,-0.153595888308172,TRUE,0.666301089517679,1.00099273615637,-0.0782298810183071,TRUE,0.359590436788134,1.00099166476998
394,"rand=1-1_rate=2_ROB=LH_Bias=No Bias","1-1",2,"LH","No Bias",0,0,0,0,0,0,0.00142829825066297,0.0308737727982994,-0.0617299222929177,TRUE,0.577584539002132,1.00113628940469,-0.0829309518356718,TRUE,0.370492240197502,1.0009924139988,0.0090686891275864,TRUE,0.631129653026331,1.00109757250731,-0.119400578322183,TRUE,0.522349116697939,1.00102386502443
395,"rand=1-1_rate=2_ROB=LH_Bias=No Bias","1-1",2,"LH","No Bias",0,0,0,0,0,0,-0.00648588460959742,0.0339738145776171,-0.0406550667041605,TRUE,0.547563303543257,1.00099302878296,0.0630801105240161,TRUE,0.336705685804517,1.00108897118813,0.074374107361332,TRUE,0.634952182749292,1.00100546301671,0.0613700532386811,TRUE,0.456723119883541,1.00100809988715
396,"rand=1-1_rate=2_ROB=LH_Bias=No Bias","1-1",2,"LH","No Bias",0,0,0,0,0,0,0.0251588941733727,0.0467655515216222,0.0418279751508487,TRUE,0.589745220463781,1.00100845812853,0.0200895675808621,TRUE,0.420424297908413,1.00100786684761,-0.106745000161455,TRUE,0.677155884287781,1.00128730952822,0.0846988913023694,TRUE,0.598888006658512,1.0009928787706
397,"rand=1-1_rate=2_ROB=LH_Bias=No Bias","1-1",2,"LH","No Bias",0,0,0,0,0,0,0.00141507879352691,0.0255775571408826,0.131020502940923,TRUE,0.488944261868619,1.00098924277795,0.122426535664624,TRUE,0.33379810445489,1.00098600110312,0.172988810080471,TRUE,0.504021084770584,1.00130288941286,0.0984656215824811,TRUE,0.500655885165552,1.00099824895873
398,"rand=1-1_rate=2_ROB=LH_Bias=No Bias","1-1",2,"LH","No Bias",0,0,0,0,0,0,-0.00720138435247946,0.0399146398042201,-0.0795503885062554,TRUE,0.557952002972873,1.00098599268866,-0.0258246412110179,TRUE,0.335585743045497,1.00099936390628,0.0565382639553341,TRUE,0.569818290881255,1.00098856542922,-0.0572624824898289,TRUE,0.465206085980193,1.00099800693543
399,"rand=1-1_rate=2_ROB=LH_Bias=No Bias","1-1",2,"LH","No Bias",0,0,0,0,0,0,-0.00343878281380731,0.0292217767949854,0.0550954482763577,TRUE,0.470909849004493,1.00112256894099,-0.0402602563242649,TRUE,0.325502322350292,1.00099084903998,-0.0215365848402538,TRUE,0.590902166923677,1.00141174216826,-0.0448172513932312,TRUE,0.456945565609673,1.00098633913044
400,"rand=1-1_rate=2_ROB=LH_Bias=No Bias","1-1",2,"LH","No Bias",0,0,0,0,0,0,0.00836731532141252,0.0396136030941792,0.0394366005672282,TRUE,0.491821199097423,1.0009876707069,0.0383705980997271,TRUE,0.306761734507698,1.00101976403704,0.0541320072127573,TRUE,0.571168635752581,1.00102743974872,0.0311840422840409,TRUE,0.423518546185687,1.00099131252422
401,"rand=1-1_rate=2_ROB=LH_Bias=No Bias","1-1",2,"LH","No Bias",0,0,0,0,0,0,-0.0100829109474848,0.0303276949762063,0.110113659913239,TRUE,0.44355830326721,1.00107531651498,0.0508314495978331,TRUE,0.286442416582166,1.00098619210506,-0.146346796900737,TRUE,0.719348551386435,1.0011004365346,0.100233294395502,TRUE,0.326938410806391,1.00099852028578
402,"rand=1-1_rate=2_ROB=LH_Bias=No Bias","1-1",2,"LH","No Bias",0,0,0,0,0,0,-0.00531421676237524,0.0331229271716973,-0.0737817057892023,TRUE,0.619772917442033,1.00098660718697,-0.112608575222302,TRUE,0.390506449099429,1.00110273023795,0.150861587896572,TRUE,0.485549763786663,1.0011471652475,-0.251467032940481,FALSE,0.538029233411212,1.00099014918179
403,"rand=1-1_rate=2_ROB=LH_Bias=No Bias","1-1",2,"LH","No Bias",0,0,0,0,0,0,0.00382051048238708,0.0314381316336403,0.0386453636357187,TRUE,0.45780054295159,1.00128391927093,0.0167778826231089,TRUE,0.267706597967055,1.00099417872205,-0.142918959118542,TRUE,0.723505859510406,1.00099920985741,0.057872282573583,TRUE,0.297449020163736,1.00098811729332
404,"rand=1-1_rate=2_ROB=LH_Bias=No Bias","1-1",2,"LH","No Bias",0,0,0,0,0,0,-0.00282100925954327,0.0231362439191347,0.087307479619151,TRUE,0.444148319236547,1.0009891040891,0.0847109098896071,TRUE,0.265457828836311,1.00099197782516,0.0338708076048035,TRUE,0.54843876188446,1.00098811601558,0.0973674343324498,TRUE,0.352931667666292,1.00100590673093
405,"rand=1-1_rate=2_ROB=LH_Bias=No Bias","1-1",2,"LH","No Bias",0,0,0,0,0,0,-0.00457248273155114,0.0160546040845776,-0.038084041179469,TRUE,0.604713755238773,1.00098608964233,-0.0459217322651382,TRUE,0.409002251651603,1.00104548198456,-0.101895855354865,TRUE,0.650622855123194,1.00107008488985,-0.0223234288761398,TRUE,0.608558972351505,1.0010361184613
406,"rand=1-1_rate=2_ROB=LH_Bias=No Bias","1-1",2,"LH","No Bias",0,0,0,0,0,0,0.0146398594526589,0.0257591514041444,-0.0449797694330505,TRUE,0.572825383671313,1.00098704857009,-0.070492969015026,TRUE,0.365905040363966,1.00103259097585,0.117193440650525,TRUE,0.701355220213381,1.00107406369225,-0.148516149183743,TRUE,0.447258537803148,1.00098769124875
407,"rand=1-1_rate=2_ROB=LH_Bias=No Bias","1-1",2,"LH","No Bias",0,0,0,0,0,0,0.0133865988436941,0.0428146824228285,-0.0553389178915367,TRUE,0.490238825573457,1.00104604117172,-0.0520511360058458,TRUE,0.265902282935635,1.0010329471964,-0.0681550048096762,TRUE,0.747611284353634,1.00102686653884,-0.0455842133055822,TRUE,0.309498062045392,1.00102746570019
408,"rand=1-1_rate=2_ROB=LH_Bias=No Bias","1-1",2,"LH","No Bias",0,0,0,0,0,0,0.00433107638481,0.0267094196515515,0.0790493866323355,TRUE,0.430528573831162,1.00104405358882,0.0816605293598593,TRUE,0.248598897004556,1.00098651045244,-0.0599164618538879,TRUE,0.570726976561277,1.00124063912644,0.117068449438226,TRUE,0.305756743541116,1.00101924030502
409,"rand=1-1_rate=2_ROB=LH_Bias=No Bias","1-1",2,"LH","No Bias",0,0,0,0,0,0,0.012508920702444,0.03265387306139,-0.193437516960111,TRUE,0.472610328058977,1.00099684163992,-0.152323253453137,FALSE,0.209406005861164,1.00101191125588,-0.0461563894331842,TRUE,0.576492590161373,1.00141755595638,-0.167463360844977,FALSE,0.235908732737856,1.0011669613061
410,"rand=1-1_rate=2_ROB=LH_Bias=No Bias","1-1",2,"LH","No Bias",0,0,0,0,0,0,-0.00997514482300439,0.0269022647944323,0.0281148076373542,TRUE,0.498740668719755,1.00099262052789,0.0882794074524436,TRUE,0.315144655580511,1.00108289853651,-0.0351251427345574,TRUE,0.591011492459622,1.00099174862103,0.134011038535164,TRUE,0.41806966558597,1.00098616861707
411,"rand=1-1_rate=2_ROB=LH_Bias=No Bias","1-1",2,"LH","No Bias",0,0,0,0,0,0,0.00946279019328959,0.0300363985037198,-0.188014764441418,TRUE,0.608395098569052,1.00111915955712,-0.250592597831197,FALSE,0.397987201789908,1.0009892547514,-0.198934742611451,TRUE,0.784177603479181,1.0011461586034,-0.266838124048492,FALSE,0.527395699290735,1.00098617219998
412,"rand=1-1_rate=2_ROB=LH_Bias=No Bias","1-1",2,"LH","No Bias",0,0,0,0,0,0,-0.0229476182324949,0.0409264323842837,-0.142005856660826,TRUE,0.681625968452584,1.00099810282897,0.0673403054756928,TRUE,0.417423974720045,1.00098644013065,0.0957639088617496,TRUE,0.569446211282865,1.00107593759678,0.0419742186143004,TRUE,0.677617109282412,1.00098846223732
413,"rand=1-1_rate=2_ROB=LH_Bias=No Bias","1-1",2,"LH","No Bias",0,0,0,0,0,0,0.00138575548351871,0.0290104088048173,-0.135077552691078,TRUE,0.687941077720219,1.00109859041981,-0.26046818659927,FALSE,0.524108246440693,1.00099098415582,-0.3684599788353,TRUE,1.25554253318692,1.0009865986668,-0.217123546992399,TRUE,0.632984950800383,1.00098603565731
414,"rand=1-1_rate=2_ROB=LH_Bias=No Bias","1-1",2,"LH","No Bias",0,0,0,0,0,0,-0.000665393491731767,0.0334167999251694,-0.0366015124001418,TRUE,0.653221195179909,1.00098840052404,-0.076653317168238,TRUE,0.473995749866767,1.00102101313326,-0.191354729059595,TRUE,0.870845024799486,1.00110462555693,-0.0179443982152589,TRUE,0.636609174229464,1.00098792657344
415,"rand=1-1_rate=2_ROB=LH_Bias=No Bias","1-1",2,"LH","No Bias",0,0,0,0,0,0,-0.00921957740098331,0.0369935602717117,-0.0489331109253768,TRUE,0.725879340150032,1.00098814464218,-0.00738050403792867,TRUE,0.471357356593487,1.00100937566615,-0.0132372144683492,TRUE,0.929070393523863,1.00105425795452,-0.001904880499906,TRUE,0.629090787237246,1.00099759850687
416,"rand=1-1_rate=2_ROB=LH_Bias=No Bias","1-1",2,"LH","No Bias",0,0,0,0,0,0,-0.0116376232824793,0.0354289135508116,0.0305641746116861,TRUE,0.42872915182538,1.00120624739883,0.0296343454091553,TRUE,0.227397059121058,1.00101860254698,0.0135656891382065,TRUE,0.544358790505184,1.00114786595597,0.0334192039611413,TRUE,0.287240700231494,1.00099554731336
417,"rand=1-1_rate=2_ROB=LH_Bias=No Bias","1-1",2,"LH","No Bias",0,0,0,0,0,0,0.00530100912626652,0.0396239347705249,-0.0286809998357924,TRUE,0.517766883379933,1.00101147752401,-0.0648393628952781,TRUE,0.319688812318819,1.00099282212258,0.0838604122761206,TRUE,0.573511544197725,1.0010070470319,-0.11611904230789,TRUE,0.426082286813857,1.00102340670945
418,"rand=1-1_rate=2_ROB=LH_Bias=No Bias","1-1",2,"LH","No Bias",0,0,0,0,0,0,0.00902508718602371,0.0242930335548543,-0.0594576621803684,TRUE,0.581369762955137,1.00103902458595,-0.0329096611744146,TRUE,0.373326383057137,1.0010095168669,-0.0650639277411353,TRUE,0.602529632071121,1.00105554007878,-0.0217365185425347,TRUE,0.548523673356699,1.00102457432189
419,"rand=1-1_rate=2_ROB=LH_Bias=No Bias","1-1",2,"LH","No Bias",0,0,0,0,0,0,-0.000311319458812851,0.0319886855304247,0.0682698293713347,TRUE,0.500623839887025,1.00102500348121,0.0738294394548608,TRUE,0.304192970055839,1.00098627336058,0.0336493536151374,TRUE,0.701019486481381,1.00099715639403,0.0889961683400767,TRUE,0.375063129555805,1.00099177800793
420,"rand=1-1_rate=2_ROB=LH_Bias=No Bias","1-1",2,"LH","No Bias",0,0,0,0,0,0,0.0104016833872102,0.0356152624410723,0.0777874299816441,TRUE,0.513053957161602,1.00116895447311,0.0351527317329415,TRUE,0.372203532857979,1.0009917110267,0.0824474302175691,TRUE,0.514587939581811,1.00160362206666,0.0179782231354003,TRUE,0.598673092470847,1.0009881586546
421,"rand=1-1_rate=2_ROB=LH_Bias=No Bias","1-1",2,"LH","No Bias",0,0,0,0,0,0,-0.000859273191465413,0.0283016245283474,-0.0863869380546278,TRUE,0.543479858569408,1.0011578971362,-0.106855321015966,TRUE,0.354008095646177,1.0010208967685,-0.122887588016049,TRUE,0.609213866745726,1.00117021077196,-0.10163148828591,TRUE,0.506815075904623,1.00102148561012
422,"rand=1-1_rate=2_ROB=LH_Bias=No Bias","1-1",2,"LH","No Bias",0,0,0,0,0,0,-0.00234883717664406,0.0294314652035263,0.0174778235405951,TRUE,0.439582797790955,1.00106752534684,-0.036393091572384,TRUE,0.259773831218117,1.00099181671382,0.188554458102484,TRUE,0.436299619507082,1.00121232152335,-0.0982091194312342,TRUE,0.324610649171005,1.00100582241356
423,"rand=1-1_rate=2_ROB=LH_Bias=No Bias","1-1",2,"LH","No Bias",0,0,0,0,0,0,-0.00723946995950953,0.0228948456574368,0.0116883844719834,TRUE,0.48596963764937,1.00100304752231,0.0150203190986982,TRUE,0.275118988542371,1.00100323514087,0.0234114839812777,TRUE,0.81155794025381,1.00100769133531,0.0124807735225521,TRUE,0.305355182630295,1.00098603256398
424,"rand=1-1_rate=2_ROB=LH_Bias=No Bias","1-1",2,"LH","No Bias",0,0,0,0,0,0,0.00433599314471578,0.0290019854644071,-0.229775179248837,TRUE,0.796414544702792,1.00098604335692,-0.242942074711678,FALSE,0.532070806793824,1.00099678738299,-0.400907605303271,TRUE,1.2178220739895,1.00098716408952,-0.164577088039505,TRUE,0.638115902593608,1.00098603842171
425,"rand=1-1_rate=2_ROB=LH_Bias=No Bias","1-1",2,"LH","No Bias",0,0,0,0,0,0,-0.0125941708608334,0.0295363079207546,0.0521417098522103,TRUE,0.480504605404048,1.00110944056422,0.0716326480413898,TRUE,0.289208445625691,1.00102040802023,0.203831652161352,TRUE,0.482321762333546,1.00119306899335,0.0222168743058767,TRUE,0.391655468015743,1.00099570793946
426,"rand=1-1_rate=2_ROB=LH_Bias=No Bias","1-1",2,"LH","No Bias",0,0,0,0,0,0,-0.0188194944576236,0.0444408946272143,0.0562689926611216,TRUE,0.44619973198845,1.00098602572679,0.0505086739079624,TRUE,0.258222138136886,1.00099411433721,0.121079698657757,TRUE,0.601687123608432,1.00103526477897,0.029302752695808,TRUE,0.307708166728809,1.00098980248143
427,"rand=1-1_rate=2_ROB=LH_Bias=No Bias","1-1",2,"LH","No Bias",0,0,0,0,0,0,0.00711811771030623,0.0286613876115138,0.00480125603408443,TRUE,0.445600360143915,1.00103854062752,0.0498002330731756,TRUE,0.24275478524058,1.00098601227558,-0.0358822353099162,TRUE,0.689092939705095,1.00100710365524,0.0677841590740239,TRUE,0.279259079077867,1.00103123963987
428,"rand=1-1_rate=2_ROB=LH_Bias=No Bias","1-1",2,"LH","No Bias",0,0,0,0,0,0,-0.00124082305892463,0.0297913610971252,0.0026631124285571,TRUE,0.535771102843987,1.00127484481165,-0.0145147526436309,TRUE,0.359186038060761,1.00099825147865,-0.0494222616234508,TRUE,0.597427790375695,1.00099463596277,0.000868774234516811,TRUE,0.529300845368288,1.00099820724681
429,"rand=1-1_rate=2_ROB=LH_Bias=No Bias","1-1",2,"LH","No Bias",0,0,0,0,0,0,-0.00214090702539689,0.0443297925552813,-0.0171198879619798,TRUE,0.596519847826427,1.00098908939228,0.00259596984595967,TRUE,0.406862226341543,1.0009929075636,-0.0315640198196765,TRUE,0.641922601631721,1.00125389470658,0.0321539042636219,TRUE,0.60032434222466,1.00100901679985
430,"rand=1-1_rate=2_ROB=LH_Bias=No Bias","1-1",2,"LH","No Bias",0,0,0,0,0,0,-0.00670526087737863,0.0341811128449857,-0.266985293309308,TRUE,0.655571277051898,1.00201500672653,-0.115156745755477,TRUE,0.364978153350279,1.00100604390633,-0.278343236742826,TRUE,0.666055538643157,1.00100792666154,-0.0636030163668773,TRUE,0.495287162250142,1.00098650789077
431,"rand=1-1_rate=2_ROB=LH_Bias=No Bias","1-1",2,"LH","No Bias",0,0,0,0,0,0,0.0111741590282616,0.0362147392495713,-0.0133760492353319,TRUE,0.468123900333655,1.0010734787858,-0.0459153586217602,TRUE,0.258795415773361,1.00099694381672,0.0526464763951349,TRUE,0.600673568344926,1.00134269614703,-0.0732318510102323,TRUE,0.310420290239695,1.00099241779725
432,"rand=1-1_rate=2_ROB=LH_Bias=No Bias","1-1",2,"LH","No Bias",0,0,0,0,0,0,0.0160843005111085,0.026047767412022,-0.0814726598588378,TRUE,0.622833629739271,1.00128363126734,-0.0700607720565496,TRUE,0.407428038655837,1.00100765331363,-0.188012167872136,TRUE,0.781194481122691,1.00192589278789,-0.0200335458013832,TRUE,0.542192049208032,1.00099821584342
433,"rand=1-1_rate=2_ROB=LH_Bias=No Bias","1-1",2,"LH","No Bias",0,0,0,0,0,0,-0.000699843592161584,0.0292196700228699,0.127189384394047,TRUE,0.456490392541454,1.0010051825273,0.0354663617944974,TRUE,0.320923361811002,1.00102806438012,0.0355562942636742,TRUE,0.630719627076825,1.00099606773643,0.0375732401501193,TRUE,0.433873830912412,1.00099569268582
434,"rand=1-1_rate=2_ROB=LH_Bias=No Bias","1-1",2,"LH","No Bias",0,0,0,0,0,0,0.0281761272336272,0.0439889580818551,-0.0426368867726983,TRUE,0.509308589627551,1.00098625678616,-0.0845462109342849,TRUE,0.309360074003135,1.00099796833514,-0.370975357695625,TRUE,0.98910773915574,1.00099339636903,-0.0251892687855395,TRUE,0.314113296996587,1.00110852957374
435,"rand=1-1_rate=2_ROB=LH_Bias=No Bias","1-1",2,"LH","No Bias",0,0,0,0,0,0,0.00192056521013628,0.0339128506898609,0.0683787832616817,TRUE,0.497100302895815,1.00100421799306,0.0028215148731584,TRUE,0.356301575412455,1.00107779334586,0.226289773910696,TRUE,0.471280651504045,1.00106896485693,-0.103352119297198,TRUE,0.506374516813792,1.00098651565876
436,"rand=1-1_rate=2_ROB=LH_Bias=No Bias","1-1",2,"LH","No Bias",0,0,0,0,0,0,-0.0158783252553528,0.0214515784087987,-0.0552008377456774,TRUE,0.53027068225193,1.00105485953293,-0.0377395469721498,TRUE,0.323773836965149,1.00101175441209,-0.094787184131091,TRUE,0.695933896305739,1.00099934494603,-0.0171491433928559,TRUE,0.410527739217836,1.00099585664149
437,"rand=1-1_rate=2_ROB=LH_Bias=No Bias","1-1",2,"LH","No Bias",0,0,0,0,0,0,-0.00450494418405771,0.0251456575633499,-0.122509224181273,TRUE,0.672742765219187,1.00100883661752,-0.0534354674976676,TRUE,0.435123873619533,1.00100002381509,-0.177499015820791,TRUE,0.991445678104033,1.00103575230965,0.0016656381543575,TRUE,0.535062006706632,1.00099402162561
438,"rand=1-1_rate=2_ROB=LH_Bias=No Bias","1-1",2,"LH","No Bias",0,0,0,0,0,0,-0.017177376605109,0.0436976851531007,0.0419445787140383,TRUE,0.496770446179367,1.0009942154644,0.112107610105465,TRUE,0.30367071531611,1.00099248618741,0.0203325468504771,TRUE,0.542360501162856,1.00124863836571,0.146353379568521,TRUE,0.412218424557492,1.00100956083294
439,"rand=1-1_rate=2_ROB=LH_Bias=No Bias","1-1",2,"LH","No Bias",0,0,0,0,0,0,0.00279200995464318,0.0318003207631557,-0.00916730405463362,TRUE,0.53735563056357,1.00138399788915,-0.0166171743360251,TRUE,0.363185921974687,1.0009902674,-0.483941869478826,FALSE,1.02742227887204,1.00108199072087,0.111244491592915,TRUE,0.300081317008945,1.00098984893803
440,"rand=1-1_rate=2_ROB=LH_Bias=No Bias","1-1",2,"LH","No Bias",0,0,0,0,0,0,-0.0137407271172765,0.0320136795427531,-0.0106320243710045,TRUE,0.496456080308617,1.00118870840883,0.0273709342028733,TRUE,0.263433190532176,1.0010596970904,0.0146213986120824,TRUE,0.593776072497326,1.0010718441871,0.0302118047202175,TRUE,0.329238135579928,1.00100851849024
441,"rand=1-1_rate=2_ROB=LH_Bias=No Bias","1-1",2,"LH","No Bias",0,0,0,0,0,0,-0.00152849216822356,0.0370353455948466,0.0391669065127099,TRUE,0.536223098550815,1.00100991074573,-0.0143370719194742,TRUE,0.369233083892106,1.00106009512467,0.0646873903250096,TRUE,0.599121576227063,1.00108139193143,-0.0473086914295795,TRUE,0.527833861089251,1.0009867798872
442,"rand=1-1_rate=2_ROB=LH_Bias=No Bias","1-1",2,"LH","No Bias",0,0,0,0,0,0,0.0034788404932657,0.0275214938831006,0.0342786875705458,TRUE,0.431029450161723,1.00109405569665,0.0572145266625069,TRUE,0.226993445642978,1.00101936401327,-0.00606019911009281,TRUE,0.560598761223975,1.00120227786658,0.072870464656517,TRUE,0.280203254606156,1.00101503179995
443,"rand=1-1_rate=2_ROB=LH_Bias=No Bias","1-1",2,"LH","No Bias",0,0,0,0,0,0,0.00643974435781569,0.0299965341348145,0.154334535924516,TRUE,0.449747866767356,1.00105608624054,0.163026177722626,FALSE,0.283892145905724,1.00101096734329,0.189102642150376,TRUE,0.444700095783782,1.00124582486519,0.151824934278375,TRUE,0.424926105707062,1.00100396070191
444,"rand=1-1_rate=2_ROB=LH_Bias=No Bias","1-1",2,"LH","No Bias",0,0,0,0,0,0,0.00798632006682125,0.0431013361037273,-0.278542906528779,TRUE,0.734491814458121,1.00108635924323,-0.172535929733366,TRUE,0.470633681082581,1.00098637684753,-0.420218445171363,FALSE,0.992739881656122,1.00098975315669,-0.0660562466768737,TRUE,0.561981654654278,1.00099083790765
445,"rand=1-1_rate=2_ROB=LH_Bias=No Bias","1-1",2,"LH","No Bias",0,0,0,0,0,0,-0.0240526229342276,0.0400816355923486,0.115188645552539,TRUE,0.487246627342272,1.00102479181796,0.109122480403567,TRUE,0.312583976595149,1.00099599549754,0.136171233331365,TRUE,0.579231396040126,1.0009860402348,0.098026321207657,TRUE,0.421442671403679,1.00099207024407
446,"rand=1-1_rate=2_ROB=LH_Bias=No Bias","1-1",2,"LH","No Bias",0,0,0,0,0,0,0.0162867805747071,0.0407263975073019,0.0534295972159433,TRUE,0.514154991161892,1.00098952319955,0.0453232012904329,TRUE,0.326485358986002,1.00099244447041,0.0975464572572704,TRUE,0.717436879296375,1.00102208896825,0.022122870036437,TRUE,0.413487239192794,1.00107639523245
447,"rand=1-1_rate=2_ROB=LH_Bias=No Bias","1-1",2,"LH","No Bias",0,0,0,0,0,0,-0.00165978014264177,0.0315164078689019,0.105009519471595,TRUE,0.565249475595822,1.00098890310245,0.0558157676013895,TRUE,0.408700828270696,1.00106246018511,0.00531910335811414,TRUE,0.681737965337929,1.00102744899565,0.0931565618967827,TRUE,0.580543574901026,1.00100307240628
448,"rand=1-1_rate=2_ROB=LH_Bias=No Bias","1-1",2,"LH","No Bias",0,0,0,0,0,0,0.00322691134336112,0.0250041672085415,-0.049576418328763,TRUE,0.564596355977254,1.00100445201386,-0.0260544863540164,TRUE,0.336443953368372,1.0009907853219,0.0835649782647371,TRUE,0.664158869403409,1.00100499042069,-0.0683978483654557,TRUE,0.43580924243842,1.00100449015137
449,"rand=1-1_rate=2_ROB=LH_Bias=No Bias","1-1",2,"LH","No Bias",0,0,0,0,0,0,-0.00366300484481212,0.0439512511707249,-0.119909122759824,TRUE,0.523517198460809,1.00098607145835,-0.136237601144629,TRUE,0.302619758331321,1.00111623648082,-0.0234924150390947,TRUE,0.57447472628829,1.00098727786684,-0.169889885937824,TRUE,0.401893511352887,1.00099709674475
450,"rand=1-1_rate=2_ROB=LH_Bias=No Bias","1-1",2,"LH","No Bias",0,0,0,0,0,0,-0.0235199828753581,0.0371627903307511,-0.0820848109166676,TRUE,0.780137273469834,1.00098718959241,0.0515578610240059,TRUE,0.489513719161567,1.00098959685017,-0.19774568683345,TRUE,0.942859674636264,1.00099825205344,0.180519472091152,TRUE,0.601862485742872,1.00105450750703
451,"rand=1-1_rate=2_ROB=LH_Bias=No Bias","1-1",2,"LH","No Bias",0,0,0,0,0,0,0.00286860579867889,0.0309252024351997,-0.0331371128036777,TRUE,0.533386644997199,1.00099232978894,0.0786943601271146,TRUE,0.30902502449061,1.00099718908994,-0.0470430165815221,TRUE,0.579430888424236,1.00100856909761,0.12115755917073,TRUE,0.411050479719617,1.00099517400706
452,"rand=1-1_rate=2_ROB=LH_Bias=No Bias","1-1",2,"LH","No Bias",0,0,0,0,0,0,-0.0016857756880492,0.0306225338126215,0.133640024959327,TRUE,0.494549164962208,1.00098646162197,0.118183386646767,TRUE,0.333227380182371,1.00101708619026,-0.12792139136724,TRUE,0.855966192665607,1.00106604806023,0.202701802509471,FALSE,0.342548048990882,1.00098630997541
453,"rand=1-1_rate=2_ROB=LH_Bias=No Bias","1-1",2,"LH","No Bias",0,0,0,0,0,0,-0.00722552968431926,0.0289873805352242,0.0542098154745568,TRUE,0.498039071509049,1.00121240299255,0.030499332838932,TRUE,0.325659168626951,1.00101077491247,0.0848743114861472,TRUE,0.548459085685958,1.00127233909426,0.00786698597462332,TRUE,0.456856696441828,1.00099257765618
454,"rand=1-1_rate=2_ROB=LH_Bias=No Bias","1-1",2,"LH","No Bias",0,0,0,0,0,0,0.00232945581401965,0.0294322057637454,0.221881580576223,FALSE,0.392740989766808,1.00159786701037,0.137004823048157,TRUE,0.262748265077832,1.00098880965499,0.128921732294811,TRUE,0.479533660198835,1.0015445588481,0.139731597846909,TRUE,0.366920258059067,1.00100580566674
455,"rand=1-1_rate=2_ROB=LH_Bias=No Bias","1-1",2,"LH","No Bias",0,0,0,0,0,0,0.018023684934535,0.028915929311896,0.0957421256974893,TRUE,0.453223185894629,1.00102430671302,0.0162053197808795,TRUE,0.312824329762498,1.00101353207784,0.0157461392636914,TRUE,0.671749100301604,1.00103923999189,0.0151916543879419,TRUE,0.392866292800154,1.00108729279178
456,"rand=1-1_rate=2_ROB=LH_Bias=No Bias","1-1",2,"LH","No Bias",0,0,0,0,0,0,-0.0115609925972139,0.0312972807955842,0.0251843348035944,TRUE,0.494978988710274,1.00121529330811,0.0560780844324278,TRUE,0.290488357899363,1.00101783007967,-0.0832994127196609,TRUE,0.624785476404898,1.00120088949469,0.0991218254855862,TRUE,0.364233987916666,1.00098614655883
457,"rand=1-1_rate=2_ROB=LH_Bias=No Bias","1-1",2,"LH","No Bias",0,0,0,0,0,0,-0.00965536403119919,0.0330759483624578,0.0039079878479269,TRUE,0.5870598286696,1.00099635614452,-0.0558926879988317,TRUE,0.446025411717525,1.00099020132829,-0.0489530491606986,TRUE,0.601599318598399,1.00102894939305,-0.0653300655211293,TRUE,0.722486578186339,1.00101255148894
458,"rand=1-1_rate=2_ROB=LH_Bias=No Bias","1-1",2,"LH","No Bias",0,0,0,0,0,0,0.0163906193906201,0.0323145265821734,-0.0500658679962127,TRUE,0.544958274117422,1.00098614687241,-0.115425274890442,TRUE,0.366395687656505,1.00099669496846,-0.0980210674354409,TRUE,0.614501986223608,1.00105054611341,-0.119069363574651,TRUE,0.526383334320393,1.0009948010717
459,"rand=1-1_rate=2_ROB=LH_Bias=No Bias","1-1",2,"LH","No Bias",0,0,0,0,0,0,0.00944520689421345,0.0260442253605357,-0.106754790220452,TRUE,0.716610320882906,1.00099928873627,-0.06073139042112,TRUE,0.454739886704891,1.00100114387137,-0.0881507634924916,TRUE,0.912186446596072,1.00099037271929,-0.045679046744822,TRUE,0.601822354183613,1.00100135770807
460,"rand=1-1_rate=2_ROB=LH_Bias=No Bias","1-1",2,"LH","No Bias",0,0,0,0,0,0,0.021845851760514,0.0293351895711917,0.0432927705025057,TRUE,0.53408664754477,1.00098599028909,-0.00796706017619542,TRUE,0.360391643008725,1.00102928046303,-0.168003523488689,TRUE,0.683758062707289,1.00111465253942,0.0488179213146612,TRUE,0.492637115697017,1.00099064858725
461,"rand=1-1_rate=2_ROB=LH_Bias=No Bias","1-1",2,"LH","No Bias",0,0,0,0,0,0,-0.00368866948620183,0.0319561873755421,-0.169548402824257,TRUE,0.612697800165127,1.00156585563161,-0.0424045269676516,TRUE,0.367513687639483,1.00101961563404,-0.154768637651119,TRUE,0.655899879305782,1.0010560967401,0.003783882280189,TRUE,0.507173653920046,1.0009914586983
462,"rand=1-1_rate=2_ROB=LH_Bias=No Bias","1-1",2,"LH","No Bias",0,0,0,0,0,0,-0.00241831268856592,0.0222099975754866,-0.0769961312723122,TRUE,0.606751267258333,1.00098628318218,-0.0359344071040146,TRUE,0.366059057761369,1.00098623052993,0.0054323201747255,TRUE,0.648209252706834,1.00113875484154,-0.0576231355662644,TRUE,0.508073885672876,1.00098658717274
463,"rand=1-1_rate=2_ROB=LH_Bias=No Bias","1-1",2,"LH","No Bias",0,0,0,0,0,0,0.00914837647000923,0.038143411276123,-0.0793449830473636,TRUE,0.522669317227768,1.00098644152379,0.0220989901217022,TRUE,0.310291806112378,1.00101686575068,-0.113840141698829,TRUE,0.775198930609502,1.00103498775453,0.0660454884964536,TRUE,0.363635535191742,1.00098652136698
464,"rand=1-1_rate=2_ROB=LH_Bias=No Bias","1-1",2,"LH","No Bias",0,0,0,0,0,0,-0.0099582470830607,0.026116898386649,-0.0540593709876562,TRUE,0.570403814250319,1.0011109106381,-0.0218208267252338,TRUE,0.37154831032111,1.00108950816767,-0.0132140318431984,TRUE,0.582517639351532,1.00123225557914,-0.024343611995576,TRUE,0.543870752051933,1.00098911227295
465,"rand=1-1_rate=2_ROB=LH_Bias=No Bias","1-1",2,"LH","No Bias",0,0,0,0,0,0,0.00154308931762619,0.0393329730725619,-0.00506555424765431,TRUE,0.520932240430241,1.00114308176578,-0.00351643013526015,TRUE,0.329122827758777,1.00098745449668,0.0247660058083092,TRUE,0.623729618529333,1.00098658292363,-0.0131993602635674,TRUE,0.438893819172932,1.00098636809916
466,"rand=1-1_rate=2_ROB=LH_Bias=No Bias","1-1",2,"LH","No Bias",0,0,0,0,0,0,-0.00674009596118311,0.0264226431179141,-0.13671460135107,TRUE,0.613389944619405,1.00099290904129,-0.0838408787412785,TRUE,0.368248420861835,1.00099857464835,-0.117155807214808,TRUE,0.708420103868528,1.00132476964694,-0.0755600383267059,TRUE,0.493062988482523,1.00100513912974
467,"rand=1-1_rate=2_ROB=LH_Bias=No Bias","1-1",2,"LH","No Bias",0,0,0,0,0,0,-0.000525356524016657,0.0275499947573892,-0.0671024911837232,TRUE,0.537697315578859,1.00110020964681,-0.0313783579662978,TRUE,0.304821516474646,1.00101361952146,0.161181034327456,TRUE,0.493642568146605,1.00186353880947,-0.0944439859475603,TRUE,0.406671078743868,1.00098629826236
468,"rand=1-1_rate=2_ROB=LH_Bias=No Bias","1-1",2,"LH","No Bias",0,0,0,0,0,0,0.000780297776338666,0.0294959987347464,0.051863730630214,TRUE,0.410051556120625,1.00098624478651,-0.00827287591628934,TRUE,0.257413537609791,1.00099280482412,0.00437342596578649,TRUE,0.561057964689563,1.00139153256045,-0.0136540078852556,TRUE,0.332861390491664,1.00102502138578
469,"rand=1-1_rate=2_ROB=LH_Bias=No Bias","1-1",2,"LH","No Bias",0,0,0,0,0,0,0.000530504461638286,0.0268507865632636,0.0647353759268116,TRUE,0.52469011847487,1.00110543047186,0.0307791550553982,TRUE,0.33195359483859,1.00098619399922,0.118470641343076,TRUE,0.640276179476502,1.00102893229726,-0.00544289842184353,TRUE,0.431024766907143,1.00101929151557
470,"rand=1-1_rate=2_ROB=LH_Bias=No Bias","1-1",2,"LH","No Bias",0,0,0,0,0,0,0.000215234088825264,0.0318559260591599,0.0558027944663095,TRUE,0.424829069017862,1.0009876437639,0.055450584369044,TRUE,0.22442232354439,1.0009871062313,-0.0969385977778885,TRUE,0.717446127691258,1.00111173363041,0.0819145618291598,TRUE,0.234513784269882,1.00099068145123
471,"rand=1-1_rate=2_ROB=LH_Bias=No Bias","1-1",2,"LH","No Bias",0,0,0,0,0,0,-0.00589595306174846,0.029265461794255,-0.0855783707807583,TRUE,0.601197285986501,1.00100790582651,0.031513728423324,TRUE,0.4014379194018,1.00100893169301,-0.272634829144596,TRUE,0.788815376185598,1.00103530638478,0.154090840152296,TRUE,0.465090905785298,1.00101482591309
472,"rand=1-1_rate=2_ROB=LH_Bias=No Bias","1-1",2,"LH","No Bias",0,0,0,0,0,0,0.00456948195652892,0.0211444517798762,-0.147418029905184,TRUE,0.623942261192226,1.00098688654623,-0.0588841864695677,TRUE,0.385952784814101,1.00098648050898,-0.07790690385521,TRUE,0.665002353849875,1.0009901532638,-0.0538381569188855,TRUE,0.53817172576333,1.00100205212011
473,"rand=1-1_rate=2_ROB=LH_Bias=No Bias","1-1",2,"LH","No Bias",0,0,0,0,0,0,-0.0153967989913777,0.0354902103970379,-0.183368021107283,TRUE,0.566418938525696,1.00098858997302,-0.132210299384525,TRUE,0.332279323258646,1.00101686500691,-0.13668268172017,TRUE,0.622556067879727,1.00100712162496,-0.131510358716995,TRUE,0.454350286314255,1.0010535594415
474,"rand=1-1_rate=2_ROB=LH_Bias=No Bias","1-1",2,"LH","No Bias",0,0,0,0,0,0,-0.00333393112704834,0.0451120718521915,0.0530864434688272,TRUE,0.478014913480339,1.00119857794225,-0.0556487458451431,TRUE,0.368833524946107,1.0010007651435,0.0238330919607935,TRUE,0.577564559823802,1.00121513182418,-0.0861704228595335,TRUE,0.532307379593469,1.00098932079343
475,"rand=1-1_rate=2_ROB=LH_Bias=No Bias","1-1",2,"LH","No Bias",0,0,0,0,0,0,-0.012860523567393,0.0266767519452064,0.040795771772802,TRUE,0.568149285480172,1.00108738621274,0.0948697955811401,TRUE,0.355986893603234,1.00104532526933,0.0334068671570793,TRUE,0.730869931413357,1.00098632275063,0.120827784116319,TRUE,0.457706511680032,1.00098684871843
476,"rand=1-1_rate=2_ROB=LH_Bias=No Bias","1-1",2,"LH","No Bias",0,0,0,0,0,0,0.0157918468007681,0.0348950073588831,-0.00740895456326851,TRUE,0.51377236845122,1.0010287166906,-0.0762347487517163,TRUE,0.339935040217358,1.00098802111115,-0.090198895592295,TRUE,0.75223694753782,1.00098617469885,-0.0706245943929682,TRUE,0.433748277351695,1.00098966307971
477,"rand=1-1_rate=2_ROB=LH_Bias=No Bias","1-1",2,"LH","No Bias",0,0,0,0,0,0,0.00555866406320273,0.0288616721214048,-0.10893432224012,TRUE,0.626136788824203,1.00103900651984,-0.0435626028946192,TRUE,0.379507217361741,1.00103330389359,-0.274872524022997,TRUE,0.744492341339304,1.00098827484732,0.0408366973460589,TRUE,0.476722733762388,1.00101900463999
478,"rand=1-1_rate=2_ROB=LH_Bias=No Bias","1-1",2,"LH","No Bias",0,0,0,0,0,0,0.00995125231422595,0.0334122123551862,0.0599659747593688,TRUE,0.491235980465557,1.00099693283488,0.0399368113975213,TRUE,0.295432017100377,1.00098613054562,0.00887532685410208,TRUE,0.759852915344052,1.00098977332396,0.0482791303976579,TRUE,0.359188913879862,1.0009978420772
479,"rand=1-1_rate=2_ROB=LH_Bias=No Bias","1-1",2,"LH","No Bias",0,0,0,0,0,0,-0.00496488105129784,0.0403581248222664,0.0547359064980357,TRUE,0.554909056776299,1.00104489196732,-0.019604728486964,TRUE,0.408625329442759,1.00099182513008,-0.0961246569225152,TRUE,0.706781774859293,1.00156537461797,0.0270128907061482,TRUE,0.577262499420042,1.00099939866251
480,"rand=1-1_rate=2_ROB=LH_Bias=No Bias","1-1",2,"LH","No Bias",0,0,0,0,0,0,0.00625140607662975,0.0304159062407506,-0.0261378778833334,TRUE,0.511302103772948,1.00098600316562,-0.151261502102719,TRUE,0.37629794716751,1.00099503870001,-0.0893438270093527,TRUE,0.682261135520749,1.00100008345698,-0.17478733569629,TRUE,0.518736632249475,1.00098874446197
481,"rand=1-1_rate=2_ROB=LH_Bias=No Bias","1-1",2,"LH","No Bias",0,0,0,0,0,0,-0.0199766414425385,0.0372894266123213,0.0599566050301065,TRUE,0.513540830944001,1.0015759884753,0.0213925667896935,TRUE,0.33292027148782,1.00098636309988,0.168540924280837,TRUE,0.564438450583308,1.00102812892397,-0.037531757871587,TRUE,0.451386128720398,1.00101735749713
482,"rand=1-1_rate=2_ROB=LH_Bias=No Bias","1-1",2,"LH","No Bias",0,0,0,0,0,0,-0.00721691022939914,0.0338476751910673,-0.01136252826534,TRUE,0.487451989913339,1.0013119903955,0.0561183700728269,TRUE,0.272916196192516,1.0010095392817,-0.155151495677153,TRUE,0.67089533020361,1.00103799687241,0.109951953956774,TRUE,0.314506023903013,1.00101230895809
483,"rand=1-1_rate=2_ROB=LH_Bias=No Bias","1-1",2,"LH","No Bias",0,0,0,0,0,0,-0.00807235894310236,0.0307780180186803,0.0841245116733857,TRUE,0.520203583856882,1.00120539677982,0.0947605766859854,TRUE,0.338030660787526,1.00102850794441,-0.0544792145582793,TRUE,0.662458654249561,1.00116844624104,0.150235065795062,TRUE,0.432268440084026,1.00098947260443
484,"rand=1-1_rate=2_ROB=LH_Bias=No Bias","1-1",2,"LH","No Bias",0,0,0,0,0,0,0.0117716146685506,0.0354813569048628,0.112097975321679,TRUE,0.454428543434129,1.0010097524938,0.104010889815511,TRUE,0.273369019780711,1.0009954351673,0.179320555002463,TRUE,0.539556596312183,1.0009957496965,0.0763006907120086,TRUE,0.353329394966608,1.00099401574461
485,"rand=1-1_rate=2_ROB=LH_Bias=No Bias","1-1",2,"LH","No Bias",0,0,0,0,0,0,-0.00693181585942089,0.0368934432540739,0.208173088929552,TRUE,0.431136836091809,1.00102498116602,0.119994406189524,TRUE,0.304458209740774,1.001007258505,0.117489666845096,TRUE,0.622713784589261,1.00105383946796,0.11841051980212,TRUE,0.398444615265943,1.00099865013725
486,"rand=1-1_rate=2_ROB=LH_Bias=No Bias","1-1",2,"LH","No Bias",0,0,0,0,0,0,-0.0224356328587064,0.0365151628596194,-0.0149200695276996,TRUE,0.476410727477078,1.00114135438716,-0.0384195521061548,TRUE,0.274876268000463,1.0009861282115,-0.128800602851299,TRUE,0.611760508041089,1.00216591245984,-0.0128589923544482,TRUE,0.351407346116754,1.00100377307986
487,"rand=1-1_rate=2_ROB=LH_Bias=No Bias","1-1",2,"LH","No Bias",0,0,0,0,0,0,0.0123250764076478,0.0387157934722684,-0.0485711842699057,TRUE,0.595491890936375,1.0010488868792,-0.0352880200757335,TRUE,0.387016728362682,1.00098701029868,-0.0308917681476444,TRUE,0.682781604282636,1.00109194872424,-0.034409352559118,TRUE,0.545666588762586,1.00099329504208
488,"rand=1-1_rate=2_ROB=LH_Bias=No Bias","1-1",2,"LH","No Bias",0,0,0,0,0,0,0.000707626041256837,0.0283929368941997,-0.139599881967814,TRUE,0.648173733554825,1.00098664112662,-0.113518018530813,TRUE,0.424738440877645,1.0009987325942,-0.0900110688568183,TRUE,0.589927742072433,1.00139447494615,-0.134916735859035,TRUE,0.68320393595395,1.00098696379951
489,"rand=1-1_rate=2_ROB=LH_Bias=No Bias","1-1",2,"LH","No Bias",0,0,0,0,0,0,-0.0109109626183054,0.0335992301442676,-0.00863771384955991,TRUE,0.476864998351341,1.00112925311,0.00512964381026004,TRUE,0.264860360494919,1.00100275896503,-0.131118046069918,TRUE,0.640073448770771,1.0010155400494,0.0346516379068641,TRUE,0.331811076499615,1.00098822683033
490,"rand=1-1_rate=2_ROB=LH_Bias=No Bias","1-1",2,"LH","No Bias",0,0,0,0,0,0,-0.0133796497089433,0.0340576421221279,0.227780063270671,FALSE,0.310593488809507,1.00099068872593,0.165712667866099,FALSE,0.155992764951251,1.00125211177257,0.153538815057684,TRUE,0.69402824602096,1.00098699308673,0.16662650325211,FALSE,0.159114854897671,1.00100421246113
491,"rand=1-1_rate=2_ROB=LH_Bias=No Bias","1-1",2,"LH","No Bias",0,0,0,0,0,0,-0.00120551637853732,0.0399803713113147,-0.043932084582732,TRUE,0.510576101545762,1.00101444780654,-0.138187096522565,TRUE,0.353774860371452,1.00100366204851,-0.288142852145378,TRUE,1.11233239205288,1.00100367599527,-0.0878242753299785,TRUE,0.354854405822519,1.00108813148507
492,"rand=1-1_rate=2_ROB=LH_Bias=No Bias","1-1",2,"LH","No Bias",0,0,0,0,0,0,-0.0145019798581938,0.0376467565600751,0.0141644441701849,TRUE,0.491078729761628,1.00098920034822,0.0120678551246653,TRUE,0.301552262947598,1.001015209034,0.0482588100678615,TRUE,0.537013550188553,1.00241100154739,0.000741175268916483,TRUE,0.41801401870833,1.000987675663
493,"rand=1-1_rate=2_ROB=LH_Bias=No Bias","1-1",2,"LH","No Bias",0,0,0,0,0,0,0.0123936033938688,0.0405789110592274,0.029370473361483,TRUE,0.470890125366198,1.00107524623711,-0.114908546777755,TRUE,0.365207913859526,1.00102630005996,-0.000897720551428227,TRUE,0.595983163748463,1.00103512920882,-0.158258468621433,TRUE,0.524022408647767,1.00099635362585
494,"rand=1-1_rate=2_ROB=LH_Bias=No Bias","1-1",2,"LH","No Bias",0,0,0,0,0,0,0.00643706294021485,0.0337576071287514,0.133415806245948,TRUE,0.525206353050566,1.00104790009087,0.0306792268479396,TRUE,0.418192812972086,1.00112540159356,-0.092612841844407,TRUE,1.00317870416644,1.00098944660887,0.0853417415412387,TRUE,0.499546017988147,1.00099040911858
495,"rand=1-1_rate=2_ROB=LH_Bias=No Bias","1-1",2,"LH","No Bias",0,0,0,0,0,0,-0.000739796740559214,0.0372234287191247,-0.14483455982858,TRUE,0.593425830132791,1.00100839705107,-0.155887106811621,TRUE,0.363540333537781,1.00098600912651,-0.0305402926725067,TRUE,0.582650539467862,1.00098825720561,-0.203339609750343,TRUE,0.531440673258971,1.00098796284623
496,"rand=1-1_rate=2_ROB=LH_Bias=No Bias","1-1",2,"LH","No Bias",0,0,0,0,0,0,-0.00145677613435517,0.0413773657257397,0.00769407496089958,TRUE,0.425143036846834,1.00123235009848,0.0296723426217869,TRUE,0.214071678472815,1.00099286464837,0.0736186061890723,TRUE,0.521645001105407,1.0013981760191,0.020950696806883,TRUE,0.257832156162432,1.00098686178084
497,"rand=1-1_rate=2_ROB=LH_Bias=No Bias","1-1",2,"LH","No Bias",0,0,0,0,0,0,-0.000510654664595362,0.0209898102467913,-0.0771118693236454,TRUE,0.510361311262216,1.00098710175116,-0.100014012749475,TRUE,0.309080953271188,1.00100556616858,-0.0148658654070779,TRUE,0.686918204502506,1.00118724149069,-0.124126983969429,TRUE,0.385054879666762,1.00099012959375
498,"rand=1-1_rate=2_ROB=LH_Bias=No Bias","1-1",2,"LH","No Bias",0,0,0,0,0,0,-0.00889993082896665,0.0255216150636712,0.0985506642090036,TRUE,0.53070552659926,1.00103672383401,0.0417900914687346,TRUE,0.366226341798589,1.00101937229066,-0.201146694972965,TRUE,0.943828138649586,1.00109288992901,0.130706507630495,TRUE,0.384397931190444,1.00098636403953
499,"rand=1-1_rate=2_ROB=LH_Bias=No Bias","1-1",2,"LH","No Bias",0,0,0,0,0,0,-0.0246052865769186,0.0337649239518809,-0.0953768488668023,TRUE,0.500283949832606,1.00115573361987,0.0586259892526143,TRUE,0.271164780182113,1.0009866659741,-0.105418910463146,TRUE,0.787268716505323,1.00103701842986,0.105670200690617,TRUE,0.270542421101213,1.00098699965714
500,"rand=1-1_rate=2_ROB=LH_Bias=No Bias","1-1",2,"LH","No Bias",0,0,0,0,0,0,-0.00400460404377711,0.0239931121812496,0.0411955207438547,TRUE,0.519706900544356,1.00100387823383,0.0616741608554671,TRUE,0.326023617620449,1.00099051264822,-0.0925986907825846,TRUE,0.608525340537693,1.0009863671738,0.110982732036067,TRUE,0.436677037862828,1.00099010578654
501,"rand=1-1_rate=2_ROB=LH_Bias=No Bias","1-1",2,"LH","No Bias",0,0,0,0,0,0,0.0103338543586147,0.0323314921841707,-0.150680133648805,TRUE,0.602225152375813,1.00110872171134,-0.192332511820068,FALSE,0.396212380674752,1.00099084082009,-0.230959356654838,TRUE,0.737308643910614,1.00128704459467,-0.181048493794323,TRUE,0.546390960799822,1.00100245698196
502,"rand=1-1_rate=2_ROB=LH_Bias=No Bias","1-1",2,"LH","No Bias",0,0,0,0,0,0,0.010472277026523,0.0453055341729197,-0.00309177053893461,TRUE,0.430298063087268,1.00099408171437,-0.0772515775904126,TRUE,0.250146199084716,1.0010349608462,0.0890703028951479,TRUE,0.506619166849236,1.00102718750067,-0.117508196570737,TRUE,0.315061720805026,1.00101410800676
503,"rand=1-1_rate=2_ROB=LH_Bias=No Bias","1-1",2,"LH","No Bias",0,0,0,0,0,0,0.00430512424221129,0.0386225653516286,0.0459206017312578,TRUE,0.549801224380812,1.00098879104056,-0.0165348480761727,TRUE,0.399441406062083,1.00100982796725,-0.0983138639839962,TRUE,0.698836041626249,1.00107894632587,0.0192699128834459,TRUE,0.552140085508393,1.00098773236347
504,"rand=1-1_rate=2_ROB=LH_Bias=No Bias","1-1",2,"LH","No Bias",0,0,0,0,0,0,-0.000917091014269313,0.0447161975384073,0.0208125412969301,TRUE,0.523079508167033,1.00099863781174,0.0235491627110077,TRUE,0.318194724844292,1.00099030901462,0.199532460969764,TRUE,0.503021032257901,1.00099522502583,-0.0427246114498161,TRUE,0.426504667974374,1.00108150129138
505,"rand=1-1_rate=2_ROB=LH_Bias=No Bias","1-1",2,"LH","No Bias",0,0,0,0,0,0,0.0166243708524804,0.0372799824475529,0.0641622035547744,TRUE,0.59008234353253,1.0011933983609,0.00719036328556144,TRUE,0.391037037205713,1.00098666252789,0.259559545684555,TRUE,0.525696919602354,1.00103329683153,-0.139763206858771,TRUE,0.52447141202641,1.00098640914231
506,"rand=1-1_rate=2_ROB=LH_Bias=No Bias","1-1",2,"LH","No Bias",0,0,0,0,0,0,-0.0082786523993089,0.0324625537371899,0.0994771264227126,TRUE,0.450213731221765,1.00105563810051,0.0905015850203155,TRUE,0.277266469747802,1.00101503658164,0.0382825086928013,TRUE,0.643161111472662,1.00107353642554,0.106626351494395,TRUE,0.337269286238722,1.00099963655024
507,"rand=1-1_rate=2_ROB=LH_Bias=No Bias","1-1",2,"LH","No Bias",0,0,0,0,0,0,-0.00434985322274863,0.0310650463774733,-0.000264185418357377,TRUE,0.411685831468571,1.00105731743889,-0.00655073684016938,TRUE,0.189490498209092,1.00115721188809,0.0153364508286683,TRUE,0.577630280938958,1.00102039810347,-0.00880787086893298,TRUE,0.216646122122553,1.00099463436615
508,"rand=1-1_rate=2_ROB=LH_Bias=No Bias","1-1",2,"LH","No Bias",0,0,0,0,0,0,-0.0181880832677707,0.03165062455498,0.0304191553283453,TRUE,0.450971886060097,1.00111396043148,-0.00496083812859038,TRUE,0.256404038171057,1.00100921190971,0.0153536190217984,TRUE,0.633390319064748,1.00099285663486,-0.010000622830054,TRUE,0.309136062664213,1.0010127723308
509,"rand=1-1_rate=2_ROB=LH_Bias=No Bias","1-1",2,"LH","No Bias",0,0,0,0,0,0,-0.00273811682506345,0.0279096194012398,0.0475683946061145,TRUE,0.485948691776718,1.00117641394155,0.0233261797480001,TRUE,0.306187704201479,1.00099588907775,0.149764766100092,TRUE,0.498283531369107,1.00098599902421,-0.023293900539072,TRUE,0.419699164173985,1.00100044002179
510,"rand=1-1_rate=2_ROB=LH_Bias=No Bias","1-1",2,"LH","No Bias",0,0,0,0,0,0,-0.00831650978876853,0.0253912316174799,0.0882434170615007,TRUE,0.450161367840509,1.00129683536314,0.114912121826359,TRUE,0.268358309642611,1.00098676788444,-0.048226412231859,TRUE,0.634987853007609,1.00119716748107,0.165287014303764,FALSE,0.303985927636463,1.0009870074247
511,"rand=1-1_rate=2_ROB=LH_Bias=No Bias","1-1",2,"LH","No Bias",0,0,0,0,0,0,-0.00407294106849011,0.0273434705473496,-0.044682543107341,TRUE,0.53847678111828,1.00098716889388,-0.0309243311532992,TRUE,0.32370081758418,1.0010465382741,-0.020489663810757,TRUE,0.682243443769771,1.00191607279146,-0.0357056529354296,TRUE,0.409855089688904,1.00101802466293
512,"rand=1-1_rate=2_ROB=LH_Bias=No Bias","1-1",2,"LH","No Bias",0,0,0,0,0,0,0.00502267676231961,0.0309370311654453,-0.0627078405402548,TRUE,0.553624007642319,1.00102502536923,-0.0462997246690944,TRUE,0.319342550735139,1.00098613213518,0.127763430628912,TRUE,0.676483695529361,1.00108186407266,-0.115861016326964,TRUE,0.368579939343595,1.00101296791791
513,"rand=1-1_rate=2_ROB=LH_Bias=No Bias","1-1",2,"LH","No Bias",0,0,0,0,0,0,0.00921687708717972,0.0380159372692611,-0.0303268310240765,TRUE,0.621330858602021,1.00103795112045,-0.0419455493047511,TRUE,0.406216210396935,1.00098620285659,-0.00954510978773215,TRUE,0.867280077705482,1.00100432359601,-0.0582135321481461,TRUE,0.527570855862111,1.00104022184019
514,"rand=1-1_rate=2_ROB=LH_Bias=No Bias","1-1",2,"LH","No Bias",0,0,0,0,0,0,-0.00547941189143228,0.0290739049580535,0.0331847929112046,TRUE,0.524121768216848,1.00122029067054,0.0837507471922065,TRUE,0.331766181382861,1.00098677714151,0.124879150238223,TRUE,0.526579338760531,1.00098816255943,0.0687037357713556,TRUE,0.482206399114343,1.00099673756319
515,"rand=1-1_rate=2_ROB=LH_Bias=No Bias","1-1",2,"LH","No Bias",0,0,0,0,0,0,0.000847938786105554,0.0266212474395046,0.0593235917371497,TRUE,0.506757262366481,1.00099781101865,-0.00402306893074278,TRUE,0.370138443942216,1.00098909153278,0.113801225041603,TRUE,0.486137137642534,1.00098727570313,-0.0577691736733739,TRUE,0.585446753547397,1.00098651716066
516,"rand=1-1_rate=2_ROB=LH_Bias=No Bias","1-1",2,"LH","No Bias",0,0,0,0,0,0,-0.0109603171755323,0.0315748190840563,-0.0545853933441662,TRUE,0.614433117798037,1.00100169162339,-0.0365885368091321,TRUE,0.387853383714131,1.00101539164358,0.0962563222727153,TRUE,0.758337754111009,1.00101150429644,-0.0932669789782035,TRUE,0.497558630843514,1.00099329279698
517,"rand=1-1_rate=2_ROB=LH_Bias=No Bias","1-1",2,"LH","No Bias",0,0,0,0,0,0,-0.000729627740450825,0.0324379562916503,0.0804311051361899,TRUE,0.427543531572608,1.00112089314179,0.025151501802345,TRUE,0.257501875161237,1.00099705146683,0.0252652822560766,TRUE,0.694452722365257,1.00098626157825,0.024156686513629,TRUE,0.302715171174885,1.00098942939245
518,"rand=1-1_rate=2_ROB=LH_Bias=No Bias","1-1",2,"LH","No Bias",0,0,0,0,0,0,-0.0131240610263022,0.0340616890242121,-0.0532836649987649,TRUE,0.560160482950557,1.00105301599631,-0.0453562016501801,TRUE,0.341859854480575,1.0010601284891,0.0541391996563987,TRUE,0.842986384457803,1.00106555267764,-0.0803738964050733,TRUE,0.387238865036084,1.00109247456761
519,"rand=1-1_rate=2_ROB=LH_Bias=No Bias","1-1",2,"LH","No Bias",0,0,0,0,0,0,0.0171402655983859,0.0366833624897078,-0.207295560804564,TRUE,0.782791676109078,1.00099177930649,-0.102484608292326,TRUE,0.528508607937074,1.00101368898492,-0.528010478858727,FALSE,1.0721790682277,1.00098699456668,0.0717489535261293,TRUE,0.568592262497228,1.00099128025275
520,"rand=1-1_rate=2_ROB=LH_Bias=No Bias","1-1",2,"LH","No Bias",0,0,0,0,0,0,-0.00716886661470117,0.0323060458787529,0.0833385825172392,TRUE,0.44071762756292,1.00110987357161,0.00555977862637991,TRUE,0.270500586046086,1.00100552037742,-0.0150981310157858,TRUE,0.732773431829171,1.00103505935588,0.010462087111584,TRUE,0.308257854069858,1.0009879538679
521,"rand=1-1_rate=2_ROB=LH_Bias=No Bias","1-1",2,"LH","No Bias",0,0,0,0,0,0,0.0173824985287081,0.045841625737494,-0.0277604402002845,TRUE,0.492576225127678,1.00099014207873,0.00295527828320841,TRUE,0.274972071594284,1.00099135345253,-0.144866453971598,TRUE,0.824931651172033,1.00099137771381,0.039600510810802,TRUE,0.289914320582288,1.00098601379679
522,"rand=1-1_rate=2_ROB=LH_Bias=No Bias","1-1",2,"LH","No Bias",0,0,0,0,0,0,0.00304755223181722,0.0394686622658712,-0.0427363410081552,TRUE,0.568512217877446,1.0009967225569,0.0514154292760874,TRUE,0.376734114106184,1.00098638312405,-0.0676702124065924,TRUE,0.591431380361461,1.00183613965531,0.103489005367204,TRUE,0.544932173716464,1.00099557545597
523,"rand=1-1_rate=2_ROB=LH_Bias=No Bias","1-1",2,"LH","No Bias",0,0,0,0,0,0,-0.0113447267746,0.0323563784344421,-0.000280322418593659,TRUE,0.592975795939192,1.00100634583233,-0.0607452107224755,TRUE,0.396398481663972,1.00098600916153,0.14494854629384,TRUE,0.556175101609868,1.00099870305959,-0.15246931905705,TRUE,0.561760575133398,1.00099319830156
524,"rand=1-1_rate=2_ROB=LH_Bias=No Bias","1-1",2,"LH","No Bias",0,0,0,0,0,0,-0.0127627672674656,0.0408660761140473,0.0247028711590587,TRUE,0.587627327834332,1.00101722487805,0.0156571985124346,TRUE,0.379519349523066,1.00098637564494,0.0899944804518148,TRUE,0.706407739444183,1.0013701912436,-0.0189295169632071,TRUE,0.513667610817415,1.00098779347941
525,"rand=1-1_rate=2_ROB=LH_Bias=No Bias","1-1",2,"LH","No Bias",0,0,0,0,0,0,-0.00921875764423952,0.046672762615062,0.011043589529919,TRUE,0.422364148125594,1.00122950301174,0.089971131250975,TRUE,0.215810791348759,1.00099158020846,-0.0352009661768842,TRUE,0.560984449460278,1.00103034602983,0.116982179744909,TRUE,0.261739781322049,1.00103190494127
526,"rand=1-1_rate=2_ROB=LH_Bias=No Bias","1-1",2,"LH","No Bias",0,0,0,0,0,0,0.00319663621503857,0.0284028671398057,-0.133291306185281,TRUE,0.574267600860103,1.00129950807409,-0.111236569750371,TRUE,0.321393025057026,1.0009980512103,-0.0372970622240913,TRUE,0.617889635369873,1.00123825645904,-0.136023003545487,TRUE,0.439857424772056,1.0010071832881
527,"rand=1-1_rate=2_ROB=LH_Bias=No Bias","1-1",2,"LH","No Bias",0,0,0,0,0,0,-0.00147384175605576,0.0289135824529021,0.0580056981865456,TRUE,0.444271401277014,1.0011070713094,0.029503409510016,TRUE,0.279806650623692,1.00099311320536,0.0448869428154269,TRUE,0.500047516032266,1.00112214809711,0.0243374831853007,TRUE,0.393700456339101,1.00101191817794
528,"rand=1-1_rate=2_ROB=LH_Bias=No Bias","1-1",2,"LH","No Bias",0,0,0,0,0,0,-0.00405863635886243,0.0225448835084031,0.027753119743493,TRUE,0.496214378124869,1.00106971345812,-0.0555693281726093,TRUE,0.371224637310853,1.00098623434283,0.238304300689277,TRUE,0.458596907021305,1.00099679778065,-0.206914212579768,TRUE,0.499205055010415,1.00103210227255
529,"rand=1-1_rate=2_ROB=LH_Bias=No Bias","1-1",2,"LH","No Bias",0,0,0,0,0,0,-0.0075749200638709,0.0295018503154895,-0.120117910930865,TRUE,0.621084539613179,1.00103593284402,-0.110434955730569,TRUE,0.37422974140728,1.00098898719338,-0.102736031671048,TRUE,0.911979976861318,1.00117317176277,-0.107138938263261,TRUE,0.43568336640662,1.00103825593971
530,"rand=1-1_rate=2_ROB=LH_Bias=No Bias","1-1",2,"LH","No Bias",0,0,0,0,0,0,0.00244086338980921,0.0242777964457948,-0.0806956010921083,TRUE,0.535807285819507,1.00101836549042,-0.146343528988099,TRUE,0.37050332917689,1.00098618327168,-0.185414067403368,TRUE,0.632787966495178,1.00150404313866,-0.133093805957245,TRUE,0.549744506492727,1.0009868577598
531,"rand=1-1_rate=2_ROB=LH_Bias=No Bias","1-1",2,"LH","No Bias",0,0,0,0,0,0,0.00336501545112545,0.0254845079973643,-0.162644450993482,TRUE,0.55554648808399,1.00100080890489,-0.157132711158539,TRUE,0.337423312929799,1.00100964268734,-0.162569448047992,TRUE,0.607635067812985,1.00113009808982,-0.15204482781664,TRUE,0.475676667091231,1.00101410620195
532,"rand=1-1_rate=2_ROB=LH_Bias=No Bias","1-1",2,"LH","No Bias",0,0,0,0,0,0,0.00823460788731922,0.0343355930067668,-0.0402997173788111,TRUE,0.556975663347762,1.00107304842652,0.0319440682512666,TRUE,0.349194609675358,1.00098789828281,-0.0827397110123904,TRUE,0.629929863941397,1.0010287212491,0.0737639855083935,TRUE,0.477417387787966,1.00098850695638
533,"rand=1-1_rate=2_ROB=LH_Bias=No Bias","1-1",2,"LH","No Bias",0,0,0,0,0,0,0.012548228144146,0.0333387331823149,0.10294997768957,TRUE,0.456994586264428,1.0009881696435,0.0300221004436941,TRUE,0.317191239437595,1.0009887035056,-0.0330042152242067,TRUE,0.711350703375391,1.00098872364679,0.0516839958860595,TRUE,0.391363582541865,1.00098781314737
534,"rand=1-1_rate=2_ROB=LH_Bias=No Bias","1-1",2,"LH","No Bias",0,0,0,0,0,0,0.00150819088858907,0.0308188879904648,0.0265589318544018,TRUE,0.556859342727651,1.00099062374121,0.0625905029099101,TRUE,0.356294808635397,1.0010701377666,-0.00587531357893578,TRUE,0.6977935239697,1.00098828506866,0.0884061970130617,TRUE,0.478664873189221,1.00099585826033
535,"rand=1-1_rate=2_ROB=LH_Bias=No Bias","1-1",2,"LH","No Bias",0,0,0,0,0,0,0.0143218286258159,0.0300115272100225,-0.0325563185171238,TRUE,0.55101951351817,1.00103768530575,0.0268384459759168,TRUE,0.306346622742842,1.000988977976,-0.0551696340272545,TRUE,0.645480449812148,1.00099292971426,0.050573135320627,TRUE,0.391375599262533,1.00098622867113
536,"rand=1-1_rate=2_ROB=LH_Bias=No Bias","1-1",2,"LH","No Bias",0,0,0,0,0,0,-0.0107427984583931,0.0373351808700649,0.0797625797372322,TRUE,0.39865352215878,1.00107908550932,0.0855172074563486,TRUE,0.203409444695759,1.00100042239016,-0.0739443577998444,TRUE,0.559093067041402,1.00108606458134,0.112090191808963,TRUE,0.242603233002048,1.00101858298107
537,"rand=1-1_rate=2_ROB=LH_Bias=No Bias","1-1",2,"LH","No Bias",0,0,0,0,0,0,0.000285335303461526,0.0388442793418947,-0.130108120343484,TRUE,0.62936360271101,1.00118495055512,-0.00466690918775936,TRUE,0.414395450260933,1.00105916129221,-0.133362326223992,TRUE,0.714637315012764,1.00109610758036,0.0557538900207651,TRUE,0.570074920717764,1.00102229477454
538,"rand=1-1_rate=2_ROB=LH_Bias=No Bias","1-1",2,"LH","No Bias",0,0,0,0,0,0,-0.0217715932658093,0.0378265265842451,0.112071416063044,TRUE,0.49098982879039,1.00161838619691,0.0992448842910101,TRUE,0.321594086879943,1.00108246589686,0.111973871810529,TRUE,0.549903964750747,1.00099026900554,0.0946597830455057,TRUE,0.45182302677429,1.00100418720745
539,"rand=1-1_rate=2_ROB=LH_Bias=No Bias","1-1",2,"LH","No Bias",0,0,0,0,0,0,0.00889240402516623,0.0332456516838073,-0.169207260918109,TRUE,0.625440077608935,1.00099024653027,-0.104265368329681,TRUE,0.37386813483202,1.00102410108435,-0.301072619034051,TRUE,0.751978578472702,1.00100113461221,-0.0355801595531264,TRUE,0.475561663213984,1.00098916855146
540,"rand=1-1_rate=2_ROB=LH_Bias=No Bias","1-1",2,"LH","No Bias",0,0,0,0,0,0,-0.0206870331057265,0.0324664911251256,0.0324979299235213,TRUE,0.544145948727477,1.00105486853183,0.0155731447451394,TRUE,0.349426367788734,1.00102834687908,0.0421717419110481,TRUE,0.707858251987164,1.00098971494678,0.00531242283025091,TRUE,0.46029239819083,1.00098766270846
541,"rand=1-1_rate=2_ROB=LH_Bias=No Bias","1-1",2,"LH","No Bias",0,0,0,0,0,0,0.00201278965533211,0.0354905367349732,-0.103632153321535,TRUE,0.611459129034393,1.00104953427324,-0.0960519202775938,TRUE,0.403840123659678,1.00098731798522,-0.209276819535919,TRUE,0.776702891165277,1.001302373047,-0.0471258624663931,TRUE,0.542082852698115,1.00098619875386
542,"rand=1-1_rate=2_ROB=LH_Bias=No Bias","1-1",2,"LH","No Bias",0,0,0,0,0,0,-0.0071620132477532,0.0308305476478621,-0.0802841153549618,TRUE,0.563264165085079,1.00102588326186,-0.0441553398712127,TRUE,0.326234610364012,1.00101139595,-0.0644417983218033,TRUE,0.821693918855511,1.00098913684597,-0.0368587219304504,TRUE,0.383853037620358,1.00098850515504
543,"rand=1-1_rate=2_ROB=LH_Bias=No Bias","1-1",2,"LH","No Bias",0,0,0,0,0,0,-0.0165766325918195,0.0357551928849575,-0.0147482733103608,TRUE,0.484789928377758,1.00111357210435,-0.0400912060120895,TRUE,0.295079740196683,1.00107122341315,0.0335470674060419,TRUE,0.540216975066623,1.00152713040154,-0.0669956982832138,TRUE,0.399455225790545,1.00099818956493
544,"rand=1-1_rate=2_ROB=LH_Bias=No Bias","1-1",2,"LH","No Bias",0,0,0,0,0,0,0.00608168621645307,0.0272941680403599,0.0244073995533348,TRUE,0.500933120788567,1.00102490345539,0.0898412902821653,TRUE,0.322844847498248,1.00102898846099,0.0114143760482843,TRUE,0.555501384457556,1.00137937981135,0.131630428250805,TRUE,0.458484780714178,1.00099593817916
545,"rand=1-1_rate=2_ROB=LH_Bias=No Bias","1-1",2,"LH","No Bias",0,0,0,0,0,0,-0.00105878602856435,0.0355440910887894,-0.0403771109459694,TRUE,0.616182116192335,1.00119718569645,0.00420489848139427,TRUE,0.420965371919766,1.00103011790807,-0.0242050608414228,TRUE,0.658848804345537,1.00099907626624,0.0234581841380466,TRUE,0.625860193394523,1.00099843093005
546,"rand=1-1_rate=2_ROB=LH_Bias=No Bias","1-1",2,"LH","No Bias",0,0,0,0,0,0,-0.00435138449019137,0.0207731450524644,0.0532789666888964,TRUE,0.451883029529847,1.00107129373446,0.013708845851204,TRUE,0.277065525681634,1.00099503203785,-0.0128912772655105,TRUE,0.585477691319086,1.00103074664472,0.0220206946053949,TRUE,0.352642546614678,1.00101825291229
547,"rand=1-1_rate=2_ROB=LH_Bias=No Bias","1-1",2,"LH","No Bias",0,0,0,0,0,0,0.00536092134548994,0.0372277196469608,0.0259029967779023,TRUE,0.545909905862077,1.0009861686873,0.104734863849915,TRUE,0.33660671993997,1.00103184856905,-0.20345546448415,TRUE,0.768754380387451,1.00100303864679,0.20272518137391,FALSE,0.349680321266214,1.00106322204452
548,"rand=1-1_rate=2_ROB=LH_Bias=No Bias","1-1",2,"LH","No Bias",0,0,0,0,0,0,-0.00803080240106795,0.0399274669718951,0.0275591245849967,TRUE,0.467006389304289,1.00155721842306,0.00713913143406486,TRUE,0.284663677108351,1.00111067931829,0.175097291394175,TRUE,0.513699936546111,1.00116866064138,-0.0491314957937847,TRUE,0.368707279685373,1.00099000972447
549,"rand=1-1_rate=2_ROB=LH_Bias=No Bias","1-1",2,"LH","No Bias",0,0,0,0,0,0,-0.00240579570357749,0.0334332504750474,-0.153273327495339,TRUE,0.597453722917346,1.00098687408682,-0.306315112357451,FALSE,0.390330093335947,1.000985989989,-0.199712203113956,TRUE,0.720353683566453,1.0010147594759,-0.340055894045096,FALSE,0.521160358410873,1.00100722105856
550,"rand=1-1_rate=2_ROB=LH_Bias=No Bias","1-1",2,"LH","No Bias",0,0,0,0,0,0,0.00679297448045898,0.0284215445055324,-0.19181235792958,TRUE,0.512256184191712,1.00100226088595,-0.0839521057545738,TRUE,0.287513292739824,1.00099191661269,-0.0942742692085534,TRUE,0.688794628508441,1.00107071803705,-0.0801734454468481,TRUE,0.3435482973206,1.00102627971868
551,"rand=1-1_rate=2_ROB=LH_Bias=No Bias","1-1",2,"LH","No Bias",0,0,0,0,0,0,0.00420385598694693,0.0399932516909466,-0.0840725958202269,TRUE,0.549246433906003,1.00185591816684,-0.0100996695893942,TRUE,0.317792169102231,1.00099558197014,-0.164797876058851,TRUE,0.615319115505078,1.00109024772722,0.0389342192748765,TRUE,0.433008235548638,1.00099742659773
552,"rand=1-1_rate=2_ROB=LH_Bias=No Bias","1-1",2,"LH","No Bias",0,0,0,0,0,0,-0.0102547706816046,0.0269007471587251,-0.0872594055914169,TRUE,0.510629245848733,1.00100819569216,-0.124565343863963,TRUE,0.297455658318105,1.00105213087417,-0.00431179443422836,TRUE,0.67656163515767,1.00121365009972,-0.159360820072729,TRUE,0.352974943462845,1.00101722569229
553,"rand=1-1_rate=2_ROB=LH_Bias=No Bias","1-1",2,"LH","No Bias",0,0,0,0,0,0,-0.00044462864969332,0.0284032011079034,-0.0620874917556358,TRUE,0.604804695524737,1.00107662470192,-0.128540566413327,TRUE,0.43162109052455,1.00099016303722,-0.0351237341086115,TRUE,0.705834489950606,1.00107266113351,-0.174012022846083,TRUE,0.615425409782464,1.00100469086775
554,"rand=1-1_rate=2_ROB=LH_Bias=No Bias","1-1",2,"LH","No Bias",0,0,0,0,0,0,0.000770939685669245,0.0256586898612373,-0.0497093166928575,TRUE,0.561253588725421,1.00106886788421,-0.0992695074473302,TRUE,0.379324535710348,1.00099780342844,-0.0844946158361528,TRUE,0.725941211856395,1.00106409631177,-0.104623520689805,TRUE,0.51065516355998,1.00099568046142
555,"rand=1-1_rate=2_ROB=LH_Bias=No Bias","1-1",2,"LH","No Bias",0,0,0,0,0,0,-0.00526397241797483,0.0430662081482086,0.0461944900609834,TRUE,0.494453917766588,1.00117682659962,0.0189113743214386,TRUE,0.333602691983324,1.00113949468591,0.0259670166213443,TRUE,0.552043940401261,1.00098872512008,0.012771579787665,TRUE,0.491859103291779,1.00100565610246
556,"rand=1-1_rate=2_ROB=LH_Bias=No Bias","1-1",2,"LH","No Bias",0,0,0,0,0,0,-0.00542868647857067,0.0275283450013364,0.0924406885339868,TRUE,0.5162442367644,1.00109927047421,0.090640120493103,TRUE,0.343471698820818,1.00098636747243,0.0253998210314914,TRUE,0.639267872622082,1.00109525441502,0.116864432685895,TRUE,0.462277440080239,1.00100943079803
557,"rand=1-1_rate=2_ROB=LH_Bias=No Bias","1-1",2,"LH","No Bias",0,0,0,0,0,0,0.00274968533425452,0.0315122594136442,0.0966903960912633,TRUE,0.418325962022954,1.0009992453828,0.0473707043990209,TRUE,0.260670707981318,1.00098660306141,0.00212521912653263,TRUE,0.649733070552289,1.00107766164853,0.0592801652537702,TRUE,0.316706600496293,1.00106939559893
558,"rand=1-1_rate=2_ROB=LH_Bias=No Bias","1-1",2,"LH","No Bias",0,0,0,0,0,0,0.0163837912432425,0.0262263954890643,-0.0585044377045216,TRUE,0.632223734088204,1.001087374654,-0.131259880861372,TRUE,0.441837542691406,1.00114023243986,0.0335030402627107,TRUE,0.609041370543251,1.00109760209686,-0.217550087907289,TRUE,0.672329034861139,1.00103879767487
559,"rand=1-1_rate=2_ROB=LH_Bias=No Bias","1-1",2,"LH","No Bias",0,0,0,0,0,0,-0.0011978241098549,0.0314642335175642,-0.110567782704398,TRUE,0.51424635301993,1.00099347722388,-0.116899414636304,TRUE,0.29789282836491,1.0009902532207,-0.0231512359860173,TRUE,0.607533102085051,1.00136748565092,-0.147867295890673,TRUE,0.378546378386807,1.00098817086216
560,"rand=1-1_rate=2_ROB=LH_Bias=No Bias","1-1",2,"LH","No Bias",0,0,0,0,0,0,-0.00812815009856356,0.037824532984531,-0.0827837660261332,TRUE,0.503427093794964,1.00099533070515,-0.0273407793135447,TRUE,0.281558772770309,1.00101055931061,-0.0582729191449289,TRUE,0.581063393691893,1.00157829079195,-0.0194017254397469,TRUE,0.372458037344553,1.00099547109135
561,"rand=1-1_rate=2_ROB=LH_Bias=No Bias","1-1",2,"LH","No Bias",0,0,0,0,0,0,-0.00343859616246164,0.0334281855449383,-0.0956080780821404,TRUE,0.696336735519228,1.00098599987787,-0.0588896468134479,TRUE,0.450883974091347,1.00099804056711,-0.025001100331915,TRUE,0.789979482788638,1.00099328244704,-0.0769500175769235,TRUE,0.647129071611402,1.00098615862737
562,"rand=1-1_rate=2_ROB=LH_Bias=No Bias","1-1",2,"LH","No Bias",0,0,0,0,0,0,0.0114534028829734,0.0419210547314757,0.0428680519633582,TRUE,0.463668766118855,1.00098599131126,0.0269375862172085,TRUE,0.263473851363313,1.00103017736076,0.0312392936725971,TRUE,0.688836571563935,1.00105481233681,0.0239480071388689,TRUE,0.310311547462958,1.0009960173929
563,"rand=1-1_rate=2_ROB=LH_Bias=No Bias","1-1",2,"LH","No Bias",0,0,0,0,0,0,-0.00899441878177523,0.0357296160441016,-0.159845820505384,TRUE,0.674391787860645,1.00100228856534,-0.0682042048341751,TRUE,0.386761895239091,1.00108655327004,-0.308160111486407,TRUE,0.868859636244653,1.00103263336958,0.0159946174621842,TRUE,0.441068667991082,1.0010292708945
564,"rand=1-1_rate=2_ROB=LH_Bias=No Bias","1-1",2,"LH","No Bias",0,0,0,0,0,0,-0.00452405210132462,0.037215556452921,0.00104725646005044,TRUE,0.463784715088128,1.0009940762676,0.0403937476431113,TRUE,0.269495622253298,1.0009890604535,0.0165462563073565,TRUE,0.588974758107813,1.00108997340798,0.0483838385976336,TRUE,0.345480204560028,1.00099206607416
565,"rand=1-1_rate=2_ROB=LH_Bias=No Bias","1-1",2,"LH","No Bias",0,0,0,0,0,0,0.00133425204611532,0.0299396705152687,-0.104468335190248,TRUE,0.480748041453731,1.00099050879691,-0.0111409817407733,TRUE,0.257522461899998,1.00102115571738,-0.246134412297674,TRUE,0.655960123416491,1.00099229193104,0.0404871100529366,TRUE,0.303728018833683,1.0009959902008
566,"rand=1-1_rate=2_ROB=LH_Bias=No Bias","1-1",2,"LH","No Bias",0,0,0,0,0,0,0.0100995795847376,0.0390749182237937,0.116288097721285,TRUE,0.488123252289771,1.00106412502801,0.0874825581384959,TRUE,0.322939550762292,1.00098644054792,-0.0865202101389495,TRUE,0.628946002362591,1.0009859906564,0.150614207103147,TRUE,0.419240996931243,1.00105410359535
567,"rand=1-1_rate=2_ROB=LH_Bias=No Bias","1-1",2,"LH","No Bias",0,0,0,0,0,0,0.00215126916300693,0.0286156204823379,0.081174712210768,TRUE,0.428890452593036,1.0010351340283,0.0516141132999092,TRUE,0.237938784447587,1.00103390916951,-0.0166896232932723,TRUE,0.814674338021826,1.00105902833212,0.0620323175979028,TRUE,0.254844073898925,1.00098620465686
568,"rand=1-1_rate=2_ROB=LH_Bias=No Bias","1-1",2,"LH","No Bias",0,0,0,0,0,0,0.00270330817293455,0.0349227196340148,-0.00823037994603015,TRUE,0.504645232107879,1.00098717896252,0.00903851018533741,TRUE,0.289004368872301,1.00099133675043,0.0487797982651673,TRUE,0.600061982772891,1.00105209478981,-0.00333728255371213,TRUE,0.373507861951825,1.00098836466493
569,"rand=1-1_rate=2_ROB=LH_Bias=No Bias","1-1",2,"LH","No Bias",0,0,0,0,0,0,0.00665444564054202,0.0257531599140084,0.0458734090790039,TRUE,0.535431434885292,1.00099215948752,0.0303492150042204,TRUE,0.354636069081334,1.00101366529142,0.0606387844346178,TRUE,0.623036331868624,1.00123505606977,0.0162619085206497,TRUE,0.492513060055339,1.0009984906661
570,"rand=1-1_rate=2_ROB=LH_Bias=No Bias","1-1",2,"LH","No Bias",0,0,0,0,0,0,-0.00868903123657593,0.0335041292235079,-0.0926608217583429,TRUE,0.677481433697149,1.00113145907099,-0.129797755155622,TRUE,0.480196692708272,1.00111863024354,0.0575326412043157,TRUE,0.579399472358656,1.00122065782692,-0.238570538386455,TRUE,0.767791556745338,1.00099557593846
571,"rand=1-1_rate=2_ROB=LH_Bias=No Bias","1-1",2,"LH","No Bias",0,0,0,0,0,0,0.0107963277495497,0.0305292585188318,-0.150807111794925,TRUE,0.657986329506665,1.00098887454971,-0.102325337282825,TRUE,0.406941043988132,1.0010072807051,-0.345074030917269,TRUE,0.961757450237234,1.00098778013227,-0.0194843973403396,TRUE,0.46425596902552,1.00102523216556
572,"rand=1-1_rate=2_ROB=LH_Bias=No Bias","1-1",2,"LH","No Bias",0,0,0,0,0,0,0.00446906183381455,0.0303396466801381,-0.0447502496564343,TRUE,0.537405696947813,1.00115824794304,0.0202118883098628,TRUE,0.301013406856209,1.00099088952211,-0.024326633032538,TRUE,0.65452774337951,1.00112949631096,0.0358933946404673,TRUE,0.384025691475664,1.00098760325035
573,"rand=1-1_rate=2_ROB=LH_Bias=No Bias","1-1",2,"LH","No Bias",0,0,0,0,0,0,0.0149550817107554,0.0430828158913254,0.0153679248580887,TRUE,0.546676868700912,1.00098599914211,0.0389883660005913,TRUE,0.332106784772059,1.00102274627006,-0.120158192149563,TRUE,0.940037330069637,1.00099002142407,0.0911141889510575,TRUE,0.349923382688663,1.00098802264607
574,"rand=1-1_rate=2_ROB=LH_Bias=No Bias","1-1",2,"LH","No Bias",0,0,0,0,0,0,0.00419845477219684,0.036040756549865,-0.0243823802695515,TRUE,0.622755255060113,1.00110032040607,0.0141898634617694,TRUE,0.37776347178937,1.00098599045928,0.152481451278738,TRUE,0.783144098935009,1.00099058351516,-0.0461565838972313,TRUE,0.471794375727674,1.00105738872226
575,"rand=1-1_rate=2_ROB=LH_Bias=No Bias","1-1",2,"LH","No Bias",0,0,0,0,0,0,-0.0176123410342984,0.0330633153346684,0.0937512447706768,TRUE,0.435862103069533,1.00102042315879,-0.0144563212295152,TRUE,0.299855839790005,1.00101895904977,0.0707274201562158,TRUE,0.516856169644755,1.0018950565473,-0.0438020758063233,TRUE,0.416024866259368,1.00106790732712
576,"rand=1-1_rate=2_ROB=LH_Bias=No Bias","1-1",2,"LH","No Bias",0,0,0,0,0,0,0.00638381803016864,0.0218724036796727,-0.0257531641138522,TRUE,0.520075672851263,1.00103751861906,-0.0377484992712953,TRUE,0.324585921317043,1.00105156821488,0.110155288767294,TRUE,0.490201857087464,1.00153844711428,-0.0969775765737835,TRUE,0.47127456375442,1.00098683836318
577,"rand=1-1_rate=2_ROB=LH_Bias=No Bias","1-1",2,"LH","No Bias",0,0,0,0,0,0,-0.0105279790348234,0.0354230821191656,0.142303905726898,TRUE,0.490298576376436,1.00142265257972,0.0786413476841481,TRUE,0.360138611777326,1.00099741712011,-0.0086728984977964,TRUE,0.58942165909298,1.00101553181571,0.118349235886727,TRUE,0.513460453451902,1.00100435307735
578,"rand=1-1_rate=2_ROB=LH_Bias=No Bias","1-1",2,"LH","No Bias",0,0,0,0,0,0,-0.00851762505596716,0.0368458427010942,0.043588535223316,TRUE,0.510174956841778,1.00108545882321,0.112117532253287,TRUE,0.310084567698733,1.00100181061294,-0.043983995395469,TRUE,0.607024357784206,1.00110482260545,0.166108678166615,TRUE,0.39826074042433,1.00098621914015
579,"rand=1-1_rate=2_ROB=LH_Bias=No Bias","1-1",2,"LH","No Bias",0,0,0,0,0,0,-0.00202027143335093,0.032747817828893,-0.0847023865310199,TRUE,0.614378934856257,1.00099511418416,-0.018270026033669,TRUE,0.373949892791289,1.00104472500855,-0.290974106746561,TRUE,0.819200855095201,1.00111497152309,0.0753471189422403,TRUE,0.426438411774272,1.001066544693
580,"rand=1-1_rate=2_ROB=LH_Bias=No Bias","1-1",2,"LH","No Bias",0,0,0,0,0,0,-0.0105652063589355,0.0252119607373143,0.149735421457166,TRUE,0.376101062131214,1.001048536566,0.0475411399754975,TRUE,0.257484104119538,1.00098601709576,0.102008226402794,TRUE,0.545254080666427,1.00102889059811,0.0304354347756988,TRUE,0.326189901117729,1.00098846058949
581,"rand=1-1_rate=2_ROB=LH_Bias=No Bias","1-1",2,"LH","No Bias",0,0,0,0,0,0,0.0133024063469119,0.0303417414850123,0.0147877079475679,TRUE,0.518669199786009,1.00112149217985,-0.0333160037409364,TRUE,0.35000809681897,1.00098808651018,-0.0774549384087777,TRUE,0.640985852632656,1.00103947573158,-0.013887342616383,TRUE,0.479406243359018,1.00104207067387
582,"rand=1-1_rate=2_ROB=LH_Bias=No Bias","1-1",2,"LH","No Bias",0,0,0,0,0,0,-0.00208620910832432,0.0287928610797255,0.176833106148737,TRUE,0.447148126244639,1.00107816529584,0.119897158025041,TRUE,0.339664655092875,1.00098749053045,0.193578488491103,TRUE,0.4175575713684,1.00150522254456,0.0825338734928055,TRUE,0.575925807275022,1.00098915164438
583,"rand=1-1_rate=2_ROB=LH_Bias=No Bias","1-1",2,"LH","No Bias",0,0,0,0,0,0,0.00983129429474522,0.0296143334477244,-0.153776889645304,TRUE,0.57093241352857,1.00098610940318,-0.132448465153341,TRUE,0.336796207966733,1.00098642059215,-0.109403007504454,TRUE,0.72744978919185,1.00150301251125,-0.138347992801654,TRUE,0.422977857977815,1.00100883665316
584,"rand=1-1_rate=2_ROB=LH_Bias=No Bias","1-1",2,"LH","No Bias",0,0,0,0,0,0,-0.013529571746892,0.030694443322731,-0.194238573591838,TRUE,0.70667330653213,1.00111486789926,-0.140414459896604,TRUE,0.440579952846463,1.00106446286711,0.0178879427174072,TRUE,0.675662141430579,1.00114380191768,-0.212843086004653,TRUE,0.619495415398585,1.00100371752596
585,"rand=1-1_rate=2_ROB=LH_Bias=No Bias","1-1",2,"LH","No Bias",0,0,0,0,0,0,0.000951684024683903,0.028911843511067,-0.225870841196445,TRUE,0.706604715583098,1.00108833270275,-0.187694724817164,TRUE,0.444633481164544,1.00098645217001,-0.114890585925526,TRUE,0.779253877191229,1.00147598126599,-0.223668620789508,TRUE,0.622462993866736,1.00102517494188
586,"rand=1-1_rate=2_ROB=LH_Bias=No Bias","1-1",2,"LH","No Bias",0,0,0,0,0,0,-0.00747347272283063,0.0239433647745701,0.0370333346752401,TRUE,0.55414351724873,1.00100284219447,0.0761475777335839,TRUE,0.341198065097027,1.00099148268287,0.150795905486543,TRUE,0.57506888796604,1.00098710558642,0.0427384138010424,TRUE,0.470560119028549,1.00101317273521
587,"rand=1-1_rate=2_ROB=LH_Bias=No Bias","1-1",2,"LH","No Bias",0,0,0,0,0,0,0.00188108812679338,0.0304298778423461,-0.061064788019366,TRUE,0.527390014092434,1.00105011678536,-0.0181372395642438,TRUE,0.312110244060305,1.00102875723406,-0.142362692965761,TRUE,0.663860176627684,1.00144691907118,0.0221793495396801,TRUE,0.40855182213806,1.00099010451948
588,"rand=1-1_rate=2_ROB=LH_Bias=No Bias","1-1",2,"LH","No Bias",0,0,0,0,0,0,-0.0208690742641852,0.0436232107652376,0.0807825448134502,TRUE,0.546648250085103,1.00106924726004,0.00688734616745068,TRUE,0.408399858295456,1.00098892606217,0.109318640880764,TRUE,0.546438554046347,1.00113805774443,-0.0491882250574514,TRUE,0.639705486581119,1.00099481606604
589,"rand=1-1_rate=2_ROB=LH_Bias=No Bias","1-1",2,"LH","No Bias",0,0,0,0,0,0,0.00110824342576564,0.0320634954236971,-0.0399157420094078,TRUE,0.564977393955881,1.00098912012223,-0.00137298595153679,TRUE,0.369008282845704,1.00098609593885,-0.140998077777734,TRUE,0.616640311821099,1.00098611996625,0.0587648235872696,TRUE,0.52517643902569,1.00100899563033
590,"rand=1-1_rate=2_ROB=LH_Bias=No Bias","1-1",2,"LH","No Bias",0,0,0,0,0,0,0.00636486351227535,0.0263271845513187,-0.154536655013805,TRUE,0.538522239978928,1.00101303038957,-0.189990497898562,FALSE,0.307764648991862,1.0010001732813,0.071816322205135,TRUE,0.545055959797564,1.00118580568036,-0.259984092030613,FALSE,0.375243187735155,1.00101225236753
591,"rand=1-1_rate=2_ROB=LH_Bias=No Bias","1-1",2,"LH","No Bias",0,0,0,0,0,0,0.00933672489076393,0.032364072131665,-0.150783665655313,TRUE,0.548924312503002,1.00120222386199,-0.072222972713198,TRUE,0.332201886012935,1.00100399832453,-0.169962378558921,TRUE,0.656569968736598,1.00101424597119,-0.039187137444344,TRUE,0.438490977737438,1.00099026059454
592,"rand=1-1_rate=2_ROB=LH_Bias=No Bias","1-1",2,"LH","No Bias",0,0,0,0,0,0,-0.0142065236855487,0.0341551629185245,0.169599069875223,TRUE,0.44840540108796,1.0011641330919,0.105102310841281,TRUE,0.321861392523786,1.00098683979696,0.204713632848852,TRUE,0.597138565714076,1.00100114203662,0.0613015575873349,TRUE,0.428325380827566,1.00103056371061
593,"rand=1-1_rate=2_ROB=LH_Bias=No Bias","1-1",2,"LH","No Bias",0,0,0,0,0,0,0.00809777028592229,0.0359302694242953,-0.0363292462807143,TRUE,0.522264686933316,1.00104226802747,0.0215208015627113,TRUE,0.311086535538183,1.00098599023521,-0.0990491683034702,TRUE,0.729876547375832,1.00101134323304,0.0610963830512851,TRUE,0.367816030115386,1.00099830532492
594,"rand=1-1_rate=2_ROB=LH_Bias=No Bias","1-1",2,"LH","No Bias",0,0,0,0,0,0,0.0152492788003202,0.030348410114334,-0.0731305692125133,TRUE,0.576210636989897,1.00105602627565,-0.129433694246236,TRUE,0.386047199630494,1.00098705214529,-0.0793862636763758,TRUE,0.823549206847791,1.00105842635248,-0.146678800073758,TRUE,0.47567814736828,1.0009867967018
595,"rand=1-1_rate=2_ROB=LH_Bias=No Bias","1-1",2,"LH","No Bias",0,0,0,0,0,0,0.0110844788374943,0.0202196661436361,-0.0539419759129967,TRUE,0.536493647774187,1.00103052042608,-0.00949047674098247,TRUE,0.311483645039295,1.00104868300831,0.0512051712415216,TRUE,0.563024903805052,1.00100716152193,-0.0298523276548319,TRUE,0.425511106749717,1.00100632832132
596,"rand=1-1_rate=2_ROB=LH_Bias=No Bias","1-1",2,"LH","No Bias",0,0,0,0,0,0,0.000701190085750232,0.0348359059764349,0.0122090941896955,TRUE,0.534352675008549,1.00100462650783,0.0170067792980886,TRUE,0.326637008725028,1.00100894447955,0.108347590103376,TRUE,0.6468263700701,1.00109973052884,-0.022687556080361,TRUE,0.419558750351784,1.00099272531975
597,"rand=1-1_rate=2_ROB=LH_Bias=No Bias","1-1",2,"LH","No Bias",0,0,0,0,0,0,-0.0039679193343673,0.0340643292486097,0.0103377393893331,TRUE,0.520290542668845,1.00099288709078,0.0361742598421367,TRUE,0.31992044967611,1.00102847761786,0.0237631800739529,TRUE,0.532361112599217,1.00099268545503,0.04031703459269,TRUE,0.470364961475609,1.00098640071573
598,"rand=1-1_rate=2_ROB=LH_Bias=No Bias","1-1",2,"LH","No Bias",0,0,0,0,0,0,0.0120974391087405,0.0449157890463569,0.142157823201415,TRUE,0.427145942236351,1.00099512005624,0.112998144222939,TRUE,0.276396106580313,1.00098647582687,0.00859147673471761,TRUE,0.611317655243939,1.00098728007337,0.1468155566897,TRUE,0.338522459837315,1.00105546884205
599,"rand=1-1_rate=2_ROB=LH_Bias=No Bias","1-1",2,"LH","No Bias",0,0,0,0,0,0,-0.00180005850346817,0.0334976820510608,-0.10680906450991,TRUE,0.59054650548255,1.00110987995538,-0.0256393996328095,TRUE,0.380949077324397,1.00100248838842,-0.133758261971726,TRUE,0.669473233512871,1.00120069268796,0.0171097801802661,TRUE,0.534566074195448,1.0009864663617
600,"rand=1-1_rate=2_ROB=LH_Bias=No Bias","1-1",2,"LH","No Bias",0,0,0,0,0,0,-0.00766478986195711,0.0300046846874003,-0.0710186587983634,TRUE,0.665613766202572,1.00098606136169,0.0665121218813934,TRUE,0.419554288063219,1.0010656607759,0.0569283277508669,TRUE,0.73750761896168,1.00100597183612,0.0740649039856621,TRUE,0.589489874685005,1.00102834394898
601,"rand=1-1_rate=2_ROB=LH_Bias=No Bias","1-1",2,"LH","No Bias",0,0,0,0,0,0,-0.0126727188580055,0.0378351109622842,0.0695614536680604,TRUE,0.655598877473908,1.00100296246641,0.0410920339456619,TRUE,0.463895899103998,1.00100427515796,-0.213299429170719,TRUE,1.10422990612304,1.00101127009346,0.15190516589068,TRUE,0.518235419526358,1.00107176050629
602,"rand=1-1_rate=2_ROB=LH_Bias=No Bias","1-1",2,"LH","No Bias",0,0,0,0,0,0,0.00526710614452265,0.02776884056316,-0.048653140929757,TRUE,0.588762787899354,1.00098653096208,-0.0285205052954438,TRUE,0.363427417912908,1.00113750666191,-0.0557998395066159,TRUE,0.712261754447196,1.00112220342565,-0.0186175421204731,TRUE,0.489851975547998,1.00100711853962
603,"rand=1-1_rate=2_ROB=LH_Bias=No Bias","1-1",2,"LH","No Bias",0,0,0,0,0,0,-0.0054027046329479,0.0246492156497258,0.026820735659387,TRUE,0.516482707978079,1.00147100969012,0.0712641958906606,TRUE,0.3165516663745,1.00098808739731,-0.0591283533763789,TRUE,0.654571822129,1.00103439139595,0.122513716240208,TRUE,0.401280599664962,1.00098725770533
604,"rand=1-1_rate=2_ROB=LH_Bias=No Bias","1-1",2,"LH","No Bias",0,0,0,0,0,0,0.0073410548027418,0.0283954372677917,-0.0893611541729729,TRUE,0.576559035368511,1.00117148511747,-0.109934932121489,TRUE,0.362377443432319,1.0010010379556,0.00987865077863193,TRUE,0.673938023260179,1.00101774944842,-0.157817595218106,TRUE,0.474352713646247,1.00099127599884
605,"rand=1-1_rate=2_ROB=LH_Bias=No Bias","1-1",2,"LH","No Bias",0,0,0,0,0,0,0.0117522630508516,0.0345358043176763,0.0405038426285746,TRUE,0.559593118901198,1.00104497784723,0.00880505393317499,TRUE,0.391059089170147,1.00099589954077,0.0488211441390664,TRUE,0.623351982677256,1.00098720371841,-0.0081770541563293,TRUE,0.576228753540131,1.00102609072488
606,"rand=1-1_rate=2_ROB=LH_Bias=No Bias","1-1",2,"LH","No Bias",0,0,0,0,0,0,-0.0017180338062556,0.0348162455775462,-0.103060772414931,TRUE,0.510617475702645,1.00099143301713,-0.00796465898408361,TRUE,0.28348244709548,1.00100093875185,0.00569418222803286,TRUE,0.615391680383204,1.00237786618699,-0.011854697406978,TRUE,0.353407304447405,1.00104421466266
607,"rand=1-1_rate=2_ROB=LH_Bias=No Bias","1-1",2,"LH","No Bias",0,0,0,0,0,0,-0.00255556224578791,0.0395288432335453,-0.0773468732167306,TRUE,0.563223776852238,1.00099324071833,-0.036838905862812,TRUE,0.349753775351416,1.00114740744377,-0.168486348836725,TRUE,0.785669804535013,1.00099913583544,0.0114236375993979,TRUE,0.423730753256773,1.00098981459306
608,"rand=1-1_rate=2_ROB=LH_Bias=No Bias","1-1",2,"LH","No Bias",0,0,0,0,0,0,0.00560289171228493,0.0380639147885609,0.204369897835615,TRUE,0.459048245123072,1.00109613608758,0.159904894777978,TRUE,0.323321752252363,1.00100551903711,0.290793429620967,TRUE,0.505071055813949,1.0011303236748,0.0939051285458485,TRUE,0.455908967407583,1.00102915678041
609,"rand=1-1_rate=2_ROB=LH_Bias=No Bias","1-1",2,"LH","No Bias",0,0,0,0,0,0,-0.00552246938168681,0.0302593884339613,0.0394967644321336,TRUE,0.511134179289966,1.00126496724157,-0.0250791869595404,TRUE,0.343767472120562,1.00104401944412,-0.0860230094868144,TRUE,0.644681719894979,1.00124316567855,0.000317543754936089,TRUE,0.471020356359443,1.00098599814246
610,"rand=1-1_rate=2_ROB=LH_Bias=No Bias","1-1",2,"LH","No Bias",0,0,0,0,0,0,0.00786714939719081,0.0308256151181951,-0.0621153872699358,TRUE,0.660939008262134,1.00103990092121,-0.072114515880739,TRUE,0.426702113152929,1.00099566808777,-0.0999476163322401,TRUE,0.959667419124556,1.00099511292108,-0.058553067524689,TRUE,0.522378046844142,1.00100372219929
611,"rand=1-1_rate=2_ROB=LH_Bias=No Bias","1-1",2,"LH","No Bias",0,0,0,0,0,0,0.00829445040589656,0.0351045591520824,-0.0509590462078189,TRUE,0.56058685403255,1.0010207627605,-0.0273459699955618,TRUE,0.343326394928745,1.00098602083576,0.0462234225067433,TRUE,0.648676988113963,1.00098655270586,-0.0589088390444872,TRUE,0.45792254316739,1.00105423764359
612,"rand=1-1_rate=2_ROB=LH_Bias=No Bias","1-1",2,"LH","No Bias",0,0,0,0,0,0,0.00914509292537403,0.024602905931671,-0.203205009963871,TRUE,0.524879870560489,1.00102703830855,-0.200517805953075,FALSE,0.275161773032565,1.0009907951204,-0.153194937306308,TRUE,0.667055294226512,1.00099177836352,-0.209422244487024,FALSE,0.340524214476399,1.00102171038617
613,"rand=1-1_rate=2_ROB=LH_Bias=No Bias","1-1",2,"LH","No Bias",0,0,0,0,0,0,0.00169271066967711,0.031832880293678,0.0323043520159885,TRUE,0.546441411813564,1.00128586323368,0.0454511429909001,TRUE,0.376196850083652,1.00100469481276,-0.0326073144402275,TRUE,0.607880491928854,1.00138489469965,0.080749957918806,TRUE,0.538845052576033,1.00098803006365
614,"rand=1-1_rate=2_ROB=LH_Bias=No Bias","1-1",2,"LH","No Bias",0,0,0,0,0,0,-0.0100513041832597,0.0335889317993885,0.0428424261110988,TRUE,0.436513166447872,1.00111721928153,-0.0150234089997785,TRUE,0.254150902352617,1.00099736581766,0.125112860776918,TRUE,0.507349670463014,1.00257363020885,-0.0512100662300969,TRUE,0.318405419831341,1.0009886078803
615,"rand=1-1_rate=2_ROB=LH_Bias=No Bias","1-1",2,"LH","No Bias",0,0,0,0,0,0,0.00511271313591767,0.0289773146900735,-0.0478761085107324,TRUE,0.547911402889232,1.0009864588732,-0.0923103853492431,TRUE,0.37560045077479,1.00102802174656,-0.0720129193590067,TRUE,0.611267866983306,1.00145414013944,-0.101930955495413,TRUE,0.540447414710913,1.00100462841134
616,"rand=1-1_rate=2_ROB=LH_Bias=No Bias","1-1",2,"LH","No Bias",0,0,0,0,0,0,0.00264684947813615,0.0414244032272597,-0.0489174487018706,TRUE,0.695605131017907,1.0011760703225,-0.020624453256425,TRUE,0.468730999222655,1.00100552645328,0.0171233779835264,TRUE,0.808481581758921,1.00099699631084,-0.0407122518265171,TRUE,0.670732595558048,1.00100786268866
617,"rand=1-1_rate=2_ROB=LH_Bias=No Bias","1-1",2,"LH","No Bias",0,0,0,0,0,0,-0.00546800945627041,0.0282868375453875,-0.0121812471757594,TRUE,0.495317392722815,1.00098623307567,0.0350458719806381,TRUE,0.288285780128486,1.00102216429715,-0.124471828652143,TRUE,0.725820772100043,1.00101993800804,0.0805782437662866,TRUE,0.324546343297081,1.00098623885214
618,"rand=1-1_rate=2_ROB=LH_Bias=No Bias","1-1",2,"LH","No Bias",0,0,0,0,0,0,-0.000840656821308522,0.0375678728776748,-0.033898798808935,TRUE,0.5911164622828,1.00099779425061,-0.0308595114047947,TRUE,0.400103803605316,1.00099953255558,0.0686516558624237,TRUE,0.56340820042765,1.00102294485286,-0.0807152569382914,TRUE,0.6013033499862,1.00100543745097
619,"rand=1-1_rate=2_ROB=LH_Bias=No Bias","1-1",2,"LH","No Bias",0,0,0,0,0,0,0.00534562277125538,0.0293645619248444,-0.0845066467713971,TRUE,0.52806116767655,1.00106073773901,-0.00855484736306766,TRUE,0.262911510270173,1.00102247341879,0.00369324157839579,TRUE,0.739610906960224,1.00098807870053,-0.00767258360478706,TRUE,0.294365248384362,1.00102795343968
620,"rand=1-1_rate=2_ROB=LH_Bias=No Bias","1-1",2,"LH","No Bias",0,0,0,0,0,0,-0.0029388222107576,0.0267520493851643,-0.122316581555274,TRUE,0.62778854747479,1.00118401338441,-0.0706364105766795,TRUE,0.385087118726584,1.00098615276011,-0.283887272512198,TRUE,0.939640089420877,1.0010029666637,0.0113146987590291,TRUE,0.425870274106783,1.00102426407546
621,"rand=1-1_rate=2_ROB=LH_Bias=No Bias","1-1",2,"LH","No Bias",0,0,0,0,0,0,-0.0177082787713256,0.0354093838943937,-0.0157555893384502,TRUE,0.494538969728641,1.00129361618609,-0.0738859009985211,TRUE,0.302973542677377,1.00117793405122,0.118339218028576,TRUE,0.539760270189544,1.00118785428016,-0.133097986849452,TRUE,0.386508136380893,1.00099720355677
622,"rand=1-1_rate=2_ROB=LH_Bias=No Bias","1-1",2,"LH","No Bias",0,0,0,0,0,0,0.006919241559762,0.0396477432310508,0.0208205091296413,TRUE,0.528252385986909,1.00099852348992,-0.0577898885477028,TRUE,0.373278917731611,1.00100564274486,0.0832467330955616,TRUE,0.538678550128606,1.00110767307686,-0.123188116099535,TRUE,0.55624415618981,1.00098970487054
623,"rand=1-1_rate=2_ROB=LH_Bias=No Bias","1-1",2,"LH","No Bias",0,0,0,0,0,0,-0.0165600464606964,0.0431045909221599,-0.0100089409090918,TRUE,0.602460344292067,1.00099655395195,0.0479671092770837,TRUE,0.369132474732162,1.00098687268353,0.102140185987512,TRUE,0.727401734470903,1.00105911453029,0.0225261286266496,TRUE,0.483684779664235,1.00099234168957
624,"rand=1-1_rate=2_ROB=LH_Bias=No Bias","1-1",2,"LH","No Bias",0,0,0,0,0,0,0.00911589334485562,0.0252658499616728,0.245060201686404,FALSE,0.383970697251119,1.00188411045397,0.156449947625486,TRUE,0.29438107583752,1.0009991651025,0.119434349677875,TRUE,0.567893307917063,1.00143669178735,0.169253445530976,TRUE,0.396133184236806,1.0009903498228
625,"rand=1-1_rate=2_ROB=LH_Bias=No Bias","1-1",2,"LH","No Bias",0,0,0,0,0,0,0.0111920624096772,0.0240638648866431,0.20962730013989,TRUE,0.474500077808283,1.00105704948173,0.102272858855554,TRUE,0.34708793066618,1.00098893079091,0.210973558039062,TRUE,0.609957395395508,1.00098605588053,0.0491942169097013,TRUE,0.482587277333115,1.0010176276324
626,"rand=1-1_rate=2_ROB=LH_Bias=No Bias","1-1",2,"LH","No Bias",0,0,0,0,0,0,0.00245290212557757,0.033216607111674,-0.136314948915818,TRUE,0.566311230944995,1.00098758560956,-0.0404205233339632,TRUE,0.337390049116855,1.00101354478461,-0.292185347505506,TRUE,0.691478180133861,1.00153502520602,0.0415937354272428,TRUE,0.405139693014921,1.00099267148857
627,"rand=1-1_rate=2_ROB=LH_Bias=No Bias","1-1",2,"LH","No Bias",0,0,0,0,0,0,-0.00188565095280238,0.0374588275009956,-0.0837104428295123,TRUE,0.514477908655199,1.00115081610865,-0.0416771831024403,TRUE,0.295996505380129,1.00105339689866,-0.0501057416838402,TRUE,0.757678446063551,1.00098735915519,-0.0408448729725304,TRUE,0.349696794360916,1.00099118481171
628,"rand=1-1_rate=2_ROB=LH_Bias=No Bias","1-1",2,"LH","No Bias",0,0,0,0,0,0,0.00333963912978058,0.0290705782686515,0.0879741161670907,TRUE,0.506092630786437,1.00098599027856,0.0327332960348159,TRUE,0.351329373549474,1.00100438449094,0.0735603342147746,TRUE,0.582940748815874,1.00178371444061,0.0130506037282329,TRUE,0.508437587484924,1.00098728087439
629,"rand=1-1_rate=2_ROB=LH_Bias=No Bias","1-1",2,"LH","No Bias",0,0,0,0,0,0,-0.00931946519731636,0.0310973417433307,-0.149415408031268,TRUE,0.61454462185564,1.00098698637124,-0.127731073569442,TRUE,0.383464635713259,1.00104719838873,-0.14610551030259,TRUE,0.79213193204483,1.00098890733428,-0.119994804915885,TRUE,0.496898886073213,1.00098636334757
630,"rand=1-1_rate=2_ROB=LH_Bias=No Bias","1-1",2,"LH","No Bias",0,0,0,0,0,0,0.00172646908226062,0.0251406007398104,-0.0594174620988013,TRUE,0.518404149629213,1.00105090344006,-0.0236001684965381,TRUE,0.298704247520323,1.00098601765846,-0.148919649793062,TRUE,0.852788806647692,1.00098977580021,0.00946658692152891,TRUE,0.321496751422312,1.00100301798813
631,"rand=1-1_rate=2_ROB=LH_Bias=No Bias","1-1",2,"LH","No Bias",0,0,0,0,0,0,0.000809397715880085,0.0313173991548615,0.0580917352701515,TRUE,0.512464777608462,1.00103008209171,-0.0943888474978356,TRUE,0.458221640875711,1.00101536811473,0.0381120044576426,TRUE,0.610512747365983,1.00131602391387,-0.177662301938335,TRUE,0.741819905698845,1.00098686021598
632,"rand=1-1_rate=2_ROB=LH_Bias=No Bias","1-1",2,"LH","No Bias",0,0,0,0,0,0,0.012313972339285,0.0377530156421577,0.0598164952786284,TRUE,0.562185770045358,1.0009863979728,0.0593704862846021,TRUE,0.379984118659806,1.00098606749571,-0.0412908792775826,TRUE,0.694705417915164,1.00099658517196,0.0993137510099759,TRUE,0.510352136669491,1.00098867680323
633,"rand=1-1_rate=2_ROB=LH_Bias=No Bias","1-1",2,"LH","No Bias",0,0,0,0,0,0,-0.00878811998016885,0.0269920798812029,0.08617353642575,TRUE,0.471221487524105,1.00098645048642,-0.079911000189784,TRUE,0.386119190168321,1.00110140705998,0.102187616557293,TRUE,0.577563801033008,1.00109239365628,-0.157692296288917,TRUE,0.544950437668685,1.0010337594559
634,"rand=1-1_rate=2_ROB=LH_Bias=No Bias","1-1",2,"LH","No Bias",0,0,0,0,0,0,0.0134652371755735,0.0430345560416263,0.042026881399531,TRUE,0.533066915580588,1.00098705744816,0.0834855409678945,TRUE,0.339541792189864,1.00098937097417,0.209262520480834,TRUE,0.460304188802338,1.00109116747056,0.0260894158621037,TRUE,0.515825535063181,1.00100681415027
635,"rand=1-1_rate=2_ROB=LH_Bias=No Bias","1-1",2,"LH","No Bias",0,0,0,0,0,0,0.00804367654745102,0.0230787263669932,0.0395337242280202,TRUE,0.511287623286176,1.00099260712167,0.00729120039998432,TRUE,0.317202965640253,1.0010438965452,0.092045243175556,TRUE,0.726105027575254,1.00099352500854,-0.0239452295310272,TRUE,0.391286197984837,1.001006401294
636,"rand=1-1_rate=2_ROB=LH_Bias=No Bias","1-1",2,"LH","No Bias",0,0,0,0,0,0,0.0146691331036615,0.0369808735046284,0.162842621775498,TRUE,0.419682041325853,1.00101420764902,0.0965620220875749,TRUE,0.291982512270673,1.0010318967063,0.195071845614349,TRUE,0.476263054646504,1.00134224968855,0.0581846334653483,TRUE,0.413646542375409,1.00098936586648
637,"rand=1-1_rate=2_ROB=LH_Bias=No Bias","1-1",2,"LH","No Bias",0,0,0,0,0,0,-2.4082406565985e-05,0.031983920886221,0.0212812334539454,TRUE,0.44828229484992,1.00098604208782,-0.00122827129427883,TRUE,0.248971057288324,1.00100694304854,0.0622625049481204,TRUE,0.544488719576597,1.00098901495124,-0.0155402155557232,TRUE,0.316300230688354,1.00105604837047
638,"rand=1-1_rate=2_ROB=LH_Bias=No Bias","1-1",2,"LH","No Bias",0,0,0,0,0,0,0.00858174975614755,0.0358155714572748,-0.0163707173531678,TRUE,0.533799209089465,1.00098985629446,-0.0256366618728399,TRUE,0.331291280115393,1.00098681934502,-0.103516954506574,TRUE,0.669266979304095,1.00135742664296,-8.05437528901276e-05,TRUE,0.434865295559949,1.00101202366076
639,"rand=1-1_rate=2_ROB=LH_Bias=No Bias","1-1",2,"LH","No Bias",0,0,0,0,0,0,-0.00605088717574006,0.0277443749054341,0.0846804038223588,TRUE,0.516906449227978,1.00098599952783,0.126334761293215,TRUE,0.314572360101247,1.00099690764947,0.082601444605522,TRUE,0.660389556640499,1.00098650944985,0.145153599411901,TRUE,0.405209870752849,1.0010006319089
640,"rand=1-1_rate=2_ROB=LH_Bias=No Bias","1-1",2,"LH","No Bias",0,0,0,0,0,0,0.0109601003264357,0.0312336487456255,-0.00655905659714229,TRUE,0.426101053925168,1.0009875090286,-0.0739896804921887,TRUE,0.233571250495067,1.00101093323977,-0.169739798365361,TRUE,0.926952852830616,1.00120535301995,-0.0581814601249731,TRUE,0.244883227003654,1.00098600166297
641,"rand=1-1_rate=2_ROB=LH_Bias=No Bias","1-1",2,"LH","No Bias",0,0,0,0,0,0,-0.00636115895838535,0.0348160209850395,-0.0951546382458375,TRUE,0.646741193332112,1.00104306528031,-0.0570303630602669,TRUE,0.431684371279075,1.00098876846795,-0.154016537271897,TRUE,0.708542990139249,1.00122110545426,-0.00968448925412568,TRUE,0.616027353233682,1.00103018246817
642,"rand=1-1_rate=2_ROB=LH_Bias=No Bias","1-1",2,"LH","No Bias",0,0,0,0,0,0,0.00215427347925333,0.0368996374336275,-0.0206899092239936,TRUE,0.482249287732845,1.00109320089141,0.0644361993632842,TRUE,0.303444526325317,1.00102037741672,-0.200839554205323,TRUE,0.721637294439353,1.00098666128141,0.145927560412084,TRUE,0.336556970432502,1.00101709266674
643,"rand=1-1_rate=2_ROB=LH_Bias=No Bias","1-1",2,"LH","No Bias",0,0,0,0,0,0,-0.00554170643572476,0.0321432001230298,0.0973255149638845,TRUE,0.495003211749997,1.00099302472797,0.0898684962971781,TRUE,0.301824828725819,1.00101121558797,0.28698524652437,FALSE,0.40385264430517,1.00184445870932,0.00567665048812949,TRUE,0.439482133396407,1.00101976814115
644,"rand=1-1_rate=2_ROB=LH_Bias=No Bias","1-1",2,"LH","No Bias",0,0,0,0,0,0,-0.0116000298242495,0.0440185727508337,-0.131792666450562,TRUE,0.541761965192893,1.00098692157243,-0.0670520321027712,TRUE,0.309833944866547,1.00100942953078,-0.168399003912334,TRUE,0.688766777219028,1.00102641488219,-0.0395892471205332,TRUE,0.402992121522646,1.00102298214774
645,"rand=1-1_rate=2_ROB=LH_Bias=No Bias","1-1",2,"LH","No Bias",0,0,0,0,0,0,0.0138562450274061,0.031198402930986,0.0957369935605444,TRUE,0.372635638810639,1.00098757929206,0.0152112941797997,TRUE,0.251767889590641,1.00098608096605,0.0279811181584534,TRUE,0.68899397473462,1.00109970733235,0.0116756636998733,TRUE,0.293686171035259,1.00098888666285
646,"rand=1-1_rate=2_ROB=LH_Bias=No Bias","1-1",2,"LH","No Bias",0,0,0,0,0,0,0.00565493756137308,0.0339856058103373,-0.0237909194991475,TRUE,0.507821619743191,1.00099452777854,0.0315622200812183,TRUE,0.303935274849864,1.00099937349374,0.033707991590614,TRUE,0.542751709709834,1.00125090866277,0.0282014236023832,TRUE,0.419900231283908,1.00098823045585
647,"rand=1-1_rate=2_ROB=LH_Bias=No Bias","1-1",2,"LH","No Bias",0,0,0,0,0,0,0.00134964401903488,0.0374067640654451,-0.199250313136887,TRUE,0.701211271037221,1.00101674105592,-0.132728479064778,TRUE,0.447457146002421,1.00100702267102,-0.293350302333983,TRUE,0.852600756312427,1.00100691411302,-0.0623699505645503,TRUE,0.588294435515172,1.00098612876907
648,"rand=1-1_rate=2_ROB=LH_Bias=No Bias","1-1",2,"LH","No Bias",0,0,0,0,0,0,0.0225586858523283,0.0326476813386624,-0.115759249627917,TRUE,0.55225686452071,1.00105868891485,-0.0423783361036578,TRUE,0.330805276552572,1.00098741699767,-0.178869114263397,TRUE,0.859563927556614,1.0009861392329,-0.00095441405503327,TRUE,0.389624139394737,1.00098621435477
649,"rand=1-1_rate=2_ROB=LH_Bias=No Bias","1-1",2,"LH","No Bias",0,0,0,0,0,0,-0.00745950995261952,0.0294524026450007,0.0163152671520607,TRUE,0.535388195494914,1.00110047865144,0.00985076668342821,TRUE,0.353920886941158,1.00099108652335,-0.012446783589751,TRUE,0.613650127089549,1.00174616540763,0.01817831673237,TRUE,0.486879110572661,1.0009985710434
650,"rand=1-1_rate=2_ROB=LH_Bias=No Bias","1-1",2,"LH","No Bias",0,0,0,0,0,0,-0.00321001479403483,0.0242255180268534,0.0548656997079435,TRUE,0.467424653872934,1.00141681159049,0.0204195787221408,TRUE,0.285834270560359,1.00114937856863,0.0888751254566341,TRUE,0.622336870493503,1.00108002126268,8.72257971054058e-05,TRUE,0.361711374464729,1.00108438959319
651,"rand=1-1_rate=2_ROB=LH_Bias=No Bias","1-1",2,"LH","No Bias",0,0,0,0,0,0,0.0031242887829823,0.0218808670854129,-0.0312206621521316,TRUE,0.487286106522202,1.0010363187315,-0.0338100424476067,TRUE,0.280571651542372,1.00100735085753,0.0209604775625341,TRUE,0.573706084011502,1.00099702208336,-0.0444808348422998,TRUE,0.375514819717748,1.00098660147692
652,"rand=1-1_rate=2_ROB=LH_Bias=No Bias","1-1",2,"LH","No Bias",0,0,0,0,0,0,0.000286795045105045,0.0205999350449776,0.0741471722604127,TRUE,0.469985789508995,1.00101838740015,0.0151559723020549,TRUE,0.31974599225821,1.00101904752188,0.101779951601069,TRUE,0.584247134060293,1.00110205940772,-0.0186999469313665,TRUE,0.430495628037309,1.00100063807818
653,"rand=1-1_rate=2_ROB=LH_Bias=No Bias","1-1",2,"LH","No Bias",0,0,0,0,0,0,0.000255346923395548,0.0277173719846247,0.126281727042199,TRUE,0.449251745534385,1.00177668579726,0.0770201919648802,TRUE,0.311249583407173,1.00106071319013,0.151422490134914,TRUE,0.473783045539134,1.00098970963013,0.0484946433946073,TRUE,0.456791675325917,1.00099763836838
654,"rand=1-1_rate=2_ROB=LH_Bias=No Bias","1-1",2,"LH","No Bias",0,0,0,0,0,0,0.0104226105305881,0.0382662209037971,-0.067168157798466,TRUE,0.714841010400979,1.00098901949164,0.0151790173307049,TRUE,0.426816962813194,1.00098955899857,0.154393918473128,TRUE,0.700645024585447,1.00101463536455,-0.0665912043477002,TRUE,0.609522377611954,1.00099528822302
655,"rand=1-1_rate=2_ROB=LH_Bias=No Bias","1-1",2,"LH","No Bias",0,0,0,0,0,0,0.00857810439789503,0.042269121126396,0.127625706173614,TRUE,0.45941820450107,1.00106590793878,0.0631460299518329,TRUE,0.299040581770513,1.00098720678842,-0.0122754532150668,TRUE,0.765717265822006,1.00104986294667,0.085738056466193,TRUE,0.350375791387516,1.00100020910095
656,"rand=1-1_rate=2_ROB=LH_Bias=No Bias","1-1",2,"LH","No Bias",0,0,0,0,0,0,-0.00967180129885978,0.0223994955259795,-0.0798048802697429,TRUE,0.52365340719986,1.00153982561617,-0.00356815703289604,TRUE,0.310301217311081,1.00104533801357,0.145733754767243,TRUE,0.471756990772938,1.0016678506345,-0.0568171850751944,TRUE,0.436173730538056,1.00099154347279
657,"rand=1-1_rate=2_ROB=LH_Bias=No Bias","1-1",2,"LH","No Bias",0,0,0,0,0,0,0.025240314520933,0.0428210456708237,0.0601109601455642,TRUE,0.447678508440794,1.00099060544078,0.0878390922561648,TRUE,0.263356447577561,1.00098679981103,0.000609811648055958,TRUE,0.58650226391509,1.00138922567818,0.112047988715975,TRUE,0.32942914335292,1.00100979015365
658,"rand=1-1_rate=2_ROB=LH_Bias=No Bias","1-1",2,"LH","No Bias",0,0,0,0,0,0,-0.00816447178342566,0.0351531879195804,-0.0710591784945243,TRUE,0.491560045501779,1.00106909446605,-0.171724010244729,FALSE,0.34896976008614,1.00102275550298,-0.0943863007104699,TRUE,0.843067499446847,1.00108092964829,-0.197576784595173,FALSE,0.402634083722911,1.00104260282676
659,"rand=1-1_rate=2_ROB=LH_Bias=No Bias","1-1",2,"LH","No Bias",0,0,0,0,0,0,-0.0118463322538169,0.0338106258885421,0.01650106078838,TRUE,0.497527857913295,1.00100418444703,0.0175895990063347,TRUE,0.288537774957357,1.00099062492516,0.094688208475439,TRUE,0.570957222155738,1.00098613247119,-0.00731683340668954,TRUE,0.375460673960487,1.00099229414451
660,"rand=1-1_rate=2_ROB=LH_Bias=No Bias","1-1",2,"LH","No Bias",0,0,0,0,0,0,-0.00615080447542132,0.0259661054122677,0.190733054339411,TRUE,0.436339198289282,1.00102088796846,0.199680771652171,FALSE,0.279194485093651,1.00099159817779,0.213139569464241,TRUE,0.468285693670711,1.00099230622903,0.192460535330683,TRUE,0.401222633029582,1.00100112883311
661,"rand=1-1_rate=2_ROB=LH_Bias=No Bias","1-1",2,"LH","No Bias",0,0,0,0,0,0,0.00614851772019051,0.0416667609758142,0.0503043324564058,TRUE,0.556218455933968,1.00105033436599,0.0859217544475667,TRUE,0.347037832218231,1.00099305054998,-0.0688549441804336,TRUE,0.655488544906883,1.00100689500619,0.147649202166459,TRUE,0.452866558835224,1.00108064683832
662,"rand=1-1_rate=2_ROB=LH_Bias=No Bias","1-1",2,"LH","No Bias",0,0,0,0,0,0,0.00329713549365652,0.0421573940991481,-0.123457639932083,TRUE,0.622001176926551,1.00104202065721,-0.131210377901484,TRUE,0.407960811731907,1.00102699397966,-0.175894713883392,TRUE,0.843521784446761,1.00105036078145,-0.115482450422731,TRUE,0.520411379887425,1.00104707712757
663,"rand=1-1_rate=2_ROB=LH_Bias=No Bias","1-1",2,"LH","No Bias",0,0,0,0,0,0,-0.00345946526650703,0.0326234095961363,0.0147885911755644,TRUE,0.513579540989997,1.00143831635479,-0.0389083209332908,TRUE,0.353964956562732,1.0010153295664,-0.0563810989807183,TRUE,0.667579503948616,1.00104619467478,-0.0323216128763451,TRUE,0.480103040825,1.00102715726035
664,"rand=1-1_rate=2_ROB=LH_Bias=No Bias","1-1",2,"LH","No Bias",0,0,0,0,0,0,-0.0108428477835445,0.0384362620816386,0.0559517300500866,TRUE,0.54022976010928,1.00101684878055,0.0718899059390811,TRUE,0.345677519937536,1.00104276438562,0.119779486298102,TRUE,0.555163416423657,1.00135474710199,0.0485228516469971,TRUE,0.502345117527617,1.00101876618095
665,"rand=1-1_rate=2_ROB=LH_Bias=No Bias","1-1",2,"LH","No Bias",0,0,0,0,0,0,0.019704308105865,0.0336417979277667,0.0463809209219891,TRUE,0.517823831270077,1.00102020006724,-0.0192985993705188,TRUE,0.393586448453073,1.00100526921933,0.0323388174166546,TRUE,0.56298555796416,1.00098741322233,-0.0458325155244419,TRUE,0.609360131071482,1.00098831257686
666,"rand=1-1_rate=2_ROB=LH_Bias=No Bias","1-1",2,"LH","No Bias",0,0,0,0,0,0,9.89519449918091e-05,0.0288325232651878,0.00194024317607167,TRUE,0.480414126512553,1.0010942449967,-0.00437428787932648,TRUE,0.283586308837545,1.00104362226177,0.0175793715117987,TRUE,0.59190178866828,1.00101293956926,-0.0114579222143243,TRUE,0.369746202771481,1.00098673383486
667,"rand=1-1_rate=2_ROB=LH_Bias=No Bias","1-1",2,"LH","No Bias",0,0,0,0,0,0,-0.0167475394533381,0.0413820848042011,0.0815747416388988,TRUE,0.467329748379107,1.0009869653453,0.0750881842398603,TRUE,0.284255299181978,1.00100933408299,0.017077471462861,TRUE,0.724765837203386,1.00098871455013,0.0926878269110832,TRUE,0.332232688666538,1.00100085723336
668,"rand=1-1_rate=2_ROB=LH_Bias=No Bias","1-1",2,"LH","No Bias",0,0,0,0,0,0,0.000785473246937849,0.0232150740143199,0.341040411044179,FALSE,0.354502075503242,1.00099162508588,0.222583253516505,FALSE,0.308616499202419,1.00101675737382,0.296013491272107,TRUE,0.548118142499138,1.00120694699597,0.189705729132553,TRUE,0.427259616188404,1.00099508919004
669,"rand=1-1_rate=2_ROB=LH_Bias=No Bias","1-1",2,"LH","No Bias",0,0,0,0,0,0,-0.00408069001878298,0.0306451285736701,-0.0840680928641715,TRUE,0.575881732592905,1.00103787051178,-0.0708875391148738,TRUE,0.358365833875278,1.00102770837597,-0.00938916606010887,TRUE,0.616003016769915,1.00098663172627,-0.0929281521971326,TRUE,0.502724729718446,1.00102756089815
670,"rand=1-1_rate=2_ROB=LH_Bias=No Bias","1-1",2,"LH","No Bias",0,0,0,0,0,0,0.000773672108823002,0.0281394115086259,0.0334345793669667,TRUE,0.58069976970658,1.0010068462455,0.0896210989201049,TRUE,0.385726807921191,1.00098810265217,-0.0062546281271374,TRUE,0.670181127942394,1.00141712602357,0.12909063781653,TRUE,0.531646636265068,1.00098863356794
671,"rand=1-1_rate=2_ROB=LH_Bias=No Bias","1-1",2,"LH","No Bias",0,0,0,0,0,0,-0.0212541695803703,0.0325242829958491,-0.0171147027285483,TRUE,0.579504188921552,1.00189092687485,-0.0241284841295506,TRUE,0.400509675552683,1.00104308419363,0.0258032885638237,TRUE,0.512862418423409,1.00111234132096,-0.0523008321397753,TRUE,0.672802471816636,1.00102782109479
672,"rand=1-1_rate=2_ROB=LH_Bias=No Bias","1-1",2,"LH","No Bias",0,0,0,0,0,0,-0.0170399348413293,0.0382185279468989,0.0378950660286457,TRUE,0.52542859871692,1.0009911840337,0.051828120187993,TRUE,0.331826911383633,1.00105539672859,-0.154598926931109,TRUE,0.832211121998212,1.00099704020316,0.124664570185816,TRUE,0.369723199083517,1.00100873860421
673,"rand=1-1_rate=2_ROB=LH_Bias=No Bias","1-1",2,"LH","No Bias",0,0,0,0,0,0,0.022825778776205,0.0473352797631027,-0.00532454408498895,TRUE,0.543708629548257,1.00103865034892,0.0317682142579672,TRUE,0.339867171552196,1.00099062515576,0.0594783097281085,TRUE,0.70741910289413,1.00107225559376,0.0205330817445796,TRUE,0.449880990640132,1.0010372683162
674,"rand=1-1_rate=2_ROB=LH_Bias=No Bias","1-1",2,"LH","No Bias",0,0,0,0,0,0,-0.0126166613925627,0.0348213476064344,-0.0283727658797746,TRUE,0.538582779648554,1.0010041710252,0.0696922344697336,TRUE,0.30988934424184,1.00099184907643,-0.186458995118223,TRUE,0.719364883025167,1.00099844065733,0.149724239134185,TRUE,0.336484617012506,1.001005785529
675,"rand=1-1_rate=2_ROB=LH_Bias=No Bias","1-1",2,"LH","No Bias",0,0,0,0,0,0,0.00365287049278382,0.0300359102819826,0.0416064933273228,TRUE,0.477624800602445,1.0010210818469,0.0273658413588596,TRUE,0.285630426077018,1.00102364150312,0.0450152616484329,TRUE,0.584850813311522,1.0009903477113,0.0217079306301707,TRUE,0.369878164365464,1.00100370738411
676,"rand=1-1_rate=2_ROB=LH_Bias=No Bias","1-1",2,"LH","No Bias",0,0,0,0,0,0,0.00082575095936347,0.0297713490745675,-0.0642734577649424,TRUE,0.619280954932245,1.00106137827518,-0.0114847370272078,TRUE,0.355463830664009,1.00104653131529,0.263296246026455,TRUE,0.514001991056273,1.0013060164361,-0.136186463242925,TRUE,0.440708304141443,1.00100263099316
677,"rand=1-1_rate=2_ROB=LH_Bias=No Bias","1-1",2,"LH","No Bias",0,0,0,0,0,0,-0.00635771654034306,0.0306503643147863,0.0498859470704993,TRUE,0.495273259357624,1.00187239338538,0.0365837910009337,TRUE,0.322002457796144,1.000986000142,-0.0137720413205253,TRUE,0.570625253271633,1.00162333074965,0.050941800050723,TRUE,0.452476465312454,1.00098698224643
678,"rand=1-1_rate=2_ROB=LH_Bias=No Bias","1-1",2,"LH","No Bias",0,0,0,0,0,0,0.0119573303023419,0.023909722376128,-0.116785737970987,TRUE,0.58689767212774,1.00111248249359,-0.130390472219989,TRUE,0.38815607039154,1.00102500409584,-0.0995554855485001,TRUE,0.594573634053226,1.00190480414749,-0.144095166078056,TRUE,0.581033571088986,1.00098654140358
679,"rand=1-1_rate=2_ROB=LH_Bias=No Bias","1-1",2,"LH","No Bias",0,0,0,0,0,0,0.00084753768672968,0.0305989026973651,-0.0561982192540897,TRUE,0.504243511358947,1.00116397617846,-0.0451759701066883,TRUE,0.282353499576276,1.00098641733769,-0.154695127680484,TRUE,0.693343477622525,1.00099982015424,-0.020868568034675,TRUE,0.338889304850632,1.00099675096044
680,"rand=1-1_rate=2_ROB=LH_Bias=No Bias","1-1",2,"LH","No Bias",0,0,0,0,0,0,-0.00939277242776792,0.0374566129564602,0.0400762920312042,TRUE,0.496517082495456,1.00121739923207,0.0434120947762402,TRUE,0.298002137814208,1.00098603881182,-0.207892838730871,TRUE,0.786216796779418,1.00145624025991,0.108031622197713,TRUE,0.318510511643031,1.00108449658167
681,"rand=1-1_rate=2_ROB=LH_Bias=No Bias","1-1",2,"LH","No Bias",0,0,0,0,0,0,0.00330988069405462,0.0280470692255338,0.0404292699676915,TRUE,0.560432396440139,1.00100158725899,-0.0532606206643906,TRUE,0.413741691566033,1.00100416071051,-0.112961163095872,TRUE,0.734680032147061,1.00101884775627,-0.0263340617923704,TRUE,0.574048061887764,1.00099021619852
682,"rand=1-1_rate=2_ROB=LH_Bias=No Bias","1-1",2,"LH","No Bias",0,0,0,0,0,0,-0.00177182983152896,0.0330416736877341,0.00150100641216344,TRUE,0.525233424200284,1.0012539684191,-0.114905125460003,TRUE,0.382506940086318,1.00098907928518,-0.0238118285921241,TRUE,0.686648082427602,1.00098732793527,-0.154750375548695,TRUE,0.536054006231238,1.00101728134633
683,"rand=1-1_rate=2_ROB=LH_Bias=No Bias","1-1",2,"LH","No Bias",0,0,0,0,0,0,-0.00857530211227599,0.0249385267003977,-0.0726881491660019,TRUE,0.451953985625955,1.0011156248035,-0.104873603280554,TRUE,0.252615452289601,1.00100325448519,-0.249907497665793,TRUE,0.73537139042836,1.00124290435766,-0.0784581384881089,TRUE,0.279809807137333,1.00099909530675
684,"rand=1-1_rate=2_ROB=LH_Bias=No Bias","1-1",2,"LH","No Bias",0,0,0,0,0,0,0.00691752822498983,0.0354442660594093,0.0776327617025254,TRUE,0.504555382227194,1.00099412369305,0.124405035967542,TRUE,0.294003819886211,1.00100422534626,0.0368464048042725,TRUE,0.580220382162165,1.00111174340358,0.150826557361683,TRUE,0.392251299324539,1.00098614478138
685,"rand=1-1_rate=2_ROB=LH_Bias=No Bias","1-1",2,"LH","No Bias",0,0,0,0,0,0,-0.00300380289063081,0.0465321578486485,0.108889880965006,TRUE,0.414747940917898,1.00099340445263,0.142072655195672,FALSE,0.235542046432307,1.0009891718762,0.0955217195667962,TRUE,0.571239627671505,1.00121213203744,0.155525108847108,FALSE,0.286761284569572,1.00101013622725
686,"rand=1-1_rate=2_ROB=LH_Bias=No Bias","1-1",2,"LH","No Bias",0,0,0,0,0,0,0.0134703769495355,0.0619143578146779,-0.0441156592226695,TRUE,0.531908309202316,1.00099307970307,-0.108460086642247,TRUE,0.344672353713894,1.00098991828674,0.00802102027498586,TRUE,0.656429875403313,1.00099742088723,-0.150182636104181,TRUE,0.457322008692977,1.00098648397122
687,"rand=1-1_rate=2_ROB=LH_Bias=No Bias","1-1",2,"LH","No Bias",0,0,0,0,0,0,-0.000902322952287522,0.0251360464864325,0.170034382400805,TRUE,0.453768746887124,1.00107573613147,0.0417819583741625,TRUE,0.390741186769998,1.00101424204072,0.162426941344388,TRUE,0.473610622885625,1.00112789951665,-0.0234728355578755,TRUE,0.64305875932868,1.00098885661288
688,"rand=1-1_rate=2_ROB=LH_Bias=No Bias","1-1",2,"LH","No Bias",0,0,0,0,0,0,-0.000809768592405225,0.0277080550815275,-0.0238829950545172,TRUE,0.506401820422337,1.0010148044683,-0.0216226660252825,TRUE,0.291351795511585,1.00102184299951,0.0677693249526337,TRUE,0.61777398246141,1.00104619387904,-0.0482358198241974,TRUE,0.36528808659428,1.00110359254343
689,"rand=1-1_rate=2_ROB=LH_Bias=No Bias","1-1",2,"LH","No Bias",0,0,0,0,0,0,-0.00879960410677413,0.0343842039523738,-0.084425132718484,TRUE,0.551221194158097,1.00098916808384,-0.0906465563357894,TRUE,0.342568032170665,1.00104036197398,-0.0638791456096037,TRUE,0.644514998300744,1.00098643000633,-0.100561597823322,TRUE,0.470406618075845,1.00099098380196
690,"rand=1-1_rate=2_ROB=LH_Bias=No Bias","1-1",2,"LH","No Bias",0,0,0,0,0,0,-0.024121936418972,0.039039387443378,-0.122512697057728,TRUE,0.654651666954083,1.00104893532962,-0.124439339299095,TRUE,0.446891071884988,1.00098755493814,-0.111648026811449,TRUE,0.763821686902741,1.00109454040488,-0.127503696266161,TRUE,0.632363964968626,1.00100241908836
691,"rand=1-1_rate=2_ROB=LH_Bias=No Bias","1-1",2,"LH","No Bias",0,0,0,0,0,0,-0.0126714963335424,0.0349575581588279,-0.0810788005789804,TRUE,0.662055366082528,1.00107973808821,0.00827839071329417,TRUE,0.426829660275451,1.00098600090526,-0.271650656185679,TRUE,0.839681966887208,1.00109137939422,0.122046960633732,TRUE,0.506924298681754,1.0010043227906
692,"rand=1-1_rate=2_ROB=LH_Bias=No Bias","1-1",2,"LH","No Bias",0,0,0,0,0,0,-0.0194591628903632,0.0271064353957678,0.171276046110854,TRUE,0.43694005567596,1.00105503599478,0.0692201851297113,TRUE,0.334492086251936,1.00098599500335,0.210513864083322,TRUE,0.426936238772124,1.00272031680187,0.00278635521076676,TRUE,0.539498403682307,1.00102067666524
693,"rand=1-1_rate=2_ROB=LH_Bias=No Bias","1-1",2,"LH","No Bias",0,0,0,0,0,0,0.00162889506573492,0.0386055066644199,-0.0557454722560229,TRUE,0.491407756575099,1.00098606297655,-0.049489329243684,TRUE,0.283442631068704,1.0010382968044,-0.00172529427734935,TRUE,0.567114740176947,1.00121084264931,-0.0636950054327206,TRUE,0.373932497730853,1.0010047070879
694,"rand=1-1_rate=2_ROB=LH_Bias=No Bias","1-1",2,"LH","No Bias",0,0,0,0,0,0,0.00890422653544165,0.0386042705072068,0.254099285397389,FALSE,0.39710326888756,1.00125567608789,0.196386411324692,FALSE,0.26705279108879,1.00098720996115,0.259424890187599,TRUE,0.456991117866262,1.0011392429446,0.177614499583862,TRUE,0.367204609251371,1.00102003184866
695,"rand=1-1_rate=2_ROB=LH_Bias=No Bias","1-1",2,"LH","No Bias",0,0,0,0,0,0,0.00483297276617311,0.0285910306727743,-0.0543933925546656,TRUE,0.513542051476239,1.00101629035125,-0.0568937403974648,TRUE,0.309546535229194,1.00124590273111,-0.123206061225719,TRUE,0.630701491381904,1.00114261395824,-0.0377044497167702,TRUE,0.416178397856483,1.00099130022158
696,"rand=1-1_rate=2_ROB=LH_Bias=No Bias","1-1",2,"LH","No Bias",0,0,0,0,0,0,0.000957888379001192,0.0357866086260532,-0.000312177772863631,TRUE,0.505052260456418,1.00113124000256,0.0534811092054737,TRUE,0.288451750857246,1.0010401495852,-0.177097743485445,TRUE,0.786892159611993,1.00161440631918,0.109395759078356,TRUE,0.312740329819656,1.00098646766007
697,"rand=1-1_rate=2_ROB=LH_Bias=No Bias","1-1",2,"LH","No Bias",0,0,0,0,0,0,-0.014840269957327,0.0304665357786548,-0.0330686590108424,TRUE,0.466684193104477,1.00104517415165,-0.0855728864799237,TRUE,0.258711543451297,1.00099912064957,0.0321792886513251,TRUE,0.583808361957664,1.00119026165199,-0.110422303981357,TRUE,0.315930891879633,1.00099169851718
698,"rand=1-1_rate=2_ROB=LH_Bias=No Bias","1-1",2,"LH","No Bias",0,0,0,0,0,0,0.00392749988679169,0.0329082374689186,-0.1236166729131,TRUE,0.521794788405985,1.00098744838399,-0.0925458275734694,TRUE,0.270224295413821,1.00114241271583,-0.017117191093398,TRUE,0.530423239367491,1.00100967723716,-0.114350796524106,TRUE,0.359181984837178,1.00098670634046
699,"rand=1-1_rate=2_ROB=LH_Bias=No Bias","1-1",2,"LH","No Bias",0,0,0,0,0,0,-0.00372732812249906,0.0317765639693063,-0.0315335738765044,TRUE,0.458459581390314,1.00098660508656,-0.0580965932821962,TRUE,0.238685607546284,1.00098945533177,-0.117275969523292,TRUE,0.765643450918705,1.00108929854928,-0.0512540315775494,TRUE,0.264065881937111,1.00106243675344
700,"rand=1-1_rate=2_ROB=LH_Bias=No Bias","1-1",2,"LH","No Bias",0,0,0,0,0,0,0.0105899916438696,0.0253344288964091,-0.270157113253012,TRUE,0.671576420511407,1.00098984163212,-0.198028698055216,FALSE,0.380595242944209,1.00101673819794,-0.278480350356492,TRUE,1.02379130836607,1.00100544030116,-0.169962113938236,TRUE,0.439535692525229,1.00103008546471
701,"rand=1-1_rate=2_ROB=LH_Bias=No Bias","1-1",2,"LH","No Bias",0,0,0,0,0,0,0.0108029137495777,0.0249372965558946,-0.141156373780897,TRUE,0.608330566741796,1.00138035641182,-0.243986114927591,FALSE,0.401720068714541,1.00104774858206,-0.120219376276102,TRUE,0.716101416358679,1.00098658755951,-0.288658574147457,FALSE,0.538694214251106,1.0009950763175
702,"rand=1-1_rate=2_ROB=LH_Bias=No Bias","1-1",2,"LH","No Bias",0,0,0,0,0,0,0.00220175128835122,0.0233833432236345,0.0521302817480637,TRUE,0.480299285794885,1.00113770932034,0.0358041231856857,TRUE,0.289629322744475,1.00102783868364,0.110403422246934,TRUE,0.538235622069463,1.00166076805016,0.0104337955029562,TRUE,0.387769235489483,1.0009865290777
703,"rand=1-1_rate=2_ROB=LH_Bias=No Bias","1-1",2,"LH","No Bias",0,0,0,0,0,0,-0.00414336326965846,0.0404072779801062,0.115105491451054,TRUE,0.460211218832202,1.00100234515612,0.0979785064245696,TRUE,0.289762803482299,1.00102647917515,0.205686634236544,TRUE,0.479690704457306,1.00108732602587,0.0541105163598179,TRUE,0.411179111588225,1.00099203788627
704,"rand=1-1_rate=2_ROB=LH_Bias=No Bias","1-1",2,"LH","No Bias",0,0,0,0,0,0,-0.00507689671171865,0.0302623277908049,0.0644826062166334,TRUE,0.476795288146596,1.00118719167761,0.0348863511263032,TRUE,0.29770158083758,1.00102176822886,0.0671508482802035,TRUE,0.551270820668626,1.00147742439065,0.0222891140207322,TRUE,0.411832026452978,1.00100023022696
705,"rand=1-1_rate=2_ROB=LH_Bias=No Bias","1-1",2,"LH","No Bias",0,0,0,0,0,0,-0.01106336797149,0.0252090671509066,-0.0443495446543241,TRUE,0.536540546498155,1.00112785064454,-0.02389117946646,TRUE,0.311769931480665,1.00098618721047,0.10367017708552,TRUE,0.653590081272785,1.00101537062345,-0.0630964293634326,TRUE,0.383960032454876,1.00098722463773
706,"rand=1-1_rate=2_ROB=LH_Bias=No Bias","1-1",2,"LH","No Bias",0,0,0,0,0,0,0.00477484393710939,0.0432743565490319,0.0141761197939148,TRUE,0.626447021600193,1.00100481483861,0.00765531689494603,TRUE,0.419895198629629,1.0009949117095,-0.223283040802967,TRUE,0.775839057155276,1.00149296815278,0.106553797370478,TRUE,0.528123794895203,1.00098601845531
707,"rand=1-1_rate=2_ROB=LH_Bias=No Bias","1-1",2,"LH","No Bias",0,0,0,0,0,0,0.0167870714361186,0.0325591363482011,-0.0137896738530741,TRUE,0.550246886620542,1.0010004056176,0.0242218556417964,TRUE,0.334352549657198,1.00099755196921,-0.0407836629704752,TRUE,0.785283304910742,1.0010388266735,0.0462015600008669,TRUE,0.401284135637655,1.00099338421268
708,"rand=1-1_rate=2_ROB=LH_Bias=No Bias","1-1",2,"LH","No Bias",0,0,0,0,0,0,0.00312559654192755,0.0295590094270246,-0.164576349231884,TRUE,0.583329450817812,1.0010531435966,-0.131871432366159,TRUE,0.357647437658625,1.00099389948031,-0.192334730488037,TRUE,0.700581240544165,1.00118814432361,-0.109309421427533,TRUE,0.473577252985227,1.00105021474305
709,"rand=1-1_rate=2_ROB=LH_Bias=No Bias","1-1",2,"LH","No Bias",0,0,0,0,0,0,0.00309505281708426,0.0402358827494769,-0.0983915521664771,TRUE,0.689481045080697,1.00100794049205,0.00680965468995076,TRUE,0.453905614606765,1.0009916839923,-0.0260240605698205,TRUE,0.729000964909565,1.00102268200581,0.0205705338324897,TRUE,0.656694327478436,1.00098716169619
710,"rand=1-1_rate=2_ROB=LH_Bias=No Bias","1-1",2,"LH","No Bias",0,0,0,0,0,0,0.00121644985953394,0.0266949032526933,-0.11461873842692,TRUE,0.709778772886954,1.00117236358778,0.0243695961579953,TRUE,0.4340906923393,1.00101513895204,0.0320697555119811,TRUE,0.719687198652209,1.00101348085694,0.0149535304193583,TRUE,0.631241564283972,1.00098996937594
711,"rand=1-1_rate=2_ROB=LH_Bias=No Bias","1-1",2,"LH","No Bias",0,0,0,0,0,0,-0.0239166866331821,0.0455966856746809,-0.0757025841960219,TRUE,0.540352166254865,1.00108797426161,-0.118089747288022,TRUE,0.353076672628107,1.00098740711155,-0.0580457018231433,TRUE,0.603101205046521,1.00099297917212,-0.143592080618471,TRUE,0.492338438607433,1.00098629428906
712,"rand=1-1_rate=2_ROB=LH_Bias=No Bias","1-1",2,"LH","No Bias",0,0,0,0,0,0,0.00678714710792315,0.0315628186557855,0.105711026156841,TRUE,0.358609707224896,1.00104084363137,0.0576453786399236,TRUE,0.198337958187987,1.00099231094155,0.00482519495379852,TRUE,0.633859914469,1.00100576022318,0.0653261540043566,TRUE,0.223950588518714,1.00101942480333
713,"rand=1-1_rate=2_ROB=LH_Bias=No Bias","1-1",2,"LH","No Bias",0,0,0,0,0,0,0.00568409800796789,0.0357239246502571,0.0542245791363672,TRUE,0.493364274780144,1.00102651757003,0.069200278413394,TRUE,0.32120960994153,1.00100889666495,0.0818753334191001,TRUE,0.516599449352753,1.00142654170515,0.0634644662192988,TRUE,0.461975516841965,1.00098603713702
714,"rand=1-1_rate=2_ROB=LH_Bias=No Bias","1-1",2,"LH","No Bias",0,0,0,0,0,0,-0.0112326631033736,0.0330285622879066,-0.0314686996579712,TRUE,0.507202595696982,1.00099076633187,0.048817938670265,TRUE,0.27707470164776,1.00113151458833,0.0815870607693979,TRUE,0.566641740820623,1.00112882842641,0.0407228407548617,TRUE,0.360512871514574,1.00098720389629
715,"rand=1-1_rate=2_ROB=LH_Bias=No Bias","1-1",2,"LH","No Bias",0,0,0,0,0,0,-0.0160483945176615,0.0324084652604705,-0.0227570539571287,TRUE,0.564146661982243,1.00098603785254,-0.063766723343639,TRUE,0.387005376974001,1.00098614462227,0.0426055100104029,TRUE,0.595249205424863,1.00099244385021,-0.111525249509945,TRUE,0.56384999841838,1.00103996071925
716,"rand=1-1_rate=2_ROB=LH_Bias=No Bias","1-1",2,"LH","No Bias",0,0,0,0,0,0,-0.0151067711184561,0.0372087056301827,-0.244253147083554,TRUE,0.712399251151301,1.00106002460307,-0.131793574184743,TRUE,0.442301339961851,1.00098653658987,-0.280786060965086,TRUE,0.766447588541919,1.00100850077289,-0.0689749131818025,TRUE,0.594105677066352,1.00101870455596
717,"rand=1-1_rate=2_ROB=LH_Bias=No Bias","1-1",2,"LH","No Bias",0,0,0,0,0,0,0.00135397263868661,0.0326375298230915,-0.0803434252322539,TRUE,0.577900796818153,1.00098619371787,-0.0394921961894288,TRUE,0.341918773907532,1.00099074099757,-0.0033823746315127,TRUE,0.668984288671657,1.00100913041543,-0.0537010203011503,TRUE,0.458382403321978,1.00100520227649
718,"rand=1-1_rate=2_ROB=LH_Bias=No Bias","1-1",2,"LH","No Bias",0,0,0,0,0,0,-0.00446180323195191,0.0266761454333553,-0.0963750953493645,TRUE,0.506220034716115,1.0010007268332,0.0171523876745738,TRUE,0.300443354132097,1.00099677823289,-0.248571986221373,TRUE,0.76929345359963,1.00102231311855,0.0853756479896853,TRUE,0.326213359870582,1.00099238006861
719,"rand=1-1_rate=2_ROB=LH_Bias=No Bias","1-1",2,"LH","No Bias",0,0,0,0,0,0,-0.000475844981418475,0.0381102848193945,0.075882861851414,TRUE,0.436386562008439,1.00100065327838,0.0308435789132618,TRUE,0.265966784409209,1.00099560416947,0.150232981377132,TRUE,0.510311564125933,1.00099402106361,-0.00515887987977459,TRUE,0.340476292823668,1.00100497636247
720,"rand=1-1_rate=2_ROB=LH_Bias=No Bias","1-1",2,"LH","No Bias",0,0,0,0,0,0,0.00335180158241488,0.0285725237315044,-0.125757883695112,TRUE,0.529672077887841,1.00140089893494,-0.0381829640643163,TRUE,0.302910618388352,1.00103161831613,-0.363822663073816,FALSE,0.766543799624213,1.00133010487941,0.0454752030455023,TRUE,0.321507965225658,1.00103324711699
721,"rand=1-1_rate=2_ROB=LH_Bias=No Bias","1-1",2,"LH","No Bias",0,0,0,0,0,0,0.00536050892122302,0.0280398877947025,0.123745324592196,TRUE,0.547964832099233,1.0009967107883,0.0651387931301505,TRUE,0.372243612030955,1.00098657237219,0.186956422648525,TRUE,0.66630782215433,1.00100793109478,0.00302161844698612,TRUE,0.502920282682847,1.0010085091556
722,"rand=1-1_rate=2_ROB=LH_Bias=No Bias","1-1",2,"LH","No Bias",0,0,0,0,0,0,-0.0174781141912864,0.0418627537560167,-0.00792228392532812,TRUE,0.512668703429263,1.00115416296851,0.0481400246104196,TRUE,0.294624165489085,1.00113597479776,0.0737126808566546,TRUE,0.555673406424941,1.00170025364704,0.0397900483396728,TRUE,0.404664228975338,1.00098700220016
723,"rand=1-1_rate=2_ROB=LH_Bias=No Bias","1-1",2,"LH","No Bias",0,0,0,0,0,0,0.00308320896227373,0.0287049710820968,0.0887958078638263,TRUE,0.499744301794096,1.00282673928154,0.113146424654668,TRUE,0.332404334388437,1.00106720932348,0.136983237820288,TRUE,0.47509365575238,1.0011615836716,0.105184969769286,TRUE,0.528017867574708,1.00118759209518
724,"rand=1-1_rate=2_ROB=LH_Bias=No Bias","1-1",2,"LH","No Bias",0,0,0,0,0,0,-0.00834704173162715,0.0356994628544924,0.0294239028176847,TRUE,0.46251062419019,1.0012317388806,0.0312231641983806,TRUE,0.25709883227177,1.00098710839457,0.159590288647049,TRUE,0.551016549889993,1.00131484819678,-0.00502822362445632,TRUE,0.305941184597341,1.00099044837995
725,"rand=1-1_rate=2_ROB=LH_Bias=No Bias","1-1",2,"LH","No Bias",0,0,0,0,0,0,0.00339351843202896,0.025021290323709,-0.0390922873909363,TRUE,0.598769592895219,1.00105005139989,-0.0371042878497028,TRUE,0.39673713247013,1.00100749139836,-0.0379041064713355,TRUE,0.719321018692686,1.0010857037838,-0.0361076714365203,TRUE,0.549003260566839,1.00107400499903
726,"rand=1-1_rate=2_ROB=LH_Bias=No Bias","1-1",2,"LH","No Bias",0,0,0,0,0,0,-0.0163961252729399,0.0342324506838794,-0.0998556566363225,TRUE,0.629236151472926,1.00106760819075,0.0604113695075928,TRUE,0.400206098055571,1.00099781031314,0.0157305254601301,TRUE,0.761533195973929,1.00100573091941,0.0807176271843693,TRUE,0.549091354366342,1.00101860131842
727,"rand=1-1_rate=2_ROB=LH_Bias=No Bias","1-1",2,"LH","No Bias",0,0,0,0,0,0,0.0104007564674657,0.0309573242772923,0.0530408455169147,TRUE,0.478525143768185,1.00099398548018,0.0195696936381696,TRUE,0.293389985300909,1.00099903798146,-0.163235992221164,TRUE,0.775999370584673,1.00098633601189,0.0714248620160962,TRUE,0.312582507320303,1.00098620702547
728,"rand=1-1_rate=2_ROB=LH_Bias=No Bias","1-1",2,"LH","No Bias",0,0,0,0,0,0,0.0156084457982676,0.0476409051715957,-0.053863930753848,TRUE,0.484718479765789,1.00106971237399,-0.109990900400186,TRUE,0.283707221108771,1.00099802797835,0.110262377423637,TRUE,0.592169818461606,1.00098599717676,-0.166006737085635,FALSE,0.320733688659286,1.00099083283146
729,"rand=1-1_rate=2_ROB=LH_Bias=No Bias","1-1",2,"LH","No Bias",0,0,0,0,0,0,0.0071791367315279,0.0274059691945301,0.0036344825278869,TRUE,0.496781028933644,1.00105927133707,-0.021110564499383,TRUE,0.306102982684148,1.0009867205665,0.0127624242366844,TRUE,0.634244531806567,1.00103898948118,-0.0317832000557459,TRUE,0.391422206762471,1.00098599329479
730,"rand=1-1_rate=2_ROB=LH_Bias=No Bias","1-1",2,"LH","No Bias",0,0,0,0,0,0,-0.00379269456444421,0.0312664753158884,-0.206289306503366,TRUE,0.618339380904956,1.00114561409776,-0.108603387980067,TRUE,0.372725855351376,1.00113693526762,-0.0161713032218334,TRUE,0.645911161933846,1.00107348382736,-0.150368234653717,TRUE,0.516727792651587,1.00100104169902
731,"rand=1-1_rate=2_ROB=LH_Bias=No Bias","1-1",2,"LH","No Bias",0,0,0,0,0,0,-0.00531941848801312,0.0336888333964471,0.00703423090482003,TRUE,0.49333875851792,1.00101359369621,0.0840773676520744,TRUE,0.281787094559452,1.0009862039782,-0.120517127399298,TRUE,0.762010701353384,1.0012687821727,0.139786904272459,TRUE,0.300422731603691,1.000988758294
732,"rand=1-1_rate=2_ROB=LH_Bias=No Bias","1-1",2,"LH","No Bias",0,0,0,0,0,0,-0.00612668576460288,0.0229396726574758,-0.0627633714577447,TRUE,0.488814351905839,1.00100470440524,0.0577050730491125,TRUE,0.303441624361926,1.00099210821421,-0.0394805835793619,TRUE,0.70791129729603,1.00099422486641,0.0905152900654552,TRUE,0.365009187095976,1.00099839113657
733,"rand=1-1_rate=2_ROB=LH_Bias=No Bias","1-1",2,"LH","No Bias",0,0,0,0,0,0,-0.00528702635581773,0.0354367810122068,-0.0374854600664671,TRUE,0.597580935457879,1.0009868138926,-0.0660512098700179,TRUE,0.401663610449111,1.0009867795475,-0.175403810476468,TRUE,0.865519732312468,1.00112010240694,-0.0204230976334401,TRUE,0.512017200512773,1.0009882367096
734,"rand=1-1_rate=2_ROB=LH_Bias=No Bias","1-1",2,"LH","No Bias",0,0,0,0,0,0,0.00446619901750632,0.0392859030040367,0.0262373493879043,TRUE,0.504819431598807,1.00103261419991,-0.0435960615926112,TRUE,0.334638376864933,1.00110417531592,0.0349539822792717,TRUE,0.656111645316206,1.00099448370796,-0.0717341850873126,TRUE,0.440155470888676,1.00100502719971
735,"rand=1-1_rate=2_ROB=LH_Bias=No Bias","1-1",2,"LH","No Bias",0,0,0,0,0,0,0.00525019836059215,0.0284707279355145,-0.126377998066475,TRUE,0.637202360564669,1.00100155042612,-0.120480602184096,TRUE,0.42549567530978,1.00098785331501,-0.0337761790520572,TRUE,0.661970984630075,1.0010529466342,-0.165925715718131,TRUE,0.631591653395722,1.00098740442501
736,"rand=1-1_rate=2_ROB=LH_Bias=No Bias","1-1",2,"LH","No Bias",0,0,0,0,0,0,-0.00644594738092688,0.0307638565976361,-0.067277707699511,TRUE,0.626855773055355,1.00102695628892,-0.0256638783947043,TRUE,0.407374190923653,1.00099159971202,-0.221611893145847,TRUE,0.703968542636813,1.00110452599405,0.06499570701897,TRUE,0.550709647511231,1.0010164909951
737,"rand=1-1_rate=2_ROB=LH_Bias=No Bias","1-1",2,"LH","No Bias",0,0,0,0,0,0,-0.00776516514054479,0.0425417454330797,0.118285168087964,TRUE,0.436985989279037,1.00104193200487,0.094752479858551,TRUE,0.259250308479287,1.0009999412,0.0994557671266011,TRUE,0.570768729149166,1.00098626683632,0.0952598883632602,TRUE,0.335836219563008,1.00100818772604
738,"rand=1-1_rate=2_ROB=LH_Bias=No Bias","1-1",2,"LH","No Bias",0,0,0,0,0,0,0.00296981828422503,0.0391463285598673,-0.149275152997617,TRUE,0.633692764442696,1.00139784389293,-0.0457428721326543,TRUE,0.423011611111081,1.00098692662932,-0.14279417165916,TRUE,0.668800264334092,1.00098715545161,-0.00311245560298667,TRUE,0.628119279896369,1.00098898541623
739,"rand=1-1_rate=2_ROB=LH_Bias=No Bias","1-1",2,"LH","No Bias",0,0,0,0,0,0,0.00413634515790482,0.0360126577813073,-0.0788150487719386,TRUE,0.519367354174001,1.00104129278249,-0.0573309014016803,TRUE,0.295395748232883,1.00098659548244,-0.12419978692146,TRUE,0.766001926165354,1.00102827146203,-0.0403793801122323,TRUE,0.341824525455196,1.00098626846096
740,"rand=1-1_rate=2_ROB=LH_Bias=No Bias","1-1",2,"LH","No Bias",0,0,0,0,0,0,-0.017605315566768,0.0336839602941319,-0.155474026428577,TRUE,0.666496212921014,1.00100869659095,0.0252199513405064,TRUE,0.365869772406659,1.00100482090155,-0.215810025147618,TRUE,0.737278027428619,1.00105874145669,0.105888711199103,TRUE,0.446359255911254,1.00098614216235
741,"rand=1-1_rate=2_ROB=LH_Bias=No Bias","1-1",2,"LH","No Bias",0,0,0,0,0,0,-0.00607019474460853,0.025146743823634,0.0805851674444491,TRUE,0.49172851234016,1.00099084900459,0.0985661582785496,TRUE,0.301018469154392,1.00098830222462,0.0510093403752162,TRUE,0.552254898212454,1.00099307510492,0.112468089481921,TRUE,0.415991596302481,1.00101026430559
742,"rand=1-1_rate=2_ROB=LH_Bias=No Bias","1-1",2,"LH","No Bias",0,0,0,0,0,0,-0.0012902513832503,0.0405361738706491,-0.0384976041357079,TRUE,0.515610771043382,1.00100437266846,-0.0370576179446862,TRUE,0.279741127791982,1.00100717687095,0.106832723150594,TRUE,0.728142704396126,1.00099057228213,-0.0797774688474322,TRUE,0.322940882090613,1.00099220164586
743,"rand=1-1_rate=2_ROB=LH_Bias=No Bias","1-1",2,"LH","No Bias",0,0,0,0,0,0,0.0132270636024469,0.0363007379680445,0.0821937851459541,TRUE,0.49234617219495,1.00104571739548,-0.00078091181215334,TRUE,0.375531941551757,1.00098704330284,-0.0446073108487455,TRUE,0.623712031937364,1.00102073940551,0.0191529064965659,TRUE,0.539989990717032,1.00100952522203
744,"rand=1-1_rate=2_ROB=LH_Bias=No Bias","1-1",2,"LH","No Bias",0,0,0,0,0,0,0.00870842758047644,0.0334724767335052,0.00307646324949129,TRUE,0.546744112945607,1.00098904158275,-0.0506833820779691,TRUE,0.369724363592112,1.00099457014289,-0.113000379065155,TRUE,0.798721419814039,1.00098669495686,-0.0245565741827865,TRUE,0.469105750864716,1.00099412945665
745,"rand=1-1_rate=2_ROB=LH_Bias=No Bias","1-1",2,"LH","No Bias",0,0,0,0,0,0,-0.000106424738023889,0.0338941963288864,-0.0258715668649687,TRUE,0.55153987926737,1.00102070289765,-0.00356696118508149,TRUE,0.343499254159692,1.00101379437929,-0.0556286982725822,TRUE,0.694582682880769,1.00098941515073,0.0147986234566294,TRUE,0.446868029974492,1.00099197134133
746,"rand=1-1_rate=2_ROB=LH_Bias=No Bias","1-1",2,"LH","No Bias",0,0,0,0,0,0,0.00345525284720899,0.0231418434272274,0.0612157878772362,TRUE,0.411975700815488,1.00098604394917,0.134258349099375,FALSE,0.224329260582181,1.00099837043859,-0.0255530020024448,TRUE,0.68343723063432,1.00117733070653,0.167589965921199,FALSE,0.235053571734072,1.00098791036325
747,"rand=1-1_rate=2_ROB=LH_Bias=No Bias","1-1",2,"LH","No Bias",0,0,0,0,0,0,-0.00132916948232455,0.0230284765838991,0.268954112302857,FALSE,0.355186450951747,1.00112543966447,0.206146893747421,FALSE,0.238275798465887,1.00101572910083,0.133223119020199,TRUE,0.615545994990717,1.00106964447237,0.226564390533063,FALSE,0.273640849028833,1.00100602026759
748,"rand=1-1_rate=2_ROB=LH_Bias=No Bias","1-1",2,"LH","No Bias",0,0,0,0,0,0,0.0158127187698109,0.0430639829510623,-0.146104314008762,TRUE,0.702997162407387,1.00098770141167,0.00828030730648177,TRUE,0.424419728040777,1.00106530262574,0.118481037610039,TRUE,0.824620688104151,1.00099237222061,-0.0523400588014447,TRUE,0.54358928451355,1.0009874982208
749,"rand=1-1_rate=2_ROB=LH_Bias=No Bias","1-1",2,"LH","No Bias",0,0,0,0,0,0,0.0065323856572314,0.0273912953969432,-0.0907839804909563,TRUE,0.603337277939362,1.00100609076045,-0.0945604941125473,TRUE,0.411151786472673,1.00099724644236,-0.196524068669474,TRUE,0.695811007346427,1.00106592726732,-0.048906251525259,TRUE,0.578197907471667,1.00100091942753
750,"rand=1-1_rate=2_ROB=LH_Bias=No Bias","1-1",2,"LH","No Bias",0,0,0,0,0,0,0.0114482682125918,0.0434740029861416,-0.0515486513242607,TRUE,0.668922264309168,1.00098851201409,-0.0990092733906003,TRUE,0.47979212987535,1.00099486364676,-0.19934806117943,TRUE,0.868679635687075,1.00098803482012,-0.0524692398535143,TRUE,0.658445965280761,1.00101875909512
751,"rand=1-1_rate=2_ROB=LH_Bias=No Bias","1-1",2,"LH","No Bias",0,0,0,0,0,0,0.00445905938359342,0.0386581030777428,-0.194245385181007,TRUE,0.68793730949097,1.00098613038857,-0.128319562669622,TRUE,0.404007516375647,1.00099818633774,-0.235651295273769,TRUE,1.07721206610838,1.00114717247734,-0.0875159208637901,TRUE,0.458369569922049,1.00099822798065
752,"rand=1-1_rate=2_ROB=LH_Bias=No Bias","1-1",2,"LH","No Bias",0,0,0,0,0,0,0.00421048748547203,0.0296373362021059,0.108532713692432,TRUE,0.529369760423559,1.00101042887746,0.129372342454509,TRUE,0.341183834282374,1.00098606990168,0.211764588445041,TRUE,0.58366058051927,1.00102121206154,0.0864495203863597,TRUE,0.474199541351562,1.00098740325996
753,"rand=1-1_rate=2_ROB=LH_Bias=No Bias","1-1",2,"LH","No Bias",0,0,0,0,0,0,-0.00114312866136218,0.0221207751746902,0.131745414682319,TRUE,0.411608998075066,1.00120954340631,0.0388499000318677,TRUE,0.296868688334225,1.00101663627157,-0.013924249780908,TRUE,0.608520906614723,1.00105289181007,0.0570553029718122,TRUE,0.386197027200021,1.00100246263061
754,"rand=1-1_rate=2_ROB=LH_Bias=No Bias","1-1",2,"LH","No Bias",0,0,0,0,0,0,0.000573436100554422,0.0367389424955528,0.000273983508436992,TRUE,0.520450040733467,1.00108698078552,-0.0361308068978052,TRUE,0.34966184320585,1.00099709836566,0.0152773208346032,TRUE,0.535677576722165,1.00172658068048,-0.0552692960017056,TRUE,0.532610153538997,1.00107073451643
755,"rand=1-1_rate=2_ROB=LH_Bias=No Bias","1-1",2,"LH","No Bias",0,0,0,0,0,0,-0.00287894644096249,0.0335323086844765,-0.0954503687350841,TRUE,0.636562638070374,1.00101479992578,-0.0938108323130797,TRUE,0.428827707937665,1.00098622467695,-0.0879331649173893,TRUE,0.726829369091065,1.00100081864818,-0.0956451562273235,TRUE,0.612216778047224,1.00100441130632
756,"rand=1-1_rate=2_ROB=LH_Bias=No Bias","1-1",2,"LH","No Bias",0,0,0,0,0,0,-0.0100264158677101,0.0382901365103955,0.135615065919436,TRUE,0.386631938619524,1.00100526767008,0.156711348631203,FALSE,0.2001836854075,1.00098762529786,-0.0309596174668836,TRUE,0.592213000323206,1.00105781599052,0.191508120322392,FALSE,0.215824728852428,1.00100380496946
757,"rand=1-1_rate=2_ROB=LH_Bias=No Bias","1-1",2,"LH","No Bias",0,0,0,0,0,0,0.00374850382490608,0.0402772429692451,-0.102279559860873,TRUE,0.590653503994309,1.00099055757508,-0.0195105600823549,TRUE,0.3581204401562,1.00099934090022,-0.229115947707882,TRUE,0.70043387145839,1.00099219312814,0.0501207689535177,TRUE,0.449688621113921,1.0009881112583
758,"rand=1-1_rate=2_ROB=LH_Bias=No Bias","1-1",2,"LH","No Bias",0,0,0,0,0,0,-0.0206766301379748,0.0378065089114324,-0.0898093670691364,TRUE,0.640888531646457,1.00098713236291,0.0252009152422381,TRUE,0.404711851080194,1.00099032635878,-0.197389240209746,TRUE,0.985821597161377,1.00106670500027,0.118921204865191,TRUE,0.435977978299389,1.00105342269138
759,"rand=1-1_rate=2_ROB=LH_Bias=No Bias","1-1",2,"LH","No Bias",0,0,0,0,0,0,0.0185887667665551,0.0346016250378072,0.0804836855337016,TRUE,0.450695240552571,1.000993760531,0.029549343363631,TRUE,0.296506133929364,1.00120276692794,0.0821607722660288,TRUE,0.532829774824639,1.00106546842951,0.0103173778284202,TRUE,0.409181147651005,1.0009979533373
760,"rand=1-1_rate=2_ROB=LH_Bias=No Bias","1-1",2,"LH","No Bias",0,0,0,0,0,0,-0.0026474323194824,0.0357763161498257,0.0694259373046608,TRUE,0.433324870457683,1.00100896241789,0.045606179527397,TRUE,0.242341644598775,1.00102532773199,-0.049231340917707,TRUE,0.655908605999052,1.00118988651601,0.0673862202363031,TRUE,0.279260046137711,1.00099223501658
761,"rand=1-1_rate=2_ROB=LH_Bias=No Bias","1-1",2,"LH","No Bias",0,0,0,0,0,0,0.000168893046988346,0.028897304202043,-0.0354704941238675,TRUE,0.6119242781064,1.00115464011611,0.0129076443526399,TRUE,0.371425448325632,1.00098601516893,-0.330847743833227,TRUE,0.895546664087374,1.00112061530367,0.128120789037843,TRUE,0.376553333688807,1.00099424732365
762,"rand=1-1_rate=2_ROB=LH_Bias=No Bias","1-1",2,"LH","No Bias",0,0,0,0,0,0,0.0113844267319514,0.0305832742345868,-0.0619587691285244,TRUE,0.500894375601881,1.00108841015215,-0.0159428651526834,TRUE,0.288425891281812,1.00108225576674,0.0991699432093428,TRUE,0.534894458857421,1.00156592346358,-0.0507171106897217,TRUE,0.382993273582305,1.00099325057869
763,"rand=1-1_rate=2_ROB=LH_Bias=No Bias","1-1",2,"LH","No Bias",0,0,0,0,0,0,0.0137715228393923,0.0400386805552782,0.0641439601813305,TRUE,0.508131570851943,1.00099486440416,0.0422601901626912,TRUE,0.34334950720116,1.0009895909263,0.1415290007874,TRUE,0.497155454956243,1.00100203779831,-0.0108057571784945,TRUE,0.519823453943372,1.00098975352234
764,"rand=1-1_rate=2_ROB=LH_Bias=No Bias","1-1",2,"LH","No Bias",0,0,0,0,0,0,-0.00117659328628389,0.0405346046906454,0.00565850430439674,TRUE,0.539294747294642,1.00113621548344,-0.00711819838272376,TRUE,0.357152477325221,1.00099363191897,0.192575507435051,TRUE,0.444165631470899,1.00112252072505,-0.107935096483537,TRUE,0.552210914501,1.00099737267208
765,"rand=1-1_rate=2_ROB=LH_Bias=No Bias","1-1",2,"LH","No Bias",0,0,0,0,0,0,-0.00342309679217442,0.0311385293180762,-0.119096080369905,TRUE,0.45871442550006,1.00115099023182,-0.0591471262649477,TRUE,0.204640140475784,1.00101924150328,-0.320103684455814,TRUE,0.920496565753353,1.00105590240056,-0.0312454261195712,TRUE,0.197528443052511,1.00143099308175
766,"rand=1-1_rate=2_ROB=LH_Bias=No Bias","1-1",2,"LH","No Bias",0,0,0,0,0,0,0.00777470920513344,0.0291830371748565,0.124095569045262,TRUE,0.463876439951944,1.0010321265037,0.0249065705868973,TRUE,0.326626374924797,1.00099264231717,0.212814451289871,TRUE,0.495324155667172,1.00098921313527,-0.0541036913353898,TRUE,0.446083419366493,1.00100769828042
767,"rand=1-1_rate=2_ROB=LH_Bias=No Bias","1-1",2,"LH","No Bias",0,0,0,0,0,0,-0.00129344068769888,0.0244988546687844,-0.0553694313796995,TRUE,0.412642105302311,1.00098783567741,-0.0444327641012958,TRUE,0.174601938216296,1.0010690184591,-0.0406007829425947,TRUE,0.670652940141397,1.00111555375134,-0.044413589066358,TRUE,0.185676081292019,1.00120099043928
768,"rand=1-1_rate=2_ROB=LH_Bias=No Bias","1-1",2,"LH","No Bias",0,0,0,0,0,0,0.0174802503891349,0.0344591541088131,0.112703674401456,TRUE,0.506467649046974,1.00101680862683,0.0895188406107844,TRUE,0.348242642295903,1.00101968389781,0.0236061357021153,TRUE,0.547073758209324,1.00209984153758,0.118606101966499,TRUE,0.514114218810761,1.00098708810477
769,"rand=1-1_rate=2_ROB=LH_Bias=No Bias","1-1",2,"LH","No Bias",0,0,0,0,0,0,0.00436967099082209,0.0343570105699184,0.0075299123285919,TRUE,0.494829539311772,1.00122659472102,0.0557572501876858,TRUE,0.276093646155148,1.00098999047623,0.028176244709809,TRUE,0.533259968814065,1.00100086592708,0.0619385652716369,TRUE,0.372026874891862,1.00100565692443
770,"rand=1-1_rate=2_ROB=LH_Bias=No Bias","1-1",2,"LH","No Bias",0,0,0,0,0,0,0.00700671442280486,0.0228163165627199,-0.133480313292249,TRUE,0.551226784596681,1.00103055610649,-0.0999661578169588,TRUE,0.316293855475154,1.00098973864649,-0.0943079078278695,TRUE,0.656336021710206,1.0010524903038,-0.0998932931325198,TRUE,0.404140659550032,1.0010073814178
771,"rand=1-1_rate=2_ROB=LH_Bias=No Bias","1-1",2,"LH","No Bias",0,0,0,0,0,0,0.00126195747387807,0.0336656138088732,-0.0924055792977427,TRUE,0.635012025404078,1.00102680160303,-0.0960021591513165,TRUE,0.4149849727807,1.00098623437619,-0.0451861509210674,TRUE,0.715743429306131,1.0010168980989,-0.119447470986461,TRUE,0.588103986541804,1.00098780073497
772,"rand=1-1_rate=2_ROB=LH_Bias=No Bias","1-1",2,"LH","No Bias",0,0,0,0,0,0,0.011701598821982,0.0258772623076795,-0.195389361795207,TRUE,0.699259743704747,1.0010343018183,-0.228008888657999,FALSE,0.464217036777603,1.00099074722309,-0.126390984937735,TRUE,0.854857407165325,1.00102185116258,-0.277044541111308,TRUE,0.630942532474507,1.00098601274529
773,"rand=1-1_rate=2_ROB=LH_Bias=No Bias","1-1",2,"LH","No Bias",0,0,0,0,0,0,-0.00748902692864964,0.0262573009955573,-0.122261912937361,TRUE,0.601493146180186,1.0009861333346,-0.0486344054003534,TRUE,0.35512727100322,1.00099411561277,-0.026712647839704,TRUE,0.780999658564276,1.00099256115714,-0.0545182644300481,TRUE,0.44483859153761,1.00105200717042
774,"rand=1-1_rate=2_ROB=LH_Bias=No Bias","1-1",2,"LH","No Bias",0,0,0,0,0,0,-0.00201027428452728,0.0293308473382836,-0.101553053198647,TRUE,0.535185060597065,1.00100882715838,-0.0331258109976351,TRUE,0.318706688667653,1.00099482117298,-0.0278054852961771,TRUE,0.608472363395573,1.00102429061074,-0.0350708432506077,TRUE,0.427821921531167,1.00106291053068
775,"rand=1-1_rate=2_ROB=LH_Bias=No Bias","1-1",2,"LH","No Bias",0,0,0,0,0,0,-0.00228996966989479,0.0300675184905464,0.0714850547376845,TRUE,0.448134639225188,1.00099651510802,-0.020467500134832,TRUE,0.309595778855538,1.00100735256087,0.105823113938859,TRUE,0.500575004692039,1.00143582851102,-0.0620250116982932,TRUE,0.441914679593287,1.00098629215367
776,"rand=1-1_rate=2_ROB=LH_Bias=No Bias","1-1",2,"LH","No Bias",0,0,0,0,0,0,0.0100690459786102,0.0206967217744807,-0.0239820288865724,TRUE,0.615720903960965,1.00117525639743,0.0729642355515784,TRUE,0.35634561381922,1.00107743457621,0.0166774318548577,TRUE,0.647456923384788,1.00098632970011,0.0897950543825903,TRUE,0.496287061829734,1.00098790407917
777,"rand=1-1_rate=2_ROB=LH_Bias=No Bias","1-1",2,"LH","No Bias",0,0,0,0,0,0,-0.00228959039216572,0.0240424803882512,-0.0693291616726113,TRUE,0.53339865477068,1.00109129081196,-0.0540301508173873,TRUE,0.328710176825213,1.00101639631613,-0.0852410733072748,TRUE,0.625892457306087,1.00223022461875,-0.038263149793913,TRUE,0.444019558105665,1.00109316898963
778,"rand=1-1_rate=2_ROB=LH_Bias=No Bias","1-1",2,"LH","No Bias",0,0,0,0,0,0,-0.00489020566415204,0.0384219616374256,0.000737427347280106,TRUE,0.525777769882413,1.00104612439586,-0.00805427104813883,TRUE,0.342757843351272,1.0010294343623,0.0132390753911992,TRUE,0.523237801701683,1.001470101072,-0.0174574741260609,TRUE,0.520601593103852,1.00099086358473
779,"rand=1-1_rate=2_ROB=LH_Bias=No Bias","1-1",2,"LH","No Bias",0,0,0,0,0,0,0.00306450420134324,0.0273117922425128,-0.0638619711646213,TRUE,0.579626275329824,1.00134104959015,-0.188219302482931,TRUE,0.4548824697262,1.00100375938544,-0.180686983661047,TRUE,0.738206890982843,1.00103455959646,-0.192723981837078,TRUE,0.665367462872366,1.0010654644549
780,"rand=1-1_rate=2_ROB=LH_Bias=No Bias","1-1",2,"LH","No Bias",0,0,0,0,0,0,-0.00508083189418786,0.0362412616574756,-0.0789969027464097,TRUE,0.531301411729701,1.00108437155577,-0.0625941316788907,TRUE,0.3118813511523,1.00099337886033,-0.148055049267725,TRUE,0.644477559152141,1.00103918274726,-0.0338846858376283,TRUE,0.412887793967586,1.00101787045728
781,"rand=1-1_rate=2_ROB=LH_Bias=No Bias","1-1",2,"LH","No Bias",0,0,0,0,0,0,-0.0032446818798977,0.0299608063093523,-0.048284195661964,TRUE,0.676922623707797,1.00099086701159,-0.0392130532357897,TRUE,0.446777534556988,1.00101214649582,-0.152485365806358,TRUE,1.13009418454186,1.00098604872282,0.00705112366135141,TRUE,0.513014943784527,1.00101696678573
782,"rand=1-1_rate=2_ROB=LH_Bias=No Bias","1-1",2,"LH","No Bias",0,0,0,0,0,0,0.0128980269105973,0.0261023543224298,0.00162856548026669,TRUE,0.535740602758928,1.00100372473827,-0.00430578014861194,TRUE,0.343073724584028,1.00098695114299,-0.0779182849290163,TRUE,0.682875531261221,1.00104212443204,0.0261627509328345,TRUE,0.450134124704445,1.00099446184593
783,"rand=1-1_rate=2_ROB=LH_Bias=No Bias","1-1",2,"LH","No Bias",0,0,0,0,0,0,-0.00392612070781944,0.0288919761363558,-0.0329957072962217,TRUE,0.471737111364604,1.00103512830017,-0.0644890458627014,TRUE,0.26613419916549,1.00099874631763,-0.035510112461359,TRUE,0.659468509602704,1.00127937890083,-0.0702297973795674,TRUE,0.323623517066945,1.00098823710174
784,"rand=1-1_rate=2_ROB=LH_Bias=No Bias","1-1",2,"LH","No Bias",0,0,0,0,0,0,-0.017980137483907,0.0300988789889846,-0.0556353558939624,TRUE,0.633768789980882,1.00100802922214,-0.0412517576700673,TRUE,0.4099193130447,1.00099503784993,-0.129964076821297,TRUE,0.821813642864495,1.0009864047522,-0.00349641198668604,TRUE,0.543236964479003,1.00098765544597
785,"rand=1-1_rate=2_ROB=LH_Bias=No Bias","1-1",2,"LH","No Bias",0,0,0,0,0,0,0.00529569859086735,0.0253565867939295,0.149571164543533,TRUE,0.382976540654731,1.0010898256157,0.112334481812568,TRUE,0.223830816280559,1.00099706649805,0.0747251954998276,TRUE,0.507160544951555,1.00098946151499,0.121936466909206,TRUE,0.285338868787946,1.0009886508539
786,"rand=1-1_rate=2_ROB=LH_Bias=No Bias","1-1",2,"LH","No Bias",0,0,0,0,0,0,0.0254693980713034,0.0384707804829241,0.121209731482515,TRUE,0.480613247465327,1.00098600603831,0.116445176626007,TRUE,0.293372549630147,1.0011153698032,-0.100838341320451,TRUE,0.622137964814462,1.00100635862295,0.182047446890766,TRUE,0.362541395908443,1.00099340234971
787,"rand=1-1_rate=2_ROB=LH_Bias=No Bias","1-1",2,"LH","No Bias",0,0,0,0,0,0,-0.00123716742581751,0.0231378689933396,0.0493686239982981,TRUE,0.510630181191787,1.00114984270544,0.0312629996259611,TRUE,0.336162589190672,1.00098631844463,0.183288697702495,TRUE,0.466580167141892,1.00150593503412,-0.0363946030766427,TRUE,0.50719140978618,1.0010052400181
788,"rand=1-1_rate=2_ROB=LH_Bias=No Bias","1-1",2,"LH","No Bias",0,0,0,0,0,0,0.00209479888795742,0.0330026321908258,0.108883122211678,TRUE,0.446345369415304,1.00099731708803,-0.0204050784995351,TRUE,0.372689576387187,1.00099373086848,0.0864091026042499,TRUE,0.509829504590725,1.0013531368964,-0.0664960365795908,TRUE,0.584088488961233,1.00102344179345
789,"rand=1-1_rate=2_ROB=LH_Bias=No Bias","1-1",2,"LH","No Bias",0,0,0,0,0,0,-0.00479339241938159,0.0235456079893245,0.0182689489052908,TRUE,0.458462753069069,1.00099162695308,-0.0292398343656717,TRUE,0.27058280375843,1.00104527662108,-0.114564336110302,TRUE,0.86433315739026,1.00108341557775,-0.0133333765259316,TRUE,0.292660807047778,1.00104808847202
790,"rand=1-1_rate=2_ROB=LH_Bias=No Bias","1-1",2,"LH","No Bias",0,0,0,0,0,0,-0.00591084266606447,0.0308724237645826,-0.071163927773183,TRUE,0.498671648332965,1.00112388978216,-0.0493106677031856,TRUE,0.268284918899933,1.00098949720047,0.0125695293423138,TRUE,0.721929400321849,1.0010815634306,-0.0644334196976104,TRUE,0.306138400285762,1.0010035773627
791,"rand=1-1_rate=2_ROB=LH_Bias=No Bias","1-1",2,"LH","No Bias",0,0,0,0,0,0,-0.000100869030491929,0.0336611896094009,0.126026637025745,TRUE,0.465337389452484,1.00100215685592,0.0993046224247793,TRUE,0.308621620041055,1.00098599030905,0.0941234495730123,TRUE,0.575956672380679,1.00150649307918,0.100565892639496,TRUE,0.411960805831332,1.00100259519918
792,"rand=1-1_rate=2_ROB=LH_Bias=No Bias","1-1",2,"LH","No Bias",0,0,0,0,0,0,0.00606531712065985,0.0420848920466071,0.125326035217772,TRUE,0.459282917750554,1.00098814612741,0.127290372431008,TRUE,0.27552784117298,1.00100704641782,-0.00891686761852539,TRUE,0.670044336633886,1.00118267904614,0.169246181686415,TRUE,0.325965041226885,1.00099355417972
793,"rand=1-1_rate=2_ROB=LH_Bias=No Bias","1-1",2,"LH","No Bias",0,0,0,0,0,0,-0.00475741137087743,0.0313355687717994,-0.108868883359562,TRUE,0.47085545574364,1.00100823518687,-0.0503505213633646,TRUE,0.242520557626016,1.00134207594139,-0.295483025880088,TRUE,1.0826016701256,1.00106435048811,-0.0155689169407967,TRUE,0.215498829067409,1.00098739329374
794,"rand=1-1_rate=2_ROB=LH_Bias=No Bias","1-1",2,"LH","No Bias",0,0,0,0,0,0,0.0093262374827763,0.0280077634481958,-0.0393682040459062,TRUE,0.582615328273224,1.00100941608785,0.00324044352290664,TRUE,0.3746900408545,1.0010742422265,-0.0747312244417173,TRUE,0.657963318702805,1.0013424135878,0.0354792016978545,TRUE,0.518922480518759,1.00101061062458
795,"rand=1-1_rate=2_ROB=LH_Bias=No Bias","1-1",2,"LH","No Bias",0,0,0,0,0,0,0.0122972811062695,0.0317571982637096,0.0173954403098144,TRUE,0.498220803214475,1.00135340066373,0.0113975461168051,TRUE,0.315896475867506,1.00100310339337,0.0593898961854733,TRUE,0.492400921861982,1.00121316312162,-0.0054611808963887,TRUE,0.474947577708057,1.00100239176002
796,"rand=1-1_rate=2_ROB=LH_Bias=No Bias","1-1",2,"LH","No Bias",0,0,0,0,0,0,0.0172629731678559,0.0347768896372714,0.129240857696422,TRUE,0.464421541064406,1.00098680009496,0.0322411843519919,TRUE,0.345965411227668,1.00098707544339,0.0189662456723299,TRUE,0.586028824351584,1.00133715207079,0.0354002304838895,TRUE,0.497952379714889,1.00098611971074
797,"rand=1-1_rate=2_ROB=LH_Bias=No Bias","1-1",2,"LH","No Bias",0,0,0,0,0,0,0.0295019909052648,0.0383846588709436,-0.051219252503933,TRUE,0.504684725941996,1.00098773047042,-0.024287152809074,TRUE,0.280790385209691,1.00103581057888,-0.224822358183728,TRUE,0.93494506550021,1.00104252145506,0.0182369991458353,TRUE,0.293296186017442,1.00098698784521
798,"rand=1-1_rate=2_ROB=LH_Bias=No Bias","1-1",2,"LH","No Bias",0,0,0,0,0,0,0.0145120834778214,0.0359002002215651,-0.0906110198582109,TRUE,0.613006836160211,1.00102634947803,-0.0384271214876371,TRUE,0.367666734770401,1.00104830965179,0.00841702856401294,TRUE,0.699610380014235,1.00098645419284,-0.0593385997530123,TRUE,0.511245273466395,1.00099685086844
799,"rand=1-1_rate=2_ROB=LH_Bias=No Bias","1-1",2,"LH","No Bias",0,0,0,0,0,0,-0.0102487799757145,0.0279123468299112,0.0875338026614513,TRUE,0.471336008821141,1.0011918035185,0.0280130524532027,TRUE,0.306276196176238,1.0009925340464,0.0885725126658514,TRUE,0.541759093044277,1.00098615809544,0.00695324143691234,TRUE,0.427177150676699,1.00099311911442
800,"rand=1-1_rate=2_ROB=LH_Bias=No Bias","1-1",2,"LH","No Bias",0,0,0,0,0,0,0.0028804793242004,0.0268006368719406,-0.0269124359329522,TRUE,0.676730833013489,1.0009917351485,-0.0779640773050583,TRUE,0.480764233347656,1.0010102644803,0.046018473972949,TRUE,0.780657547477583,1.00098672326475,-0.154108757031478,TRUE,0.701816135256817,1.00099064317951
801,"rand=1-1_rate=2_ROB=LH_Bias=No Bias","1-1",2,"LH","No Bias",0,0,0,0,0,0,0.00570333781579405,0.0343354098625569,-0.0572975920261225,TRUE,0.592144326657332,1.00100094426175,-0.0782190120074537,TRUE,0.388351048637004,1.00100549303027,-0.0680428016373098,TRUE,1.00084862546195,1.00098696990888,-0.0853744042230309,TRUE,0.423428914127165,1.00098947042919
802,"rand=1-1_rate=2_ROB=LH_Bias=No Bias","1-1",2,"LH","No Bias",0,0,0,0,0,0,0.00596347527744785,0.0425430799686226,-0.107602804457363,TRUE,0.533370726264613,1.00098870368534,-0.0869255328052108,TRUE,0.306606860854632,1.00098623656411,0.0289183528491322,TRUE,0.607137599909285,1.00116920152335,-0.12402514144784,TRUE,0.389286873844588,1.00099628798866
803,"rand=1-1_rate=2_ROB=LH_Bias=No Bias","1-1",2,"LH","No Bias",0,0,0,0,0,0,-0.0251279024220832,0.0383058746493489,-0.0193994891120357,TRUE,0.479403151138519,1.00123836264243,0.0467567092302967,TRUE,0.283156898120369,1.00100719538375,-0.0364575870821047,TRUE,0.558640601503176,1.00098669776683,0.0737115948724926,TRUE,0.373309723164267,1.00098917506045
804,"rand=1-1_rate=2_ROB=LH_Bias=No Bias","1-1",2,"LH","No Bias",0,0,0,0,0,0,0.000412897584865046,0.0398280162382877,-0.0788683916513842,TRUE,0.576080484348,1.00110117631504,-0.159942869584836,TRUE,0.39727042825662,1.00100021564319,-0.00984779016220516,TRUE,0.557234782458592,1.00196458587887,-0.225016459025085,TRUE,0.595460466081665,1.00098650299271
805,"rand=1-1_rate=2_ROB=LH_Bias=No Bias","1-1",2,"LH","No Bias",0,0,0,0,0,0,0.00195048888075466,0.0247567452781552,0.0202016804770596,TRUE,0.53116767508523,1.00099241752994,-0.0374580439706218,TRUE,0.381211044398116,1.00098855162817,0.0323450986768389,TRUE,0.556766356040972,1.00154696640813,-0.0636619068104376,TRUE,0.576387898965075,1.00099934463368
806,"rand=1-1_rate=2_ROB=LH_Bias=No Bias","1-1",2,"LH","No Bias",0,0,0,0,0,0,-0.0132372708971005,0.027998414995891,-0.0557695967941771,TRUE,0.510831101597913,1.00098658823341,-0.0102481021391052,TRUE,0.293096297497833,1.00098599195222,-0.130395269187969,TRUE,0.582433771781304,1.00115680105902,0.0273330431465623,TRUE,0.395459879307802,1.00102464796828
807,"rand=1-1_rate=2_ROB=LH_Bias=No Bias","1-1",2,"LH","No Bias",0,0,0,0,0,0,0.0314551236466558,0.041308230937881,0.0794394767239165,TRUE,0.409918663754104,1.00098609437078,0.0371307519985017,TRUE,0.241944158885745,1.00098728876106,0.206438665259965,TRUE,0.591854108612449,1.00104696899148,-0.000417970753635144,TRUE,0.279261206496499,1.0009918351101
808,"rand=1-1_rate=2_ROB=LH_Bias=No Bias","1-1",2,"LH","No Bias",0,0,0,0,0,0,-0.0205571347700008,0.0329490432084996,0.125170869089582,TRUE,0.444670433115588,1.00099250500322,0.00528909287524282,TRUE,0.32057728591725,1.00104097381796,0.0224238438541813,TRUE,0.714305018442315,1.0010152370286,-0.00335011440047883,TRUE,0.400423238501121,1.00101256031736
809,"rand=1-1_rate=2_ROB=LH_Bias=No Bias","1-1",2,"LH","No Bias",0,0,0,0,0,0,0.00231524252932372,0.0302478634059698,0.0224011807843869,TRUE,0.462567472099611,1.00100002174767,-0.00739493191996976,TRUE,0.270976557350253,1.00113105362805,-0.0347258637048899,TRUE,0.779090812446458,1.00127216562794,-0.00101287772118064,TRUE,0.298287731270981,1.0009919981369
810,"rand=1-1_rate=2_ROB=LH_Bias=No Bias","1-1",2,"LH","No Bias",0,0,0,0,0,0,-0.00478574179723539,0.0376906754454262,0.0331496406532314,TRUE,0.556272552482877,1.00117228295744,-0.00955153372762729,TRUE,0.384491096929035,1.00098741614913,0.102571450626706,TRUE,0.565449448976815,1.00131949865789,-0.0610665102945236,TRUE,0.567958683795858,1.00100721843273
811,"rand=1-1_rate=2_ROB=LH_Bias=No Bias","1-1",2,"LH","No Bias",0,0,0,0,0,0,-0.00696103936817429,0.0347126714762688,0.0566267276522402,TRUE,0.487180297104082,1.00099481697941,0.0125795219502566,TRUE,0.315201344490024,1.00098607148475,-0.134411142665675,TRUE,0.876461499750652,1.00099748216921,0.054315078670397,TRUE,0.350819033762294,1.00098629053406
812,"rand=1-1_rate=2_ROB=LH_Bias=No Bias","1-1",2,"LH","No Bias",0,0,0,0,0,0,-0.00967246058899076,0.0302015798655285,0.102773950619168,TRUE,0.494883097737045,1.00114939686535,0.105958586821521,TRUE,0.31997968728528,1.00098904485825,0.0589096229802293,TRUE,0.603350604261121,1.00116820259882,0.125971123299429,TRUE,0.43964986553142,1.00098929493225
813,"rand=1-1_rate=2_ROB=LH_Bias=No Bias","1-1",2,"LH","No Bias",0,0,0,0,0,0,0.00732474335556231,0.0237873478565645,0.0354359046769092,TRUE,0.479949092553273,1.00099843549763,0.0151637508965436,TRUE,0.302216652663873,1.00098689365086,-0.0203442602315151,TRUE,0.640244278972173,1.00108267540769,0.0233656943779454,TRUE,0.393074182504794,1.00098891148191
814,"rand=1-1_rate=2_ROB=LH_Bias=No Bias","1-1",2,"LH","No Bias",0,0,0,0,0,0,0.00315460388216015,0.0312582113751591,-0.0233738330925215,TRUE,0.436153363433149,1.00098600820073,-0.0891101790334481,TRUE,0.260649055050904,1.00102014755567,0.0423275085578099,TRUE,0.778356094879454,1.00098598993694,-0.119700805059982,TRUE,0.277673799192233,1.00103060427301
815,"rand=1-1_rate=2_ROB=LH_Bias=No Bias","1-1",2,"LH","No Bias",0,0,0,0,0,0,0.0170643383828202,0.0385403621107644,-0.0303374417610718,TRUE,0.544364657384472,1.00099305877242,-0.0217954343181863,TRUE,0.32642308004007,1.00099073773375,0.111287461718359,TRUE,0.583407927530558,1.00105322056211,-0.0665650773565001,TRUE,0.435379377310273,1.00098628153141
816,"rand=1-1_rate=2_ROB=LH_Bias=No Bias","1-1",2,"LH","No Bias",0,0,0,0,0,0,0.000937950542867486,0.0308150725312329,0.0930339672951553,TRUE,0.541030089048707,1.00098689483167,0.0947093595459719,TRUE,0.378609588001617,1.00101678287254,0.120925167267422,TRUE,0.542336869483452,1.00112230319329,0.0745248969810955,TRUE,0.58918281014589,1.0009988393511
817,"rand=1-1_rate=2_ROB=LH_Bias=No Bias","1-1",2,"LH","No Bias",0,0,0,0,0,0,-0.00715501460156088,0.0334578044661155,-0.128716317751874,TRUE,0.659827139194896,1.00114014438962,-0.0929909594987652,TRUE,0.404067669066849,1.00100980704272,-0.10206053174159,TRUE,0.787923144494615,1.00105840815617,-0.0922517092561799,TRUE,0.534602584981274,1.00100233875668
818,"rand=1-1_rate=2_ROB=LH_Bias=No Bias","1-1",2,"LH","No Bias",0,0,0,0,0,0,-0.00417595678041675,0.0461257009602032,0.0190783974405015,TRUE,0.471009007816275,1.00100723657428,0.0116752444882017,TRUE,0.270604032590758,1.00103285843696,0.199934385005335,TRUE,0.511182643056979,1.00138461891054,-0.0480479254650859,TRUE,0.321114254949717,1.00099763749615
819,"rand=1-1_rate=2_ROB=LH_Bias=No Bias","1-1",2,"LH","No Bias",0,0,0,0,0,0,0.0082399046163273,0.0307137688474858,0.112741970403155,TRUE,0.586406988229019,1.00098855147897,0.0399306378791848,TRUE,0.431620962172693,1.00103508747655,0.011897249376108,TRUE,0.811809852061831,1.0010357409951,0.0544032586561726,TRUE,0.590706894985282,1.00100113401778
820,"rand=1-1_rate=2_ROB=LH_Bias=No Bias","1-1",2,"LH","No Bias",0,0,0,0,0,0,0.00842238647783227,0.031248751769985,-0.0766649557734678,TRUE,0.490097717204767,1.00117650954361,-0.114327074924471,TRUE,0.273448783679098,1.00098598996254,-0.120758045554015,TRUE,0.689627442744316,1.00099159463654,-0.113408641636698,TRUE,0.335406960615185,1.00098622540821
821,"rand=1-1_rate=2_ROB=LH_Bias=No Bias","1-1",2,"LH","No Bias",0,0,0,0,0,0,-0.0109799100307008,0.0301957927246783,0.117103719634296,TRUE,0.404790874975425,1.00113548017662,0.0345314152514814,TRUE,0.276994399328559,1.0010139192765,0.0753770876409613,TRUE,0.875133659805209,1.00099539536797,0.0285932872893708,TRUE,0.287044659218416,1.00098601411362
822,"rand=1-1_rate=2_ROB=LH_Bias=No Bias","1-1",2,"LH","No Bias",0,0,0,0,0,0,-0.0143166281710576,0.0356545337698865,-0.166579214091269,TRUE,0.631631380033613,1.00099720971014,-0.082969909561833,TRUE,0.378528766568817,1.0010107025695,-0.168277171813286,TRUE,0.759544323681946,1.00103505170539,-0.0508915755463963,TRUE,0.497900181137625,1.00105068102341
823,"rand=1-1_rate=2_ROB=LH_Bias=No Bias","1-1",2,"LH","No Bias",0,0,0,0,0,0,0.013263065461283,0.0394516853461956,-0.0704341123858268,TRUE,0.559353248969245,1.00113116517241,-0.0170823882186908,TRUE,0.325679869234628,1.00099218502143,-0.0367339218378557,TRUE,0.60717385496813,1.00099804599149,-0.00892430155500445,TRUE,0.448333222610434,1.00098662511405
824,"rand=1-1_rate=2_ROB=LH_Bias=No Bias","1-1",2,"LH","No Bias",0,0,0,0,0,0,0.00873977136501814,0.0282285672534194,0.101973137080488,TRUE,0.470115249423187,1.00099694018868,0.0115008293046103,TRUE,0.314365754154974,1.00099049709217,0.0710978703006128,TRUE,0.53160657311278,1.00098657138599,-0.00694991554981605,TRUE,0.449649356047046,1.00104482426467
825,"rand=1-1_rate=2_ROB=LH_Bias=No Bias","1-1",2,"LH","No Bias",0,0,0,0,0,0,-0.00196665412541073,0.0312051820559663,-0.017991274279624,TRUE,0.506606429889708,1.00100258210021,0.0852156080075824,TRUE,0.276597123190875,1.00101284074036,-0.106568426879704,TRUE,0.594151064152607,1.00108820681787,0.141329292326183,TRUE,0.34298333608414,1.00100425877355
826,"rand=1-1_rate=2_ROB=LH_Bias=No Bias","1-1",2,"LH","No Bias",0,0,0,0,0,0,-0.0118136918271095,0.0269951717072715,-0.0990308794711616,TRUE,0.505080291201234,1.00116473131034,-0.105596872071277,TRUE,0.288288758930169,1.00100561559494,-0.167856239404507,TRUE,0.628165770101388,1.00116857380878,-0.0887158406730839,TRUE,0.371136376065298,1.00100118123579
827,"rand=1-1_rate=2_ROB=LH_Bias=No Bias","1-1",2,"LH","No Bias",0,0,0,0,0,0,0.0128935306681962,0.032771770349138,-0.0564722261390107,TRUE,0.571159824001826,1.00110777658713,-0.168530251623149,TRUE,0.429434988459274,1.00099986357903,-0.184868883405309,TRUE,0.703727692885784,1.00099859163646,-0.155655594307549,TRUE,0.61086896613456,1.00098621185478
828,"rand=1-1_rate=2_ROB=LH_Bias=No Bias","1-1",2,"LH","No Bias",0,0,0,0,0,0,-0.00991199019110836,0.0343796555166003,0.134270128659613,TRUE,0.534163397422139,1.00100400569867,0.100171773814852,TRUE,0.329015214690366,1.00098919387056,-0.157804124229643,TRUE,0.772641869669103,1.00112563059595,0.176666934363255,TRUE,0.358438012637709,1.00099188428696
829,"rand=1-1_rate=2_ROB=LH_Bias=No Bias","1-1",2,"LH","No Bias",0,0,0,0,0,0,0.0042736217808562,0.0333597828505678,-0.0161495716646165,TRUE,0.557017534310822,1.00144015436959,-0.114768587633272,TRUE,0.426303004884867,1.00102314304417,-0.0607506409440961,TRUE,0.654685853550848,1.00104753666879,-0.140761256178382,TRUE,0.641169887928246,1.00098955232888
830,"rand=1-1_rate=2_ROB=LH_Bias=No Bias","1-1",2,"LH","No Bias",0,0,0,0,0,0,-0.0148086144080847,0.0338156002023119,0.0309047800105032,TRUE,0.676434556340993,1.00105276473914,0.0944228325891209,TRUE,0.477442769253401,1.00099812186839,-0.0513051444329959,TRUE,0.845637404431472,1.0010048767991,0.181392168764653,TRUE,0.650736340129583,1.0010032038014
831,"rand=1-1_rate=2_ROB=LH_Bias=No Bias","1-1",2,"LH","No Bias",0,0,0,0,0,0,-0.0089513400678221,0.0298412193602204,-0.0272064992490293,TRUE,0.603788879226579,1.00101129452951,-0.0138126455238166,TRUE,0.392813736122792,1.00098643883416,0.059274599405622,TRUE,0.611545378267187,1.0010286030013,-0.0492189481350946,TRUE,0.580125482288224,1.00099147329031
832,"rand=1-1_rate=2_ROB=LH_Bias=No Bias","1-1",2,"LH","No Bias",0,0,0,0,0,0,0.0152972894281487,0.0309786170578348,-0.186553345173967,TRUE,0.657235353344785,1.00102154743058,-0.102976472158039,TRUE,0.386704901017408,1.00099115152251,0.0448610758955436,TRUE,0.686341377933966,1.00098897804784,-0.170703458383221,TRUE,0.512477640418361,1.00099804608736
833,"rand=1-1_rate=2_ROB=LH_Bias=No Bias","1-1",2,"LH","No Bias",0,0,0,0,0,0,-0.0123368411280377,0.0284480418528384,-0.151912452336065,TRUE,0.608092558945928,1.00104003966065,-0.0496844118021393,TRUE,0.369495583110243,1.00099313240927,-0.124936716399031,TRUE,0.694795786718702,1.00099438157003,-0.0188902380856579,TRUE,0.496432917209787,1.00098601436801
834,"rand=1-1_rate=2_ROB=LH_Bias=No Bias","1-1",2,"LH","No Bias",0,0,0,0,0,0,0.00316538280311833,0.0190904980134261,-0.0448108227284121,TRUE,0.557538593775274,1.00114985214043,-0.065687860860687,TRUE,0.351225167404414,1.00099502320341,-0.110888212117952,TRUE,0.687681875358444,1.00101489561648,-0.0541036445857663,TRUE,0.460021596883436,1.00098634342498
835,"rand=1-1_rate=2_ROB=LH_Bias=No Bias","1-1",2,"LH","No Bias",0,0,0,0,0,0,0.0156340230698838,0.0308636047777949,-0.042122928027613,TRUE,0.585679818450463,1.00099057698828,0.0650254425692443,TRUE,0.360126806314097,1.00114820038562,-0.0456556956922058,TRUE,0.655203091264837,1.00099788168493,0.104778873399047,TRUE,0.492149171095406,1.00098624920115
836,"rand=1-1_rate=2_ROB=LH_Bias=No Bias","1-1",2,"LH","No Bias",0,0,0,0,0,0,0.00180037688556764,0.0323314766560597,-0.138927854840193,TRUE,0.503418321999374,1.00100541211981,-0.0701771579604009,TRUE,0.271121721020349,1.0009913038309,-0.0834367978100656,TRUE,0.603799372561867,1.00120941560812,-0.0638114237632623,TRUE,0.359398395073583,1.00098868133467
837,"rand=1-1_rate=2_ROB=LH_Bias=No Bias","1-1",2,"LH","No Bias",0,0,0,0,0,0,-0.00178448953073412,0.0231971185529891,-0.0370894664169423,TRUE,0.457789237353727,1.00100576321053,0.00782768169890535,TRUE,0.237413678588849,1.0009861689165,0.0842821233577626,TRUE,0.518002546487373,1.00121512953355,-0.0103201813589595,TRUE,0.296302648975996,1.00098660106537
838,"rand=1-1_rate=2_ROB=LH_Bias=No Bias","1-1",2,"LH","No Bias",0,0,0,0,0,0,-0.00792866305068887,0.0383304889947041,-0.196552797245918,TRUE,0.528508942878445,1.00119585640459,-0.189401019530679,FALSE,0.295983422972495,1.0011255950052,0.235798721086953,TRUE,0.4788226506338,1.0011134961451,-0.278529541661685,FALSE,0.26718242394886,1.0009972200613
839,"rand=1-1_rate=2_ROB=LH_Bias=No Bias","1-1",2,"LH","No Bias",0,0,0,0,0,0,0.000992773063324867,0.0256375297295871,-0.121382309569308,TRUE,0.617970814980623,1.00107535066195,-0.143293933938028,TRUE,0.398867123969304,1.00098656698886,-0.188075982991692,TRUE,0.78545272954427,1.00109686284019,-0.128970195354265,TRUE,0.521596477816124,1.00099096365795
840,"rand=1-1_rate=2_ROB=LH_Bias=No Bias","1-1",2,"LH","No Bias",0,0,0,0,0,0,-0.0105529523186509,0.0347830780739289,0.0732987628423198,TRUE,0.50240829528157,1.00104394842045,0.0840999458463059,TRUE,0.318894147897259,1.00104719970424,0.282441460347083,TRUE,0.621273322007563,1.00100780068223,0.00806847035544178,TRUE,0.371720479633144,1.00099477539431
841,"rand=1-1_rate=2_ROB=LH_Bias=No Bias","1-1",2,"LH","No Bias",0,0,0,0,0,0,0.0108405791230072,0.0317182707155451,0.0321467251636657,TRUE,0.504417329517527,1.00115922834312,-0.0214263855860661,TRUE,0.332471909993177,1.00099307914073,0.214014688269351,TRUE,0.466270311670112,1.00129181943066,-0.117592514497263,TRUE,0.451432137258304,1.0009897043192
842,"rand=1-1_rate=2_ROB=LH_Bias=No Bias","1-1",2,"LH","No Bias",0,0,0,0,0,0,0.0044912274825233,0.0242789934355986,0.149228648339231,TRUE,0.397492052737768,1.00103919946919,0.0561156937003977,TRUE,0.272989921274087,1.00098664998939,0.259548295067005,TRUE,0.495704534724631,1.002077724116,-0.0101105435159878,TRUE,0.328588948709572,1.00099738832287
843,"rand=1-1_rate=2_ROB=LH_Bias=No Bias","1-1",2,"LH","No Bias",0,0,0,0,0,0,-0.0116442557071313,0.02990178645547,0.0563533897994206,TRUE,0.478860719840748,1.00138733572609,0.0930856748770287,TRUE,0.286087093495343,1.00100296392904,0.0827289314804034,TRUE,0.506856669406508,1.00212456788688,0.0976456073461106,TRUE,0.416408099179195,1.00098729376775
844,"rand=1-1_rate=2_ROB=LH_Bias=No Bias","1-1",2,"LH","No Bias",0,0,0,0,0,0,-0.00974673839528047,0.0375391870962072,-0.20728126712655,TRUE,0.581249885882024,1.00161429136892,-0.0899559052531214,TRUE,0.330937514618673,1.00102328813692,0.104498966577813,TRUE,0.501090355277796,1.00189319445042,-0.152582500858854,TRUE,0.465547792568048,1.00102754341001
845,"rand=1-1_rate=2_ROB=LH_Bias=No Bias","1-1",2,"LH","No Bias",0,0,0,0,0,0,-0.0112828095062185,0.0272918749632661,-0.0135459280719936,TRUE,0.583512421335513,1.00102354334318,0.00253320736895335,TRUE,0.374079810866061,1.00102969510523,-0.151590154576462,TRUE,0.708169689024154,1.00099194168248,0.0684604526839876,TRUE,0.489703358453123,1.00100629529466
846,"rand=1-1_rate=2_ROB=LH_Bias=No Bias","1-1",2,"LH","No Bias",0,0,0,0,0,0,-0.00506397740036427,0.0435138086180533,0.105657714740622,TRUE,0.476622368369559,1.00114842113626,0.0651751025296335,TRUE,0.332895061630963,1.00098653892595,0.0232345824080793,TRUE,0.535448669124671,1.00108769286389,0.0865598823125511,TRUE,0.484761660262995,1.00099226119652
847,"rand=1-1_rate=2_ROB=LH_Bias=No Bias","1-1",2,"LH","No Bias",0,0,0,0,0,0,0.00605352565873841,0.0311778614210068,0.0513817925577814,TRUE,0.484024846966108,1.00112923974898,0.0162210760413146,TRUE,0.315756657759683,1.00102029583295,0.0691578555426905,TRUE,0.575099428096399,1.0009860990607,-0.0016648543520561,TRUE,0.427191437143537,1.00098615408391
848,"rand=1-1_rate=2_ROB=LH_Bias=No Bias","1-1",2,"LH","No Bias",0,0,0,0,0,0,0.0214049497668305,0.0416994780293286,0.0156221790840353,TRUE,0.415047034501883,1.00103413917702,-0.00525862546123412,TRUE,0.201084587431443,1.00100244712287,0.0431688161729197,TRUE,0.728765013867434,1.00101210690159,-0.0126121902839145,TRUE,0.207033166574994,1.00099619438617
849,"rand=1-1_rate=2_ROB=LH_Bias=No Bias","1-1",2,"LH","No Bias",0,0,0,0,0,0,-0.0130542088393949,0.0369327674401929,0.0334523557152223,TRUE,0.575625507798875,1.00103919694661,0.0463804557691376,TRUE,0.373880436156163,1.00098942478427,0.144596301014628,TRUE,0.544777440236086,1.00100737748231,0.00439100475188625,TRUE,0.563429813190452,1.00099881390233
850,"rand=1-1_rate=2_ROB=LH_Bias=No Bias","1-1",2,"LH","No Bias",0,0,0,0,0,0,-0.00729217424315656,0.0257975469422372,-0.0867477870304973,TRUE,0.585157066332748,1.00121862926695,-0.0692283096464485,TRUE,0.382451995906015,1.00098819340189,-0.0368826620127543,TRUE,0.588412952608363,1.00107367096499,-0.0840810279415756,TRUE,0.572503027100846,1.00099036568595
851,"rand=1-1_rate=2_ROB=LH_Bias=No Bias","1-1",2,"LH","No Bias",0,0,0,0,0,0,-0.01150803785797,0.0302446720163289,0.0270705500438758,TRUE,0.518810375429539,1.0010178081381,-0.0626921769963165,TRUE,0.365276908411641,1.00098610952015,0.0647108321230769,TRUE,0.571380400524765,1.00262111224844,-0.11174730459612,TRUE,0.528059502184422,1.00104122616594
852,"rand=1-1_rate=2_ROB=LH_Bias=No Bias","1-1",2,"LH","No Bias",0,0,0,0,0,0,-0.00710029272460021,0.0281554845347816,-0.0974060663079146,TRUE,0.589871513899912,1.00098602342592,-0.0555314319840035,TRUE,0.354598012081465,1.00101841194193,-0.245127317527737,TRUE,0.787443938433359,1.00111005518539,0.00646594212769847,TRUE,0.425062432202588,1.00099017524744
853,"rand=1-1_rate=2_ROB=LH_Bias=No Bias","1-1",2,"LH","No Bias",0,0,0,0,0,0,0.00505100676963233,0.0248279537878328,-0.0233086879764606,TRUE,0.526981424365268,1.0015161192259,0.0555031119650334,TRUE,0.312671439629969,1.00103026810914,0.165882563220193,TRUE,0.489730947893135,1.00108132392402,0.0100099464637393,TRUE,0.437394687170889,1.00102869531489
854,"rand=1-1_rate=2_ROB=LH_Bias=No Bias","1-1",2,"LH","No Bias",0,0,0,0,0,0,-0.00352318995087488,0.0368849749946991,0.0900141974966393,TRUE,0.482178500614113,1.00099916914684,0.0970774959294631,TRUE,0.297818016578388,1.00098708800476,0.191575784100308,TRUE,0.539267633970069,1.00098947187098,0.057387669050282,TRUE,0.397021198755472,1.0010160832471
855,"rand=1-1_rate=2_ROB=LH_Bias=No Bias","1-1",2,"LH","No Bias",0,0,0,0,0,0,0.0152642570000884,0.0288507252007367,-0.203790139890064,TRUE,0.686435867859024,1.0009916046029,-0.0907764875869035,TRUE,0.431084050971792,1.00099363031483,-0.0752615767643552,TRUE,1.01572485165398,1.00098779624543,-0.0994478479067746,TRUE,0.521718353444334,1.00099703523839
856,"rand=1-1_rate=2_ROB=LH_Bias=No Bias","1-1",2,"LH","No Bias",0,0,0,0,0,0,0.0169556481960308,0.0326794013162985,0.031955289574264,TRUE,0.585540499628912,1.00098633945363,0.0314772761387144,TRUE,0.386573239108629,1.00098805946669,0.00804738803850891,TRUE,0.770846332292481,1.00098907714094,0.0445048650781686,TRUE,0.508427746101247,1.00102928261643
857,"rand=1-1_rate=2_ROB=LH_Bias=No Bias","1-1",2,"LH","No Bias",0,0,0,0,0,0,0.0158642301329451,0.0342673657025672,0.0208798657193916,TRUE,0.565660690433193,1.00098680844689,-0.0189745986066028,TRUE,0.372490928106849,1.00099663669757,-0.220971431121192,TRUE,1.05854541614376,1.00098902366717,0.0533374435818729,TRUE,0.36759501575718,1.00100229143967
858,"rand=1-1_rate=2_ROB=LH_Bias=No Bias","1-1",2,"LH","No Bias",0,0,0,0,0,0,0.0013131462508366,0.0296720581644836,0.0979923626943914,TRUE,0.414005208220201,1.00098669999777,0.0908718568125243,TRUE,0.23038810799157,1.00098699765985,-0.110847792807393,TRUE,1.29042103384277,1.00099075243812,0.115458305117276,FALSE,0.194233711351596,1.00099088768464
859,"rand=1-1_rate=2_ROB=LH_Bias=No Bias","1-1",2,"LH","No Bias",0,0,0,0,0,0,0.0154082367290413,0.0249413325952705,0.103567300958166,TRUE,0.488920850499799,1.00122856882594,0.0603268472547659,TRUE,0.325125323412285,1.00100567056282,-0.0983321638970762,TRUE,0.684202731471762,1.00115471955697,0.110946479722585,TRUE,0.407226814827741,1.00098731448663
860,"rand=1-1_rate=2_ROB=LH_Bias=No Bias","1-1",2,"LH","No Bias",0,0,0,0,0,0,0.0145138511575958,0.0349235632057294,-0.186073269104717,TRUE,0.739366293436346,1.00099044308596,-0.130256143929138,TRUE,0.496045750708576,1.00099139746219,-0.123087597121927,TRUE,0.802598462050929,1.00111237059064,-0.13393900288845,TRUE,0.734267724964943,1.00100179565109
861,"rand=1-1_rate=2_ROB=LH_Bias=No Bias","1-1",2,"LH","No Bias",0,0,0,0,0,0,-0.00311191827793818,0.035700284362275,-0.0198916800256288,TRUE,0.660268973371716,1.00098598993745,-0.0489665566068169,TRUE,0.443696510253564,1.00099382530306,-0.17011938043734,TRUE,0.80087950891283,1.00109417836948,0.00061630400470758,TRUE,0.609912711925072,1.00100180907788
862,"rand=1-1_rate=2_ROB=LH_Bias=No Bias","1-1",2,"LH","No Bias",0,0,0,0,0,0,-0.00815024941036456,0.0276201836213936,-0.150139879323175,TRUE,0.6256952041988,1.00099059085501,-0.0473946817761102,TRUE,0.365406524759835,1.00099125817885,-0.195308360588841,TRUE,0.748160084349832,1.001188982774,0.00574110124503313,TRUE,0.455957510210916,1.00102546504125
863,"rand=1-1_rate=2_ROB=LH_Bias=No Bias","1-1",2,"LH","No Bias",0,0,0,0,0,0,0.00652485523212616,0.0364058942353079,0.0917564579373629,TRUE,0.570255568877474,1.00098955229203,0.0122083948551482,TRUE,0.400435727882657,1.00100048538296,0.243553169922673,TRUE,0.508332609774535,1.00115264964979,-0.123735055242125,TRUE,0.591089649973071,1.00100618090885
864,"rand=1-1_rate=2_ROB=LH_Bias=No Bias","1-1",2,"LH","No Bias",0,0,0,0,0,0,0.00820202285002663,0.0239613546380873,0.0829849768721588,TRUE,0.508955160970782,1.00116537744224,0.07873893688467,TRUE,0.320468609100282,1.00098884224808,0.215999869505007,TRUE,0.481287428209699,1.00115173784868,0.0223852545469372,TRUE,0.462894831632856,1.00104114754683
865,"rand=1-1_rate=2_ROB=LH_Bias=No Bias","1-1",2,"LH","No Bias",0,0,0,0,0,0,0.000739188696016074,0.0228681735862767,0.0145800473530497,TRUE,0.408076446247761,1.00099357243777,0.00682897140622074,TRUE,0.193436540023045,1.0011465205391,-0.0696936262832299,TRUE,0.623996438576401,1.0011117248992,0.0183168510079923,TRUE,0.219982720505375,1.00100138914258
866,"rand=1-1_rate=2_ROB=LH_Bias=No Bias","1-1",2,"LH","No Bias",0,0,0,0,0,0,-0.0116778621984318,0.0405984611083413,0.0123093793690718,TRUE,0.470207109155031,1.0012347407698,-0.0300769307790518,TRUE,0.29442063562705,1.0011576973842,0.0707540089472608,TRUE,0.540996046123802,1.00112744632474,-0.0621842298770559,TRUE,0.396989781822112,1.00100107345569
867,"rand=1-1_rate=2_ROB=LH_Bias=No Bias","1-1",2,"LH","No Bias",0,0,0,0,0,0,-0.0132000406420486,0.0276051785804517,-0.00767204975187696,TRUE,0.490160625140209,1.00110572763017,-0.0302984396818027,TRUE,0.296341639919546,1.0010322161278,-0.0395905861029566,TRUE,0.579305409728069,1.00100324991067,-0.0252429422429945,TRUE,0.393445099094884,1.00098633096678
868,"rand=1-1_rate=2_ROB=LH_Bias=No Bias","1-1",2,"LH","No Bias",0,0,0,0,0,0,-0.00474401656970376,0.0379442820967247,-0.0363108205993912,TRUE,0.557368110264916,1.00122485185045,0.000986809797106636,TRUE,0.347929989584822,1.00100601928018,0.0165855308033579,TRUE,0.562671373973943,1.00111050253851,-0.00945067704647906,TRUE,0.513970300219177,1.00099627546941
869,"rand=1-1_rate=2_ROB=LH_Bias=No Bias","1-1",2,"LH","No Bias",0,0,0,0,0,0,-0.00589465405944718,0.035319379420849,0.0175527741830265,TRUE,0.542500983390579,1.00101367397857,-0.00804285089771306,TRUE,0.382199006754562,1.00100540211697,0.0135111315183414,TRUE,0.551580406230352,1.00103950972167,-0.0150300629876345,TRUE,0.588589313165667,1.00098801425805
870,"rand=1-1_rate=2_ROB=LH_Bias=No Bias","1-1",2,"LH","No Bias",0,0,0,0,0,0,0.00855511209102718,0.0324645867872899,-0.0376762228759628,TRUE,0.525302469328025,1.00099888536731,-0.0674305926597656,TRUE,0.33253125208557,1.00105000445361,-0.125950515376788,TRUE,0.733760632661954,1.00099084974284,-0.0459594396871452,TRUE,0.417851351688305,1.00098899597203
871,"rand=1-1_rate=2_ROB=LH_Bias=No Bias","1-1",2,"LH","No Bias",0,0,0,0,0,0,-0.0105343745005846,0.038773235056542,-0.0418577715010142,TRUE,0.546892822908758,1.00128128790733,-0.0426469799024494,TRUE,0.334220378016723,1.00098824723523,0.00398804325783253,TRUE,0.67704925095356,1.00100599961272,-0.0609547232419625,TRUE,0.433861160161669,1.00101423802305
872,"rand=1-1_rate=2_ROB=LH_Bias=No Bias","1-1",2,"LH","No Bias",0,0,0,0,0,0,0.0013797365962384,0.0295588588047212,-0.0994047235272097,TRUE,0.738037147337045,1.00101009694584,0.0147130638780901,TRUE,0.475069530403457,1.00099757943754,-0.0965038369915134,TRUE,1.20120683131067,1.0009921365938,0.0747595987417227,TRUE,0.522064235383254,1.00100861204337
873,"rand=1-1_rate=2_ROB=LH_Bias=No Bias","1-1",2,"LH","No Bias",0,0,0,0,0,0,0.00631696284591005,0.0197005357907797,-0.127776096776771,TRUE,0.688145589075174,1.00100245601034,-0.132189637759042,TRUE,0.45871788417461,1.00098741194894,-0.106547703071529,TRUE,0.894936634306293,1.00110431927966,-0.146547161523011,TRUE,0.617952826282569,1.0009860408045
874,"rand=1-1_rate=2_ROB=LH_Bias=No Bias","1-1",2,"LH","No Bias",0,0,0,0,0,0,0.00574789537118822,0.0308267280496987,0.0299671992088473,TRUE,0.406582528847949,1.00098697452159,0.0462947254149931,TRUE,0.182169349086614,1.00099487897281,0.0712790670042505,TRUE,0.874915897191239,1.00100286874921,0.0399733577268336,TRUE,0.173598173338015,1.00142436222217
875,"rand=1-1_rate=2_ROB=LH_Bias=No Bias","1-1",2,"LH","No Bias",0,0,0,0,0,0,-0.00998842118776181,0.029936354440186,-0.070677455051632,TRUE,0.645005231338922,1.00101500639456,-0.0550461854671151,TRUE,0.411209829515091,1.00108842983608,-0.0796579976417,TRUE,0.865560293639962,1.00115789422902,-0.044863855034049,TRUE,0.529303278975387,1.0009870439982
876,"rand=1-1_rate=2_ROB=LH_Bias=No Bias","1-1",2,"LH","No Bias",0,0,0,0,0,0,0.00197247871209975,0.0285782354590344,0.0447041091586429,TRUE,0.416667347716263,1.0009891427934,-0.040794312106178,TRUE,0.266667384122697,1.00098669211099,-0.0625400113217238,TRUE,0.587388593328006,1.00155267807506,-0.0362391135761293,TRUE,0.350478023825884,1.00100160858181
877,"rand=1-1_rate=2_ROB=LH_Bias=No Bias","1-1",2,"LH","No Bias",0,0,0,0,0,0,0.00358286977043983,0.0352836807790664,0.0619434013753947,TRUE,0.399356579739648,1.00099622276376,0.0203357235291649,TRUE,0.21385126539106,1.00102831220595,0.11102763153188,TRUE,0.547993937555625,1.0010838043305,0.0022748415373437,TRUE,0.248046212038307,1.00101898402265
878,"rand=1-1_rate=2_ROB=LH_Bias=No Bias","1-1",2,"LH","No Bias",0,0,0,0,0,0,-0.00210086319644309,0.0234391550610058,-0.15880851769454,TRUE,0.582328689091274,1.00100043133576,-0.051734800638404,TRUE,0.305987204865648,1.00098778951353,-0.113102485874659,TRUE,0.791717444009947,1.00101587854861,-0.0303144975600103,TRUE,0.354458856744004,1.00098876836678
879,"rand=1-1_rate=2_ROB=LH_Bias=No Bias","1-1",2,"LH","No Bias",0,0,0,0,0,0,0.0044626813534296,0.0367375992290307,-0.0928579358235875,TRUE,0.626259480275142,1.00102495977657,-0.0197795386699489,TRUE,0.382470438265713,1.00103124227005,0.00534330379321046,TRUE,0.643266603417719,1.00100090817588,-0.0377966385539554,TRUE,0.55559758377878,1.0009867035718
880,"rand=1-1_rate=2_ROB=LH_Bias=No Bias","1-1",2,"LH","No Bias",0,0,0,0,0,0,-0.0102903661973786,0.0251814618965975,0.134120844782007,TRUE,0.455258224817808,1.0011056787408,0.0648347173978012,TRUE,0.309109022128334,1.0009886920754,0.14908793050912,TRUE,0.544151674240815,1.0011472584909,0.034433619170287,TRUE,0.424574945864188,1.00099800437305
881,"rand=1-1_rate=2_ROB=LH_Bias=No Bias","1-1",2,"LH","No Bias",0,0,0,0,0,0,0.011195763278745,0.0359636025866914,-0.0450013844929098,TRUE,0.578710220046904,1.00100836172636,0.0335085895383912,TRUE,0.353014728827889,1.00102727848173,-0.118101790075393,TRUE,0.877841400230348,1.0010032412697,0.0912384074446215,TRUE,0.403686025816448,1.00100602882791
882,"rand=1-1_rate=2_ROB=LH_Bias=No Bias","1-1",2,"LH","No Bias",0,0,0,0,0,0,-0.00405708969108128,0.0448899017261698,0.0772197369241738,TRUE,0.457594100648135,1.00100869366158,0.0866175672569275,TRUE,0.259529199873578,1.0009860930738,-0.123721227261343,TRUE,0.985895385652408,1.00102107980645,0.130707050718789,FALSE,0.248186503563275,1.00101372712493
883,"rand=1-1_rate=2_ROB=LH_Bias=No Bias","1-1",2,"LH","No Bias",0,0,0,0,0,0,0.0193168496297414,0.0319956228000901,0.0447769759095277,TRUE,0.499883318178974,1.0010004778925,-0.0520597172812283,TRUE,0.341308280149729,1.00098697483174,-0.12023121208457,TRUE,0.827518503123385,1.0010677103191,-0.0310843805055934,TRUE,0.412246198084026,1.00098642986149
884,"rand=1-1_rate=2_ROB=LH_Bias=No Bias","1-1",2,"LH","No Bias",0,0,0,0,0,0,-0.00901741697033342,0.0373373869892126,0.051900173953462,TRUE,0.405746718547714,1.00101587095619,0.0523973601678456,TRUE,0.206841324495196,1.00099633961179,0.0461047232454123,TRUE,0.54267723870607,1.00125481712515,0.0538554123229062,TRUE,0.251545301185168,1.00102692136992
885,"rand=1-1_rate=2_ROB=LH_Bias=No Bias","1-1",2,"LH","No Bias",0,0,0,0,0,0,0.000354261382356989,0.0306900046066899,-0.0372299252924382,TRUE,0.577579123367561,1.00105113289037,-0.13048054457612,TRUE,0.409035998482213,1.00103646208045,0.0291043423695311,TRUE,0.584517764121583,1.00116798074854,-0.195945090227923,TRUE,0.616895177520591,1.00099463247087
886,"rand=1-1_rate=2_ROB=LH_Bias=No Bias","1-1",2,"LH","No Bias",0,0,0,0,0,0,0.0154076654582673,0.0407896449008779,0.031112292905068,TRUE,0.589264726723396,1.00102321769952,-0.0237414443249,TRUE,0.419739184225582,1.00104196587747,-0.0594984057828276,TRUE,0.826438656830227,1.00098670542269,-0.00388536438877174,TRUE,0.563178823952683,1.00099425980605
887,"rand=1-1_rate=2_ROB=LH_Bias=No Bias","1-1",2,"LH","No Bias",0,0,0,0,0,0,-0.00815322646363187,0.0331032862718503,0.0413031714136718,TRUE,0.499401101657025,1.00099429558959,-0.0631055713499362,TRUE,0.374244572720074,1.00102817711359,0.0734722037874892,TRUE,0.542742231316382,1.001130053014,-0.118771355900795,TRUE,0.546633976685258,1.00102788562638
888,"rand=1-1_rate=2_ROB=LH_Bias=No Bias","1-1",2,"LH","No Bias",0,0,0,0,0,0,0.00863962900578512,0.0334870386902494,0.0383792802475781,TRUE,0.558755013899006,1.00098884515782,-0.0549728236645661,TRUE,0.415109127103642,1.00102432672875,-0.141520755495438,TRUE,1.1585493415226,1.00102549888952,-0.0284215474758158,TRUE,0.4500734586317,1.00103281265271
889,"rand=1-1_rate=2_ROB=LH_Bias=No Bias","1-1",2,"LH","No Bias",0,0,0,0,0,0,0.00120423803696281,0.024808219439326,0.0107431515139043,TRUE,0.533997693115007,1.00099128377563,0.0100781769415985,TRUE,0.329354396305991,1.00098672447846,0.0869664359474782,TRUE,0.796229090121091,1.00127071877385,-0.0106215486877559,TRUE,0.385795651710334,1.00099653804469
890,"rand=1-1_rate=2_ROB=LH_Bias=No Bias","1-1",2,"LH","No Bias",0,0,0,0,0,0,-0.0159504082639522,0.0373238205900917,0.0422488281707669,TRUE,0.412465400759597,1.0012496446097,0.0729507709834342,TRUE,0.223588336460765,1.00099660172557,0.218594067020646,TRUE,0.430375141437778,1.00101338686586,0.0391648090057012,TRUE,0.279525523388903,1.00102015647669
891,"rand=1-1_rate=2_ROB=LH_Bias=No Bias","1-1",2,"LH","No Bias",0,0,0,0,0,0,-0.00162357900232256,0.0391575904037854,0.110707739531438,TRUE,0.458812854266113,1.00135437646919,0.0856206262148373,TRUE,0.290611548520616,1.00099539288995,0.155139118401105,TRUE,0.476954454435606,1.00099543586983,0.0599020622980971,TRUE,0.424618677942399,1.00100698717773
892,"rand=1-1_rate=2_ROB=LH_Bias=No Bias","1-1",2,"LH","No Bias",0,0,0,0,0,0,-0.00316628310738592,0.0238532508696461,0.0571889773647229,TRUE,0.484241722174715,1.00103629835191,0.0275711266645901,TRUE,0.321236153066491,1.00099060557145,0.0824368314288829,TRUE,0.495518399952593,1.00100563687104,-0.00340258863961673,TRUE,0.484080359825557,1.00100231372657
893,"rand=1-1_rate=2_ROB=LH_Bias=No Bias","1-1",2,"LH","No Bias",0,0,0,0,0,0,0.00693586775006217,0.0308891522698891,0.0330366541377087,TRUE,0.536916343979213,1.00098601142049,0.0174287728192817,TRUE,0.34551056194835,1.00098896747798,-0.0205885055459238,TRUE,0.590046931423479,1.00103207876474,0.0315436980175238,TRUE,0.495483865914888,1.00098644109016
894,"rand=1-1_rate=2_ROB=LH_Bias=No Bias","1-1",2,"LH","No Bias",0,0,0,0,0,0,0.00729481607994717,0.0410150433068585,0.178115070371,TRUE,0.449589808280987,1.00099157197201,0.06359453051272,TRUE,0.338090645542981,1.00104460961628,-0.0422741747163122,TRUE,0.708978831744106,1.00140551504804,0.106582709371913,TRUE,0.42338199834414,1.00103512184348
895,"rand=1-1_rate=2_ROB=LH_Bias=No Bias","1-1",2,"LH","No Bias",0,0,0,0,0,0,-0.00434611226775823,0.0268514020938478,0.02767386701596,TRUE,0.488352995134618,1.00099292575444,-0.0607065747279221,TRUE,0.333058737246593,1.00098666993041,0.114621072691782,TRUE,0.524225696109339,1.00106776334541,-0.128275127501464,TRUE,0.45049073267784,1.00099249442867
896,"rand=1-1_rate=2_ROB=LH_Bias=No Bias","1-1",2,"LH","No Bias",0,0,0,0,0,0,-0.00674276904731633,0.0264403277435049,-0.194527254971026,TRUE,0.648075969569775,1.00109868647249,-0.163312088757044,TRUE,0.393618753801163,1.00099773305804,-0.0460654630203696,TRUE,0.727818745931622,1.0012697326915,-0.207625412904883,TRUE,0.523823794477287,1.00098891809182
897,"rand=1-1_rate=2_ROB=LH_Bias=No Bias","1-1",2,"LH","No Bias",0,0,0,0,0,0,-0.00984417403361664,0.0386483676899045,-0.112387656993881,TRUE,0.558568764203059,1.00100328010596,-0.0527709828311864,TRUE,0.349303219913828,1.00104923499121,-0.207100546253272,TRUE,0.64423364890317,1.00186299002779,0.00504843333503124,TRUE,0.454084249077545,1.00099402305884
898,"rand=1-1_rate=2_ROB=LH_Bias=No Bias","1-1",2,"LH","No Bias",0,0,0,0,0,0,-0.00222963700141239,0.0417679418660735,0.0366229310359131,TRUE,0.521297030013255,1.00100968063962,0.0666913666447915,TRUE,0.324121424095454,1.00099234732891,-0.0522350701049781,TRUE,0.661051260846645,1.00123720664438,0.107179032846675,TRUE,0.419151555641266,1.00102036676971
899,"rand=1-1_rate=2_ROB=LH_Bias=No Bias","1-1",2,"LH","No Bias",0,0,0,0,0,0,-0.00611785498792759,0.0551760538661127,-0.0988246158550652,TRUE,0.535829307073342,1.0009896375619,-0.031712288632372,TRUE,0.29548864603688,1.00101811395712,-0.118455038353837,TRUE,0.633387381428056,1.00166916777128,-0.0102947452059166,TRUE,0.388680207250972,1.00104767541694
900,"rand=1-1_rate=2_ROB=LH_Bias=No Bias","1-1",2,"LH","No Bias",0,0,0,0,0,0,-0.00463844843031003,0.0270987637921343,-0.0512430354081941,TRUE,0.539754450070871,1.00098799253368,-0.136618242313032,TRUE,0.391309162204245,1.00099317977616,-0.0145880804002785,TRUE,0.573809635232949,1.00128675904617,-0.190423563378554,TRUE,0.588330847676235,1.00105465260493
901,"rand=1-1_rate=2_ROB=LH_Bias=No Bias","1-1",2,"LH","No Bias",0,0,0,0,0,0,-0.0138099346035115,0.0291828784776247,0.126501106295649,TRUE,0.410735846237366,1.00099243750441,0.0448220576653652,TRUE,0.254993035040645,1.00098973065443,0.0409732018106413,TRUE,0.567680749615818,1.00135002028294,0.0460998701088968,TRUE,0.324245870969975,1.00106739863233
902,"rand=1-1_rate=2_ROB=LH_Bias=No Bias","1-1",2,"LH","No Bias",0,0,0,0,0,0,0.0005257309213511,0.0256238542366571,-0.177085149899102,TRUE,0.698621135319085,1.00103827079535,-0.140211032385354,TRUE,0.432196108921208,1.00103302462224,-0.190133162848846,TRUE,0.997500433697393,1.00111936317786,-0.122002624544097,TRUE,0.528817927249472,1.00098662045166
903,"rand=1-1_rate=2_ROB=LH_Bias=No Bias","1-1",2,"LH","No Bias",0,0,0,0,0,0,0.0106979843172683,0.0237292523775989,0.0108924505504786,TRUE,0.598343980600699,1.00115919461585,-0.0164243359478902,TRUE,0.404013846150476,1.00098612878989,-0.256849520859902,TRUE,0.76727122958462,1.00107928760336,0.0814920722578507,TRUE,0.498107642269924,1.00103838511254
904,"rand=1-1_rate=2_ROB=LH_Bias=No Bias","1-1",2,"LH","No Bias",0,0,0,0,0,0,0.0194359939949661,0.0355555809661221,-0.11915342870994,TRUE,0.597449409348625,1.00100880069176,0.0401184266440512,TRUE,0.358941576030579,1.00102344205816,0.0670073439564568,TRUE,0.566647212323365,1.00139540124529,0.0266556417316821,TRUE,0.533201994287377,1.00103000682852
905,"rand=1-1_rate=2_ROB=LH_Bias=No Bias","1-1",2,"LH","No Bias",0,0,0,0,0,0,0.0011269782869436,0.0304691468800986,0.0458522324678865,TRUE,0.509875054205458,1.00104227758301,0.081572378738025,TRUE,0.295056140596124,1.0010639560333,0.113227653532138,TRUE,0.600665713570009,1.00105676509032,0.0697290100613333,TRUE,0.384583535147387,1.00100180278452
906,"rand=1-1_rate=2_ROB=LH_Bias=No Bias","1-1",2,"LH","No Bias",0,0,0,0,0,0,0.0115986271596864,0.0298554691922669,0.071746876262941,TRUE,0.480316674444542,1.0009985057727,0.0855020846505969,TRUE,0.293664586942858,1.00098627326155,0.0274593457179532,TRUE,0.547162190426508,1.0018221575353,0.106512882465199,TRUE,0.417701239618104,1.00098616981979
907,"rand=1-1_rate=2_ROB=LH_Bias=No Bias","1-1",2,"LH","No Bias",0,0,0,0,0,0,-0.00979857285816389,0.0330021142378439,-0.102121110910027,TRUE,0.648448887118641,1.00102764502287,-0.132495923988961,TRUE,0.479948475610386,1.00101368174923,-0.223346839878101,TRUE,0.752206351147465,1.00117605167391,-0.0836378068649841,TRUE,0.687104053150862,1.00098883403755
908,"rand=1-1_rate=2_ROB=LH_Bias=No Bias","1-1",2,"LH","No Bias",0,0,0,0,0,0,-0.00259683436919467,0.0358998154391464,0.0410998752752689,TRUE,0.50418425387639,1.00099024050485,0.00199732498263205,TRUE,0.329679712661099,1.00099049351387,-0.205272171819776,TRUE,0.700606222966185,1.00098955574384,0.0651234828291444,TRUE,0.392424730628403,1.00098604208342
909,"rand=1-1_rate=2_ROB=LH_Bias=No Bias","1-1",2,"LH","No Bias",0,0,0,0,0,0,0.00190645011613603,0.0310069965472494,0.0503471316922917,TRUE,0.48852843879089,1.00102981471354,0.0734813373049331,TRUE,0.299127850058271,1.00104195629218,0.0157170675593966,TRUE,0.610049545547943,1.00108221821143,0.0900139626299953,TRUE,0.384069877144378,1.00114230090201
910,"rand=1-1_rate=2_ROB=LH_Bias=No Bias","1-1",2,"LH","No Bias",0,0,0,0,0,0,0.00370175746966457,0.0297458102217191,-0.204097553618982,TRUE,0.513942489218816,1.0010089863687,-0.178177433694355,FALSE,0.250494405340066,1.00108448539704,-0.163316499231978,TRUE,0.6043650274081,1.00199979447314,-0.182348284035565,FALSE,0.309699003809609,1.00099103728295
911,"rand=1-1_rate=2_ROB=LH_Bias=No Bias","1-1",2,"LH","No Bias",0,0,0,0,0,0,0.0158986854431506,0.0283744234040989,-0.10271852995929,TRUE,0.532608166095925,1.00100209949139,-0.169959355553173,FALSE,0.328023205745841,1.00098654903186,-0.131474895531388,TRUE,0.725665139840368,1.0013412973054,-0.180787632384542,TRUE,0.409077218589346,1.00098789384047
912,"rand=1-1_rate=2_ROB=LH_Bias=No Bias","1-1",2,"LH","No Bias",0,0,0,0,0,0,0.00632393300791366,0.0356381477841023,-0.0578055082189552,TRUE,0.555332582907597,1.00101403794917,-0.0722651796181364,TRUE,0.349235148461355,1.00102285952463,-0.0535092728658615,TRUE,0.776356238840839,1.00099734274406,-0.0781135482194206,TRUE,0.433863528583308,1.00098604679276
913,"rand=1-1_rate=2_ROB=LH_Bias=No Bias","1-1",2,"LH","No Bias",0,0,0,0,0,0,-0.00508238657108722,0.0225231462699307,0.0452847761233756,TRUE,0.482752201702622,1.00231037536827,-0.0631242532178924,TRUE,0.335042747079243,1.00098643045151,-0.0359565851182992,TRUE,0.554804257116215,1.0019880993986,-0.0718044853865829,TRUE,0.485019052902661,1.00106847205772
914,"rand=1-1_rate=2_ROB=LH_Bias=No Bias","1-1",2,"LH","No Bias",0,0,0,0,0,0,-0.000125484863619222,0.0207766878688712,-0.0442554558547072,TRUE,0.565418704283414,1.00099898321317,-0.0632422597072408,TRUE,0.372908381651254,1.00098673416942,0.0157533926423923,TRUE,0.589649682758616,1.00099983322781,-0.0937584728305121,TRUE,0.539743870547863,1.00102436611564
915,"rand=1-1_rate=2_ROB=LH_Bias=No Bias","1-1",2,"LH","No Bias",0,0,0,0,0,0,-0.00471725938332114,0.023567190082314,0.00625627713079346,TRUE,0.578916011363417,1.0012125666921,0.0355977313897681,TRUE,0.365301178624383,1.00104953239553,0.200270524193857,TRUE,0.503176314583045,1.00110578357978,-0.0477691983625119,TRUE,0.542053256295824,1.00099440171206
916,"rand=1-1_rate=2_ROB=LH_Bias=No Bias","1-1",2,"LH","No Bias",0,0,0,0,0,0,0.00820758688068885,0.0330708178132481,-0.304924827005018,FALSE,0.601806412223546,1.00103478094643,-0.274575367544836,FALSE,0.321404724195894,1.00099630662704,-0.120430827200414,TRUE,0.728143075000064,1.00104817185751,-0.309741198032095,FALSE,0.388454781781574,1.00099486063913
917,"rand=1-1_rate=2_ROB=LH_Bias=No Bias","1-1",2,"LH","No Bias",0,0,0,0,0,0,-0.00829972550945911,0.0296963374419998,-0.0132021526049366,TRUE,0.557810859646868,1.0010868957858,-0.0668387546156732,TRUE,0.37121799552746,1.00098694193326,0.154186012882819,TRUE,0.538264854560604,1.00100858701007,-0.168639284722457,TRUE,0.505301356426946,1.00098955344823
918,"rand=1-1_rate=2_ROB=LH_Bias=No Bias","1-1",2,"LH","No Bias",0,0,0,0,0,0,0.00258905464857456,0.0266041087222764,-0.159208878311604,TRUE,0.621455394455825,1.00101773139061,-0.118858817678834,TRUE,0.393218731391724,1.00098612810888,-0.288721521078012,TRUE,0.754765431709435,1.00116343227672,-0.0573648206159569,TRUE,0.514975302874146,1.00099132168335
919,"rand=1-1_rate=2_ROB=LH_Bias=No Bias","1-1",2,"LH","No Bias",0,0,0,0,0,0,-0.000272359120402865,0.0317530337406043,0.101695898854387,TRUE,0.496431613981809,1.00098718156344,0.00134456236390179,TRUE,0.394964754185706,1.00100153543291,0.150275655405115,TRUE,0.459890159680581,1.00100740231971,-0.0801637374262263,TRUE,0.671649440270999,1.00098880301834
920,"rand=1-1_rate=2_ROB=LH_Bias=No Bias","1-1",2,"LH","No Bias",0,0,0,0,0,0,-0.00789981865480289,0.0392639586426638,-0.0419847618474063,TRUE,0.561954323326948,1.00098610689837,0.0176285961806421,TRUE,0.353569576925247,1.00099383747341,-0.128114928977475,TRUE,0.621444532925126,1.00100982759096,0.077700624757178,TRUE,0.485284371304,1.00099350255997
921,"rand=1-1_rate=2_ROB=LH_Bias=No Bias","1-1",2,"LH","No Bias",0,0,0,0,0,0,-8.38725904571067e-05,0.0376683418078619,0.0751557373247645,TRUE,0.44874269083225,1.00099119168411,0.0523137006361566,TRUE,0.260975703204845,1.00107412834113,0.0739356790346559,TRUE,0.779337705137003,1.00098671259832,0.0519786612217381,TRUE,0.288851116033885,1.00102568776936
922,"rand=1-1_rate=2_ROB=LH_Bias=No Bias","1-1",2,"LH","No Bias",0,0,0,0,0,0,0.0102558622973474,0.0386856307480605,-0.150659651770852,TRUE,0.565035413782836,1.00101972607334,-0.135576981786282,TRUE,0.341661992637302,1.00099537395713,-0.217349913279254,TRUE,0.637113671565252,1.00100556604225,-0.109092106327729,TRUE,0.475501878165169,1.00099680137097
923,"rand=1-1_rate=2_ROB=LH_Bias=No Bias","1-1",2,"LH","No Bias",0,0,0,0,0,0,0.00564476860645098,0.0279475449168371,0.0678758080991981,TRUE,0.495327327773045,1.00098743399774,-0.0316451219584422,TRUE,0.381992694946721,1.00099377185889,-0.00461525622135306,TRUE,0.590431967678967,1.00099848407875,-0.0409171130787831,TRUE,0.56604647586825,1.00098709467259
924,"rand=1-1_rate=2_ROB=LH_Bias=No Bias","1-1",2,"LH","No Bias",0,0,0,0,0,0,-0.00436099277266359,0.0373245184771366,0.188815752846183,TRUE,0.458721637491206,1.00114294708999,0.0235154263188507,TRUE,0.400563318283636,1.00100564209525,0.0204554997239073,TRUE,0.701003692746837,1.00098606904215,0.0308265203594081,TRUE,0.568007628370212,1.00098624554578
925,"rand=1-1_rate=2_ROB=LH_Bias=No Bias","1-1",2,"LH","No Bias",0,0,0,0,0,0,0.00855484057427317,0.0354723188500061,0.160947650609687,TRUE,0.445397341785247,1.00134825198645,0.131977936011312,TRUE,0.284200027295794,1.00099823270942,0.0171335533971647,TRUE,0.587011134317045,1.00132651185396,0.165404094509386,TRUE,0.37005309022261,1.00101530216183
926,"rand=1-1_rate=2_ROB=LH_Bias=No Bias","1-1",2,"LH","No Bias",0,0,0,0,0,0,0.00697903919240645,0.0329792697238175,0.141788291857795,TRUE,0.443229408722051,1.00099810068367,0.0841018368995035,TRUE,0.312871978793742,1.00098661850102,0.184849475877124,TRUE,0.430153587182764,1.00113358267966,0.039316069145347,TRUE,0.484553305655063,1.0010779691497
927,"rand=1-1_rate=2_ROB=LH_Bias=No Bias","1-1",2,"LH","No Bias",0,0,0,0,0,0,-0.0123671299570013,0.0266336025940799,-0.0948339421598303,TRUE,0.554551570219391,1.00101216918838,-0.0706477064580373,TRUE,0.34193892217493,1.00107356221352,-0.0152254951210973,TRUE,0.630550191095188,1.00111923598888,-0.0905006377625042,TRUE,0.45930934922311,1.00099416529104
928,"rand=1-1_rate=2_ROB=LH_Bias=No Bias","1-1",2,"LH","No Bias",0,0,0,0,0,0,-0.00837369123477847,0.0285089257839033,-0.107532381300193,TRUE,0.547403626393723,1.00106624761902,-0.0500104045892114,TRUE,0.314902197340908,1.00098970016516,-0.219724280006521,TRUE,0.657721634694949,1.00101941093628,-0.00135255187719352,TRUE,0.402600339444401,1.00103937610486
929,"rand=1-1_rate=2_ROB=LH_Bias=No Bias","1-1",2,"LH","No Bias",0,0,0,0,0,0,-0.00908415772473745,0.0250984024944482,-0.0356505533723006,TRUE,0.578594919908103,1.00100162750542,0.0131811638294108,TRUE,0.357661589882443,1.00101710752099,-0.128847204731337,TRUE,0.664648708813008,1.0009969736474,0.0692567381922711,TRUE,0.469532471341208,1.00101827261744
930,"rand=1-1_rate=2_ROB=LH_Bias=No Bias","1-1",2,"LH","No Bias",0,0,0,0,0,0,0.00136565927710067,0.0234322061940257,-0.017042455498727,TRUE,0.636012480139952,1.00103293731326,0.0288999438248532,TRUE,0.4239009000072,1.00101028321444,-0.0864469340217737,TRUE,0.816906237986508,1.00127882618198,0.0899144121925616,TRUE,0.553454612084812,1.00098980277571
931,"rand=1-1_rate=2_ROB=LH_Bias=No Bias","1-1",2,"LH","No Bias",0,0,0,0,0,0,-0.000114663826051751,0.0255380385220946,-0.1463276068937,TRUE,0.562335644152946,1.00100973574994,-0.126999609709602,TRUE,0.323196406604751,1.00099911412293,-0.0956509923089,TRUE,0.619280706807448,1.00199215241073,-0.135801132926171,TRUE,0.438771804206532,1.00102439070367
932,"rand=1-1_rate=2_ROB=LH_Bias=No Bias","1-1",2,"LH","No Bias",0,0,0,0,0,0,0.0155442021420529,0.0387216573045712,-0.137342682670563,TRUE,0.604586341565105,1.00101224531424,-0.0801618074728649,TRUE,0.362200773941232,1.00112907316748,0.239268657128251,TRUE,0.660491470352083,1.00101641487317,-0.195779323616737,FALSE,0.371522201730134,1.00104666693236
933,"rand=1-1_rate=2_ROB=LH_Bias=No Bias","1-1",2,"LH","No Bias",0,0,0,0,0,0,0.00159306578459728,0.0375741514526698,-0.110205028467524,TRUE,0.551386265274217,1.0010216651904,-0.0822043110389836,TRUE,0.319871272010047,1.00101268767629,-0.26317105303559,TRUE,0.741563511835396,1.00131602958095,-0.0280622752387751,TRUE,0.380532396707724,1.00104848968735
934,"rand=1-1_rate=2_ROB=LH_Bias=No Bias","1-1",2,"LH","No Bias",0,0,0,0,0,0,0.0200554808513642,0.0419686650557936,0.0494791817992724,TRUE,0.498998672458262,1.00138688741481,0.0620890835074004,TRUE,0.312130082800568,1.00101920862186,-0.0562429387078442,TRUE,0.598934074413184,1.00103401663384,0.107363432614662,TRUE,0.416699304194283,1.00098696579028
935,"rand=1-1_rate=2_ROB=LH_Bias=No Bias","1-1",2,"LH","No Bias",0,0,0,0,0,0,0.0016359234698947,0.0242256153149621,-0.0311789420879112,TRUE,0.465211923702094,1.00101378243389,-0.0275547308579336,TRUE,0.244807855800637,1.00105684932976,-0.139276484521553,TRUE,0.676509018223532,1.00099011139943,-0.00702985346924079,TRUE,0.285370771332535,1.00101081617436
936,"rand=1-1_rate=2_ROB=LH_Bias=No Bias","1-1",2,"LH","No Bias",0,0,0,0,0,0,-0.000704708437590432,0.0273977416790468,-0.0867690684808429,TRUE,0.615880562086401,1.00107716083558,0.000335846282041974,TRUE,0.405972378685965,1.00099502345474,-0.0234403573492536,TRUE,0.693235747560179,1.00105698359167,0.0113411691971618,TRUE,0.58025526341031,1.00100430561269
937,"rand=1-1_rate=2_ROB=LH_Bias=No Bias","1-1",2,"LH","No Bias",0,0,0,0,0,0,0.000284640017016834,0.0258573538314434,0.0780092682658938,TRUE,0.459896401278766,1.00104880040687,0.042272343728582,TRUE,0.281424508857353,1.00098599167473,0.243533433292208,FALSE,0.421316081519873,1.00129058201788,-0.0337299629905217,TRUE,0.374367541222083,1.0009928551684
938,"rand=1-1_rate=2_ROB=LH_Bias=No Bias","1-1",2,"LH","No Bias",0,0,0,0,0,0,0.00309933681769729,0.0322239114353066,0.196797103600619,TRUE,0.44659056473116,1.00102418735095,0.161336591726405,TRUE,0.308925485226402,1.00100464465727,0.153745339243432,TRUE,0.558937748104419,1.00118703407975,0.166264069979648,TRUE,0.421480893854321,1.0010501502443
939,"rand=1-1_rate=2_ROB=LH_Bias=No Bias","1-1",2,"LH","No Bias",0,0,0,0,0,0,0.0012020917780049,0.0345564955187779,0.00295389848457805,TRUE,0.53357047140271,1.00113858154806,-0.0245316286423478,TRUE,0.361717485433315,1.00098994083824,0.064952712979398,TRUE,0.553229414123,1.00106633333056,-0.0648878731690519,TRUE,0.527881181948039,1.00103770853025
940,"rand=1-1_rate=2_ROB=LH_Bias=No Bias","1-1",2,"LH","No Bias",0,0,0,0,0,0,-0.00593588583762008,0.032207648980595,-0.0944281323717457,TRUE,0.604678081298848,1.00172774769025,-0.0314807065954339,TRUE,0.355536090046819,1.00109519186338,-0.2973540877836,TRUE,0.689658129113581,1.00103287019531,0.0630407918352162,TRUE,0.438874537173656,1.00108267996542
941,"rand=1-1_rate=2_ROB=LH_Bias=No Bias","1-1",2,"LH","No Bias",0,0,0,0,0,0,-0.0136620719633955,0.0286695627778964,-0.0315689794644358,TRUE,0.507161384298217,1.00103401964249,-0.0497489822720452,TRUE,0.304065144478582,1.00100242472858,-0.0525508312662781,TRUE,0.614516569212449,1.00172405916702,-0.0481508299276896,TRUE,0.402286679421702,1.00110875537585
942,"rand=1-1_rate=2_ROB=LH_Bias=No Bias","1-1",2,"LH","No Bias",0,0,0,0,0,0,0.00494307222026553,0.0297219321387253,-0.0729012388470871,TRUE,0.596286157463558,1.00106478041191,-0.0304397982074274,TRUE,0.384355666693965,1.00100719594709,-0.159332319204858,TRUE,0.673745397214462,1.00098626886192,0.0232295548303694,TRUE,0.521539710053847,1.0009904588198
943,"rand=1-1_rate=2_ROB=LH_Bias=No Bias","1-1",2,"LH","No Bias",0,0,0,0,0,0,-0.000387911314333438,0.0502156005623389,0.000341557039574725,TRUE,0.567957922779483,1.00118291759631,0.0410992590873231,TRUE,0.366932331674802,1.00101470151362,0.0741787897494509,TRUE,0.570045859705875,1.00152634934708,0.0290775393400627,TRUE,0.540330331124305,1.00098726106323
944,"rand=1-1_rate=2_ROB=LH_Bias=No Bias","1-1",2,"LH","No Bias",0,0,0,0,0,0,-0.00653450366200896,0.0328285152509775,-0.0285845885869811,TRUE,0.586363356343892,1.00098854049264,-0.0211490140708692,TRUE,0.357061824123893,1.0010021208967,-0.347429596491175,FALSE,0.778870464517486,1.0013772166384,0.0801067769957871,TRUE,0.395791381127507,1.00100891666471
945,"rand=1-1_rate=2_ROB=LH_Bias=No Bias","1-1",2,"LH","No Bias",0,0,0,0,0,0,-0.0238334310725252,0.0419132226827622,-0.0176217671335628,TRUE,0.525766209321519,1.00099194436666,0.00598174915395255,TRUE,0.314671993191466,1.00099111758696,-0.161549498422683,TRUE,0.650264129538337,1.00125760278707,0.0565927770083844,TRUE,0.396789591306468,1.00112582278527
946,"rand=1-1_rate=2_ROB=LH_Bias=No Bias","1-1",2,"LH","No Bias",0,0,0,0,0,0,0.00263656329520641,0.0324495608806269,0.0112102180521626,TRUE,0.53511075150707,1.00129362018093,0.0603066308845996,TRUE,0.321594691778574,1.00099486385412,0.102094195250695,TRUE,0.566468445593231,1.0011915995018,0.0417198107788086,TRUE,0.446996838684415,1.00098622924054
947,"rand=1-1_rate=2_ROB=LH_Bias=No Bias","1-1",2,"LH","No Bias",0,0,0,0,0,0,0.00727226007877043,0.0329454792837878,0.113545234090681,TRUE,0.464925768881257,1.00129621338644,0.0420641397402769,TRUE,0.348041088683034,1.00100628293833,0.154065129532169,TRUE,0.444730082820733,1.00107469978228,-0.0148100884121201,TRUE,0.562496134062075,1.00098757305865
948,"rand=1-1_rate=2_ROB=LH_Bias=No Bias","1-1",2,"LH","No Bias",0,0,0,0,0,0,0.00729518898846349,0.0318639899388229,-0.104094057390337,TRUE,0.582428920421969,1.00149395287748,-0.0588938328241295,TRUE,0.369781616770076,1.00098730367683,-0.0645379992457746,TRUE,0.611358372901021,1.0011231193475,-0.0538582017803988,TRUE,0.539885735179473,1.00101421182382
949,"rand=1-1_rate=2_ROB=LH_Bias=No Bias","1-1",2,"LH","No Bias",0,0,0,0,0,0,0.0109894659894832,0.036115489107506,-0.204399306028748,TRUE,0.731981476750471,1.00107645067576,-0.148344071253469,TRUE,0.473197563218641,1.0009941317621,-0.0659343109546258,TRUE,0.708921381259514,1.00099192000195,-0.190456417905857,TRUE,0.716525164783037,1.00098713599315
950,"rand=1-1_rate=2_ROB=LH_Bias=No Bias","1-1",2,"LH","No Bias",0,0,0,0,0,0,-0.00945097740145577,0.0368193095316516,-0.101999108731479,TRUE,0.599899932679915,1.0009969788194,-0.0347427198434886,TRUE,0.381785969981548,1.00098769902109,-0.196432342164915,TRUE,0.720111299750145,1.00128064793621,0.0313328168399394,TRUE,0.493878140900123,1.00105119490898
951,"rand=1-1_rate=2_ROB=LH_Bias=No Bias","1-1",2,"LH","No Bias",0,0,0,0,0,0,-0.00302459066726176,0.0364502174551862,0.17703416489322,TRUE,0.426936451743593,1.00120373237056,0.14097138554693,TRUE,0.282131265645499,1.00105654102371,0.21115552312154,TRUE,0.458229236631578,1.00099448075187,0.114683798074782,TRUE,0.408702265273027,1.00106998436323
952,"rand=1-1_rate=2_ROB=LH_Bias=No Bias","1-1",2,"LH","No Bias",0,0,0,0,0,0,-0.00766854663719133,0.036154333708522,0.0520595393487677,TRUE,0.524670803707643,1.00099355736635,0.0488970096664615,TRUE,0.340940531243131,1.00098947627503,-0.0558112078386468,TRUE,0.664309185737573,1.00209904368384,0.0889420217927955,TRUE,0.448612558846783,1.00098641669068
953,"rand=1-1_rate=2_ROB=LH_Bias=No Bias","1-1",2,"LH","No Bias",0,0,0,0,0,0,-0.0095641198452819,0.0315482485962818,-0.0217458855471657,TRUE,0.617712223473343,1.00098743881261,0.0380932945690675,TRUE,0.405389061089398,1.00100551298339,-0.172836459299872,TRUE,0.704720832160993,1.00120879575446,0.128076543067917,TRUE,0.539697022007254,1.00098809672756
954,"rand=1-1_rate=2_ROB=LH_Bias=No Bias","1-1",2,"LH","No Bias",0,0,0,0,0,0,0.0158906964579068,0.0323743437366129,-0.137592120907523,TRUE,0.639098415034044,1.00103081081812,-0.059800216878493,TRUE,0.405817001183014,1.00098598998823,-0.166867230610473,TRUE,0.82623755670369,1.00106610997169,-0.0138064233110069,TRUE,0.522136186966801,1.00098599867679
955,"rand=1-1_rate=2_ROB=LH_Bias=No Bias","1-1",2,"LH","No Bias",0,0,0,0,0,0,-0.00744124276420768,0.0257105495777662,-0.0392694693149369,TRUE,0.507212849988038,1.00102269995002,-0.0512207441605754,TRUE,0.302929254583204,1.00099429630163,-0.227651401777059,TRUE,0.664941050578019,1.00105651781028,-0.00407113878068643,TRUE,0.379791681480641,1.00099088695671
956,"rand=1-1_rate=2_ROB=LH_Bias=No Bias","1-1",2,"LH","No Bias",0,0,0,0,0,0,0.00461375750538738,0.0402820052899575,-0.0144609457065408,TRUE,0.538016033206007,1.00110898847947,0.0299604936263232,TRUE,0.326554591688551,1.00098601230023,-0.110671005223558,TRUE,0.66139771632994,1.00105965450969,0.0813381808205756,TRUE,0.416505216652451,1.00101094491758
957,"rand=1-1_rate=2_ROB=LH_Bias=No Bias","1-1",2,"LH","No Bias",0,0,0,0,0,0,0.0162786569161916,0.0316981539370523,0.0371549883268104,TRUE,0.496388120043216,1.00104208377055,-0.0269416121695105,TRUE,0.301500394241472,1.00099966265518,0.0330375519758918,TRUE,0.579011295158511,1.0009965192453,-0.0422612422974351,TRUE,0.397995420472811,1.00102122676846
958,"rand=1-1_rate=2_ROB=LH_Bias=No Bias","1-1",2,"LH","No Bias",0,0,0,0,0,0,0.0119902566234248,0.0225226172271438,-0.0147035726479408,TRUE,0.562963216881967,1.00116293176353,-0.0125638511753676,TRUE,0.343030892251774,1.00098945491957,-0.129638165163427,TRUE,0.730163497896012,1.00099179454577,0.0240657943898004,TRUE,0.428184110504629,1.00099137935098
959,"rand=1-1_rate=2_ROB=LH_Bias=No Bias","1-1",2,"LH","No Bias",0,0,0,0,0,0,-0.0086112721313346,0.0275884658407058,0.0761386008855689,TRUE,0.443946014206548,1.00101151971887,0.0290136855552326,TRUE,0.275371525391296,1.00101299080358,-0.0710766731395431,TRUE,0.629716503830738,1.00180758649868,0.0554382378343464,TRUE,0.340409233777067,1.00101839422306
960,"rand=1-1_rate=2_ROB=LH_Bias=No Bias","1-1",2,"LH","No Bias",0,0,0,0,0,0,0.00320094045965105,0.0254444502306788,0.0342113303924798,TRUE,0.421286147153181,1.0009863254443,0.0277096013037358,TRUE,0.217626699392681,1.00114213076257,0.0819788684858105,TRUE,0.553912398376585,1.00181672949983,0.0181651800120357,TRUE,0.263843493134951,1.00099003709164
961,"rand=1-1_rate=2_ROB=LH_Bias=No Bias","1-1",2,"LH","No Bias",0,0,0,0,0,0,0.00402023207660553,0.0271645098509829,-0.146521219303135,TRUE,0.594674926236536,1.00100486018889,-0.119533387163312,TRUE,0.358266274835523,1.00104784407595,-0.173661422647371,TRUE,0.825107878504109,1.001261575818,-0.101276867009821,TRUE,0.43384616086273,1.00101454997704
962,"rand=1-1_rate=2_ROB=LH_Bias=No Bias","1-1",2,"LH","No Bias",0,0,0,0,0,0,0.00240168363500399,0.0387454206683957,-0.0912420758943835,TRUE,0.619943791697558,1.00100841895729,-0.025001901611714,TRUE,0.386003246557818,1.00098613191913,0.0462010583360902,TRUE,0.622506759739481,1.00101415416788,-0.0604714211550337,TRUE,0.562613747373541,1.00101037240195
963,"rand=1-1_rate=2_ROB=LH_Bias=No Bias","1-1",2,"LH","No Bias",0,0,0,0,0,0,0.00955650137481966,0.0288418897554012,-0.020899459055862,TRUE,0.520591860584091,1.0009973552077,-0.133451333413064,TRUE,0.386610421823149,1.00098616602482,0.114723304030109,TRUE,0.535176695916741,1.00100248292629,-0.249075518185999,FALSE,0.537027671574803,1.00101357586246
964,"rand=1-1_rate=2_ROB=LH_Bias=No Bias","1-1",2,"LH","No Bias",0,0,0,0,0,0,0.0138198946647201,0.0351407394087802,-0.0368563228414003,TRUE,0.544170528841166,1.00105081575317,-0.0221764559229483,TRUE,0.33933762110152,1.00098900889148,-0.116472201361269,TRUE,0.626273322568966,1.00351511977983,0.0116883159769685,TRUE,0.469165735263235,1.00098699729435
965,"rand=1-1_rate=2_ROB=LH_Bias=No Bias","1-1",2,"LH","No Bias",0,0,0,0,0,0,0.0177785187438438,0.0359021013048103,-0.01939477577879,TRUE,0.540280107346745,1.00105285544993,-0.0814358883512951,TRUE,0.366662320853928,1.00098713773147,-0.246740946775403,TRUE,0.807876302314006,1.00122495661756,-0.0245706353176356,TRUE,0.448747895145474,1.00103625906872
966,"rand=1-1_rate=2_ROB=LH_Bias=No Bias","1-1",2,"LH","No Bias",0,0,0,0,0,0,-0.00822482878333803,0.0274604202852081,-0.051389359571844,TRUE,0.428148801465112,1.00099234786399,-0.00913153502401021,TRUE,0.1980449619006,1.00098616343904,-0.165849070620976,TRUE,0.750091907505139,1.00139926521901,0.0122509487893183,TRUE,0.221081395578636,1.00098632138779
967,"rand=1-1_rate=2_ROB=LH_Bias=No Bias","1-1",2,"LH","No Bias",0,0,0,0,0,0,0.00436406095731509,0.0380703573986565,0.0173016844551843,TRUE,0.519731452001162,1.00100097231603,-0.081606185838544,TRUE,0.384356812146082,1.00101545681178,-0.00720536181481424,TRUE,0.600748045372083,1.00113153962836,-0.111177354961956,TRUE,0.567757314206121,1.00099831776841
968,"rand=1-1_rate=2_ROB=LH_Bias=No Bias","1-1",2,"LH","No Bias",0,0,0,0,0,0,1.76859002611974e-05,0.0352289162587358,-0.0535764491144015,TRUE,0.527356101144,1.00100764076028,0.0825341304778489,TRUE,0.330525070914916,1.00098817917935,0.0756643930165657,TRUE,0.568190888647529,1.0010429149562,0.0876996018874439,TRUE,0.464839865558072,1.00103544438221
969,"rand=1-1_rate=2_ROB=LH_Bias=No Bias","1-1",2,"LH","No Bias",0,0,0,0,0,0,0.00980000944266845,0.040543379743562,0.048578208839956,TRUE,0.508855128627244,1.00121012072425,0.0655515926684255,TRUE,0.339778666634959,1.0009859964605,0.282677913031847,TRUE,0.588808480703315,1.0009869593103,-0.0279251230672934,TRUE,0.416173185549444,1.0010325744098
970,"rand=1-1_rate=2_ROB=LH_Bias=No Bias","1-1",2,"LH","No Bias",0,0,0,0,0,0,-0.00342223101963704,0.0282247486907481,-0.0224227161996127,TRUE,0.53527836160848,1.00101151880594,-0.0244505932455155,TRUE,0.343269570139466,1.00102874369373,0.0668815292496888,TRUE,0.541821520222534,1.0015977631914,-0.0619443652528828,TRUE,0.491435128945796,1.00099049332069
971,"rand=1-1_rate=2_ROB=LH_Bias=No Bias","1-1",2,"LH","No Bias",0,0,0,0,0,0,-0.00667409644720714,0.0299018475007704,0.00146581091461462,TRUE,0.491628052549901,1.00103412046599,-0.0137438792645677,TRUE,0.292928854669542,1.0010040019589,0.055656698136671,TRUE,0.607085428798723,1.00135700359991,-0.035487570599924,TRUE,0.362647730134623,1.0009975835607
972,"rand=1-1_rate=2_ROB=LH_Bias=No Bias","1-1",2,"LH","No Bias",0,0,0,0,0,0,-0.00430103861955435,0.0325628140103441,0.0538023015780247,TRUE,0.528811483231017,1.00120948782625,0.0403256349062033,TRUE,0.341219108138226,1.00100033212297,0.0109487316755054,TRUE,0.694541054092765,1.00099431384858,0.0531366525634511,TRUE,0.449253922588465,1.00098648793511
973,"rand=1-1_rate=2_ROB=LH_Bias=No Bias","1-1",2,"LH","No Bias",0,0,0,0,0,0,0.00246037542986243,0.0262212953556141,0.0103862970301846,TRUE,0.505075026634289,1.00099358656628,0.0754517487446984,TRUE,0.285235885670048,1.00101473355834,0.00444578417127917,TRUE,0.75674129568105,1.00098985785391,0.0979190994445472,TRUE,0.324300374993062,1.0009861981791
974,"rand=1-1_rate=2_ROB=LH_Bias=No Bias","1-1",2,"LH","No Bias",0,0,0,0,0,0,0.00273801473075134,0.0186757874073157,-0.227722559024525,TRUE,0.690147284153111,1.00099886649045,-0.131586891965026,TRUE,0.389784095734816,1.0009865721198,-0.157657520878248,TRUE,0.696827827390323,1.00172302364558,-0.126164098688002,TRUE,0.550732948265918,1.00100139817433
975,"rand=1-1_rate=2_ROB=LH_Bias=No Bias","1-1",2,"LH","No Bias",0,0,0,0,0,0,0.022890362557145,0.0361129293453574,0.00388212597451953,TRUE,0.523327999746331,1.00101225435166,0.0422263869412557,TRUE,0.329605088578703,1.0009870325779,-0.0494431755765432,TRUE,0.58437142624232,1.00124175340763,0.0810266681423607,TRUE,0.459552237066423,1.00099135496018
976,"rand=1-1_rate=2_ROB=LH_Bias=No Bias","1-1",2,"LH","No Bias",0,0,0,0,0,0,-0.00413618584255549,0.0395490411014575,-0.102031587915691,TRUE,0.64053437088976,1.00113526523509,-0.0131526021517379,TRUE,0.442093166290073,1.00099141570269,-0.127038764057086,TRUE,0.651638421274486,1.00107046105403,0.0472812072084926,TRUE,0.655976334735648,1.00099341510423
977,"rand=1-1_rate=2_ROB=LH_Bias=No Bias","1-1",2,"LH","No Bias",0,0,0,0,0,0,-0.0152488831040447,0.040297883621685,0.122349982153015,TRUE,0.484495804698707,1.00104515489714,0.0808261364293518,TRUE,0.334483262911326,1.0010435187994,0.169537921874063,TRUE,0.51476928875701,1.00175430469567,0.0388338110355013,TRUE,0.491583313725555,1.00098625450603
978,"rand=1-1_rate=2_ROB=LH_Bias=No Bias","1-1",2,"LH","No Bias",0,0,0,0,0,0,0.00175879833501416,0.0341269129917652,-0.0767325839989192,TRUE,0.554159155167307,1.00114066932837,-0.110138770439934,TRUE,0.349640001695463,1.00099717716076,-0.211619284900646,TRUE,0.835597910035921,1.00106560821696,-0.0800624088141553,TRUE,0.432002286000895,1.00098945724377
979,"rand=1-1_rate=2_ROB=LH_Bias=No Bias","1-1",2,"LH","No Bias",0,0,0,0,0,0,-0.000932878724791888,0.0275235784176032,0.139866839077742,TRUE,0.464820261136017,1.00099166831622,0.0961339369907412,TRUE,0.300662506319786,1.00103831007967,0.0564761254181561,TRUE,0.727443458583038,1.00126965789467,0.110435241851211,TRUE,0.358723347289046,1.00098722769452
980,"rand=1-1_rate=2_ROB=LH_Bias=No Bias","1-1",2,"LH","No Bias",0,0,0,0,0,0,0.00289827324938532,0.0403865071709204,-0.0440584002984803,TRUE,0.508992131803277,1.00098607632202,-0.0213507679574314,TRUE,0.294316861399857,1.00099240324356,-0.188096488629133,TRUE,0.731536740732004,1.00099956248306,0.0223308227736485,TRUE,0.343705946043362,1.00099584974898
981,"rand=1-1_rate=2_ROB=LH_Bias=No Bias","1-1",2,"LH","No Bias",0,0,0,0,0,0,0.0016259129864283,0.0297035437120699,-0.168988442338381,TRUE,0.679329591442084,1.00102002138719,-0.215858926244843,FALSE,0.447485163477343,1.00113877115609,-0.317606449085917,TRUE,1.01127262576114,1.00116471811582,-0.175867982682299,TRUE,0.554444976342625,1.00099910465062
982,"rand=1-1_rate=2_ROB=LH_Bias=No Bias","1-1",2,"LH","No Bias",0,0,0,0,0,0,-0.00392249227069122,0.0317756984372428,0.0398229085059061,TRUE,0.47256100589746,1.00104672514719,0.0663683638839927,TRUE,0.26929588196449,1.00098632658439,0.103672547446438,TRUE,0.564136620728252,1.00104825416637,0.0547415138496132,TRUE,0.338239089173653,1.000989781911
983,"rand=1-1_rate=2_ROB=LH_Bias=No Bias","1-1",2,"LH","No Bias",0,0,0,0,0,0,-0.0190043861098384,0.0252777856822148,0.0021681619011672,TRUE,0.48813633847475,1.00101173310802,0.0902786697025583,TRUE,0.286641715194872,1.00102758847954,0.16127259540279,TRUE,0.627015146178316,1.00098922452454,0.0662634664369836,TRUE,0.347421164791233,1.00099203561243
984,"rand=1-1_rate=2_ROB=LH_Bias=No Bias","1-1",2,"LH","No Bias",0,0,0,0,0,0,0.00701962244936077,0.0319085147633883,0.00318899775774162,TRUE,0.653286628137911,1.00105903514631,-0.127784432163699,TRUE,0.484922906887749,1.00102880918557,-0.00802792411073772,TRUE,0.861579604854246,1.00098719451134,-0.185416049144583,TRUE,0.674231974094473,1.00099524419649
985,"rand=1-1_rate=2_ROB=LH_Bias=No Bias","1-1",2,"LH","No Bias",0,0,0,0,0,0,-0.007338741296531,0.029105171803181,-0.0236976124557091,TRUE,0.637668555408736,1.00104986141581,-0.0556924123935805,TRUE,0.426988684822827,1.0009871618962,-0.211650290471102,TRUE,1.01231249743237,1.00098790798329,0.0102644040219871,TRUE,0.50326632024142,1.00101034721153
986,"rand=1-1_rate=2_ROB=LH_Bias=No Bias","1-1",2,"LH","No Bias",0,0,0,0,0,0,0.0132170963471138,0.0349098248848731,-0.141557484734085,TRUE,0.496329327273027,1.00111118253277,-0.0107302354398879,TRUE,0.279111144994939,1.00106073788711,0.109387668534471,TRUE,0.501052196953604,1.0010172604759,-0.0464143808952606,TRUE,0.371732940091837,1.00103936413559
987,"rand=1-1_rate=2_ROB=LH_Bias=No Bias","1-1",2,"LH","No Bias",0,0,0,0,0,0,0.0130379037328668,0.0367858550513467,-0.0936546787676431,TRUE,0.592625397233941,1.00098647331859,-0.126415554011571,TRUE,0.400691875858312,1.00101097715999,-0.174087243655231,TRUE,0.690046066778348,1.00105866291726,-0.114048419135763,TRUE,0.577109700523292,1.00099103669171
988,"rand=1-1_rate=2_ROB=LH_Bias=No Bias","1-1",2,"LH","No Bias",0,0,0,0,0,0,0.0133505551733973,0.0301820406133526,0.00573958271145036,TRUE,0.456224121328582,1.00102759834773,-0.10728353371699,TRUE,0.304767673122572,1.00102106888072,-0.00759468763240889,TRUE,0.601096386655058,1.00098604729156,-0.136112181272303,TRUE,0.39907471363944,1.00100176716924
989,"rand=1-1_rate=2_ROB=LH_Bias=No Bias","1-1",2,"LH","No Bias",0,0,0,0,0,0,-0.0103969632493844,0.0300546820238192,-0.283227738432076,TRUE,0.657002625907222,1.00130838732814,-0.15903085145099,TRUE,0.388953578846522,1.00104452461684,0.0174678865028242,TRUE,0.643473788816514,1.00106975451865,-0.234336566352219,TRUE,0.526540092055478,1.00101720595589
990,"rand=1-1_rate=2_ROB=LH_Bias=No Bias","1-1",2,"LH","No Bias",0,0,0,0,0,0,-0.00763696539209218,0.0260282736323395,0.118822635992679,TRUE,0.455162381286267,1.00098941940861,0.0963428478385783,TRUE,0.290976983243523,1.00104107802202,0.0364830207482773,TRUE,0.583447611708618,1.00104095367497,0.113642909969118,TRUE,0.383774541514995,1.00098600654302
991,"rand=1-1_rate=2_ROB=LH_Bias=No Bias","1-1",2,"LH","No Bias",0,0,0,0,0,0,0.00854925939853851,0.0327186690262836,-0.134135223345073,TRUE,0.627212917828775,1.00099275244113,-0.021612338130695,TRUE,0.388418435695309,1.00098601644106,-0.215854187519647,TRUE,0.720634418871935,1.00104498500057,0.0515125052068652,TRUE,0.522391825817402,1.00098601759281
992,"rand=1-1_rate=2_ROB=LH_Bias=No Bias","1-1",2,"LH","No Bias",0,0,0,0,0,0,0.00415923206519521,0.0279047724578152,0.0326352560140003,TRUE,0.579244381879392,1.00106931449377,0.00510510856666702,TRUE,0.392385540989231,1.00104260753531,-0.0595202510682062,TRUE,0.845078250389125,1.00099095982076,0.032536335252321,TRUE,0.492881693009147,1.0010312085453
993,"rand=1-1_rate=2_ROB=LH_Bias=No Bias","1-1",2,"LH","No Bias",0,0,0,0,0,0,-0.00279422102365598,0.026006414726366,-0.0237620245352932,TRUE,0.527738485236807,1.00106487282717,0.0415180968265387,TRUE,0.314935335421301,1.00098629557135,0.0327390935047451,TRUE,0.545710872354514,1.0010598839324,0.0440099054651438,TRUE,0.448008810759674,1.00099790835689
994,"rand=1-1_rate=2_ROB=LH_Bias=No Bias","1-1",2,"LH","No Bias",0,0,0,0,0,0,0.021280096056253,0.0329833258669376,-0.148879506845408,TRUE,0.631037650587524,1.00099394248225,-0.0658633120931131,TRUE,0.374704569325619,1.00101572170837,-0.210780460482174,TRUE,0.99548533433458,1.0010490102024,-0.012167929099705,TRUE,0.408489386675448,1.00098735098726
995,"rand=1-1_rate=2_ROB=LH_Bias=No Bias","1-1",2,"LH","No Bias",0,0,0,0,0,0,-0.00272420438419171,0.0305286922639523,0.0292289883186677,TRUE,0.495200205527203,1.00105426043498,-0.0129741696324239,TRUE,0.302577388823664,1.00103518461894,0.0125605606374176,TRUE,0.756761391202209,1.00099745538222,-0.0218309793129356,TRUE,0.364581549418213,1.0010350123154
996,"rand=1-1_rate=2_ROB=LH_Bias=No Bias","1-1",2,"LH","No Bias",0,0,0,0,0,0,-0.00331855965206972,0.0219024675880183,-0.0327659726875709,TRUE,0.477888371504663,1.00122120090408,-0.0549579753655018,TRUE,0.273591918157781,1.00106497906038,0.127744031601398,TRUE,0.478347603115815,1.00121985568766,-0.110486131086186,TRUE,0.34514090734322,1.00100215370344
997,"rand=1-1_rate=2_ROB=LH_Bias=No Bias","1-1",2,"LH","No Bias",0,0,0,0,0,0,0.0011826152283047,0.026890592607447,0.00420566410812462,TRUE,0.457698888077526,1.00104545978036,0.0526705591486868,TRUE,0.252519891974091,1.00099953710775,-0.0188694716807258,TRUE,0.560404109197826,1.00101293093451,0.0716562523372718,TRUE,0.331044290617529,1.00098969890621
998,"rand=1-1_rate=2_ROB=LH_Bias=No Bias","1-1",2,"LH","No Bias",0,0,0,0,0,0,-0.00158603072638242,0.0339177569516842,0.127729097737441,TRUE,0.483343004564275,1.00131322277793,-0.0338002338344807,TRUE,0.405393485729529,1.00100803555946,-0.179194638175597,TRUE,0.727901626234761,1.00108831702581,0.0280307312513934,TRUE,0.544079838205615,1.00099260391188
999,"rand=1-1_rate=2_ROB=LH_Bias=No Bias","1-1",2,"LH","No Bias",0,0,0,0,0,0,0.0110755277351038,0.0381083566756698,-0.0159605186951421,TRUE,0.596346622597127,1.00107888774442,0.0116610251069237,TRUE,0.370475512656765,1.00099004827361,0.0388791750417562,TRUE,0.687276943394768,1.00198329950693,-0.000606108846596287,TRUE,0.50361130243718,1.0009895344039
1000,"rand=1-1_rate=2_ROB=LH_Bias=No Bias","1-1",2,"LH","No Bias",0,0,0,0,0,0,-0.0116466285673139,0.0428006105309991,0.139419667938543,TRUE,0.477404330959196,1.00108494946307,0.0631635838247214,TRUE,0.332925811283526,1.00107030016746,-0.063227945703741,TRUE,0.677031362348175,1.00125036977221,0.112454397332765,TRUE,0.427332171277935,1.00112559305627
