"sim","scenario","Rand","Nrct_rate","ROB_srt","bias_pattern","low_rct","unclear_rct","high_rct","low_obs","unclear_obs","high_obs","mean_true_bias","mean_abs_true_bias","bias","coverage","CIw","Rhat","bias_naive","coverage_naive","CIw_naive","R_naive","bias_rct_est","coverage_rct","CIw_rct","R_rct","bias_obs_est","coverage_obs","CIw_obs","R_rct.1"
1,"rand=1-1_rate=1.5_ROB=LH_Bias=NRE strong","1-1",1.5,"LH","NRE strong",0,0.048790164169432,0.0953101798043249,0.048790164169432,0.182321556793955,0.300104592450338,0.0882409368622174,0.0904824272410339,0.10237930104283,TRUE,0.460344161192393,1.00151682782199,0.0115633428025155,TRUE,0.341957932142796,1.00102007586888,0.210694465814463,FALSE,0.372742924105793,1.00203026650181,-0.154960844365366,TRUE,0.5601946916479,1.00102374373344
2,"rand=1-1_rate=1.5_ROB=LH_Bias=NRE strong","1-1",1.5,"LH","NRE strong",0,0.048790164169432,0.0953101798043249,0.048790164169432,0.182321556793955,0.300104592450338,0.101817860439199,0.103317601679805,0.0497627529721518,TRUE,0.509973912874166,1.0009880442001,-0.0753307145797855,TRUE,0.44842251167738,1.00098751568964,0.0796169265824168,TRUE,0.462988545116149,1.00103013499255,-0.240139161542645,TRUE,1.00836566511811,1.00098911988407
3,"rand=1-1_rate=1.5_ROB=LH_Bias=NRE strong","1-1",1.5,"LH","NRE strong",0,0.048790164169432,0.0953101798043249,0.048790164169432,0.182321556793955,0.300104592450338,0.075328279452418,0.0809597053433864,0.117875203951079,TRUE,0.525842051471851,1.00099307011682,0.0165747026715749,TRUE,0.37831872888611,1.00099741864414,0.128616136368033,TRUE,0.529332622611783,1.00109572908042,-0.0826276973798439,TRUE,0.646324326061691,1.00099197993205
4,"rand=1-1_rate=1.5_ROB=LH_Bias=NRE strong","1-1",1.5,"LH","NRE strong",0,0.048790164169432,0.0953101798043249,0.048790164169432,0.182321556793955,0.300104592450338,0.097454109433961,0.103275841318938,0.106935743116396,TRUE,0.553749182719862,1.00099924801996,0.0235472089053277,TRUE,0.419381726230108,1.0009919799942,0.172500485723332,TRUE,0.494403145293108,1.00109926900863,-0.146583703630629,TRUE,0.802264740915283,1.00099133414787
5,"rand=1-1_rate=1.5_ROB=LH_Bias=NRE strong","1-1",1.5,"LH","NRE strong",0,0.048790164169432,0.0953101798043249,0.048790164169432,0.182321556793955,0.300104592450338,0.0893546603838637,0.0902835683903119,-0.119753056309359,TRUE,0.542251953117593,1.00098610984264,-0.155428420343367,TRUE,0.338404462916218,1.00100486201103,0.00718060514355323,TRUE,0.462314366668839,1.00145257246923,-0.252340353070456,FALSE,0.534460174435074,1.0009861828077
6,"rand=1-1_rate=1.5_ROB=LH_Bias=NRE strong","1-1",1.5,"LH","NRE strong",0,0.048790164169432,0.0953101798043249,0.048790164169432,0.182321556793955,0.300104592450338,0.0820215303013352,0.0822940948463921,-0.0262221289298017,TRUE,0.631687949030571,1.00128912518296,-0.112507041280883,TRUE,0.394472716164072,1.00102806459546,0.162282381051631,TRUE,0.386291284499169,1.00138838287302,-0.355838899635426,FALSE,0.61546514590745,1.00098621579086
7,"rand=1-1_rate=1.5_ROB=LH_Bias=NRE strong","1-1",1.5,"LH","NRE strong",0,0.048790164169432,0.0953101798043249,0.048790164169432,0.182321556793955,0.300104592450338,0.0825926571596795,0.0849810935169301,0.0550853376376582,TRUE,0.546179618979602,1.00098904843325,-0.180561401694553,TRUE,0.529786336655967,1.00099164130758,-0.214032460937654,TRUE,0.696173116023105,1.00112872673349,-0.144633710661715,TRUE,1.05435423303627,1.00102613965198
8,"rand=1-1_rate=1.5_ROB=LH_Bias=NRE strong","1-1",1.5,"LH","NRE strong",0,0.048790164169432,0.0953101798043249,0.048790164169432,0.182321556793955,0.300104592450338,0.100838668529974,0.103392884799982,-0.0255205351430239,TRUE,0.546229543866676,1.00101721048037,-0.18660534020038,TRUE,0.507609255181845,1.00098691030936,0.0730995960383264,TRUE,0.425189403735165,1.0012277658155,-0.510184912621888,TRUE,1.28491902226124,1.00098696998595
9,"rand=1-1_rate=1.5_ROB=LH_Bias=NRE strong","1-1",1.5,"LH","NRE strong",0,0.048790164169432,0.0953101798043249,0.048790164169432,0.182321556793955,0.300104592450338,0.0694956285982132,0.0731010834012651,-0.14686253365588,TRUE,0.639073467990142,1.00098925214036,-0.162014347779221,TRUE,0.437896916836026,1.001090655236,-0.110851347746661,TRUE,0.57255064981534,1.0010791899792,-0.211410158006146,TRUE,0.84032433486084,1.00098624773167
10,"rand=1-1_rate=1.5_ROB=LH_Bias=NRE strong","1-1",1.5,"LH","NRE strong",0,0.048790164169432,0.0953101798043249,0.048790164169432,0.182321556793955,0.300104592450338,0.0845734091704945,0.086352678313275,-0.0197501195453325,TRUE,0.510128857218925,1.00144549112974,-0.0714263358628455,TRUE,0.349243060708926,1.00101678384907,-0.10458330393303,TRUE,0.553670829366931,1.00099029842176,-0.0488366134941125,TRUE,0.584596927254643,1.00098713636451
11,"rand=1-1_rate=1.5_ROB=LH_Bias=NRE strong","1-1",1.5,"LH","NRE strong",0,0.048790164169432,0.0953101798043249,0.048790164169432,0.182321556793955,0.300104592450338,0.0972173601879495,0.0992788917919165,0.0452015464138862,TRUE,0.529667688574299,1.00258164706566,-0.154809879422716,TRUE,0.426296542456328,1.00098618517434,-0.0854841975405016,TRUE,0.553210090443718,1.00099071282562,-0.201440852911562,TRUE,0.838863966799691,1.00104997796741
12,"rand=1-1_rate=1.5_ROB=LH_Bias=NRE strong","1-1",1.5,"LH","NRE strong",0,0.048790164169432,0.0953101798043249,0.048790164169432,0.182321556793955,0.300104592450338,0.0974540778745137,0.0986412083661262,0.128922025948673,TRUE,0.436590450230652,1.00098921721625,0.0321178500447226,TRUE,0.373411459111779,1.00109563189633,0.174033902727022,TRUE,0.459045330882386,1.00101212734896,-0.105919907814615,TRUE,0.672419538302346,1.00101829674778
13,"rand=1-1_rate=1.5_ROB=LH_Bias=NRE strong","1-1",1.5,"LH","NRE strong",0,0.048790164169432,0.0953101798043249,0.048790164169432,0.182321556793955,0.300104592450338,0.0760841924817171,0.0793578332221595,0.138991666182162,TRUE,0.574389932105313,1.00101186545962,0.0193455549313153,TRUE,0.485839554351553,1.00102573302198,0.0326088948852618,TRUE,0.656822172697495,1.0009860357486,-0.00468854506488481,TRUE,0.97668399312786,1.00098604204962
14,"rand=1-1_rate=1.5_ROB=LH_Bias=NRE strong","1-1",1.5,"LH","NRE strong",0,0.048790164169432,0.0953101798043249,0.048790164169432,0.182321556793955,0.300104592450338,0.0988292120463357,0.0991115983865103,-0.0666204896546809,TRUE,0.564946662087822,1.00098656705321,-0.139466944105616,TRUE,0.427479367509401,1.0009860129031,-0.0693945481363498,TRUE,0.559493312843327,1.0009970727585,-0.201078440804255,TRUE,0.81056102644103,1.00098704274223
15,"rand=1-1_rate=1.5_ROB=LH_Bias=NRE strong","1-1",1.5,"LH","NRE strong",0,0.048790164169432,0.0953101798043249,0.048790164169432,0.182321556793955,0.300104592450338,0.0782022562709725,0.0797537522651484,-0.0636882253987638,TRUE,0.543955731731812,1.00114079068154,-0.128399364282638,TRUE,0.361905753020244,1.00106058789295,-0.0101006790531359,TRUE,0.495203495140642,1.0012995157364,-0.20239883718718,TRUE,0.655596891502318,1.00105085650601
16,"rand=1-1_rate=1.5_ROB=LH_Bias=NRE strong","1-1",1.5,"LH","NRE strong",0,0.048790164169432,0.0953101798043249,0.048790164169432,0.182321556793955,0.300104592450338,0.0968629582576287,0.098550735802746,-0.138274612800539,TRUE,0.566583610042942,1.00103227845024,-0.259889782716709,FALSE,0.484074188358686,1.00099576163366,-0.0275247977674871,TRUE,0.558204159210602,1.00099634032992,-0.466405053079093,FALSE,0.827745268754166,1.00107811458553
17,"rand=1-1_rate=1.5_ROB=LH_Bias=NRE strong","1-1",1.5,"LH","NRE strong",0,0.048790164169432,0.0953101798043249,0.048790164169432,0.182321556793955,0.300104592450338,0.101451578152614,0.103522130125456,-0.0211633388517913,TRUE,0.57117247743476,1.00124651539604,-0.162988334024915,TRUE,0.432474113806986,1.00098644865511,-0.122243041442753,TRUE,0.628040880286076,1.00138148335321,-0.186417402789769,TRUE,0.780542008864629,1.00098968916552
18,"rand=1-1_rate=1.5_ROB=LH_Bias=NRE strong","1-1",1.5,"LH","NRE strong",0,0.048790164169432,0.0953101798043249,0.048790164169432,0.182321556793955,0.300104592450338,0.0958915630991558,0.0979280641443696,0.0644759448704052,TRUE,0.470301702047432,1.00099297399615,-0.0868365358994894,TRUE,0.397070656091898,1.00099285209069,-0.0178785236477039,TRUE,0.645766926864828,1.00127820651709,-0.143876506977158,TRUE,0.61291600791923,1.00098604276467
19,"rand=1-1_rate=1.5_ROB=LH_Bias=NRE strong","1-1",1.5,"LH","NRE strong",0,0.048790164169432,0.0953101798043249,0.048790164169432,0.182321556793955,0.300104592450338,0.0861428855272763,0.0870732564296285,-0.137440725676989,TRUE,0.595423827351189,1.00101802388349,-0.198537821017347,FALSE,0.394983469010996,1.00101933856793,-0.331393456158259,FALSE,0.691574414628549,1.00098938793598,-0.124028127551391,TRUE,0.562998070290927,1.00108189858677
20,"rand=1-1_rate=1.5_ROB=LH_Bias=NRE strong","1-1",1.5,"LH","NRE strong",0,0.048790164169432,0.0953101798043249,0.048790164169432,0.182321556793955,0.300104592450338,0.0953791234188212,0.0971790197476939,0.0655698901735234,TRUE,0.499148477323405,1.00108097215758,-0.0235724968064865,TRUE,0.374518974365201,1.0010437289557,-0.0427615880572039,TRUE,0.511458290824471,1.00102033792673,-0.00750779960355286,TRUE,0.710821747086975,1.00103233332011
21,"rand=1-1_rate=1.5_ROB=LH_Bias=NRE strong","1-1",1.5,"LH","NRE strong",0,0.048790164169432,0.0953101798043249,0.048790164169432,0.182321556793955,0.300104592450338,0.0865563954051791,0.0878608363633975,-0.185982494620942,TRUE,0.554032272439091,1.00103943515996,-0.256150799635685,FALSE,0.370544608897948,1.00099191432225,-0.177159182711192,TRUE,0.533864011390762,1.00110588271122,-0.304212757488552,FALSE,0.659978331871632,1.0009902694179
22,"rand=1-1_rate=1.5_ROB=LH_Bias=NRE strong","1-1",1.5,"LH","NRE strong",0,0.048790164169432,0.0953101798043249,0.048790164169432,0.182321556793955,0.300104592450338,0.0912355838406949,0.092743593193248,-0.123159684976426,TRUE,0.516179531216783,1.00099021152509,-0.258198086794114,FALSE,0.426927540419518,1.00098603365463,-0.126099578607924,TRUE,0.566763651850488,1.00130506436458,-0.350499177491306,FALSE,0.780480711410132,1.00102064970076
23,"rand=1-1_rate=1.5_ROB=LH_Bias=NRE strong","1-1",1.5,"LH","NRE strong",0,0.048790164169432,0.0953101798043249,0.048790164169432,0.182321556793955,0.300104592450338,0.0812416581198663,0.0831334323819717,-0.0909690670228696,TRUE,0.582703865039113,1.00125057524596,-0.142640163414072,TRUE,0.409029632007319,1.00098773968694,-0.185302585875231,TRUE,0.590718867008203,1.00118516406481,-0.114339291559109,TRUE,0.761542442971482,1.00098731789351
24,"rand=1-1_rate=1.5_ROB=LH_Bias=NRE strong","1-1",1.5,"LH","NRE strong",0,0.048790164169432,0.0953101798043249,0.048790164169432,0.182321556793955,0.300104592450338,0.110397260935688,0.112897174604261,-0.101112386461874,TRUE,0.582179336811337,1.00101646906136,-0.154196726149446,TRUE,0.427182856354326,1.00098748877119,0.113213955331248,TRUE,0.521313753019674,1.00116647413616,-0.36714464887072,FALSE,0.517237319498507,1.00098912673619
25,"rand=1-1_rate=1.5_ROB=LH_Bias=NRE strong","1-1",1.5,"LH","NRE strong",0,0.048790164169432,0.0953101798043249,0.048790164169432,0.182321556793955,0.300104592450338,0.0991883061994669,0.100294960203606,-0.196486723701595,TRUE,0.550000197130845,1.00116829046017,-0.243888238081037,FALSE,0.325818161276794,1.00101128516107,-0.0756211096208359,TRUE,0.477628837796557,1.00102776019338,-0.326080574934961,FALSE,0.497957502995524,1.00103431522802
26,"rand=1-1_rate=1.5_ROB=LH_Bias=NRE strong","1-1",1.5,"LH","NRE strong",0,0.048790164169432,0.0953101798043249,0.048790164169432,0.182321556793955,0.300104592450338,0.0864692607118573,0.0870111675004734,-0.00576738613486172,TRUE,0.48224054429472,1.00102679176566,-0.0904893877529231,TRUE,0.341743817688431,1.00099142781876,-0.0457879265777461,TRUE,0.461171072676982,1.0012669407935,-0.118251298272777,TRUE,0.657052556710684,1.00099967519812
27,"rand=1-1_rate=1.5_ROB=LH_Bias=NRE strong","1-1",1.5,"LH","NRE strong",0,0.048790164169432,0.0953101798043249,0.048790164169432,0.182321556793955,0.300104592450338,0.0816374778172133,0.0845099987912073,0.0314115463787383,TRUE,0.476531473521131,1.00103143444887,-0.111515966288739,TRUE,0.403907552177064,1.00106238613109,0.0800846183845503,TRUE,0.404823357648434,1.00439746744704,-0.298089628806748,TRUE,0.874925299005119,1.00099313852327
28,"rand=1-1_rate=1.5_ROB=LH_Bias=NRE strong","1-1",1.5,"LH","NRE strong",0,0.048790164169432,0.0953101798043249,0.048790164169432,0.182321556793955,0.300104592450338,0.088170046321595,0.0938033953764971,-0.162713027541967,TRUE,0.574879790126143,1.00099548670075,-0.28692901429693,FALSE,0.597243066143072,1.00098799044585,-0.0367182665915067,TRUE,0.733628972976418,1.00101348464224,-0.605831641394487,FALSE,0.938667447138577,1.00099248407682
29,"rand=1-1_rate=1.5_ROB=LH_Bias=NRE strong","1-1",1.5,"LH","NRE strong",0,0.048790164169432,0.0953101798043249,0.048790164169432,0.182321556793955,0.300104592450338,0.105787681047565,0.107498728609154,-0.178966105901212,TRUE,0.698587668840844,1.00098630882128,-0.24998660906404,FALSE,0.549139794491068,1.00098713105817,-0.196836623906483,TRUE,0.61978062797632,1.0013756945872,-0.320787895907553,TRUE,1.273740400213,1.0010358770041
30,"rand=1-1_rate=1.5_ROB=LH_Bias=NRE strong","1-1",1.5,"LH","NRE strong",0,0.048790164169432,0.0953101798043249,0.048790164169432,0.182321556793955,0.300104592450338,0.0977573484564637,0.0986873252399722,-0.165124753284929,TRUE,0.647929781860217,1.00168232353026,-0.254806898384847,FALSE,0.451334863267011,1.00101686196957,-0.00335966012762334,TRUE,0.48426578941966,1.00103669689879,-0.455930554283002,FALSE,0.812691132927321,1.00099011548096
31,"rand=1-1_rate=1.5_ROB=LH_Bias=NRE strong","1-1",1.5,"LH","NRE strong",0,0.048790164169432,0.0953101798043249,0.048790164169432,0.182321556793955,0.300104592450338,0.0718319484071366,0.0741240237789205,0.054880209265056,TRUE,0.527574902269116,1.0009988355519,-0.0578696076325347,TRUE,0.383763460433394,1.00098651699046,0.0343979120129471,TRUE,0.54251015954731,1.00103375992372,-0.124861320594195,TRUE,0.673830343812323,1.00099109752645
32,"rand=1-1_rate=1.5_ROB=LH_Bias=NRE strong","1-1",1.5,"LH","NRE strong",0,0.048790164169432,0.0953101798043249,0.048790164169432,0.182321556793955,0.300104592450338,0.0823082152951921,0.0846560624275842,-0.129970520263689,TRUE,0.653969380149267,1.00099435939941,-0.126215203491686,TRUE,0.430169177114247,1.00098963889604,-0.181583757850106,TRUE,0.676779906085054,1.00156774460804,-0.0908799104124689,TRUE,0.72236927134162,1.00101349791031
33,"rand=1-1_rate=1.5_ROB=LH_Bias=NRE strong","1-1",1.5,"LH","NRE strong",0,0.048790164169432,0.0953101798043249,0.048790164169432,0.182321556793955,0.300104592450338,0.0898140032425434,0.0916238633616373,-0.0935570686818803,TRUE,0.772698173228107,1.00101500669144,-0.185960648130409,TRUE,0.58602754090415,1.00101480512171,-0.102306501483794,TRUE,0.816575423866921,1.00099245277033,-0.29441854455227,TRUE,1.11657477227673,1.0010102085777
34,"rand=1-1_rate=1.5_ROB=LH_Bias=NRE strong","1-1",1.5,"LH","NRE strong",0,0.048790164169432,0.0953101798043249,0.048790164169432,0.182321556793955,0.300104592450338,0.0778766952214633,0.0817852913677685,0.20709238099947,TRUE,0.612821001502457,1.00099899430277,0.0760598859658709,TRUE,0.55829347805182,1.0009860352339,0.227733653275325,TRUE,0.61574967536264,1.00098782280226,-0.16615710179404,TRUE,1.35643932223186,1.00100398637879
35,"rand=1-1_rate=1.5_ROB=LH_Bias=NRE strong","1-1",1.5,"LH","NRE strong",0,0.048790164169432,0.0953101798043249,0.048790164169432,0.182321556793955,0.300104592450338,0.0733808275069782,0.0763194576700502,0.0643763042473821,TRUE,0.570201884831131,1.00098722582499,0.0343648115644832,TRUE,0.41816288856495,1.00098959564441,-0.000308301813594092,TRUE,0.542258796566164,1.00106068908591,0.0660994686613575,TRUE,0.825772027269114,1.00100171411408
36,"rand=1-1_rate=1.5_ROB=LH_Bias=NRE strong","1-1",1.5,"LH","NRE strong",0,0.048790164169432,0.0953101798043249,0.048790164169432,0.182321556793955,0.300104592450338,0.0956971069263084,0.0970587788683962,0.166751610087945,TRUE,0.449426232904711,1.00144539218726,0.0632762710241197,TRUE,0.379593581655913,1.00099253162777,0.159270164580528,TRUE,0.418341379392234,1.00257762847381,-0.0383168029234788,TRUE,0.864770480674439,1.00099748415281
37,"rand=1-1_rate=1.5_ROB=LH_Bias=NRE strong","1-1",1.5,"LH","NRE strong",0,0.048790164169432,0.0953101798043249,0.048790164169432,0.182321556793955,0.300104592450338,0.0963770822334792,0.0974482517582167,-0.105191355054343,TRUE,0.61728560808358,1.00100652537482,-0.176725460534396,TRUE,0.449371534058108,1.00100125208857,0.0278865855747272,TRUE,0.524565191015829,1.00169268608772,-0.360397075572398,FALSE,0.802919310504187,1.00099409103267
38,"rand=1-1_rate=1.5_ROB=LH_Bias=NRE strong","1-1",1.5,"LH","NRE strong",0,0.048790164169432,0.0953101798043249,0.048790164169432,0.182321556793955,0.300104592450338,0.0952314132753792,0.0974956284573767,-0.167093551408772,TRUE,0.641341934914405,1.00110406437691,-0.337186395956441,FALSE,0.556168424697539,1.00099062233392,-0.266970700154746,TRUE,0.720797427986668,1.00100233445814,-0.408837027337639,TRUE,1.11444952280877,1.00100985996029
39,"rand=1-1_rate=1.5_ROB=LH_Bias=NRE strong","1-1",1.5,"LH","NRE strong",0,0.048790164169432,0.0953101798043249,0.048790164169432,0.182321556793955,0.300104592450338,0.0989010452571375,0.103447854942359,-0.244771995182091,TRUE,0.631372603094236,1.00103967964134,-0.294915787746119,FALSE,0.414691645701269,1.00100348883308,-0.308379077440326,FALSE,0.609467779036922,1.00099372666978,-0.294447918651919,TRUE,0.736848004608477,1.00103798214417
40,"rand=1-1_rate=1.5_ROB=LH_Bias=NRE strong","1-1",1.5,"LH","NRE strong",0,0.048790164169432,0.0953101798043249,0.048790164169432,0.182321556793955,0.300104592450338,0.095062477691543,0.0978470622285852,0.0855207240189433,TRUE,0.385280911962492,1.00100309520606,-0.153042742878174,TRUE,0.496653964458866,1.00098678017006,-0.0252059215225673,TRUE,0.559069232176451,1.0009860174447,-0.28442142814874,TRUE,1.10261358699524,1.00098855601917
41,"rand=1-1_rate=1.5_ROB=LH_Bias=NRE strong","1-1",1.5,"LH","NRE strong",0,0.048790164169432,0.0953101798043249,0.048790164169432,0.182321556793955,0.300104592450338,0.0916343928029891,0.0929877508138087,-0.17584326107212,TRUE,0.565308157465661,1.00123012103763,-0.196247889273622,FALSE,0.347619629585282,1.00100882007037,-0.235317709375203,TRUE,0.599399015124488,1.001407093004,-0.178931178023039,TRUE,0.550101375112375,1.0009883897807
42,"rand=1-1_rate=1.5_ROB=LH_Bias=NRE strong","1-1",1.5,"LH","NRE strong",0,0.048790164169432,0.0953101798043249,0.048790164169432,0.182321556793955,0.300104592450338,0.0871458096345016,0.0892777218513068,0.0320172546201195,TRUE,0.528297862522706,1.0009868482367,-0.0333786987720215,TRUE,0.403801307426785,1.00099872923055,-0.00907301227902702,TRUE,0.513295666449523,1.00098599972393,-0.0606563438478995,TRUE,0.822345590537053,1.00098599290407
43,"rand=1-1_rate=1.5_ROB=LH_Bias=NRE strong","1-1",1.5,"LH","NRE strong",0,0.048790164169432,0.0953101798043249,0.048790164169432,0.182321556793955,0.300104592450338,0.101602254266428,0.103188395092339,-0.0252910449329096,TRUE,0.493523277305228,1.0010122322793,-0.216407273895666,TRUE,0.50128602201168,1.00100031638036,-0.0101497777747206,TRUE,0.488404018913794,1.00100352625294,-0.433326958888452,TRUE,1.11970033483956,1.00105120852401
44,"rand=1-1_rate=1.5_ROB=LH_Bias=NRE strong","1-1",1.5,"LH","NRE strong",0,0.048790164169432,0.0953101798043249,0.048790164169432,0.182321556793955,0.300104592450338,0.109539147024864,0.110756670697707,-0.0447610433189582,TRUE,0.514098522443033,1.000986525123,-0.160790473205622,TRUE,0.416353001889849,1.00098794330399,-0.0377696936038772,TRUE,0.488840510495247,1.00098608000051,-0.266777412601676,TRUE,0.887111355391384,1.00098612630444
45,"rand=1-1_rate=1.5_ROB=LH_Bias=NRE strong","1-1",1.5,"LH","NRE strong",0,0.048790164169432,0.0953101798043249,0.048790164169432,0.182321556793955,0.300104592450338,0.0866069464676937,0.0906862615745606,-0.0716352737341279,TRUE,0.646859726814524,1.0009950077231,-0.124727633362818,TRUE,0.483265036908217,1.00098722649091,-0.0586813396102177,TRUE,0.617807829392578,1.00100380801245,-0.199008943255554,TRUE,0.997849628744336,1.00100012061255
46,"rand=1-1_rate=1.5_ROB=LH_Bias=NRE strong","1-1",1.5,"LH","NRE strong",0,0.048790164169432,0.0953101798043249,0.048790164169432,0.182321556793955,0.300104592450338,0.092074600449807,0.0949977533402984,0.0202882689457492,TRUE,0.502121932086301,1.00104369128081,0.0134037370700822,TRUE,0.313851633013662,1.00105259788025,0.0370808207348711,TRUE,0.5131772491383,1.00111610601654,-0.000638526579590959,TRUE,0.507185941610203,1.00101054906319
47,"rand=1-1_rate=1.5_ROB=LH_Bias=NRE strong","1-1",1.5,"LH","NRE strong",0,0.048790164169432,0.0953101798043249,0.048790164169432,0.182321556793955,0.300104592450338,0.0909784609890654,0.0935348964558346,-0.0511447539821506,TRUE,0.543881793261875,1.0010094616259,-0.0455850149051595,TRUE,0.343749209707523,1.00105305575733,-0.186775364590599,TRUE,0.60948367584606,1.00100398390874,0.0326128566625533,TRUE,0.462162127072595,1.00099154366611
48,"rand=1-1_rate=1.5_ROB=LH_Bias=NRE strong","1-1",1.5,"LH","NRE strong",0,0.048790164169432,0.0953101798043249,0.048790164169432,0.182321556793955,0.300104592450338,0.0937660163191515,0.094580714419043,-0.0538431619575581,TRUE,0.668703557485236,1.00112463396787,-0.0907418564702172,TRUE,0.490428520298193,1.00098952624323,0.026780228144698,TRUE,0.562286090215187,1.0009960483992,-0.224316918411764,TRUE,1.03308798712888,1.00105090173549
49,"rand=1-1_rate=1.5_ROB=LH_Bias=NRE strong","1-1",1.5,"LH","NRE strong",0,0.048790164169432,0.0953101798043249,0.048790164169432,0.182321556793955,0.300104592450338,0.0897440556502709,0.091006246427914,-0.00491680453114829,TRUE,0.491947859778123,1.00099195057452,-0.0292303830752534,TRUE,0.300489265798403,1.00099256342005,-0.130825670873082,TRUE,0.558714026098505,1.00172456215286,0.016408975023132,TRUE,0.440504594586075,1.00098703382432
50,"rand=1-1_rate=1.5_ROB=LH_Bias=NRE strong","1-1",1.5,"LH","NRE strong",0,0.048790164169432,0.0953101798043249,0.048790164169432,0.182321556793955,0.300104592450338,0.0702945176380331,0.0713930079116293,0.0602541436365915,TRUE,0.591693113747987,1.00108053929514,-0.15971852073078,TRUE,0.554593962462931,1.00099680466857,-0.0129263210810933,TRUE,0.606890004621892,1.00100669783222,-0.336077919676454,TRUE,1.29748791265552,1.00098612341663
51,"rand=1-1_rate=1.5_ROB=LH_Bias=NRE strong","1-1",1.5,"LH","NRE strong",0,0.048790164169432,0.0953101798043249,0.048790164169432,0.182321556793955,0.300104592450338,0.090413461902749,0.0924028189076241,-0.104628981473057,TRUE,0.545426438346234,1.00110809416928,-0.196008617619833,TRUE,0.387821199523106,1.00099919020384,0.0411652399882123,TRUE,0.462398750535994,1.00126651576515,-0.366016965297575,FALSE,0.585854930102869,1.00101282931163
52,"rand=1-1_rate=1.5_ROB=LH_Bias=NRE strong","1-1",1.5,"LH","NRE strong",0,0.048790164169432,0.0953101798043249,0.048790164169432,0.182321556793955,0.300104592450338,0.083445794858766,0.0848695258691804,0.00811392587086568,TRUE,0.496881860796501,1.00099782933234,-0.115572980007524,TRUE,0.392291588525095,1.00098771403244,0.0502753389621681,TRUE,0.47654645340352,1.00144484133416,-0.242552956688277,TRUE,0.722436903367822,1.00098956896793
53,"rand=1-1_rate=1.5_ROB=LH_Bias=NRE strong","1-1",1.5,"LH","NRE strong",0,0.048790164169432,0.0953101798043249,0.048790164169432,0.182321556793955,0.300104592450338,0.0812480017254053,0.0845910347835321,0.108949823203875,TRUE,0.423119754690251,1.00133354766096,0.0888218634577785,TRUE,0.260441975091883,1.00123563816775,0.122031026730408,TRUE,0.40867884539818,1.00098995316475,0.0744617586464095,TRUE,0.427479521939115,1.00105843608198
54,"rand=1-1_rate=1.5_ROB=LH_Bias=NRE strong","1-1",1.5,"LH","NRE strong",0,0.048790164169432,0.0953101798043249,0.048790164169432,0.182321556793955,0.300104592450338,0.0850388798392862,0.0857175659509038,-0.116239227891139,TRUE,0.520267605705164,1.00102727751744,-0.275003854313078,FALSE,0.413801588878713,1.00100949356816,-0.197834308453551,TRUE,0.626286373432494,1.00160102741288,-0.325432361424516,FALSE,0.697210076605233,1.00103253302804
55,"rand=1-1_rate=1.5_ROB=LH_Bias=NRE strong","1-1",1.5,"LH","NRE strong",0,0.048790164169432,0.0953101798043249,0.048790164169432,0.182321556793955,0.300104592450338,0.0965572040289031,0.0980179166860951,-0.0527517864241991,TRUE,0.576355346737881,1.00145074137413,-0.154241750202786,TRUE,0.485125648553821,1.00102140869225,-0.0425466468557474,TRUE,0.484327972056515,1.00255450556204,-0.280475084164776,TRUE,1.20623773510998,1.00098622935876
56,"rand=1-1_rate=1.5_ROB=LH_Bias=NRE strong","1-1",1.5,"LH","NRE strong",0,0.048790164169432,0.0953101798043249,0.048790164169432,0.182321556793955,0.300104592450338,0.0871335494535658,0.0884305916184361,-0.06498993107803,TRUE,0.599936003785875,1.00104544429116,-0.173606743519153,TRUE,0.478308052564126,1.00098958270636,0.0374900867450448,TRUE,0.485515792621147,1.00098813359803,-0.396048744367419,TRUE,0.990060947537486,1.00098845977202
57,"rand=1-1_rate=1.5_ROB=LH_Bias=NRE strong","1-1",1.5,"LH","NRE strong",0,0.048790164169432,0.0953101798043249,0.048790164169432,0.182321556793955,0.300104592450338,0.101945767118478,0.103200786340228,-0.114961382601844,TRUE,0.563751328563199,1.00108578020825,-0.117202383952253,TRUE,0.349347078241852,1.00102201310849,-0.101834271565095,TRUE,0.630261588226672,1.00099338149159,-0.127426071341406,TRUE,0.490066184714965,1.00098751249238
58,"rand=1-1_rate=1.5_ROB=LH_Bias=NRE strong","1-1",1.5,"LH","NRE strong",0,0.048790164169432,0.0953101798043249,0.048790164169432,0.182321556793955,0.300104592450338,0.0908331448622497,0.091849966090953,-0.100440485044961,TRUE,0.48778654598492,1.00107183247911,-0.173937449843268,TRUE,0.360898933802075,1.00098616234051,-0.00918532567635055,TRUE,0.48766297544393,1.00103308976394,-0.279073665441326,FALSE,0.58139824539015,1.00101841261954
59,"rand=1-1_rate=1.5_ROB=LH_Bias=NRE strong","1-1",1.5,"LH","NRE strong",0,0.048790164169432,0.0953101798043249,0.048790164169432,0.182321556793955,0.300104592450338,0.0885641215765382,0.0925380812745867,-0.0361773554932097,TRUE,0.466557141067002,1.00109719962295,-0.133672209113084,TRUE,0.368696460235059,1.0009859914754,-0.00348709769220967,TRUE,0.506179517140039,1.00138778953021,-0.22994490676198,TRUE,0.667169770944288,1.00098856594723
60,"rand=1-1_rate=1.5_ROB=LH_Bias=NRE strong","1-1",1.5,"LH","NRE strong",0,0.048790164169432,0.0953101798043249,0.048790164169432,0.182321556793955,0.300104592450338,0.0875874276044516,0.088669056526071,0.0876274347798978,TRUE,0.515902631023244,1.00218970931626,0.0181873751602877,TRUE,0.382009565971545,1.00102190836472,0.208773624887059,FALSE,0.351831198761155,1.00152125778714,-0.185468983123047,TRUE,0.853361192648711,1.00099062480174
61,"rand=1-1_rate=1.5_ROB=LH_Bias=NRE strong","1-1",1.5,"LH","NRE strong",0,0.048790164169432,0.0953101798043249,0.048790164169432,0.182321556793955,0.300104592450338,0.095670472892118,0.0987115333332947,-0.125865596847349,TRUE,0.697928793231405,1.00100132870179,-0.14565906076104,TRUE,0.478496572903146,1.00113581078541,0.0178214829763972,TRUE,0.566295014688124,1.00099110500798,-0.333819383954458,TRUE,0.93841557367143,1.00098604715925
62,"rand=1-1_rate=1.5_ROB=LH_Bias=NRE strong","1-1",1.5,"LH","NRE strong",0,0.048790164169432,0.0953101798043249,0.048790164169432,0.182321556793955,0.300104592450338,0.101780273168433,0.102625235656186,-0.0937017387920165,TRUE,0.659712782585912,1.00098914762597,-0.293111682722663,FALSE,0.583040439924625,1.00098655529341,-0.151029661219267,TRUE,0.565119385148906,1.00190450464918,-0.41973435855151,TRUE,1.42233310382461,1.00099808100293
63,"rand=1-1_rate=1.5_ROB=LH_Bias=NRE strong","1-1",1.5,"LH","NRE strong",0,0.048790164169432,0.0953101798043249,0.048790164169432,0.182321556793955,0.300104592450338,0.0819003404538603,0.0834649553946861,0.0495676204272135,TRUE,0.550805203283238,1.00101534231686,0.00730166322348158,TRUE,0.409343421536196,1.00103463923685,0.012685773706649,TRUE,0.52199605217118,1.00098873201991,-0.00594489266972498,TRUE,0.827055968550114,1.00098603103551
64,"rand=1-1_rate=1.5_ROB=LH_Bias=NRE strong","1-1",1.5,"LH","NRE strong",0,0.048790164169432,0.0953101798043249,0.048790164169432,0.182321556793955,0.300104592450338,0.0776848056252571,0.0782137774098242,0.0826585054241931,TRUE,0.594709649746093,1.00100286753775,-0.00095016415965743,TRUE,0.444383863060284,1.00101483942447,-0.0921766285307011,TRUE,0.628635018960684,1.00156969806792,0.0731243461687326,TRUE,0.756076828199916,1.00099670784123
65,"rand=1-1_rate=1.5_ROB=LH_Bias=NRE strong","1-1",1.5,"LH","NRE strong",0,0.048790164169432,0.0953101798043249,0.048790164169432,0.182321556793955,0.300104592450338,0.0932406138028076,0.0942334154572858,-0.0104148187737498,TRUE,0.554365843310584,1.00104180440211,-0.116732616425663,TRUE,0.374345373968231,1.00109216891189,-0.0264966409628538,TRUE,0.484724404315836,1.00101267547482,-0.172574946273889,TRUE,0.711862325015096,1.00099826912197
66,"rand=1-1_rate=1.5_ROB=LH_Bias=NRE strong","1-1",1.5,"LH","NRE strong",0,0.048790164169432,0.0953101798043249,0.048790164169432,0.182321556793955,0.300104592450338,0.0861327602888032,0.0861327602888032,-0.244489035978684,TRUE,0.562269589852492,1.00106611877422,-0.162359421088085,FALSE,0.313903775137448,1.00098628188829,-0.0459423032421102,TRUE,0.507789014717341,1.00159280430064,-0.215692333221669,FALSE,0.463970034797142,1.00100252290346
67,"rand=1-1_rate=1.5_ROB=LH_Bias=NRE strong","1-1",1.5,"LH","NRE strong",0,0.048790164169432,0.0953101798043249,0.048790164169432,0.182321556793955,0.300104592450338,0.0832284182653635,0.0847159919862722,-0.00542260455775501,TRUE,0.492774952080122,1.00107710065226,-0.0996457173890211,TRUE,0.369457006365585,1.00100181836581,-0.0768791237114839,TRUE,0.537033234568787,1.0010278726778,-0.11670191676589,TRUE,0.652957296926931,1.00102759068522
68,"rand=1-1_rate=1.5_ROB=LH_Bias=NRE strong","1-1",1.5,"LH","NRE strong",0,0.048790164169432,0.0953101798043249,0.048790164169432,0.182321556793955,0.300104592450338,0.0831407956855898,0.0838513440718407,-0.20592465816149,TRUE,0.604864665095789,1.00103440349186,-0.147502904410588,TRUE,0.353740657747204,1.00104509638486,-0.139505433995373,TRUE,0.620747328209106,1.00104294742227,-0.149182799922497,TRUE,0.535460971300032,1.00098605702744
69,"rand=1-1_rate=1.5_ROB=LH_Bias=NRE strong","1-1",1.5,"LH","NRE strong",0,0.048790164169432,0.0953101798043249,0.048790164169432,0.182321556793955,0.300104592450338,0.0982884812530504,0.0995627340445674,-0.0229277848741587,TRUE,0.543346581198405,1.00114025613814,-0.176383768069375,TRUE,0.470797369442594,1.00101113475266,0.0535791013205723,TRUE,0.460330292162406,1.00100927455793,-0.40441345832464,TRUE,0.994183063295502,1.00098893570852
70,"rand=1-1_rate=1.5_ROB=LH_Bias=NRE strong","1-1",1.5,"LH","NRE strong",0,0.048790164169432,0.0953101798043249,0.048790164169432,0.182321556793955,0.300104592450338,0.0942029547889124,0.0946766951385072,0.0872186999244998,TRUE,0.541718067105894,1.00098599926477,-0.0216822783362067,TRUE,0.508327990535559,1.00099886621932,0.169503704086325,TRUE,0.407926237654439,1.00111662156812,-0.31184392330914,TRUE,1.42698486136877,1.00099337599752
71,"rand=1-1_rate=1.5_ROB=LH_Bias=NRE strong","1-1",1.5,"LH","NRE strong",0,0.048790164169432,0.0953101798043249,0.048790164169432,0.182321556793955,0.300104592450338,0.0899550791807105,0.0907542477519938,-0.174712684991818,TRUE,0.557599433989976,1.00109766333699,-0.288357824372145,FALSE,0.409523572917293,1.00098639306818,-0.222959889267736,TRUE,0.707587112495601,1.00108591839803,-0.329411787225251,FALSE,0.637156210379973,1.00101286960574
72,"rand=1-1_rate=1.5_ROB=LH_Bias=NRE strong","1-1",1.5,"LH","NRE strong",0,0.048790164169432,0.0953101798043249,0.048790164169432,0.182321556793955,0.300104592450338,0.106726945838606,0.107897746316836,0.0725129952943331,TRUE,0.626677886534005,1.00101333511148,0.022587707921559,TRUE,0.462947606684011,1.0009904555172,-0.051441318757439,TRUE,0.778178015811067,1.00099915781669,0.0960787574808749,TRUE,0.682616440748228,1.0010767137044
73,"rand=1-1_rate=1.5_ROB=LH_Bias=NRE strong","1-1",1.5,"LH","NRE strong",0,0.048790164169432,0.0953101798043249,0.048790164169432,0.182321556793955,0.300104592450338,0.104531034382633,0.105271969764396,-0.172134563286653,TRUE,0.683158059033682,1.00098983533095,-0.29709508985513,FALSE,0.586551661970868,1.00098632097767,-0.222197458247097,TRUE,0.646652524858763,1.00100071426498,-0.38016767091763,TRUE,1.39644074301139,1.00101661032012
74,"rand=1-1_rate=1.5_ROB=LH_Bias=NRE strong","1-1",1.5,"LH","NRE strong",0,0.048790164169432,0.0953101798043249,0.048790164169432,0.182321556793955,0.300104592450338,0.0703826531470939,0.0719436705520198,-0.0935275127822,TRUE,0.582749106905439,1.00099343426328,-0.192056035197496,TRUE,0.438503170406865,1.00103793371757,0.0697589381908069,TRUE,0.458464745660895,1.00119836628432,-0.412908237031623,FALSE,0.736397904046999,1.00098831728237
75,"rand=1-1_rate=1.5_ROB=LH_Bias=NRE strong","1-1",1.5,"LH","NRE strong",0,0.048790164169432,0.0953101798043249,0.048790164169432,0.182321556793955,0.300104592450338,0.0814096248729806,0.0875396406139868,-0.420637742583085,FALSE,0.806514144336698,1.00117182321286,-0.443667434588604,FALSE,0.537729646679292,1.00099855807113,-0.396746798138314,FALSE,0.785795932170211,1.00098956019101,-0.477735524334777,FALSE,0.964650111696353,1.00098994432755
76,"rand=1-1_rate=1.5_ROB=LH_Bias=NRE strong","1-1",1.5,"LH","NRE strong",0,0.048790164169432,0.0953101798043249,0.048790164169432,0.182321556793955,0.300104592450338,0.0892694002566917,0.090799659198043,-0.0793905793977037,TRUE,0.658367018087689,1.00099527521314,-0.0924535277432332,TRUE,0.450309499894359,1.00098643350316,-0.0151175612807242,TRUE,0.582735480172354,1.00101663928539,-0.1663060480642,TRUE,0.865583803194807,1.00098897776142
77,"rand=1-1_rate=1.5_ROB=LH_Bias=NRE strong","1-1",1.5,"LH","NRE strong",0,0.048790164169432,0.0953101798043249,0.048790164169432,0.182321556793955,0.300104592450338,0.0866476390223614,0.0879922883108384,-0.142060683829031,TRUE,0.602029250095416,1.00104524346795,-0.248874953769574,FALSE,0.45142274043556,1.00098652408337,-0.230785835810722,TRUE,0.783021841137827,1.00148417219202,-0.263800439130111,TRUE,0.707842604912788,1.00100006616772
78,"rand=1-1_rate=1.5_ROB=LH_Bias=NRE strong","1-1",1.5,"LH","NRE strong",0,0.048790164169432,0.0953101798043249,0.048790164169432,0.182321556793955,0.300104592450338,0.0983756305224707,0.0983756305224707,-0.242162640526249,TRUE,0.719495510420238,1.00098994107677,-0.255447078307363,FALSE,0.507475284347175,1.00104611543598,-0.0392923907575651,TRUE,0.684992364546172,1.00103686760898,-0.474135490963922,FALSE,0.724140997568167,1.00101522566855
79,"rand=1-1_rate=1.5_ROB=LH_Bias=NRE strong","1-1",1.5,"LH","NRE strong",0,0.048790164169432,0.0953101798043249,0.048790164169432,0.182321556793955,0.300104592450338,0.0932589545658363,0.0954031234052225,-0.040036555620514,TRUE,0.518564140345005,1.00109760868562,-0.147194994577596,TRUE,0.407855380137794,1.00098671403742,-0.0603733655108809,TRUE,0.654231045723812,1.00098796008531,-0.214354947397134,TRUE,0.627698786880646,1.00100545892834
80,"rand=1-1_rate=1.5_ROB=LH_Bias=NRE strong","1-1",1.5,"LH","NRE strong",0,0.048790164169432,0.0953101798043249,0.048790164169432,0.182321556793955,0.300104592450338,0.10125307966636,0.103581587171456,-0.0794732515374714,TRUE,0.53016361647512,1.00100088718637,-0.149354538821031,TRUE,0.395497770007647,1.00099359865811,-0.0635826927537655,TRUE,0.595465841388437,1.00117982199734,-0.206646646647677,TRUE,0.650699450648738,1.00099359752473
81,"rand=1-1_rate=1.5_ROB=LH_Bias=NRE strong","1-1",1.5,"LH","NRE strong",0,0.048790164169432,0.0953101798043249,0.048790164169432,0.182321556793955,0.300104592450338,0.0959378466252502,0.0964902975813032,0.0078188311643228,TRUE,0.424513972138806,1.00117219821604,-0.0595356823449371,TRUE,0.283048970032325,1.00100453398233,-0.0618629061212834,TRUE,0.7659854401001,1.00098881431275,-0.0622437599015275,TRUE,0.285504700618657,1.00099313586039
82,"rand=1-1_rate=1.5_ROB=LH_Bias=NRE strong","1-1",1.5,"LH","NRE strong",0,0.048790164169432,0.0953101798043249,0.048790164169432,0.182321556793955,0.300104592450338,0.0897826588964687,0.0909260127106621,-0.0370562218856678,TRUE,0.633016314920278,1.00098664850995,-0.115492542911879,TRUE,0.497573473829012,1.00098754235695,-0.181046461193881,TRUE,0.595320313185646,1.00101028506203,-0.0457495320217047,TRUE,1.04786711569432,1.00105587718849
83,"rand=1-1_rate=1.5_ROB=LH_Bias=NRE strong","1-1",1.5,"LH","NRE strong",0,0.048790164169432,0.0953101798043249,0.048790164169432,0.182321556793955,0.300104592450338,0.0949336170777134,0.096877145213694,-0.178978157653667,TRUE,0.621063037558776,1.00102452745617,-0.208956951972446,FALSE,0.423413287775014,1.00099198143182,-0.168754960503934,TRUE,0.584145682695316,1.00114038144168,-0.238445602098,TRUE,0.799298700791238,1.00099344414094
84,"rand=1-1_rate=1.5_ROB=LH_Bias=NRE strong","1-1",1.5,"LH","NRE strong",0,0.048790164169432,0.0953101798043249,0.048790164169432,0.182321556793955,0.300104592450338,0.0866104031161152,0.0885244567452773,-0.0537485748191147,TRUE,0.569200270776194,1.00106066031197,-0.146516078705774,TRUE,0.449633128678588,1.00098599007442,-0.0994715695126387,TRUE,0.71299691302416,1.00119891926912,-0.189046714604999,TRUE,0.742902974367454,1.00102581735716
85,"rand=1-1_rate=1.5_ROB=LH_Bias=NRE strong","1-1",1.5,"LH","NRE strong",0,0.048790164169432,0.0953101798043249,0.048790164169432,0.182321556793955,0.300104592450338,0.0861569780014833,0.0895114977065452,-0.0613498723259411,TRUE,0.607840129196539,1.0015068352336,-0.165601348585459,TRUE,0.488868577006053,1.00101347623667,-0.021771234958246,TRUE,0.493014456565555,1.0010986081746,-0.329185936266611,TRUE,1.19556786959078,1.00100595192728
86,"rand=1-1_rate=1.5_ROB=LH_Bias=NRE strong","1-1",1.5,"LH","NRE strong",0,0.048790164169432,0.0953101798043249,0.048790164169432,0.182321556793955,0.300104592450338,0.0888741520957862,0.0915000838910246,0.168153284240878,TRUE,0.431248302980928,1.00130660735202,0.123903920463074,TRUE,0.298644528247111,1.00098778175138,0.142095193325402,TRUE,0.411400284007345,1.001865604385,0.112427546772154,TRUE,0.592823763295915,1.00106687716924
87,"rand=1-1_rate=1.5_ROB=LH_Bias=NRE strong","1-1",1.5,"LH","NRE strong",0,0.048790164169432,0.0953101798043249,0.048790164169432,0.182321556793955,0.300104592450338,0.102773796118298,0.103871058123953,0.0354853708420314,TRUE,0.51415015529304,1.00098950969404,-0.0822859211552165,TRUE,0.372514985406211,1.00100590438892,-0.153456739323579,TRUE,0.592929512791246,1.00143881445047,-0.0359902462389903,TRUE,0.61270153958358,1.00099536998478
88,"rand=1-1_rate=1.5_ROB=LH_Bias=NRE strong","1-1",1.5,"LH","NRE strong",0,0.048790164169432,0.0953101798043249,0.048790164169432,0.182321556793955,0.300104592450338,0.0900443840000838,0.0912984118386341,-0.164302284477508,TRUE,0.508000215394099,1.00145910159412,-0.189883350619598,FALSE,0.285253389319657,1.00129067261738,-0.240676530524192,TRUE,0.578426085849511,1.00102665319218,-0.173127810310011,TRUE,0.416657151969336,1.00100172902623
89,"rand=1-1_rate=1.5_ROB=LH_Bias=NRE strong","1-1",1.5,"LH","NRE strong",0,0.048790164169432,0.0953101798043249,0.048790164169432,0.182321556793955,0.300104592450338,0.0899127016256902,0.0943449742605058,-0.205892963553646,TRUE,0.695381847266466,1.00098920912063,-0.2513776036228,FALSE,0.503417243113864,1.00098689333748,-0.137071357766793,TRUE,0.604085904795168,1.00101492248364,-0.370966726655584,TRUE,1.00899022876707,1.00098950449917
90,"rand=1-1_rate=1.5_ROB=LH_Bias=NRE strong","1-1",1.5,"LH","NRE strong",0,0.048790164169432,0.0953101798043249,0.048790164169432,0.182321556793955,0.300104592450338,0.0824753685028109,0.083568860797474,-0.0380659831503145,TRUE,0.534466147276803,1.00151472947106,-0.112965314529364,TRUE,0.373365302899938,1.00098698655246,-0.169755996824827,TRUE,0.622960882476604,1.00101609788401,-0.0716260114938758,TRUE,0.578881523783199,1.00098890944686
91,"rand=1-1_rate=1.5_ROB=LH_Bias=NRE strong","1-1",1.5,"LH","NRE strong",0,0.048790164169432,0.0953101798043249,0.048790164169432,0.182321556793955,0.300104592450338,0.0863468105196181,0.0876090416821838,-0.101504542734362,TRUE,0.608441493256648,1.00098602755326,-0.103900815619863,TRUE,0.394691468858012,1.00104239280464,-0.00301790742611052,TRUE,0.504049859511809,1.00139186034855,-0.180810723779467,TRUE,0.759170812727906,1.00098678678929
92,"rand=1-1_rate=1.5_ROB=LH_Bias=NRE strong","1-1",1.5,"LH","NRE strong",0,0.048790164169432,0.0953101798043249,0.048790164169432,0.182321556793955,0.300104592450338,0.0974085294604,0.0992838238809648,-0.135424646908024,TRUE,0.653982306484836,1.00105474740044,-0.234903710599397,FALSE,0.499294477815936,1.00098698702066,-0.161575885051796,TRUE,0.772659650888166,1.0010352891378,-0.304797187115596,TRUE,0.819115852379323,1.00098967162637
93,"rand=1-1_rate=1.5_ROB=LH_Bias=NRE strong","1-1",1.5,"LH","NRE strong",0,0.048790164169432,0.0953101798043249,0.048790164169432,0.182321556793955,0.300104592450338,0.103280061537764,0.104835316985974,-0.114161850157285,TRUE,0.627220111414531,1.00113006425976,-0.226530043817454,FALSE,0.482392856500509,1.00098834356869,-0.228304536621,TRUE,0.598240042707181,1.00100952176004,-0.222998001368277,TRUE,1.00928656325087,1.00098767841305
94,"rand=1-1_rate=1.5_ROB=LH_Bias=NRE strong","1-1",1.5,"LH","NRE strong",0,0.048790164169432,0.0953101798043249,0.048790164169432,0.182321556793955,0.300104592450338,0.0770151539141006,0.0787230981446396,-0.214189235183302,TRUE,0.751641298076022,1.00114800432123,-0.270646298646598,FALSE,0.558493659581523,1.00100265311638,-0.232335902297981,TRUE,0.770402440128991,1.00105142508765,-0.303577577523069,TRUE,1.06632890914755,1.00099586504305
95,"rand=1-1_rate=1.5_ROB=LH_Bias=NRE strong","1-1",1.5,"LH","NRE strong",0,0.048790164169432,0.0953101798043249,0.048790164169432,0.182321556793955,0.300104592450338,0.0907053101073298,0.0943062486719661,-0.078367733431232,TRUE,0.622398309269782,1.00101773340046,-0.134122829604871,TRUE,0.438297148659076,1.00112937266229,0.0514195689378131,TRUE,0.547660878456113,1.00112024441996,-0.318593943296032,FALSE,0.72536004193191,1.00098747554719
96,"rand=1-1_rate=1.5_ROB=LH_Bias=NRE strong","1-1",1.5,"LH","NRE strong",0,0.048790164169432,0.0953101798043249,0.048790164169432,0.182321556793955,0.300104592450338,0.0956265389931754,0.096658016627292,0.0333845830561693,TRUE,0.603314186888458,1.0011594119775,0.00815990334357275,TRUE,0.464469479747874,1.0010632290811,0.0632101318672197,TRUE,0.479906409409086,1.00116281331843,-0.0729631358161018,TRUE,1.1635353460312,1.00099354213726
97,"rand=1-1_rate=1.5_ROB=LH_Bias=NRE strong","1-1",1.5,"LH","NRE strong",0,0.048790164169432,0.0953101798043249,0.048790164169432,0.182321556793955,0.300104592450338,0.111515332383467,0.113254862278862,-0.0489700603699721,TRUE,0.445037386167081,1.00099179819548,-0.179405564159627,FALSE,0.298678282812517,1.00102648254344,-0.0112604727403025,TRUE,0.499270239869532,1.00125461496708,-0.245810697634358,FALSE,0.406133755189008,1.00104649203306
98,"rand=1-1_rate=1.5_ROB=LH_Bias=NRE strong","1-1",1.5,"LH","NRE strong",0,0.048790164169432,0.0953101798043249,0.048790164169432,0.182321556793955,0.300104592450338,0.0911526825023487,0.0935541562715195,0.188095818741683,TRUE,0.443058735225571,1.00099674735803,0.0401339173887763,TRUE,0.45590358915389,1.00100896197205,0.22885358427288,TRUE,0.41454025909535,1.00099934051474,-0.206297854875229,TRUE,1.05725744778193,1.0009869766512
99,"rand=1-1_rate=1.5_ROB=LH_Bias=NRE strong","1-1",1.5,"LH","NRE strong",0,0.048790164169432,0.0953101798043249,0.048790164169432,0.182321556793955,0.300104592450338,0.0822989338530773,0.083468001645139,0.0313338776535927,TRUE,0.484442306912375,1.00110941973377,-0.0251197552042681,TRUE,0.367839081114782,1.00100726659616,0.176631745150911,TRUE,0.413226198552935,1.00141040797402,-0.195095868290916,TRUE,0.588508294697547,1.00099275296639
100,"rand=1-1_rate=1.5_ROB=LH_Bias=NRE strong","1-1",1.5,"LH","NRE strong",0,0.048790164169432,0.0953101798043249,0.048790164169432,0.182321556793955,0.300104592450338,0.0912654044033574,0.0925628486318785,-0.00378751573372971,TRUE,0.588094290739187,1.00101982313087,-0.169901979539177,TRUE,0.473116954351088,1.0010024988381,-0.253302412280195,TRUE,0.853408953614692,1.00159351763799,-0.10971385449008,TRUE,0.682630204512966,1.00098729202474
101,"rand=1-1_rate=1.5_ROB=LH_Bias=NRE strong","1-1",1.5,"LH","NRE strong",0,0.048790164169432,0.0953101798043249,0.048790164169432,0.182321556793955,0.300104592450338,0.0763104808670547,0.0774962455812943,0.163053749432865,TRUE,0.466784549996565,1.00105487228989,-0.0667116732706197,TRUE,0.466288370906944,1.00098943195589,-0.165283002874605,TRUE,0.816350515781227,1.00098650401391,0.0117969235274573,TRUE,0.677061415521696,1.00100758855538
102,"rand=1-1_rate=1.5_ROB=LH_Bias=NRE strong","1-1",1.5,"LH","NRE strong",0,0.048790164169432,0.0953101798043249,0.048790164169432,0.182321556793955,0.300104592450338,0.101153617986096,0.103778402363539,0.031065423565504,TRUE,0.602403338718929,1.00103187390302,-0.0403553146737439,TRUE,0.436300766626166,1.00098612981884,-0.136655431257258,TRUE,0.645904133197083,1.00128749172392,0.0401475197926434,TRUE,0.757755302121822,1.00098710618384
103,"rand=1-1_rate=1.5_ROB=LH_Bias=NRE strong","1-1",1.5,"LH","NRE strong",0,0.048790164169432,0.0953101798043249,0.048790164169432,0.182321556793955,0.300104592450338,0.0922032704219663,0.0946230003758487,0.00359167065826804,TRUE,0.566601585016266,1.0011127103103,-0.0754072438616795,TRUE,0.434218698908239,1.000986626604,0.0410417667324181,TRUE,0.494489385253285,1.0011958391848,-0.184479724067039,TRUE,0.934738941845949,1.00100203777249
104,"rand=1-1_rate=1.5_ROB=LH_Bias=NRE strong","1-1",1.5,"LH","NRE strong",0,0.048790164169432,0.0953101798043249,0.048790164169432,0.182321556793955,0.300104592450338,0.0864930026152774,0.0876690499139726,-0.157828909563422,TRUE,0.587726250714794,1.00099311390703,-0.280465926204051,FALSE,0.412001190586689,1.00104662120569,-0.137337619577138,TRUE,0.517842961783575,1.00109239690159,-0.37182613516804,FALSE,0.769098692359663,1.00100587127634
105,"rand=1-1_rate=1.5_ROB=LH_Bias=NRE strong","1-1",1.5,"LH","NRE strong",0,0.048790164169432,0.0953101798043249,0.048790164169432,0.182321556793955,0.300104592450338,0.0822871733098051,0.0854437902774796,-0.0271363968136704,TRUE,0.56608288311667,1.00104705229604,-0.122973920660465,TRUE,0.443289843008474,1.00099327255033,-0.05270459987885,TRUE,0.589729944300589,1.00142369966285,-0.186277174374907,TRUE,0.857118493992582,1.00099899465132
106,"rand=1-1_rate=1.5_ROB=LH_Bias=NRE strong","1-1",1.5,"LH","NRE strong",0,0.048790164169432,0.0953101798043249,0.048790164169432,0.182321556793955,0.300104592450338,0.111166415145466,0.112702126737262,-0.103785640061655,TRUE,0.652068136916275,1.00197585502674,-0.230377687077752,FALSE,0.515640605806612,1.00099938696493,-0.243692660192242,TRUE,0.640125999556276,1.00121361250115,-0.212983623085414,TRUE,1.09238489088502,1.00098653132141
107,"rand=1-1_rate=1.5_ROB=LH_Bias=NRE strong","1-1",1.5,"LH","NRE strong",0,0.048790164169432,0.0953101798043249,0.048790164169432,0.182321556793955,0.300104592450338,0.109654153410289,0.111820479861072,0.00709841355305496,TRUE,0.546490988235154,1.00102300122034,-0.0664317770661809,TRUE,0.393941510891413,1.00098845693135,0.0414533888151046,TRUE,0.509070442364537,1.00165230885614,-0.158278185631813,TRUE,0.74138225066376,1.00100999631833
108,"rand=1-1_rate=1.5_ROB=LH_Bias=NRE strong","1-1",1.5,"LH","NRE strong",0,0.048790164169432,0.0953101798043249,0.048790164169432,0.182321556793955,0.300104592450338,0.0846423874584042,0.0866388264745315,-0.0339339760685711,TRUE,0.64579138927259,1.00103862961592,-0.183287049027401,TRUE,0.504724600909508,1.00103529568125,-0.0880110168185015,TRUE,0.717012868812804,1.00101670490461,-0.280295295390643,TRUE,0.91527227951644,1.00098958342013
109,"rand=1-1_rate=1.5_ROB=LH_Bias=NRE strong","1-1",1.5,"LH","NRE strong",0,0.048790164169432,0.0953101798043249,0.048790164169432,0.182321556793955,0.300104592450338,0.0884328249577862,0.0938265303678701,0.13709776435495,TRUE,0.520870608985345,1.00098620535456,-0.0835234003458654,TRUE,0.464825968964415,1.0009903522874,0.00582924075067248,TRUE,0.508268687319257,1.00122437667819,-0.162491134663423,TRUE,1.0488451369735,1.00101041122121
110,"rand=1-1_rate=1.5_ROB=LH_Bias=NRE strong","1-1",1.5,"LH","NRE strong",0,0.048790164169432,0.0953101798043249,0.048790164169432,0.182321556793955,0.300104592450338,0.091555101598554,0.093654623298209,0.0722416833261027,TRUE,0.574190936758736,1.00099627777369,-0.0911870525820073,TRUE,0.552266052387147,1.00102293377639,0.030789526529826,TRUE,0.6874814383419,1.0010054761297,-0.242850225787374,TRUE,1.19499744232152,1.00098701299174
111,"rand=1-1_rate=1.5_ROB=LH_Bias=NRE strong","1-1",1.5,"LH","NRE strong",0,0.048790164169432,0.0953101798043249,0.048790164169432,0.182321556793955,0.300104592450338,0.0906875635743876,0.0915216974872646,-0.00814308842461497,TRUE,0.562285955128649,1.00114663864694,-0.0877328833057103,TRUE,0.436654901829097,1.00098618946593,-0.0191225573980747,TRUE,0.453816061091871,1.00161470783192,-0.160004781615379,TRUE,1.07570073712494,1.00101305010216
112,"rand=1-1_rate=1.5_ROB=LH_Bias=NRE strong","1-1",1.5,"LH","NRE strong",0,0.048790164169432,0.0953101798043249,0.048790164169432,0.182321556793955,0.300104592450338,0.0940059545809235,0.095414881430854,0.021461660149491,TRUE,0.544667202617076,1.00098602060529,-0.110412980110663,TRUE,0.460906980889575,1.00099332414435,-0.126797659058682,TRUE,0.542490798072963,1.00182895968386,-0.103789001131057,TRUE,1.0186190452878,1.00101301248707
113,"rand=1-1_rate=1.5_ROB=LH_Bias=NRE strong","1-1",1.5,"LH","NRE strong",0,0.048790164169432,0.0953101798043249,0.048790164169432,0.182321556793955,0.300104592450338,0.0985706199045415,0.100470180772216,0.0962275743206142,TRUE,0.551756241538195,1.00100174775104,-0.00919783592563506,TRUE,0.486671615407342,1.00100904289738,0.0840817641800314,TRUE,0.52112390369379,1.00098824904656,-0.114684797622431,TRUE,1.16582594370089,1.00107389551402
114,"rand=1-1_rate=1.5_ROB=LH_Bias=NRE strong","1-1",1.5,"LH","NRE strong",0,0.048790164169432,0.0953101798043249,0.048790164169432,0.182321556793955,0.300104592450338,0.0926282937022536,0.0959438943423691,0.00558940777514971,TRUE,0.548069038053983,1.00113663988968,-0.0899891723796498,TRUE,0.43477860327504,1.00098692216184,-0.0206697002615386,TRUE,0.515003018006525,1.00148263585817,-0.155381758717842,TRUE,0.932111901258438,1.00101484744746
115,"rand=1-1_rate=1.5_ROB=LH_Bias=NRE strong","1-1",1.5,"LH","NRE strong",0,0.048790164169432,0.0953101798043249,0.048790164169432,0.182321556793955,0.300104592450338,0.109388838986328,0.110122783298159,-0.094654386926964,TRUE,0.565323737083988,1.00115162346658,-0.133729729645932,TRUE,0.362950792586262,1.00101300506314,-0.232256435651625,TRUE,0.612115211836304,1.00152884699186,-0.0776879275485023,TRUE,0.565918161702367,1.00102858458224
116,"rand=1-1_rate=1.5_ROB=LH_Bias=NRE strong","1-1",1.5,"LH","NRE strong",0,0.048790164169432,0.0953101798043249,0.048790164169432,0.182321556793955,0.300104592450338,0.071646766397829,0.0751782713350449,0.115113391615967,TRUE,0.456124609606042,1.00101158346524,0.0244804991297365,TRUE,0.323863301332831,1.00098813272101,0.0769322626599401,TRUE,0.459415596931706,1.00112067765439,-0.0129349304160815,TRUE,0.573394242725935,1.0009860279644
117,"rand=1-1_rate=1.5_ROB=LH_Bias=NRE strong","1-1",1.5,"LH","NRE strong",0,0.048790164169432,0.0953101798043249,0.048790164169432,0.182321556793955,0.300104592450338,0.107092910066837,0.111846110919544,-0.113970067987932,TRUE,0.65055054689385,1.00127134076801,-0.124719455369402,TRUE,0.498179695910981,1.0010108623676,-0.114730833663568,TRUE,0.5184957930829,1.00101871851989,-0.138875683099006,TRUE,1.2564175941726,1.00100330022076
118,"rand=1-1_rate=1.5_ROB=LH_Bias=NRE strong","1-1",1.5,"LH","NRE strong",0,0.048790164169432,0.0953101798043249,0.048790164169432,0.182321556793955,0.300104592450338,0.0916303283006146,0.0918675117492521,0.00159039859049914,TRUE,0.498398403233774,1.00102000925247,-0.0947994518555406,TRUE,0.38115961740695,1.00100680229504,-0.0347401400094254,TRUE,0.545028925786227,1.00101577771276,-0.143476205421741,TRUE,0.687809347274913,1.00098743659744
119,"rand=1-1_rate=1.5_ROB=LH_Bias=NRE strong","1-1",1.5,"LH","NRE strong",0,0.048790164169432,0.0953101798043249,0.048790164169432,0.182321556793955,0.300104592450338,0.0898823194086392,0.0916741844653229,0.0422823675855762,TRUE,0.521877631469128,1.00098632746292,-0.0320659184716454,TRUE,0.388099393572208,1.00098733510423,0.127202348176774,TRUE,0.532810978432784,1.00098673006056,-0.166498944081438,TRUE,0.612059138990997,1.00098602665223
120,"rand=1-1_rate=1.5_ROB=LH_Bias=NRE strong","1-1",1.5,"LH","NRE strong",0,0.048790164169432,0.0953101798043249,0.048790164169432,0.182321556793955,0.300104592450338,0.0814645560665255,0.0856345407199081,-0.108471583409999,TRUE,0.607124962150429,1.00106032703253,-0.201326168749547,TRUE,0.473310329669088,1.00098900600146,-0.0036507177405587,TRUE,0.450676371498062,1.00113917981817,-0.428117392461364,TRUE,1.12060145595345,1.00098963354473
121,"rand=1-1_rate=1.5_ROB=LH_Bias=NRE strong","1-1",1.5,"LH","NRE strong",0,0.048790164169432,0.0953101798043249,0.048790164169432,0.182321556793955,0.300104592450338,0.0817036794281957,0.0912477222741883,-0.0402829168038847,TRUE,0.514430682336935,1.00099520090895,-0.0817818141876088,TRUE,0.381960436758691,1.00098611793432,0.0926605283818498,TRUE,0.572337545948921,1.00099078448709,-0.208114814000778,TRUE,0.506418498424112,1.00099770229762
122,"rand=1-1_rate=1.5_ROB=LH_Bias=NRE strong","1-1",1.5,"LH","NRE strong",0,0.048790164169432,0.0953101798043249,0.048790164169432,0.182321556793955,0.300104592450338,0.0989648187179108,0.104691371770434,-0.190147240217853,TRUE,0.518175956791269,1.00115794744002,-0.239126681274101,FALSE,0.305485151704201,1.00114436434444,-0.10561638616769,TRUE,0.565867271407561,1.00125291683454,-0.291780892843926,FALSE,0.392468178003105,1.00099834768873
123,"rand=1-1_rate=1.5_ROB=LH_Bias=NRE strong","1-1",1.5,"LH","NRE strong",0,0.048790164169432,0.0953101798043249,0.048790164169432,0.182321556793955,0.300104592450338,0.0932704695544029,0.0942569821435781,-0.25522988690776,TRUE,0.826258796283274,1.00098716544302,-0.239271352607484,TRUE,0.539270120803416,1.00101485233445,-0.00722653625531056,TRUE,0.703552801925174,1.00105334799344,-0.483014450577174,FALSE,0.811903602410982,1.00102936171323
124,"rand=1-1_rate=1.5_ROB=LH_Bias=NRE strong","1-1",1.5,"LH","NRE strong",0,0.048790164169432,0.0953101798043249,0.048790164169432,0.182321556793955,0.300104592450338,0.0883387215101523,0.0896409813113302,-0.00370736100354385,TRUE,0.568756078753003,1.00099333949807,-0.0682252778117749,TRUE,0.451585032330082,1.00098680182144,-0.0165209644695152,TRUE,0.485268934065989,1.00103170966181,-0.106779822237232,TRUE,1.04046520428671,1.00103060221063
125,"rand=1-1_rate=1.5_ROB=LH_Bias=NRE strong","1-1",1.5,"LH","NRE strong",0,0.048790164169432,0.0953101798043249,0.048790164169432,0.182321556793955,0.300104592450338,0.10337314346718,0.107438310332577,0.0958605475057658,TRUE,0.498023123089412,1.00121448631092,-0.0534114991317427,TRUE,0.396853173449212,1.0009890830336,-0.0214533847346681,TRUE,0.46650008029308,1.00103482298714,-0.0704458363955689,TRUE,0.880117154563674,1.00098732821787
126,"rand=1-1_rate=1.5_ROB=LH_Bias=NRE strong","1-1",1.5,"LH","NRE strong",0,0.048790164169432,0.0953101798043249,0.048790164169432,0.182321556793955,0.300104592450338,0.0786288997521319,0.0796111654115143,0.0533008080019691,TRUE,0.531244189309903,1.0010460873631,-0.131483097160614,TRUE,0.448689839301918,1.00098634064959,-0.0512888848108521,TRUE,0.591728696651446,1.00103651647368,-0.18916621069511,TRUE,0.839299213611806,1.00101876941953
127,"rand=1-1_rate=1.5_ROB=LH_Bias=NRE strong","1-1",1.5,"LH","NRE strong",0,0.048790164169432,0.0953101798043249,0.048790164169432,0.182321556793955,0.300104592450338,0.076863584701809,0.0780853547160587,-0.15223367026167,TRUE,0.545271326931133,1.00119673146335,-0.0556632470230491,TRUE,0.303180315916552,1.00118628057038,-0.0936504965304974,TRUE,0.553851531131541,1.00101253630447,-0.0359537561968448,TRUE,0.454150705008535,1.00099619479248
128,"rand=1-1_rate=1.5_ROB=LH_Bias=NRE strong","1-1",1.5,"LH","NRE strong",0,0.048790164169432,0.0953101798043249,0.048790164169432,0.182321556793955,0.300104592450338,0.088248074315976,0.0897547184283248,0.00180410098737882,TRUE,0.542254411991872,1.00101550752402,-0.141325660712207,TRUE,0.459983487700363,1.00108827513984,-0.0565886480272333,TRUE,0.474927101974946,1.00145075716834,-0.212530324551668,TRUE,1.1081550594551,1.00105320047303
129,"rand=1-1_rate=1.5_ROB=LH_Bias=NRE strong","1-1",1.5,"LH","NRE strong",0,0.048790164169432,0.0953101798043249,0.048790164169432,0.182321556793955,0.300104592450338,0.0840332768775446,0.086300418104157,-0.0151331903446725,TRUE,0.511100982974682,1.00098599019928,-0.182148143208152,TRUE,0.514492894103564,1.00107260519593,0.00485565783456066,TRUE,0.516320731159016,1.00098768587752,-0.39827142523889,TRUE,1.18431383114547,1.00098678808238
130,"rand=1-1_rate=1.5_ROB=LH_Bias=NRE strong","1-1",1.5,"LH","NRE strong",0,0.048790164169432,0.0953101798043249,0.048790164169432,0.182321556793955,0.300104592450338,0.0789233172657806,0.0819895844212586,-0.063720374778951,TRUE,0.556747504720568,1.0009860673982,-0.103740700298957,TRUE,0.415433529510402,1.00116004842217,0.081446829322097,TRUE,0.494527860147029,1.00100448303274,-0.269532743094108,TRUE,0.720100413609766,1.00098622281735
131,"rand=1-1_rate=1.5_ROB=LH_Bias=NRE strong","1-1",1.5,"LH","NRE strong",0,0.048790164169432,0.0953101798043249,0.048790164169432,0.182321556793955,0.300104592450338,0.0875350756693303,0.0892049592973193,-0.134713292723864,TRUE,0.567282772315459,1.00102830374604,-0.22581961773605,FALSE,0.42859043112978,1.00102537692778,-0.00961749313219662,TRUE,0.500359607799416,1.00168132735418,-0.398272667713045,FALSE,0.719966588600543,1.00099166437674
132,"rand=1-1_rate=1.5_ROB=LH_Bias=NRE strong","1-1",1.5,"LH","NRE strong",0,0.048790164169432,0.0953101798043249,0.048790164169432,0.182321556793955,0.300104592450338,0.0827395551916003,0.0871768443554871,0.0246754829616682,TRUE,0.476424479815344,1.00098962024001,0.00312662954531995,TRUE,0.287394372828665,1.0010745334801,0.148540117831169,TRUE,0.40108755936939,1.00129059910138,-0.0729426779181348,TRUE,0.44956680507666,1.00098822530353
133,"rand=1-1_rate=1.5_ROB=LH_Bias=NRE strong","1-1",1.5,"LH","NRE strong",0,0.048790164169432,0.0953101798043249,0.048790164169432,0.182321556793955,0.300104592450338,0.0860970305225472,0.0892084848718067,0.017741110751382,TRUE,0.457564183468242,1.00105963056846,-0.0207234070938316,TRUE,0.27574365394056,1.00108149187668,0.0202998751663821,TRUE,0.50442898413043,1.00104852331903,-0.0394271553137777,TRUE,0.409931243305089,1.0010372626217
134,"rand=1-1_rate=1.5_ROB=LH_Bias=NRE strong","1-1",1.5,"LH","NRE strong",0,0.048790164169432,0.0953101798043249,0.048790164169432,0.182321556793955,0.300104592450338,0.099898496974265,0.102271126700279,-0.0731979996675949,TRUE,0.513620338260759,1.0018026779058,-0.139835238519518,TRUE,0.336243171679838,1.00107873602801,-0.0734172159173239,TRUE,0.540379267437015,1.00132738878472,-0.171455239979495,TRUE,0.566685914352325,1.00098702460665
135,"rand=1-1_rate=1.5_ROB=LH_Bias=NRE strong","1-1",1.5,"LH","NRE strong",0,0.048790164169432,0.0953101798043249,0.048790164169432,0.182321556793955,0.300104592450338,0.0856380037416607,0.0872347102600544,-0.0733056402538765,TRUE,0.598605357011946,1.00126309381363,-0.139874561317001,TRUE,0.436360689344013,1.00099864651492,-0.194256398628491,TRUE,0.589145951547291,1.00106422582879,-0.0939107906735064,TRUE,0.845628692523099,1.00102836823433
136,"rand=1-1_rate=1.5_ROB=LH_Bias=NRE strong","1-1",1.5,"LH","NRE strong",0,0.048790164169432,0.0953101798043249,0.048790164169432,0.182321556793955,0.300104592450338,0.112385567086404,0.114329370952509,-0.230690624436078,TRUE,0.671629169003338,1.00103120247006,-0.350301929842887,FALSE,0.530698325258294,1.00098790624806,-0.274653332816848,TRUE,0.859427104062093,1.00098725354616,-0.411873941036014,FALSE,0.826074242205339,1.00100994383446
137,"rand=1-1_rate=1.5_ROB=LH_Bias=NRE strong","1-1",1.5,"LH","NRE strong",0,0.048790164169432,0.0953101798043249,0.048790164169432,0.182321556793955,0.300104592450338,0.0809052512719809,0.083005474939732,0.122555442358352,TRUE,0.787182042909331,1.00099741560052,0.0247702705876863,TRUE,0.625959622958684,1.00098599004395,-0.0692553718882938,TRUE,1.08233199932119,1.00099632063141,0.142847119389615,TRUE,0.851252908887448,1.0009873705437
138,"rand=1-1_rate=1.5_ROB=LH_Bias=NRE strong","1-1",1.5,"LH","NRE strong",0,0.048790164169432,0.0953101798043249,0.048790164169432,0.182321556793955,0.300104592450338,0.0976386582255097,0.0986729722669619,0.0333234979973274,TRUE,0.605723537716728,1.00110364113524,-0.152842549965052,TRUE,0.549866866444191,1.00112368972916,0.0468523744083288,TRUE,0.637506442670657,1.0010657989267,-0.417320484307761,TRUE,1.06372956181848,1.00098891616653
139,"rand=1-1_rate=1.5_ROB=LH_Bias=NRE strong","1-1",1.5,"LH","NRE strong",0,0.048790164169432,0.0953101798043249,0.048790164169432,0.182321556793955,0.300104592450338,0.0753170152927813,0.0781854247503284,-0.127062777243619,TRUE,0.623237515677397,1.0009888031494,-0.233488828319931,FALSE,0.495229562495889,1.0009884174965,-0.143558736524217,TRUE,0.560378775764968,1.00104269757763,-0.313889105439714,TRUE,1.10578205058293,1.00098618201587
140,"rand=1-1_rate=1.5_ROB=LH_Bias=NRE strong","1-1",1.5,"LH","NRE strong",0,0.048790164169432,0.0953101798043249,0.048790164169432,0.182321556793955,0.300104592450338,0.0822728531947575,0.0829536482599109,0.0312592957347221,TRUE,0.552169093674151,1.00100643749789,-0.0961118070099194,TRUE,0.365807349654823,1.00098952775152,0.118720174501608,TRUE,0.4116150942004,1.00155032067928,-0.252136515383182,TRUE,0.612470866453796,1.00100726620261
141,"rand=1-1_rate=1.5_ROB=LH_Bias=NRE strong","1-1",1.5,"LH","NRE strong",0,0.048790164169432,0.0953101798043249,0.048790164169432,0.182321556793955,0.300104592450338,0.090888289737597,0.0926639070485276,-0.000579562334478867,TRUE,0.479479258271544,1.00098601905245,-0.150685757073077,TRUE,0.413124670858015,1.00098756853294,0.0338266258118546,TRUE,0.447256749521854,1.00170072571914,-0.316087370755015,TRUE,0.829739975627114,1.00100566494258
142,"rand=1-1_rate=1.5_ROB=LH_Bias=NRE strong","1-1",1.5,"LH","NRE strong",0,0.048790164169432,0.0953101798043249,0.048790164169432,0.182321556793955,0.300104592450338,0.0981929102459929,0.0999021490521045,-0.0164254691131862,TRUE,0.568598048686613,1.00100527154038,-0.0628521823303536,TRUE,0.42206035695785,1.00100936384084,-0.0485140279045568,TRUE,0.479081796939264,1.00136564420817,-0.0683251805036844,TRUE,0.960683043420805,1.00099117486745
143,"rand=1-1_rate=1.5_ROB=LH_Bias=NRE strong","1-1",1.5,"LH","NRE strong",0,0.048790164169432,0.0953101798043249,0.048790164169432,0.182321556793955,0.300104592450338,0.093204980593573,0.0940786343459383,0.0920494510840442,TRUE,0.392443681463283,1.00119443853117,-0.044901142837994,TRUE,0.33273253723754,1.00098758608924,-0.0484340274318442,TRUE,0.587431127653054,1.0010701789327,-0.0427468357109884,TRUE,0.504425223497324,1.00098947970138
144,"rand=1-1_rate=1.5_ROB=LH_Bias=NRE strong","1-1",1.5,"LH","NRE strong",0,0.048790164169432,0.0953101798043249,0.048790164169432,0.182321556793955,0.300104592450338,0.0928542379295805,0.0950653500019123,-0.074049920691182,TRUE,0.619119341475123,1.00099092384571,-0.262288784859801,FALSE,0.573347407007311,1.00110856421827,-0.185529609630994,TRUE,0.596298751655603,1.00105263878174,-0.348858328537694,TRUE,1.36665779258379,1.00098602902674
145,"rand=1-1_rate=1.5_ROB=LH_Bias=NRE strong","1-1",1.5,"LH","NRE strong",0,0.048790164169432,0.0953101798043249,0.048790164169432,0.182321556793955,0.300104592450338,0.0724455225582398,0.0731322765021762,-0.0460879099441185,TRUE,0.559606723445624,1.00143835790724,-0.0986331215230603,TRUE,0.376693508411585,1.00107737497456,-0.134753669150849,TRUE,0.60631229288029,1.00112408299848,-0.0792269703192829,TRUE,0.624162226300803,1.00101891387401
146,"rand=1-1_rate=1.5_ROB=LH_Bias=NRE strong","1-1",1.5,"LH","NRE strong",0,0.048790164169432,0.0953101798043249,0.048790164169432,0.182321556793955,0.300104592450338,0.0949031635864166,0.0958374331794582,-0.292953232712967,TRUE,0.660470483937505,1.00098600216508,-0.305520590297785,FALSE,0.421332759055077,1.00098688284834,-0.164660806962788,TRUE,0.544031877554145,1.0011257744471,-0.408153230843014,FALSE,0.769195462462131,1.00098724155722
147,"rand=1-1_rate=1.5_ROB=LH_Bias=NRE strong","1-1",1.5,"LH","NRE strong",0,0.048790164169432,0.0953101798043249,0.048790164169432,0.182321556793955,0.300104592450338,0.0840316681915336,0.0841041784108585,-0.0460273328316154,TRUE,0.533989115976053,1.00104666106493,-0.149593140309119,TRUE,0.382129393473578,1.00098868477409,0.0155376348928518,TRUE,0.519206572506588,1.00100454452833,-0.274105877515112,FALSE,0.597530706073307,1.00101951541244
148,"rand=1-1_rate=1.5_ROB=LH_Bias=NRE strong","1-1",1.5,"LH","NRE strong",0,0.048790164169432,0.0953101798043249,0.048790164169432,0.182321556793955,0.300104592450338,0.0906975134026789,0.0922051783841828,-0.186404684934579,TRUE,0.747799358337659,1.00098599275879,-0.291108621577908,FALSE,0.521865923367749,1.00099285092338,0.0616409207253844,TRUE,0.451497520018668,1.002019664973,-0.676819346647412,FALSE,0.788838362699841,1.00098616113129
149,"rand=1-1_rate=1.5_ROB=LH_Bias=NRE strong","1-1",1.5,"LH","NRE strong",0,0.048790164169432,0.0953101798043249,0.048790164169432,0.182321556793955,0.300104592450338,0.0812691145791399,0.0824958107282849,-0.0965867573355306,TRUE,0.595025463975412,1.00174597769623,-0.14973104308667,TRUE,0.430605075976265,1.00100089871888,-0.039345597475994,TRUE,0.506130663052752,1.00102137992138,-0.256212005286715,TRUE,0.895096011910739,1.00100394719005
150,"rand=1-1_rate=1.5_ROB=LH_Bias=NRE strong","1-1",1.5,"LH","NRE strong",0,0.048790164169432,0.0953101798043249,0.048790164169432,0.182321556793955,0.300104592450338,0.0810603782199226,0.0835862797309235,-0.0641316809353862,TRUE,0.601921993661054,1.00110286184801,-0.168723004889438,TRUE,0.463277363128249,1.00099943575538,-0.0643856722071787,TRUE,0.61418445529128,1.00098602521765,-0.262540986294483,TRUE,0.847248287101011,1.00102114502686
151,"rand=1-1_rate=1.5_ROB=LH_Bias=NRE strong","1-1",1.5,"LH","NRE strong",0,0.048790164169432,0.0953101798043249,0.048790164169432,0.182321556793955,0.300104592450338,0.075034342629211,0.07561924314449,0.00418283256673868,TRUE,0.654001672929117,1.00098664061436,-0.108952126289517,TRUE,0.497351136767505,1.00098658468081,-0.216435334910373,TRUE,0.934571752781097,1.00098599021001,-0.0090099676505988,TRUE,0.575450978388561,1.00098623345754
152,"rand=1-1_rate=1.5_ROB=LH_Bias=NRE strong","1-1",1.5,"LH","NRE strong",0,0.048790164169432,0.0953101798043249,0.048790164169432,0.182321556793955,0.300104592450338,0.0822861267639304,0.0839600165787586,-0.00409237538804286,TRUE,0.536026029860293,1.00107484422943,-0.197175243543198,TRUE,0.48688512225769,1.00098615711294,-0.14130712385656,TRUE,0.612686016593668,1.00115614897724,-0.240302505757717,TRUE,0.982299408097083,1.00102829638054
153,"rand=1-1_rate=1.5_ROB=LH_Bias=NRE strong","1-1",1.5,"LH","NRE strong",0,0.048790164169432,0.0953101798043249,0.048790164169432,0.182321556793955,0.300104592450338,0.0877234855429774,0.0892268580998268,-0.10201312379151,TRUE,0.634014540838077,1.00116588858396,-0.0502396041577531,TRUE,0.364585681697064,1.0010921444752,-0.0420915024823441,TRUE,0.509085340216239,1.00104873247599,-0.0649132100438752,TRUE,0.691651725010925,1.00098611501703
154,"rand=1-1_rate=1.5_ROB=LH_Bias=NRE strong","1-1",1.5,"LH","NRE strong",0,0.048790164169432,0.0953101798043249,0.048790164169432,0.182321556793955,0.300104592450338,0.0873167310845065,0.0881739099233255,-0.141743595207142,TRUE,0.545953990431025,1.0009877625101,-0.101133602812754,TRUE,0.340904737919327,1.00100282880644,0.0282829470275231,TRUE,0.629726502999628,1.00100926615824,-0.176278483567214,FALSE,0.366817550626993,1.00098990412191
155,"rand=1-1_rate=1.5_ROB=LH_Bias=NRE strong","1-1",1.5,"LH","NRE strong",0,0.048790164169432,0.0953101798043249,0.048790164169432,0.182321556793955,0.300104592450338,0.0736423622760939,0.0764175109780003,-0.0155455800796782,TRUE,0.618676860872627,1.00098607711618,-0.0873538851499283,TRUE,0.444801254939499,1.00099632158899,-0.0430921003676723,TRUE,0.600776470188946,1.00100916045467,-0.12134385836098,TRUE,0.851371887568715,1.00099179673083
156,"rand=1-1_rate=1.5_ROB=LH_Bias=NRE strong","1-1",1.5,"LH","NRE strong",0,0.048790164169432,0.0953101798043249,0.048790164169432,0.182321556793955,0.300104592450338,0.0856682984788375,0.0861787150748095,-0.123040530920167,TRUE,0.575871584551426,1.00100980091671,-0.191841565386805,TRUE,0.398043131830327,1.00098805932304,-0.0804690931007592,TRUE,0.577366398480482,1.00098603319826,-0.268738130604613,TRUE,0.666070406218672,1.00098640850118
157,"rand=1-1_rate=1.5_ROB=LH_Bias=NRE strong","1-1",1.5,"LH","NRE strong",0,0.048790164169432,0.0953101798043249,0.048790164169432,0.182321556793955,0.300104592450338,0.101372700653501,0.103816973768953,0.0432604104356789,TRUE,0.497642714424213,1.00098677391351,-0.126711095024369,TRUE,0.434755413642661,1.00104173821874,-0.00842273641746605,TRUE,0.509673355275967,1.00113675466609,-0.225065214249373,TRUE,0.91544326992482,1.00101667573569
158,"rand=1-1_rate=1.5_ROB=LH_Bias=NRE strong","1-1",1.5,"LH","NRE strong",0,0.048790164169432,0.0953101798043249,0.048790164169432,0.182321556793955,0.300104592450338,0.0964186730307567,0.0970496571616893,-0.0967030573289458,TRUE,0.676704719487309,1.00121795636263,-0.125155515238561,TRUE,0.480316215559919,1.00098780223389,-0.0578191351034902,TRUE,0.595715383462243,1.00099906278064,-0.20620110291389,TRUE,1.01198356454827,1.00102202573771
159,"rand=1-1_rate=1.5_ROB=LH_Bias=NRE strong","1-1",1.5,"LH","NRE strong",0,0.048790164169432,0.0953101798043249,0.048790164169432,0.182321556793955,0.300104592450338,0.0789333577104571,0.0820479937871464,0.047893265403168,TRUE,0.432621304747218,1.00099683033531,-0.054853343665811,TRUE,0.290210448043823,1.00099657204046,-0.00741136335644144,TRUE,0.484246608303676,1.00119449526998,-0.0795936507180761,TRUE,0.488529428722479,1.00104620384102
160,"rand=1-1_rate=1.5_ROB=LH_Bias=NRE strong","1-1",1.5,"LH","NRE strong",0,0.048790164169432,0.0953101798043249,0.048790164169432,0.182321556793955,0.300104592450338,0.0757586238495644,0.0769793823169923,0.1466521765524,TRUE,0.503480628385568,1.00098612699622,0.00484293100304745,TRUE,0.476598188248219,1.00108455985896,0.0911075406423902,TRUE,0.503023352345332,1.00135456269308,-0.104881121595054,TRUE,1.14881165076593,1.00098660342248
161,"rand=1-1_rate=1.5_ROB=LH_Bias=NRE strong","1-1",1.5,"LH","NRE strong",0,0.048790164169432,0.0953101798043249,0.048790164169432,0.182321556793955,0.300104592450338,0.10094857062683,0.101970113558053,0.0845801576271772,TRUE,0.468013708277123,1.00098741205566,-0.0957731056839954,TRUE,0.426489845974322,1.00105709005723,0.0121186641168426,TRUE,0.566615905358383,1.00120194895715,-0.189987379078395,TRUE,0.780545112829674,1.00099509684471
162,"rand=1-1_rate=1.5_ROB=LH_Bias=NRE strong","1-1",1.5,"LH","NRE strong",0,0.048790164169432,0.0953101798043249,0.048790164169432,0.182321556793955,0.300104592450338,0.0960939825238287,0.0980323076073485,0.013316297342527,TRUE,0.495902251551044,1.00098633036025,-0.136834238097929,TRUE,0.396472024669085,1.00113036382573,0.0165015754240285,TRUE,0.516382442620616,1.00117383530945,-0.248534382851248,TRUE,0.700297464891676,1.00102349147495
163,"rand=1-1_rate=1.5_ROB=LH_Bias=NRE strong","1-1",1.5,"LH","NRE strong",0,0.048790164169432,0.0953101798043249,0.048790164169432,0.182321556793955,0.300104592450338,0.06956727961356,0.0736945282381609,0.0909028936513936,TRUE,0.481475675950434,1.00103759744823,0.0159089478403189,TRUE,0.340804374094463,1.00106905570026,-0.0174604237508749,TRUE,0.50541821263649,1.00171157956606,0.040374806746875,TRUE,0.601865956272224,1.00098607365101
164,"rand=1-1_rate=1.5_ROB=LH_Bias=NRE strong","1-1",1.5,"LH","NRE strong",0,0.048790164169432,0.0953101798043249,0.048790164169432,0.182321556793955,0.300104592450338,0.0949851485452978,0.0958255457981859,0.0812723127793032,TRUE,0.451664734422687,1.00098713441556,-0.0107701094843289,TRUE,0.351852328557606,1.00098620370895,0.117480591642461,TRUE,0.418585027997672,1.00100662982429,-0.114179196503154,TRUE,0.672264827046234,1.00099493031942
165,"rand=1-1_rate=1.5_ROB=LH_Bias=NRE strong","1-1",1.5,"LH","NRE strong",0,0.048790164169432,0.0953101798043249,0.048790164169432,0.182321556793955,0.300104592450338,0.0982111975256687,0.10036862975972,-0.09790473785581,TRUE,0.558834869235306,1.00107167257947,-0.214809131446682,FALSE,0.424992338506432,1.00118657724111,-0.115403331472574,TRUE,0.52685004293101,1.00121752502608,-0.283864551984308,TRUE,0.836973769871884,1.00102163904058
166,"rand=1-1_rate=1.5_ROB=LH_Bias=NRE strong","1-1",1.5,"LH","NRE strong",0,0.048790164169432,0.0953101798043249,0.048790164169432,0.182321556793955,0.300104592450338,0.0903275120175485,0.0918812118159323,-0.227942219606242,TRUE,0.628649352101681,1.00098644922162,-0.386148152366754,FALSE,0.531699268427325,1.00100862986135,-0.344832839115973,TRUE,0.865440267983914,1.00102369309312,-0.420153337858487,FALSE,0.849848645479665,1.0010260784342
167,"rand=1-1_rate=1.5_ROB=LH_Bias=NRE strong","1-1",1.5,"LH","NRE strong",0,0.048790164169432,0.0953101798043249,0.048790164169432,0.182321556793955,0.300104592450338,0.0898756463122475,0.0942513749122076,-0.188616084394042,TRUE,0.672895314248016,1.00109625339244,-0.261644184209624,FALSE,0.489643273815404,1.00098741277396,-0.151986549508704,TRUE,0.582772283373575,1.00153958409459,-0.355353825361615,TRUE,1.01424451829177,1.00100670883302
168,"rand=1-1_rate=1.5_ROB=LH_Bias=NRE strong","1-1",1.5,"LH","NRE strong",0,0.048790164169432,0.0953101798043249,0.048790164169432,0.182321556793955,0.300104592450338,0.0957332040403249,0.098222422600709,0.155581258640903,TRUE,0.47476000191352,1.00099108958883,0.0128029557628071,TRUE,0.367739980204528,1.00098978397809,0.0782131995291209,TRUE,0.448524009519749,1.00116140206248,-0.0325623701639914,TRUE,0.764552143951152,1.00100079736288
169,"rand=1-1_rate=1.5_ROB=LH_Bias=NRE strong","1-1",1.5,"LH","NRE strong",0,0.048790164169432,0.0953101798043249,0.048790164169432,0.182321556793955,0.300104592450338,0.0790781531068435,0.0812653086644781,-0.0873146865083556,TRUE,0.564984383187921,1.0010265936251,-0.106016130966757,TRUE,0.360421691467328,1.00099778648852,-0.196284166888648,TRUE,0.657749501061368,1.00104078574881,-0.0579526385505573,TRUE,0.505040839153142,1.00098599617471
170,"rand=1-1_rate=1.5_ROB=LH_Bias=NRE strong","1-1",1.5,"LH","NRE strong",0,0.048790164169432,0.0953101798043249,0.048790164169432,0.182321556793955,0.300104592450338,0.0749917903137133,0.0777477935138423,-0.134975439463798,TRUE,0.621503848126701,1.00115303691259,-0.143348534228105,TRUE,0.400110141678184,1.00102189929399,-0.094340370956274,TRUE,0.565471025531113,1.00098603805526,-0.185041703496653,TRUE,0.722622305100826,1.00100326136487
171,"rand=1-1_rate=1.5_ROB=LH_Bias=NRE strong","1-1",1.5,"LH","NRE strong",0,0.048790164169432,0.0953101798043249,0.048790164169432,0.182321556793955,0.300104592450338,0.101720859272711,0.102741491610136,-0.0788162254579734,TRUE,0.651453880060808,1.00142284775435,-0.160840506091104,TRUE,0.50175062839479,1.00103290415915,-0.226604390341379,TRUE,0.658509542409814,1.00100531187265,-0.110762868999204,TRUE,0.96137394129226,1.00098608017791
172,"rand=1-1_rate=1.5_ROB=LH_Bias=NRE strong","1-1",1.5,"LH","NRE strong",0,0.048790164169432,0.0953101798043249,0.048790164169432,0.182321556793955,0.300104592450338,0.0813462244692612,0.0857941056836979,-0.180904060587225,TRUE,0.73176275569966,1.00101508620282,-0.268562379747704,FALSE,0.60761001657704,1.0009950511567,-0.251008695205844,TRUE,0.678866031703947,1.0011608103094,-0.260045567452346,TRUE,1.37046734231012,1.00101655651356
173,"rand=1-1_rate=1.5_ROB=LH_Bias=NRE strong","1-1",1.5,"LH","NRE strong",0,0.048790164169432,0.0953101798043249,0.048790164169432,0.182321556793955,0.300104592450338,0.0976325446563642,0.0995039848131239,0.107538368630258,TRUE,0.455653342941421,1.00098599666143,0.0244468605752903,TRUE,0.337745607188429,1.00102672259633,0.0839159678461717,TRUE,0.468075187522127,1.00249904255763,-0.015956353153938,TRUE,0.630445444445296,1.0009861057444
174,"rand=1-1_rate=1.5_ROB=LH_Bias=NRE strong","1-1",1.5,"LH","NRE strong",0,0.048790164169432,0.0953101798043249,0.048790164169432,0.182321556793955,0.300104592450338,0.0978609834064386,0.100282879797212,0.0616804035198714,TRUE,0.497419669941332,1.0010410615806,-0.0745991240213575,TRUE,0.393306054303662,1.00103359895584,-0.0626708457980292,TRUE,0.522854436630255,1.00160807743667,-0.0762762871267808,TRUE,0.771599575437226,1.00098756390247
175,"rand=1-1_rate=1.5_ROB=LH_Bias=NRE strong","1-1",1.5,"LH","NRE strong",0,0.048790164169432,0.0953101798043249,0.048790164169432,0.182321556793955,0.300104592450338,0.103610796166406,0.105051628605168,0.110458518193408,TRUE,0.446634124180105,1.00101961112633,-0.034715810160207,TRUE,0.351086565489751,1.00098908401287,0.0335849554863288,TRUE,0.458720295205451,1.00103506215947,-0.0845006793493912,TRUE,0.665022800807007,1.00100198591331
176,"rand=1-1_rate=1.5_ROB=LH_Bias=NRE strong","1-1",1.5,"LH","NRE strong",0,0.048790164169432,0.0953101798043249,0.048790164169432,0.182321556793955,0.300104592450338,0.0973525542350957,0.0983783250530098,-0.0684791903758708,TRUE,0.546204110408109,1.00099839527661,-0.245351157672215,TRUE,0.539547104085389,1.00099190113456,-0.114819305816205,TRUE,0.632496671677395,1.0009860971,-0.384951614379626,TRUE,1.12875125524022,1.00100523151588
177,"rand=1-1_rate=1.5_ROB=LH_Bias=NRE strong","1-1",1.5,"LH","NRE strong",0,0.048790164169432,0.0953101798043249,0.048790164169432,0.182321556793955,0.300104592450338,0.0908868358528665,0.0925506487237934,-0.125365986033621,TRUE,0.633470563349975,1.00106388970045,-0.14128563559006,TRUE,0.416997735311934,1.00100785551827,-0.0315589500642754,TRUE,0.586754834203614,1.00113179014082,-0.22660719791015,TRUE,0.702390805132714,1.00098704579491
178,"rand=1-1_rate=1.5_ROB=LH_Bias=NRE strong","1-1",1.5,"LH","NRE strong",0,0.048790164169432,0.0953101798043249,0.048790164169432,0.182321556793955,0.300104592450338,0.0861778812101002,0.0921457927990863,0.0265507150368215,TRUE,0.601693946745652,1.00099334467344,-0.0751223172489612,TRUE,0.493014605269864,1.00099618676532,-0.0721535188248166,TRUE,0.567632639447159,1.00108708582625,-0.0784319645290701,TRUE,1.08381244767535,1.00101101890837
179,"rand=1-1_rate=1.5_ROB=LH_Bias=NRE strong","1-1",1.5,"LH","NRE strong",0,0.048790164169432,0.0953101798043249,0.048790164169432,0.182321556793955,0.300104592450338,0.0927960752164258,0.100176096271778,-0.159142922486871,TRUE,0.567616288083089,1.00100181463917,-0.250329561965541,FALSE,0.384573734763588,1.00101371670054,-0.111858972628641,TRUE,0.603590843828292,1.00102906199425,-0.324213070531963,FALSE,0.586132813931116,1.00098606844118
180,"rand=1-1_rate=1.5_ROB=LH_Bias=NRE strong","1-1",1.5,"LH","NRE strong",0,0.048790164169432,0.0953101798043249,0.048790164169432,0.182321556793955,0.300104592450338,0.0921866006966988,0.092301728882856,-0.0758309970971722,TRUE,0.514507224895918,1.00109902460319,-0.196809599836346,TRUE,0.452968956993167,1.0009931941141,0.0548219593882162,TRUE,0.492112972195604,1.00098753681029,-0.442935316615873,FALSE,0.724990314352295,1.00101303552909
181,"rand=1-1_rate=1.5_ROB=LH_Bias=NRE strong","1-1",1.5,"LH","NRE strong",0,0.048790164169432,0.0953101798043249,0.048790164169432,0.182321556793955,0.300104592450338,0.0890711290864745,0.0904613059951445,-0.0364267222670449,TRUE,0.559217360779827,1.00106528875518,-0.122447303490564,TRUE,0.390326582389683,1.00106931715551,-0.00972896264982159,TRUE,0.532138062903471,1.00101729325711,-0.212556654074903,TRUE,0.681826738430298,1.00098759983786
182,"rand=1-1_rate=1.5_ROB=LH_Bias=NRE strong","1-1",1.5,"LH","NRE strong",0,0.048790164169432,0.0953101798043249,0.048790164169432,0.182321556793955,0.300104592450338,0.0807023320795866,0.0824162149297995,-0.0980932662936163,TRUE,0.611997023559017,1.00099754832099,-0.117804232873997,TRUE,0.422224362633995,1.00098879938377,-0.06675865664831,TRUE,0.538423200223524,1.001241456229,-0.165499959108382,TRUE,0.843155077130284,1.00099231911898
183,"rand=1-1_rate=1.5_ROB=LH_Bias=NRE strong","1-1",1.5,"LH","NRE strong",0,0.048790164169432,0.0953101798043249,0.048790164169432,0.182321556793955,0.300104592450338,0.105978896886276,0.107122861199706,-0.418826204383614,FALSE,0.789109621159846,1.00104602552082,-0.419087449958275,FALSE,0.492894175627353,1.00098953418692,-0.14930324989143,TRUE,0.574800766700956,1.00105521717983,-0.624004492698756,FALSE,0.765314322026669,1.00098627041672
184,"rand=1-1_rate=1.5_ROB=LH_Bias=NRE strong","1-1",1.5,"LH","NRE strong",0,0.048790164169432,0.0953101798043249,0.048790164169432,0.182321556793955,0.300104592450338,0.0811396544914082,0.0828243693222494,-0.150797568932753,TRUE,0.53253508228596,1.00099132922643,-0.168126013898461,FALSE,0.311627992721657,1.00101350506262,-0.0925733450104869,TRUE,0.59626988618807,1.00103643010347,-0.197624554238723,FALSE,0.423804691947873,1.00107405374759
185,"rand=1-1_rate=1.5_ROB=LH_Bias=NRE strong","1-1",1.5,"LH","NRE strong",0,0.048790164169432,0.0953101798043249,0.048790164169432,0.182321556793955,0.300104592450338,0.0616141810289715,0.0645999175272312,-0.0283645726831658,TRUE,0.494060097292249,1.00106453462976,-0.138760942351663,TRUE,0.343400436817759,1.00099169087051,-0.0138488690797345,TRUE,0.573962802840402,1.00102145175445,-0.21275855162672,FALSE,0.464125372474696,1.00102328824521
186,"rand=1-1_rate=1.5_ROB=LH_Bias=NRE strong","1-1",1.5,"LH","NRE strong",0,0.048790164169432,0.0953101798043249,0.048790164169432,0.182321556793955,0.300104592450338,0.0950772663935334,0.0961182123791656,-0.0844069147536228,TRUE,0.621992058044647,1.00098615293341,-0.294966311470508,FALSE,0.568988707009983,1.00098648008142,-0.0607683047562666,TRUE,0.529398407265879,1.00123828253998,-0.569989302613694,FALSE,1.33567838497505,1.00101453145665
187,"rand=1-1_rate=1.5_ROB=LH_Bias=NRE strong","1-1",1.5,"LH","NRE strong",0,0.048790164169432,0.0953101798043249,0.048790164169432,0.182321556793955,0.300104592450338,0.0994467849246164,0.101588274376001,-0.237168025119241,TRUE,0.589110785624847,1.00100189425075,-0.356982274384484,FALSE,0.511185112315423,1.00099651745952,-0.11970030162118,TRUE,0.559393499511496,1.00129855887503,-0.594591513937976,FALSE,0.984271096228514,1.00098604128028
188,"rand=1-1_rate=1.5_ROB=LH_Bias=NRE strong","1-1",1.5,"LH","NRE strong",0,0.048790164169432,0.0953101798043249,0.048790164169432,0.182321556793955,0.300104592450338,0.0879199746856419,0.0899580628055156,0.0416527906270163,TRUE,0.384696674496808,1.00099066355239,-0.0516625638440673,TRUE,0.261884364637014,1.00158460960879,-0.229929182097454,TRUE,0.67114783774564,1.00098980535751,-0.00381731729200485,TRUE,0.259685564333798,1.00113057295141
189,"rand=1-1_rate=1.5_ROB=LH_Bias=NRE strong","1-1",1.5,"LH","NRE strong",0,0.048790164169432,0.0953101798043249,0.048790164169432,0.182321556793955,0.300104592450338,0.0991541609453607,0.0994199104852293,-0.0460082987013208,TRUE,0.558472325982534,1.00119202535526,-0.107005486778185,TRUE,0.405434892997219,1.00105218268035,-0.00553720202157026,TRUE,0.480824618846126,1.00105675714951,-0.182871251381245,TRUE,0.847991098024324,1.00098849347487
190,"rand=1-1_rate=1.5_ROB=LH_Bias=NRE strong","1-1",1.5,"LH","NRE strong",0,0.048790164169432,0.0953101798043249,0.048790164169432,0.182321556793955,0.300104592450338,0.0936168799661849,0.0951979676345612,0.0061468722896304,TRUE,0.461552479279085,1.00098861491169,-0.10415763995998,TRUE,0.383772310450109,1.00112508386865,-0.0287260840018499,TRUE,0.541997003012667,1.00099853391728,-0.163542060515994,TRUE,0.684576042483422,1.00099520952734
191,"rand=1-1_rate=1.5_ROB=LH_Bias=NRE strong","1-1",1.5,"LH","NRE strong",0,0.048790164169432,0.0953101798043249,0.048790164169432,0.182321556793955,0.300104592450338,0.0985970780223529,0.100236001450216,-0.0627166131947288,TRUE,0.676699984037183,1.00102329518243,-0.198833313419238,TRUE,0.492686439383055,1.00103761910447,-0.0865182311846415,TRUE,0.621801807516887,1.00100470215144,-0.304148131600081,TRUE,0.948503208566446,1.00098686959753
192,"rand=1-1_rate=1.5_ROB=LH_Bias=NRE strong","1-1",1.5,"LH","NRE strong",0,0.048790164169432,0.0953101798043249,0.048790164169432,0.182321556793955,0.300104592450338,0.0861316023662777,0.0878083560997098,-0.0434414620725274,TRUE,0.629104078044244,1.00099199433938,-0.122880156082544,TRUE,0.466439248542527,1.00099024923414,0.016900575324903,TRUE,0.621672214896344,1.00101806414688,-0.247089849488376,TRUE,0.799874920119317,1.00098719775784
193,"rand=1-1_rate=1.5_ROB=LH_Bias=NRE strong","1-1",1.5,"LH","NRE strong",0,0.048790164169432,0.0953101798043249,0.048790164169432,0.182321556793955,0.300104592450338,0.0810942276656307,0.0831041667448066,-0.112979919696359,TRUE,0.556508850221226,1.00105989865985,-0.18620804229392,FALSE,0.393557207766003,1.00098636920677,-0.126545808627179,TRUE,0.602121515265274,1.00151327771004,-0.224256067974774,TRUE,0.665624210520234,1.00104287038943
194,"rand=1-1_rate=1.5_ROB=LH_Bias=NRE strong","1-1",1.5,"LH","NRE strong",0,0.048790164169432,0.0953101798043249,0.048790164169432,0.182321556793955,0.300104592450338,0.0841647323724934,0.0852269138134357,0.212159429236257,TRUE,0.492305569998035,1.00098688546686,-0.0158633063261813,TRUE,0.457944630889142,1.00098639716882,0.0685520633997098,TRUE,0.586681229506222,1.00098600747882,-0.109837184707467,TRUE,0.941961896558945,1.00100243044774
195,"rand=1-1_rate=1.5_ROB=LH_Bias=NRE strong","1-1",1.5,"LH","NRE strong",0,0.048790164169432,0.0953101798043249,0.048790164169432,0.182321556793955,0.300104592450338,0.0942051716727378,0.0954530184883815,-0.191169864925591,TRUE,0.528150025304385,1.00147448022924,-0.340520324857783,FALSE,0.386413931504516,1.00098709364581,-0.27057739507555,FALSE,0.554350275510707,1.00106182036178,-0.377951096322604,FALSE,0.726146697614002,1.00101222737369
196,"rand=1-1_rate=1.5_ROB=LH_Bias=NRE strong","1-1",1.5,"LH","NRE strong",0,0.048790164169432,0.0953101798043249,0.048790164169432,0.182321556793955,0.300104592450338,0.0944593847568054,0.0952043559679512,-0.0257877994099485,TRUE,0.495695413058118,1.00099534556211,-0.173476148268453,FALSE,0.368763018207067,1.00099415386252,-0.240112098809417,TRUE,0.620140017625702,1.00102622938874,-0.131027691298543,TRUE,0.5921799067248,1.00099545206787
197,"rand=1-1_rate=1.5_ROB=LH_Bias=NRE strong","1-1",1.5,"LH","NRE strong",0,0.048790164169432,0.0953101798043249,0.048790164169432,0.182321556793955,0.300104592450338,0.0964142498643673,0.0966898995210123,-0.0876750377159343,TRUE,0.681824177409301,1.00099548806639,-0.138759941133013,TRUE,0.491262962515215,1.00098788060554,-0.0715903695276525,TRUE,0.669187204919211,1.00101631100291,-0.209266601078689,TRUE,0.953012640255197,1.00098693628799
198,"rand=1-1_rate=1.5_ROB=LH_Bias=NRE strong","1-1",1.5,"LH","NRE strong",0,0.048790164169432,0.0953101798043249,0.048790164169432,0.182321556793955,0.300104592450338,0.0748071173519685,0.0779025250902307,-0.0243497641169377,TRUE,0.487181148378409,1.00106224524923,-0.0773191857865254,TRUE,0.308187071075945,1.00100051471947,-0.0296077668877563,TRUE,0.514749163432836,1.00100055674543,-0.0987746273898553,TRUE,0.504421988850616,1.00098696505411
199,"rand=1-1_rate=1.5_ROB=LH_Bias=NRE strong","1-1",1.5,"LH","NRE strong",0,0.048790164169432,0.0953101798043249,0.048790164169432,0.182321556793955,0.300104592450338,0.0761965686816635,0.0767549450904118,-0.188171114627978,TRUE,0.672996702814889,1.00099384510382,-0.215030411219664,TRUE,0.473264184739496,1.00102975699794,-0.156574523755207,TRUE,0.547585121117009,1.00222709105523,-0.262238623398723,TRUE,1.04552416050876,1.00099473120461
200,"rand=1-1_rate=1.5_ROB=LH_Bias=NRE strong","1-1",1.5,"LH","NRE strong",0,0.048790164169432,0.0953101798043249,0.048790164169432,0.182321556793955,0.300104592450338,0.102457070742189,0.104041561767009,0.209270452348382,TRUE,0.422020470439896,1.00101148728045,0.0444977988018983,TRUE,0.431844890514683,1.00098652860325,0.0827129492475392,TRUE,0.555540975838119,1.00104427866441,-0.012320658919166,TRUE,0.935081189678535,1.00103593969652
201,"rand=1-1_rate=1.5_ROB=LH_Bias=NRE strong","1-1",1.5,"LH","NRE strong",0,0.048790164169432,0.0953101798043249,0.048790164169432,0.182321556793955,0.300104592450338,0.0957433708979806,0.0964819524844769,0.111596247879922,TRUE,0.520117009188958,1.00098864541924,-0.0109541459254132,TRUE,0.428496013539073,1.00100131050727,0.155680549458148,TRUE,0.477890310271311,1.00099654491818,-0.183235902087852,TRUE,0.862645985891681,1.00100614412148
202,"rand=1-1_rate=1.5_ROB=LH_Bias=NRE strong","1-1",1.5,"LH","NRE strong",0,0.048790164169432,0.0953101798043249,0.048790164169432,0.182321556793955,0.300104592450338,0.076225889595402,0.0772863788994166,-0.255222295159597,TRUE,0.66770205466055,1.00154216328709,-0.242814594757829,FALSE,0.400070786973678,1.00101135667609,-0.142969388041424,TRUE,0.526633954722071,1.00106720353813,-0.31504894651956,TRUE,0.784827136049804,1.00098652934093
203,"rand=1-1_rate=1.5_ROB=LH_Bias=NRE strong","1-1",1.5,"LH","NRE strong",0,0.048790164169432,0.0953101798043249,0.048790164169432,0.182321556793955,0.300104592450338,0.0809372802712012,0.0817423429217609,0.042657736145001,TRUE,0.531156792654653,1.00200856349187,-0.0192400986927417,TRUE,0.388382221479908,1.00098989442168,0.00665976752706654,TRUE,0.580583079483872,1.00134000460026,-0.0467572293974408,TRUE,0.703389905917479,1.00098924129318
204,"rand=1-1_rate=1.5_ROB=LH_Bias=NRE strong","1-1",1.5,"LH","NRE strong",0,0.048790164169432,0.0953101798043249,0.048790164169432,0.182321556793955,0.300104592450338,0.0955166666653766,0.0974022406932866,0.0120831265659319,TRUE,0.556208231479284,1.00135967851221,-0.0459642673639618,TRUE,0.417431208124289,1.00103244242677,-0.0474016178091219,TRUE,0.466170842401831,1.00132743453511,-0.0346273845997431,TRUE,0.95143530537332,1.00098980854758
205,"rand=1-1_rate=1.5_ROB=LH_Bias=NRE strong","1-1",1.5,"LH","NRE strong",0,0.048790164169432,0.0953101798043249,0.048790164169432,0.182321556793955,0.300104592450338,0.103217964305193,0.105002252874141,0.0626944409914421,TRUE,0.52959399835961,1.00104289766643,-0.0402941169904827,TRUE,0.391879621702735,1.00098829746277,-0.119133431727066,TRUE,0.571232622154161,1.00098656731998,0.0272330886575227,TRUE,0.681429814707091,1.00104087157454
206,"rand=1-1_rate=1.5_ROB=LH_Bias=NRE strong","1-1",1.5,"LH","NRE strong",0,0.048790164169432,0.0953101798043249,0.048790164169432,0.182321556793955,0.300104592450338,0.0876595210675817,0.0903206050568291,-0.0792516259141112,TRUE,0.646454008768561,1.00098769849148,-0.14820419734132,TRUE,0.485821822712017,1.00099416552469,-0.112178052533705,TRUE,0.672340815549613,1.00103365329401,-0.187454614876184,TRUE,0.943516131302325,1.00100862876645
207,"rand=1-1_rate=1.5_ROB=LH_Bias=NRE strong","1-1",1.5,"LH","NRE strong",0,0.048790164169432,0.0953101798043249,0.048790164169432,0.182321556793955,0.300104592450338,0.102378182037503,0.104322862163417,-0.263222734972257,TRUE,0.686215187342037,1.00099621469259,-0.336907784731151,FALSE,0.499292723612006,1.00101490208118,-0.368721084368643,FALSE,0.708859804454265,1.0010955390481,-0.315351545698018,TRUE,0.91838017461907,1.00110077068936
208,"rand=1-1_rate=1.5_ROB=LH_Bias=NRE strong","1-1",1.5,"LH","NRE strong",0,0.048790164169432,0.0953101798043249,0.048790164169432,0.182321556793955,0.300104592450338,0.0847785831187935,0.0850269602152341,-0.180840530087828,TRUE,0.617844986220898,1.00115700323201,-0.221382008451531,FALSE,0.406801258858364,1.0009951235539,-0.173907438886568,TRUE,0.569667454760596,1.0010965213776,-0.256959344319992,TRUE,0.771172837326299,1.00102445111018
209,"rand=1-1_rate=1.5_ROB=LH_Bias=NRE strong","1-1",1.5,"LH","NRE strong",0,0.048790164169432,0.0953101798043249,0.048790164169432,0.182321556793955,0.300104592450338,0.0936743192624099,0.0945023609668678,-0.160456505143052,TRUE,0.604002307647569,1.00125124126449,-0.164435668738731,TRUE,0.384003239903819,1.00098753122757,-0.126026917765792,TRUE,0.531462919897045,1.00149373696771,-0.188304788274986,TRUE,0.714573216707803,1.00099677796635
210,"rand=1-1_rate=1.5_ROB=LH_Bias=NRE strong","1-1",1.5,"LH","NRE strong",0,0.048790164169432,0.0953101798043249,0.048790164169432,0.182321556793955,0.300104592450338,0.0908867910008205,0.0916401420364605,-0.120079208513384,TRUE,0.820752474853333,1.00100676569159,-0.199982543914418,TRUE,0.590774109312821,1.00104098879243,-0.289494148815851,TRUE,0.853659585409489,1.00099007813995,-0.117658235977,TRUE,1.0738234822733,1.00098808583226
211,"rand=1-1_rate=1.5_ROB=LH_Bias=NRE strong","1-1",1.5,"LH","NRE strong",0,0.048790164169432,0.0953101798043249,0.048790164169432,0.182321556793955,0.300104592450338,0.0853446038500317,0.088887354206753,-0.0868797168312425,TRUE,0.644270986967132,1.00106562110371,-0.119379766892536,TRUE,0.475976967866262,1.00100081000078,-0.0949257058835427,TRUE,0.58916368011143,1.00099083721988,-0.149074047545496,TRUE,0.980823363314859,1.00098662743363
212,"rand=1-1_rate=1.5_ROB=LH_Bias=NRE strong","1-1",1.5,"LH","NRE strong",0,0.048790164169432,0.0953101798043249,0.048790164169432,0.182321556793955,0.300104592450338,0.0900881573849639,0.092603540726783,-0.374630256949321,FALSE,0.707808984021077,1.00098605990647,-0.276257112897529,FALSE,0.450372158379976,1.0010271128018,-0.263174379874495,FALSE,0.596497847951178,1.00098634492363,-0.286478418682728,TRUE,0.884576072151429,1.00098813341969
213,"rand=1-1_rate=1.5_ROB=LH_Bias=NRE strong","1-1",1.5,"LH","NRE strong",0,0.048790164169432,0.0953101798043249,0.048790164169432,0.182321556793955,0.300104592450338,0.088451290460735,0.0896642786269697,0.0687275641436742,TRUE,0.545731975075547,1.00104081999186,-0.0242017921413755,TRUE,0.426560748522513,1.00098610462267,-0.0394915700662692,TRUE,0.557950749258828,1.00159313409067,-0.0214975823833718,TRUE,0.849079456815586,1.00102603753597
214,"rand=1-1_rate=1.5_ROB=LH_Bias=NRE strong","1-1",1.5,"LH","NRE strong",0,0.048790164169432,0.0953101798043249,0.048790164169432,0.182321556793955,0.300104592450338,0.0916221999505086,0.0928460536029419,-0.298510706253337,TRUE,0.710852525801692,1.00100290560636,-0.375689873022135,FALSE,0.504259050295873,1.0010039413462,-0.310979319410763,TRUE,0.828278604622901,1.00099629224025,-0.427109074200765,FALSE,0.777831061396293,1.00099528543723
215,"rand=1-1_rate=1.5_ROB=LH_Bias=NRE strong","1-1",1.5,"LH","NRE strong",0,0.048790164169432,0.0953101798043249,0.048790164169432,0.182321556793955,0.300104592450338,0.0806873163515006,0.0828483362899249,-0.15744857680903,TRUE,0.502894972611767,1.00098898462569,-0.220271047827477,FALSE,0.364948187867765,1.00100870031348,0.0160052193697142,TRUE,0.583775006899647,1.0012280241195,-0.330549938753932,FALSE,0.404951609944446,1.00099373405938
216,"rand=1-1_rate=1.5_ROB=LH_Bias=NRE strong","1-1",1.5,"LH","NRE strong",0,0.048790164169432,0.0953101798043249,0.048790164169432,0.182321556793955,0.300104592450338,0.0863708649042152,0.0872093899965555,0.115798728092228,TRUE,0.511619386592525,1.00191446126443,-0.107556155648957,TRUE,0.424212216909248,1.00099338587831,0.020209942535836,TRUE,0.483944484892217,1.00110453000082,-0.219512756283572,TRUE,0.881608972283927,1.00105829597207
217,"rand=1-1_rate=1.5_ROB=LH_Bias=NRE strong","1-1",1.5,"LH","NRE strong",0,0.048790164169432,0.0953101798043249,0.048790164169432,0.182321556793955,0.300104592450338,0.0871018694834191,0.0871993145581766,-0.115412958159395,TRUE,0.539822353592471,1.00101613083967,-0.144184510718059,TRUE,0.321327888759682,1.00099432011751,-0.0227323180319718,TRUE,0.645101262104114,1.00105086948845,-0.200810963703572,FALSE,0.393155114483974,1.00113851539257
218,"rand=1-1_rate=1.5_ROB=LH_Bias=NRE strong","1-1",1.5,"LH","NRE strong",0,0.048790164169432,0.0953101798043249,0.048790164169432,0.182321556793955,0.300104592450338,0.0962831658493783,0.0965682508171603,-0.0238600548720511,TRUE,0.594102637643237,1.00121661353733,-0.196947335583634,TRUE,0.551566091723228,1.00098601004923,-0.0728644221736983,TRUE,0.527862976656829,1.00102248965099,-0.351490700337006,TRUE,1.53322913777423,1.00100643830637
219,"rand=1-1_rate=1.5_ROB=LH_Bias=NRE strong","1-1",1.5,"LH","NRE strong",0,0.048790164169432,0.0953101798043249,0.048790164169432,0.182321556793955,0.300104592450338,0.105931247275031,0.107628094723289,-0.0705922473975338,TRUE,0.614744038186813,1.0010040333169,-0.160694178832983,TRUE,0.482829093878153,1.00101972578035,0.0376579359753274,TRUE,0.480674614435405,1.00101511734989,-0.38213049873661,TRUE,1.03682718587145,1.00099094572528
220,"rand=1-1_rate=1.5_ROB=LH_Bias=NRE strong","1-1",1.5,"LH","NRE strong",0,0.048790164169432,0.0953101798043249,0.048790164169432,0.182321556793955,0.300104592450338,0.089140553793041,0.0901076538877938,-0.188688102914945,TRUE,0.645812546666644,1.00099060946085,-0.232097047702853,FALSE,0.449382840218286,1.00105813953361,-0.181650636681452,TRUE,0.653118162686952,1.0009964572242,-0.274396233757473,TRUE,0.796912750828118,1.00098959846161
221,"rand=1-1_rate=1.5_ROB=LH_Bias=NRE strong","1-1",1.5,"LH","NRE strong",0,0.048790164169432,0.0953101798043249,0.048790164169432,0.182321556793955,0.300104592450338,0.102477470977553,0.102905734833246,-0.0502189643497102,TRUE,0.594359936477944,1.00099069585419,-0.169669924222124,TRUE,0.472528793249402,1.00099161648933,-0.0203128244651745,TRUE,0.516770936303531,1.00176125805747,-0.321321586558757,TRUE,1.03780152187925,1.0010249669803
222,"rand=1-1_rate=1.5_ROB=LH_Bias=NRE strong","1-1",1.5,"LH","NRE strong",0,0.048790164169432,0.0953101798043249,0.048790164169432,0.182321556793955,0.300104592450338,0.0871808490805797,0.0881395277633857,-0.273130678532278,TRUE,0.596522826728344,1.0010067258549,-0.254362261719991,FALSE,0.35675698395635,1.00098864273355,-0.211872392443247,TRUE,0.564150041304941,1.00138404064586,-0.2690641987168,TRUE,0.600310275355314,1.00099716316749
223,"rand=1-1_rate=1.5_ROB=LH_Bias=NRE strong","1-1",1.5,"LH","NRE strong",0,0.048790164169432,0.0953101798043249,0.048790164169432,0.182321556793955,0.300104592450338,0.094286798550169,0.0963106442582612,-0.0555801952069603,TRUE,0.642247148164081,1.00100199618522,-0.140543722224524,TRUE,0.475573424354934,1.00099795555914,-0.120699136442472,TRUE,0.781480618239722,1.00099472572355,-0.158356912670585,TRUE,0.734068422801942,1.00099862414253
224,"rand=1-1_rate=1.5_ROB=LH_Bias=NRE strong","1-1",1.5,"LH","NRE strong",0,0.048790164169432,0.0953101798043249,0.048790164169432,0.182321556793955,0.300104592450338,0.0919151323406765,0.0942521140706917,-0.0724529328479413,TRUE,0.497570795130086,1.00099209575387,-0.209405702240635,FALSE,0.352674714557472,1.00104706404411,-0.0780740801245279,TRUE,0.617040696629723,1.00144120203127,-0.276595440060212,FALSE,0.471427801040569,1.00098982788124
225,"rand=1-1_rate=1.5_ROB=LH_Bias=NRE strong","1-1",1.5,"LH","NRE strong",0,0.048790164169432,0.0953101798043249,0.048790164169432,0.182321556793955,0.300104592450338,0.0891143546911576,0.0903131242969841,-0.162515485514416,TRUE,0.681661501460339,1.00098889628931,-0.189814772901999,TRUE,0.45893985553304,1.0009861067008,-0.24588027266712,TRUE,0.839140686395385,1.00105565148814,-0.152134863475585,TRUE,0.630766436579865,1.00099121940857
226,"rand=1-1_rate=1.5_ROB=LH_Bias=NRE strong","1-1",1.5,"LH","NRE strong",0,0.048790164169432,0.0953101798043249,0.048790164169432,0.182321556793955,0.300104592450338,0.0935636571312028,0.0982168520938298,-0.0351593541173068,TRUE,0.544575577063096,1.00121071970088,-0.0482764985513244,TRUE,0.349793830947483,1.0009923993373,-0.0424404445027162,TRUE,0.538204436724056,1.00107413157916,-0.0478255193825252,TRUE,0.580212968986341,1.00099981390459
227,"rand=1-1_rate=1.5_ROB=LH_Bias=NRE strong","1-1",1.5,"LH","NRE strong",0,0.048790164169432,0.0953101798043249,0.048790164169432,0.182321556793955,0.300104592450338,0.0988691892286477,0.100585911833251,-0.117143299968007,TRUE,0.645574028583285,1.000987165857,-0.292224393106506,FALSE,0.587649993017663,1.00102793107847,-0.334461565753713,TRUE,1.12148357011818,1.00099124042244,-0.25940845321393,TRUE,0.695408910882668,1.0010012695812
228,"rand=1-1_rate=1.5_ROB=LH_Bias=NRE strong","1-1",1.5,"LH","NRE strong",0,0.048790164169432,0.0953101798043249,0.048790164169432,0.182321556793955,0.300104592450338,0.0862520790684543,0.0871117880918661,-0.0578476117366329,TRUE,0.53856798899886,1.00104846142332,-0.182170223078548,TRUE,0.464557350524995,1.00098775523751,0.123209545160569,TRUE,0.418241107523852,1.0009972013588,-0.488804168276063,FALSE,0.822670651528299,1.00100724116526
229,"rand=1-1_rate=1.5_ROB=LH_Bias=NRE strong","1-1",1.5,"LH","NRE strong",0,0.048790164169432,0.0953101798043249,0.048790164169432,0.182321556793955,0.300104592450338,0.0823114492519066,0.0876384951999835,-0.129638074302843,TRUE,0.676913407304556,1.00131885397183,-0.15532619038556,TRUE,0.483031325598509,1.00100922887117,-0.116110700248138,TRUE,0.619767353441639,1.00098599002223,-0.202481554804254,TRUE,1.0282578946062,1.00099606840478
230,"rand=1-1_rate=1.5_ROB=LH_Bias=NRE strong","1-1",1.5,"LH","NRE strong",0,0.048790164169432,0.0953101798043249,0.048790164169432,0.182321556793955,0.300104592450338,0.096311281064227,0.0979221300922394,-0.0825946066091554,TRUE,0.577247902111021,1.00104109869157,-0.185938086441339,FALSE,0.392512023200912,1.0010637022385,-0.172455130304886,TRUE,0.567624567020016,1.00110480388215,-0.184344147366271,TRUE,0.737803218235916,1.00098810034533
231,"rand=1-1_rate=1.5_ROB=LH_Bias=NRE strong","1-1",1.5,"LH","NRE strong",0,0.048790164169432,0.0953101798043249,0.048790164169432,0.182321556793955,0.300104592450338,0.0941540084626298,0.0957277129707607,0.089864181752987,TRUE,0.483116850856544,1.0017990555079,-0.0337530707184261,TRUE,0.433706529149673,1.001018147091,0.0580196620331939,TRUE,0.426767179521585,1.00109908650784,-0.113667961459637,TRUE,1.10599445656282,1.00098637168515
232,"rand=1-1_rate=1.5_ROB=LH_Bias=NRE strong","1-1",1.5,"LH","NRE strong",0,0.048790164169432,0.0953101798043249,0.048790164169432,0.182321556793955,0.300104592450338,0.0978952952721795,0.0998034553887316,-0.13433378676798,TRUE,0.61735444191981,1.00099199774993,-0.348954018441203,FALSE,0.544413743879451,1.00100774591239,-0.190194041675675,TRUE,0.620842634655641,1.0009890006949,-0.474456354601606,FALSE,1.12277877330007,1.00099875126581
233,"rand=1-1_rate=1.5_ROB=LH_Bias=NRE strong","1-1",1.5,"LH","NRE strong",0,0.048790164169432,0.0953101798043249,0.048790164169432,0.182321556793955,0.300104592450338,0.0955109619583489,0.0974841493268859,-0.243268813894195,TRUE,0.696696866316642,1.00111485995927,-0.38363905522464,FALSE,0.521897357805545,1.00098678105775,-0.213299308510366,TRUE,0.638242456879509,1.00098746164215,-0.541323448408631,FALSE,0.976663846912801,1.00104706679975
234,"rand=1-1_rate=1.5_ROB=LH_Bias=NRE strong","1-1",1.5,"LH","NRE strong",0,0.048790164169432,0.0953101798043249,0.048790164169432,0.182321556793955,0.300104592450338,0.0870097110559237,0.0876653045459197,-0.167588340710529,TRUE,0.584763594080543,1.00106662180171,-0.259918794975535,FALSE,0.434779605577288,1.00102342020154,-0.147250218011215,TRUE,0.58421540206274,1.00099643661262,-0.344400188719584,FALSE,0.800085837402502,1.000998860963
235,"rand=1-1_rate=1.5_ROB=LH_Bias=NRE strong","1-1",1.5,"LH","NRE strong",0,0.048790164169432,0.0953101798043249,0.048790164169432,0.182321556793955,0.300104592450338,0.0931031389323831,0.0964771920359069,-0.110838119157628,TRUE,0.754852241286091,1.00127597738616,-0.211531943165167,TRUE,0.541042411495146,1.0010073173055,-0.405169825956177,FALSE,0.776231129901995,1.00101017750243,-0.0523742209235674,TRUE,0.864175086539626,1.00102548351553
236,"rand=1-1_rate=1.5_ROB=LH_Bias=NRE strong","1-1",1.5,"LH","NRE strong",0,0.048790164169432,0.0953101798043249,0.048790164169432,0.182321556793955,0.300104592450338,0.0985186556798641,0.0989904742958476,0.0183702502029067,TRUE,0.540412609585039,1.0010738203726,-0.0486604893679494,TRUE,0.373675464472101,1.00105178320846,-0.122456845851125,TRUE,0.74319745070486,1.0010238498985,-0.010645684522175,TRUE,0.483381769629924,1.00099414009305
237,"rand=1-1_rate=1.5_ROB=LH_Bias=NRE strong","1-1",1.5,"LH","NRE strong",0,0.048790164169432,0.0953101798043249,0.048790164169432,0.182321556793955,0.300104592450338,0.0933584416695772,0.0945954196966296,0.0133040772456324,TRUE,0.511217651989317,1.00102458709857,-0.0677030019104981,TRUE,0.36085552796822,1.00099103822127,0.0242798495931945,TRUE,0.475672545737333,1.0009927066825,-0.143994235886726,TRUE,0.67342756630417,1.00099127931223
238,"rand=1-1_rate=1.5_ROB=LH_Bias=NRE strong","1-1",1.5,"LH","NRE strong",0,0.048790164169432,0.0953101798043249,0.048790164169432,0.182321556793955,0.300104592450338,0.092674416975491,0.0947520572768346,-0.120757882962114,TRUE,0.718113593421542,1.00102537409074,-0.229783602669579,TRUE,0.558110969704928,1.00098879561732,-0.120563930693544,TRUE,0.709037997928202,1.00099091219193,-0.356248960562853,TRUE,1.12408299364707,1.00102813234382
239,"rand=1-1_rate=1.5_ROB=LH_Bias=NRE strong","1-1",1.5,"LH","NRE strong",0,0.048790164169432,0.0953101798043249,0.048790164169432,0.182321556793955,0.300104592450338,0.0824886566527442,0.0833711861440289,-0.00629226476504408,TRUE,0.479156800006253,1.00099856037505,-0.165593654486886,TRUE,0.34974362950099,1.00105225983831,-0.0861368093949344,TRUE,0.673532378708409,1.00114852785344,-0.209050214082895,TRUE,0.473643189869576,1.00099137109692
240,"rand=1-1_rate=1.5_ROB=LH_Bias=NRE strong","1-1",1.5,"LH","NRE strong",0,0.048790164169432,0.0953101798043249,0.048790164169432,0.182321556793955,0.300104592450338,0.0963575498198159,0.0993561183834767,-0.0720059135430209,TRUE,0.515970069124731,1.00147545609198,-0.156869575089337,TRUE,0.445703857181575,1.00099491125462,0.141562270263288,TRUE,0.388629759128787,1.0017881189638,-0.481114481770239,FALSE,0.752364749887881,1.00108246455364
241,"rand=1-1_rate=1.5_ROB=LH_Bias=NRE strong","1-1",1.5,"LH","NRE strong",0,0.048790164169432,0.0953101798043249,0.048790164169432,0.182321556793955,0.300104592450338,0.0942015739223261,0.0958611906467773,-0.143422568074552,TRUE,0.659890024716964,1.00099550050787,-0.101166476723857,TRUE,0.438855719787996,1.00101518543382,0.000688001302840746,TRUE,0.475829206908041,1.00098890625146,-0.215461632516612,TRUE,1.01566894375472,1.00104322958515
242,"rand=1-1_rate=1.5_ROB=LH_Bias=NRE strong","1-1",1.5,"LH","NRE strong",0,0.048790164169432,0.0953101798043249,0.048790164169432,0.182321556793955,0.300104592450338,0.0815094800772494,0.083075409075798,0.00279952905971237,TRUE,0.432490024554572,1.00099324230671,-0.034477756767882,TRUE,0.255497609856383,1.00098849137163,-0.089460203960523,TRUE,0.477102469713498,1.00284425417794,-0.0165784771217024,TRUE,0.405428643560713,1.00099636279381
243,"rand=1-1_rate=1.5_ROB=LH_Bias=NRE strong","1-1",1.5,"LH","NRE strong",0,0.048790164169432,0.0953101798043249,0.048790164169432,0.182321556793955,0.300104592450338,0.0869006354291469,0.0893225244814068,-0.042099602844992,TRUE,0.676852931869832,1.00102030336392,-0.133109935097012,TRUE,0.570929348625987,1.00098661204773,-0.101641836979938,TRUE,0.643428446044727,1.00110846212617,-0.143258585024293,TRUE,1.31191724304967,1.00099758191941
244,"rand=1-1_rate=1.5_ROB=LH_Bias=NRE strong","1-1",1.5,"LH","NRE strong",0,0.048790164169432,0.0953101798043249,0.048790164169432,0.182321556793955,0.300104592450338,0.0808537900740089,0.0839167374665144,0.0700783235214619,TRUE,0.483952288298281,1.00100119839482,-0.0533359614152242,TRUE,0.436099904763871,1.0009955538731,0.0644030138346162,TRUE,0.462743099663352,1.00136929883493,-0.183626817177255,TRUE,1.00286858436364,1.00099446999583
245,"rand=1-1_rate=1.5_ROB=LH_Bias=NRE strong","1-1",1.5,"LH","NRE strong",0,0.048790164169432,0.0953101798043249,0.048790164169432,0.182321556793955,0.300104592450338,0.0896324759316906,0.090782357781917,-0.179112081441884,TRUE,0.717621851418608,1.00106669643805,-0.167874722644083,TRUE,0.48106173659443,1.00100718999031,0.0198081008163415,TRUE,0.546321193748752,1.00101671829249,-0.356602357275521,TRUE,0.889134842097253,1.0010129678526
246,"rand=1-1_rate=1.5_ROB=LH_Bias=NRE strong","1-1",1.5,"LH","NRE strong",0,0.048790164169432,0.0953101798043249,0.048790164169432,0.182321556793955,0.300104592450338,0.0907865134415602,0.0918482739138615,-0.0250652145892925,TRUE,0.432470748267939,1.00104269145679,-0.104284663060244,TRUE,0.254373224301887,1.0014565448675,-0.109339784839426,TRUE,0.540392256921555,1.00104496120414,-0.104642557410617,TRUE,0.343107875588565,1.0009861218236
247,"rand=1-1_rate=1.5_ROB=LH_Bias=NRE strong","1-1",1.5,"LH","NRE strong",0,0.048790164169432,0.0953101798043249,0.048790164169432,0.182321556793955,0.300104592450338,0.0992406676249371,0.100217782541928,-0.140169879359083,TRUE,0.655816166090744,1.0010037433829,-0.203181262256052,TRUE,0.464635813327043,1.00104083941946,-0.243246671982247,TRUE,0.690086793170642,1.00099290763843,-0.165741245553567,TRUE,0.815463365953297,1.00098786475908
248,"rand=1-1_rate=1.5_ROB=LH_Bias=NRE strong","1-1",1.5,"LH","NRE strong",0,0.048790164169432,0.0953101798043249,0.048790164169432,0.182321556793955,0.300104592450338,0.0931144940588583,0.0961695375438626,-0.104097794768115,TRUE,0.545766462612287,1.00099340305864,-0.220082925533369,FALSE,0.437437483022337,1.00102113837329,-0.118421980081173,TRUE,0.519311145687861,1.0011669695227,-0.303784111187626,TRUE,0.919367413345559,1.00098884736441
249,"rand=1-1_rate=1.5_ROB=LH_Bias=NRE strong","1-1",1.5,"LH","NRE strong",0,0.048790164169432,0.0953101798043249,0.048790164169432,0.182321556793955,0.300104592450338,0.0970246297756554,0.0992551215531291,-0.0568832533879224,TRUE,0.53424149764996,1.00103508914553,-0.0769501618036872,TRUE,0.338243805522946,1.00098600635607,-0.163285414420523,TRUE,0.539403273722073,1.00119739024234,-0.0195927384203056,TRUE,0.554526798719603,1.0010111418112
250,"rand=1-1_rate=1.5_ROB=LH_Bias=NRE strong","1-1",1.5,"LH","NRE strong",0,0.048790164169432,0.0953101798043249,0.048790164169432,0.182321556793955,0.300104592450338,0.0919067006301793,0.0933094328775195,0.0946497234662385,TRUE,0.564701766224505,1.00161613453926,-0.146487181038181,TRUE,0.560662797092375,1.00098613135758,-0.16398228487439,TRUE,0.719673914776961,1.00100418420728,-0.11747436835455,TRUE,1.19755630136248,1.00109449147294
251,"rand=1-1_rate=1.5_ROB=LH_Bias=NRE strong","1-1",1.5,"LH","NRE strong",0,0.048790164169432,0.0953101798043249,0.048790164169432,0.182321556793955,0.300104592450338,0.101675896670531,0.102442878464682,-0.252212048378157,TRUE,0.682693271605804,1.00105499504704,-0.249937709276019,FALSE,0.430987259718632,1.00104928172291,-0.124979539392668,TRUE,0.65915868895645,1.00101394350899,-0.332564637438455,FALSE,0.671381042121942,1.00098981385931
252,"rand=1-1_rate=1.5_ROB=LH_Bias=NRE strong","1-1",1.5,"LH","NRE strong",0,0.048790164169432,0.0953101798043249,0.048790164169432,0.182321556793955,0.300104592450338,0.0875299468558768,0.0893557630959809,-0.1290128326966,TRUE,0.62122396973706,1.00108047961649,-0.234847629668755,FALSE,0.49558576238522,1.00105244991353,-0.0789555231650927,TRUE,0.560762510965486,1.00177232304656,-0.380367857732957,TRUE,1.01145862275992,1.00100327202087
253,"rand=1-1_rate=1.5_ROB=LH_Bias=NRE strong","1-1",1.5,"LH","NRE strong",0,0.048790164169432,0.0953101798043249,0.048790164169432,0.182321556793955,0.300104592450338,0.0931533995138657,0.0970392776498138,-0.159732457504884,TRUE,0.60378751378606,1.00100605864271,-0.250382262349,FALSE,0.453501185350458,1.00104247981724,-0.15305787821166,TRUE,0.55299985257276,1.00137054621469,-0.332344711771237,TRUE,0.958851773676723,1.00099416745738
254,"rand=1-1_rate=1.5_ROB=LH_Bias=NRE strong","1-1",1.5,"LH","NRE strong",0,0.048790164169432,0.0953101798043249,0.048790164169432,0.182321556793955,0.300104592450338,0.0885480364126027,0.0896978161346284,-0.0261219377241624,TRUE,0.488412492963795,1.00106457343027,-0.126229377001741,TRUE,0.387323506179967,1.00099112831923,-0.0353886617909067,TRUE,0.498632478293112,1.00098756042801,-0.199514200199123,TRUE,0.740469528208052,1.00099459902298
255,"rand=1-1_rate=1.5_ROB=LH_Bias=NRE strong","1-1",1.5,"LH","NRE strong",0,0.048790164169432,0.0953101798043249,0.048790164169432,0.182321556793955,0.300104592450338,0.0878415149246718,0.08875750108804,0.110297087440528,TRUE,0.522743650714679,1.00112022841031,-0.0260249989985166,TRUE,0.462320807843538,1.00100822155231,0.0637652604706473,TRUE,0.525329534587296,1.00140255099494,-0.11973559185803,TRUE,1.04630910558633,1.00098780640321
256,"rand=1-1_rate=1.5_ROB=LH_Bias=NRE strong","1-1",1.5,"LH","NRE strong",0,0.048790164169432,0.0953101798043249,0.048790164169432,0.182321556793955,0.300104592450338,0.0740886124216593,0.075897138133332,-0.0856834137597018,TRUE,0.63826901757949,1.00099027192801,-0.172966920253959,TRUE,0.514061508073971,1.00101137586395,-0.0861721213034894,TRUE,0.55216954973062,1.00101158962123,-0.263359139390954,TRUE,1.21143732103551,1.00101962178607
257,"rand=1-1_rate=1.5_ROB=LH_Bias=NRE strong","1-1",1.5,"LH","NRE strong",0,0.048790164169432,0.0953101798043249,0.048790164169432,0.182321556793955,0.300104592450338,0.0871595126993012,0.0899470493907838,0.0775897823289945,TRUE,0.568185358853806,1.0009908362548,-0.0463173359239335,TRUE,0.479142430246634,1.00099642835922,0.0360340126078654,TRUE,0.49993067431601,1.00105915519459,-0.149903085919403,TRUE,1.17966321257743,1.00099079166769
258,"rand=1-1_rate=1.5_ROB=LH_Bias=NRE strong","1-1",1.5,"LH","NRE strong",0,0.048790164169432,0.0953101798043249,0.048790164169432,0.182321556793955,0.300104592450338,0.100558920789718,0.103357219815579,-0.106587917665212,TRUE,0.598735207458968,1.00098914045383,-0.180334488373239,TRUE,0.447998995727904,1.00098606753988,-0.179098663846345,TRUE,0.552583913166548,1.00102407260146,-0.180297069997747,TRUE,0.960348159497573,1.0009859899398
259,"rand=1-1_rate=1.5_ROB=LH_Bias=NRE strong","1-1",1.5,"LH","NRE strong",0,0.048790164169432,0.0953101798043249,0.048790164169432,0.182321556793955,0.300104592450338,0.09206473522871,0.093310166667759,-0.00590898480613089,TRUE,0.513800683159359,1.00172755459179,-0.142663848582862,TRUE,0.467350946093825,1.00105068345466,-0.00447144748370465,TRUE,0.507392036958016,1.00169277750552,-0.277266157905356,TRUE,1.03030141007905,1.00098719991792
260,"rand=1-1_rate=1.5_ROB=LH_Bias=NRE strong","1-1",1.5,"LH","NRE strong",0,0.048790164169432,0.0953101798043249,0.048790164169432,0.182321556793955,0.300104592450338,0.0845346386881879,0.0914954019947002,-0.0352532454879921,TRUE,0.551506624670037,1.00100952390839,-0.136886037409392,TRUE,0.438196260358153,1.00102002291907,-0.150625848615784,TRUE,0.528757874884171,1.00098649854662,-0.135148713147788,TRUE,0.919282871356517,1.00098878951324
261,"rand=1-1_rate=1.5_ROB=LH_Bias=NRE strong","1-1",1.5,"LH","NRE strong",0,0.048790164169432,0.0953101798043249,0.048790164169432,0.182321556793955,0.300104592450338,0.0734718443858986,0.0754104676199876,-0.216934708773431,TRUE,0.609699056891606,1.00130358383399,-0.133899070736111,TRUE,0.388170938331419,1.00101249362193,-0.274419122525148,FALSE,0.622135856042963,1.00120852797815,-0.0465699139734532,TRUE,0.640951881384674,1.0009882816368
262,"rand=1-1_rate=1.5_ROB=LH_Bias=NRE strong","1-1",1.5,"LH","NRE strong",0,0.048790164169432,0.0953101798043249,0.048790164169432,0.182321556793955,0.300104592450338,0.0952966475087044,0.0959493741000535,0.066163820184778,TRUE,0.505924658428139,1.00106447975735,-0.0551433284903309,TRUE,0.409710187753127,1.00098617741355,0.16686148952187,TRUE,0.415852031545053,1.00110021682862,-0.26852910796461,TRUE,0.747207229871081,1.00100270148698
263,"rand=1-1_rate=1.5_ROB=LH_Bias=NRE strong","1-1",1.5,"LH","NRE strong",0,0.048790164169432,0.0953101798043249,0.048790164169432,0.182321556793955,0.300104592450338,0.0930914066864889,0.0950182260250123,-0.0796061664296011,TRUE,0.626922136338372,1.00099081141273,-0.0981199492181291,TRUE,0.414801544580256,1.00098609230428,0.0857528183967162,TRUE,0.456303879421443,1.0010790829344,-0.264641823819347,TRUE,0.764767691081937,1.0009928132027
264,"rand=1-1_rate=1.5_ROB=LH_Bias=NRE strong","1-1",1.5,"LH","NRE strong",0,0.048790164169432,0.0953101798043249,0.048790164169432,0.182321556793955,0.300104592450338,0.0883293754212566,0.0899750487876127,-0.14657797073637,TRUE,0.724781609448381,1.00098896833071,-0.19332760107919,TRUE,0.538895229283869,1.00105338796561,0.0238334709961626,TRUE,0.498236118796065,1.00101798751635,-0.468699751884007,TRUE,1.28481491683396,1.00098721794939
265,"rand=1-1_rate=1.5_ROB=LH_Bias=NRE strong","1-1",1.5,"LH","NRE strong",0,0.048790164169432,0.0953101798043249,0.048790164169432,0.182321556793955,0.300104592450338,0.0907623998880565,0.0912976433660135,-0.0804499570616648,TRUE,0.502455344190752,1.00102130519394,-0.0254910219680198,TRUE,0.275346566372945,1.00099126596635,-0.0086895233375861,TRUE,0.49466559521355,1.00099342129452,-0.0311559893748301,TRUE,0.418488121384518,1.00102319908763
266,"rand=1-1_rate=1.5_ROB=LH_Bias=NRE strong","1-1",1.5,"LH","NRE strong",0,0.048790164169432,0.0953101798043249,0.048790164169432,0.182321556793955,0.300104592450338,0.099661209395858,0.100453011887136,-0.0424273698910518,TRUE,0.6663492973526,1.00104963425298,-0.139001833860346,TRUE,0.467994629247333,1.00098752018039,-0.0697214365258754,TRUE,0.6400585818828,1.00102304786,-0.192940146702587,TRUE,0.882137651618718,1.00098600856654
267,"rand=1-1_rate=1.5_ROB=LH_Bias=NRE strong","1-1",1.5,"LH","NRE strong",0,0.048790164169432,0.0953101798043249,0.048790164169432,0.182321556793955,0.300104592450338,0.0620150419552732,0.071559617978773,-0.134684149847616,TRUE,0.602192064848538,1.00109178358696,-0.164588546842437,TRUE,0.391265144371252,1.00115192767421,-0.0431702221366899,TRUE,0.542124879382048,1.00101902485894,-0.255675363035857,TRUE,0.662806250237435,1.00098872218679
268,"rand=1-1_rate=1.5_ROB=LH_Bias=NRE strong","1-1",1.5,"LH","NRE strong",0,0.048790164169432,0.0953101798043249,0.048790164169432,0.182321556793955,0.300104592450338,0.0722372538112818,0.0769671901432581,0.0260219479104863,TRUE,0.477083691437311,1.00107269499313,-0.0988268838893118,TRUE,0.407670926086473,1.00101242019085,0.0475008162629901,TRUE,0.483946290440735,1.00116767906664,-0.207097620059325,TRUE,0.778792198174567,1.00109090417768
269,"rand=1-1_rate=1.5_ROB=LH_Bias=NRE strong","1-1",1.5,"LH","NRE strong",0,0.048790164169432,0.0953101798043249,0.048790164169432,0.182321556793955,0.300104592450338,0.0879320273146725,0.0914317528863642,-0.102140350643405,TRUE,0.512196419216167,1.00103052417108,-0.153026561459193,TRUE,0.341157011916258,1.00099895983175,-0.0613173467221544,TRUE,0.628716212132641,1.00098639623369,-0.203495412606239,TRUE,0.459576443223038,1.00098759584604
270,"rand=1-1_rate=1.5_ROB=LH_Bias=NRE strong","1-1",1.5,"LH","NRE strong",0,0.048790164169432,0.0953101798043249,0.048790164169432,0.182321556793955,0.300104592450338,0.0693980259677117,0.0767665792456804,0.117857879096833,TRUE,0.515284808582336,1.00099423666591,-0.00105124569065129,TRUE,0.470729248047579,1.00098917928834,0.130957476848674,TRUE,0.529957491700486,1.00107863177279,-0.14080804631051,TRUE,1.03502975279047,1.00100766825224
271,"rand=1-1_rate=1.5_ROB=LH_Bias=NRE strong","1-1",1.5,"LH","NRE strong",0,0.048790164169432,0.0953101798043249,0.048790164169432,0.182321556793955,0.300104592450338,0.0770722050475976,0.0790808447486324,-0.00620597727803474,TRUE,0.583287814628169,1.00098664990104,-0.151592035815097,TRUE,0.496083495086049,1.0010650089585,-0.063504784087959,TRUE,0.691625975995622,1.00104267424187,-0.241928642140808,TRUE,0.931689237305503,1.00100196960897
272,"rand=1-1_rate=1.5_ROB=LH_Bias=NRE strong","1-1",1.5,"LH","NRE strong",0,0.048790164169432,0.0953101798043249,0.048790164169432,0.182321556793955,0.300104592450338,0.0899209941464281,0.0908407260125005,-0.0939909040290776,TRUE,0.512595978229135,1.00156816865643,-0.193968389905436,FALSE,0.342486365187335,1.00122169343493,0.0081983907420432,TRUE,0.449396479649706,1.00146009817173,-0.300105659354897,FALSE,0.53384521416504,1.00104311334995
273,"rand=1-1_rate=1.5_ROB=LH_Bias=NRE strong","1-1",1.5,"LH","NRE strong",0,0.048790164169432,0.0953101798043249,0.048790164169432,0.182321556793955,0.300104592450338,0.0903659292766928,0.090941849828498,0.0712780548069311,TRUE,0.528682779354837,1.00098896309438,0.0212025921786149,TRUE,0.373887230266868,1.00104464189469,0.167078844808715,TRUE,0.399895199531904,1.00138011637087,-0.123171455471961,TRUE,0.783235066237069,1.00099833053677
274,"rand=1-1_rate=1.5_ROB=LH_Bias=NRE strong","1-1",1.5,"LH","NRE strong",0,0.048790164169432,0.0953101798043249,0.048790164169432,0.182321556793955,0.300104592450338,0.0943262160882588,0.0957002856607648,-0.112032817882001,TRUE,0.661385505207867,1.00100699177209,-0.160670153472016,TRUE,0.466793812617956,1.00108524446413,-0.127906051119169,TRUE,0.577783845803698,1.00285016004536,-0.202942757450936,TRUE,0.989293514729737,1.00098994268023
275,"rand=1-1_rate=1.5_ROB=LH_Bias=NRE strong","1-1",1.5,"LH","NRE strong",0,0.048790164169432,0.0953101798043249,0.048790164169432,0.182321556793955,0.300104592450338,0.0806788800793873,0.0825403686049206,0.236623575015572,FALSE,0.363918640731706,1.00165967083074,0.100346240566049,TRUE,0.348658871420452,1.00099297763693,0.128806171747863,TRUE,0.408887926518148,1.00174522798419,0.0673026047371544,TRUE,0.763417012483001,1.00104021390697
276,"rand=1-1_rate=1.5_ROB=LH_Bias=NRE strong","1-1",1.5,"LH","NRE strong",0,0.048790164169432,0.0953101798043249,0.048790164169432,0.182321556793955,0.300104592450338,0.0952320382618456,0.0986776707046609,0.0618713160590829,TRUE,0.452964762341068,1.00100701514873,-0.0685442778079279,TRUE,0.39177064092851,1.00100079918671,-0.026429454925293,TRUE,0.561701232753855,1.00118994713624,-0.102623686262308,TRUE,0.705942133449333,1.00098901119259
277,"rand=1-1_rate=1.5_ROB=LH_Bias=NRE strong","1-1",1.5,"LH","NRE strong",0,0.048790164169432,0.0953101798043249,0.048790164169432,0.182321556793955,0.300104592450338,0.0745289318770412,0.0775045301546259,-0.00136854287308252,TRUE,0.608920688150637,1.00103681301141,-0.0181188185341681,TRUE,0.422155078158521,1.00098996196308,-0.00932037009268027,TRUE,0.635365154987893,1.00099431197437,-0.023442881879437,TRUE,0.735584420005515,1.0009896156393
278,"rand=1-1_rate=1.5_ROB=LH_Bias=NRE strong","1-1",1.5,"LH","NRE strong",0,0.048790164169432,0.0953101798043249,0.048790164169432,0.182321556793955,0.300104592450338,0.0889956637262165,0.0926944091270988,-0.0491676150285982,TRUE,0.566139204537529,1.00102452364511,-0.115126213516016,TRUE,0.41954305369355,1.00112531973036,-0.0438799401394525,TRUE,0.516742134605537,1.0009951729322,-0.177140678091192,TRUE,0.868857558207919,1.00098971272442
279,"rand=1-1_rate=1.5_ROB=LH_Bias=NRE strong","1-1",1.5,"LH","NRE strong",0,0.048790164169432,0.0953101798043249,0.048790164169432,0.182321556793955,0.300104592450338,0.0982027519920006,0.0989244709285037,0.0788462685571482,TRUE,0.50386152544922,1.00098937140083,0.0136611467789743,TRUE,0.391031226196971,1.00101747714934,0.0483076264590105,TRUE,0.485311882018862,1.00109335021275,-0.0328375108108736,TRUE,0.81264251451147,1.00098994283005
280,"rand=1-1_rate=1.5_ROB=LH_Bias=NRE strong","1-1",1.5,"LH","NRE strong",0,0.048790164169432,0.0953101798043249,0.048790164169432,0.182321556793955,0.300104592450338,0.0881996690324059,0.0895565310092397,-0.220401153603769,TRUE,0.675384075214682,1.00117529024192,-0.282842177294919,FALSE,0.481479547205414,1.00099001588453,-0.222921074411238,TRUE,0.642019690444344,1.00140439534974,-0.336794603511462,TRUE,0.951923934859603,1.00098651717992
281,"rand=1-1_rate=1.5_ROB=LH_Bias=NRE strong","1-1",1.5,"LH","NRE strong",0,0.048790164169432,0.0953101798043249,0.048790164169432,0.182321556793955,0.300104592450338,0.083702325531781,0.0839907950472697,0.118642986850967,TRUE,0.509303722397488,1.00100749785172,-0.00500296010398116,TRUE,0.373935447792762,1.00099616500422,0.0802121083969795,TRUE,0.517936810599618,1.00113235429044,-0.0705595972941491,TRUE,0.675673448830833,1.00100657766866
282,"rand=1-1_rate=1.5_ROB=LH_Bias=NRE strong","1-1",1.5,"LH","NRE strong",0,0.048790164169432,0.0953101798043249,0.048790164169432,0.182321556793955,0.300104592450338,0.0866981203609168,0.0886063886752345,-0.218122426557624,TRUE,0.593993042978865,1.00099051318744,-0.28807972676129,FALSE,0.34572566935899,1.00110695045405,-0.136290323562568,TRUE,0.558639087693212,1.00116244255575,-0.356171874167428,FALSE,0.51361327890486,1.00098646953994
283,"rand=1-1_rate=1.5_ROB=LH_Bias=NRE strong","1-1",1.5,"LH","NRE strong",0,0.048790164169432,0.0953101798043249,0.048790164169432,0.182321556793955,0.300104592450338,0.0737017897095048,0.07722568253382,-0.0686826467816113,TRUE,0.523519806413029,1.0010272975151,-0.189974548139973,FALSE,0.352998467147758,1.00109548034154,-0.150154228473446,TRUE,0.564138735636415,1.00102660169572,-0.20982523011729,TRUE,0.59388353201804,1.00102750698663
284,"rand=1-1_rate=1.5_ROB=LH_Bias=NRE strong","1-1",1.5,"LH","NRE strong",0,0.048790164169432,0.0953101798043249,0.048790164169432,0.182321556793955,0.300104592450338,0.0854614075254706,0.0894482734808129,-0.0303143879480996,TRUE,0.441205810463953,1.00134167567513,-0.152261834651757,TRUE,0.366682689688556,1.00100686087267,-0.17912330472166,TRUE,0.613759034446494,1.0010834001707,-0.136274177242219,TRUE,0.558875365364968,1.00099364702343
285,"rand=1-1_rate=1.5_ROB=LH_Bias=NRE strong","1-1",1.5,"LH","NRE strong",0,0.048790164169432,0.0953101798043249,0.048790164169432,0.182321556793955,0.300104592450338,0.109220727389054,0.111044710254994,-0.214711778947477,TRUE,0.680473268220649,1.00098600065582,-0.305588161719592,FALSE,0.588564492857564,1.00098964355356,-0.108237985479313,TRUE,0.693701813185683,1.00099025499372,-0.536638004995585,FALSE,1.16084809581447,1.000986019608
286,"rand=1-1_rate=1.5_ROB=LH_Bias=NRE strong","1-1",1.5,"LH","NRE strong",0,0.048790164169432,0.0953101798043249,0.048790164169432,0.182321556793955,0.300104592450338,0.0984908380187926,0.10387464942467,-0.0161211861576529,TRUE,0.601259808078603,1.00099915633196,-0.101178098048672,TRUE,0.490313373336063,1.00098617212266,0.0292706400397573,TRUE,0.572697343330747,1.00145162357222,-0.253883087510682,TRUE,1.04760185204054,1.00100120989195
287,"rand=1-1_rate=1.5_ROB=LH_Bias=NRE strong","1-1",1.5,"LH","NRE strong",0,0.048790164169432,0.0953101798043249,0.048790164169432,0.182321556793955,0.300104592450338,0.0997872994903951,0.100388816666119,-0.0941348584095438,TRUE,0.524510559278105,1.00099213248996,-0.207673468828335,FALSE,0.417327719871414,1.00101216895493,-0.0694827780567668,TRUE,0.509317303031407,1.00099372676833,-0.315032801907829,TRUE,0.822684875948916,1.00098599703335
288,"rand=1-1_rate=1.5_ROB=LH_Bias=NRE strong","1-1",1.5,"LH","NRE strong",0,0.048790164169432,0.0953101798043249,0.048790164169432,0.182321556793955,0.300104592450338,0.0825854773003433,0.0843825428894828,-0.219934274786879,TRUE,0.633840935373936,1.0011418806574,-0.168470700773391,TRUE,0.363524807658294,1.00098677228969,-0.134921950434831,TRUE,0.539181745775159,1.00121915716294,-0.189205332951762,TRUE,0.642562093533427,1.00098690718515
289,"rand=1-1_rate=1.5_ROB=LH_Bias=NRE strong","1-1",1.5,"LH","NRE strong",0,0.048790164169432,0.0953101798043249,0.048790164169432,0.182321556793955,0.300104592450338,0.100728087056834,0.100728087056834,-0.205798005226449,TRUE,0.690255164043633,1.00100509335285,-0.195804632645064,TRUE,0.439814174563332,1.00098599299278,-0.00409095642910517,TRUE,0.616830025671633,1.0011902440023,-0.359812418914196,FALSE,0.622277488191843,1.0009875549142
290,"rand=1-1_rate=1.5_ROB=LH_Bias=NRE strong","1-1",1.5,"LH","NRE strong",0,0.048790164169432,0.0953101798043249,0.048790164169432,0.182321556793955,0.300104592450338,0.0863079724190407,0.088249607746498,-0.272890816623496,FALSE,0.551296405615156,1.00105564724472,-0.252934573902537,FALSE,0.287250160871002,1.00127019939783,-0.115134415026898,TRUE,0.544941640735576,1.00103090931633,-0.301609518818255,FALSE,0.364459836377147,1.00101241072615
291,"rand=1-1_rate=1.5_ROB=LH_Bias=NRE strong","1-1",1.5,"LH","NRE strong",0,0.048790164169432,0.0953101798043249,0.048790164169432,0.182321556793955,0.300104592450338,0.0843863150318567,0.0847678044315792,-0.18196023120778,TRUE,0.492135872547069,1.00099351054466,-0.234168320396448,FALSE,0.276023373384536,1.00120063540042,-0.184564281408303,TRUE,0.571325274294285,1.00108242161402,-0.247186146249697,FALSE,0.3783439600111,1.00099079927128
292,"rand=1-1_rate=1.5_ROB=LH_Bias=NRE strong","1-1",1.5,"LH","NRE strong",0,0.048790164169432,0.0953101798043249,0.048790164169432,0.182321556793955,0.300104592450338,0.0861970586435056,0.0873274612460182,0.139697104710052,TRUE,0.503583708666533,1.00103753572377,0.0264787130481282,TRUE,0.431296246332884,1.00107910217685,0.158084914549733,TRUE,0.492162246435703,1.0010104405568,-0.118642853579795,TRUE,0.87650577514183,1.00099806861557
293,"rand=1-1_rate=1.5_ROB=LH_Bias=NRE strong","1-1",1.5,"LH","NRE strong",0,0.048790164169432,0.0953101798043249,0.048790164169432,0.182321556793955,0.300104592450338,0.0742947712186088,0.0767852663811127,0.162121655984574,TRUE,0.461525308311268,1.00099460430018,0.0927892785583119,TRUE,0.377287920983679,1.00101430357486,0.206294213389131,TRUE,0.457387745494411,1.00098611838951,-0.0298607442007053,TRUE,0.754246073623725,1.00098647643473
294,"rand=1-1_rate=1.5_ROB=LH_Bias=NRE strong","1-1",1.5,"LH","NRE strong",0,0.048790164169432,0.0953101798043249,0.048790164169432,0.182321556793955,0.300104592450338,0.077139310363715,0.0779549325999205,-0.136007891906362,TRUE,0.56257839977598,1.00099154816834,-0.232572503652077,FALSE,0.393724826240422,1.00099422426868,-0.128037973854537,TRUE,0.553349661285402,1.00149718534657,-0.300872658253725,FALSE,0.702868886775324,1.00098835075803
295,"rand=1-1_rate=1.5_ROB=LH_Bias=NRE strong","1-1",1.5,"LH","NRE strong",0,0.048790164169432,0.0953101798043249,0.048790164169432,0.182321556793955,0.300104592450338,0.0862576923779595,0.0875474777843939,-0.0528396169986129,TRUE,0.583507801332694,1.00098971500273,-0.0812026271640991,TRUE,0.386946337127864,1.00103285783915,0.0515397840216408,TRUE,0.479984540445315,1.00115262976791,-0.190579357341173,TRUE,0.731035545723087,1.00110933461486
296,"rand=1-1_rate=1.5_ROB=LH_Bias=NRE strong","1-1",1.5,"LH","NRE strong",0,0.048790164169432,0.0953101798043249,0.048790164169432,0.182321556793955,0.300104592450338,0.0730575942453968,0.0750758487540465,-0.0968701739442435,TRUE,0.615546080594628,1.00107480662553,-0.0960878975872834,TRUE,0.452426148674684,1.00099635981569,-0.123950081288041,TRUE,0.536676703012205,1.00104861299695,-0.0687733592356834,TRUE,0.971081974818141,1.00100174210878
297,"rand=1-1_rate=1.5_ROB=LH_Bias=NRE strong","1-1",1.5,"LH","NRE strong",0,0.048790164169432,0.0953101798043249,0.048790164169432,0.182321556793955,0.300104592450338,0.105916267737871,0.107226709856002,-0.147629205970239,TRUE,0.532573787116773,1.00102395997759,-0.187777116264818,FALSE,0.31424479459905,1.00114092926781,-0.0993127275473871,TRUE,0.564710951764351,1.00110468159452,-0.224228247599604,FALSE,0.439225663300835,1.00100131236145
298,"rand=1-1_rate=1.5_ROB=LH_Bias=NRE strong","1-1",1.5,"LH","NRE strong",0,0.048790164169432,0.0953101798043249,0.048790164169432,0.182321556793955,0.300104592450338,0.0940899427856471,0.0972418403627132,-0.0808067712893505,TRUE,0.588549901000769,1.00103138826123,-0.02608187871209,TRUE,0.374541834495847,1.0010519648919,-0.0401621312407705,TRUE,0.482858798487872,1.00100198605927,-0.0126208010522724,TRUE,0.777535473337906,1.00103121375733
299,"rand=1-1_rate=1.5_ROB=LH_Bias=NRE strong","1-1",1.5,"LH","NRE strong",0,0.048790164169432,0.0953101798043249,0.048790164169432,0.182321556793955,0.300104592450338,0.085570998041227,0.0880740712375893,-0.043582780688278,TRUE,0.639532789471553,1.00098622079473,-0.0209657455427643,TRUE,0.471208573417839,1.00098631970798,-0.0241417507348569,TRUE,0.539579033563002,1.0009889954831,-0.0187525366706593,TRUE,1.03941724865394,1.00101133733593
300,"rand=1-1_rate=1.5_ROB=LH_Bias=NRE strong","1-1",1.5,"LH","NRE strong",0,0.048790164169432,0.0953101798043249,0.048790164169432,0.182321556793955,0.300104592450338,0.103660607191654,0.10467351662526,-0.0480703108463967,TRUE,0.504690088357777,1.00143112851889,-0.157423562510727,TRUE,0.345639109401952,1.00100499490582,0.119273593781966,TRUE,0.405098790997745,1.00174831821074,-0.311241979983986,FALSE,0.373173694049635,1.00099179930874
301,"rand=1-1_rate=1.5_ROB=LH_Bias=NRE strong","1-1",1.5,"LH","NRE strong",0,0.048790164169432,0.0953101798043249,0.048790164169432,0.182321556793955,0.300104592450338,0.101932445473389,0.103768347078449,0.139562805080034,TRUE,0.578402562743184,1.00108758493764,-0.0841128831204563,TRUE,0.499794551676961,1.00098605270527,0.165391038238056,TRUE,0.484076379446433,1.00137198281337,-0.389632745641145,FALSE,0.898752364139249,1.00101604994617
302,"rand=1-1_rate=1.5_ROB=LH_Bias=NRE strong","1-1",1.5,"LH","NRE strong",0,0.048790164169432,0.0953101798043249,0.048790164169432,0.182321556793955,0.300104592450338,0.106842045395694,0.109651741508483,0.110905248051576,TRUE,0.459093843717212,1.0012585312612,-0.0458132780767306,TRUE,0.452103964633535,1.00098698958033,0.133888723445344,TRUE,0.377256434940692,1.00101239155948,-0.272898207705021,TRUE,1.23658126043964,1.00099325872263
303,"rand=1-1_rate=1.5_ROB=LH_Bias=NRE strong","1-1",1.5,"LH","NRE strong",0,0.048790164169432,0.0953101798043249,0.048790164169432,0.182321556793955,0.300104592450338,0.100024107474234,0.103086501681722,0.0191853191180748,TRUE,0.478778507445403,1.00107254998379,-0.152805070652729,TRUE,0.4533389460887,1.00100088941189,-0.0827575367804201,TRUE,0.51277863186899,1.00139779342473,-0.221061351150497,TRUE,1.05757508998903,1.0009918912119
304,"rand=1-1_rate=1.5_ROB=LH_Bias=NRE strong","1-1",1.5,"LH","NRE strong",0,0.048790164169432,0.0953101798043249,0.048790164169432,0.182321556793955,0.300104592450338,0.0792911152142741,0.0830624339476777,-0.0555716287858219,TRUE,0.5238436343806,1.00098608520816,-0.201006610268446,FALSE,0.38949539298891,1.00113335441938,-0.00993471201653096,TRUE,0.479163981419744,1.00104707461865,-0.323448987297698,FALSE,0.715726592379613,1.00098631397362
305,"rand=1-1_rate=1.5_ROB=LH_Bias=NRE strong","1-1",1.5,"LH","NRE strong",0,0.048790164169432,0.0953101798043249,0.048790164169432,0.182321556793955,0.300104592450338,0.0801547797741271,0.0810761209860635,0.0920395175303006,TRUE,0.459867316368122,1.0012723067991,0.0366993473930615,TRUE,0.304958936548624,1.00100661678577,0.00277030205079309,TRUE,0.451657839893051,1.00116036994819,0.0535585931367143,TRUE,0.547773667958484,1.00098877950269
306,"rand=1-1_rate=1.5_ROB=LH_Bias=NRE strong","1-1",1.5,"LH","NRE strong",0,0.048790164169432,0.0953101798043249,0.048790164169432,0.182321556793955,0.300104592450338,0.0855549096683072,0.0883592662960645,0.0754068499454461,TRUE,0.52928984383107,1.00101553474276,0.0245660352712266,TRUE,0.387874750891199,1.00110145922306,0.114226007421994,TRUE,0.519538622208238,1.00099431721071,-0.0537281511558609,TRUE,0.698453053210121,1.00101317250766
307,"rand=1-1_rate=1.5_ROB=LH_Bias=NRE strong","1-1",1.5,"LH","NRE strong",0,0.048790164169432,0.0953101798043249,0.048790164169432,0.182321556793955,0.300104592450338,0.0881848583311718,0.0892711680202831,-0.176915986087414,TRUE,0.640463666190186,1.00104442208931,-0.234937182233148,FALSE,0.440608410781791,1.00108819589569,-0.05434759269093,TRUE,0.526653611951114,1.00123195164288,-0.380297991425776,FALSE,0.793974901751061,1.00098600739941
308,"rand=1-1_rate=1.5_ROB=LH_Bias=NRE strong","1-1",1.5,"LH","NRE strong",0,0.048790164169432,0.0953101798043249,0.048790164169432,0.182321556793955,0.300104592450338,0.0848076772160214,0.0858058598052504,-0.171987917417237,TRUE,0.554168416391175,1.00129400946128,-0.209720527008512,FALSE,0.339025710832711,1.00099433055956,-0.137853608410564,TRUE,0.532553486334636,1.00126161511308,-0.243342878281247,TRUE,0.56971038567305,1.00111521374338
309,"rand=1-1_rate=1.5_ROB=LH_Bias=NRE strong","1-1",1.5,"LH","NRE strong",0,0.048790164169432,0.0953101798043249,0.048790164169432,0.182321556793955,0.300104592450338,0.109537539777748,0.111416743198781,0.104056010416333,TRUE,0.744005270349519,1.00103094104404,-0.0279692387622643,TRUE,0.547076540352054,1.00113580355705,0.231504693296717,TRUE,0.507795206773716,1.00108806946956,-0.415346634297759,TRUE,1.06379061641041,1.00099010683153
310,"rand=1-1_rate=1.5_ROB=LH_Bias=NRE strong","1-1",1.5,"LH","NRE strong",0,0.048790164169432,0.0953101798043249,0.048790164169432,0.182321556793955,0.300104592450338,0.07862047774343,0.0823308072373339,-0.106150578194718,TRUE,0.519056186015157,1.0010160351606,-0.230169248346405,FALSE,0.376321021489149,1.00102763620922,-0.0443037182640644,TRUE,0.493489071309167,1.00131931656251,-0.342772744758457,FALSE,0.643489031284096,1.00100171061623
311,"rand=1-1_rate=1.5_ROB=LH_Bias=NRE strong","1-1",1.5,"LH","NRE strong",0,0.048790164169432,0.0953101798043249,0.048790164169432,0.182321556793955,0.300104592450338,0.103394932422177,0.105133329243036,-0.0927649139895972,TRUE,0.685066434614024,1.00098674914163,-0.134297384111502,TRUE,0.489738205373988,1.00102345523665,-0.173000137855614,TRUE,0.940373127970506,1.00101424565843,-0.111521817276042,TRUE,0.648986697618514,1.00099678840551
312,"rand=1-1_rate=1.5_ROB=LH_Bias=NRE strong","1-1",1.5,"LH","NRE strong",0,0.048790164169432,0.0953101798043249,0.048790164169432,0.182321556793955,0.300104592450338,0.0827012594642258,0.0840845220467206,-0.00963231320364266,TRUE,0.46751953895003,1.0012429884927,-0.117797464076579,TRUE,0.342478718284401,1.00100533857722,-0.0894698592641616,TRUE,0.478159925965935,1.00098643372054,-0.134419674859837,TRUE,0.661758615012667,1.00099653585769
313,"rand=1-1_rate=1.5_ROB=LH_Bias=NRE strong","1-1",1.5,"LH","NRE strong",0,0.048790164169432,0.0953101798043249,0.048790164169432,0.182321556793955,0.300104592450338,0.0816654920579695,0.0830550188068513,-0.0430620558840398,TRUE,0.6361573602944,1.00100717356173,-0.119074160291657,TRUE,0.448249357243844,1.00099391825488,0.0161630202558886,TRUE,0.561731761062756,1.00106463078746,-0.251328789568113,TRUE,0.826569575371879,1.00098615664778
314,"rand=1-1_rate=1.5_ROB=LH_Bias=NRE strong","1-1",1.5,"LH","NRE strong",0,0.048790164169432,0.0953101798043249,0.048790164169432,0.182321556793955,0.300104592450338,0.0861295458921571,0.0870154998292365,0.000702564005935047,TRUE,0.504014458170791,1.00167013778324,-0.0951961759488682,TRUE,0.363127473070349,1.00099032737009,0.0884166613118802,TRUE,0.416640031887735,1.00102203029263,-0.228863028134315,TRUE,0.671772516910605,1.00099481694809
315,"rand=1-1_rate=1.5_ROB=LH_Bias=NRE strong","1-1",1.5,"LH","NRE strong",0,0.048790164169432,0.0953101798043249,0.048790164169432,0.182321556793955,0.300104592450338,0.0897730155885009,0.0905059273902604,-0.0137604577689623,TRUE,0.594537962030867,1.00100288104205,-0.160810821463389,TRUE,0.502097872533194,1.00099759615066,-0.108412741242609,TRUE,0.598096452449862,1.00109739812879,-0.209111178060474,TRUE,1.10275670247618,1.00104969796086
316,"rand=1-1_rate=1.5_ROB=LH_Bias=NRE strong","1-1",1.5,"LH","NRE strong",0,0.048790164169432,0.0953101798043249,0.048790164169432,0.182321556793955,0.300104592450338,0.0831768167814197,0.0880926378054651,0.0439693621126297,TRUE,0.556795878988695,1.00107333680499,-0.0647561064756521,TRUE,0.44678238816055,1.00100870196103,-0.0537412621997171,TRUE,0.641296959293704,1.00124257139309,-0.0750789826161886,TRUE,0.830834514617509,1.00099556488647
317,"rand=1-1_rate=1.5_ROB=LH_Bias=NRE strong","1-1",1.5,"LH","NRE strong",0,0.048790164169432,0.0953101798043249,0.048790164169432,0.182321556793955,0.300104592450338,0.0941023406944827,0.0949279250575704,-0.0852144242089337,TRUE,0.470961573370762,1.00104278550503,-0.215729127310673,FALSE,0.416512312088471,1.0009942394327,-0.0617358904470775,TRUE,0.544281930045362,1.00100545975952,-0.324154874912538,FALSE,0.747341399015162,1.00098900049055
318,"rand=1-1_rate=1.5_ROB=LH_Bias=NRE strong","1-1",1.5,"LH","NRE strong",0,0.048790164169432,0.0953101798043249,0.048790164169432,0.182321556793955,0.300104592450338,0.0943171695896922,0.0973965224071989,-0.024707870624354,TRUE,0.572388412228627,1.00100625223438,-0.0916101079971461,TRUE,0.437233786734071,1.00099070255268,0.0510750035793545,TRUE,0.542367145342787,1.00111364663608,-0.223605857633007,TRUE,0.815228963713241,1.0010053587327
319,"rand=1-1_rate=1.5_ROB=LH_Bias=NRE strong","1-1",1.5,"LH","NRE strong",0,0.048790164169432,0.0953101798043249,0.048790164169432,0.182321556793955,0.300104592450338,0.0831276856518345,0.0848214893146751,-0.218727591458248,TRUE,0.591547874595784,1.00105999324916,-0.22797483289313,FALSE,0.357698001131257,1.00113462862744,-0.00691793908104543,TRUE,0.522418222607589,1.00098680360162,-0.348234232860739,FALSE,0.435259033144932,1.0009910746195
320,"rand=1-1_rate=1.5_ROB=LH_Bias=NRE strong","1-1",1.5,"LH","NRE strong",0,0.048790164169432,0.0953101798043249,0.048790164169432,0.182321556793955,0.300104592450338,0.0823604051914841,0.0838533412245996,-0.320287213563228,TRUE,0.931851137210675,1.00099527013004,-0.158427357114588,TRUE,0.579837853442187,1.00106521579903,-0.129468723815146,TRUE,0.764996933790954,1.00104365798117,-0.195102206531471,TRUE,1.22258625193831,1.00101057496023
321,"rand=1-1_rate=1.5_ROB=LH_Bias=NRE strong","1-1",1.5,"LH","NRE strong",0,0.048790164169432,0.0953101798043249,0.048790164169432,0.182321556793955,0.300104592450338,0.0806773401804942,0.0841832431568518,-0.186199289065993,TRUE,0.680650931430901,1.00098905681484,-0.23469239092089,TRUE,0.538187709707995,1.00098905038994,-0.223457891093185,TRUE,0.563019179443562,1.00202958443326,-0.262731956071517,TRUE,1.37277980086889,1.00098625440828
322,"rand=1-1_rate=1.5_ROB=LH_Bias=NRE strong","1-1",1.5,"LH","NRE strong",0,0.048790164169432,0.0953101798043249,0.048790164169432,0.182321556793955,0.300104592450338,0.0972620582472051,0.0979395401855833,-0.0121680885068656,TRUE,0.564875539858976,1.00098609107465,-0.127777375080095,TRUE,0.413778038279175,1.00098900446529,0.145952933870295,TRUE,0.405733711969358,1.00100704166561,-0.362713173098687,FALSE,0.665402995683894,1.00101665646701
323,"rand=1-1_rate=1.5_ROB=LH_Bias=NRE strong","1-1",1.5,"LH","NRE strong",0,0.048790164169432,0.0953101798043249,0.048790164169432,0.182321556793955,0.300104592450338,0.0948699249687402,0.0986052456152078,-0.00606417515070712,TRUE,0.514519186341565,1.00098654566022,-0.109796594854603,TRUE,0.395009093740727,1.00098832170387,-0.0175831014030221,TRUE,0.457749140203203,1.00098643084996,-0.173558879083901,TRUE,0.85490800615698,1.00099562951411
324,"rand=1-1_rate=1.5_ROB=LH_Bias=NRE strong","1-1",1.5,"LH","NRE strong",0,0.048790164169432,0.0953101798043249,0.048790164169432,0.182321556793955,0.300104592450338,0.113199124747503,0.113759164204361,-0.0482647019229661,TRUE,0.609771242271846,1.00098625506352,-0.149316293909824,TRUE,0.496560308635565,1.00101213555668,-0.0639054916970407,TRUE,0.70964757703188,1.00103825125671,-0.245270398483528,TRUE,0.915419914672017,1.00109199416273
325,"rand=1-1_rate=1.5_ROB=LH_Bias=NRE strong","1-1",1.5,"LH","NRE strong",0,0.048790164169432,0.0953101798043249,0.048790164169432,0.182321556793955,0.300104592450338,0.102129946932308,0.104682663918734,-0.127493329874099,TRUE,0.530454971030821,1.00100556821302,-0.201548852562485,FALSE,0.306189631965549,1.00101059016026,-0.173586753638092,TRUE,0.677527765156303,1.00147429623915,-0.219486083617424,FALSE,0.396380841069893,1.00103028186251
326,"rand=1-1_rate=1.5_ROB=LH_Bias=NRE strong","1-1",1.5,"LH","NRE strong",0,0.048790164169432,0.0953101798043249,0.048790164169432,0.182321556793955,0.300104592450338,0.0871485267533049,0.0877989025902057,0.067899447689282,TRUE,0.48624886988591,1.00101485256527,-0.0377775243089897,TRUE,0.342302473323665,1.0010045425309,-0.124543055682679,TRUE,0.610070125171697,1.00099730600925,0.00729457629072594,TRUE,0.516018922599497,1.00106243470583
327,"rand=1-1_rate=1.5_ROB=LH_Bias=NRE strong","1-1",1.5,"LH","NRE strong",0,0.048790164169432,0.0953101798043249,0.048790164169432,0.182321556793955,0.300104592450338,0.0888015249393478,0.0902451930885538,-0.0549345820867484,TRUE,0.699344481400911,1.00106740976378,-0.135044536151759,TRUE,0.53322475752569,1.00098629386143,-0.0985061801478435,TRUE,0.718819716258899,1.00100707802394,-0.177789194726526,TRUE,1.08665899390782,1.00098600825303
328,"rand=1-1_rate=1.5_ROB=LH_Bias=NRE strong","1-1",1.5,"LH","NRE strong",0,0.048790164169432,0.0953101798043249,0.048790164169432,0.182321556793955,0.300104592450338,0.0755724744012233,0.0778624546119779,-0.239646711711315,TRUE,0.732539259872803,1.00133690685397,-0.263916293407891,FALSE,0.525513506453256,1.00098877974569,-0.1661717629079,TRUE,0.594911296163463,1.00099063321822,-0.369469614096908,TRUE,1.17641028223515,1.00098609848871
329,"rand=1-1_rate=1.5_ROB=LH_Bias=NRE strong","1-1",1.5,"LH","NRE strong",0,0.048790164169432,0.0953101798043249,0.048790164169432,0.182321556793955,0.300104592450338,0.0950828707926875,0.0957830099068391,-0.00100196436994615,TRUE,0.558419955164152,1.00108188729324,-0.0457237158346111,TRUE,0.379835869905916,1.00098602023244,0.0980710817992732,TRUE,0.449654124204778,1.00182811534979,-0.149967354897154,TRUE,0.725949942299161,1.00098976344509
330,"rand=1-1_rate=1.5_ROB=LH_Bias=NRE strong","1-1",1.5,"LH","NRE strong",0,0.048790164169432,0.0953101798043249,0.048790164169432,0.182321556793955,0.300104592450338,0.0914428460966207,0.0923565637151499,0.000385895985149043,TRUE,0.635110974398748,1.00098985838464,-0.0461835521193197,TRUE,0.464617192179575,1.00099903008728,-0.07816927256114,TRUE,0.649527135119562,1.0010445932118,-0.0125662093331391,TRUE,0.884646367553163,1.0010227788771
331,"rand=1-1_rate=1.5_ROB=LH_Bias=NRE strong","1-1",1.5,"LH","NRE strong",0,0.048790164169432,0.0953101798043249,0.048790164169432,0.182321556793955,0.300104592450338,0.0881761054842515,0.0900696107359157,-0.0569141117435008,TRUE,0.565749264931671,1.001021491815,-0.211593515023482,FALSE,0.468852483761281,1.00098674591861,-0.227217809321597,TRUE,0.626344813243491,1.00101980163478,-0.196914062677875,TRUE,0.918413570251649,1.00099396884159
332,"rand=1-1_rate=1.5_ROB=LH_Bias=NRE strong","1-1",1.5,"LH","NRE strong",0,0.048790164169432,0.0953101798043249,0.048790164169432,0.182321556793955,0.300104592450338,0.0757355823819756,0.0824158837234749,-0.0414882076690484,TRUE,0.553777238430713,1.00100365468688,-0.0966633602064635,TRUE,0.403022020146667,1.00098675949398,-0.0512557365916926,TRUE,0.525195752762918,1.00102753408864,-0.132198181808755,TRUE,0.800957400157407,1.001002049959
333,"rand=1-1_rate=1.5_ROB=LH_Bias=NRE strong","1-1",1.5,"LH","NRE strong",0,0.048790164169432,0.0953101798043249,0.048790164169432,0.182321556793955,0.300104592450338,0.0858710371983221,0.0867523890031221,0.0751102906879756,TRUE,0.492947856028268,1.000993028028,-0.00503654447765833,TRUE,0.373681226338983,1.00107574115322,0.101771511078917,TRUE,0.412726278363191,1.00121361701014,-0.0974955221778442,TRUE,0.815918646323704,1.00104729252408
334,"rand=1-1_rate=1.5_ROB=LH_Bias=NRE strong","1-1",1.5,"LH","NRE strong",0,0.048790164169432,0.0953101798043249,0.048790164169432,0.182321556793955,0.300104592450338,0.075667772880424,0.0770107745290442,0.0316070167691818,TRUE,0.449067463817413,1.00098601352006,-0.0650063213015861,TRUE,0.405786105049084,1.00099683819562,0.0753113261595549,TRUE,0.500505798892218,1.00120912770118,-0.200708359975305,TRUE,0.763288535106178,1.0009909205428
335,"rand=1-1_rate=1.5_ROB=LH_Bias=NRE strong","1-1",1.5,"LH","NRE strong",0,0.048790164169432,0.0953101798043249,0.048790164169432,0.182321556793955,0.300104592450338,0.0916570984354048,0.0932872872281696,0.013839186611,TRUE,0.584509465675413,1.00103788155197,-0.111693512544946,TRUE,0.565917944080048,1.00102387990572,0.0225722364202574,TRUE,0.518576288706569,1.001318849273,-0.309627219629995,TRUE,1.60485257881819,1.00100446149235
336,"rand=1-1_rate=1.5_ROB=LH_Bias=NRE strong","1-1",1.5,"LH","NRE strong",0,0.048790164169432,0.0953101798043249,0.048790164169432,0.182321556793955,0.300104592450338,0.105583758592507,0.105940089213752,0.0517707682455912,TRUE,0.467905204792451,1.0012344515992,-0.0683842008190074,TRUE,0.379311073011084,1.00099256747089,0.0150065379524243,TRUE,0.476959484776858,1.00101106958925,-0.129485506383422,TRUE,0.746162664185544,1.00098822192153
337,"rand=1-1_rate=1.5_ROB=LH_Bias=NRE strong","1-1",1.5,"LH","NRE strong",0,0.048790164169432,0.0953101798043249,0.048790164169432,0.182321556793955,0.300104592450338,0.09822537960112,0.100658815030957,-0.0125167513934021,TRUE,0.549413132560692,1.00108526848305,-0.107238942836177,TRUE,0.419646714643841,1.00106849671086,-0.00989787913617191,TRUE,0.558801590146083,1.00147031164566,-0.193727973980184,TRUE,0.7785856441021,1.00099815802236
338,"rand=1-1_rate=1.5_ROB=LH_Bias=NRE strong","1-1",1.5,"LH","NRE strong",0,0.048790164169432,0.0953101798043249,0.048790164169432,0.182321556793955,0.300104592450338,0.0871118763658762,0.0887846332212422,-0.306889400649624,TRUE,0.823729122626868,1.00101527862443,-0.355935709275331,FALSE,0.669921596537878,1.00098670772782,-0.537686319107286,FALSE,0.753953183416818,1.00103809707018,-0.120756551908676,TRUE,1.30914974230412,1.00098716726251
339,"rand=1-1_rate=1.5_ROB=LH_Bias=NRE strong","1-1",1.5,"LH","NRE strong",0,0.048790164169432,0.0953101798043249,0.048790164169432,0.182321556793955,0.300104592450338,0.0772054643505618,0.0782038822634987,0.127366091625222,TRUE,0.407815304219763,1.00103790008646,-0.0648700693914752,TRUE,0.42073020526388,1.00099725211381,0.00709226833693977,TRUE,0.68322023608402,1.00106334882441,-0.12266259207467,TRUE,0.649761717703575,1.00098998354587
340,"rand=1-1_rate=1.5_ROB=LH_Bias=NRE strong","1-1",1.5,"LH","NRE strong",0,0.048790164169432,0.0953101798043249,0.048790164169432,0.182321556793955,0.300104592450338,0.0835845754363116,0.0855103036662381,-0.0682598724081054,TRUE,0.660151083563609,1.00101825700772,-0.18169573703834,TRUE,0.511454066771881,1.00099214754848,-0.0985239695526052,TRUE,0.602894762011821,1.00100965860641,-0.268273752902172,TRUE,1.1530607564498,1.00099606182696
341,"rand=1-1_rate=1.5_ROB=LH_Bias=NRE strong","1-1",1.5,"LH","NRE strong",0,0.048790164169432,0.0953101798043249,0.048790164169432,0.182321556793955,0.300104592450338,0.0960628851646136,0.0970599512868044,0.107049349190633,TRUE,0.520904031161581,1.0010353931891,-0.0296282155913039,TRUE,0.436089676064591,1.00098805062088,0.182603940030761,TRUE,0.446261400990446,1.00104107882905,-0.263047916739015,TRUE,0.833877459007414,1.00104656220681
342,"rand=1-1_rate=1.5_ROB=LH_Bias=NRE strong","1-1",1.5,"LH","NRE strong",0,0.048790164169432,0.0953101798043249,0.048790164169432,0.182321556793955,0.300104592450338,0.0810172317708119,0.0822582722108003,-0.225135430007338,TRUE,0.656368708799027,1.00222106492271,-0.218680625617739,FALSE,0.418920135038098,1.00098644276745,-0.172369378634475,TRUE,0.585803120979736,1.00107058571716,-0.256789234694819,TRUE,0.781962714090686,1.00100131343703
343,"rand=1-1_rate=1.5_ROB=LH_Bias=NRE strong","1-1",1.5,"LH","NRE strong",0,0.048790164169432,0.0953101798043249,0.048790164169432,0.182321556793955,0.300104592450338,0.0969069014412102,0.102285864791425,-0.0148509746424395,TRUE,0.505381396570261,1.00192968935047,-0.138749522753963,TRUE,0.406914723496126,1.00098599873803,-0.0895589089047222,TRUE,0.512984167116568,1.00099115811609,-0.175790900128827,TRUE,0.831894618653014,1.00102679689899
344,"rand=1-1_rate=1.5_ROB=LH_Bias=NRE strong","1-1",1.5,"LH","NRE strong",0,0.048790164169432,0.0953101798043249,0.048790164169432,0.182321556793955,0.300104592450338,0.0755362826259102,0.08137804979708,0.0927068952498756,TRUE,0.523899980850393,1.0010528793125,0.0359219447269723,TRUE,0.365585955536925,1.00099076444711,0.00273006301358936,TRUE,0.52596987722296,1.00149914024959,0.0643005831894422,TRUE,0.6564423525396,1.00098668059009
345,"rand=1-1_rate=1.5_ROB=LH_Bias=NRE strong","1-1",1.5,"LH","NRE strong",0,0.048790164169432,0.0953101798043249,0.048790164169432,0.182321556793955,0.300104592450338,0.0950429619808015,0.0971880278021628,-0.187580359139105,TRUE,0.692122204041484,1.00131750268651,-0.122210993221499,TRUE,0.426658974597896,1.00102593302378,-0.279175832806231,FALSE,0.594489871110794,1.00146707202593,-0.0104924603904266,TRUE,0.75455641441685,1.00099165160382
346,"rand=1-1_rate=1.5_ROB=LH_Bias=NRE strong","1-1",1.5,"LH","NRE strong",0,0.048790164169432,0.0953101798043249,0.048790164169432,0.182321556793955,0.300104592450338,0.0937900013743711,0.096641990700165,-0.172198112747957,TRUE,0.629718960134623,1.00098715545806,-0.246879029307326,FALSE,0.450549902859699,1.00099663591314,-0.245026481603016,TRUE,0.70286756658073,1.00101439960051,-0.248458036743717,TRUE,0.733094892409165,1.00100883084339
347,"rand=1-1_rate=1.5_ROB=LH_Bias=NRE strong","1-1",1.5,"LH","NRE strong",0,0.048790164169432,0.0953101798043249,0.048790164169432,0.182321556793955,0.300104592450338,0.0899405004349572,0.092282078909393,-0.17789772447969,TRUE,0.56436108921326,1.00108871124161,-0.263663169227949,FALSE,0.387035930823941,1.00099001404337,-0.19533892079191,TRUE,0.540642088476602,1.00132765349923,-0.309038986515332,TRUE,0.731138725875362,1.00099711972569
348,"rand=1-1_rate=1.5_ROB=LH_Bias=NRE strong","1-1",1.5,"LH","NRE strong",0,0.048790164169432,0.0953101798043249,0.048790164169432,0.182321556793955,0.300104592450338,0.0976695299257088,0.0988084704159826,-0.0242190328092062,TRUE,0.426583821707903,1.00098774544625,-0.187285766935243,FALSE,0.385658683253658,1.00099158929082,-0.0857529880837895,TRUE,0.561531423537649,1.00099340562907,-0.252045398803936,TRUE,0.649341843385034,1.00098742990147
349,"rand=1-1_rate=1.5_ROB=LH_Bias=NRE strong","1-1",1.5,"LH","NRE strong",0,0.048790164169432,0.0953101798043249,0.048790164169432,0.182321556793955,0.300104592450338,0.0921639497876445,0.0931545626320925,0.122031838280866,TRUE,0.687593829347148,1.00171631263802,-0.242909119669493,TRUE,0.628418555568593,1.00098804108832,-0.00244145921255901,TRUE,0.699223374218078,1.00099507435705,-0.56267160838249,FALSE,1.22030324365823,1.00098629238206
350,"rand=1-1_rate=1.5_ROB=LH_Bias=NRE strong","1-1",1.5,"LH","NRE strong",0,0.048790164169432,0.0953101798043249,0.048790164169432,0.182321556793955,0.300104592450338,0.0894965564603937,0.0908766628179523,-0.015745351904535,TRUE,0.589824228818654,1.00113252293508,-0.152835022421296,TRUE,0.487684176743163,1.00101945936692,-0.253644730101113,TRUE,0.837180785757663,1.00102461053285,-0.0658082466830705,TRUE,0.725801022846528,1.00098711139918
351,"rand=1-1_rate=1.5_ROB=LH_Bias=NRE strong","1-1",1.5,"LH","NRE strong",0,0.048790164169432,0.0953101798043249,0.048790164169432,0.182321556793955,0.300104592450338,0.0949425058634145,0.0954970478121285,-0.0856601152767957,TRUE,0.582451983800435,1.00099587582115,-0.183979963272754,TRUE,0.486127475152419,1.00098673424358,0.0961285766790805,TRUE,0.432581107354205,1.00102344432893,-0.513027077977442,FALSE,0.927695773848028,1.00101035410138
352,"rand=1-1_rate=1.5_ROB=LH_Bias=NRE strong","1-1",1.5,"LH","NRE strong",0,0.048790164169432,0.0953101798043249,0.048790164169432,0.182321556793955,0.300104592450338,0.0899972769345572,0.0911967075174938,-0.226636225586254,TRUE,0.59305495238433,1.00103010384935,-0.198810672715802,FALSE,0.350359149413831,1.00098891712806,-0.230983972908417,TRUE,0.571262789801559,1.00132648170613,-0.179247702060662,TRUE,0.620780873231372,1.00099053119004
353,"rand=1-1_rate=1.5_ROB=LH_Bias=NRE strong","1-1",1.5,"LH","NRE strong",0,0.048790164169432,0.0953101798043249,0.048790164169432,0.182321556793955,0.300104592450338,0.0801082228003488,0.0818479481146619,0.033720951409521,TRUE,0.501168457725808,1.00104410584931,0.0143661629394422,TRUE,0.325902503938066,1.00100536602559,0.00360753673604919,TRUE,0.470430264847984,1.00109976960845,0.0268793443256767,TRUE,0.581476398846894,1.00098971329336
354,"rand=1-1_rate=1.5_ROB=LH_Bias=NRE strong","1-1",1.5,"LH","NRE strong",0,0.048790164169432,0.0953101798043249,0.048790164169432,0.182321556793955,0.300104592450338,0.0966347823565476,0.0984183880868777,0.0167788177730517,TRUE,0.587306604410305,1.00100487912739,-0.0658780123337221,TRUE,0.467829734669988,1.00099125781295,0.0767441361914176,TRUE,0.54473424784204,1.00104211244705,-0.233172330784901,TRUE,0.953845143290383,1.00098876579143
355,"rand=1-1_rate=1.5_ROB=LH_Bias=NRE strong","1-1",1.5,"LH","NRE strong",0,0.048790164169432,0.0953101798043249,0.048790164169432,0.182321556793955,0.300104592450338,0.0910611567440663,0.093920043208714,0.0291958204270988,TRUE,0.506259511890914,1.0009860484849,0.041535064998157,TRUE,0.305842785145533,1.00099370073899,0.0927963244847746,TRUE,0.549170176772044,1.00107930222223,0.0134156376922422,TRUE,0.432923814244391,1.00108960066745
356,"rand=1-1_rate=1.5_ROB=LH_Bias=NRE strong","1-1",1.5,"LH","NRE strong",0,0.048790164169432,0.0953101798043249,0.048790164169432,0.182321556793955,0.300104592450338,0.0991326952016852,0.100166402123578,-0.0407119068206256,TRUE,0.52883192644237,1.00103048342932,-0.201302530332025,FALSE,0.401926593866312,1.00099005026695,-0.165814094267209,TRUE,0.717850281495016,1.00107583111468,-0.226938973270661,TRUE,0.594368847860085,1.00107145700578
357,"rand=1-1_rate=1.5_ROB=LH_Bias=NRE strong","1-1",1.5,"LH","NRE strong",0,0.048790164169432,0.0953101798043249,0.048790164169432,0.182321556793955,0.300104592450338,0.0906596116125107,0.0917299951653026,-0.0635243113591546,TRUE,0.598357590015895,1.00106727121135,-0.173674636732489,TRUE,0.481521151286813,1.00105144072207,-0.190697655359686,TRUE,0.565354573331325,1.0011967422095,-0.16359260493697,TRUE,1.08466455337607,1.00098613778218
358,"rand=1-1_rate=1.5_ROB=LH_Bias=NRE strong","1-1",1.5,"LH","NRE strong",0,0.048790164169432,0.0953101798043249,0.048790164169432,0.182321556793955,0.300104592450338,0.0994517371860171,0.100211343974674,-0.136514851707642,TRUE,0.495984918182523,1.00102464698534,-0.315034100663413,FALSE,0.415096756219202,1.00099821806016,-0.168783519338092,TRUE,0.579562146492459,1.00111623858457,-0.407335316839974,FALSE,0.727983264194533,1.00099769620245
359,"rand=1-1_rate=1.5_ROB=LH_Bias=NRE strong","1-1",1.5,"LH","NRE strong",0,0.048790164169432,0.0953101798043249,0.048790164169432,0.182321556793955,0.300104592450338,0.0819084841588563,0.0824174013196445,0.149265738002943,TRUE,0.418673310507813,1.00127704665605,0.0376658567633835,TRUE,0.333310388231966,1.0009882770833,0.181412969717116,TRUE,0.37387678038822,1.00116744800265,-0.0828202347488898,TRUE,0.681648115201289,1.00102073535746
360,"rand=1-1_rate=1.5_ROB=LH_Bias=NRE strong","1-1",1.5,"LH","NRE strong",0,0.048790164169432,0.0953101798043249,0.048790164169432,0.182321556793955,0.300104592450338,0.0788469480099671,0.0815499479809734,-0.216395148817356,TRUE,0.56076579846789,1.00131255046649,-0.119825177705955,TRUE,0.36364068771077,1.00098642856414,-0.204291711466343,TRUE,0.672747822684678,1.00114362198624,-0.0762502567887742,TRUE,0.519565580979508,1.0010350629812
361,"rand=1-1_rate=1.5_ROB=LH_Bias=NRE strong","1-1",1.5,"LH","NRE strong",0,0.048790164169432,0.0953101798043249,0.048790164169432,0.182321556793955,0.300104592450338,0.0927008229386481,0.0954108900079569,-0.0475285985675076,TRUE,0.555312303966199,1.00100660545548,-0.196168972937327,TRUE,0.481871269534047,1.00098745763181,-0.0202235730789477,TRUE,0.531014562861599,1.00104881159612,-0.350024254467475,TRUE,0.974616647518571,1.0009860827061
362,"rand=1-1_rate=1.5_ROB=LH_Bias=NRE strong","1-1",1.5,"LH","NRE strong",0,0.048790164169432,0.0953101798043249,0.048790164169432,0.182321556793955,0.300104592450338,0.105652019901421,0.107126515710287,0.0617504272369392,TRUE,0.529751362377257,1.00116519782127,-0.0243713984898062,TRUE,0.456276271148876,1.00099902383149,0.124713613859577,TRUE,0.446445416106847,1.00114538376275,-0.205300808909917,TRUE,1.13340625039199,1.0009869190327
363,"rand=1-1_rate=1.5_ROB=LH_Bias=NRE strong","1-1",1.5,"LH","NRE strong",0,0.048790164169432,0.0953101798043249,0.048790164169432,0.182321556793955,0.300104592450338,0.0921117542498085,0.0934592931871161,0.0711096984077761,TRUE,0.453260054927114,1.00108207328526,-0.0973086718161127,TRUE,0.395701480831444,1.00098605936552,0.00936643726293251,TRUE,0.479362883920611,1.00176276577806,-0.18999684798715,TRUE,0.82079174772235,1.00100319994456
364,"rand=1-1_rate=1.5_ROB=LH_Bias=NRE strong","1-1",1.5,"LH","NRE strong",0,0.048790164169432,0.0953101798043249,0.048790164169432,0.182321556793955,0.300104592450338,0.0890470944750991,0.0902916276474622,-0.0219772400918128,TRUE,0.515324640923353,1.00101913553139,-0.0772610169347219,TRUE,0.366920071309437,1.00102346700969,0.0868958036645563,TRUE,0.427988480394516,1.0009945651079,-0.208960133653001,TRUE,0.685657215971032,1.00100649853248
365,"rand=1-1_rate=1.5_ROB=LH_Bias=NRE strong","1-1",1.5,"LH","NRE strong",0,0.048790164169432,0.0953101798043249,0.048790164169432,0.182321556793955,0.300104592450338,0.0842569229011275,0.085847579566681,-0.0892653396845617,TRUE,0.569764734310071,1.00125708830251,-0.12713622011756,TRUE,0.364493695319897,1.00099203033782,-0.298622630447349,FALSE,0.610155226759444,1.00098620966977,-0.0258164273649897,TRUE,0.508059277195587,1.00098883567407
366,"rand=1-1_rate=1.5_ROB=LH_Bias=NRE strong","1-1",1.5,"LH","NRE strong",0,0.048790164169432,0.0953101798043249,0.048790164169432,0.182321556793955,0.300104592450338,0.0906531911250266,0.0923083528893831,-0.0487827330787649,TRUE,0.528590978778825,1.00110212842931,-0.138383069662998,TRUE,0.440995052612305,1.00103359612111,0.00837447970530769,TRUE,0.589447954604086,1.00098645966793,-0.268393243810227,TRUE,0.75755374662169,1.00099550692066
367,"rand=1-1_rate=1.5_ROB=LH_Bias=NRE strong","1-1",1.5,"LH","NRE strong",0,0.048790164169432,0.0953101798043249,0.048790164169432,0.182321556793955,0.300104592450338,0.079190801429402,0.0813103914785066,-0.288842961903413,TRUE,0.750417685632132,1.00101533887145,-0.318199158304195,FALSE,0.555212714693956,1.00099355245311,-0.35097479120991,FALSE,0.661998348747777,1.00100679328777,-0.28785948704695,TRUE,1.17542949714168,1.00102138763148
368,"rand=1-1_rate=1.5_ROB=LH_Bias=NRE strong","1-1",1.5,"LH","NRE strong",0,0.048790164169432,0.0953101798043249,0.048790164169432,0.182321556793955,0.300104592450338,0.077514398359289,0.0779380878893638,-0.0170973630323561,TRUE,0.505821289387504,1.00108504524036,-0.0725706148660963,TRUE,0.340889625341674,1.00098936545935,0.0090014163659714,TRUE,0.441910937022907,1.00228107899167,-0.128857660582246,TRUE,0.648018318415265,1.00098614742944
369,"rand=1-1_rate=1.5_ROB=LH_Bias=NRE strong","1-1",1.5,"LH","NRE strong",0,0.048790164169432,0.0953101798043249,0.048790164169432,0.182321556793955,0.300104592450338,0.092876280886775,0.0937379717339358,0.10841827451315,TRUE,0.486680723093792,1.00100758803376,-0.0290465833764291,TRUE,0.446050272750646,1.00098599661962,0.126081654650826,TRUE,0.433561774836483,1.00102585995595,-0.224296494408057,TRUE,1.03662777081081,1.00099521493326
370,"rand=1-1_rate=1.5_ROB=LH_Bias=NRE strong","1-1",1.5,"LH","NRE strong",0,0.048790164169432,0.0953101798043249,0.048790164169432,0.182321556793955,0.300104592450338,0.0907015617092674,0.0923734536051929,0.0567625523053752,TRUE,0.57214499516799,1.0010452464234,0.0287446441746028,TRUE,0.416700417880663,1.00099299768438,0.0308294942449122,TRUE,0.514780973822993,1.0011740690961,0.0248643484654983,TRUE,0.895508560318857,1.00100839262396
371,"rand=1-1_rate=1.5_ROB=LH_Bias=NRE strong","1-1",1.5,"LH","NRE strong",0,0.048790164169432,0.0953101798043249,0.048790164169432,0.182321556793955,0.300104592450338,0.0927409314886734,0.0931230840130869,-0.0905277664372248,TRUE,0.494205294712347,1.0009864446037,-0.12912211502393,TRUE,0.305123985931028,1.00117884546099,-0.216340134010458,TRUE,0.578227262894856,1.00099175981393,-0.0918943082013437,TRUE,0.44509791857322,1.00099207287514
372,"rand=1-1_rate=1.5_ROB=LH_Bias=NRE strong","1-1",1.5,"LH","NRE strong",0,0.048790164169432,0.0953101798043249,0.048790164169432,0.182321556793955,0.300104592450338,0.0841905805353199,0.0860504876352953,-0.110832403505879,TRUE,0.611522890016454,1.00104238950527,-0.178122361306996,TRUE,0.432246339856279,1.0010465032945,-0.0626136970869087,TRUE,0.713752609238207,1.00099589314023,-0.253895690123696,TRUE,0.603074135510466,1.00114687801746
373,"rand=1-1_rate=1.5_ROB=LH_Bias=NRE strong","1-1",1.5,"LH","NRE strong",0,0.048790164169432,0.0953101798043249,0.048790164169432,0.182321556793955,0.300104592450338,0.0846516929697046,0.0863650300104111,-0.264802620043898,FALSE,0.556394518209199,1.00102292332767,-0.315198751015557,FALSE,0.330759458295689,1.0010064711837,-0.271165839720826,TRUE,0.609506882216045,1.00099166291145,-0.331056856914153,FALSE,0.496745659499359,1.00099481455172
374,"rand=1-1_rate=1.5_ROB=LH_Bias=NRE strong","1-1",1.5,"LH","NRE strong",0,0.048790164169432,0.0953101798043249,0.048790164169432,0.182321556793955,0.300104592450338,0.100435788520349,0.101508324964326,-0.205191794790802,TRUE,0.636130622643445,1.00098720496524,-0.252951889304401,FALSE,0.484693198538401,1.0010269540078,0.0111174576819235,TRUE,0.522832448490022,1.00098725573682,-0.518488525132369,FALSE,0.776220050634995,1.00098631140041
375,"rand=1-1_rate=1.5_ROB=LH_Bias=NRE strong","1-1",1.5,"LH","NRE strong",0,0.048790164169432,0.0953101798043249,0.048790164169432,0.182321556793955,0.300104592450338,0.0880253696783,0.0916984047562707,-0.025313713511123,TRUE,0.628058493295858,1.00104264015425,-0.146611441254811,TRUE,0.472506836243232,1.00100518260591,0.00971657894116729,TRUE,0.502385019746518,1.00099397735439,-0.297018048845855,TRUE,1.00325041787262,1.00099019915311
376,"rand=1-1_rate=1.5_ROB=LH_Bias=NRE strong","1-1",1.5,"LH","NRE strong",0,0.048790164169432,0.0953101798043249,0.048790164169432,0.182321556793955,0.300104592450338,0.089963239416174,0.0914593892252255,-0.0448324096282771,TRUE,0.573946275241206,1.00101491292085,-0.13267084143627,TRUE,0.416561294592749,1.00098874206245,-0.0758680941880157,TRUE,0.578640893293523,1.00101640777491,-0.175411724223519,TRUE,0.755165103783504,1.00099096791026
377,"rand=1-1_rate=1.5_ROB=LH_Bias=NRE strong","1-1",1.5,"LH","NRE strong",0,0.048790164169432,0.0953101798043249,0.048790164169432,0.182321556793955,0.300104592450338,0.0855042546371747,0.0859611427608793,-0.0295438513933375,TRUE,0.568015984715816,1.00100351554508,-0.114290907550988,TRUE,0.477872170036645,1.00098602390352,-0.0594863914536805,TRUE,0.493080765000181,1.00183292027804,-0.182480621009956,TRUE,1.24419165334901,1.00098876316623
378,"rand=1-1_rate=1.5_ROB=LH_Bias=NRE strong","1-1",1.5,"LH","NRE strong",0,0.048790164169432,0.0953101798043249,0.048790164169432,0.182321556793955,0.300104592450338,0.0882417401977445,0.0882417401977445,-0.0566633342609857,TRUE,0.517324041006167,1.00103349258973,-0.0827148730743144,TRUE,0.348282135587402,1.00103736044894,0.182125496108263,TRUE,0.439247766825641,1.00101475152245,-0.237937728248405,FALSE,0.300829832208175,1.00102107300829
379,"rand=1-1_rate=1.5_ROB=LH_Bias=NRE strong","1-1",1.5,"LH","NRE strong",0,0.048790164169432,0.0953101798043249,0.048790164169432,0.182321556793955,0.300104592450338,0.0950942380941424,0.0966862888013358,-0.103700006347807,TRUE,0.453649730571476,1.00104608447279,-0.0707894791059336,TRUE,0.228164388349745,1.00194810154047,-0.164825291161726,TRUE,0.489320916717816,1.00177176107713,-0.0439280693893782,TRUE,0.318492788527052,1.00099511630458
380,"rand=1-1_rate=1.5_ROB=LH_Bias=NRE strong","1-1",1.5,"LH","NRE strong",0,0.048790164169432,0.0953101798043249,0.048790164169432,0.182321556793955,0.300104592450338,0.0845233534478763,0.0854443376493123,-0.0950867604469461,TRUE,0.546761390532915,1.000990778439,-0.197059175531305,TRUE,0.426943328555894,1.00099116307099,-0.0980871032526629,TRUE,0.676097659917485,1.00117710951145,-0.264223254339821,TRUE,0.662703844855924,1.00098599969273
381,"rand=1-1_rate=1.5_ROB=LH_Bias=NRE strong","1-1",1.5,"LH","NRE strong",0,0.048790164169432,0.0953101798043249,0.048790164169432,0.182321556793955,0.300104592450338,0.0908656578704873,0.0931824688629294,-0.0722540059401913,TRUE,0.584339021994423,1.00101130934536,-0.157839586118374,TRUE,0.45520874742642,1.00100522551549,-0.068930247125718,TRUE,0.508407625921724,1.00181286969745,-0.247685871978164,TRUE,1.05103014246449,1.0009905538275
382,"rand=1-1_rate=1.5_ROB=LH_Bias=NRE strong","1-1",1.5,"LH","NRE strong",0,0.048790164169432,0.0953101798043249,0.048790164169432,0.182321556793955,0.300104592450338,0.0869280936360645,0.0879272635133299,-0.0481800850748575,TRUE,0.556384689075575,1.00149637800848,-0.196739458548477,FALSE,0.436588547579682,1.00104042579674,-0.171059257870569,TRUE,0.746635938361369,1.0010263344925,-0.222351898938451,TRUE,0.685824062846855,1.00099029233323
383,"rand=1-1_rate=1.5_ROB=LH_Bias=NRE strong","1-1",1.5,"LH","NRE strong",0,0.048790164169432,0.0953101798043249,0.048790164169432,0.182321556793955,0.300104592450338,0.0828450476844416,0.083556712377598,-0.16676943614224,TRUE,0.664760315269264,1.00098605142266,-0.197181000171344,TRUE,0.490911413244441,1.0010018792776,-0.224381130676681,TRUE,0.555988688848245,1.00118505705387,-0.168857393617355,TRUE,1.13752280938325,1.00099889710636
384,"rand=1-1_rate=1.5_ROB=LH_Bias=NRE strong","1-1",1.5,"LH","NRE strong",0,0.048790164169432,0.0953101798043249,0.048790164169432,0.182321556793955,0.300104592450338,0.0841708489471292,0.0856375209343493,-0.185135538121071,TRUE,0.576632275181089,1.00107313242621,-0.307347947462363,FALSE,0.383598182390462,1.00100852545526,-0.156786356912447,TRUE,0.572014196621343,1.00211979497879,-0.387359692086389,FALSE,0.622906545540762,1.00100908632892
385,"rand=1-1_rate=1.5_ROB=LH_Bias=NRE strong","1-1",1.5,"LH","NRE strong",0,0.048790164169432,0.0953101798043249,0.048790164169432,0.182321556793955,0.300104592450338,0.0863301609228591,0.0884094630080078,-0.11399563769958,TRUE,0.687003735277389,1.00110476538261,-0.0790607563107071,TRUE,0.468071798739366,1.00108732368857,-0.052663182786725,TRUE,0.570957059898855,1.00106812587197,-0.118076916342666,TRUE,1.0003007992847,1.00101509667042
386,"rand=1-1_rate=1.5_ROB=LH_Bias=NRE strong","1-1",1.5,"LH","NRE strong",0,0.048790164169432,0.0953101798043249,0.048790164169432,0.182321556793955,0.300104592450338,0.0836103625402094,0.0853903050649323,0.0630612218203541,TRUE,0.486986230501813,1.00111786344724,-0.12921959281805,TRUE,0.433925494676907,1.00102314506239,0.0159665341191098,TRUE,0.599612791910001,1.00102760069995,-0.244974582077066,TRUE,0.726213473945004,1.00099209161147
387,"rand=1-1_rate=1.5_ROB=LH_Bias=NRE strong","1-1",1.5,"LH","NRE strong",0,0.048790164169432,0.0953101798043249,0.048790164169432,0.182321556793955,0.300104592450338,0.0851193136058062,0.089256586759931,-0.141907053564984,TRUE,0.550588023246761,1.00115111986792,-0.237326030684212,FALSE,0.416407646789179,1.00123081315044,-0.118254662964105,TRUE,0.575855709140011,1.00124501975294,-0.321811258813728,FALSE,0.716144880206699,1.0010477718745
388,"rand=1-1_rate=1.5_ROB=LH_Bias=NRE strong","1-1",1.5,"LH","NRE strong",0,0.048790164169432,0.0953101798043249,0.048790164169432,0.182321556793955,0.300104592450338,0.0719792112086431,0.0744705262436108,0.132993144759467,TRUE,0.462520631279541,1.00104964605577,-0.0534399997555537,TRUE,0.499633056923016,1.00098701003407,0.0275578911112199,TRUE,0.515584485375964,1.00104195404262,-0.157134665165834,TRUE,1.23169089777304,1.00099698905106
389,"rand=1-1_rate=1.5_ROB=LH_Bias=NRE strong","1-1",1.5,"LH","NRE strong",0,0.048790164169432,0.0953101798043249,0.048790164169432,0.182321556793955,0.300104592450338,0.10247436627955,0.105361556201654,0.0853228709769387,TRUE,0.458913580164654,1.00142087302491,-0.0348030181552206,TRUE,0.372239479319722,1.00100640374009,0.153868318772568,TRUE,0.4241309502964,1.0009863709604,-0.188503575842847,TRUE,0.656936731424228,1.00098628595211
390,"rand=1-1_rate=1.5_ROB=LH_Bias=NRE strong","1-1",1.5,"LH","NRE strong",0,0.048790164169432,0.0953101798043249,0.048790164169432,0.182321556793955,0.300104592450338,0.0718627581815742,0.0726642897189066,-0.0734924418860599,TRUE,0.583599818773386,1.00107229226444,-0.0132810849253548,TRUE,0.372913326941901,1.0009991417436,-0.120383734934207,TRUE,0.548052041218722,1.00099952581403,0.0645259432853107,TRUE,0.634989317905457,1.00106599215466
391,"rand=1-1_rate=1.5_ROB=LH_Bias=NRE strong","1-1",1.5,"LH","NRE strong",0,0.048790164169432,0.0953101798043249,0.048790164169432,0.182321556793955,0.300104592450338,0.0865425813253607,0.0874767561408644,0.0566523139742368,TRUE,0.542047066144761,1.00110263725444,-0.0643450444855964,TRUE,0.414004573094419,1.00099322895212,-0.0872994145074724,TRUE,0.551507756900219,1.00122828431214,-0.0365576196359207,TRUE,0.819813742677799,1.00103347431872
392,"rand=1-1_rate=1.5_ROB=LH_Bias=NRE strong","1-1",1.5,"LH","NRE strong",0,0.048790164169432,0.0953101798043249,0.048790164169432,0.182321556793955,0.300104592450338,0.0779585323153406,0.0826478457610446,-0.074297124327539,TRUE,0.577017303942713,1.0009867831141,-0.166388759639365,TRUE,0.45321775485018,1.00102711244681,-0.167268676934803,TRUE,0.550930264035449,1.001371360465,-0.172067744419275,TRUE,0.956778981251956,1.00099957303885
393,"rand=1-1_rate=1.5_ROB=LH_Bias=NRE strong","1-1",1.5,"LH","NRE strong",0,0.048790164169432,0.0953101798043249,0.048790164169432,0.182321556793955,0.300104592450338,0.102698629486895,0.105590114847281,-0.0576577830466118,TRUE,0.562330995078686,1.00105879859475,-0.154920186387694,TRUE,0.422794586678543,1.00099082111914,-0.195319634024795,TRUE,0.639288354985524,1.00112350580666,-0.12882008103781,TRUE,0.734327964537101,1.00105210747756
394,"rand=1-1_rate=1.5_ROB=LH_Bias=NRE strong","1-1",1.5,"LH","NRE strong",0,0.048790164169432,0.0953101798043249,0.048790164169432,0.182321556793955,0.300104592450338,0.0950551064067403,0.0958662651971843,-0.0536578816428566,TRUE,0.513827007723564,1.00099287275226,-0.106539704953878,TRUE,0.322019560010036,1.00098739435488,-0.125737724537408,TRUE,0.576136113082894,1.00105343266001,-0.0978310036933363,TRUE,0.487732610613567,1.00098611258521
395,"rand=1-1_rate=1.5_ROB=LH_Bias=NRE strong","1-1",1.5,"LH","NRE strong",0,0.048790164169432,0.0953101798043249,0.048790164169432,0.182321556793955,0.300104592450338,0.0846085094949262,0.0867839414305429,-0.136452316242461,TRUE,0.590545846149758,1.00109909980437,-0.199771480119092,FALSE,0.418957495104836,1.0010286513834,-0.153244006827644,TRUE,0.568580511883591,1.00292406236361,-0.239092131843817,TRUE,0.798095270597006,1.00098994939156
396,"rand=1-1_rate=1.5_ROB=LH_Bias=NRE strong","1-1",1.5,"LH","NRE strong",0,0.048790164169432,0.0953101798043249,0.048790164169432,0.182321556793955,0.300104592450338,0.0939599755396753,0.0956367222167251,-0.000593252335165273,TRUE,0.534512586911186,1.00107792353433,-0.0847348929885448,TRUE,0.410614596150211,1.00099837956698,0.0112944390056792,TRUE,0.566138704256689,1.00106124348711,-0.165228406987261,TRUE,0.748399639979812,1.00104151444613
397,"rand=1-1_rate=1.5_ROB=LH_Bias=NRE strong","1-1",1.5,"LH","NRE strong",0,0.048790164169432,0.0953101798043249,0.048790164169432,0.182321556793955,0.300104592450338,0.0963326662452576,0.0969486701432264,-0.000971525542321272,TRUE,0.566124946259454,1.0010225011218,-0.0175296197478119,TRUE,0.394344075216902,1.00103258026807,0.106724311848021,TRUE,0.43763846751393,1.00099666315937,-0.151113072482392,TRUE,0.833732651005479,1.00102038594833
398,"rand=1-1_rate=1.5_ROB=LH_Bias=NRE strong","1-1",1.5,"LH","NRE strong",0,0.048790164169432,0.0953101798043249,0.048790164169432,0.182321556793955,0.300104592450338,0.108780070192583,0.110240575566037,0.0220203697716116,TRUE,0.568865034534932,1.00103021657091,-0.120425728973547,TRUE,0.531034993526325,1.00108032313224,-0.0358713009902552,TRUE,0.610548171782915,1.00099698147639,-0.213729507805801,TRUE,1.20066171029489,1.00098600078535
399,"rand=1-1_rate=1.5_ROB=LH_Bias=NRE strong","1-1",1.5,"LH","NRE strong",0,0.048790164169432,0.0953101798043249,0.048790164169432,0.182321556793955,0.300104592450338,0.0893148612377938,0.0904580817666504,-0.00303092345444211,TRUE,0.536138745182583,1.00099441900261,-0.00678720240277952,TRUE,0.349280483885845,1.00100871850709,-0.00395120619103828,TRUE,0.538335376146485,1.00103200452061,-0.00869555972474489,TRUE,0.598128204949729,1.00098842500268
400,"rand=1-1_rate=1.5_ROB=LH_Bias=NRE strong","1-1",1.5,"LH","NRE strong",0,0.048790164169432,0.0953101798043249,0.048790164169432,0.182321556793955,0.300104592450338,0.104169888544832,0.10513995035524,-0.120893497092778,TRUE,0.569204466781414,1.00120507967245,-0.150849547074517,TRUE,0.371454860797164,1.00099050836744,-0.105935878409891,TRUE,0.592110965480532,1.00101774347696,-0.175355608169168,TRUE,0.591340711395785,1.00101314908368
401,"rand=1-1_rate=1.5_ROB=LH_Bias=NRE strong","1-1",1.5,"LH","NRE strong",0,0.048790164169432,0.0953101798043249,0.048790164169432,0.182321556793955,0.300104592450338,0.103694235350881,0.104233178035235,-0.193006754575492,TRUE,0.546384576487961,1.00098809415668,-0.13857887293355,TRUE,0.335916336166438,1.00098605674286,0.0434781538768048,TRUE,0.487045777252656,1.00098686678996,-0.233273643248475,FALSE,0.435354217308067,1.00122101442859
402,"rand=1-1_rate=1.5_ROB=LH_Bias=NRE strong","1-1",1.5,"LH","NRE strong",0,0.048790164169432,0.0953101798043249,0.048790164169432,0.182321556793955,0.300104592450338,0.0913746452743299,0.0934354886979945,0.0774304518443705,TRUE,0.384994443159446,1.00106717747108,-0.0159833460762415,TRUE,0.306295226563352,1.00105939352619,0.166147634355281,TRUE,0.410415686411076,1.00099497568582,-0.116007944424534,TRUE,0.490116262852573,1.00098600364207
403,"rand=1-1_rate=1.5_ROB=LH_Bias=NRE strong","1-1",1.5,"LH","NRE strong",0,0.048790164169432,0.0953101798043249,0.048790164169432,0.182321556793955,0.300104592450338,0.077191329477054,0.0811225269623187,0.218886654763107,TRUE,0.454971157604006,1.0012076945414,0.0797656702098605,TRUE,0.41924029556373,1.00099450095992,0.166794830640331,TRUE,0.407837851266815,1.00110639899231,-0.0122348787831819,TRUE,1.07664436808934,1.00100722990068
404,"rand=1-1_rate=1.5_ROB=LH_Bias=NRE strong","1-1",1.5,"LH","NRE strong",0,0.048790164169432,0.0953101798043249,0.048790164169432,0.182321556793955,0.300104592450338,0.0865555507462255,0.0873506250409842,-0.0860121528141324,TRUE,0.584714663926209,1.00117174593662,-0.10334742056085,TRUE,0.394003988776002,1.00098895083254,-0.159018229534528,TRUE,0.547528958240452,1.00232475989752,-0.0580311700293481,TRUE,0.76736874565916,1.00109333809667
405,"rand=1-1_rate=1.5_ROB=LH_Bias=NRE strong","1-1",1.5,"LH","NRE strong",0,0.048790164169432,0.0953101798043249,0.048790164169432,0.182321556793955,0.300104592450338,0.10030273956074,0.101919477426762,-0.290331934111569,TRUE,0.760663551993479,1.00102394445769,-0.329050414739219,FALSE,0.532082920829086,1.00099553048929,-0.0904051957497365,TRUE,0.4904161864587,1.00109556889861,-0.609298773752128,FALSE,1.21275960232135,1.00098903973611
406,"rand=1-1_rate=1.5_ROB=LH_Bias=NRE strong","1-1",1.5,"LH","NRE strong",0,0.048790164169432,0.0953101798043249,0.048790164169432,0.182321556793955,0.300104592450338,0.0883602245975712,0.0899407453347927,-0.0287468145777168,TRUE,0.520325344950666,1.0011505031059,-0.116379082486117,TRUE,0.391588151747031,1.00099966414333,-0.00132422379607688,TRUE,0.485572538581067,1.00100711946423,-0.194944598606425,TRUE,0.778542759879302,1.00098731579502
407,"rand=1-1_rate=1.5_ROB=LH_Bias=NRE strong","1-1",1.5,"LH","NRE strong",0,0.048790164169432,0.0953101798043249,0.048790164169432,0.182321556793955,0.300104592450338,0.0935969326763847,0.0946383847734112,0.0366977548839525,TRUE,0.506611441689158,1.00124453052205,-0.120502324857133,TRUE,0.412556390759185,1.00098677289913,0.183031630070819,TRUE,0.367445595780644,1.00241920581742,-0.396097851694555,FALSE,0.716176983134588,1.00099958206667
408,"rand=1-1_rate=1.5_ROB=LH_Bias=NRE strong","1-1",1.5,"LH","NRE strong",0,0.048790164169432,0.0953101798043249,0.048790164169432,0.182321556793955,0.300104592450338,0.108249917390565,0.109048853447662,-0.178494268274042,TRUE,0.657803025692957,1.00119288325884,-0.365223682553488,FALSE,0.562585997759468,1.00128384148732,-0.262532605766734,TRUE,0.649262314066536,1.00126837681801,-0.443110568422923,TRUE,1.234157423018,1.0010038226885
409,"rand=1-1_rate=1.5_ROB=LH_Bias=NRE strong","1-1",1.5,"LH","NRE strong",0,0.048790164169432,0.0953101798043249,0.048790164169432,0.182321556793955,0.300104592450338,0.0786777165183089,0.0794825954945854,-0.0894731561084698,TRUE,0.631490645052227,1.00101204371661,-0.0366843740697846,TRUE,0.402970141293169,1.00102939126545,-0.127869370388256,TRUE,0.659302232864216,1.00113515964929,0.0282053727557862,TRUE,0.6058599638631,1.00105887983719
410,"rand=1-1_rate=1.5_ROB=LH_Bias=NRE strong","1-1",1.5,"LH","NRE strong",0,0.048790164169432,0.0953101798043249,0.048790164169432,0.182321556793955,0.300104592450338,0.0832747469728253,0.0857889920417588,0.00395060300020611,TRUE,0.614318676974801,1.00100205929595,-0.0727605937976472,TRUE,0.447960714307837,1.00101441738501,-0.080986767771698,TRUE,0.682620866158516,1.00100574865415,-0.0621501216853084,TRUE,0.780430455395479,1.00099024360761
411,"rand=1-1_rate=1.5_ROB=LH_Bias=NRE strong","1-1",1.5,"LH","NRE strong",0,0.048790164169432,0.0953101798043249,0.048790164169432,0.182321556793955,0.300104592450338,0.0962171812026652,0.0982168641414805,0.0763588328611836,TRUE,0.419261586553438,1.00098600805639,-0.139272185913683,TRUE,0.434566177298936,1.00105790357335,-0.120074929216395,TRUE,0.62107395940705,1.00098637904288,-0.157591773737809,TRUE,0.799971643315545,1.00098612873108
412,"rand=1-1_rate=1.5_ROB=LH_Bias=NRE strong","1-1",1.5,"LH","NRE strong",0,0.048790164169432,0.0953101798043249,0.048790164169432,0.182321556793955,0.300104592450338,0.101459632234349,0.102190723429177,-0.0178829037923796,TRUE,0.529884326420457,1.00099366893102,-0.0883897489068648,TRUE,0.384848150997953,1.00104945302561,-0.00773571553977814,TRUE,0.500272747887417,1.00134799944281,-0.152433264815728,TRUE,0.741974650514726,1.00098599268922
413,"rand=1-1_rate=1.5_ROB=LH_Bias=NRE strong","1-1",1.5,"LH","NRE strong",0,0.048790164169432,0.0953101798043249,0.048790164169432,0.182321556793955,0.300104592450338,0.081877573586646,0.0833682427029007,-0.0915657510480929,TRUE,0.633750770727886,1.00114792476809,-0.274634873224138,FALSE,0.499551237010062,1.00106850283836,-0.257322670702836,TRUE,0.671874606496567,1.00098897674197,-0.275375199017512,TRUE,0.967631690641235,1.00108533807526
414,"rand=1-1_rate=1.5_ROB=LH_Bias=NRE strong","1-1",1.5,"LH","NRE strong",0,0.048790164169432,0.0953101798043249,0.048790164169432,0.182321556793955,0.300104592450338,0.110076993308255,0.111075811019126,-0.105866037564279,TRUE,0.522870971408591,1.0009958258981,-0.171406705762888,FALSE,0.365282664518433,1.00105923630938,-0.136315292317632,TRUE,0.578469363676147,1.00121494166087,-0.191926942835205,TRUE,0.596130887801502,1.00098692768231
415,"rand=1-1_rate=1.5_ROB=LH_Bias=NRE strong","1-1",1.5,"LH","NRE strong",0,0.048790164169432,0.0953101798043249,0.048790164169432,0.182321556793955,0.300104592450338,0.0784782488112463,0.0807342057230314,-0.212162357692818,TRUE,0.709949738956897,1.00103082485639,-0.135117709857278,TRUE,0.438595267609646,1.00103513443423,-0.165158120385911,TRUE,0.596867360833185,1.00103217371345,-0.109312056501546,TRUE,0.834703090654828,1.0009955467285
416,"rand=1-1_rate=1.5_ROB=LH_Bias=NRE strong","1-1",1.5,"LH","NRE strong",0,0.048790164169432,0.0953101798043249,0.048790164169432,0.182321556793955,0.300104592450338,0.0902451243924507,0.0927630866825871,0.0386728545359616,TRUE,0.568003448628543,1.00098621551044,-0.060529158715708,TRUE,0.447828875195597,1.00098617147583,-0.00866633096791314,TRUE,0.593356438273731,1.00098691550428,-0.110471880210472,TRUE,0.871070305224529,1.00099352116708
417,"rand=1-1_rate=1.5_ROB=LH_Bias=NRE strong","1-1",1.5,"LH","NRE strong",0,0.048790164169432,0.0953101798043249,0.048790164169432,0.182321556793955,0.300104592450338,0.0872220126281646,0.0897620882774489,-0.0343697262069753,TRUE,0.476464830828635,1.00099605862566,-0.191680351817233,FALSE,0.349568774254957,1.00098604281241,-0.257718596499622,TRUE,0.621545599750997,1.00100428285761,-0.161971405836154,TRUE,0.524698285524447,1.00099480806742
418,"rand=1-1_rate=1.5_ROB=LH_Bias=NRE strong","1-1",1.5,"LH","NRE strong",0,0.048790164169432,0.0953101798043249,0.048790164169432,0.182321556793955,0.300104592450338,0.0862695303195516,0.0874195476510837,0.0202703418908031,TRUE,0.565146397922079,1.00099941194325,-0.0979188220545588,TRUE,0.450246982944982,1.00098638782095,0.0833427279297306,TRUE,0.615846548926122,1.00100627314244,-0.297681277293781,FALSE,0.668122717752612,1.00099199666673
419,"rand=1-1_rate=1.5_ROB=LH_Bias=NRE strong","1-1",1.5,"LH","NRE strong",0,0.048790164169432,0.0953101798043249,0.048790164169432,0.182321556793955,0.300104592450338,0.0848001528527238,0.0853944634672407,-0.136346449456622,TRUE,0.653783479350944,1.00098725061778,-0.198299256822722,TRUE,0.460259805231235,1.00102439753969,-0.00266956438322752,TRUE,0.558794264720467,1.00108278143431,-0.374558315846843,FALSE,0.804470683316068,1.00101723170789
420,"rand=1-1_rate=1.5_ROB=LH_Bias=NRE strong","1-1",1.5,"LH","NRE strong",0,0.048790164169432,0.0953101798043249,0.048790164169432,0.182321556793955,0.300104592450338,0.0932969796503725,0.0953117112526282,-0.0460210960817047,TRUE,0.644985431165828,1.00100841206594,-0.0214391558772682,TRUE,0.436411063639474,1.00098657218314,-0.0812745414808187,TRUE,0.688632265684748,1.00103518551493,0.0309809605082886,TRUE,0.706775891008453,1.00099007488892
421,"rand=1-1_rate=1.5_ROB=LH_Bias=NRE strong","1-1",1.5,"LH","NRE strong",0,0.048790164169432,0.0953101798043249,0.048790164169432,0.182321556793955,0.300104592450338,0.101866991595604,0.102360163118631,0.0689861558121522,TRUE,0.512695553534862,1.00101764121111,-0.0885281950695924,TRUE,0.494339873685746,1.00099288540072,0.115957162327228,TRUE,0.421865959858654,1.00099030525002,-0.362243159932711,TRUE,1.25571974526709,1.00099809019765
422,"rand=1-1_rate=1.5_ROB=LH_Bias=NRE strong","1-1",1.5,"LH","NRE strong",0,0.048790164169432,0.0953101798043249,0.048790164169432,0.182321556793955,0.300104592450338,0.0811405695655091,0.0845612617281114,-0.144375805473235,TRUE,0.644874579581176,1.00099523319068,-0.210356524346873,TRUE,0.458610763956726,1.00101541161125,-0.0593828656404587,TRUE,0.544716368387292,1.00102404127434,-0.349447871895,TRUE,0.872530290351909,1.00101584876536
423,"rand=1-1_rate=1.5_ROB=LH_Bias=NRE strong","1-1",1.5,"LH","NRE strong",0,0.048790164169432,0.0953101798043249,0.048790164169432,0.182321556793955,0.300104592450338,0.0803055236278911,0.0810582879295482,0.150225269010163,TRUE,0.399358405726676,1.00100567145382,-0.0131857314176138,TRUE,0.392847920760246,1.00101819579996,0.0531771358992474,TRUE,0.434511056880685,1.00159032531841,-0.0767395063117724,TRUE,0.928331349633464,1.0010337453521
424,"rand=1-1_rate=1.5_ROB=LH_Bias=NRE strong","1-1",1.5,"LH","NRE strong",0,0.048790164169432,0.0953101798043249,0.048790164169432,0.182321556793955,0.300104592450338,0.0904594428109596,0.0915060203776618,-0.108054125343047,TRUE,0.54277037518186,1.00116468455399,-0.196250897654991,FALSE,0.393913853855884,1.00106458196377,-0.0905565333182639,TRUE,0.508832757671652,1.00360535495867,-0.270649873143473,TRUE,0.786311324750217,1.00098868330577
425,"rand=1-1_rate=1.5_ROB=LH_Bias=NRE strong","1-1",1.5,"LH","NRE strong",0,0.048790164169432,0.0953101798043249,0.048790164169432,0.182321556793955,0.300104592450338,0.0973954456469703,0.0982243339998093,0.121856170942777,TRUE,0.458232266021697,1.00130410705493,-0.134663255606692,TRUE,0.475977726094282,1.00101177038565,-0.0688456858246818,TRUE,0.715160413015972,1.00100223583639,-0.192818124928693,TRUE,0.800135299467268,1.00099936738398
426,"rand=1-1_rate=1.5_ROB=LH_Bias=NRE strong","1-1",1.5,"LH","NRE strong",0,0.048790164169432,0.0953101798043249,0.048790164169432,0.182321556793955,0.300104592450338,0.087913922830052,0.0897557804516087,-0.110541261677975,TRUE,0.665088313091815,1.00113756534735,-0.230280308774743,TRUE,0.606784221657415,1.0010104107961,-0.117738927599055,TRUE,0.596775304570357,1.00099612584415,-0.359515299421378,TRUE,1.5791074365863,1.0010170321652
427,"rand=1-1_rate=1.5_ROB=LH_Bias=NRE strong","1-1",1.5,"LH","NRE strong",0,0.048790164169432,0.0953101798043249,0.048790164169432,0.182321556793955,0.300104592450338,0.0794328166004469,0.0801145923531258,0.0037571467337516,TRUE,0.577051449826676,1.00182527784102,-0.0817130736936469,TRUE,0.490787889156985,1.00098966724995,-0.0439540318472256,TRUE,0.493645158071943,1.00115852162719,-0.12620427788501,TRUE,1.28285557175846,1.00098634740656
428,"rand=1-1_rate=1.5_ROB=LH_Bias=NRE strong","1-1",1.5,"LH","NRE strong",0,0.048790164169432,0.0953101798043249,0.048790164169432,0.182321556793955,0.300104592450338,0.0780636572101706,0.0870148289621231,-0.0227441999960629,TRUE,0.591954053412481,1.00098625424691,-0.13013635727125,TRUE,0.456893991317473,1.00098626320836,-0.0204293368556185,TRUE,0.559372256128586,1.00102338658096,-0.229098845840255,TRUE,0.913813021877014,1.00104419955804
429,"rand=1-1_rate=1.5_ROB=LH_Bias=NRE strong","1-1",1.5,"LH","NRE strong",0,0.048790164169432,0.0953101798043249,0.048790164169432,0.182321556793955,0.300104592450338,0.0926667480618667,0.097191828540477,-0.07799594394966,TRUE,0.590891472549209,1.00103108843698,-0.153686298319878,TRUE,0.510276345473067,1.00098926713228,0.128715623932731,TRUE,0.514231449722648,1.00101554788826,-0.47482092449331,FALSE,0.835314364746589,1.00105535282454
430,"rand=1-1_rate=1.5_ROB=LH_Bias=NRE strong","1-1",1.5,"LH","NRE strong",0,0.048790164169432,0.0953101798043249,0.048790164169432,0.182321556793955,0.300104592450338,0.0891462247503808,0.091429182549453,-0.09061267500389,TRUE,0.584645253492162,1.00188963397211,-0.157214759691386,TRUE,0.38431369224961,1.00100013713819,-0.206852811243324,TRUE,0.574770358975671,1.00105241021134,-0.125339565573299,TRUE,0.650686048027134,1.00101823036767
431,"rand=1-1_rate=1.5_ROB=LH_Bias=NRE strong","1-1",1.5,"LH","NRE strong",0,0.048790164169432,0.0953101798043249,0.048790164169432,0.182321556793955,0.300104592450338,0.100295937819964,0.101701141454987,-0.0121910754723882,TRUE,0.459272045379367,1.00099895711409,-0.172503424600049,FALSE,0.382516606098164,1.00108157167344,-0.171581699321095,TRUE,0.684644934069041,1.00098637910366,-0.176294963563695,TRUE,0.564389132996666,1.00098990316712
432,"rand=1-1_rate=1.5_ROB=LH_Bias=NRE strong","1-1",1.5,"LH","NRE strong",0,0.048790164169432,0.0953101798043249,0.048790164169432,0.182321556793955,0.300104592450338,0.07070431445121,0.0803135394859803,-0.00591592639683469,TRUE,0.431322987411845,1.00100512003009,-0.0804374826279801,TRUE,0.274111934905625,1.00128903282145,0.0557975091876322,TRUE,0.452007130911315,1.00101902985413,-0.138508354736853,TRUE,0.385956762201737,1.00098599052853
433,"rand=1-1_rate=1.5_ROB=LH_Bias=NRE strong","1-1",1.5,"LH","NRE strong",0,0.048790164169432,0.0953101798043249,0.048790164169432,0.182321556793955,0.300104592450338,0.0802606545516988,0.0814811713759548,0.127626169621296,TRUE,0.520428501585069,1.00099295919008,-0.00110877253568864,TRUE,0.431483442567096,1.00099160863419,0.18485420944246,TRUE,0.394308790223101,1.00109521994347,-0.218103884759544,TRUE,1.01868011305705,1.00099506356568
434,"rand=1-1_rate=1.5_ROB=LH_Bias=NRE strong","1-1",1.5,"LH","NRE strong",0,0.048790164169432,0.0953101798043249,0.048790164169432,0.182321556793955,0.300104592450338,0.0814196405670975,0.0848905192465636,-0.219239286989138,TRUE,0.596202491140923,1.00108824278635,-0.216588092697983,FALSE,0.356421078458711,1.00116514615514,-0.219106893401228,TRUE,0.617800852299284,1.00109560051486,-0.21573658898848,TRUE,0.536769326514769,1.0009878492709
435,"rand=1-1_rate=1.5_ROB=LH_Bias=NRE strong","1-1",1.5,"LH","NRE strong",0,0.048790164169432,0.0953101798043249,0.048790164169432,0.182321556793955,0.300104592450338,0.0993449264839462,0.101220365015109,0.0417797384360657,TRUE,0.480182254096639,1.00105106690331,-0.074043878840492,TRUE,0.418313556045088,1.00099090391416,0.11699933017149,TRUE,0.544125243167782,1.00099362884131,-0.244407274987199,TRUE,0.631707515736624,1.00099306873112
436,"rand=1-1_rate=1.5_ROB=LH_Bias=NRE strong","1-1",1.5,"LH","NRE strong",0,0.048790164169432,0.0953101798043249,0.048790164169432,0.182321556793955,0.300104592450338,0.0936392077571942,0.0942420942944559,-0.0329249812593504,TRUE,0.551829579608166,1.00098641057834,-0.0631221251269407,TRUE,0.363999559119783,1.0009880990968,-0.00101548702362697,TRUE,0.487596698019048,1.00100526262955,-0.111816428188891,TRUE,0.696625444379149,1.00112936816572
437,"rand=1-1_rate=1.5_ROB=LH_Bias=NRE strong","1-1",1.5,"LH","NRE strong",0,0.048790164169432,0.0953101798043249,0.048790164169432,0.182321556793955,0.300104592450338,0.0848407638508658,0.0875403907962461,-0.092607745103366,TRUE,0.586506339850368,1.00098609716829,-0.193316149704787,TRUE,0.45160195537269,1.00099635770936,-0.0469360267778614,TRUE,0.551140656356106,1.00153007630154,-0.323120398967817,TRUE,0.852554956086275,1.00098839823237
438,"rand=1-1_rate=1.5_ROB=LH_Bias=NRE strong","1-1",1.5,"LH","NRE strong",0,0.048790164169432,0.0953101798043249,0.048790164169432,0.182321556793955,0.300104592450338,0.0704877885754104,0.0756354297621212,0.0951779498795809,TRUE,0.551655810849911,1.0010030749946,0.0638179257958563,TRUE,0.416300753243438,1.00101043756562,0.14559246056879,TRUE,0.447689455111452,1.00111204941049,-0.0307775629226421,TRUE,0.963817528531696,1.00098643761966
439,"rand=1-1_rate=1.5_ROB=LH_Bias=NRE strong","1-1",1.5,"LH","NRE strong",0,0.048790164169432,0.0953101798043249,0.048790164169432,0.182321556793955,0.300104592450338,0.0862178519760369,0.0870566791180022,-0.0430035289480322,TRUE,0.557094847270669,1.00117615993266,-0.133498759425442,TRUE,0.417096529432187,1.00100115339933,-0.0440084964824137,TRUE,0.578670709861697,1.00098700384024,-0.208772814919845,TRUE,0.728428076399413,1.00098631895326
440,"rand=1-1_rate=1.5_ROB=LH_Bias=NRE strong","1-1",1.5,"LH","NRE strong",0,0.048790164169432,0.0953101798043249,0.048790164169432,0.182321556793955,0.300104592450338,0.0769620656982891,0.0823889304982169,-0.0881372376621323,TRUE,0.681311548853793,1.00099717804785,-0.209963740201901,TRUE,0.521623207892328,1.00098777487469,-0.276529813104781,TRUE,0.812896042889546,1.00102593941069,-0.145913817972643,TRUE,0.870767963349896,1.00106409350825
441,"rand=1-1_rate=1.5_ROB=LH_Bias=NRE strong","1-1",1.5,"LH","NRE strong",0,0.048790164169432,0.0953101798043249,0.048790164169432,0.182321556793955,0.300104592450338,0.093717603315821,0.0963249855777867,-0.0896207424776458,TRUE,0.583829748586542,1.00117943843771,-0.156376139695888,TRUE,0.434154914721894,1.00099622658305,-0.0564872073717231,TRUE,0.523884247821399,1.00103212658936,-0.235219501384286,TRUE,0.893782382448115,1.00102640642251
442,"rand=1-1_rate=1.5_ROB=LH_Bias=NRE strong","1-1",1.5,"LH","NRE strong",0,0.048790164169432,0.0953101798043249,0.048790164169432,0.182321556793955,0.300104592450338,0.0962234132582087,0.0973669395383229,-0.0112186768840332,TRUE,0.509542450035732,1.00117031910526,-0.0845033584795087,TRUE,0.361937996850131,1.00105595197463,-0.0110722879312444,TRUE,0.524696066270869,1.00142594907443,-0.131174524441663,TRUE,0.608636589464239,1.00100123479744
443,"rand=1-1_rate=1.5_ROB=LH_Bias=NRE strong","1-1",1.5,"LH","NRE strong",0,0.048790164169432,0.0953101798043249,0.048790164169432,0.182321556793955,0.300104592450338,0.0801169723349972,0.0812726613444274,-0.0207128195785584,TRUE,0.551978668640338,1.00107543324633,-0.135776509638715,TRUE,0.453579530048701,1.00098602910624,0.000277115788570703,TRUE,0.510736600767489,1.0009961106586,-0.261504153983462,TRUE,0.977296542967799,1.00100253614885
444,"rand=1-1_rate=1.5_ROB=LH_Bias=NRE strong","1-1",1.5,"LH","NRE strong",0,0.048790164169432,0.0953101798043249,0.048790164169432,0.182321556793955,0.300104592450338,0.107194830923057,0.107776336876782,-0.166958666367001,TRUE,0.69003934701425,1.0009940867747,-0.134895376669341,TRUE,0.430996438199269,1.00115469357987,0.012275165733917,TRUE,0.582825293115772,1.00099232866442,-0.273255157167018,TRUE,0.710464606156395,1.00102162636255
445,"rand=1-1_rate=1.5_ROB=LH_Bias=NRE strong","1-1",1.5,"LH","NRE strong",0,0.048790164169432,0.0953101798043249,0.048790164169432,0.182321556793955,0.300104592450338,0.0826714002484633,0.0891410052523594,-0.0947710924337122,TRUE,0.488952945994629,1.00098682717745,-0.267974922892671,FALSE,0.473805140237291,1.00116450143136,-0.0856061448485639,TRUE,0.612223124676352,1.00114722263906,-0.417119762214357,FALSE,0.834095266651033,1.00100383076488
446,"rand=1-1_rate=1.5_ROB=LH_Bias=NRE strong","1-1",1.5,"LH","NRE strong",0,0.048790164169432,0.0953101798043249,0.048790164169432,0.182321556793955,0.300104592450338,0.0886677130667725,0.0914097027234872,-0.199201331243108,TRUE,0.69550964501987,1.00099205370478,-0.256923724483707,FALSE,0.490732266738874,1.0009879517269,-0.290935238678803,TRUE,0.677927489998764,1.00101135978316,-0.242699526817001,TRUE,0.941016746655921,1.00098781300761
447,"rand=1-1_rate=1.5_ROB=LH_Bias=NRE strong","1-1",1.5,"LH","NRE strong",0,0.048790164169432,0.0953101798043249,0.048790164169432,0.182321556793955,0.300104592450338,0.0793136016115083,0.0807347799640361,-0.343447594254188,FALSE,0.672793711632931,1.00110633839943,-0.277024699917575,FALSE,0.407669445396671,1.00098599742404,-0.255797435308391,TRUE,0.592010231947139,1.00164463267053,-0.281835402327345,TRUE,0.774106079070732,1.00101858990253
448,"rand=1-1_rate=1.5_ROB=LH_Bias=NRE strong","1-1",1.5,"LH","NRE strong",0,0.048790164169432,0.0953101798043249,0.048790164169432,0.182321556793955,0.300104592450338,0.0991354177304811,0.102241498763427,-0.0385432701606705,TRUE,0.596541537419402,1.0009916058165,-0.0820860495822626,TRUE,0.474262633596622,1.00098879959519,0.148629258044825,TRUE,0.441377274993135,1.00138193845905,-0.38892881637502,TRUE,0.960820146685092,1.00100582832668
449,"rand=1-1_rate=1.5_ROB=LH_Bias=NRE strong","1-1",1.5,"LH","NRE strong",0,0.048790164169432,0.0953101798043249,0.048790164169432,0.182321556793955,0.300104592450338,0.0968275434898785,0.0973870710037449,0.0522418344535758,TRUE,0.461815269035136,1.00098739914698,-0.0137020449748468,TRUE,0.314461989359332,1.00098775140027,0.0666875983452184,TRUE,0.419223097794872,1.00110542216769,-0.0629750256590926,TRUE,0.626306775695399,1.0010060583639
450,"rand=1-1_rate=1.5_ROB=LH_Bias=NRE strong","1-1",1.5,"LH","NRE strong",0,0.048790164169432,0.0953101798043249,0.048790164169432,0.182321556793955,0.300104592450338,0.0724191820356119,0.0772624586065055,0.100324933810032,TRUE,0.631290419147444,1.00101171868295,-0.119058341972947,TRUE,0.600114321255529,1.00100757681505,-0.0532460152891079,TRUE,0.750553348420175,1.00098610461396,-0.173231414589918,TRUE,1.3550742632902,1.00102578170733
451,"rand=1-1_rate=1.5_ROB=LH_Bias=NRE strong","1-1",1.5,"LH","NRE strong",0,0.048790164169432,0.0953101798043249,0.048790164169432,0.182321556793955,0.300104592450338,0.0895488269242521,0.0913931068574434,-0.181495166568244,TRUE,0.626351181044427,1.0010398724251,-0.292014552451253,FALSE,0.484028485663111,1.00104812981173,-0.236357053983279,TRUE,0.626910669400453,1.00141505979429,-0.33874598970804,TRUE,0.94565428580754,1.00100243101923
452,"rand=1-1_rate=1.5_ROB=LH_Bias=NRE strong","1-1",1.5,"LH","NRE strong",0,0.048790164169432,0.0953101798043249,0.048790164169432,0.182321556793955,0.300104592450338,0.0959503913876493,0.0998714069997287,-0.0126710091823272,TRUE,0.537829842361928,1.00101780034375,-0.159559822926378,TRUE,0.408702245139585,1.00103648659151,-0.0830243392883057,TRUE,0.551799853463728,1.00138213791798,-0.216732697687415,TRUE,0.766769324831684,1.00099038353988
453,"rand=1-1_rate=1.5_ROB=LH_Bias=NRE strong","1-1",1.5,"LH","NRE strong",0,0.048790164169432,0.0953101798043249,0.048790164169432,0.182321556793955,0.300104592450338,0.0859357964829399,0.0880044223100891,-0.231767367233095,TRUE,0.615038221814434,1.0015993114138,-0.269882534026736,FALSE,0.394458704395697,1.00098789629357,-0.143619019594819,TRUE,0.50677219640354,1.00124319270894,-0.359771110903711,FALSE,0.73495378697408,1.00099415609546
454,"rand=1-1_rate=1.5_ROB=LH_Bias=NRE strong","1-1",1.5,"LH","NRE strong",0,0.048790164169432,0.0953101798043249,0.048790164169432,0.182321556793955,0.300104592450338,0.101321702219795,0.105954105563543,0.0678246834364855,TRUE,0.527936620374487,1.00115654063996,0.00575642021092215,TRUE,0.39594289628602,1.00099251404676,-0.0271172735337319,TRUE,0.524992792670295,1.00110528616616,0.0313881441360092,TRUE,0.766469698968988,1.00099631517698
455,"rand=1-1_rate=1.5_ROB=LH_Bias=NRE strong","1-1",1.5,"LH","NRE strong",0,0.048790164169432,0.0953101798043249,0.048790164169432,0.182321556793955,0.300104592450338,0.0802163825005085,0.0873003859783392,-0.0882432442134347,TRUE,0.591459346955459,1.00098699192404,-0.178594276497348,TRUE,0.412873098324544,1.00113227794832,-0.0911029674233061,TRUE,0.537530048568579,1.00098611657424,-0.253761631766805,TRUE,0.808427021374741,1.0009934531089
456,"rand=1-1_rate=1.5_ROB=LH_Bias=NRE strong","1-1",1.5,"LH","NRE strong",0,0.048790164169432,0.0953101798043249,0.048790164169432,0.182321556793955,0.300104592450338,0.0971104209910491,0.099165525407084,-0.0160015257661399,TRUE,0.643797600653277,1.00098964334268,-0.0714924079938701,TRUE,0.496402542399054,1.00101552248324,-0.0921631639979357,TRUE,0.644510683897805,1.00106070757339,-0.0423681241429719,TRUE,0.967018751504953,1.00102118747318
457,"rand=1-1_rate=1.5_ROB=LH_Bias=NRE strong","1-1",1.5,"LH","NRE strong",0,0.048790164169432,0.0953101798043249,0.048790164169432,0.182321556793955,0.300104592450338,0.0596872494780031,0.0663278874298212,0.0667735758988988,TRUE,0.54937215227254,1.00102427413517,-0.0553781027856706,TRUE,0.429128764556927,1.00098613521594,0.0978190751759601,TRUE,0.477621564195964,1.00114616426288,-0.198216903970366,TRUE,0.853556993486409,1.00101781601173
458,"rand=1-1_rate=1.5_ROB=LH_Bias=NRE strong","1-1",1.5,"LH","NRE strong",0,0.048790164169432,0.0953101798043249,0.048790164169432,0.182321556793955,0.300104592450338,0.0913891823663497,0.0935248192993456,-0.0490403789827725,TRUE,0.501185052182645,1.00121745861899,-0.210109876557322,FALSE,0.432082273722724,1.00098604591129,-0.124547888436927,TRUE,0.528968344742214,1.0011041159084,-0.27586894068499,TRUE,0.911283309601657,1.00102344552028
459,"rand=1-1_rate=1.5_ROB=LH_Bias=NRE strong","1-1",1.5,"LH","NRE strong",0,0.048790164169432,0.0953101798043249,0.048790164169432,0.182321556793955,0.300104592450338,0.0763302176367782,0.0798569499371411,-0.100918952725047,TRUE,0.628992531243671,1.0010064870955,-0.0814126253753236,TRUE,0.423209957324653,1.00108167580203,0.0849928326638569,TRUE,0.426933643229434,1.00120643957684,-0.260193047360883,TRUE,0.936595115138816,1.00101338498625
460,"rand=1-1_rate=1.5_ROB=LH_Bias=NRE strong","1-1",1.5,"LH","NRE strong",0,0.048790164169432,0.0953101798043249,0.048790164169432,0.182321556793955,0.300104592450338,0.0937688507656108,0.0973870548528972,0.00200142630046718,TRUE,0.61137734693674,1.00114892592442,-0.0637728498973038,TRUE,0.487057020742787,1.00099512417292,0.0114266911905678,TRUE,0.524889190801157,1.00123316860563,-0.151039491626755,TRUE,1.12747044493286,1.00099048494183
461,"rand=1-1_rate=1.5_ROB=LH_Bias=NRE strong","1-1",1.5,"LH","NRE strong",0,0.048790164169432,0.0953101798043249,0.048790164169432,0.182321556793955,0.300104592450338,0.0927934028504643,0.0956844280241472,-0.107098928569793,TRUE,0.612990600019735,1.00098895612647,-0.239224615100121,FALSE,0.427818665188089,1.00100556996427,-0.21349942751323,TRUE,0.65288574919884,1.00109583734165,-0.253873987928818,TRUE,0.735056984910024,1.00108236796594
462,"rand=1-1_rate=1.5_ROB=LH_Bias=NRE strong","1-1",1.5,"LH","NRE strong",0,0.048790164169432,0.0953101798043249,0.048790164169432,0.182321556793955,0.300104592450338,0.0813778727455013,0.0818556359606083,-0.1754261874564,TRUE,0.643366763147827,1.0011984445624,-0.120877484691705,TRUE,0.396227729581909,1.0009942593446,-0.347672133013197,FALSE,0.600204377806981,1.00157246890814,0.0203392859307392,TRUE,0.62615875595964,1.00098677450315
463,"rand=1-1_rate=1.5_ROB=LH_Bias=NRE strong","1-1",1.5,"LH","NRE strong",0,0.048790164169432,0.0953101798043249,0.048790164169432,0.182321556793955,0.300104592450338,0.0910688176551933,0.0913059842434931,0.0222874033252801,TRUE,0.51183827739799,1.0010151831747,-0.0062765010577519,TRUE,0.331873284273583,1.00104786644534,-0.0438279639851926,TRUE,0.693197608135881,1.0009912262764,0.00852626803600176,TRUE,0.409987500247884,1.00098599542703
464,"rand=1-1_rate=1.5_ROB=LH_Bias=NRE strong","1-1",1.5,"LH","NRE strong",0,0.048790164169432,0.0953101798043249,0.048790164169432,0.182321556793955,0.300104592450338,0.0993737104926373,0.100441154659036,-0.139349108490895,TRUE,0.763768621087318,1.0009885658036,-0.150904561808479,TRUE,0.495323532628646,1.00098820854293,0.0412017300481988,TRUE,0.597111299600932,1.00103550088888,-0.378039063762386,FALSE,0.865530129901566,1.0010192452902
465,"rand=1-1_rate=1.5_ROB=LH_Bias=NRE strong","1-1",1.5,"LH","NRE strong",0,0.048790164169432,0.0953101798043249,0.048790164169432,0.182321556793955,0.300104592450338,0.0852006077195718,0.088227678778023,0.144786711868343,TRUE,0.547239733862207,1.00099029039721,0.0467625129897462,TRUE,0.430502120296553,1.00102337776921,0.149647086884095,TRUE,0.492135357418419,1.00098609270092,-0.0688256216062297,TRUE,0.958259979806601,1.00110024785241
466,"rand=1-1_rate=1.5_ROB=LH_Bias=NRE strong","1-1",1.5,"LH","NRE strong",0,0.048790164169432,0.0953101798043249,0.048790164169432,0.182321556793955,0.300104592450338,0.0747066064095222,0.0768894027934408,0.0307809674774039,TRUE,0.509956542713409,1.0016072383743,0.0302789693316839,TRUE,0.320043499356806,1.00103277948614,-0.0917155799375922,TRUE,0.543322033466029,1.00115557488785,0.100272122357012,TRUE,0.456329584902228,1.00103572810037
467,"rand=1-1_rate=1.5_ROB=LH_Bias=NRE strong","1-1",1.5,"LH","NRE strong",0,0.048790164169432,0.0953101798043249,0.048790164169432,0.182321556793955,0.300104592450338,0.089668314496608,0.0924580402641677,0.0718043148184757,TRUE,0.488348774161699,1.00111668784839,0.0203395851532097,TRUE,0.346180548971293,1.00098602622779,0.0233115706814395,TRUE,0.622673211216403,1.00101258663726,0.0214066870585755,TRUE,0.48525763909382,1.00103183589942
468,"rand=1-1_rate=1.5_ROB=LH_Bias=NRE strong","1-1",1.5,"LH","NRE strong",0,0.048790164169432,0.0953101798043249,0.048790164169432,0.182321556793955,0.300104592450338,0.0864249882133906,0.0898103464392856,0.102958864839886,TRUE,0.495903593205407,1.00102351805188,0.00909738924203263,TRUE,0.401132528087068,1.00112545668571,0.0489167393322149,TRUE,0.444655923497055,1.00101227988809,-0.0344005779273477,TRUE,0.960838326703856,1.001011683346
469,"rand=1-1_rate=1.5_ROB=LH_Bias=NRE strong","1-1",1.5,"LH","NRE strong",0,0.048790164169432,0.0953101798043249,0.048790164169432,0.182321556793955,0.300104592450338,0.0876234016173031,0.0885908553784135,-0.266058880424934,TRUE,0.670460908915502,1.00102336785356,-0.423113061682373,FALSE,0.517183626189551,1.00101548294851,-0.347997343830607,FALSE,0.645194043617479,1.00098957132005,-0.477133298744032,FALSE,1.04162640081696,1.00100926834232
470,"rand=1-1_rate=1.5_ROB=LH_Bias=NRE strong","1-1",1.5,"LH","NRE strong",0,0.048790164169432,0.0953101798043249,0.048790164169432,0.182321556793955,0.300104592450338,0.0908188716458961,0.0950133851464277,-0.12565793107691,TRUE,0.538538733624533,1.00136294408585,-0.188042032422083,FALSE,0.31418526282524,1.00099235368408,-0.00844035192611026,TRUE,0.511056053329133,1.00099067261876,-0.269542461218901,FALSE,0.409175868294609,1.00100602666745
471,"rand=1-1_rate=1.5_ROB=LH_Bias=NRE strong","1-1",1.5,"LH","NRE strong",0,0.048790164169432,0.0953101798043249,0.048790164169432,0.182321556793955,0.300104592450338,0.0942920884004542,0.0953473585179377,0.0444665236989049,TRUE,0.551128538366325,1.00104433207423,-0.0297524841854833,TRUE,0.453813270041793,1.00101321557691,0.0632229774524501,TRUE,0.467990528155202,1.00133985623625,-0.138477147368874,TRUE,1.10974717154332,1.00105938287106
472,"rand=1-1_rate=1.5_ROB=LH_Bias=NRE strong","1-1",1.5,"LH","NRE strong",0,0.048790164169432,0.0953101798043249,0.048790164169432,0.182321556793955,0.300104592450338,0.0847078797847786,0.0854563936415435,0.089699887020505,TRUE,0.428480409729069,1.0009860152687,-0.0660664938118682,TRUE,0.42032038463082,1.00098913081336,-0.016509946907971,TRUE,0.504699842490631,1.00121568599959,-0.117710386208864,TRUE,0.892138928843834,1.00105521996635
473,"rand=1-1_rate=1.5_ROB=LH_Bias=NRE strong","1-1",1.5,"LH","NRE strong",0,0.048790164169432,0.0953101798043249,0.048790164169432,0.182321556793955,0.300104592450338,0.0765125730141819,0.0802209979318729,0.00577332179166712,TRUE,0.515418682150497,1.00109138971897,-0.0854236568586513,TRUE,0.39096647386366,1.0010094721808,0.0395355271255731,TRUE,0.523567541784805,1.00099111482464,-0.189839352817053,TRUE,0.679623510590203,1.00098759883033
474,"rand=1-1_rate=1.5_ROB=LH_Bias=NRE strong","1-1",1.5,"LH","NRE strong",0,0.048790164169432,0.0953101798043249,0.048790164169432,0.182321556793955,0.300104592450338,0.0837043534533112,0.0845427605386861,-0.163645731486982,TRUE,0.680858591661513,1.00099460351799,-0.152074937684415,TRUE,0.465624921325637,1.00104073001028,-0.0662148739440034,TRUE,0.528523713598238,1.00279561939149,-0.244669253754469,TRUE,1.04322353528173,1.00099527721181
475,"rand=1-1_rate=1.5_ROB=LH_Bias=NRE strong","1-1",1.5,"LH","NRE strong",0,0.048790164169432,0.0953101798043249,0.048790164169432,0.182321556793955,0.300104592450338,0.0910539257919048,0.0923208551179622,-0.173255409330136,TRUE,0.580969791461327,1.00100573469608,-0.289136894857417,FALSE,0.458741889231502,1.00098955948256,-0.123706436241614,TRUE,0.532132255346814,1.00116461098658,-0.438513946795298,FALSE,0.913893180802519,1.00098653455834
476,"rand=1-1_rate=1.5_ROB=LH_Bias=NRE strong","1-1",1.5,"LH","NRE strong",0,0.048790164169432,0.0953101798043249,0.048790164169432,0.182321556793955,0.300104592450338,0.0932976508547926,0.0950011655522421,-0.105103620225076,TRUE,0.450758052460128,1.00098649568391,-0.193441486810153,FALSE,0.300866295405729,1.0010153839577,-0.0394084572368736,TRUE,0.538711764535933,1.00099822665855,-0.257704929968394,FALSE,0.401086361792816,1.00098643537727
477,"rand=1-1_rate=1.5_ROB=LH_Bias=NRE strong","1-1",1.5,"LH","NRE strong",0,0.048790164169432,0.0953101798043249,0.048790164169432,0.182321556793955,0.300104592450338,0.0979409215909516,0.0996353364354743,-0.0240799114039971,TRUE,0.628721224329434,1.00103655041143,-0.146246924421443,TRUE,0.497795082931415,1.0009925918652,-0.084362880984078,TRUE,0.645198347036405,1.00107960591467,-0.203858105992813,TRUE,0.985885475012845,1.00098637392847
478,"rand=1-1_rate=1.5_ROB=LH_Bias=NRE strong","1-1",1.5,"LH","NRE strong",0,0.048790164169432,0.0953101798043249,0.048790164169432,0.182321556793955,0.300104592450338,0.0884580507215281,0.0904186378522289,-0.165596682289562,TRUE,0.606773380857163,1.00099834940741,-0.251463386062218,FALSE,0.415862183347521,1.00102387362864,-0.14743477136274,TRUE,0.64624510771934,1.00110806460328,-0.325629830282951,FALSE,0.655988815388258,1.0009934122735
479,"rand=1-1_rate=1.5_ROB=LH_Bias=NRE strong","1-1",1.5,"LH","NRE strong",0,0.048790164169432,0.0953101798043249,0.048790164169432,0.182321556793955,0.300104592450338,0.100118764871069,0.101965425144758,0.0398031428301714,TRUE,0.380258713223712,1.00100580488661,-0.0892418672442921,TRUE,0.280194380260932,1.00133222551879,-0.231702031499942,TRUE,0.62853056169434,1.00104358671081,-0.0502513971443368,TRUE,0.347821146989135,1.0010063334681
480,"rand=1-1_rate=1.5_ROB=LH_Bias=NRE strong","1-1",1.5,"LH","NRE strong",0,0.048790164169432,0.0953101798043249,0.048790164169432,0.182321556793955,0.300104592450338,0.0764272193011572,0.0774585424253559,-0.039001202070494,TRUE,0.500607025762189,1.00098655678723,-0.0878987214288423,TRUE,0.333178007299271,1.00107830569914,0.00892392619842408,TRUE,0.624408326250542,1.00098614750883,-0.142602427152513,TRUE,0.431145948563865,1.00099174144067
481,"rand=1-1_rate=1.5_ROB=LH_Bias=NRE strong","1-1",1.5,"LH","NRE strong",0,0.048790164169432,0.0953101798043249,0.048790164169432,0.182321556793955,0.300104592450338,0.0797472200878353,0.0811012088061189,-0.000124211904097615,TRUE,0.56084532442079,1.001001565562,-0.0979616441909574,TRUE,0.415905894327074,1.00100640180368,-0.0906264097588392,TRUE,0.509568788725539,1.00135570862311,-0.0997488493988736,TRUE,0.862635911048477,1.00098647957966
482,"rand=1-1_rate=1.5_ROB=LH_Bias=NRE strong","1-1",1.5,"LH","NRE strong",0,0.048790164169432,0.0953101798043249,0.048790164169432,0.182321556793955,0.300104592450338,0.0978393655950657,0.0988022197330655,-0.0368243909807522,TRUE,0.547152365495975,1.00118409109854,-0.151361765773227,TRUE,0.371720235196017,1.00100605364552,-0.206257488888037,TRUE,0.58466973642751,1.00128511341646,-0.11879941741151,TRUE,0.632231257898996,1.00100366485229
483,"rand=1-1_rate=1.5_ROB=LH_Bias=NRE strong","1-1",1.5,"LH","NRE strong",0,0.048790164169432,0.0953101798043249,0.048790164169432,0.182321556793955,0.300104592450338,0.0975488425551711,0.0980653845483414,-0.0658916254526354,TRUE,0.648119826554243,1.00125244016498,-0.195452109399223,TRUE,0.546724701250109,1.0010239382915,-0.0904468002404959,TRUE,0.57029513129717,1.00100197967678,-0.310278468475452,TRUE,1.33791788766888,1.0010754861137
484,"rand=1-1_rate=1.5_ROB=LH_Bias=NRE strong","1-1",1.5,"LH","NRE strong",0,0.048790164169432,0.0953101798043249,0.048790164169432,0.182321556793955,0.300104592450338,0.0774446629865777,0.0804290797734354,-0.0437773854652661,TRUE,0.5970409273503,1.00100186221787,-0.12077251940971,TRUE,0.475158157404222,1.00098757218413,0.0945005066944784,TRUE,0.476351424079506,1.00119372246328,-0.382920826316032,TRUE,1.01189053081672,1.00100229012886
485,"rand=1-1_rate=1.5_ROB=LH_Bias=NRE strong","1-1",1.5,"LH","NRE strong",0,0.048790164169432,0.0953101798043249,0.048790164169432,0.182321556793955,0.300104592450338,0.104560370737172,0.106458239545646,-0.0716497770309352,TRUE,0.544738043349372,1.00109840141127,-0.177240102583417,TRUE,0.424769518489984,1.0010101917663,-0.0670982261921618,TRUE,0.52300237806636,1.00106530251587,-0.262054186886315,TRUE,0.823854581934022,1.0010239442861
486,"rand=1-1_rate=1.5_ROB=LH_Bias=NRE strong","1-1",1.5,"LH","NRE strong",0,0.048790164169432,0.0953101798043249,0.048790164169432,0.182321556793955,0.300104592450338,0.0791464530748898,0.0802798193251271,0.00446908635937493,TRUE,0.438596229124665,1.00106904819137,-0.215314554708109,TRUE,0.522334568439679,1.0009937349518,-0.0334836789076538,TRUE,0.614949613621898,1.00098915706688,-0.392138785397918,TRUE,1.01906682984442,1.00098673400401
487,"rand=1-1_rate=1.5_ROB=LH_Bias=NRE strong","1-1",1.5,"LH","NRE strong",0,0.048790164169432,0.0953101798043249,0.048790164169432,0.182321556793955,0.300104592450338,0.0875729201234282,0.0884198349100663,-0.139586141300254,TRUE,0.500786839970715,1.00099394626354,-0.222082834388123,FALSE,0.331500674716842,1.00109866912275,-0.165838593219398,TRUE,0.55829035339756,1.00105493719411,-0.251294818773631,FALSE,0.551763636271223,1.00098890402466
488,"rand=1-1_rate=1.5_ROB=LH_Bias=NRE strong","1-1",1.5,"LH","NRE strong",0,0.048790164169432,0.0953101798043249,0.048790164169432,0.182321556793955,0.300104592450338,0.084419913992335,0.0867052352433456,-0.125676256400344,TRUE,0.716736110288378,1.00099077465541,-0.143063898354549,TRUE,0.459601420376325,1.00099506914566,0.0426852811551184,TRUE,0.55620216506853,1.00119926834902,-0.339552307689917,TRUE,0.790826486789823,1.00099294663908
489,"rand=1-1_rate=1.5_ROB=LH_Bias=NRE strong","1-1",1.5,"LH","NRE strong",0,0.048790164169432,0.0953101798043249,0.048790164169432,0.182321556793955,0.300104592450338,0.0957600678690255,0.100336584485028,0.0458763914152562,TRUE,0.52609160634627,1.00118307644159,-0.049116438124361,TRUE,0.420118408230887,1.00113349214487,0.0411553714706274,TRUE,0.577694488576231,1.00118037754488,-0.128395148344056,TRUE,0.771885718816391,1.00098836950738
490,"rand=1-1_rate=1.5_ROB=LH_Bias=NRE strong","1-1",1.5,"LH","NRE strong",0,0.048790164169432,0.0953101798043249,0.048790164169432,0.182321556793955,0.300104592450338,0.0890380058599589,0.0904880029960224,-0.148048576492401,TRUE,0.635662464297455,1.00102595581149,-0.217801855466071,TRUE,0.431692845377214,1.00100350963511,0.0680266018910092,TRUE,0.495549477802359,1.0009900283774,-0.417304777797201,FALSE,0.557672505704308,1.00099133887932
491,"rand=1-1_rate=1.5_ROB=LH_Bias=NRE strong","1-1",1.5,"LH","NRE strong",0,0.048790164169432,0.0953101798043249,0.048790164169432,0.182321556793955,0.300104592450338,0.0755350008347069,0.0774404563524389,-0.197865956748215,TRUE,0.585429550172872,1.00101696518367,-0.25163459837844,FALSE,0.384396397155083,1.00099484687795,-0.15464207300206,TRUE,0.548410982975733,1.00114539302138,-0.308413700528172,FALSE,0.677591029035193,1.00098998665913
492,"rand=1-1_rate=1.5_ROB=LH_Bias=NRE strong","1-1",1.5,"LH","NRE strong",0,0.048790164169432,0.0953101798043249,0.048790164169432,0.182321556793955,0.300104592450338,0.0889049998632631,0.0900260558745182,-0.150936213341473,TRUE,0.619071176875602,1.00105333753504,-0.112441747530414,TRUE,0.39545698858815,1.00099663729445,-0.238040439197036,TRUE,0.694162813198663,1.00112244186947,-0.0386688176962364,TRUE,0.557945971313465,1.00098812798325
493,"rand=1-1_rate=1.5_ROB=LH_Bias=NRE strong","1-1",1.5,"LH","NRE strong",0,0.048790164169432,0.0953101798043249,0.048790164169432,0.182321556793955,0.300104592450338,0.0921883075143512,0.0932123995378271,0.0663945374649083,TRUE,0.483405244407872,1.00107172549012,-0.0373475406298744,TRUE,0.378681674362064,1.00103015668175,0.00507007372827883,TRUE,0.450953180415179,1.00161343226587,-0.0781199577491258,TRUE,0.85631199697532,1.00099314816951
494,"rand=1-1_rate=1.5_ROB=LH_Bias=NRE strong","1-1",1.5,"LH","NRE strong",0,0.048790164169432,0.0953101798043249,0.048790164169432,0.182321556793955,0.300104592450338,0.0883641858912541,0.0912556625338795,-0.0361163079482814,TRUE,0.470804806020476,1.00109457300192,-0.144196352371185,TRUE,0.319052170740053,1.00100240535645,-0.0775175215340764,TRUE,0.52279584561664,1.00133293909301,-0.174605488820203,TRUE,0.500696176197606,1.00099672355532
495,"rand=1-1_rate=1.5_ROB=LH_Bias=NRE strong","1-1",1.5,"LH","NRE strong",0,0.048790164169432,0.0953101798043249,0.048790164169432,0.182321556793955,0.300104592450338,0.100867352889685,0.105028472066031,-0.0245669856095365,TRUE,0.573410159268685,1.00098856708589,-0.151000185951061,TRUE,0.485639030494245,1.00102214441989,-0.0973210308276218,TRUE,0.591224088667829,1.00106619181999,-0.198606124565261,TRUE,1.00239746797536,1.00099296030461
496,"rand=1-1_rate=1.5_ROB=LH_Bias=NRE strong","1-1",1.5,"LH","NRE strong",0,0.048790164169432,0.0953101798043249,0.048790164169432,0.182321556793955,0.300104592450338,0.0769205744927322,0.0774029654584467,-0.0638845611945784,TRUE,0.581898399122109,1.00135978320926,-0.103692471650405,TRUE,0.395205154467323,1.00098858975421,0.0514071320539752,TRUE,0.464224830862034,1.00104974647039,-0.228115907449742,TRUE,0.733679823865867,1.00100290036318
497,"rand=1-1_rate=1.5_ROB=LH_Bias=NRE strong","1-1",1.5,"LH","NRE strong",0,0.048790164169432,0.0953101798043249,0.048790164169432,0.182321556793955,0.300104592450338,0.0803096246196256,0.0829787901201389,0.0291920605681179,TRUE,0.422126755118819,1.00102292807427,-0.0930028018968081,TRUE,0.349759047394632,1.00098822730305,-0.00490862520408375,TRUE,0.483207819255271,1.00113286144538,-0.155249832346696,TRUE,0.640695713417216,1.00098928476718
498,"rand=1-1_rate=1.5_ROB=LH_Bias=NRE strong","1-1",1.5,"LH","NRE strong",0,0.048790164169432,0.0953101798043249,0.048790164169432,0.182321556793955,0.300104592450338,0.090644223258081,0.0926570292408298,-0.0698682732813729,TRUE,0.626271562476909,1.00100490207423,-0.0877431237449338,TRUE,0.423081178140257,1.00099259728763,0.0131101303482124,TRUE,0.490732964217516,1.00139427421581,-0.169089127605163,TRUE,0.902850167887495,1.00099575037799
499,"rand=1-1_rate=1.5_ROB=LH_Bias=NRE strong","1-1",1.5,"LH","NRE strong",0,0.048790164169432,0.0953101798043249,0.048790164169432,0.182321556793955,0.300104592450338,0.0930867348540936,0.0971140331446123,-0.0864810465823598,TRUE,0.625170042512356,1.00113814351035,-0.25285883876075,FALSE,0.479471678547139,1.00098668330987,-0.227818445937212,TRUE,0.592737363672564,1.00107379601957,-0.266813131301215,TRUE,1.00882921371081,1.00098742163705
500,"rand=1-1_rate=1.5_ROB=LH_Bias=NRE strong","1-1",1.5,"LH","NRE strong",0,0.048790164169432,0.0953101798043249,0.048790164169432,0.182321556793955,0.300104592450338,0.0887265601474223,0.0897923135260939,-0.149171128763249,TRUE,0.640625529487629,1.0010251062709,-0.196876290223177,TRUE,0.443169422029337,1.0010026622944,-0.0332459009438175,TRUE,0.50955480662697,1.00098909163526,-0.35143100735407,TRUE,0.885859087322817,1.0009970427005
501,"rand=1-1_rate=1.5_ROB=LH_Bias=NRE strong","1-1",1.5,"LH","NRE strong",0,0.048790164169432,0.0953101798043249,0.048790164169432,0.182321556793955,0.300104592450338,0.0961448937800781,0.0969575295866281,0.022040296012329,TRUE,0.61909153442096,1.00136099158624,-0.0593759700476946,TRUE,0.516832880741116,1.00106440099284,-0.0323709721158589,TRUE,0.563194656826265,1.00106965346762,-0.0874072668057857,TRUE,1.30948535947211,1.00098648649435
502,"rand=1-1_rate=1.5_ROB=LH_Bias=NRE strong","1-1",1.5,"LH","NRE strong",0,0.048790164169432,0.0953101798043249,0.048790164169432,0.182321556793955,0.300104592450338,0.0773289603243119,0.0790724004143968,-0.149741061830346,TRUE,0.57313876060624,1.00109875468006,-0.229790417259808,FALSE,0.393600827019752,1.00101312296651,-0.226515712442243,TRUE,0.568310435073686,1.00159533270339,-0.228336173106961,TRUE,0.716538926898884,1.00098599241001
503,"rand=1-1_rate=1.5_ROB=LH_Bias=NRE strong","1-1",1.5,"LH","NRE strong",0,0.048790164169432,0.0953101798043249,0.048790164169432,0.182321556793955,0.300104592450338,0.0842361960799125,0.0869439472698655,-0.0976980462481367,TRUE,0.527804456189347,1.00111403814716,-0.172754800143848,FALSE,0.314863025305432,1.00105986057112,-0.0617530293653137,TRUE,0.63461586658845,1.00102959019171,-0.218883349065926,FALSE,0.407786825222907,1.00100383101308
504,"rand=1-1_rate=1.5_ROB=LH_Bias=NRE strong","1-1",1.5,"LH","NRE strong",0,0.048790164169432,0.0953101798043249,0.048790164169432,0.182321556793955,0.300104592450338,0.0959158558889194,0.0973042344934238,-0.10030458770744,TRUE,0.584183249288643,1.00099223141846,-0.215048561376783,TRUE,0.481424294444945,1.00098865240111,-0.191444135274702,TRUE,0.536305848867686,1.00105401319174,-0.232318609266918,TRUE,1.10938229756131,1.00098647367033
505,"rand=1-1_rate=1.5_ROB=LH_Bias=NRE strong","1-1",1.5,"LH","NRE strong",0,0.048790164169432,0.0953101798043249,0.048790164169432,0.182321556793955,0.300104592450338,0.0878580090317378,0.0900336284993185,0.0442567465178962,TRUE,0.515777224294482,1.00099845911386,-0.216809594692944,TRUE,0.557665482970851,1.00107782916887,-0.168759449710437,TRUE,0.708272427758502,1.00122533391915,-0.268714557607812,TRUE,1.21689446395245,1.00099101107075
506,"rand=1-1_rate=1.5_ROB=LH_Bias=NRE strong","1-1",1.5,"LH","NRE strong",0,0.048790164169432,0.0953101798043249,0.048790164169432,0.182321556793955,0.300104592450338,0.104735040723125,0.10698208438092,-0.169500107858324,TRUE,0.59594324681928,1.00099356586386,-0.21832872720881,FALSE,0.396450670241922,1.00107012506569,-0.235610061829559,TRUE,0.618471683898384,1.00102408510205,-0.207817390743375,TRUE,0.695269253707406,1.00103192201833
507,"rand=1-1_rate=1.5_ROB=LH_Bias=NRE strong","1-1",1.5,"LH","NRE strong",0,0.048790164169432,0.0953101798043249,0.048790164169432,0.182321556793955,0.300104592450338,0.0802207763629263,0.0832622386383596,0.106540008666306,TRUE,0.428372549702233,1.00101451877734,-0.0128819841521963,TRUE,0.31515604293575,1.00101449300242,-0.15732297776701,TRUE,0.666506453911803,1.00100988336853,0.0497698970391045,TRUE,0.364578145703665,1.00098842771151
508,"rand=1-1_rate=1.5_ROB=LH_Bias=NRE strong","1-1",1.5,"LH","NRE strong",0,0.048790164169432,0.0953101798043249,0.048790164169432,0.182321556793955,0.300104592450338,0.0978861070772631,0.098700070130251,-0.00359818574863913,TRUE,0.686078475450675,1.00105212401533,-0.180471641978574,TRUE,0.609448353519199,1.00098818123216,-0.0777371474241082,TRUE,0.858684175328144,1.00102173270845,-0.307026891773985,TRUE,1.15547073380508,1.00101058935224
509,"rand=1-1_rate=1.5_ROB=LH_Bias=NRE strong","1-1",1.5,"LH","NRE strong",0,0.048790164169432,0.0953101798043249,0.048790164169432,0.182321556793955,0.300104592450338,0.0816872246440646,0.0839698169582681,-0.14378645813332,TRUE,0.496554853202787,1.00104672872956,-0.206006772127686,FALSE,0.282032062432133,1.00098724540506,-0.0523435486576136,TRUE,0.501401714945722,1.00105118169151,-0.258117706883672,FALSE,0.396793491223149,1.00098618049509
510,"rand=1-1_rate=1.5_ROB=LH_Bias=NRE strong","1-1",1.5,"LH","NRE strong",0,0.048790164169432,0.0953101798043249,0.048790164169432,0.182321556793955,0.300104592450338,0.085701771511055,0.086908424458062,-0.134857046280832,TRUE,0.556877319050641,1.00099077343212,-0.183457305579911,FALSE,0.333388103441068,1.00099556293316,-0.134141717792433,TRUE,0.592301911055148,1.00098987461272,-0.207421931569255,TRUE,0.506787578686498,1.0010065712657
511,"rand=1-1_rate=1.5_ROB=LH_Bias=NRE strong","1-1",1.5,"LH","NRE strong",0,0.048790164169432,0.0953101798043249,0.048790164169432,0.182321556793955,0.300104592450338,0.0805791021726723,0.082945365376602,-0.0865908389913184,TRUE,0.577084427960794,1.00116169436549,-0.240795846393944,FALSE,0.493672851048172,1.00098611426059,-0.146476498235303,TRUE,0.660438816148093,1.00098625831796,-0.338990408177597,TRUE,0.962673715381713,1.00099480882189
512,"rand=1-1_rate=1.5_ROB=LH_Bias=NRE strong","1-1",1.5,"LH","NRE strong",0,0.048790164169432,0.0953101798043249,0.048790164169432,0.182321556793955,0.300104592450338,0.0971323127858162,0.100572800688572,-0.0170411943601438,TRUE,0.554659401686752,1.00098600096282,-0.125173762182764,TRUE,0.435328652428568,1.00099095164877,-0.130603133099434,TRUE,0.576324622818805,1.00114690641298,-0.118845420901351,TRUE,0.843459487474394,1.00100126560365
513,"rand=1-1_rate=1.5_ROB=LH_Bias=NRE strong","1-1",1.5,"LH","NRE strong",0,0.048790164169432,0.0953101798043249,0.048790164169432,0.182321556793955,0.300104592450338,0.0923701794281631,0.096901852634452,-0.123023375588944,TRUE,0.623666868391384,1.00100148132615,-0.153038000928865,TRUE,0.482511352396557,1.00107231488439,-0.103984278036314,TRUE,0.50879519100356,1.00132996139074,-0.21336163298774,TRUE,1.17541889785754,1.00098650845549
514,"rand=1-1_rate=1.5_ROB=LH_Bias=NRE strong","1-1",1.5,"LH","NRE strong",0,0.048790164169432,0.0953101798043249,0.048790164169432,0.182321556793955,0.300104592450338,0.0928766234015816,0.0932236056517182,-0.191576670379906,TRUE,0.705754329070036,1.00110889446305,-0.164290103915258,TRUE,0.523865424671057,1.00105137129961,-0.244170090866811,TRUE,0.613567653415041,1.00101627749942,-0.0890654803640596,TRUE,1.15089609867402,1.00098712609261
515,"rand=1-1_rate=1.5_ROB=LH_Bias=NRE strong","1-1",1.5,"LH","NRE strong",0,0.048790164169432,0.0953101798043249,0.048790164169432,0.182321556793955,0.300104592450338,0.0746458400751613,0.0818515623728445,-0.0592321100398252,TRUE,0.476186843753728,1.00099835028341,-0.152200971503726,TRUE,0.348882011803927,1.001022683078,-0.0864381246130204,TRUE,0.562122576687536,1.00106324696946,-0.19075110284636,TRUE,0.564671077758092,1.00098614622132
516,"rand=1-1_rate=1.5_ROB=LH_Bias=NRE strong","1-1",1.5,"LH","NRE strong",0,0.048790164169432,0.0953101798043249,0.048790164169432,0.182321556793955,0.300104592450338,0.0963457207181186,0.0973949533907956,-0.0340834354004498,TRUE,0.499678386430028,1.00126948565887,-0.165176644024762,TRUE,0.387126742674084,1.00102981211206,0.0972485809274277,TRUE,0.440334691860883,1.0014327852803,-0.339064129854937,FALSE,0.610690335889994,1.00098649404419
517,"rand=1-1_rate=1.5_ROB=LH_Bias=NRE strong","1-1",1.5,"LH","NRE strong",0,0.048790164169432,0.0953101798043249,0.048790164169432,0.182321556793955,0.300104592450338,0.0986659998659742,0.0991640883515828,-0.077109823424147,TRUE,0.626061359589953,1.00099267730701,-0.11838123164537,TRUE,0.441052866827018,1.00098684047178,-0.0127397346246336,TRUE,0.631361961607341,1.00100438005818,-0.214024958498034,TRUE,0.773769056413559,1.00098605201286
518,"rand=1-1_rate=1.5_ROB=LH_Bias=NRE strong","1-1",1.5,"LH","NRE strong",0,0.048790164169432,0.0953101798043249,0.048790164169432,0.182321556793955,0.300104592450338,0.0897318730643773,0.0901088069120815,-0.161192779934472,TRUE,0.526398502284105,1.00110104299152,-0.281183517726261,FALSE,0.450173728925513,1.00099575196838,-0.185907550084464,TRUE,0.878498627017376,1.00101184919579,-0.352976079622091,FALSE,0.494096522751243,1.00100167659595
519,"rand=1-1_rate=1.5_ROB=LH_Bias=NRE strong","1-1",1.5,"LH","NRE strong",0,0.048790164169432,0.0953101798043249,0.048790164169432,0.182321556793955,0.300104592450338,0.0995285479772779,0.100693613683314,-0.111239901426974,TRUE,0.478325922232241,1.00115232343864,-0.190029872774417,FALSE,0.365581493103454,1.00101143651283,-0.0472024542331764,TRUE,0.496366528121579,1.0010098553945,-0.286615684057731,FALSE,0.606950085991592,1.00100412531576
520,"rand=1-1_rate=1.5_ROB=LH_Bias=NRE strong","1-1",1.5,"LH","NRE strong",0,0.048790164169432,0.0953101798043249,0.048790164169432,0.182321556793955,0.300104592450338,0.0887453355329264,0.0905029983382006,0.0103542512155437,TRUE,0.544967914876904,1.00103970710265,-0.0984468912198218,TRUE,0.415046655751832,1.00100398536439,0.0341829352876089,TRUE,0.494005055710724,1.00157499406866,-0.210163008076463,TRUE,0.816699252746573,1.00100968776076
521,"rand=1-1_rate=1.5_ROB=LH_Bias=NRE strong","1-1",1.5,"LH","NRE strong",0,0.048790164169432,0.0953101798043249,0.048790164169432,0.182321556793955,0.300104592450338,0.0953540953053551,0.0982663889304431,-0.0490658090999225,TRUE,0.535035123514784,1.00124590380921,-0.148575364956161,TRUE,0.361589325141049,1.00099642091303,-0.129215386230112,TRUE,0.574205653325505,1.00145533387808,-0.157461226825975,TRUE,0.613132131428272,1.00098680854155
522,"rand=1-1_rate=1.5_ROB=LH_Bias=NRE strong","1-1",1.5,"LH","NRE strong",0,0.048790164169432,0.0953101798043249,0.048790164169432,0.182321556793955,0.300104592450338,0.102007889639761,0.107141796001653,-0.0809337522301079,TRUE,0.623865834590293,1.00099311721771,-0.185496118280944,TRUE,0.488550469570906,1.00104939393661,-0.124667331691407,TRUE,0.808842030479603,1.00099189414786,-0.237658710179024,TRUE,0.72740661166386,1.00099846880034
523,"rand=1-1_rate=1.5_ROB=LH_Bias=NRE strong","1-1",1.5,"LH","NRE strong",0,0.048790164169432,0.0953101798043249,0.048790164169432,0.182321556793955,0.300104592450338,0.0930883834312866,0.0943245894272115,0.00287011586134089,TRUE,0.495434757347874,1.00118808749884,-0.186951587067051,TRUE,0.472296026172737,1.00101448515324,-0.135539301979882,TRUE,0.541359050457505,1.00204084451891,-0.238180352461071,TRUE,1.04827085631677,1.00098663948714
524,"rand=1-1_rate=1.5_ROB=LH_Bias=NRE strong","1-1",1.5,"LH","NRE strong",0,0.048790164169432,0.0953101798043249,0.048790164169432,0.182321556793955,0.300104592450338,0.0961122599869279,0.0980998654667985,-0.0284680303651965,TRUE,0.531015729636224,1.00114309261326,-0.115865466090484,TRUE,0.38684369925844,1.00100838438544,0.0815435680182954,TRUE,0.508910236238285,1.00101612649422,-0.252144258301301,FALSE,0.566945106072843,1.00098616288371
525,"rand=1-1_rate=1.5_ROB=LH_Bias=NRE strong","1-1",1.5,"LH","NRE strong",0,0.048790164169432,0.0953101798043249,0.048790164169432,0.182321556793955,0.300104592450338,0.0926842027945542,0.0933912396141371,0.0686189258410457,TRUE,0.475404491169243,1.00126406911078,-0.0615710437222816,TRUE,0.416804787851719,1.00098789010259,0.0951527307801187,TRUE,0.408563514205426,1.00103182185759,-0.225471166042521,TRUE,0.99327124532085,1.00102780203442
526,"rand=1-1_rate=1.5_ROB=LH_Bias=NRE strong","1-1",1.5,"LH","NRE strong",0,0.048790164169432,0.0953101798043249,0.048790164169432,0.182321556793955,0.300104592450338,0.100086813039217,0.101063524971135,0.0574326775803432,TRUE,0.475051057144883,1.00124325592728,-0.0845265995899975,TRUE,0.384668051265194,1.0009897408272,0.0937800162349388,TRUE,0.416994079339218,1.00146090250111,-0.227356789233157,TRUE,0.79740030127271,1.00103688638619
527,"rand=1-1_rate=1.5_ROB=LH_Bias=NRE strong","1-1",1.5,"LH","NRE strong",0,0.048790164169432,0.0953101798043249,0.048790164169432,0.182321556793955,0.300104592450338,0.0726780380351137,0.0750536162408933,-0.00650387574917177,TRUE,0.551772064081455,1.00115869251226,-0.0888628567652738,TRUE,0.419059400161388,1.00098599573295,-0.0156696574894475,TRUE,0.493334427818705,1.00227312609612,-0.156590564294228,TRUE,0.943091327578524,1.00098601732454
528,"rand=1-1_rate=1.5_ROB=LH_Bias=NRE strong","1-1",1.5,"LH","NRE strong",0,0.048790164169432,0.0953101798043249,0.048790164169432,0.182321556793955,0.300104592450338,0.0757651256374952,0.0770343173595371,-0.177581309960394,TRUE,0.808937040153684,1.00101071483741,-0.158913574994812,TRUE,0.534956331308178,1.00098970409464,-0.20182655788548,TRUE,0.783382161882549,1.00103925056843,-0.117794412412236,TRUE,0.948729580087528,1.00098751260627
529,"rand=1-1_rate=1.5_ROB=LH_Bias=NRE strong","1-1",1.5,"LH","NRE strong",0,0.048790164169432,0.0953101798043249,0.048790164169432,0.182321556793955,0.300104592450338,0.0952206830173303,0.0970872128871048,0.0403670577961344,TRUE,0.495505110040904,1.00098714640419,-0.0383647236813842,TRUE,0.361109200277409,1.00100480895562,0.0224928829348334,TRUE,0.510098232699552,1.0009985480572,-0.0796222581319039,TRUE,0.650751623342739,1.00101174810198
530,"rand=1-1_rate=1.5_ROB=LH_Bias=NRE strong","1-1",1.5,"LH","NRE strong",0,0.048790164169432,0.0953101798043249,0.048790164169432,0.182321556793955,0.300104592450338,0.0895959598813456,0.0902233045784354,0.0991714957393436,TRUE,0.447873208019407,1.00101220060389,-0.0324310614012333,TRUE,0.4152567731846,1.00098991831974,0.0827932410509512,TRUE,0.473722466618232,1.00151118216975,-0.147348037113023,TRUE,0.870490338487303,1.0010046691382
531,"rand=1-1_rate=1.5_ROB=LH_Bias=NRE strong","1-1",1.5,"LH","NRE strong",0,0.048790164169432,0.0953101798043249,0.048790164169432,0.182321556793955,0.300104592450338,0.0915446868020709,0.0938823052225294,-0.0203648496085702,TRUE,0.557314283494163,1.00101118985401,-0.0848637427066266,TRUE,0.395021526688969,1.00099107512803,-0.148759489040503,TRUE,0.66172497926885,1.00103483830827,-0.0416109012833339,TRUE,0.619969850299632,1.00099445488793
532,"rand=1-1_rate=1.5_ROB=LH_Bias=NRE strong","1-1",1.5,"LH","NRE strong",0,0.048790164169432,0.0953101798043249,0.048790164169432,0.182321556793955,0.300104592450338,0.0968590544161449,0.0979149751928393,-0.144281935713442,TRUE,0.578871325032002,1.00100696215485,-0.184410605982251,FALSE,0.373348401982345,1.00099960818315,-0.080655839355914,TRUE,0.54617317499288,1.00098627186254,-0.250744407712055,TRUE,0.63456007081658,1.00103085005784
533,"rand=1-1_rate=1.5_ROB=LH_Bias=NRE strong","1-1",1.5,"LH","NRE strong",0,0.048790164169432,0.0953101798043249,0.048790164169432,0.182321556793955,0.300104592450338,0.0796649604473862,0.080511363023347,-0.161060986492863,TRUE,0.574252812826202,1.00099188003763,-0.225527000383135,FALSE,0.387497791547909,1.00099109521604,-0.172535205738805,TRUE,0.558990946145373,1.00099198961303,-0.261400309690902,TRUE,0.680863591653607,1.00102199304285
534,"rand=1-1_rate=1.5_ROB=LH_Bias=NRE strong","1-1",1.5,"LH","NRE strong",0,0.048790164169432,0.0953101798043249,0.048790164169432,0.182321556793955,0.300104592450338,0.0965888025364819,0.0978485644091766,-0.11435368175983,TRUE,0.65435078354225,1.00105311546608,-0.100227885544852,TRUE,0.444746263080709,1.00107835046749,-0.0823644184684473,TRUE,0.560147752504647,1.00150633129338,-0.128000068017756,TRUE,0.941342012934464,1.00102957786594
535,"rand=1-1_rate=1.5_ROB=LH_Bias=NRE strong","1-1",1.5,"LH","NRE strong",0,0.048790164169432,0.0953101798043249,0.048790164169432,0.182321556793955,0.300104592450338,0.0867529983711138,0.0879711124190792,-0.0108534511083929,TRUE,0.522944882106833,1.00101674213341,-0.106551518864918,TRUE,0.387508318587283,1.00101259217986,0.0126228807573567,TRUE,0.45008573212704,1.00173443706412,-0.201326862736774,TRUE,0.852194325757766,1.00098657400739
536,"rand=1-1_rate=1.5_ROB=LH_Bias=NRE strong","1-1",1.5,"LH","NRE strong",0,0.048790164169432,0.0953101798043249,0.048790164169432,0.182321556793955,0.300104592450338,0.0806000519925976,0.0813734598942011,-0.0884657359342651,TRUE,0.541860287142829,1.00098626811136,-0.202679204489012,FALSE,0.394105546662507,1.00101724098221,-0.150522740873347,TRUE,0.514541744960764,1.00101922899843,-0.240213341113974,TRUE,0.808441478429937,1.00098616414358
537,"rand=1-1_rate=1.5_ROB=LH_Bias=NRE strong","1-1",1.5,"LH","NRE strong",0,0.048790164169432,0.0953101798043249,0.048790164169432,0.182321556793955,0.300104592450338,0.0926761774083749,0.0970700509293922,0.135129296943202,TRUE,0.486959619512126,1.00100300807887,-0.0272022717901048,TRUE,0.444357274673858,1.00105940904547,0.00178113271621627,TRUE,0.579337885645101,1.0009891713106,-0.0514825664519554,TRUE,0.884984560318449,1.00100527791264
538,"rand=1-1_rate=1.5_ROB=LH_Bias=NRE strong","1-1",1.5,"LH","NRE strong",0,0.048790164169432,0.0953101798043249,0.048790164169432,0.182321556793955,0.300104592450338,0.101550798897444,0.102807932614835,-0.0584230612788961,TRUE,0.674165870874721,1.00100678379495,-0.0937656191750098,TRUE,0.471806854820301,1.0009868117289,0.108299672640364,TRUE,0.45449006269754,1.00105211494091,-0.338029015835027,TRUE,1.00359384548848,1.00102165271076
539,"rand=1-1_rate=1.5_ROB=LH_Bias=NRE strong","1-1",1.5,"LH","NRE strong",0,0.048790164169432,0.0953101798043249,0.048790164169432,0.182321556793955,0.300104592450338,0.0922779745058122,0.0934724264179881,-0.150184369307821,TRUE,0.740297315730094,1.00100656260158,-0.214896218770547,TRUE,0.559848508469456,1.0010458060948,-0.237275189770076,TRUE,0.742001331956387,1.00099009066206,-0.191057178293002,TRUE,1.1229297882943,1.00103953854391
540,"rand=1-1_rate=1.5_ROB=LH_Bias=NRE strong","1-1",1.5,"LH","NRE strong",0,0.048790164169432,0.0953101798043249,0.048790164169432,0.182321556793955,0.300104592450338,0.0809966404748128,0.0842304995554584,0.0932590005660293,TRUE,0.527697623754782,1.00098832306867,0.0259769712350051,TRUE,0.396965134753071,1.00099369117934,0.149227353712296,TRUE,0.427130613950684,1.00100530785213,-0.106853756588066,TRUE,0.859382635242169,1.00099520926386
541,"rand=1-1_rate=1.5_ROB=LH_Bias=NRE strong","1-1",1.5,"LH","NRE strong",0,0.048790164169432,0.0953101798043249,0.048790164169432,0.182321556793955,0.300104592450338,0.0959761016905068,0.0973035286155715,-0.173759260440787,TRUE,0.676249234005422,1.00100676273394,-0.190845438902505,TRUE,0.461113344649597,1.00103293310388,-0.162040205503265,TRUE,0.622687516093413,1.0012136293775,-0.218268788324981,TRUE,0.899834176996339,1.00098775798282
542,"rand=1-1_rate=1.5_ROB=LH_Bias=NRE strong","1-1",1.5,"LH","NRE strong",0,0.048790164169432,0.0953101798043249,0.048790164169432,0.182321556793955,0.300104592450338,0.0769868797011226,0.0778634132428617,-0.0671390239263083,TRUE,0.492057074477756,1.00098643146917,-0.16428287926402,TRUE,0.348613262563482,1.00105884253122,-0.110041149754777,TRUE,0.499277139769422,1.00160051939908,-0.20262140674743,TRUE,0.657934039742763,1.0010678286719
543,"rand=1-1_rate=1.5_ROB=LH_Bias=NRE strong","1-1",1.5,"LH","NRE strong",0,0.048790164169432,0.0953101798043249,0.048790164169432,0.182321556793955,0.300104592450338,0.0877089400262341,0.089468859314165,-0.028764584254205,TRUE,0.47689234182166,1.00100384693963,-0.120114692718311,TRUE,0.364581047263669,1.00121605718225,-0.259169167311488,TRUE,0.823956674425187,1.00101700462528,-0.0427276797209677,TRUE,0.352015299911256,1.00104520355815
544,"rand=1-1_rate=1.5_ROB=LH_Bias=NRE strong","1-1",1.5,"LH","NRE strong",0,0.048790164169432,0.0953101798043249,0.048790164169432,0.182321556793955,0.300104592450338,0.096878366500616,0.0980765860297354,-0.245225286116701,FALSE,0.516719525282741,1.00099506845009,-0.378198884586202,FALSE,0.377837816851859,1.00114526965838,-0.271022215648618,TRUE,0.618427993645484,1.00167579561693,-0.431630915187772,FALSE,0.610388422883783,1.00098937834875
545,"rand=1-1_rate=1.5_ROB=LH_Bias=NRE strong","1-1",1.5,"LH","NRE strong",0,0.048790164169432,0.0953101798043249,0.048790164169432,0.182321556793955,0.300104592450338,0.0840739684627198,0.085863305451927,-0.0416695004925374,TRUE,0.52877296200359,1.00099780131189,-0.170405601744835,TRUE,0.414558602937047,1.0010526540429,0.0444772597866877,TRUE,0.443088235687,1.00115784879231,-0.349026609468293,TRUE,0.855493031082504,1.00099419450291
546,"rand=1-1_rate=1.5_ROB=LH_Bias=NRE strong","1-1",1.5,"LH","NRE strong",0,0.048790164169432,0.0953101798043249,0.048790164169432,0.182321556793955,0.300104592450338,0.0792301182714153,0.0800991303583145,-0.185570014312332,TRUE,0.479501207473012,1.00107406990126,-0.23423494325845,FALSE,0.265745188035585,1.00114997248035,-0.176875815727732,TRUE,0.557087474886489,1.001353165752,-0.2499819902311,FALSE,0.359746958190791,1.00099905414266
547,"rand=1-1_rate=1.5_ROB=LH_Bias=NRE strong","1-1",1.5,"LH","NRE strong",0,0.048790164169432,0.0953101798043249,0.048790164169432,0.182321556793955,0.300104592450338,0.0824531772086076,0.0838807860884861,0.043635174419081,TRUE,0.533281166864669,1.00098599051616,-0.0739937502565076,TRUE,0.479281232517982,1.00101211584091,0.0749106055883917,TRUE,0.508964470785861,1.00100427118176,-0.25227323198335,TRUE,1.04784940365098,1.00098833709517
548,"rand=1-1_rate=1.5_ROB=LH_Bias=NRE strong","1-1",1.5,"LH","NRE strong",0,0.048790164169432,0.0953101798043249,0.048790164169432,0.182321556793955,0.300104592450338,0.0945519667230434,0.0972866285490782,-0.2106808421037,TRUE,0.586729182203586,1.00114260088052,-0.204438113282207,FALSE,0.336659914274547,1.00130761769399,-0.191584885596419,TRUE,0.631274300351117,1.00099338221922,-0.212890254853461,TRUE,0.497061637923014,1.00105692924414
549,"rand=1-1_rate=1.5_ROB=LH_Bias=NRE strong","1-1",1.5,"LH","NRE strong",0,0.048790164169432,0.0953101798043249,0.048790164169432,0.182321556793955,0.300104592450338,0.0970060955058476,0.0978937621425125,-0.10478263927726,TRUE,0.610838665956985,1.00115378263898,-0.27822826491323,FALSE,0.574789500624502,1.00098879608185,-0.0665454320041237,TRUE,0.486244608377502,1.00104508862535,-0.571211405256586,TRUE,1.53153070695677,1.00101613892539
550,"rand=1-1_rate=1.5_ROB=LH_Bias=NRE strong","1-1",1.5,"LH","NRE strong",0,0.048790164169432,0.0953101798043249,0.048790164169432,0.182321556793955,0.300104592450338,0.0939805760275377,0.0952423178245297,0.0600711655676718,TRUE,0.514076759667346,1.00101202383418,-0.0338140606420114,TRUE,0.43950920668249,1.00099227774066,0.0276791177622953,TRUE,0.488685041463777,1.00107056236593,-0.0924281148613559,TRUE,1.00463354820287,1.00101029636804
551,"rand=1-1_rate=1.5_ROB=LH_Bias=NRE strong","1-1",1.5,"LH","NRE strong",0,0.048790164169432,0.0953101798043249,0.048790164169432,0.182321556793955,0.300104592450338,0.101992830309008,0.102890206962817,0.0128553887894295,TRUE,0.544174802310773,1.00119311552073,-0.0908860475803088,TRUE,0.436435803931186,1.00100709125594,-0.0869418048025097,TRUE,0.576189835504092,1.00125154678101,-0.0920957330854812,TRUE,0.855069854181978,1.00100805654525
552,"rand=1-1_rate=1.5_ROB=LH_Bias=NRE strong","1-1",1.5,"LH","NRE strong",0,0.048790164169432,0.0953101798043249,0.048790164169432,0.182321556793955,0.300104592450338,0.0825437615623674,0.0838935787524042,0.0233140448621368,TRUE,0.524501679996221,1.00121076806059,-0.103162223264724,TRUE,0.371705114962729,1.00104284450931,-0.0661601468299213,TRUE,0.565114174339404,1.0011720013796,-0.118153125368968,TRUE,0.635553376485289,1.0010095976568
553,"rand=1-1_rate=1.5_ROB=LH_Bias=NRE strong","1-1",1.5,"LH","NRE strong",0,0.048790164169432,0.0953101798043249,0.048790164169432,0.182321556793955,0.300104592450338,0.108706254423779,0.109392979210465,-0.0398031812357567,TRUE,0.557123003099585,1.00103586919117,-0.21741653437066,TRUE,0.513611326523659,1.00100883013446,-0.0984782294380502,TRUE,0.760427723212234,1.0010034744979,-0.32799521130441,TRUE,0.842056579401738,1.00099179889386
554,"rand=1-1_rate=1.5_ROB=LH_Bias=NRE strong","1-1",1.5,"LH","NRE strong",0,0.048790164169432,0.0953101798043249,0.048790164169432,0.182321556793955,0.300104592450338,0.0868410453876267,0.0892987229567423,0.0888847060643894,TRUE,0.544556350106366,1.00106758337086,-0.0714853541006086,TRUE,0.473389018171014,1.00098674095887,-0.186139547335919,TRUE,0.94755965215465,1.00099556595773,0.00557226675084921,TRUE,0.570613303861003,1.00105138026467
555,"rand=1-1_rate=1.5_ROB=LH_Bias=NRE strong","1-1",1.5,"LH","NRE strong",0,0.048790164169432,0.0953101798043249,0.048790164169432,0.182321556793955,0.300104592450338,0.0747553590344513,0.0764250946050158,-0.0159999976276473,TRUE,0.61185358019431,1.00103149886393,-0.110301615575073,TRUE,0.432443763832945,1.00098746627023,-0.18543929070697,TRUE,0.587773027546252,1.00099963655355,-0.0614193684821183,TRUE,0.830265254115049,1.00101056667557
556,"rand=1-1_rate=1.5_ROB=LH_Bias=NRE strong","1-1",1.5,"LH","NRE strong",0,0.048790164169432,0.0953101798043249,0.048790164169432,0.182321556793955,0.300104592450338,0.102452836056181,0.102594895306867,-0.311018307906005,FALSE,0.607480096617651,1.00185133501211,-0.271122744527575,FALSE,0.354188156060772,1.00102214185799,-0.18752976292299,TRUE,0.547811217773871,1.00099265220492,-0.311949735178281,FALSE,0.606481551670212,1.0010000039363
557,"rand=1-1_rate=1.5_ROB=LH_Bias=NRE strong","1-1",1.5,"LH","NRE strong",0,0.048790164169432,0.0953101798043249,0.048790164169432,0.182321556793955,0.300104592450338,0.0849114287116067,0.0866600289899205,-0.00640066285414354,TRUE,0.583189731617075,1.00141444361661,-0.128399590864845,TRUE,0.503227066545962,1.00098653782436,-0.155962536101478,TRUE,0.534292335876981,1.00388666609284,-0.114799680238347,TRUE,1.18985774603004,1.00098840325532
558,"rand=1-1_rate=1.5_ROB=LH_Bias=NRE strong","1-1",1.5,"LH","NRE strong",0,0.048790164169432,0.0953101798043249,0.048790164169432,0.182321556793955,0.300104592450338,0.0711455288926003,0.0795567902727141,-0.0985166595697375,TRUE,0.481367364208916,1.00107741903483,-0.162214537581624,FALSE,0.332707438858171,1.00098699944259,-0.119311529440028,TRUE,0.503426672462046,1.00099728811287,-0.193057350274313,TRUE,0.609575677481775,1.00098617576547
559,"rand=1-1_rate=1.5_ROB=LH_Bias=NRE strong","1-1",1.5,"LH","NRE strong",0,0.048790164169432,0.0953101798043249,0.048790164169432,0.182321556793955,0.300104592450338,0.0800980882784224,0.0816770277345394,-0.0269326137170776,TRUE,0.594285159236967,1.00108008393671,-0.151548015761771,TRUE,0.516581568921096,1.00102889567919,-0.0900644628846958,TRUE,0.610900942345257,1.00113445579685,-0.217246062841829,TRUE,1.13471396730681,1.00098653145922
560,"rand=1-1_rate=1.5_ROB=LH_Bias=NRE strong","1-1",1.5,"LH","NRE strong",0,0.048790164169432,0.0953101798043249,0.048790164169432,0.182321556793955,0.300104592450338,0.0941681585486377,0.0963112526554001,-0.22259790013796,TRUE,0.593022749050892,1.00101818434956,-0.212079109210745,FALSE,0.359635994391037,1.00100170615999,-0.22347034419604,TRUE,0.563862441302685,1.00130168963111,-0.208143600810495,TRUE,0.616355645355666,1.00100183898084
561,"rand=1-1_rate=1.5_ROB=LH_Bias=NRE strong","1-1",1.5,"LH","NRE strong",0,0.048790164169432,0.0953101798043249,0.048790164169432,0.182321556793955,0.300104592450338,0.0918856185044324,0.0935149380584596,0.0815969113409518,TRUE,0.503056907592937,1.00108015253872,-0.0340595706393156,TRUE,0.385189803781295,1.00098607741163,0.0840890121929226,TRUE,0.537892510350658,1.00110783973992,-0.133984288844036,TRUE,0.650261504866874,1.00099722925308
562,"rand=1-1_rate=1.5_ROB=LH_Bias=NRE strong","1-1",1.5,"LH","NRE strong",0,0.048790164169432,0.0953101798043249,0.048790164169432,0.182321556793955,0.300104592450338,0.0823715980752171,0.0864809805775194,-0.111614214325553,TRUE,0.512160950567288,1.00204181206318,-0.238889312154537,FALSE,0.433270576143456,1.00102614786467,-0.0614384077038379,TRUE,0.476396488560778,1.0011592221143,-0.396437551953041,FALSE,0.941735860632421,1.00099391845556
563,"rand=1-1_rate=1.5_ROB=LH_Bias=NRE strong","1-1",1.5,"LH","NRE strong",0,0.048790164169432,0.0953101798043249,0.048790164169432,0.182321556793955,0.300104592450338,0.0838789485609715,0.0854811099853958,-0.132129628333181,TRUE,0.61688840200909,1.00179920708785,-0.127001467577707,TRUE,0.428813760048254,1.00100103144643,-0.179534552258641,TRUE,0.56285514348331,1.00115975253247,-0.0907527449727208,TRUE,0.860665626823321,1.00100099542536
564,"rand=1-1_rate=1.5_ROB=LH_Bias=NRE strong","1-1",1.5,"LH","NRE strong",0,0.048790164169432,0.0953101798043249,0.048790164169432,0.182321556793955,0.300104592450338,0.0867053059597438,0.0886962114314723,-0.0326586289621222,TRUE,0.592358253510405,1.00098761696358,-0.0591100838909824,TRUE,0.434700757576,1.00098625225737,-0.0734447740756965,TRUE,0.53132745490224,1.00106973577339,-0.0443247762966668,TRUE,0.918956391725919,1.0009932883792
565,"rand=1-1_rate=1.5_ROB=LH_Bias=NRE strong","1-1",1.5,"LH","NRE strong",0,0.048790164169432,0.0953101798043249,0.048790164169432,0.182321556793955,0.300104592450338,0.0785165598443895,0.0791536615047631,0.0441467926309479,TRUE,0.615624474874514,1.0009860603082,-0.164316037532507,TRUE,0.499385011852196,1.00098727450486,-0.294918236729563,TRUE,0.729762493747303,1.00107996725487,-0.0472743707936514,TRUE,0.8515957530635,1.00100266489496
566,"rand=1-1_rate=1.5_ROB=LH_Bias=NRE strong","1-1",1.5,"LH","NRE strong",0,0.048790164169432,0.0953101798043249,0.048790164169432,0.182321556793955,0.300104592450338,0.0837526700784523,0.0854129043538854,0.108096687224973,TRUE,0.564195799401663,1.00099824362265,-0.155877063733832,TRUE,0.517876032653495,1.00098838976802,-0.0114876034253257,TRUE,0.572463635289376,1.00138039781127,-0.286641166924576,TRUE,1.1528565298635,1.00099030785191
567,"rand=1-1_rate=1.5_ROB=LH_Bias=NRE strong","1-1",1.5,"LH","NRE strong",0,0.048790164169432,0.0953101798043249,0.048790164169432,0.182321556793955,0.300104592450338,0.106245429335472,0.107894396208544,-0.205604811681354,TRUE,0.498908343383758,1.00104795370738,-0.319880809630674,FALSE,0.351698878565893,1.00102985578772,-0.0724905011945232,TRUE,0.532780938174822,1.00100761641851,-0.424503536724187,FALSE,0.450655610301945,1.000986098408
568,"rand=1-1_rate=1.5_ROB=LH_Bias=NRE strong","1-1",1.5,"LH","NRE strong",0,0.048790164169432,0.0953101798043249,0.048790164169432,0.182321556793955,0.300104592450338,0.087700144132941,0.0886964788130148,-0.205895338986548,TRUE,0.610653302654343,1.00142794750845,-0.32428608312262,FALSE,0.441069115745495,1.00099099871971,-0.13725114540722,TRUE,0.519340529558344,1.00314192872163,-0.453754077975175,FALSE,0.905039914439013,1.00099086165488
569,"rand=1-1_rate=1.5_ROB=LH_Bias=NRE strong","1-1",1.5,"LH","NRE strong",0,0.048790164169432,0.0953101798043249,0.048790164169432,0.182321556793955,0.300104592450338,0.0927729804449805,0.0955109442716576,-0.0618102891425611,TRUE,0.478434768929643,1.00099109361574,-0.115149922718882,TRUE,0.292327624312151,1.00099650306663,-0.0465615315670631,TRUE,0.487653965147482,1.00125861448508,-0.142830401113535,TRUE,0.487788552931546,1.00098875046079
570,"rand=1-1_rate=1.5_ROB=LH_Bias=NRE strong","1-1",1.5,"LH","NRE strong",0,0.048790164169432,0.0953101798043249,0.048790164169432,0.182321556793955,0.300104592450338,0.0883174061287199,0.0899152131644137,0.0612664947015886,TRUE,0.517620711017837,1.00133122035615,-0.00838336123312655,TRUE,0.389049267915951,1.00099183236097,0.0716953638127932,TRUE,0.48845065578138,1.00152141553846,-0.080583202912069,TRUE,0.780504313429121,1.00098685221422
571,"rand=1-1_rate=1.5_ROB=LH_Bias=NRE strong","1-1",1.5,"LH","NRE strong",0,0.048790164169432,0.0953101798043249,0.048790164169432,0.182321556793955,0.300104592450338,0.0842276429209108,0.0878533314254246,0.0446875012587523,TRUE,0.563448227950728,1.0010049892373,-0.172807810014563,TRUE,0.516433621447716,1.00099642946615,-0.229317012440605,TRUE,0.671438550143443,1.0010006922937,-0.117514909385419,TRUE,1.00731837930958,1.00099096253708
572,"rand=1-1_rate=1.5_ROB=LH_Bias=NRE strong","1-1",1.5,"LH","NRE strong",0,0.048790164169432,0.0953101798043249,0.048790164169432,0.182321556793955,0.300104592450338,0.08510089668544,0.0881694470993133,-0.0773624766438832,TRUE,0.526982418555705,1.00103092619583,-0.179782091475848,TRUE,0.400626059801245,1.00099706416337,-0.00351890211204453,TRUE,0.476508397891586,1.00101065521742,-0.312448672986541,TRUE,0.750332393818314,1.00098599028306
573,"rand=1-1_rate=1.5_ROB=LH_Bias=NRE strong","1-1",1.5,"LH","NRE strong",0,0.048790164169432,0.0953101798043249,0.048790164169432,0.182321556793955,0.300104592450338,0.0874209211110208,0.0890298737323094,0.0207396990288476,TRUE,0.539992432523556,1.00111354360387,-0.00416995511295282,TRUE,0.360782943631648,1.0009977732184,-0.0416396288256795,TRUE,0.543776767588195,1.00099500854102,0.020478767892405,TRUE,0.620819625237869,1.0009860090983
574,"rand=1-1_rate=1.5_ROB=LH_Bias=NRE strong","1-1",1.5,"LH","NRE strong",0,0.048790164169432,0.0953101798043249,0.048790164169432,0.182321556793955,0.300104592450338,0.0894903567130218,0.090968643816245,0.0667945795099388,TRUE,0.420914028829101,1.00103322129728,-0.0817056654414088,TRUE,0.373655100651199,1.00098915589924,-0.0163339253102921,TRUE,0.4822962872759,1.00172573580819,-0.133455726110641,TRUE,0.720265339284562,1.00100544077995
575,"rand=1-1_rate=1.5_ROB=LH_Bias=NRE strong","1-1",1.5,"LH","NRE strong",0,0.048790164169432,0.0953101798043249,0.048790164169432,0.182321556793955,0.300104592450338,0.0869743804572907,0.0915178667845665,0.0119115601409351,TRUE,0.602938853894934,1.00102210342818,0.0367892965140743,TRUE,0.390879089975388,1.00098608511511,0.0375766575555921,TRUE,0.591359827211587,1.00098707114845,0.0322222273638489,TRUE,0.675707518127636,1.00098664050067
576,"rand=1-1_rate=1.5_ROB=LH_Bias=NRE strong","1-1",1.5,"LH","NRE strong",0,0.048790164169432,0.0953101798043249,0.048790164169432,0.182321556793955,0.300104592450338,0.092610700067682,0.0942209962266639,0.0536935148250466,TRUE,0.473659152278469,1.00151620884807,-0.161906532071991,TRUE,0.464998405372531,1.00110193508393,-0.0479052383393908,TRUE,0.472965704557838,1.00100034332749,-0.275491136285228,TRUE,1.16677103518851,1.00105396124362
577,"rand=1-1_rate=1.5_ROB=LH_Bias=NRE strong","1-1",1.5,"LH","NRE strong",0,0.048790164169432,0.0953101798043249,0.048790164169432,0.182321556793955,0.300104592450338,0.0980851420414345,0.0985155510189318,-0.0509505971819855,TRUE,0.595161833149194,1.00108496882412,-0.208609681908981,TRUE,0.511194928887255,1.00106519640541,-0.00666449455529117,TRUE,0.496273742907777,1.00123173435977,-0.448265466236877,TRUE,1.18390265735162,1.0010421097548
578,"rand=1-1_rate=1.5_ROB=LH_Bias=NRE strong","1-1",1.5,"LH","NRE strong",0,0.048790164169432,0.0953101798043249,0.048790164169432,0.182321556793955,0.300104592450338,0.0904835576675852,0.0917667947432473,-0.0575790637026239,TRUE,0.540961568496943,1.00100743525987,-0.112346043893993,TRUE,0.362370274561198,1.00098976114182,0.0500969705891002,TRUE,0.466022557345219,1.00098905321732,-0.225377857593466,TRUE,0.591186105425497,1.00099941665811
579,"rand=1-1_rate=1.5_ROB=LH_Bias=NRE strong","1-1",1.5,"LH","NRE strong",0,0.048790164169432,0.0953101798043249,0.048790164169432,0.182321556793955,0.300104592450338,0.0841326785448368,0.0860114472010998,-0.163615468408702,TRUE,0.693993255372003,1.00123150057132,-0.242939391232658,FALSE,0.506654610574093,1.0010300901861,-0.308899800809956,FALSE,0.697319874365197,1.00108682231593,-0.177576998718116,TRUE,0.945043197312141,1.00099511704391
580,"rand=1-1_rate=1.5_ROB=LH_Bias=NRE strong","1-1",1.5,"LH","NRE strong",0,0.048790164169432,0.0953101798043249,0.048790164169432,0.182321556793955,0.300104592450338,0.0850214449367718,0.0861555279965245,-0.20365741769733,TRUE,0.546521594974409,1.00098632996167,-0.248038474268346,FALSE,0.402260676654513,1.00098882804093,-0.0301827731839486,TRUE,0.570429483142999,1.00105708814117,-0.389013999851572,FALSE,0.509803415098593,1.00102054370222
581,"rand=1-1_rate=1.5_ROB=LH_Bias=NRE strong","1-1",1.5,"LH","NRE strong",0,0.048790164169432,0.0953101798043249,0.048790164169432,0.182321556793955,0.300104592450338,0.0837669563695359,0.0862095974910991,-0.0838946403120087,TRUE,0.576535027215271,1.00137166213181,-0.141125090704287,TRUE,0.402548113247364,1.00103857012879,0.136689698500317,TRUE,0.436897180655606,1.00101155386392,-0.341312899861701,FALSE,0.553645417221902,1.00098699336727
582,"rand=1-1_rate=1.5_ROB=LH_Bias=NRE strong","1-1",1.5,"LH","NRE strong",0,0.048790164169432,0.0953101798043249,0.048790164169432,0.182321556793955,0.300104592450338,0.0786463401012946,0.0818201513463251,-0.185780187169941,TRUE,0.517474570867669,1.00099247240028,-0.239662628049027,FALSE,0.311471038979827,1.00127925628434,0.0201035267128784,TRUE,0.671517321461723,1.0011123121281,-0.315823136961644,FALSE,0.297559345475639,1.00099032048186
583,"rand=1-1_rate=1.5_ROB=LH_Bias=NRE strong","1-1",1.5,"LH","NRE strong",0,0.048790164169432,0.0953101798043249,0.048790164169432,0.182321556793955,0.300104592450338,0.0736699448695966,0.0777436603598251,-0.0754736423353675,TRUE,0.439918433729363,1.00114658281727,-0.0929165611219918,TRUE,0.229840735841598,1.00137043845006,-0.0918772478285967,TRUE,0.529751008450351,1.00098861612991,-0.0952811734047809,TRUE,0.286554001476171,1.00098682492836
584,"rand=1-1_rate=1.5_ROB=LH_Bias=NRE strong","1-1",1.5,"LH","NRE strong",0,0.048790164169432,0.0953101798043249,0.048790164169432,0.182321556793955,0.300104592450338,0.0883635963357122,0.0897288188552545,-0.236165370462396,TRUE,0.579212907816962,1.00100015069117,-0.280926855033571,FALSE,0.366605972364953,1.00109679889067,-0.133885850791891,TRUE,0.575600278734351,1.00098690788173,-0.358435468768447,FALSE,0.536941453794129,1.00102462260699
585,"rand=1-1_rate=1.5_ROB=LH_Bias=NRE strong","1-1",1.5,"LH","NRE strong",0,0.048790164169432,0.0953101798043249,0.048790164169432,0.182321556793955,0.300104592450338,0.0844719792684334,0.0863594552855866,0.113871150665767,TRUE,0.396655704273575,1.00106329784714,-0.0568682018856459,TRUE,0.345510715403218,1.00108504932296,-0.0319466333651854,TRUE,0.514392836121588,1.00117278315082,-0.0697274858054795,TRUE,0.612652645811465,1.00101010067266
586,"rand=1-1_rate=1.5_ROB=LH_Bias=NRE strong","1-1",1.5,"LH","NRE strong",0,0.048790164169432,0.0953101798043249,0.048790164169432,0.182321556793955,0.300104592450338,0.0820767718045422,0.0832718300555944,0.0456916166581022,TRUE,0.516211830953652,1.0012355475983,-0.0851872789364814,TRUE,0.441464430754743,1.00100461533736,0.0589254404908758,TRUE,0.476909799438461,1.00098894046505,-0.236433414540617,TRUE,0.979831472233072,1.00098604827745
587,"rand=1-1_rate=1.5_ROB=LH_Bias=NRE strong","1-1",1.5,"LH","NRE strong",0,0.048790164169432,0.0953101798043249,0.048790164169432,0.182321556793955,0.300104592450338,0.102553388123985,0.103991856558264,0.0576005200005808,TRUE,0.48194910773252,1.00101854173761,0.00176747336056948,TRUE,0.347288947278779,1.00104704355066,0.0726314724858443,TRUE,0.461295752160332,1.00100682613493,-0.0517915290601465,TRUE,0.673056634509252,1.00099192970962
588,"rand=1-1_rate=1.5_ROB=LH_Bias=NRE strong","1-1",1.5,"LH","NRE strong",0,0.048790164169432,0.0953101798043249,0.048790164169432,0.182321556793955,0.300104592450338,0.0865880588252179,0.0898305543192932,-0.228350976976037,TRUE,0.742852763641186,1.00104866244086,-0.0236730161513992,TRUE,0.359047046191682,1.00098669007583,-0.125533100987775,TRUE,0.605073501938856,1.00099558581441,0.0388424967297394,TRUE,0.542450989085327,1.00099374490422
589,"rand=1-1_rate=1.5_ROB=LH_Bias=NRE strong","1-1",1.5,"LH","NRE strong",0,0.048790164169432,0.0953101798043249,0.048790164169432,0.182321556793955,0.300104592450338,0.07485110678753,0.0786674291245433,0.0775411765419032,TRUE,0.513478102321142,1.0011148774007,-0.0355229518549793,TRUE,0.357827221619682,1.00109732722525,0.017910605940445,TRUE,0.595896722071703,1.00104321740414,-0.0774639606795813,TRUE,0.549059022517064,1.00098668502219
590,"rand=1-1_rate=1.5_ROB=LH_Bias=NRE strong","1-1",1.5,"LH","NRE strong",0,0.048790164169432,0.0953101798043249,0.048790164169432,0.182321556793955,0.300104592450338,0.101715725550565,0.103604201222295,-0.0554940084497924,TRUE,0.562450495657902,1.00103297004212,-0.163752645811551,TRUE,0.416608602843536,1.00098599513604,-0.00873295635255,TRUE,0.488489440754508,1.00100870789327,-0.282941713422306,TRUE,0.825516959971791,1.0009880004329
591,"rand=1-1_rate=1.5_ROB=LH_Bias=NRE strong","1-1",1.5,"LH","NRE strong",0,0.048790164169432,0.0953101798043249,0.048790164169432,0.182321556793955,0.300104592450338,0.0806318253570907,0.08371431834315,-0.10565838983217,TRUE,0.689749781607842,1.00107404929679,-0.20280133933212,TRUE,0.518742822877941,1.00101264679068,-0.260889609384238,TRUE,0.71277944967451,1.00106792869746,-0.147315061817565,TRUE,1.00742577059743,1.00106606261868
592,"rand=1-1_rate=1.5_ROB=LH_Bias=NRE strong","1-1",1.5,"LH","NRE strong",0,0.048790164169432,0.0953101798043249,0.048790164169432,0.182321556793955,0.300104592450338,0.0990885959441556,0.100258630713883,-0.0481282253503044,TRUE,0.528167703940556,1.00098700439645,-0.0671310403497078,TRUE,0.327875764196753,1.00099042230771,0.0480069690312011,TRUE,0.473276677608929,1.00099174209497,-0.140536737780522,TRUE,0.52970118635193,1.00099149690554
593,"rand=1-1_rate=1.5_ROB=LH_Bias=NRE strong","1-1",1.5,"LH","NRE strong",0,0.048790164169432,0.0953101798043249,0.048790164169432,0.182321556793955,0.300104592450338,0.0927261292750404,0.0954570321655123,-0.154624490327091,TRUE,0.606479864551182,1.00113566690966,-0.236046376479193,FALSE,0.417077968053961,1.00108956132647,-0.0393523009128638,TRUE,0.547592714304668,1.00105406445861,-0.382773047498059,FALSE,0.638802844102104,1.00098641108574
594,"rand=1-1_rate=1.5_ROB=LH_Bias=NRE strong","1-1",1.5,"LH","NRE strong",0,0.048790164169432,0.0953101798043249,0.048790164169432,0.182321556793955,0.300104592450338,0.0944411950463023,0.0950735517870583,-0.224738972053047,TRUE,0.658329674126048,1.00102188534455,-0.152073853237761,TRUE,0.509977888488173,1.0010442714863,0.0563314053117251,TRUE,0.738063129545152,1.00099480063937,-0.362400780139769,FALSE,0.572388647319656,1.00098653479383
595,"rand=1-1_rate=1.5_ROB=LH_Bias=NRE strong","1-1",1.5,"LH","NRE strong",0,0.048790164169432,0.0953101798043249,0.048790164169432,0.182321556793955,0.300104592450338,0.0778106952357048,0.0804911601366877,0.135327453942498,TRUE,0.413185870644437,1.00118310087162,0.0153400202370988,TRUE,0.354795334185178,1.00098726929144,0.132116951258494,TRUE,0.40559360756696,1.00098945046987,-0.0832322319953496,TRUE,0.754146568413319,1.00099224429515
596,"rand=1-1_rate=1.5_ROB=LH_Bias=NRE strong","1-1",1.5,"LH","NRE strong",0,0.048790164169432,0.0953101798043249,0.048790164169432,0.182321556793955,0.300104592450338,0.0737817020979969,0.0775700633010605,-0.0259478200402954,TRUE,0.572230776825782,1.00112100260371,-0.110443759726958,TRUE,0.410510208424873,1.00099545186436,-0.210658766402815,TRUE,0.603727503371067,1.00196799188265,-0.0285952715160385,TRUE,0.676066513519502,1.00098870808321
597,"rand=1-1_rate=1.5_ROB=LH_Bias=NRE strong","1-1",1.5,"LH","NRE strong",0,0.048790164169432,0.0953101798043249,0.048790164169432,0.182321556793955,0.300104592450338,0.0926949070983048,0.0934644252901333,0.0376807298655801,TRUE,0.493732472302423,1.00099194235482,-0.082774469381953,TRUE,0.435228156843229,1.00101975496207,-0.0379238055283806,TRUE,0.457033607045938,1.00102801736825,-0.133858608635,TRUE,1.0893362345025,1.00099955135256
598,"rand=1-1_rate=1.5_ROB=LH_Bias=NRE strong","1-1",1.5,"LH","NRE strong",0,0.048790164169432,0.0953101798043249,0.048790164169432,0.182321556793955,0.300104592450338,0.0880665109626595,0.0885564275715528,-0.0429175463478741,TRUE,0.497241645684285,1.00101409676719,-0.0972027894625351,TRUE,0.379388951484617,1.00111851011947,0.0545534466386045,TRUE,0.630613710340525,1.00102880659015,-0.208553797870661,FALSE,0.45960494146809,1.00099169226793
599,"rand=1-1_rate=1.5_ROB=LH_Bias=NRE strong","1-1",1.5,"LH","NRE strong",0,0.048790164169432,0.0953101798043249,0.048790164169432,0.182321556793955,0.300104592450338,0.0781502076188357,0.0790065170962004,0.047024068674218,TRUE,0.568405895253018,1.00101018266556,0.00993278646375784,TRUE,0.406554363798128,1.00099825086731,-0.00658672335272548,TRUE,0.577241177825708,1.00122105223178,0.0305821768629312,TRUE,0.749199437590151,1.00098685452222
600,"rand=1-1_rate=1.5_ROB=LH_Bias=NRE strong","1-1",1.5,"LH","NRE strong",0,0.048790164169432,0.0953101798043249,0.048790164169432,0.182321556793955,0.300104592450338,0.0877275681995018,0.0890076331371543,-0.0774586246636599,TRUE,0.561551389254884,1.00098675221296,-0.132467867887527,TRUE,0.400459624511315,1.00105299707308,-0.0849062453457128,TRUE,0.521860207942401,1.0010010024314,-0.181195536896001,TRUE,0.825268939842794,1.00102003327225
601,"rand=1-1_rate=1.5_ROB=LH_Bias=NRE strong","1-1",1.5,"LH","NRE strong",0,0.048790164169432,0.0953101798043249,0.048790164169432,0.182321556793955,0.300104592450338,0.0773017452548487,0.0795078018862674,-0.0487204673447705,TRUE,0.567169535248623,1.00104229312685,-0.117021459871844,TRUE,0.422421673630448,1.00101331709312,-0.0219257280228626,TRUE,0.52564257729288,1.00116121017769,-0.204632904295002,TRUE,0.885334843638043,1.00099264535033
602,"rand=1-1_rate=1.5_ROB=LH_Bias=NRE strong","1-1",1.5,"LH","NRE strong",0,0.048790164169432,0.0953101798043249,0.048790164169432,0.182321556793955,0.300104592450338,0.0898969659685812,0.0905470471566172,-0.079631280388591,TRUE,0.488615988311465,1.00098834020626,-0.0873959678864904,TRUE,0.26053674651416,1.00133670782351,0.00318767056876323,TRUE,0.491717811130533,1.0009870960593,-0.114152519408344,TRUE,0.382866987469506,1.00103039168749
603,"rand=1-1_rate=1.5_ROB=LH_Bias=NRE strong","1-1",1.5,"LH","NRE strong",0,0.048790164169432,0.0953101798043249,0.048790164169432,0.182321556793955,0.300104592450338,0.093002001313077,0.0936992229861187,-0.123181941812473,TRUE,0.694012709574195,1.00102906861206,-0.114003085608114,TRUE,0.436096585121626,1.00098817780812,-0.155251936995672,TRUE,0.788619951681118,1.00101297933186,-0.0805884289962211,TRUE,0.616667574443014,1.00101856026779
604,"rand=1-1_rate=1.5_ROB=LH_Bias=NRE strong","1-1",1.5,"LH","NRE strong",0,0.048790164169432,0.0953101798043249,0.048790164169432,0.182321556793955,0.300104592450338,0.0860396009200857,0.0880591302001639,-0.113772300945935,TRUE,0.685218167859906,1.00098617337355,-0.114584995942765,TRUE,0.457313753379054,1.00101151010344,-0.0534053884536372,TRUE,0.625212400898004,1.00109408600329,-0.176945658382906,TRUE,0.883349227839599,1.00104064636792
605,"rand=1-1_rate=1.5_ROB=LH_Bias=NRE strong","1-1",1.5,"LH","NRE strong",0,0.048790164169432,0.0953101798043249,0.048790164169432,0.182321556793955,0.300104592450338,0.0883141140346386,0.0889988020346102,0.030857315070776,TRUE,0.59013786268209,1.00105067950291,-0.00497215893148573,TRUE,0.411672159981416,1.00099320489356,0.113793727352344,TRUE,0.519191371702564,1.00105182266026,-0.126059925752054,TRUE,0.77739128007032,1.00101798762825
606,"rand=1-1_rate=1.5_ROB=LH_Bias=NRE strong","1-1",1.5,"LH","NRE strong",0,0.048790164169432,0.0953101798043249,0.048790164169432,0.182321556793955,0.300104592450338,0.0889035173118734,0.0896110057269216,-0.0602943392813002,TRUE,0.567471581955634,1.00109950932259,-0.0560894872191464,TRUE,0.348890216742026,1.00100341864839,-0.0746824346395147,TRUE,0.51114724787937,1.00111863788966,-0.0483245411862374,TRUE,0.633328390580102,1.00102998578571
607,"rand=1-1_rate=1.5_ROB=LH_Bias=NRE strong","1-1",1.5,"LH","NRE strong",0,0.048790164169432,0.0953101798043249,0.048790164169432,0.182321556793955,0.300104592450338,0.0973120280733966,0.0977031862010148,0.0874650748194842,TRUE,0.471507621788116,1.00099018106632,-0.028016082390464,TRUE,0.437763814788002,1.00099443413135,0.045163829103545,TRUE,0.665789387731071,1.001005497743,-0.0994523913789205,TRUE,0.705103887039909,1.00098672832587
608,"rand=1-1_rate=1.5_ROB=LH_Bias=NRE strong","1-1",1.5,"LH","NRE strong",0,0.048790164169432,0.0953101798043249,0.048790164169432,0.182321556793955,0.300104592450338,0.0994297525813294,0.100512118795014,-0.0676731588191604,TRUE,0.534842237040931,1.00101335059235,-0.124356156169956,TRUE,0.377136505948749,1.00099181801362,0.121677088848732,TRUE,0.411570532309242,1.00267111762057,-0.302359267162685,FALSE,0.542737156914199,1.00098872748339
609,"rand=1-1_rate=1.5_ROB=LH_Bias=NRE strong","1-1",1.5,"LH","NRE strong",0,0.048790164169432,0.0953101798043249,0.048790164169432,0.182321556793955,0.300104592450338,0.100758017412739,0.1021949970197,0.0137796240735208,TRUE,0.492708107559913,1.0009892438422,-0.121886604254016,TRUE,0.378117878613086,1.00098950672873,0.04732960628209,TRUE,0.535488109967541,1.00100518908196,-0.235263751432378,TRUE,0.575638543924448,1.00100606804723
610,"rand=1-1_rate=1.5_ROB=LH_Bias=NRE strong","1-1",1.5,"LH","NRE strong",0,0.048790164169432,0.0953101798043249,0.048790164169432,0.182321556793955,0.300104592450338,0.0706076260573043,0.0722559724409217,-0.0773759880619218,TRUE,0.740772097754159,1.00102696451058,-0.140490073146954,TRUE,0.59455874625679,1.00098724117606,0.0445858071661058,TRUE,0.672071738148451,1.00100631828422,-0.403615334695562,TRUE,1.27589081252176,1.0009859911618
611,"rand=1-1_rate=1.5_ROB=LH_Bias=NRE strong","1-1",1.5,"LH","NRE strong",0,0.048790164169432,0.0953101798043249,0.048790164169432,0.182321556793955,0.300104592450338,0.0970355767337222,0.0997121412630638,-0.0799365154600362,TRUE,0.688355146672186,1.00105431230614,-0.162442972318297,TRUE,0.587620367520641,1.00098686853449,-0.00593235027668104,TRUE,0.647786193321867,1.00106303481393,-0.393791760572654,TRUE,1.38769467444765,1.00099686263633
612,"rand=1-1_rate=1.5_ROB=LH_Bias=NRE strong","1-1",1.5,"LH","NRE strong",0,0.048790164169432,0.0953101798043249,0.048790164169432,0.182321556793955,0.300104592450338,0.0738150709886207,0.0828357503459318,-0.0541757248174621,TRUE,0.482111920927496,1.00099475091297,-0.123671534351551,TRUE,0.341787688290845,1.00100578520212,-0.0922615873820096,TRUE,0.526629858272296,1.00098904019816,-0.145897520292257,TRUE,0.5889174850122,1.00099805328012
613,"rand=1-1_rate=1.5_ROB=LH_Bias=NRE strong","1-1",1.5,"LH","NRE strong",0,0.048790164169432,0.0953101798043249,0.048790164169432,0.182321556793955,0.300104592450338,0.10095178945335,0.10187223170031,-0.371672930364227,TRUE,0.896553224514617,1.00099456452404,-0.379639460166795,FALSE,0.626847274915806,1.00102360820064,-0.165492551860049,TRUE,0.841427573939609,1.00099145409003,-0.647240578368214,FALSE,0.980476491331982,1.00102826749215
614,"rand=1-1_rate=1.5_ROB=LH_Bias=NRE strong","1-1",1.5,"LH","NRE strong",0,0.048790164169432,0.0953101798043249,0.048790164169432,0.182321556793955,0.300104592450338,0.0828917384556058,0.0836763071238375,0.0707618902888177,TRUE,0.383871912314195,1.00098651636472,-0.0532491552067846,TRUE,0.366799980833921,1.00098728477849,0.0505755169921518,TRUE,0.540904779537637,1.00105997365277,-0.130246632562751,TRUE,0.612688150960958,1.00101637520565
615,"rand=1-1_rate=1.5_ROB=LH_Bias=NRE strong","1-1",1.5,"LH","NRE strong",0,0.048790164169432,0.0953101798043249,0.048790164169432,0.182321556793955,0.300104592450338,0.0953826393446844,0.0956988763922201,-0.251728861195229,TRUE,0.74025668118394,1.00099840101245,-0.254934227502239,FALSE,0.513608808388695,1.0009867831797,-0.329489462951549,FALSE,0.71147709721081,1.00109749076276,-0.193018607451391,TRUE,0.938552633760012,1.00098618134043
616,"rand=1-1_rate=1.5_ROB=LH_Bias=NRE strong","1-1",1.5,"LH","NRE strong",0,0.048790164169432,0.0953101798043249,0.048790164169432,0.182321556793955,0.300104592450338,0.0946746407372572,0.0952498200574405,0.0591604016020586,TRUE,0.469499347775109,1.00129323037858,-0.0574458273277536,TRUE,0.30815061850178,1.00099116341224,0.033433332217898,TRUE,0.491910113972648,1.00099542535741,-0.104228472825607,TRUE,0.476110958142444,1.00101880358229
617,"rand=1-1_rate=1.5_ROB=LH_Bias=NRE strong","1-1",1.5,"LH","NRE strong",0,0.048790164169432,0.0953101798043249,0.048790164169432,0.182321556793955,0.300104592450338,0.087420186475927,0.0955901103244731,-0.177239118808088,TRUE,0.674700824393905,1.00101955614074,-0.227332088622491,FALSE,0.475706507612284,1.00117693645757,-0.152989800490739,TRUE,0.702222995445343,1.00123849907973,-0.293308572725602,TRUE,0.831581718764335,1.0009860758537
618,"rand=1-1_rate=1.5_ROB=LH_Bias=NRE strong","1-1",1.5,"LH","NRE strong",0,0.048790164169432,0.0953101798043249,0.048790164169432,0.182321556793955,0.300104592450338,0.0976159313242314,0.098974802996615,-0.290928778053943,TRUE,0.680616909264255,1.00107852600422,-0.392513200400126,FALSE,0.512250395334736,1.00098743733576,-0.285611478298875,FALSE,0.582235688388843,1.00100578353525,-0.482613915397687,FALSE,1.13112068807211,1.0009887919869
619,"rand=1-1_rate=1.5_ROB=LH_Bias=NRE strong","1-1",1.5,"LH","NRE strong",0,0.048790164169432,0.0953101798043249,0.048790164169432,0.182321556793955,0.300104592450338,0.0704554429397336,0.0727310917121142,-0.0660064950576276,TRUE,0.558516260650408,1.00099434100635,-0.101281409012084,TRUE,0.410017109720884,1.00104098059307,0.099455621253894,TRUE,0.584466474808844,1.00098918641348,-0.253459548592279,FALSE,0.562381188485057,1.00100510863669
620,"rand=1-1_rate=1.5_ROB=LH_Bias=NRE strong","1-1",1.5,"LH","NRE strong",0,0.048790164169432,0.0953101798043249,0.048790164169432,0.182321556793955,0.300104592450338,0.0828815248781623,0.0843879455323445,-0.213541380738327,TRUE,0.66621506764686,1.00113136944165,-0.22849707012059,FALSE,0.440208934213703,1.00100125283431,-0.115528163784717,TRUE,0.539594816631764,1.00101063124924,-0.309011360982807,TRUE,0.869123326807186,1.00098919283504
621,"rand=1-1_rate=1.5_ROB=LH_Bias=NRE strong","1-1",1.5,"LH","NRE strong",0,0.048790164169432,0.0953101798043249,0.048790164169432,0.182321556793955,0.300104592450338,0.0874269313463301,0.0880484742470392,0.0876003996437854,TRUE,0.488314346444198,1.00127822647435,-0.0186407028854529,TRUE,0.403064248974212,1.00098715331373,0.00083765171858563,TRUE,0.484352737729699,1.00101113169221,-0.0399635191225256,TRUE,0.888017259914029,1.00108136804828
622,"rand=1-1_rate=1.5_ROB=LH_Bias=NRE strong","1-1",1.5,"LH","NRE strong",0,0.048790164169432,0.0953101798043249,0.048790164169432,0.182321556793955,0.300104592450338,0.089756733993465,0.0934412665272033,0.0667529368738128,TRUE,0.457434441853447,1.00098726945746,0.00431726751658301,TRUE,0.27526563777474,1.00100624313043,0.0240901201208961,TRUE,0.515811006901244,1.00102044754855,-0.00443514077675422,TRUE,0.400013383924999,1.00108494357607
623,"rand=1-1_rate=1.5_ROB=LH_Bias=NRE strong","1-1",1.5,"LH","NRE strong",0,0.048790164169432,0.0953101798043249,0.048790164169432,0.182321556793955,0.300104592450338,0.10941586808708,0.112067286979893,0.0447575401526384,TRUE,0.628135600855383,1.00122394421009,-0.13749936672862,TRUE,0.57801168189793,1.00098795219908,-0.0571034162283901,TRUE,0.718974950256179,1.00100076467369,-0.23582902515329,TRUE,1.26341116969546,1.00098625508785
624,"rand=1-1_rate=1.5_ROB=LH_Bias=NRE strong","1-1",1.5,"LH","NRE strong",0,0.048790164169432,0.0953101798043249,0.048790164169432,0.182321556793955,0.300104592450338,0.0975334555500169,0.0991886351305395,0.100449085535039,TRUE,0.541274648010572,1.0011197579278,0.0824807797364673,TRUE,0.366531625269216,1.00100814282583,0.073201351126133,TRUE,0.541038662250733,1.0010865379564,0.0903644774594583,TRUE,0.66162593308494,1.00099409899859
625,"rand=1-1_rate=1.5_ROB=LH_Bias=NRE strong","1-1",1.5,"LH","NRE strong",0,0.048790164169432,0.0953101798043249,0.048790164169432,0.182321556793955,0.300104592450338,0.0968395878268835,0.0990870864668473,0.00553133033245634,TRUE,0.533067380137217,1.00100885593111,-0.0932859382827267,TRUE,0.437149449028061,1.00100422758996,0.0395286743018167,TRUE,0.696994995108915,1.00099275259831,-0.216876819506483,TRUE,0.601068026990361,1.00098637776506
626,"rand=1-1_rate=1.5_ROB=LH_Bias=NRE strong","1-1",1.5,"LH","NRE strong",0,0.048790164169432,0.0953101798043249,0.048790164169432,0.182321556793955,0.300104592450338,0.0886997812178073,0.0906326308130058,0.0137358365256507,TRUE,0.568162223425953,1.00102043299395,-0.106253578724028,TRUE,0.434309715563339,1.0010227214947,-0.104416298959803,TRUE,0.685296514139759,1.00106643168794,-0.111421448912263,TRUE,0.728355189292497,1.00099142451771
627,"rand=1-1_rate=1.5_ROB=LH_Bias=NRE strong","1-1",1.5,"LH","NRE strong",0,0.048790164169432,0.0953101798043249,0.048790164169432,0.182321556793955,0.300104592450338,0.076700749064233,0.0779778263495649,-0.100634105269182,TRUE,0.587619230391007,1.00119368617104,-0.0870505494017333,TRUE,0.360075607216941,1.00098655542769,-0.0238886595248748,TRUE,0.573137816652372,1.0010191807375,-0.129874537707239,TRUE,0.588321567532514,1.00100904097044
628,"rand=1-1_rate=1.5_ROB=LH_Bias=NRE strong","1-1",1.5,"LH","NRE strong",0,0.048790164169432,0.0953101798043249,0.048790164169432,0.182321556793955,0.300104592450338,0.0953664305233007,0.0966336213245474,-0.0260473606787799,TRUE,0.593638634053441,1.00099502837361,-0.148109373144559,TRUE,0.445804456577977,1.00098669237356,-0.0454898550912177,TRUE,0.570890131641975,1.00127003991827,-0.231253852853498,TRUE,0.892314734382232,1.00099129487684
629,"rand=1-1_rate=1.5_ROB=LH_Bias=NRE strong","1-1",1.5,"LH","NRE strong",0,0.048790164169432,0.0953101798043249,0.048790164169432,0.182321556793955,0.300104592450338,0.0890308006118481,0.089847032654472,-0.107793270938214,TRUE,0.602038874055244,1.00099004306649,-0.106927501154501,TRUE,0.403702862547659,1.00101534200137,-0.0496651105969004,TRUE,0.509079965296859,1.00122757183701,-0.146567425779119,TRUE,0.811748770851391,1.00098772375841
630,"rand=1-1_rate=1.5_ROB=LH_Bias=NRE strong","1-1",1.5,"LH","NRE strong",0,0.048790164169432,0.0953101798043249,0.048790164169432,0.182321556793955,0.300104592450338,0.0835256503427163,0.0839956891338596,-0.0484524932930539,TRUE,0.471008102689996,1.00140568610425,-0.0985332427368932,TRUE,0.308940288536603,1.0014969268187,-0.229734699776599,TRUE,0.566936936504777,1.00158523783911,-0.0479799631682898,TRUE,0.427387222801624,1.00098836122049
631,"rand=1-1_rate=1.5_ROB=LH_Bias=NRE strong","1-1",1.5,"LH","NRE strong",0,0.048790164169432,0.0953101798043249,0.048790164169432,0.182321556793955,0.300104592450338,0.089105403528954,0.0903512702191515,0.0459321207884953,TRUE,0.465222492073604,1.00159965999371,-0.0160911853344097,TRUE,0.308846133358065,1.00099674636278,0.0163902485740905,TRUE,0.460847588094659,1.00246275806128,-0.0363458633611309,TRUE,0.558483370378237,1.00100187760396
632,"rand=1-1_rate=1.5_ROB=LH_Bias=NRE strong","1-1",1.5,"LH","NRE strong",0,0.048790164169432,0.0953101798043249,0.048790164169432,0.182321556793955,0.300104592450338,0.0882678135293935,0.089156997135932,-0.191769184207327,TRUE,0.705538510683203,1.00101701471963,-0.171969920767279,TRUE,0.4698428782399,1.00098722736736,-0.0989156671920224,TRUE,0.519038396896779,1.00141325684138,-0.242108588628922,TRUE,1.11329754015144,1.00101433075099
633,"rand=1-1_rate=1.5_ROB=LH_Bias=NRE strong","1-1",1.5,"LH","NRE strong",0,0.048790164169432,0.0953101798043249,0.048790164169432,0.182321556793955,0.300104592450338,0.0839407713790527,0.0860419285075365,-0.214617862042559,TRUE,0.645909620916918,1.00099627930292,-0.311083397818677,FALSE,0.465238601448159,1.00098600096694,-0.127599415232132,TRUE,0.511234837162146,1.00142736513642,-0.47176912473806,FALSE,1.03215614343812,1.00098686664319
634,"rand=1-1_rate=1.5_ROB=LH_Bias=NRE strong","1-1",1.5,"LH","NRE strong",0,0.048790164169432,0.0953101798043249,0.048790164169432,0.182321556793955,0.300104592450338,0.0902541012144787,0.0927112179937429,0.0507829306061336,TRUE,0.611415141593399,1.00098609852854,-0.0149865709111814,TRUE,0.486468525374921,1.00099589130248,0.046339499414353,TRUE,0.581145254820815,1.00119680398269,-0.0939436781169913,TRUE,1.05274269853199,1.00100117125914
635,"rand=1-1_rate=1.5_ROB=LH_Bias=NRE strong","1-1",1.5,"LH","NRE strong",0,0.048790164169432,0.0953101798043249,0.048790164169432,0.182321556793955,0.300104592450338,0.0839222055137105,0.0849044413090337,0.110739695870989,TRUE,0.498672790771879,1.00098857656916,-0.0532938625620782,TRUE,0.420652336187933,1.0010023118694,0.123585527713069,TRUE,0.4468316159988,1.00104309642269,-0.222188682968329,TRUE,0.863636365251784,1.00103730465898
636,"rand=1-1_rate=1.5_ROB=LH_Bias=NRE strong","1-1",1.5,"LH","NRE strong",0,0.048790164169432,0.0953101798043249,0.048790164169432,0.182321556793955,0.300104592450338,0.0925334393095726,0.0929093062463196,0.0253125948943884,TRUE,0.487398045070812,1.00110907753137,-0.0329466901163613,TRUE,0.397907090254267,1.00098925942769,0.115256471678851,TRUE,0.427486808846814,1.00101261550093,-0.187371452444104,TRUE,0.851707508331937,1.00100531957148
637,"rand=1-1_rate=1.5_ROB=LH_Bias=NRE strong","1-1",1.5,"LH","NRE strong",0,0.048790164169432,0.0953101798043249,0.048790164169432,0.182321556793955,0.300104592450338,0.0934991334314954,0.0949984846834147,-0.195207639633026,TRUE,0.587939216230062,1.00124840753873,-0.330789418795606,FALSE,0.437176143966962,1.00122319946597,-0.106165811610054,TRUE,0.481874190691096,1.00107562959616,-0.506525293580866,FALSE,0.871221743758465,1.00100542125551
638,"rand=1-1_rate=1.5_ROB=LH_Bias=NRE strong","1-1",1.5,"LH","NRE strong",0,0.048790164169432,0.0953101798043249,0.048790164169432,0.182321556793955,0.300104592450338,0.089486210933181,0.0898812196893696,-0.027559654347757,TRUE,0.516005224425877,1.00102052877554,-0.0619724188319017,TRUE,0.338559710396347,1.00101811680847,0.00364674682870914,TRUE,0.543404084949862,1.00100025440395,-0.0998247540330002,TRUE,0.526876366663383,1.00099314235032
639,"rand=1-1_rate=1.5_ROB=LH_Bias=NRE strong","1-1",1.5,"LH","NRE strong",0,0.048790164169432,0.0953101798043249,0.048790164169432,0.182321556793955,0.300104592450338,0.0741949843381255,0.082476127455117,0.113611430615169,TRUE,0.45106566313233,1.0012926046963,-0.0570109234083898,TRUE,0.423398066434049,1.00098629800694,-0.0515886056309276,TRUE,0.627830258893551,1.00098599123217,-0.0650587480965052,TRUE,0.739183384352894,1.00098831700981
640,"rand=1-1_rate=1.5_ROB=LH_Bias=NRE strong","1-1",1.5,"LH","NRE strong",0,0.048790164169432,0.0953101798043249,0.048790164169432,0.182321556793955,0.300104592450338,0.0730246894825672,0.0748005887387335,-3.05833654810073e-05,TRUE,0.498190812852328,1.00108477090528,-0.124170746514583,TRUE,0.384727588709398,1.0009967447668,0.0700548624302703,TRUE,0.415169703638866,1.00112487816565,-0.290006653480057,TRUE,0.777514660863905,1.00098691593066
641,"rand=1-1_rate=1.5_ROB=LH_Bias=NRE strong","1-1",1.5,"LH","NRE strong",0,0.048790164169432,0.0953101798043249,0.048790164169432,0.182321556793955,0.300104592450338,0.0989802542726993,0.101798311270672,-0.0461407127834546,TRUE,0.542281514949922,1.0010550151394,-0.109416698998925,TRUE,0.392672451993403,1.00104977128537,-0.0199691099589316,TRUE,0.578566975676629,1.00101797301509,-0.180032289529586,TRUE,0.660142477269646,1.00099882394386
642,"rand=1-1_rate=1.5_ROB=LH_Bias=NRE strong","1-1",1.5,"LH","NRE strong",0,0.048790164169432,0.0953101798043249,0.048790164169432,0.182321556793955,0.300104592450338,0.0774113226064147,0.0791077495512164,0.0240993468041895,TRUE,0.426911267206316,1.00114436329894,-0.0126253055749794,TRUE,0.248173271680672,1.00098603211354,0.0111328017652079,TRUE,0.470492498673706,1.00108903155746,-0.0224699398171087,TRUE,0.379722974859361,1.00098613085667
643,"rand=1-1_rate=1.5_ROB=LH_Bias=NRE strong","1-1",1.5,"LH","NRE strong",0,0.048790164169432,0.0953101798043249,0.048790164169432,0.182321556793955,0.300104592450338,0.0707293474600203,0.0725743517219967,-0.00355670536915631,TRUE,0.475489484601542,1.0011440745376,-0.0135636770921477,TRUE,0.28558403487097,1.00114721894679,0.0143647724034117,TRUE,0.48146836806656,1.00108017686382,-0.0282568196386395,TRUE,0.466920026417045,1.00100551083313
644,"rand=1-1_rate=1.5_ROB=LH_Bias=NRE strong","1-1",1.5,"LH","NRE strong",0,0.048790164169432,0.0953101798043249,0.048790164169432,0.182321556793955,0.300104592450338,0.102893809479773,0.103808355753872,0.0118172195950607,TRUE,0.54182659949803,1.00105895940588,-0.06377404727872,TRUE,0.384096214657597,1.0010174223329,-0.182466429466778,TRUE,0.578377175312903,1.00098742331072,0.015706620187789,TRUE,0.634208863157119,1.00100171604383
645,"rand=1-1_rate=1.5_ROB=LH_Bias=NRE strong","1-1",1.5,"LH","NRE strong",0,0.048790164169432,0.0953101798043249,0.048790164169432,0.182321556793955,0.300104592450338,0.0987388686649802,0.0989847133899245,0.129216916744693,TRUE,0.343940348663556,1.00158184735457,0.0276141943785171,TRUE,0.269766494728053,1.00100460832747,-0.00368296609268737,TRUE,0.467604136362958,1.00100431468977,0.0384929700141879,TRUE,0.439181052820858,1.00099196917135
646,"rand=1-1_rate=1.5_ROB=LH_Bias=NRE strong","1-1",1.5,"LH","NRE strong",0,0.048790164169432,0.0953101798043249,0.048790164169432,0.182321556793955,0.300104592450338,0.0894771241494113,0.0911918404767982,-0.175129622591943,TRUE,0.646795661119624,1.00102907552124,-0.123546796818456,TRUE,0.387797875386675,1.00098651628152,-0.0978643968010033,TRUE,0.527618013990692,1.00099559127639,-0.145620504126183,TRUE,0.731431814448374,1.00103353164884
647,"rand=1-1_rate=1.5_ROB=LH_Bias=NRE strong","1-1",1.5,"LH","NRE strong",0,0.048790164169432,0.0953101798043249,0.048790164169432,0.182321556793955,0.300104592450338,0.077961616187619,0.0789341089235072,0.0499709422186888,TRUE,0.5374281907108,1.001501977398,-0.0327952064128187,TRUE,0.416573860806158,1.0010010599398,0.111593151389139,TRUE,0.421270897851057,1.00120926013578,-0.17656276601301,TRUE,0.973097625255083,1.00101006505209
648,"rand=1-1_rate=1.5_ROB=LH_Bias=NRE strong","1-1",1.5,"LH","NRE strong",0,0.048790164169432,0.0953101798043249,0.048790164169432,0.182321556793955,0.300104592450338,0.0938000070429246,0.0961004007628226,0.11761062893241,TRUE,0.512753874263968,1.0009860260634,0.00391622726917717,TRUE,0.392133667336564,1.00108000549219,-0.0474123559085704,TRUE,0.775378422975363,1.000993702568,0.0379718648102666,TRUE,0.499381912923356,1.00098604264414
649,"rand=1-1_rate=1.5_ROB=LH_Bias=NRE strong","1-1",1.5,"LH","NRE strong",0,0.048790164169432,0.0953101798043249,0.048790164169432,0.182321556793955,0.300104592450338,0.0961907695835897,0.0976153558993684,-0.13347507819336,TRUE,0.583748946651636,1.00135186535027,-0.156525702159383,TRUE,0.381220151260338,1.00099595325937,-0.110441032475769,TRUE,0.534516382144804,1.00107716781755,-0.188226291577587,TRUE,0.702164955542622,1.00104742997581
650,"rand=1-1_rate=1.5_ROB=LH_Bias=NRE strong","1-1",1.5,"LH","NRE strong",0,0.048790164169432,0.0953101798043249,0.048790164169432,0.182321556793955,0.300104592450338,0.08584050543246,0.0885151492691611,0.0403946488832306,TRUE,0.492079815646817,1.00114552517933,-0.155158427336204,TRUE,0.397510189912614,1.00099877209184,-0.119401651830026,TRUE,0.650280701947715,1.00099391628592,-0.178397350897109,TRUE,0.646027313437775,1.00099535569509
651,"rand=1-1_rate=1.5_ROB=LH_Bias=NRE strong","1-1",1.5,"LH","NRE strong",0,0.048790164169432,0.0953101798043249,0.048790164169432,0.182321556793955,0.300104592450338,0.0748824184160217,0.0776442132703917,-0.156938262373627,TRUE,0.628501093203274,1.00099216134189,-0.242794695691632,FALSE,0.462769574065912,1.00106549314658,0.00333771221878598,TRUE,0.517790712264889,1.00116808249644,-0.452214820689622,FALSE,0.764938858235191,1.00098878314659
652,"rand=1-1_rate=1.5_ROB=LH_Bias=NRE strong","1-1",1.5,"LH","NRE strong",0,0.048790164169432,0.0953101798043249,0.048790164169432,0.182321556793955,0.300104592450338,0.104881391944767,0.106153812375801,-0.171418011207113,TRUE,0.652758714489056,1.00099705580312,-0.283430115998903,FALSE,0.520263747201458,1.00111199023531,-0.147696272380497,TRUE,0.656561364924211,1.00122183003249,-0.417292630511833,FALSE,1.03551799023364,1.00100562498824
653,"rand=1-1_rate=1.5_ROB=LH_Bias=NRE strong","1-1",1.5,"LH","NRE strong",0,0.048790164169432,0.0953101798043249,0.048790164169432,0.182321556793955,0.300104592450338,0.0795232700932433,0.0806256179286344,-0.19652499471851,TRUE,0.599519035216154,1.00098638792305,-0.268982012406321,FALSE,0.40097721037138,1.00108404393529,-0.184052629209791,TRUE,0.80534112396608,1.00099105871064,-0.316058861851331,FALSE,0.500157452800437,1.00098668098673
654,"rand=1-1_rate=1.5_ROB=LH_Bias=NRE strong","1-1",1.5,"LH","NRE strong",0,0.048790164169432,0.0953101798043249,0.048790164169432,0.182321556793955,0.300104592450338,0.0914224253629276,0.093510637620527,-0.126934626394453,TRUE,0.55499075277735,1.00100607755593,-0.199317006258519,FALSE,0.382480363299888,1.0010312834176,-0.0193404414276137,TRUE,0.482491425368743,1.00099945015173,-0.319319259629531,FALSE,0.651575120284988,1.00098612235691
655,"rand=1-1_rate=1.5_ROB=LH_Bias=NRE strong","1-1",1.5,"LH","NRE strong",0,0.048790164169432,0.0953101798043249,0.048790164169432,0.182321556793955,0.300104592450338,0.0831436940902598,0.0841701812123796,0.0212681726918635,TRUE,0.596335759684336,1.00099343607169,-0.0156199448799659,TRUE,0.416693773309264,1.00098613990304,-0.0367362085300647,TRUE,0.650297036330097,1.00098831438662,0.00228420867024459,TRUE,0.699861236908033,1.00101424324651
656,"rand=1-1_rate=1.5_ROB=LH_Bias=NRE strong","1-1",1.5,"LH","NRE strong",0,0.048790164169432,0.0953101798043249,0.048790164169432,0.182321556793955,0.300104592450338,0.066138968893934,0.0669872675577861,0.0268705807560655,TRUE,0.50381460845095,1.00098765214082,-0.065287892460149,TRUE,0.388960195307622,1.00098604087647,0.148859321491789,TRUE,0.406464005803839,1.0009869793562,-0.261687426936541,TRUE,0.686196173073433,1.00099450025967
657,"rand=1-1_rate=1.5_ROB=LH_Bias=NRE strong","1-1",1.5,"LH","NRE strong",0,0.048790164169432,0.0953101798043249,0.048790164169432,0.182321556793955,0.300104592450338,0.0934300420041587,0.096892913214421,-0.109397477733215,TRUE,0.576701823384086,1.00141185453355,-0.157218121960097,TRUE,0.379622477572328,1.00116001802958,0.0161629141865718,TRUE,0.450015264469633,1.00143964805566,-0.283410856581847,TRUE,0.716849234597847,1.00099226412357
658,"rand=1-1_rate=1.5_ROB=LH_Bias=NRE strong","1-1",1.5,"LH","NRE strong",0,0.048790164169432,0.0953101798043249,0.048790164169432,0.182321556793955,0.300104592450338,0.0939064919921514,0.0973710485580232,0.0496402995270544,TRUE,0.516167451962505,1.00104704732762,-0.0975775645725752,TRUE,0.43841877703288,1.00098599138327,0.0406356980797263,TRUE,0.426288362374665,1.00127226559067,-0.240267480216233,TRUE,1.09359595130337,1.00100538239186
659,"rand=1-1_rate=1.5_ROB=LH_Bias=NRE strong","1-1",1.5,"LH","NRE strong",0,0.048790164169432,0.0953101798043249,0.048790164169432,0.182321556793955,0.300104592450338,0.0849662413517988,0.0861205417277465,-0.0234785677285851,TRUE,0.54967277801979,1.0010173231989,-0.186430395346194,TRUE,0.485014794400795,1.00099490086206,-0.0175230969881419,TRUE,0.552671694549465,1.00099773599993,-0.360848484114472,TRUE,0.996836978778725,1.00106479780173
660,"rand=1-1_rate=1.5_ROB=LH_Bias=NRE strong","1-1",1.5,"LH","NRE strong",0,0.048790164169432,0.0953101798043249,0.048790164169432,0.182321556793955,0.300104592450338,0.0858957348672912,0.0890876041079557,-0.0098380666972715,TRUE,0.662528150156733,1.00099118177146,-0.156756413424755,TRUE,0.518306211773565,1.00099795527736,0.0979817253157418,TRUE,0.515385973925038,1.00100803520688,-0.471339436861698,FALSE,1.00652700368459,1.00102154572332
661,"rand=1-1_rate=1.5_ROB=LH_Bias=NRE strong","1-1",1.5,"LH","NRE strong",0,0.048790164169432,0.0953101798043249,0.048790164169432,0.182321556793955,0.300104592450338,0.0938299058239328,0.095989120960266,0.0540408680826496,TRUE,0.555853173632098,1.00143592469051,-0.00963704600048176,TRUE,0.417219245083752,1.00100556118234,-0.058589369281832,TRUE,0.515118987646586,1.00098900662937,0.0374409893016729,TRUE,0.887047229473739,1.00100092657215
662,"rand=1-1_rate=1.5_ROB=LH_Bias=NRE strong","1-1",1.5,"LH","NRE strong",0,0.048790164169432,0.0953101798043249,0.048790164169432,0.182321556793955,0.300104592450338,0.0986517061875342,0.0997968946039768,-0.114376600201504,TRUE,0.617852249122313,1.00104249972906,-0.222962451826552,FALSE,0.422878439720797,1.00100908017538,-0.0711886204801604,TRUE,0.53468993718834,1.00098659669084,-0.330725535749162,TRUE,0.767664733503967,1.00100766645059
663,"rand=1-1_rate=1.5_ROB=LH_Bias=NRE strong","1-1",1.5,"LH","NRE strong",0,0.048790164169432,0.0953101798043249,0.048790164169432,0.182321556793955,0.300104592450338,0.0827102834979009,0.084233320190063,0.122499877450785,TRUE,0.54160709932337,1.00098755548378,0.0251587795221403,TRUE,0.417292666091419,1.00112978620305,0.216498230109318,TRUE,0.504023822670024,1.000997473363,-0.138561486391102,TRUE,0.707795865425752,1.00100740637656
664,"rand=1-1_rate=1.5_ROB=LH_Bias=NRE strong","1-1",1.5,"LH","NRE strong",0,0.048790164169432,0.0953101798043249,0.048790164169432,0.182321556793955,0.300104592450338,0.0937766827636363,0.0983441228882241,-0.0312730448481757,TRUE,0.499772771182532,1.00117118022692,-0.0226641796444398,TRUE,0.307998873547874,1.00104029599594,0.209262985325255,TRUE,0.388270178909027,1.00100845656296,-0.139158141412482,TRUE,0.376737713324097,1.00099209280189
665,"rand=1-1_rate=1.5_ROB=LH_Bias=NRE strong","1-1",1.5,"LH","NRE strong",0,0.048790164169432,0.0953101798043249,0.048790164169432,0.182321556793955,0.300104592450338,0.0896526092330733,0.0903388037451838,-0.078603900746284,TRUE,0.605785051082291,1.0009867584211,-0.00750310381917818,TRUE,0.329019923333033,1.00098769673971,-0.0468448861529425,TRUE,0.537979180336477,1.00122600041516,0.0126315431015119,TRUE,0.544729605972095,1.00104024091317
666,"rand=1-1_rate=1.5_ROB=LH_Bias=NRE strong","1-1",1.5,"LH","NRE strong",0,0.048790164169432,0.0953101798043249,0.048790164169432,0.182321556793955,0.300104592450338,0.0929989001092499,0.0941449261119354,0.00649374764994548,TRUE,0.483138931085329,1.00108768617388,-0.0358621513701842,TRUE,0.285375286309686,1.00099343094118,0.0540300357706824,TRUE,0.463766832874663,1.00099268176629,-0.0764359262052643,TRUE,0.423142261533375,1.00098960794314
667,"rand=1-1_rate=1.5_ROB=LH_Bias=NRE strong","1-1",1.5,"LH","NRE strong",0,0.048790164169432,0.0953101798043249,0.048790164169432,0.182321556793955,0.300104592450338,0.0836031592075702,0.0846530119955965,-0.142029363352084,TRUE,0.608796632072754,1.00099121793373,-0.0854594171182557,TRUE,0.36692872537011,1.00107815927294,-0.156620913032798,TRUE,0.624306699905447,1.00100497081224,-0.0409864552623433,TRUE,0.56650952578879,1.0010115379938
668,"rand=1-1_rate=1.5_ROB=LH_Bias=NRE strong","1-1",1.5,"LH","NRE strong",0,0.048790164169432,0.0953101798043249,0.048790164169432,0.182321556793955,0.300104592450338,0.112167143470199,0.113712723878746,-0.230330935782261,TRUE,0.690938036777938,1.00107545254561,-0.283672192427533,FALSE,0.500179367834415,1.00099504990306,-0.107467123015631,TRUE,0.586716748487012,1.00100642383026,-0.453630512840622,FALSE,0.944088100699002,1.00098914659759
669,"rand=1-1_rate=1.5_ROB=LH_Bias=NRE strong","1-1",1.5,"LH","NRE strong",0,0.048790164169432,0.0953101798043249,0.048790164169432,0.182321556793955,0.300104592450338,0.0941881845117608,0.0961756572939899,-0.0872952968323322,TRUE,0.574251159888729,1.00110988990638,-0.184507280305287,TRUE,0.46261243246606,1.00099474997151,0.0246714385098959,TRUE,0.525002322401711,1.00113603465927,-0.376754494289373,FALSE,0.828047615859367,1.00098789635025
670,"rand=1-1_rate=1.5_ROB=LH_Bias=NRE strong","1-1",1.5,"LH","NRE strong",0,0.048790164169432,0.0953101798043249,0.048790164169432,0.182321556793955,0.300104592450338,0.103846798609675,0.104515155978727,0.180315696952173,TRUE,0.459142988664883,1.00099864892442,-0.0205691921518736,TRUE,0.462006113370811,1.00099662657264,0.102422096948279,TRUE,0.610321852431598,1.00112375733355,-0.148577671644998,TRUE,0.860523821685537,1.00099342342766
671,"rand=1-1_rate=1.5_ROB=LH_Bias=NRE strong","1-1",1.5,"LH","NRE strong",0,0.048790164169432,0.0953101798043249,0.048790164169432,0.182321556793955,0.300104592450338,0.0942561681652643,0.094984597099166,-0.0704200052904198,TRUE,0.557806889487758,1.00100441126803,-0.161856455223175,TRUE,0.40440219825121,1.00102992054095,-0.0448123534594613,TRUE,0.484463441645816,1.00107695327453,-0.247526877097898,TRUE,0.828946410864093,1.0009959407069
672,"rand=1-1_rate=1.5_ROB=LH_Bias=NRE strong","1-1",1.5,"LH","NRE strong",0,0.048790164169432,0.0953101798043249,0.048790164169432,0.182321556793955,0.300104592450338,0.0897892407042456,0.0923391162955575,0.0323990938101584,TRUE,0.596106215548341,1.00099355820977,-0.133138181146125,TRUE,0.503549897954849,1.00098705779455,0.0224956181135513,TRUE,0.490566038715176,1.0014529303493,-0.308366445707698,TRUE,1.23203750689019,1.00103405317298
673,"rand=1-1_rate=1.5_ROB=LH_Bias=NRE strong","1-1",1.5,"LH","NRE strong",0,0.048790164169432,0.0953101798043249,0.048790164169432,0.182321556793955,0.300104592450338,0.0921832043092454,0.0944817803919457,0.0107871674688504,TRUE,0.510315162915137,1.0010213614619,-0.0723937170389273,TRUE,0.442061848563858,1.00098616323711,0.065750518456181,TRUE,0.540764723269412,1.00102810030044,-0.233505688745251,TRUE,0.862932215879008,1.00098717362741
674,"rand=1-1_rate=1.5_ROB=LH_Bias=NRE strong","1-1",1.5,"LH","NRE strong",0,0.048790164169432,0.0953101798043249,0.048790164169432,0.182321556793955,0.300104592450338,0.0859061937457658,0.088161640247401,0.0240294773659596,TRUE,0.531933758054349,1.00104396191141,0.00113278897783453,TRUE,0.352695923788091,1.00099519861476,-0.0330624234432499,TRUE,0.569376817454434,1.0012483173172,0.0244144186353491,TRUE,0.56576519424967,1.00102438566621
675,"rand=1-1_rate=1.5_ROB=LH_Bias=NRE strong","1-1",1.5,"LH","NRE strong",0,0.048790164169432,0.0953101798043249,0.048790164169432,0.182321556793955,0.300104592450338,0.11639561022654,0.117624246269952,0.0686974545908902,TRUE,0.579244845554111,1.00100904763901,-0.172368939575509,TRUE,0.560482260906447,1.001039162518,-0.0646221410211432,TRUE,0.777090601872212,1.00098629240828,-0.307448690208296,TRUE,1.04126382713249,1.0009993888479
676,"rand=1-1_rate=1.5_ROB=LH_Bias=NRE strong","1-1",1.5,"LH","NRE strong",0,0.048790164169432,0.0953101798043249,0.048790164169432,0.182321556793955,0.300104592450338,0.092191140124964,0.0935600138902096,-0.156016644919092,TRUE,0.555030279677903,1.00098622693475,-0.266383728065262,FALSE,0.406810291058155,1.00104214874279,-0.289045552952967,TRUE,0.741601470439849,1.0010887190699,-0.25585148907587,TRUE,0.603986472947929,1.0009859901216
677,"rand=1-1_rate=1.5_ROB=LH_Bias=NRE strong","1-1",1.5,"LH","NRE strong",0,0.048790164169432,0.0953101798043249,0.048790164169432,0.182321556793955,0.300104592450338,0.103757713958358,0.105547850592663,-0.161828373660005,TRUE,0.679381474710819,1.00099025032928,-0.285348263638264,FALSE,0.549577823520489,1.00107352734431,-0.236241236467044,TRUE,0.944446806762802,1.00098712394689,-0.338436665446638,TRUE,0.831028397853739,1.00103495890372
678,"rand=1-1_rate=1.5_ROB=LH_Bias=NRE strong","1-1",1.5,"LH","NRE strong",0,0.048790164169432,0.0953101798043249,0.048790164169432,0.182321556793955,0.300104592450338,0.0839069085715455,0.0847577393555651,-0.0841457129667371,TRUE,0.841077491697161,1.00108906070688,-0.159348828623675,TRUE,0.661769509958834,1.00100722950239,-0.193758724253432,TRUE,0.879351370910012,1.00105794426822,-0.114508765893628,TRUE,1.38028804559655,1.0010471504535
679,"rand=1-1_rate=1.5_ROB=LH_Bias=NRE strong","1-1",1.5,"LH","NRE strong",0,0.048790164169432,0.0953101798043249,0.048790164169432,0.182321556793955,0.300104592450338,0.107185895939568,0.107963657840265,-0.0721096647800563,TRUE,0.604734429603647,1.00125801703508,-0.168846368133507,TRUE,0.475525692379323,1.00100817436892,0.0599459780997673,TRUE,0.45826071909291,1.00106636439904,-0.434147180046059,FALSE,0.950356793805956,1.00098709120715
680,"rand=1-1_rate=1.5_ROB=LH_Bias=NRE strong","1-1",1.5,"LH","NRE strong",0,0.048790164169432,0.0953101798043249,0.048790164169432,0.182321556793955,0.300104592450338,0.0904800994105312,0.0928973496693062,0.0931187007975899,TRUE,0.520157602064796,1.00101997441165,0.0400552656935755,TRUE,0.358729644289618,1.00102564185642,-0.0737641504390327,TRUE,0.52562664855637,1.00120365284002,0.131331812337292,TRUE,0.590096301721499,1.00100055995818
681,"rand=1-1_rate=1.5_ROB=LH_Bias=NRE strong","1-1",1.5,"LH","NRE strong",0,0.048790164169432,0.0953101798043249,0.048790164169432,0.182321556793955,0.300104592450338,0.0803398600053824,0.0881067071019046,-0.0293008072403658,TRUE,0.582495200306992,1.0009860786402,-0.0832524639761267,TRUE,0.416581784574646,1.00100051392355,-0.0209937121576371,TRUE,0.675206501630851,1.00099491827205,-0.133078310076297,TRUE,0.65894081994983,1.00099144955112
682,"rand=1-1_rate=1.5_ROB=LH_Bias=NRE strong","1-1",1.5,"LH","NRE strong",0,0.048790164169432,0.0953101798043249,0.048790164169432,0.182321556793955,0.300104592450338,0.0840131699713092,0.0843370505301362,-0.0466258036626614,TRUE,0.660257289322297,1.00101811961724,-0.0966502582827191,TRUE,0.464792855107842,1.00098797421694,-0.223874021707497,TRUE,0.745112580444259,1.0010157272469,0.00407300110994124,TRUE,0.711173544943854,1.00099803029283
683,"rand=1-1_rate=1.5_ROB=LH_Bias=NRE strong","1-1",1.5,"LH","NRE strong",0,0.048790164169432,0.0953101798043249,0.048790164169432,0.182321556793955,0.300104592450338,0.0901711617626478,0.0925914604105569,-0.0378988478088795,TRUE,0.568596712227903,1.00109299179899,-0.0593552302284472,TRUE,0.401079701680025,1.00100056402707,-0.00418995607067596,TRUE,0.485634587164708,1.00099510621424,-0.109305404980697,TRUE,0.838883168788875,1.00113870946849
684,"rand=1-1_rate=1.5_ROB=LH_Bias=NRE strong","1-1",1.5,"LH","NRE strong",0,0.048790164169432,0.0953101798043249,0.048790164169432,0.182321556793955,0.300104592450338,0.0908544721485714,0.0915964796622718,-0.110655392297476,TRUE,0.538713798852484,1.00100022679182,-0.123921037967701,TRUE,0.320839494902233,1.00098612732274,-0.0552967046193493,TRUE,0.54833803505013,1.00104662453739,-0.157237275365504,TRUE,0.477303386598741,1.00104834059295
685,"rand=1-1_rate=1.5_ROB=LH_Bias=NRE strong","1-1",1.5,"LH","NRE strong",0,0.048790164169432,0.0953101798043249,0.048790164169432,0.182321556793955,0.300104592450338,0.0867050321858418,0.0878861957733521,0.0983509659097555,TRUE,0.533142790626103,1.00099674702338,-0.0527398430009642,TRUE,0.44157772994058,1.00099008786019,-0.0294849903016388,TRUE,0.59800547631403,1.00098662995024,-0.0690531356822401,TRUE,0.838376679901669,1.000987299795
686,"rand=1-1_rate=1.5_ROB=LH_Bias=NRE strong","1-1",1.5,"LH","NRE strong",0,0.048790164169432,0.0953101798043249,0.048790164169432,0.182321556793955,0.300104592450338,0.0772366602631638,0.0810236564562448,-0.200332949628391,TRUE,0.563042126662082,1.00108657225037,-0.192219526448066,FALSE,0.320479445863577,1.0009916866981,-0.202547079183111,TRUE,0.545363598386894,1.00104391938106,-0.185216472217144,TRUE,0.525628478364236,1.00098599729759
687,"rand=1-1_rate=1.5_ROB=LH_Bias=NRE strong","1-1",1.5,"LH","NRE strong",0,0.048790164169432,0.0953101798043249,0.048790164169432,0.182321556793955,0.300104592450338,0.115416149619036,0.116675768093192,-0.0159762493091584,TRUE,0.636601558942384,1.00107826364759,-0.0790123263985967,TRUE,0.476981734906755,1.00098813981462,-0.0612842307950221,TRUE,0.604167241480364,1.00098603928337,-0.100980804620166,TRUE,0.990731529264651,1.00105263601358
688,"rand=1-1_rate=1.5_ROB=LH_Bias=NRE strong","1-1",1.5,"LH","NRE strong",0,0.048790164169432,0.0953101798043249,0.048790164169432,0.182321556793955,0.300104592450338,0.101402122533281,0.102527170568006,-0.309730453289003,FALSE,0.637987630100691,1.00141321288506,-0.363989509608003,FALSE,0.382829245869774,1.00101224136521,-0.0632528343473246,TRUE,0.50255169581597,1.00200416377628,-0.504504815614349,FALSE,0.502467124101946,1.00104411277119
689,"rand=1-1_rate=1.5_ROB=LH_Bias=NRE strong","1-1",1.5,"LH","NRE strong",0,0.048790164169432,0.0953101798043249,0.048790164169432,0.182321556793955,0.300104592450338,0.0939437882755044,0.0965471258136967,0.0766914473295247,TRUE,0.479022804545396,1.00114812062657,-0.0601606847207448,TRUE,0.320478031748633,1.00098748092426,0.0197053498268811,TRUE,0.485619342471748,1.00101009987226,-0.107534866372626,TRUE,0.533345329218242,1.00102997915985
690,"rand=1-1_rate=1.5_ROB=LH_Bias=NRE strong","1-1",1.5,"LH","NRE strong",0,0.048790164169432,0.0953101798043249,0.048790164169432,0.182321556793955,0.300104592450338,0.0852923495945719,0.0860634437696939,-0.133253542220234,TRUE,0.625384215385233,1.00110708937238,-0.169491853235396,TRUE,0.452227728112592,1.00106386752386,-0.129149716988999,TRUE,0.511682336649527,1.00102245956169,-0.213188511880712,TRUE,1.02765414684686,1.00099468064462
691,"rand=1-1_rate=1.5_ROB=LH_Bias=NRE strong","1-1",1.5,"LH","NRE strong",0,0.048790164169432,0.0953101798043249,0.048790164169432,0.182321556793955,0.300104592450338,0.0997755637965411,0.10004034995212,-0.0238279480172623,TRUE,0.587451021350943,1.00107774938286,-0.152247192728655,TRUE,0.516370824782707,1.00102760860798,0.0512498791539179,TRUE,0.529394946637966,1.00098670255146,-0.40041123195634,TRUE,1.10786809280236,1.00098614396796
692,"rand=1-1_rate=1.5_ROB=LH_Bias=NRE strong","1-1",1.5,"LH","NRE strong",0,0.048790164169432,0.0953101798043249,0.048790164169432,0.182321556793955,0.300104592450338,0.0835689204133817,0.0850473702603922,0.0792431452285501,TRUE,0.515791931451288,1.00098697846193,-0.0396786028291645,TRUE,0.394134505887611,1.00105195174573,-0.0689030524283578,TRUE,0.572470238700533,1.00099304942292,-0.0155695075361357,TRUE,0.679163865959426,1.0010268052092
693,"rand=1-1_rate=1.5_ROB=LH_Bias=NRE strong","1-1",1.5,"LH","NRE strong",0,0.048790164169432,0.0953101798043249,0.048790164169432,0.182321556793955,0.300104592450338,0.0787939599803643,0.0814818804947768,0.00650521733083365,TRUE,0.504422299765161,1.00103167244294,0.0134135484695195,TRUE,0.310495347186003,1.00098599846822,-0.0481596744043244,TRUE,0.580042600709651,1.00107001415845,0.0446381675093103,TRUE,0.43790690875192,1.00099987335555
694,"rand=1-1_rate=1.5_ROB=LH_Bias=NRE strong","1-1",1.5,"LH","NRE strong",0,0.048790164169432,0.0953101798043249,0.048790164169432,0.182321556793955,0.300104592450338,0.078546155681325,0.0805371266446942,-0.109102382239193,TRUE,0.571845398100264,1.00103738151169,-0.0943863575980288,TRUE,0.330999232053945,1.00098684646992,-0.173254913640155,TRUE,0.608987937753788,1.00102308785683,-0.0537817084245498,TRUE,0.468205816850236,1.00098713239768
695,"rand=1-1_rate=1.5_ROB=LH_Bias=NRE strong","1-1",1.5,"LH","NRE strong",0,0.048790164169432,0.0953101798043249,0.048790164169432,0.182321556793955,0.300104592450338,0.0773655621500159,0.0785881016264429,0.0104878689596487,TRUE,0.434763459405071,1.0010005985092,-0.0707934262031391,TRUE,0.294631776423297,1.00098769205756,-0.00679654216934189,TRUE,0.527765392824859,1.00112847052935,-0.0985012916598265,TRUE,0.41677463060223,1.00099174117027
696,"rand=1-1_rate=1.5_ROB=LH_Bias=NRE strong","1-1",1.5,"LH","NRE strong",0,0.048790164169432,0.0953101798043249,0.048790164169432,0.182321556793955,0.300104592450338,0.0732558407907829,0.0756281005490603,-0.0285663100181506,TRUE,0.492738313721145,1.00118610259538,-0.0183068910329762,TRUE,0.287031972206313,1.0010047392754,-0.131848646092656,TRUE,0.508595332593995,1.00108532000205,0.0384234779915675,TRUE,0.431128868952575,1.00098986059678
697,"rand=1-1_rate=1.5_ROB=LH_Bias=NRE strong","1-1",1.5,"LH","NRE strong",0,0.048790164169432,0.0953101798043249,0.048790164169432,0.182321556793955,0.300104592450338,0.104990986871722,0.106653561084054,-0.0605947121254544,TRUE,0.539138031594486,1.00146008816395,-0.127440112854925,TRUE,0.379966230094139,1.00100171677863,-0.157835050383624,TRUE,0.562032741662469,1.00098954457366,-0.107474128632968,TRUE,0.711521436069332,1.00105909839588
698,"rand=1-1_rate=1.5_ROB=LH_Bias=NRE strong","1-1",1.5,"LH","NRE strong",0,0.048790164169432,0.0953101798043249,0.048790164169432,0.182321556793955,0.300104592450338,0.0894430863397249,0.0910732217618392,-0.0136090924513708,TRUE,0.481474186174329,1.00118389243199,-0.117365497737448,TRUE,0.364416444180175,1.00100337606972,0.0289194452506222,TRUE,0.573625303410049,1.00098599178367,-0.212172008227287,TRUE,0.515957584540205,1.00103607557303
699,"rand=1-1_rate=1.5_ROB=LH_Bias=NRE strong","1-1",1.5,"LH","NRE strong",0,0.048790164169432,0.0953101798043249,0.048790164169432,0.182321556793955,0.300104592450338,0.0952700681300081,0.0994512259272279,-0.187894618854913,TRUE,0.78129311174056,1.00120542606126,-0.295957622716511,FALSE,0.594904163377522,1.00099192815706,-0.197851228296726,TRUE,0.710002121371687,1.00110982695442,-0.410200628175045,TRUE,1.33029580339947,1.0009920779552
700,"rand=1-1_rate=1.5_ROB=LH_Bias=NRE strong","1-1",1.5,"LH","NRE strong",0,0.048790164169432,0.0953101798043249,0.048790164169432,0.182321556793955,0.300104592450338,0.10353436223707,0.104234999204255,-0.0967744107714803,TRUE,0.548927225886835,1.00101823010739,-0.0738125435918209,TRUE,0.32759893170032,1.00098981176313,-0.19607671248699,TRUE,0.590371667811969,1.00105718551085,-0.0136666929890883,TRUE,0.490390589870918,1.00101071031701
701,"rand=1-1_rate=1.5_ROB=LH_Bias=NRE strong","1-1",1.5,"LH","NRE strong",0,0.048790164169432,0.0953101798043249,0.048790164169432,0.182321556793955,0.300104592450338,0.0970911957989754,0.0974424300720883,-0.175325726287368,TRUE,0.761973191409328,1.00101415616837,-0.0892240454404412,TRUE,0.503645128654674,1.00104779446223,-0.139427886860352,TRUE,0.663488179858287,1.00099493402553,-0.0454158895653254,TRUE,0.954291420077656,1.0009913639139
702,"rand=1-1_rate=1.5_ROB=LH_Bias=NRE strong","1-1",1.5,"LH","NRE strong",0,0.048790164169432,0.0953101798043249,0.048790164169432,0.182321556793955,0.300104592450338,0.0841955331255036,0.0857649207880181,-0.0328767059234678,TRUE,0.510879337691016,1.00113822517474,-0.10717539097734,TRUE,0.371042149554645,1.00098599277782,-0.0371575641261985,TRUE,0.502460791172508,1.00157091832535,-0.161603649192821,TRUE,0.712548604097043,1.00099184414365
703,"rand=1-1_rate=1.5_ROB=LH_Bias=NRE strong","1-1",1.5,"LH","NRE strong",0,0.048790164169432,0.0953101798043249,0.048790164169432,0.182321556793955,0.300104592450338,0.0954898336166066,0.0960553612080021,-0.189680136524453,TRUE,0.804774579798852,1.00100762432078,-0.218576595958634,TRUE,0.5731483863353,1.00099731412347,-0.056312658439843,TRUE,0.873885659229383,1.00100264190583,-0.416047530533085,FALSE,0.808789130534123,1.00104035280848
704,"rand=1-1_rate=1.5_ROB=LH_Bias=NRE strong","1-1",1.5,"LH","NRE strong",0,0.048790164169432,0.0953101798043249,0.048790164169432,0.182321556793955,0.300104592450338,0.103509634010338,0.104026332437643,0.0853007042483013,TRUE,0.479388214572044,1.0010811408471,0.0231564112685493,TRUE,0.345583661452982,1.00099106743188,0.0905053405805175,TRUE,0.5025959157341,1.00101621771529,-0.0306451007537378,TRUE,0.59332161092498,1.00098759460438
705,"rand=1-1_rate=1.5_ROB=LH_Bias=NRE strong","1-1",1.5,"LH","NRE strong",0,0.048790164169432,0.0953101798043249,0.048790164169432,0.182321556793955,0.300104592450338,0.102831386770366,0.104517048891953,-0.0152305412789564,TRUE,0.539632748370362,1.00127512173884,-0.0592771282194755,TRUE,0.394565484067089,1.00099554046768,-0.0477160942007162,TRUE,0.498777556097804,1.00115169224011,-0.0752078299216756,TRUE,0.81177421901875,1.00099158758162
706,"rand=1-1_rate=1.5_ROB=LH_Bias=NRE strong","1-1",1.5,"LH","NRE strong",0,0.048790164169432,0.0953101798043249,0.048790164169432,0.182321556793955,0.300104592450338,0.11444303100114,0.116954730428377,-0.04663335605536,TRUE,0.492844434412115,1.00123848098618,-0.197531319341127,FALSE,0.358886839717699,1.00101292402901,-0.0166790965987602,TRUE,0.498523658619274,1.00105750833521,-0.30206582481132,FALSE,0.544256328452019,1.00098859632321
707,"rand=1-1_rate=1.5_ROB=LH_Bias=NRE strong","1-1",1.5,"LH","NRE strong",0,0.048790164169432,0.0953101798043249,0.048790164169432,0.182321556793955,0.300104592450338,0.0916176489497508,0.09521995410454,-0.167372156430629,TRUE,0.588200775402272,1.00103615549421,-0.185260835457133,FALSE,0.372609863586389,1.00101562504421,-0.111515873791885,TRUE,0.54015819901175,1.00098708639848,-0.23321587298313,TRUE,0.642700977468112,1.00098809265951
708,"rand=1-1_rate=1.5_ROB=LH_Bias=NRE strong","1-1",1.5,"LH","NRE strong",0,0.048790164169432,0.0953101798043249,0.048790164169432,0.182321556793955,0.300104592450338,0.084142112495023,0.0854642977495055,0.131497959649751,TRUE,0.465924180113757,1.00098650846613,0.0137592271702859,TRUE,0.383003262173892,1.00098650965407,-0.00520385549737323,TRUE,0.474368699062772,1.00098615014115,0.0276431649298691,TRUE,0.802183870520739,1.00099472815625
709,"rand=1-1_rate=1.5_ROB=LH_Bias=NRE strong","1-1",1.5,"LH","NRE strong",0,0.048790164169432,0.0953101798043249,0.048790164169432,0.182321556793955,0.300104592450338,0.114299966581501,0.114806288457768,-0.000397005018866414,TRUE,0.468659838868145,1.00109096025875,-0.156165932859206,TRUE,0.434038260306209,1.00104936037922,-0.0357990136777429,TRUE,0.597708509072631,1.00104442806888,-0.26081760472683,TRUE,0.775825697602316,1.00100178301418
710,"rand=1-1_rate=1.5_ROB=LH_Bias=NRE strong","1-1",1.5,"LH","NRE strong",0,0.048790164169432,0.0953101798043249,0.048790164169432,0.182321556793955,0.300104592450338,0.0906741832327365,0.0925722340137756,-0.0494140609928226,TRUE,0.624592803621083,1.00103881596263,-0.0890491073885153,TRUE,0.466650491821144,1.00099718083817,0.0155659801947292,TRUE,0.520709434963083,1.00116675304206,-0.18778582754437,TRUE,1.03506038813088,1.00100010460658
711,"rand=1-1_rate=1.5_ROB=LH_Bias=NRE strong","1-1",1.5,"LH","NRE strong",0,0.048790164169432,0.0953101798043249,0.048790164169432,0.182321556793955,0.300104592450338,0.103612957466169,0.104846670983235,0.0533253384885075,TRUE,0.57749252197798,1.00100158845217,-0.0193260784245277,TRUE,0.433261731345063,1.00101873589054,0.0578631930439515,TRUE,0.615773410537834,1.00099747420683,-0.0931656577474362,TRUE,0.772167412867629,1.00100419789808
712,"rand=1-1_rate=1.5_ROB=LH_Bias=NRE strong","1-1",1.5,"LH","NRE strong",0,0.048790164169432,0.0953101798043249,0.048790164169432,0.182321556793955,0.300104592450338,0.0841515820810147,0.0850850570777619,-0.00473733208658134,TRUE,0.694872926374188,1.00099680849936,-0.0707906652847941,TRUE,0.535242602818883,1.00105287193379,-0.0350038789943921,TRUE,0.694761170394425,1.00099893650231,-0.113817071761719,TRUE,1.16135429137449,1.00098627779293
713,"rand=1-1_rate=1.5_ROB=LH_Bias=NRE strong","1-1",1.5,"LH","NRE strong",0,0.048790164169432,0.0953101798043249,0.048790164169432,0.182321556793955,0.300104592450338,0.0930557743300413,0.0943789107200481,0.0112316761034306,TRUE,0.575028641859401,1.00098957199467,-0.00476106913289698,TRUE,0.388327001504565,1.00099310167718,0.118477897275568,TRUE,0.47234901122321,1.00100804231586,-0.127319179760187,TRUE,0.745279473270693,1.0009910345548
714,"rand=1-1_rate=1.5_ROB=LH_Bias=NRE strong","1-1",1.5,"LH","NRE strong",0,0.048790164169432,0.0953101798043249,0.048790164169432,0.182321556793955,0.300104592450338,0.0928978993080305,0.0954310710338527,-0.0885949143200115,TRUE,0.559568208876916,1.00123386946145,-0.162167297971336,TRUE,0.424725808613635,1.00098625918472,0.000996719095988641,TRUE,0.498852161570111,1.00126879577483,-0.298126342931653,TRUE,0.829203146793737,1.00099969408078
715,"rand=1-1_rate=1.5_ROB=LH_Bias=NRE strong","1-1",1.5,"LH","NRE strong",0,0.048790164169432,0.0953101798043249,0.048790164169432,0.182321556793955,0.300104592450338,0.0846609847339727,0.0865999365151847,-0.0138200403252775,TRUE,0.620244028038487,1.0009861935659,-0.0363363714301908,TRUE,0.457306644989343,1.00099844794614,-0.00415294281557754,TRUE,0.505893392532464,1.00101885523567,-0.0874508268652325,TRUE,1.06163781005092,1.0010508399692
716,"rand=1-1_rate=1.5_ROB=LH_Bias=NRE strong","1-1",1.5,"LH","NRE strong",0,0.048790164169432,0.0953101798043249,0.048790164169432,0.182321556793955,0.300104592450338,0.0823822741301646,0.0852502215359182,-0.0988690654495745,TRUE,0.564695814650665,1.00104225181161,-0.050875664746338,TRUE,0.33981684792112,1.001074369361,-0.153575671973488,TRUE,0.596789553273007,1.00121702837997,0.010021997829623,TRUE,0.484146677678947,1.00101708733946
717,"rand=1-1_rate=1.5_ROB=LH_Bias=NRE strong","1-1",1.5,"LH","NRE strong",0,0.048790164169432,0.0953101798043249,0.048790164169432,0.182321556793955,0.300104592450338,0.0860967603313159,0.0869441150960895,-0.00623884264817609,TRUE,0.526523024249587,1.00131101117659,-0.128639583863852,TRUE,0.458767871718222,1.00103806074701,-0.0145523898553528,TRUE,0.47851218752658,1.00098819332074,-0.256284771484756,TRUE,1.10583146938426,1.00100599514942
718,"rand=1-1_rate=1.5_ROB=LH_Bias=NRE strong","1-1",1.5,"LH","NRE strong",0,0.048790164169432,0.0953101798043249,0.048790164169432,0.182321556793955,0.300104592450338,0.0896169428661259,0.0912764360075187,0.0148923784407073,TRUE,0.566373362571491,1.001021089484,-0.133380699016247,TRUE,0.457749567305121,1.00099075242385,-0.0667237280905251,TRUE,0.539604030964041,1.00122769632278,-0.188483994461037,TRUE,0.975247607565985,1.00098605219464
719,"rand=1-1_rate=1.5_ROB=LH_Bias=NRE strong","1-1",1.5,"LH","NRE strong",0,0.048790164169432,0.0953101798043249,0.048790164169432,0.182321556793955,0.300104592450338,0.0888384544810496,0.0922440919262895,-0.0645004054286187,TRUE,0.525169477621653,1.00099123772046,-0.057029878070801,TRUE,0.315137574770415,1.0011355997916,-0.0844552279074784,TRUE,0.503190715268272,1.00099447530574,-0.0420206535156451,TRUE,0.540842731597766,1.00099086847351
720,"rand=1-1_rate=1.5_ROB=LH_Bias=NRE strong","1-1",1.5,"LH","NRE strong",0,0.048790164169432,0.0953101798043249,0.048790164169432,0.182321556793955,0.300104592450338,0.0876128167719857,0.0878102930822078,0.0222264842848536,TRUE,0.475243499164638,1.0010077985306,-0.0640168477725727,TRUE,0.362174640882212,1.00098767777899,-0.107963912168419,TRUE,0.690216859005107,1.00098625670677,-0.0375288001195591,TRUE,0.479800347070614,1.0009926890739
721,"rand=1-1_rate=1.5_ROB=LH_Bias=NRE strong","1-1",1.5,"LH","NRE strong",0,0.048790164169432,0.0953101798043249,0.048790164169432,0.182321556793955,0.300104592450338,0.0886323637803837,0.0914974470113754,-0.0890096296021143,TRUE,0.470559438077227,1.00103977232762,-0.099556409151258,TRUE,0.254494883364986,1.00146374636409,-0.118110476009049,TRUE,0.5871498439149,1.0014861378378,-0.0943567393974771,TRUE,0.323342704040892,1.00102119350659
722,"rand=1-1_rate=1.5_ROB=LH_Bias=NRE strong","1-1",1.5,"LH","NRE strong",0,0.048790164169432,0.0953101798043249,0.048790164169432,0.182321556793955,0.300104592450338,0.090819425065294,0.0961056399721525,-0.223675399536075,TRUE,0.597056467040019,1.00113663365206,-0.276661078791677,FALSE,0.380909857108589,1.00100490878397,-0.0714362927870937,TRUE,0.524443436092936,1.00129902139358,-0.40156055649562,FALSE,0.543613681701924,1.00099178485947
723,"rand=1-1_rate=1.5_ROB=LH_Bias=NRE strong","1-1",1.5,"LH","NRE strong",0,0.048790164169432,0.0953101798043249,0.048790164169432,0.182321556793955,0.300104592450338,0.0910508180464209,0.0940972776994274,-0.290164186057168,FALSE,0.681018921728017,1.0009860725416,-0.186476784095517,FALSE,0.375588305495199,1.00098749509879,-0.215064983624337,TRUE,0.604424967503526,1.00107073460726,-0.171280710778238,TRUE,0.632575025778338,1.00098810897259
724,"rand=1-1_rate=1.5_ROB=LH_Bias=NRE strong","1-1",1.5,"LH","NRE strong",0,0.048790164169432,0.0953101798043249,0.048790164169432,0.182321556793955,0.300104592450338,0.0821624781241899,0.0831166732707007,-0.064336127671816,TRUE,0.539830380906435,1.00100511115399,-0.133760427573589,TRUE,0.391751634398147,1.00098726966813,0.0344683706418921,TRUE,0.484640050837951,1.00098793989823,-0.263894345440192,TRUE,0.678305365691445,1.00098843389131
725,"rand=1-1_rate=1.5_ROB=LH_Bias=NRE strong","1-1",1.5,"LH","NRE strong",0,0.048790164169432,0.0953101798043249,0.048790164169432,0.182321556793955,0.300104592450338,0.0932528800341556,0.096594409299357,-0.127363022441799,TRUE,0.49931122992636,1.00131357252104,-0.182479762061835,FALSE,0.300058673550085,1.00110739216622,0.0206097901587435,TRUE,0.432605545127259,1.00160787158283,-0.275968831875461,FALSE,0.497700766516439,1.00098860739938
726,"rand=1-1_rate=1.5_ROB=LH_Bias=NRE strong","1-1",1.5,"LH","NRE strong",0,0.048790164169432,0.0953101798043249,0.048790164169432,0.182321556793955,0.300104592450338,0.103148288916086,0.103901612686662,-0.105630170647431,TRUE,0.567371080736728,1.00131554317361,-0.289385412097084,FALSE,0.367967641666648,1.00111815342022,-0.175044655028148,TRUE,0.699616876781636,1.00114795596308,-0.354636078917172,FALSE,0.472244697393984,1.00098841265634
727,"rand=1-1_rate=1.5_ROB=LH_Bias=NRE strong","1-1",1.5,"LH","NRE strong",0,0.048790164169432,0.0953101798043249,0.048790164169432,0.182321556793955,0.300104592450338,0.0812547514786953,0.0819726501218508,-0.0736662517787838,TRUE,0.520310546732797,1.00100409366051,-0.146440877690025,TRUE,0.403624324824379,1.00101796916477,0.0644741277897826,TRUE,0.497772876036404,1.00104060697276,-0.310239483522424,FALSE,0.624472337527071,1.0009895745866
728,"rand=1-1_rate=1.5_ROB=LH_Bias=NRE strong","1-1",1.5,"LH","NRE strong",0,0.048790164169432,0.0953101798043249,0.048790164169432,0.182321556793955,0.300104592450338,0.0943694194968761,0.0962890087142993,0.0711992973511066,TRUE,0.497067698235964,1.0009894903261,-0.0575229332091234,TRUE,0.40729395445861,1.00099303169501,0.0168741193372512,TRUE,0.463947186833879,1.00127538971999,-0.119582335721903,TRUE,0.917242789742643,1.00099903515287
729,"rand=1-1_rate=1.5_ROB=LH_Bias=NRE strong","1-1",1.5,"LH","NRE strong",0,0.048790164169432,0.0953101798043249,0.048790164169432,0.182321556793955,0.300104592450338,0.0941720475288254,0.0951128778992383,0.051528916327077,TRUE,0.503371443383457,1.00099074213209,-0.0622777805968011,TRUE,0.467841458249041,1.00098628626825,0.0878575531218758,TRUE,0.666126133830757,1.00098887516161,-0.216626039984091,TRUE,0.74676718180029,1.00098944215112
730,"rand=1-1_rate=1.5_ROB=LH_Bias=NRE strong","1-1",1.5,"LH","NRE strong",0,0.048790164169432,0.0953101798043249,0.048790164169432,0.182321556793955,0.300104592450338,0.103858829000272,0.104453530791115,-0.148022378193777,TRUE,0.667084288467162,1.00115662371676,-0.31630687552065,FALSE,0.566401510432941,1.00101315592477,-0.292001408538187,TRUE,0.787007489620359,1.00102375888404,-0.335003274839119,TRUE,1.06695811215998,1.00099512276309
731,"rand=1-1_rate=1.5_ROB=LH_Bias=NRE strong","1-1",1.5,"LH","NRE strong",0,0.048790164169432,0.0953101798043249,0.048790164169432,0.182321556793955,0.300104592450338,0.102600968680641,0.106154218263008,-0.0595318299971452,TRUE,0.569617908814052,1.00104682591835,-0.10282513736335,TRUE,0.42063372832882,1.00098784901708,0.0208274449308293,TRUE,0.72214493668641,1.00107089672763,-0.195278146257552,TRUE,0.560781333326977,1.00098601169028
732,"rand=1-1_rate=1.5_ROB=LH_Bias=NRE strong","1-1",1.5,"LH","NRE strong",0,0.048790164169432,0.0953101798043249,0.048790164169432,0.182321556793955,0.300104592450338,0.0970937732854754,0.0982926585810595,-0.204548951553957,TRUE,0.638358424206142,1.0010050101904,-0.301180815399871,FALSE,0.454134797767153,1.00098783496803,-0.206263865039837,TRUE,0.654008250436755,1.00102869927829,-0.365454593132743,FALSE,0.766167192270602,1.00098692236639
733,"rand=1-1_rate=1.5_ROB=LH_Bias=NRE strong","1-1",1.5,"LH","NRE strong",0,0.048790164169432,0.0953101798043249,0.048790164169432,0.182321556793955,0.300104592450338,0.0893282367882123,0.0918200545688035,-0.0228920258315413,TRUE,0.537735354308517,1.0009880833685,-0.0512029317526297,TRUE,0.363696196628683,1.00099190935742,0.0961175088328929,TRUE,0.496532672482233,1.00121506609367,-0.160647851547129,TRUE,0.573040928488893,1.0010266837057
734,"rand=1-1_rate=1.5_ROB=LH_Bias=NRE strong","1-1",1.5,"LH","NRE strong",0,0.048790164169432,0.0953101798043249,0.048790164169432,0.182321556793955,0.300104592450338,0.0879818651007838,0.0883649990325597,-0.127167655244591,TRUE,0.65330566359537,1.00100196379305,-0.238454271687585,TRUE,0.54900960134657,1.00099109566245,-0.0552349329888702,TRUE,0.544820179247889,1.00100015289096,-0.445346163790306,TRUE,1.25664889359457,1.00099385781044
735,"rand=1-1_rate=1.5_ROB=LH_Bias=NRE strong","1-1",1.5,"LH","NRE strong",0,0.048790164169432,0.0953101798043249,0.048790164169432,0.182321556793955,0.300104592450338,0.0888639431749762,0.0904414250350515,-0.126941581675209,TRUE,0.632525865044714,1.00100410845213,-0.219734410846042,FALSE,0.44423617611691,1.00098876614589,-0.299477207035376,TRUE,0.823295381686319,1.00098736727635,-0.164882398946803,TRUE,0.605903932657151,1.00100077019215
736,"rand=1-1_rate=1.5_ROB=LH_Bias=NRE strong","1-1",1.5,"LH","NRE strong",0,0.048790164169432,0.0953101798043249,0.048790164169432,0.182321556793955,0.300104592450338,0.0895754595119063,0.09039371402249,-0.0199403856642364,TRUE,0.516683961652829,1.00098728669763,-0.109936911903326,TRUE,0.379170015485737,1.0011106145545,0.0260483218557754,TRUE,0.483364874260214,1.00161348836003,-0.214146371583406,TRUE,0.688946796279862,1.00099176675369
737,"rand=1-1_rate=1.5_ROB=LH_Bias=NRE strong","1-1",1.5,"LH","NRE strong",0,0.048790164169432,0.0953101798043249,0.048790164169432,0.182321556793955,0.300104592450338,0.101796251982926,0.103255101925197,-0.0448030371619752,TRUE,0.651683008269607,1.00098604508029,-0.105535476601185,TRUE,0.484484606859464,1.00101483401994,-0.218856222697557,TRUE,0.60786609876973,1.00100953574008,-0.000265011747952348,TRUE,0.953068518388114,1.00102655534943
738,"rand=1-1_rate=1.5_ROB=LH_Bias=NRE strong","1-1",1.5,"LH","NRE strong",0,0.048790164169432,0.0953101798043249,0.048790164169432,0.182321556793955,0.300104592450338,0.0966462019808868,0.0978225731072041,-0.0266571356883079,TRUE,0.608303441515852,1.00099825607423,-0.129270951339954,TRUE,0.453956778904218,1.00105883436111,0.0519722484321868,TRUE,0.552135646748475,1.00100546196626,-0.303448406568394,TRUE,0.833425216658248,1.00099235759199
739,"rand=1-1_rate=1.5_ROB=LH_Bias=NRE strong","1-1",1.5,"LH","NRE strong",0,0.048790164169432,0.0953101798043249,0.048790164169432,0.182321556793955,0.300104592450338,0.0866894735707134,0.0878629241268847,-0.0335889790958301,TRUE,0.612557151366117,1.00098730719122,-0.0776741204739959,TRUE,0.482487368353159,1.00099738229486,0.00679660548311667,TRUE,0.488309372199493,1.0009864977767,-0.167910536503042,TRUE,1.17398876663625,1.00098629569542
740,"rand=1-1_rate=1.5_ROB=LH_Bias=NRE strong","1-1",1.5,"LH","NRE strong",0,0.048790164169432,0.0953101798043249,0.048790164169432,0.182321556793955,0.300104592450338,0.0815767296453776,0.0889404701494067,0.0684236987742064,TRUE,0.453434830230541,1.0013954392727,-0.0976855964363574,TRUE,0.445945879075746,1.00099691982652,0.0168052272139988,TRUE,0.506759400188658,1.00134328429199,-0.219879635944383,TRUE,0.970241977615893,1.0009900019496
741,"rand=1-1_rate=1.5_ROB=LH_Bias=NRE strong","1-1",1.5,"LH","NRE strong",0,0.048790164169432,0.0953101798043249,0.048790164169432,0.182321556793955,0.300104592450338,0.0799499550357141,0.0804089875653931,-0.0822837811004153,TRUE,0.655304185960052,1.00099765639409,-0.122136427418056,TRUE,0.485550081356663,1.00098721159017,-0.0423751240385912,TRUE,0.525493517580694,1.00122269009961,-0.201163459170072,TRUE,1.14659364206227,1.00102276109367
742,"rand=1-1_rate=1.5_ROB=LH_Bias=NRE strong","1-1",1.5,"LH","NRE strong",0,0.048790164169432,0.0953101798043249,0.048790164169432,0.182321556793955,0.300104592450338,0.0871282969076094,0.0879357284408357,-0.00371571278545879,TRUE,0.606130347375509,1.00109651289704,-0.0775182381656052,TRUE,0.489995782684087,1.00099572731814,0.0484032388825777,TRUE,0.681462614883521,1.00099149168638,-0.220165160248276,TRUE,0.860210731461781,1.00098873450028
743,"rand=1-1_rate=1.5_ROB=LH_Bias=NRE strong","1-1",1.5,"LH","NRE strong",0,0.048790164169432,0.0953101798043249,0.048790164169432,0.182321556793955,0.300104592450338,0.0960293772353861,0.0972230470958072,-0.131377666760103,TRUE,0.559534676450046,1.00099465468787,-0.196740746957242,FALSE,0.400000563136314,1.00104607137391,-0.0884512373423718,TRUE,0.792622039682017,1.00098634374967,-0.258235579851372,FALSE,0.425788289921048,1.00098972851892
744,"rand=1-1_rate=1.5_ROB=LH_Bias=NRE strong","1-1",1.5,"LH","NRE strong",0,0.048790164169432,0.0953101798043249,0.048790164169432,0.182321556793955,0.300104592450338,0.0751408795887912,0.0761703601301073,0.0683659682974744,TRUE,0.570925945558279,1.00107655374287,-0.00611295225102992,TRUE,0.455242411998011,1.00098783330979,0.129324149365165,TRUE,0.583315177375916,1.00120771918943,-0.161099728913981,TRUE,0.843363887357152,1.00100535622029
745,"rand=1-1_rate=1.5_ROB=LH_Bias=NRE strong","1-1",1.5,"LH","NRE strong",0,0.048790164169432,0.0953101798043249,0.048790164169432,0.182321556793955,0.300104592450338,0.108769231860673,0.110011945411739,-0.135662985102567,TRUE,0.548062926814126,1.00098676249467,-0.204794227774451,FALSE,0.364954439962666,1.00103590312819,-0.000224491469688504,TRUE,0.470864639713906,1.00105779544025,-0.328282171445551,FALSE,0.604003010461068,1.00098615825844
746,"rand=1-1_rate=1.5_ROB=LH_Bias=NRE strong","1-1",1.5,"LH","NRE strong",0,0.048790164169432,0.0953101798043249,0.048790164169432,0.182321556793955,0.300104592450338,0.104275045610767,0.106092368498737,0.0946553875524599,TRUE,0.428323110175762,1.00100011552746,-0.0522159893690239,TRUE,0.377293426548183,1.00101055095808,-0.0618983821871943,TRUE,0.481731302774385,1.00098688016159,-0.0430458081079512,TRUE,0.79919970651716,1.00098802426347
747,"rand=1-1_rate=1.5_ROB=LH_Bias=NRE strong","1-1",1.5,"LH","NRE strong",0,0.048790164169432,0.0953101798043249,0.048790164169432,0.182321556793955,0.300104592450338,0.0738091833465697,0.0755512418669335,0.0435737915567385,TRUE,0.381525938622013,1.00107664182437,-0.0370174599815998,TRUE,0.250561469546261,1.00113397292038,0.0767927437405678,TRUE,0.423140895398668,1.0013487069421,-0.0775760169348272,TRUE,0.388104760526053,1.00098602317039
748,"rand=1-1_rate=1.5_ROB=LH_Bias=NRE strong","1-1",1.5,"LH","NRE strong",0,0.048790164169432,0.0953101798043249,0.048790164169432,0.182321556793955,0.300104592450338,0.104407936005523,0.104549527560419,0.100723128050076,TRUE,0.367136101677776,1.00098979581689,0.0744233848162044,TRUE,0.202414617114151,1.00122112616613,0.0315367192654656,TRUE,0.512082935985681,1.00186553060705,0.0854269190367808,TRUE,0.23306328288026,1.00116711634811
749,"rand=1-1_rate=1.5_ROB=LH_Bias=NRE strong","1-1",1.5,"LH","NRE strong",0,0.048790164169432,0.0953101798043249,0.048790164169432,0.182321556793955,0.300104592450338,0.101148667528556,0.101781023660264,-0.0819690242010547,TRUE,0.576505883961328,1.00100441542723,-0.215113692430889,TRUE,0.470619178679755,1.00098718239039,-0.144579311579006,TRUE,0.556594748064442,1.00102671786755,-0.276684188139089,TRUE,1.02625686799545,1.00100925905876
750,"rand=1-1_rate=1.5_ROB=LH_Bias=NRE strong","1-1",1.5,"LH","NRE strong",0,0.048790164169432,0.0953101798043249,0.048790164169432,0.182321556793955,0.300104592450338,0.105686829538554,0.106827070832273,-0.160466875983355,TRUE,0.659331905918057,1.00099110260446,-0.188017020153459,TRUE,0.449658195770088,1.00103126765551,-0.0608122466936207,TRUE,0.615058453614426,1.00100724135131,-0.302099601321083,TRUE,0.774126467155098,1.00102804477858
751,"rand=1-1_rate=1.5_ROB=LH_Bias=NRE strong","1-1",1.5,"LH","NRE strong",0,0.048790164169432,0.0953101798043249,0.048790164169432,0.182321556793955,0.300104592450338,0.0844488924250232,0.0864563085065586,-0.0705916238716098,TRUE,0.562144069019059,1.00105077788688,-0.0866085797117171,TRUE,0.46214593792396,1.00104623659955,0.139423303072923,TRUE,0.480594962634255,1.00183776356396,-0.364757077071437,FALSE,0.85502927781619,1.00101521073389
752,"rand=1-1_rate=1.5_ROB=LH_Bias=NRE strong","1-1",1.5,"LH","NRE strong",0,0.048790164169432,0.0953101798043249,0.048790164169432,0.182321556793955,0.300104592450338,0.0936037550152094,0.0971060210484622,0.0149833224788759,TRUE,0.453349218779707,1.00111139698728,-0.103124489748516,TRUE,0.34241365740061,1.00121848553931,0.0106897549984698,TRUE,0.467175909516301,1.00238413927209,-0.176951275252753,TRUE,0.604828663577489,1.00099518733537
753,"rand=1-1_rate=1.5_ROB=LH_Bias=NRE strong","1-1",1.5,"LH","NRE strong",0,0.048790164169432,0.0953101798043249,0.048790164169432,0.182321556793955,0.300104592450338,0.0826959415551023,0.083689210991929,-0.389110013320746,FALSE,0.793094658365524,1.00099638708271,-0.34301444813482,FALSE,0.49363835985351,1.00106850211478,-0.37412744117652,FALSE,0.73036552513808,1.00098713229405,-0.322749145928046,TRUE,0.862093393447362,1.00100009229704
754,"rand=1-1_rate=1.5_ROB=LH_Bias=NRE strong","1-1",1.5,"LH","NRE strong",0,0.048790164169432,0.0953101798043249,0.048790164169432,0.182321556793955,0.300104592450338,0.0909011517871796,0.0941489367735296,-0.0347661276884872,TRUE,0.551280746970082,1.00098909794749,-0.0619541711279226,TRUE,0.366660296467342,1.00098609607793,0.0479423915120095,TRUE,0.499247811141222,1.001263717832,-0.148254699359055,TRUE,0.642754373853166,1.000986000957
755,"rand=1-1_rate=1.5_ROB=LH_Bias=NRE strong","1-1",1.5,"LH","NRE strong",0,0.048790164169432,0.0953101798043249,0.048790164169432,0.182321556793955,0.300104592450338,0.0886732431641214,0.089986167037764,-0.0491066072286075,TRUE,0.633923467247114,1.00098682086175,-0.02348310132511,TRUE,0.416293008061941,1.00101318614241,0.0548987906235558,TRUE,0.534534477844606,1.00103194206627,-0.101283043889392,TRUE,0.825131168958803,1.00099539590875
756,"rand=1-1_rate=1.5_ROB=LH_Bias=NRE strong","1-1",1.5,"LH","NRE strong",0,0.048790164169432,0.0953101798043249,0.048790164169432,0.182321556793955,0.300104592450338,0.0837842105064502,0.087418615608989,-0.100155596843673,TRUE,0.655328357767881,1.00102570206493,-0.274484590651825,FALSE,0.510239555275473,1.00107509542637,0.054507028989954,TRUE,0.464690961933708,1.00115865057869,-0.615893670301,FALSE,0.829067479326057,1.00101237412087
757,"rand=1-1_rate=1.5_ROB=LH_Bias=NRE strong","1-1",1.5,"LH","NRE strong",0,0.048790164169432,0.0953101798043249,0.048790164169432,0.182321556793955,0.300104592450338,0.101285877444857,0.104121051032024,-0.0318458294642423,TRUE,0.525819563145759,1.00102621755337,-0.114868013834977,TRUE,0.382685990131313,1.001089436064,-0.00240081467467368,TRUE,0.513149950514731,1.00142954025054,-0.198757418101008,TRUE,0.688998948666545,1.00098624027284
758,"rand=1-1_rate=1.5_ROB=LH_Bias=NRE strong","1-1",1.5,"LH","NRE strong",0,0.048790164169432,0.0953101798043249,0.048790164169432,0.182321556793955,0.300104592450338,0.105431581300634,0.106817140388964,-0.115728921371369,TRUE,0.640227731386693,1.00105280104063,-0.127106848591471,TRUE,0.448126784040421,1.00102243663939,-0.0988844438849661,TRUE,0.560094079968083,1.00106285596366,-0.144777289800454,TRUE,0.920369239775463,1.00109744043268
759,"rand=1-1_rate=1.5_ROB=LH_Bias=NRE strong","1-1",1.5,"LH","NRE strong",0,0.048790164169432,0.0953101798043249,0.048790164169432,0.182321556793955,0.300104592450338,0.0933830341080774,0.0949520294482999,0.0810785032550159,TRUE,0.564481178537148,1.00099911547463,-0.0665932548908494,TRUE,0.496916864580819,1.00106033444211,0.0870957186507433,TRUE,0.583514087270707,1.00107361099795,-0.223573664388708,TRUE,1.00468476692948,1.00099000115842
760,"rand=1-1_rate=1.5_ROB=LH_Bias=NRE strong","1-1",1.5,"LH","NRE strong",0,0.048790164169432,0.0953101798043249,0.048790164169432,0.182321556793955,0.300104592450338,0.100208587912072,0.101337971172132,0.107752454684889,TRUE,0.370033458717706,1.0010330510714,-0.0170742376624202,TRUE,0.359829991422446,1.00104225391622,0.124529183820332,TRUE,0.543660084925432,1.00100707339961,-0.118750042459997,TRUE,0.519030293354143,1.00105780008114
761,"rand=1-1_rate=1.5_ROB=LH_Bias=NRE strong","1-1",1.5,"LH","NRE strong",0,0.048790164169432,0.0953101798043249,0.048790164169432,0.182321556793955,0.300104592450338,0.0920188021775534,0.092912283811015,-0.0636122548878835,TRUE,0.55024525704772,1.00112813964546,-0.141412161669093,TRUE,0.379654336924425,1.00099725447492,-0.122957581863821,TRUE,0.620910762963065,1.0010828261076,-0.153224187060767,TRUE,0.610441387462313,1.00100386493636
762,"rand=1-1_rate=1.5_ROB=LH_Bias=NRE strong","1-1",1.5,"LH","NRE strong",0,0.048790164169432,0.0953101798043249,0.048790164169432,0.182321556793955,0.300104592450338,0.0839296806894473,0.0853989915804876,-0.213752971138852,TRUE,0.614718004458537,1.00104656894083,-0.227706125921043,FALSE,0.375363392556564,1.00101052502849,-0.0560203967283137,TRUE,0.497422854408492,1.00116592347285,-0.335243397960197,FALSE,0.656907877868099,1.00100010558945
763,"rand=1-1_rate=1.5_ROB=LH_Bias=NRE strong","1-1",1.5,"LH","NRE strong",0,0.048790164169432,0.0953101798043249,0.048790164169432,0.182321556793955,0.300104592450338,0.0925263717311695,0.0977910180611051,0.0496687279033047,TRUE,0.532069716710238,1.00106885877636,0.0780093859274953,TRUE,0.364231402410655,1.00101666527256,-0.0155415102943044,TRUE,0.502844756256358,1.00110782263419,0.151348492173743,TRUE,0.65936366343333,1.00099255321773
764,"rand=1-1_rate=1.5_ROB=LH_Bias=NRE strong","1-1",1.5,"LH","NRE strong",0,0.048790164169432,0.0953101798043249,0.048790164169432,0.182321556793955,0.300104592450338,0.0908934917618652,0.0939163350229224,-0.0395136908870788,TRUE,0.462887336258556,1.00116593345254,-0.0738837916107,TRUE,0.271464863656489,1.00114229131546,-0.0344059348881525,TRUE,0.475036220240708,1.0038754074941,-0.0922355867491771,TRUE,0.432095830116741,1.00098599092427
765,"rand=1-1_rate=1.5_ROB=LH_Bias=NRE strong","1-1",1.5,"LH","NRE strong",0,0.048790164169432,0.0953101798043249,0.048790164169432,0.182321556793955,0.300104592450338,0.0922873673284144,0.0939968441006652,-0.0199740355581319,TRUE,0.702562850311129,1.00099777955326,-0.00127949298013297,TRUE,0.471943714898145,1.00098610339745,0.111325095365545,TRUE,0.583889285386131,1.00106326154332,-0.142497949676615,TRUE,1.00942227257691,1.00107045589945
766,"rand=1-1_rate=1.5_ROB=LH_Bias=NRE strong","1-1",1.5,"LH","NRE strong",0,0.048790164169432,0.0953101798043249,0.048790164169432,0.182321556793955,0.300104592450338,0.0816791601518545,0.082838835971408,0.00631170426899696,TRUE,0.501692857572236,1.00099132361259,-0.128737833424885,TRUE,0.397976086043188,1.00098612445319,-0.00906161994299381,TRUE,0.540579128336189,1.00099217462702,-0.216618155741368,TRUE,0.709404912233642,1.00101820148375
767,"rand=1-1_rate=1.5_ROB=LH_Bias=NRE strong","1-1",1.5,"LH","NRE strong",0,0.048790164169432,0.0953101798043249,0.048790164169432,0.182321556793955,0.300104592450338,0.0985664318766462,0.0999125503488054,-0.00935276640327953,TRUE,0.578960096988441,1.00099044333676,-0.114175065188936,TRUE,0.45939631246099,1.00101068481332,0.0063039465449839,TRUE,0.576678680702868,1.00100034597528,-0.233954371512152,TRUE,0.916408576192881,1.0010012451284
768,"rand=1-1_rate=1.5_ROB=LH_Bias=NRE strong","1-1",1.5,"LH","NRE strong",0,0.048790164169432,0.0953101798043249,0.048790164169432,0.182321556793955,0.300104592450338,0.100334237038469,0.101799196217406,-0.0219400462372563,TRUE,0.499146740495373,1.00109910659871,-0.12464124431337,TRUE,0.306608323162784,1.00101823449382,0.00603253080133892,TRUE,0.557775770531213,1.00098681169665,-0.184213249768343,TRUE,0.407072982667047,1.00098887218717
769,"rand=1-1_rate=1.5_ROB=LH_Bias=NRE strong","1-1",1.5,"LH","NRE strong",0,0.048790164169432,0.0953101798043249,0.048790164169432,0.182321556793955,0.300104592450338,0.0954711915561642,0.0973553881746072,-0.0326374315199334,TRUE,0.401867910648815,1.00100846300941,-0.0595871468731133,TRUE,0.201054303996035,1.0011748073632,-0.111461271788887,TRUE,0.538206177002528,1.00102180111099,-0.0496605446802332,TRUE,0.225861082684146,1.00098715310941
770,"rand=1-1_rate=1.5_ROB=LH_Bias=NRE strong","1-1",1.5,"LH","NRE strong",0,0.048790164169432,0.0953101798043249,0.048790164169432,0.182321556793955,0.300104592450338,0.093235898154763,0.0946715548613406,-0.172651145383619,TRUE,0.47083708352409,1.00116210182172,-0.20455942456379,FALSE,0.23305634291208,1.00099172128523,-0.286599055800692,FALSE,0.604379583463351,1.00102939310964,-0.185762611305198,FALSE,0.293359188936303,1.00113406187247
771,"rand=1-1_rate=1.5_ROB=LH_Bias=NRE strong","1-1",1.5,"LH","NRE strong",0,0.048790164169432,0.0953101798043249,0.048790164169432,0.182321556793955,0.300104592450338,0.0830357688932156,0.0860226230105746,-0.0272611505341773,TRUE,0.588786225960965,1.00098624550163,-0.121377556149876,TRUE,0.456891704005636,1.00098753232999,-0.0261259562452547,TRUE,0.60508368957113,1.0010280707767,-0.211817836248156,TRUE,0.871544029387257,1.00099064482202
772,"rand=1-1_rate=1.5_ROB=LH_Bias=NRE strong","1-1",1.5,"LH","NRE strong",0,0.048790164169432,0.0953101798043249,0.048790164169432,0.182321556793955,0.300104592450338,0.0936092269941837,0.097085232421951,-0.0270644560854219,TRUE,0.544020841670501,1.00167755505586,-0.182916123902182,TRUE,0.474864341600793,1.00101809006747,0.0187359078265817,TRUE,0.451152441547869,1.00136946718866,-0.389758182359183,TRUE,1.09681971199726,1.00099181447976
773,"rand=1-1_rate=1.5_ROB=LH_Bias=NRE strong","1-1",1.5,"LH","NRE strong",0,0.048790164169432,0.0953101798043249,0.048790164169432,0.182321556793955,0.300104592450338,0.0941102886505248,0.0965916631075047,-0.00333081633521615,TRUE,0.547056761422022,1.00098612079187,-0.0910060182651351,TRUE,0.446828442502866,1.00103019889926,-0.0393271780662718,TRUE,0.507153373725412,1.00123622696394,-0.144864784914679,TRUE,1.00235818700424,1.00106665981441
774,"rand=1-1_rate=1.5_ROB=LH_Bias=NRE strong","1-1",1.5,"LH","NRE strong",0,0.048790164169432,0.0953101798043249,0.048790164169432,0.182321556793955,0.300104592450338,0.0950353040471742,0.0960105267663073,-0.163555213739656,TRUE,0.634571001724848,1.00099782458729,-0.178795077507283,TRUE,0.423010286348349,1.00102889887522,-0.0203903118186852,TRUE,0.574797020623208,1.00098663773345,-0.314515753108366,FALSE,0.67831051971401,1.00098609401381
775,"rand=1-1_rate=1.5_ROB=LH_Bias=NRE strong","1-1",1.5,"LH","NRE strong",0,0.048790164169432,0.0953101798043249,0.048790164169432,0.182321556793955,0.300104592450338,0.0828122573993457,0.083872085447167,0.104323127735591,TRUE,0.512465803197163,1.00099149978202,-0.11140082135642,TRUE,0.525375644283741,1.00100426824672,0.0962427492229285,TRUE,0.439919232985704,1.00099893010318,-0.382230956171381,TRUE,1.37718401764716,1.00099261694256
776,"rand=1-1_rate=1.5_ROB=LH_Bias=NRE strong","1-1",1.5,"LH","NRE strong",0,0.048790164169432,0.0953101798043249,0.048790164169432,0.182321556793955,0.300104592450338,0.0942447636127949,0.0961163710720583,0.0212404501071501,TRUE,0.559117452740766,1.00099083600195,-0.0432784506929653,TRUE,0.42354835811924,1.00101214349588,0.0796060459164052,TRUE,0.459100290539313,1.00123020940991,-0.172321416243936,TRUE,0.941338773087668,1.00103074724127
777,"rand=1-1_rate=1.5_ROB=LH_Bias=NRE strong","1-1",1.5,"LH","NRE strong",0,0.048790164169432,0.0953101798043249,0.048790164169432,0.182321556793955,0.300104592450338,0.0837421320362163,0.084384277485405,0.0371480270714201,TRUE,0.503119782097036,1.0009925690195,-0.0201289863079734,TRUE,0.380648798312843,1.00125315172608,0.109031545587378,TRUE,0.552075740291432,1.0009860935958,-0.125703431856493,TRUE,0.585971575877965,1.00105167680962
778,"rand=1-1_rate=1.5_ROB=LH_Bias=NRE strong","1-1",1.5,"LH","NRE strong",0,0.048790164169432,0.0953101798043249,0.048790164169432,0.182321556793955,0.300104592450338,0.10650699390348,0.10692184712959,0.10590453873537,TRUE,0.534847506911713,1.00100685559297,0.0133412933748354,TRUE,0.425564120574362,1.00098600153143,0.1471736998371,TRUE,0.489254066820908,1.00115922334022,-0.136831397972434,TRUE,0.903528714912673,1.00099783850137
779,"rand=1-1_rate=1.5_ROB=LH_Bias=NRE strong","1-1",1.5,"LH","NRE strong",0,0.048790164169432,0.0953101798043249,0.048790164169432,0.182321556793955,0.300104592450338,0.0856010878957709,0.0871318814773054,-0.085099594127247,TRUE,0.646559971968335,1.00141967733146,-0.159312042114462,TRUE,0.499956162896514,1.0010434554904,-0.209381046024199,TRUE,0.614284892334909,1.00104422270746,-0.113160646035868,TRUE,1.02855363766411,1.00098995109465
780,"rand=1-1_rate=1.5_ROB=LH_Bias=NRE strong","1-1",1.5,"LH","NRE strong",0,0.048790164169432,0.0953101798043249,0.048790164169432,0.182321556793955,0.300104592450338,0.0696488314887196,0.070709746190994,-0.130817407745215,TRUE,0.726217614166181,1.00098781690255,-0.111280358492463,TRUE,0.530736561371579,1.00103171788203,-0.187040020202435,TRUE,0.675390581525292,1.00099535943045,-0.0333618334627535,TRUE,1.06497164755056,1.00099229391482
781,"rand=1-1_rate=1.5_ROB=LH_Bias=NRE strong","1-1",1.5,"LH","NRE strong",0,0.048790164169432,0.0953101798043249,0.048790164169432,0.182321556793955,0.300104592450338,0.101104965806736,0.10129605622273,-0.0789002334038098,TRUE,0.646211848087613,1.00103285418779,-0.0846828612495205,TRUE,0.434218363137832,1.00104146018615,-0.0360224243251648,TRUE,0.589297715189939,1.00119701232919,-0.131891790127226,TRUE,0.82845579572067,1.00109148350056
782,"rand=1-1_rate=1.5_ROB=LH_Bias=NRE strong","1-1",1.5,"LH","NRE strong",0,0.048790164169432,0.0953101798043249,0.048790164169432,0.182321556793955,0.300104592450338,0.0956318423852384,0.0996224261610079,-0.192026615723726,TRUE,0.686036190457354,1.00098912679161,-0.289816670716348,FALSE,0.531708162601906,1.00102620469397,-0.0699551807959322,TRUE,0.483474244797764,1.00113934153343,-0.547765891521853,FALSE,1.28634150435158,1.00099490830659
783,"rand=1-1_rate=1.5_ROB=LH_Bias=NRE strong","1-1",1.5,"LH","NRE strong",0,0.048790164169432,0.0953101798043249,0.048790164169432,0.182321556793955,0.300104592450338,0.0885886299634146,0.0899940950755871,0.211947926840899,TRUE,0.434035795141198,1.00125009613592,0.0888265350308298,TRUE,0.399049319828729,1.00098601291977,0.175582540301694,TRUE,0.410886211366387,1.00100378606654,-0.000904485068727867,TRUE,0.976797359439112,1.00101626161827
784,"rand=1-1_rate=1.5_ROB=LH_Bias=NRE strong","1-1",1.5,"LH","NRE strong",0,0.048790164169432,0.0953101798043249,0.048790164169432,0.182321556793955,0.300104592450338,0.088620529328627,0.0895099107428964,-0.00369796241976217,TRUE,0.421501296352664,1.00116179369893,-0.132653022761823,FALSE,0.278392623439641,1.00108758333391,-0.0964525599169823,TRUE,0.558999756790719,1.00103437546788,-0.148700582414721,TRUE,0.388539835952226,1.00098814462977
785,"rand=1-1_rate=1.5_ROB=LH_Bias=NRE strong","1-1",1.5,"LH","NRE strong",0,0.048790164169432,0.0953101798043249,0.048790164169432,0.182321556793955,0.300104592450338,0.0703079849282627,0.0722845516959147,-0.0608589447612162,TRUE,0.53624538740235,1.00113412664566,-0.192834561907087,FALSE,0.385025861749272,1.00110647332648,-0.0850340357839316,TRUE,0.580405071162411,1.00098626854366,-0.258426292104269,TRUE,0.635956233620353,1.00101409564082
786,"rand=1-1_rate=1.5_ROB=LH_Bias=NRE strong","1-1",1.5,"LH","NRE strong",0,0.048790164169432,0.0953101798043249,0.048790164169432,0.182321556793955,0.300104592450338,0.0911547579276632,0.0924051459388052,0.169214608605728,TRUE,0.476977150347107,1.00104952170936,0.0429290670205109,TRUE,0.375022763003056,1.00103819078912,0.185011824920208,TRUE,0.386194762020006,1.00099283004616,-0.0860345937010085,TRUE,0.839035102409338,1.00101608465772
787,"rand=1-1_rate=1.5_ROB=LH_Bias=NRE strong","1-1",1.5,"LH","NRE strong",0,0.048790164169432,0.0953101798043249,0.048790164169432,0.182321556793955,0.300104592450338,0.103579003029943,0.105744075900241,0.153881549584748,TRUE,0.334089767457874,1.00112297457918,-0.030121902392463,TRUE,0.401028354680324,1.00101371264407,0.0980214088828999,TRUE,0.448889985032528,1.00107012051054,-0.149749276016075,TRUE,0.862975057199917,1.00101186018235
788,"rand=1-1_rate=1.5_ROB=LH_Bias=NRE strong","1-1",1.5,"LH","NRE strong",0,0.048790164169432,0.0953101798043249,0.048790164169432,0.182321556793955,0.300104592450338,0.078115153925812,0.0794598187420242,-0.0177326938847149,TRUE,0.529220967980987,1.00103962349273,-0.0630124656942876,TRUE,0.362161899055205,1.00098884383179,-0.0885899741602887,TRUE,0.517981819836877,1.00101683377731,-0.0432110738150864,TRUE,0.689822728195955,1.00103207670882
789,"rand=1-1_rate=1.5_ROB=LH_Bias=NRE strong","1-1",1.5,"LH","NRE strong",0,0.048790164169432,0.0953101798043249,0.048790164169432,0.182321556793955,0.300104592450338,0.084441692877514,0.0861469261249681,0.101543160260841,TRUE,0.460280073080286,1.00182799042026,-0.0269363450042563,TRUE,0.39877876322177,1.00102836748854,0.124198186413866,TRUE,0.384036715149606,1.00100122008561,-0.191129750561915,TRUE,0.99682188504702,1.00098653509199
790,"rand=1-1_rate=1.5_ROB=LH_Bias=NRE strong","1-1",1.5,"LH","NRE strong",0,0.048790164169432,0.0953101798043249,0.048790164169432,0.182321556793955,0.300104592450338,0.0936190891235782,0.0943956160411412,0.0375206845466912,TRUE,0.558462017505143,1.00112042471965,0.0330093632621166,TRUE,0.422533719072637,1.00106129060606,0.136310388718238,TRUE,0.594448220781747,1.00099468445567,-0.0657608285773326,TRUE,0.738417291453546,1.00100414427252
791,"rand=1-1_rate=1.5_ROB=LH_Bias=NRE strong","1-1",1.5,"LH","NRE strong",0,0.048790164169432,0.0953101798043249,0.048790164169432,0.182321556793955,0.300104592450338,0.0927216680929751,0.0951808785004325,-0.28068396892172,TRUE,0.647078075285006,1.00102583620294,-0.121991733688019,TRUE,0.403971096834152,1.00103419563971,-0.020610192833123,TRUE,0.58521417306983,1.0009972098843,-0.204702090831719,TRUE,0.657626984192655,1.00100800474842
792,"rand=1-1_rate=1.5_ROB=LH_Bias=NRE strong","1-1",1.5,"LH","NRE strong",0,0.048790164169432,0.0953101798043249,0.048790164169432,0.182321556793955,0.300104592450338,0.0689961189290854,0.0754343166685936,0.00628565293279448,TRUE,0.544910185153085,1.00160291432167,-0.0358192655981082,TRUE,0.380459937927046,1.00115533343924,-0.0190120241503469,TRUE,0.482775490593386,1.00101870586913,-0.0484500844918689,TRUE,0.770383804255345,1.00098614838149
793,"rand=1-1_rate=1.5_ROB=LH_Bias=NRE strong","1-1",1.5,"LH","NRE strong",0,0.048790164169432,0.0953101798043249,0.048790164169432,0.182321556793955,0.300104592450338,0.0952220315877903,0.0963561273480174,0.0104560438651675,TRUE,0.459238160008736,1.0009990959525,-0.0594947082175503,TRUE,0.290546667336968,1.00098634436546,0.0306909816407647,TRUE,0.573947773829967,1.00104699035885,-0.0984437078423535,TRUE,0.36732917267751,1.00110445320166
794,"rand=1-1_rate=1.5_ROB=LH_Bias=NRE strong","1-1",1.5,"LH","NRE strong",0,0.048790164169432,0.0953101798043249,0.048790164169432,0.182321556793955,0.300104592450338,0.109574206018428,0.111538229095629,0.0184135314315853,TRUE,0.590449267476586,1.00104582341423,-0.169553659303447,TRUE,0.53787710940011,1.0009878500482,-0.102730134681069,TRUE,0.632541379996368,1.00099531651572,-0.240501226666073,TRUE,1.21105235102686,1.0009934044693
795,"rand=1-1_rate=1.5_ROB=LH_Bias=NRE strong","1-1",1.5,"LH","NRE strong",0,0.048790164169432,0.0953101798043249,0.048790164169432,0.182321556793955,0.300104592450338,0.0994507255839517,0.0995100278937705,-0.279722270675638,FALSE,0.55969936274812,1.00129790507857,-0.391699277789888,FALSE,0.425126758925737,1.00099793638107,-0.230268876155127,TRUE,0.61481167832946,1.00140290533145,-0.492687038991197,FALSE,0.671514719180153,1.00102137029189
796,"rand=1-1_rate=1.5_ROB=LH_Bias=NRE strong","1-1",1.5,"LH","NRE strong",0,0.048790164169432,0.0953101798043249,0.048790164169432,0.182321556793955,0.300104592450338,0.103393112501849,0.105013916041231,-0.0518022171760013,TRUE,0.509950207989549,1.00122270805986,-0.150422885169017,TRUE,0.346411199712222,1.0010744765934,-0.177025376729124,TRUE,0.54489024471082,1.00139975585927,-0.135805581844934,TRUE,0.615829502223579,1.00099140329271
797,"rand=1-1_rate=1.5_ROB=LH_Bias=NRE strong","1-1",1.5,"LH","NRE strong",0,0.048790164169432,0.0953101798043249,0.048790164169432,0.182321556793955,0.300104592450338,0.0649301960187564,0.0717057891380886,0.0375061063947516,TRUE,0.507157097335243,1.00100390357657,-0.0283673264516953,TRUE,0.344677542487339,1.00098643031545,0.0838220467203944,TRUE,0.47699721534142,1.00099947750199,-0.106033851299786,TRUE,0.58376993405134,1.00108212072018
798,"rand=1-1_rate=1.5_ROB=LH_Bias=NRE strong","1-1",1.5,"LH","NRE strong",0,0.048790164169432,0.0953101798043249,0.048790164169432,0.182321556793955,0.300104592450338,0.0876283098824818,0.0892859091454026,-0.0836639663408714,TRUE,0.571661904566904,1.00100499934994,-0.193138824800879,TRUE,0.472160312697165,1.00100120014433,-0.0803744726827922,TRUE,0.496492708991896,1.00108678423446,-0.306759608500563,TRUE,1.08517281947043,1.00100857478618
799,"rand=1-1_rate=1.5_ROB=LH_Bias=NRE strong","1-1",1.5,"LH","NRE strong",0,0.048790164169432,0.0953101798043249,0.048790164169432,0.182321556793955,0.300104592450338,0.0810092724817091,0.082959835122093,0.0341683509790088,TRUE,0.600883793029972,1.00098754412093,-0.0831307161786459,TRUE,0.486731343747997,1.00100119150717,-0.0637134005029019,TRUE,0.698849881852922,1.00104558073652,-0.0983159426719795,TRUE,0.895125256790485,1.00100303295476
800,"rand=1-1_rate=1.5_ROB=LH_Bias=NRE strong","1-1",1.5,"LH","NRE strong",0,0.048790164169432,0.0953101798043249,0.048790164169432,0.182321556793955,0.300104592450338,0.0819382661357734,0.0842939894711922,-0.0165301282830905,TRUE,0.550384343789493,1.00124060264576,-0.0232875970261197,TRUE,0.342984709548132,1.00102159841823,-0.149236000324218,TRUE,0.521733863574173,1.00120883772234,0.0453509326207017,TRUE,0.587924770478769,1.00098603446526
801,"rand=1-1_rate=1.5_ROB=LH_Bias=NRE strong","1-1",1.5,"LH","NRE strong",0,0.048790164169432,0.0953101798043249,0.048790164169432,0.182321556793955,0.300104592450338,0.0762033611351718,0.0774100997297414,0.186333691660283,TRUE,0.351339520702415,1.00104148061297,-0.0308862575671101,TRUE,0.435576209624058,1.00099050703757,0.0483075803154948,TRUE,0.466984123806876,1.00165105302404,-0.0997621321646793,TRUE,1.03536789648657,1.00099235132034
802,"rand=1-1_rate=1.5_ROB=LH_Bias=NRE strong","1-1",1.5,"LH","NRE strong",0,0.048790164169432,0.0953101798043249,0.048790164169432,0.182321556793955,0.300104592450338,0.090396746637452,0.092061239233795,-0.0188429749829071,TRUE,0.484312880675703,1.0010084502967,-0.130071666140973,TRUE,0.426247619019246,1.00098711885055,0.0260769510764775,TRUE,0.575130169848772,1.00111365959573,-0.263824901583374,TRUE,0.685061043432838,1.0009926232925
803,"rand=1-1_rate=1.5_ROB=LH_Bias=NRE strong","1-1",1.5,"LH","NRE strong",0,0.048790164169432,0.0953101798043249,0.048790164169432,0.182321556793955,0.300104592450338,0.0972887856543692,0.0983410960415827,-0.0317871836897521,TRUE,0.491559451677482,1.00158195676139,-0.122976222653906,TRUE,0.368307319006994,1.00101714276164,-0.00297873070480659,TRUE,0.505390728000875,1.00098843192711,-0.203848548929819,TRUE,0.630687783103886,1.00098664206976
804,"rand=1-1_rate=1.5_ROB=LH_Bias=NRE strong","1-1",1.5,"LH","NRE strong",0,0.048790164169432,0.0953101798043249,0.048790164169432,0.182321556793955,0.300104592450338,0.0929819517760184,0.0935497272197633,-0.177555035875061,TRUE,0.672400733539503,1.00267438010164,-0.160307536715872,TRUE,0.452474128629866,1.00107189303944,0.160631166548475,TRUE,0.477966903759155,1.00129641852399,-0.45012866588124,FALSE,0.349295314029102,1.00109925364415
805,"rand=1-1_rate=1.5_ROB=LH_Bias=NRE strong","1-1",1.5,"LH","NRE strong",0,0.048790164169432,0.0953101798043249,0.048790164169432,0.182321556793955,0.300104592450338,0.0902420744786204,0.0967614295227601,-0.247135230991014,TRUE,0.6091641070671,1.00102337035059,-0.229031208505944,FALSE,0.371458775803037,1.00101492752282,-0.11974400830093,TRUE,0.544150583551543,1.00156912432317,-0.284851317551978,FALSE,0.616637899431209,1.00100944439866
806,"rand=1-1_rate=1.5_ROB=LH_Bias=NRE strong","1-1",1.5,"LH","NRE strong",0,0.048790164169432,0.0953101798043249,0.048790164169432,0.182321556793955,0.300104592450338,0.119735266486912,0.122043128948255,-0.189247072318372,TRUE,0.684964159246219,1.00099821431891,-0.229971357101509,FALSE,0.472141230190074,1.00098624595665,-0.313631101775488,FALSE,0.710880346778196,1.00098802181203,-0.170030677399549,TRUE,0.813189452397072,1.00101978535836
807,"rand=1-1_rate=1.5_ROB=LH_Bias=NRE strong","1-1",1.5,"LH","NRE strong",0,0.048790164169432,0.0953101798043249,0.048790164169432,0.182321556793955,0.300104592450338,0.104290901184126,0.106005991763661,-0.23848207313966,TRUE,0.597448644019982,1.0010494186103,-0.203244923932366,FALSE,0.356890295274537,1.00103183613478,-0.212422430389366,TRUE,0.562500599532029,1.00161782888331,-0.192486082081773,TRUE,0.638377966238901,1.0010113495373
808,"rand=1-1_rate=1.5_ROB=LH_Bias=NRE strong","1-1",1.5,"LH","NRE strong",0,0.048790164169432,0.0953101798043249,0.048790164169432,0.182321556793955,0.300104592450338,0.102905927426481,0.104869103194797,-0.0579879310023907,TRUE,0.555046691100864,1.00102031487149,-0.119783326871046,TRUE,0.386351196053371,1.00102882538682,-0.0204943752193021,TRUE,0.491390649790272,1.00128155391026,-0.197134343668844,TRUE,0.730208025304956,1.00099532843318
809,"rand=1-1_rate=1.5_ROB=LH_Bias=NRE strong","1-1",1.5,"LH","NRE strong",0,0.048790164169432,0.0953101798043249,0.048790164169432,0.182321556793955,0.300104592450338,0.0867182521440858,0.0881634580344808,-0.0296127152696823,TRUE,0.605815988790737,1.00099099234721,-0.141552431751277,TRUE,0.503118397585958,1.00100906934591,0.0149915761205413,TRUE,0.472280780973336,1.00189850672339,-0.310358239997195,TRUE,1.31703046076294,1.00101031936221
810,"rand=1-1_rate=1.5_ROB=LH_Bias=NRE strong","1-1",1.5,"LH","NRE strong",0,0.048790164169432,0.0953101798043249,0.048790164169432,0.182321556793955,0.300104592450338,0.0948542868207682,0.0964284969642736,0.126945935239807,TRUE,0.414675687983225,1.00193296575849,0.0525447575372294,TRUE,0.314234636059679,1.00101750117781,0.125187065875592,TRUE,0.391531116060054,1.00105435930225,-0.00933036796244591,TRUE,0.666152489736001,1.00098762987543
811,"rand=1-1_rate=1.5_ROB=LH_Bias=NRE strong","1-1",1.5,"LH","NRE strong",0,0.048790164169432,0.0953101798043249,0.048790164169432,0.182321556793955,0.300104592450338,0.0930514289084901,0.0937750822682326,-0.102592316414015,TRUE,0.446216082802094,1.00099448121557,-0.218188375798626,FALSE,0.317627582359643,1.00107767176201,-0.134854752198915,TRUE,0.513966308420781,1.00276887215107,-0.255627764151097,FALSE,0.514832042199415,1.00099168151204
812,"rand=1-1_rate=1.5_ROB=LH_Bias=NRE strong","1-1",1.5,"LH","NRE strong",0,0.048790164169432,0.0953101798043249,0.048790164169432,0.182321556793955,0.300104592450338,0.0831354344652714,0.084564182053503,0.0193101860198168,TRUE,0.421525818674115,1.00114558204751,-0.0893748676255286,TRUE,0.328943385093957,1.0011110767035,-0.0649588758773354,TRUE,0.556808399120365,1.00163530112696,-0.103733736743691,TRUE,0.515267221171059,1.00099657361589
813,"rand=1-1_rate=1.5_ROB=LH_Bias=NRE strong","1-1",1.5,"LH","NRE strong",0,0.048790164169432,0.0953101798043249,0.048790164169432,0.182321556793955,0.300104592450338,0.102553610409758,0.103804694971282,-0.181833759470153,TRUE,0.498538065650667,1.00098599161267,-0.230408578664013,FALSE,0.276708938087981,1.00101064365961,-0.161302709574874,TRUE,0.635766385432605,1.00102165947699,-0.2510489944063,FALSE,0.334915995150017,1.00099424369299
814,"rand=1-1_rate=1.5_ROB=LH_Bias=NRE strong","1-1",1.5,"LH","NRE strong",0,0.048790164169432,0.0953101798043249,0.048790164169432,0.182321556793955,0.300104592450338,0.103663043311088,0.105713001643444,-0.235374678061045,TRUE,0.705418740103478,1.00109255736899,-0.26697776572242,FALSE,0.526781846014946,1.00101709010473,-0.264808871577646,TRUE,0.61500847951874,1.00112627874166,-0.282803676245059,TRUE,1.16162632421668,1.00099974685425
815,"rand=1-1_rate=1.5_ROB=LH_Bias=NRE strong","1-1",1.5,"LH","NRE strong",0,0.048790164169432,0.0953101798043249,0.048790164169432,0.182321556793955,0.300104592450338,0.0906723087974439,0.0915716807456809,-0.00165760350625255,TRUE,0.545640012189273,1.00099256112785,-0.041725793259267,TRUE,0.377373034695182,1.00099031464916,-0.0630297911027202,TRUE,0.50090924551244,1.00099029657195,-0.020280142829407,TRUE,0.744836536292992,1.00099491036097
816,"rand=1-1_rate=1.5_ROB=LH_Bias=NRE strong","1-1",1.5,"LH","NRE strong",0,0.048790164169432,0.0953101798043249,0.048790164169432,0.182321556793955,0.300104592450338,0.0931311831619529,0.0937281548714086,-0.00353758110159585,TRUE,0.581461561580697,1.00101852477553,-0.103243942589064,TRUE,0.460029485496246,1.00098850052608,0.0936693247542646,TRUE,0.440913321757963,1.00101350522683,-0.325679698512553,TRUE,1.07383755669471,1.00099842620516
817,"rand=1-1_rate=1.5_ROB=LH_Bias=NRE strong","1-1",1.5,"LH","NRE strong",0,0.048790164169432,0.0953101798043249,0.048790164169432,0.182321556793955,0.300104592450338,0.0889211954735119,0.090726623008996,0.137387826948909,TRUE,0.473171556344771,1.00138220426063,-0.0494799886017101,TRUE,0.419082517339716,1.00099772771206,0.0277983700594536,TRUE,0.55079250831785,1.00121879827041,-0.109338149576549,TRUE,0.783767474988574,1.00099256368672
818,"rand=1-1_rate=1.5_ROB=LH_Bias=NRE strong","1-1",1.5,"LH","NRE strong",0,0.048790164169432,0.0953101798043249,0.048790164169432,0.182321556793955,0.300104592450338,0.0947460589060649,0.0960854575535416,-0.207632623945714,TRUE,0.709784245902385,1.00122765512732,-0.284831782709226,FALSE,0.523148529300957,1.00106143107772,-0.137830550554594,TRUE,0.627254077040016,1.00099615552799,-0.406677473008606,TRUE,1.02034330810763,1.00099545181647
819,"rand=1-1_rate=1.5_ROB=LH_Bias=NRE strong","1-1",1.5,"LH","NRE strong",0,0.048790164169432,0.0953101798043249,0.048790164169432,0.182321556793955,0.300104592450338,0.0982194244857598,0.0983325536625477,-0.2137044830755,TRUE,0.632833979017379,1.00099765295538,-0.306696370072988,FALSE,0.481009897077284,1.00098849872596,-0.238323837291435,TRUE,0.649072591628582,1.00106324366812,-0.369324486768223,TRUE,0.925346053382859,1.00100572313947
820,"rand=1-1_rate=1.5_ROB=LH_Bias=NRE strong","1-1",1.5,"LH","NRE strong",0,0.048790164169432,0.0953101798043249,0.048790164169432,0.182321556793955,0.300104592450338,0.0852967075222308,0.0866945737526038,-0.0417589234394831,TRUE,0.550437832786854,1.00124234725437,-0.201924203361539,TRUE,0.492345756664836,1.00101470162815,-0.150413135908149,TRUE,0.60362887495332,1.00108461731494,-0.247483973446988,TRUE,1.04122220400299,1.00103692819714
821,"rand=1-1_rate=1.5_ROB=LH_Bias=NRE strong","1-1",1.5,"LH","NRE strong",0,0.048790164169432,0.0953101798043249,0.048790164169432,0.182321556793955,0.300104592450338,0.0818462890112116,0.0841881732259173,-0.0978053717422291,TRUE,0.539322911978017,1.00140828867689,-0.101749222804922,TRUE,0.329654281572968,1.00099086602466,-0.111370778685582,TRUE,0.515653322620359,1.00104919412658,-0.095347964470323,TRUE,0.574933419972664,1.00099139381724
822,"rand=1-1_rate=1.5_ROB=LH_Bias=NRE strong","1-1",1.5,"LH","NRE strong",0,0.048790164169432,0.0953101798043249,0.048790164169432,0.182321556793955,0.300104592450338,0.0963150382729028,0.0980390249897525,-0.12421822871757,TRUE,0.663283707770807,1.00098599626688,-0.153171964993299,TRUE,0.483013906784907,1.00098843012907,-0.0060517856575053,TRUE,0.638925873507788,1.0010071890973,-0.295531168914933,TRUE,0.859643473659306,1.00098616587416
823,"rand=1-1_rate=1.5_ROB=LH_Bias=NRE strong","1-1",1.5,"LH","NRE strong",0,0.048790164169432,0.0953101798043249,0.048790164169432,0.182321556793955,0.300104592450338,0.0975647611925607,0.0985657933297026,-0.0411677698434672,TRUE,0.637056454120486,1.0010405760449,-0.0913679153811555,TRUE,0.494619169958663,1.00098612176435,-0.173767613633235,TRUE,0.576354705080638,1.00121843777105,-0.00260710404410602,TRUE,1.03828370721735,1.00099541831367
824,"rand=1-1_rate=1.5_ROB=LH_Bias=NRE strong","1-1",1.5,"LH","NRE strong",0,0.048790164169432,0.0953101798043249,0.048790164169432,0.182321556793955,0.300104592450338,0.0893422721983056,0.0894262581684832,0.0846476212505372,TRUE,0.416007068129982,1.00099841924897,0.0297139272905529,TRUE,0.358092572032393,1.0010049624001,0.224800186343787,TRUE,0.465600020240411,1.00098788390769,-0.136453339754358,TRUE,0.432567847276366,1.00098671162501
825,"rand=1-1_rate=1.5_ROB=LH_Bias=NRE strong","1-1",1.5,"LH","NRE strong",0,0.048790164169432,0.0953101798043249,0.048790164169432,0.182321556793955,0.300104592450338,0.0918561245190035,0.0928574509807199,0.0163326146977618,TRUE,0.519195094080287,1.00098935993111,-0.00615085173228036,TRUE,0.341752537941397,1.00101048597881,-0.0737388721156582,TRUE,0.542285165011251,1.00116318646432,0.0414891699754738,TRUE,0.571381683932847,1.00099228581952
826,"rand=1-1_rate=1.5_ROB=LH_Bias=NRE strong","1-1",1.5,"LH","NRE strong",0,0.048790164169432,0.0953101798043249,0.048790164169432,0.182321556793955,0.300104592450338,0.0861359239881557,0.0891639746157269,0.111769939050604,TRUE,0.480164407814533,1.00099662518904,-0.0282529315438313,TRUE,0.429002030056114,1.00099097749862,0.0581117785189242,TRUE,0.515738398411062,1.00156354181742,-0.101413967341667,TRUE,0.874140690812564,1.00102523617775
827,"rand=1-1_rate=1.5_ROB=LH_Bias=NRE strong","1-1",1.5,"LH","NRE strong",0,0.048790164169432,0.0953101798043249,0.048790164169432,0.182321556793955,0.300104592450338,0.0878099036277027,0.0892713931707717,-0.0281313396400353,TRUE,0.639990404967768,1.00105891422017,-0.127775016942064,TRUE,0.466539337071933,1.00098628653582,0.0568822956118862,TRUE,0.488333713465759,1.00111772506469,-0.334189918407184,TRUE,1.00637672080657,1.00098839411696
828,"rand=1-1_rate=1.5_ROB=LH_Bias=NRE strong","1-1",1.5,"LH","NRE strong",0,0.048790164169432,0.0953101798043249,0.048790164169432,0.182321556793955,0.300104592450338,0.0913025500305732,0.0938382102884589,-0.246413136207766,TRUE,0.649990673392881,1.00114765627206,-0.236376387452372,FALSE,0.437498363717593,1.001043665709,-0.26548553981437,FALSE,0.594690984500364,1.00186514207439,-0.213920860563465,TRUE,0.874893252623697,1.00098616776769
829,"rand=1-1_rate=1.5_ROB=LH_Bias=NRE strong","1-1",1.5,"LH","NRE strong",0,0.048790164169432,0.0953101798043249,0.048790164169432,0.182321556793955,0.300104592450338,0.0796367684619046,0.0810055154671124,-0.018837581233091,TRUE,0.640859174955622,1.00104132329344,-0.0190693213083453,TRUE,0.43947882384262,1.00099205829389,-0.0847947549553945,TRUE,0.589388110022477,1.00111023582706,0.0481311524878328,TRUE,0.838903407643234,1.00099732884998
830,"rand=1-1_rate=1.5_ROB=LH_Bias=NRE strong","1-1",1.5,"LH","NRE strong",0,0.048790164169432,0.0953101798043249,0.048790164169432,0.182321556793955,0.300104592450338,0.0869592945120604,0.089940966849965,0.116755497744663,TRUE,0.47696575422074,1.00098678456451,-0.0541115868165285,TRUE,0.405194170062703,1.00098945504304,0.18378361805491,TRUE,0.382328874946096,1.00098612855367,-0.273191287174266,TRUE,0.838624603767661,1.00100086443544
831,"rand=1-1_rate=1.5_ROB=LH_Bias=NRE strong","1-1",1.5,"LH","NRE strong",0,0.048790164169432,0.0953101798043249,0.048790164169432,0.182321556793955,0.300104592450338,0.0720333510675032,0.0771541991551306,-0.0215370104039203,TRUE,0.507798737453299,1.00150112571467,-0.132504615976486,TRUE,0.408231580238717,1.00098602907484,-0.096359546334809,TRUE,0.487994087375886,1.001321500212,-0.171159148405278,TRUE,0.890263353318709,1.00099691430655
832,"rand=1-1_rate=1.5_ROB=LH_Bias=NRE strong","1-1",1.5,"LH","NRE strong",0,0.048790164169432,0.0953101798043249,0.048790164169432,0.182321556793955,0.300104592450338,0.0865424005170726,0.0893695027877725,0.0481825718870521,TRUE,0.520905103649866,1.00098604882676,-0.0768325388700448,TRUE,0.45064300544816,1.0009899137629,-0.00951470594856629,TRUE,0.591719583750991,1.00099994234763,-0.147219558482189,TRUE,0.865826613592367,1.00103469424177
833,"rand=1-1_rate=1.5_ROB=LH_Bias=NRE strong","1-1",1.5,"LH","NRE strong",0,0.048790164169432,0.0953101798043249,0.048790164169432,0.182321556793955,0.300104592450338,0.0983130157796509,0.0987796010406694,-0.233767139540797,TRUE,0.614118428122249,1.00187155981861,-0.369334326044475,FALSE,0.480873611378767,1.00099928033056,-0.221519859212394,TRUE,0.584824888595944,1.00177149464051,-0.493136667801665,FALSE,0.940382897586551,1.00099621873933
834,"rand=1-1_rate=1.5_ROB=LH_Bias=NRE strong","1-1",1.5,"LH","NRE strong",0,0.048790164169432,0.0953101798043249,0.048790164169432,0.182321556793955,0.300104592450338,0.0774461584213049,0.0788233020017595,-0.0557924446611169,TRUE,0.673969980966953,1.00098604383825,-0.315218487750678,FALSE,0.606256996773833,1.00100695082351,-0.215897163232231,TRUE,0.825845025243339,1.00099747554921,-0.435502660711325,TRUE,1.20041397579662,1.00098700459187
835,"rand=1-1_rate=1.5_ROB=LH_Bias=NRE strong","1-1",1.5,"LH","NRE strong",0,0.048790164169432,0.0953101798043249,0.048790164169432,0.182321556793955,0.300104592450338,0.0864135633758428,0.0874374673076428,-0.107284924685568,TRUE,0.615042891522566,1.0010841852775,-0.198004794740629,TRUE,0.449944394372202,1.00101982826655,-0.187221959203791,TRUE,0.637178295633003,1.00099503214806,-0.208413902847832,TRUE,0.825419231070845,1.00098599424015
836,"rand=1-1_rate=1.5_ROB=LH_Bias=NRE strong","1-1",1.5,"LH","NRE strong",0,0.048790164169432,0.0953101798043249,0.048790164169432,0.182321556793955,0.300104592450338,0.0815854440785965,0.0831792471355848,0.0871121922847966,TRUE,0.493637358624459,1.0009868034867,0.0235516320937676,TRUE,0.367886993272986,1.00106400431601,0.0588341567291549,TRUE,0.557798352904105,1.00099277693854,-0.00797721861356226,TRUE,0.619258138078564,1.00099095009989
837,"rand=1-1_rate=1.5_ROB=LH_Bias=NRE strong","1-1",1.5,"LH","NRE strong",0,0.048790164169432,0.0953101798043249,0.048790164169432,0.182321556793955,0.300104592450338,0.10566112235835,0.108056632702739,-0.0338886086415298,TRUE,0.576251401997608,1.00128929159689,-0.141500428205477,TRUE,0.486646027331404,1.00099058453104,0.00641322618312967,TRUE,0.496092624174032,1.00149701906392,-0.306721460541035,TRUE,1.16648754042706,1.00100357048161
838,"rand=1-1_rate=1.5_ROB=LH_Bias=NRE strong","1-1",1.5,"LH","NRE strong",0,0.048790164169432,0.0953101798043249,0.048790164169432,0.182321556793955,0.300104592450338,0.0979494769068191,0.100971276688454,-0.436309658511212,FALSE,0.650202520700637,1.00101000562234,-0.463785110600162,FALSE,0.378359762547722,1.00098612395659,-0.366803253027467,FALSE,0.610960284578645,1.00099210238902,-0.50436472247833,FALSE,0.605021016551816,1.00099447895254
839,"rand=1-1_rate=1.5_ROB=LH_Bias=NRE strong","1-1",1.5,"LH","NRE strong",0,0.048790164169432,0.0953101798043249,0.048790164169432,0.182321556793955,0.300104592450338,0.0735170745913346,0.0762344398826673,-0.0798706941793046,TRUE,0.47708372563268,1.00109125806675,-0.185557768650737,FALSE,0.362595583298641,1.00098911747243,-0.0394731884479611,TRUE,0.603317576680566,1.00109017681478,-0.262175148069254,FALSE,0.495897028493414,1.00099186860886
840,"rand=1-1_rate=1.5_ROB=LH_Bias=NRE strong","1-1",1.5,"LH","NRE strong",0,0.048790164169432,0.0953101798043249,0.048790164169432,0.182321556793955,0.300104592450338,0.104456421407136,0.106915979885367,0.0702272854063289,TRUE,0.458052654072878,1.00109142508717,-0.036987427113077,TRUE,0.398784661002849,1.00098637726412,0.115812614012769,TRUE,0.468089751293883,1.00109756237469,-0.188674316587174,TRUE,0.754923845106521,1.00098683159024
841,"rand=1-1_rate=1.5_ROB=LH_Bias=NRE strong","1-1",1.5,"LH","NRE strong",0,0.048790164169432,0.0953101798043249,0.048790164169432,0.182321556793955,0.300104592450338,0.0934235537467104,0.0959770169717898,0.036523897330262,TRUE,0.524529961630336,1.00107525769049,-0.0923156177452142,TRUE,0.461699347697654,1.00098911838877,0.0718295328353107,TRUE,0.513816460479551,1.00098625180071,-0.27554269928972,TRUE,0.984893580331398,1.00102710292289
842,"rand=1-1_rate=1.5_ROB=LH_Bias=NRE strong","1-1",1.5,"LH","NRE strong",0,0.048790164169432,0.0953101798043249,0.048790164169432,0.182321556793955,0.300104592450338,0.0955714168999998,0.0970661343633621,0.0601456713969909,TRUE,0.462326634827656,1.00100676976638,-0.0841861582068386,TRUE,0.413589139314216,1.00099673379074,0.112374203181598,TRUE,0.519473184001513,1.0010402404919,-0.255623290994564,TRUE,0.644468394492282,1.00102153303977
843,"rand=1-1_rate=1.5_ROB=LH_Bias=NRE strong","1-1",1.5,"LH","NRE strong",0,0.048790164169432,0.0953101798043249,0.048790164169432,0.182321556793955,0.300104592450338,0.0937716831838635,0.0967833858420184,-0.0298643073259519,TRUE,0.47593708603592,1.00101557628831,-0.103037228647649,TRUE,0.324934084412026,1.00109797066387,-0.0539507843511213,TRUE,0.501559601104964,1.00099683414368,-0.134972788040801,TRUE,0.561224914738592,1.00125008859857
844,"rand=1-1_rate=1.5_ROB=LH_Bias=NRE strong","1-1",1.5,"LH","NRE strong",0,0.048790164169432,0.0953101798043249,0.048790164169432,0.182321556793955,0.300104592450338,0.0932680651771614,0.0945306994453604,-0.124247949863369,TRUE,0.544439716493998,1.00146954299818,-0.261786653844147,FALSE,0.403735745029993,1.00098929429779,-0.0662073728110091,TRUE,0.530823516653372,1.00176091989613,-0.384814799916512,FALSE,0.682377598827516,1.00100154977343
845,"rand=1-1_rate=1.5_ROB=LH_Bias=NRE strong","1-1",1.5,"LH","NRE strong",0,0.048790164169432,0.0953101798043249,0.048790164169432,0.182321556793955,0.300104592450338,0.0916812794230119,0.09583661081284,-0.247123895223988,TRUE,0.728612619601705,1.00100494003568,-0.180096428080186,TRUE,0.474828537533254,1.00101373870135,-0.175772173428367,TRUE,0.858535229148103,1.00098791375767,-0.185461043737932,TRUE,0.61498150581069,1.0009965558993
846,"rand=1-1_rate=1.5_ROB=LH_Bias=NRE strong","1-1",1.5,"LH","NRE strong",0,0.048790164169432,0.0953101798043249,0.048790164169432,0.182321556793955,0.300104592450338,0.104596820114047,0.108045181894638,-0.0359056896343077,TRUE,0.529587438104281,1.00098959572965,-0.209246145703605,TRUE,0.48919996580712,1.00100473177673,-0.107782808191775,TRUE,0.645398117661031,1.00116394817584,-0.288948536085034,TRUE,0.903445168601978,1.00098999121884
847,"rand=1-1_rate=1.5_ROB=LH_Bias=NRE strong","1-1",1.5,"LH","NRE strong",0,0.048790164169432,0.0953101798043249,0.048790164169432,0.182321556793955,0.300104592450338,0.056189755540265,0.0586394812526591,-0.148210446902394,TRUE,0.478278158935413,1.00102090890863,-0.117528973169613,FALSE,0.252791616911282,1.00105264775971,-0.253234976765181,TRUE,0.834987543815293,1.00102523628721,-0.0889554511979258,TRUE,0.235288064711922,1.00103755954923
848,"rand=1-1_rate=1.5_ROB=LH_Bias=NRE strong","1-1",1.5,"LH","NRE strong",0,0.048790164169432,0.0953101798043249,0.048790164169432,0.182321556793955,0.300104592450338,0.103147759989273,0.105081606069199,-0.0561694202342307,TRUE,0.638249676333853,1.00104853564688,-0.102758996899335,TRUE,0.480055527280477,1.00099541895762,0.0947038645660379,TRUE,0.518133876320976,1.00137221962296,-0.336321293109838,TRUE,0.976803681020407,1.00099972229006
849,"rand=1-1_rate=1.5_ROB=LH_Bias=NRE strong","1-1",1.5,"LH","NRE strong",0,0.048790164169432,0.0953101798043249,0.048790164169432,0.182321556793955,0.300104592450338,0.0978406249516795,0.0987821597100796,0.0633458787834306,TRUE,0.557203261672996,1.00100713130814,-0.00257721089554619,TRUE,0.424318794945819,1.00098945486902,-0.00713019638397783,TRUE,0.570282538847995,1.00117897871828,-0.0064058981913766,TRUE,0.80057407632044,1.00098972392264
850,"rand=1-1_rate=1.5_ROB=LH_Bias=NRE strong","1-1",1.5,"LH","NRE strong",0,0.048790164169432,0.0953101798043249,0.048790164169432,0.182321556793955,0.300104592450338,0.082133405531865,0.0829413313805101,-0.106291399676579,TRUE,0.665755237744106,1.00105971698137,-0.164707997819076,TRUE,0.508616045829508,1.00099784111083,0.0471051306943069,TRUE,0.492846744581604,1.00120148647291,-0.425390752417702,TRUE,1.10577460576497,1.00101347345061
851,"rand=1-1_rate=1.5_ROB=LH_Bias=NRE strong","1-1",1.5,"LH","NRE strong",0,0.048790164169432,0.0953101798043249,0.048790164169432,0.182321556793955,0.300104592450338,0.097652719615043,0.0986650054285407,-0.111070916075893,TRUE,0.545061451253336,1.00111971291113,-0.239451441938356,FALSE,0.417145790933495,1.00098740347569,-0.0997256002915505,TRUE,0.545794728035741,1.0010563772743,-0.337725061766221,FALSE,0.760722596212168,1.00102701592693
852,"rand=1-1_rate=1.5_ROB=LH_Bias=NRE strong","1-1",1.5,"LH","NRE strong",0,0.048790164169432,0.0953101798043249,0.048790164169432,0.182321556793955,0.300104592450338,0.0994758969849416,0.100368179288298,-0.0335263082404811,TRUE,0.602632150633451,1.00098640772383,-0.165725620039062,TRUE,0.473819267955642,1.00103993021497,-0.318060926589563,TRUE,0.868245095532291,1.00106603514692,-0.0566827599074839,TRUE,0.63159918640894,1.00098809660837
853,"rand=1-1_rate=1.5_ROB=LH_Bias=NRE strong","1-1",1.5,"LH","NRE strong",0,0.048790164169432,0.0953101798043249,0.048790164169432,0.182321556793955,0.300104592450338,0.0831396383563974,0.0847405205135045,-0.142274431039662,TRUE,0.69692300637386,1.00099136646891,-0.133614626055433,TRUE,0.452460608133302,1.00098689963079,-0.107519212955639,TRUE,0.764071112561643,1.00098672313211,-0.156527153348696,TRUE,0.708268402832887,1.00104025847599
854,"rand=1-1_rate=1.5_ROB=LH_Bias=NRE strong","1-1",1.5,"LH","NRE strong",0,0.048790164169432,0.0953101798043249,0.048790164169432,0.182321556793955,0.300104592450338,0.0767387575690731,0.0792954112807339,-0.111595823085721,TRUE,0.490884462029916,1.00110420343163,-0.218956501850781,FALSE,0.379407918273168,1.00098739098296,-0.111745402479274,TRUE,0.530160081216389,1.00103250873095,-0.295567483971165,FALSE,0.679612626147429,1.00098885228713
855,"rand=1-1_rate=1.5_ROB=LH_Bias=NRE strong","1-1",1.5,"LH","NRE strong",0,0.048790164169432,0.0953101798043249,0.048790164169432,0.182321556793955,0.300104592450338,0.0879318361810616,0.0882653689273148,-0.150176518663489,TRUE,0.552852307298729,1.00121743251254,-0.209109110231592,FALSE,0.361409633568663,1.00112979207977,-0.0920714990947704,TRUE,0.527653893014219,1.00163863110648,-0.275058957058935,FALSE,0.620572705820282,1.00098951763566
856,"rand=1-1_rate=1.5_ROB=LH_Bias=NRE strong","1-1",1.5,"LH","NRE strong",0,0.048790164169432,0.0953101798043249,0.048790164169432,0.182321556793955,0.300104592450338,0.117720298206287,0.118547893339749,0.115126479611331,TRUE,0.480259396345549,1.00098683648576,0.00857417294442275,TRUE,0.44285532510072,1.00110072320427,0.121176327035124,TRUE,0.407626637911653,1.00160104193041,-0.142997859011595,TRUE,1.16475011970273,1.00099203852517
857,"rand=1-1_rate=1.5_ROB=LH_Bias=NRE strong","1-1",1.5,"LH","NRE strong",0,0.048790164169432,0.0953101798043249,0.048790164169432,0.182321556793955,0.300104592450338,0.0724016668143492,0.0749675803584729,-0.114112850059014,TRUE,0.571871595114581,1.00119600166712,-0.130331169666693,TRUE,0.35707420694185,1.00100782958529,-0.205797682823377,TRUE,0.556116759605616,1.00098599612412,-0.0943072140528867,TRUE,0.64434088349664,1.00098828988984
858,"rand=1-1_rate=1.5_ROB=LH_Bias=NRE strong","1-1",1.5,"LH","NRE strong",0,0.048790164169432,0.0953101798043249,0.048790164169432,0.182321556793955,0.300104592450338,0.0824847641014181,0.084482775651145,-0.163564013315111,TRUE,0.630180942751299,1.0010051024964,-0.12637749524812,TRUE,0.377255198560658,1.00103650733181,0.0349089952756046,TRUE,0.510423964687178,1.00172302593218,-0.229868437617639,TRUE,0.620817008521155,1.00098708792431
859,"rand=1-1_rate=1.5_ROB=LH_Bias=NRE strong","1-1",1.5,"LH","NRE strong",0,0.048790164169432,0.0953101798043249,0.048790164169432,0.182321556793955,0.300104592450338,0.103929016877332,0.1053747556521,0.0317813728755505,TRUE,0.486142811868475,1.00099075849107,-0.150104222072819,TRUE,0.411360417919222,1.00098903747197,0.0122457870313125,TRUE,0.459833383304751,1.00106153366419,-0.28146957919051,TRUE,0.881122461878198,1.00098645821969
860,"rand=1-1_rate=1.5_ROB=LH_Bias=NRE strong","1-1",1.5,"LH","NRE strong",0,0.048790164169432,0.0953101798043249,0.048790164169432,0.182321556793955,0.300104592450338,0.0824637989343768,0.0840263078445002,-0.0417703218891474,TRUE,0.552463226491496,1.00102741083774,-0.139284199230429,TRUE,0.411475303306381,1.00098604028285,-0.0365388903850523,TRUE,0.569612632816119,1.0012594495432,-0.215776010331702,TRUE,0.725150963240326,1.0010291248441
861,"rand=1-1_rate=1.5_ROB=LH_Bias=NRE strong","1-1",1.5,"LH","NRE strong",0,0.048790164169432,0.0953101798043249,0.048790164169432,0.182321556793955,0.300104592450338,0.0836841462785456,0.0855833508297231,0.052732668582978,TRUE,0.51819772847472,1.00106931410167,-0.175295644658946,TRUE,0.449338659858578,1.00100228349191,-0.0343958009700955,TRUE,0.566992898567017,1.00101222623183,-0.281765513522369,TRUE,0.844751537270169,1.00098662441936
862,"rand=1-1_rate=1.5_ROB=LH_Bias=NRE strong","1-1",1.5,"LH","NRE strong",0,0.048790164169432,0.0953101798043249,0.048790164169432,0.182321556793955,0.300104592450338,0.099999271538778,0.100887323558263,0.0389206039964748,TRUE,0.562459596526171,1.00100290914884,-0.130608762311872,TRUE,0.453450464091464,1.00099353613428,0.0410977848681012,TRUE,0.478818374118556,1.00100680912808,-0.310871301770007,TRUE,0.962095222236891,1.00098757103229
863,"rand=1-1_rate=1.5_ROB=LH_Bias=NRE strong","1-1",1.5,"LH","NRE strong",0,0.048790164169432,0.0953101798043249,0.048790164169432,0.182321556793955,0.300104592450338,0.10498017272955,0.105020843550426,0.0259514310558659,TRUE,0.419553247508802,1.00098919778122,-0.0798311668967755,TRUE,0.328501737438199,1.00100788461724,0.00661763412033634,TRUE,0.577181713705929,1.0010409857086,-0.12378672819386,TRUE,0.478909008728458,1.00098615995999
864,"rand=1-1_rate=1.5_ROB=LH_Bias=NRE strong","1-1",1.5,"LH","NRE strong",0,0.048790164169432,0.0953101798043249,0.048790164169432,0.182321556793955,0.300104592450338,0.0917721597141218,0.0935653647164258,-0.0339188560933084,TRUE,0.578171800655282,1.0010625846533,-0.170191845057534,TRUE,0.471778902133541,1.00098599040135,-0.0112396153937862,TRUE,0.512780259539526,1.00150796454522,-0.308535293121206,TRUE,0.986976677372904,1.00098599291444
865,"rand=1-1_rate=1.5_ROB=LH_Bias=NRE strong","1-1",1.5,"LH","NRE strong",0,0.048790164169432,0.0953101798043249,0.048790164169432,0.182321556793955,0.300104592450338,0.0814117946587509,0.0820757908400004,0.114190540487531,TRUE,0.475765578154992,1.00113588252095,0.0688737152922383,TRUE,0.299862897194818,1.00098953225835,0.0181675440113948,TRUE,0.477782041394544,1.00131743052765,0.0888121897514317,TRUE,0.513056461602608,1.00106953576517
866,"rand=1-1_rate=1.5_ROB=LH_Bias=NRE strong","1-1",1.5,"LH","NRE strong",0,0.048790164169432,0.0953101798043249,0.048790164169432,0.182321556793955,0.300104592450338,0.0720773178793393,0.0734993977058054,-0.0428479846093746,TRUE,0.631798581560731,1.00098808896334,-0.143437240277364,TRUE,0.536660146214262,1.00099514841658,-0.0453970141893796,TRUE,0.548276968766387,1.0011217708401,-0.276610630094212,TRUE,1.38738846882988,1.0009862237206
867,"rand=1-1_rate=1.5_ROB=LH_Bias=NRE strong","1-1",1.5,"LH","NRE strong",0,0.048790164169432,0.0953101798043249,0.048790164169432,0.182321556793955,0.300104592450338,0.072024639363414,0.0733809318296613,-0.0743672116925511,TRUE,0.51102127862575,1.00146497287914,-0.0481506236387124,TRUE,0.319786557947573,1.00149577063841,0.166242823740676,TRUE,0.459477810349245,1.00156299633969,-0.164324561973466,FALSE,0.324151706575695,1.00098723231505
868,"rand=1-1_rate=1.5_ROB=LH_Bias=NRE strong","1-1",1.5,"LH","NRE strong",0,0.048790164169432,0.0953101798043249,0.048790164169432,0.182321556793955,0.300104592450338,0.0883571732144099,0.0897659667860024,0.0761079765257656,TRUE,0.436538941775699,1.00106827758082,-0.0570499409587033,TRUE,0.300143983738406,1.00099199534201,0.0400779782534978,TRUE,0.462929567230605,1.0018535494086,-0.10665690936487,TRUE,0.488273340240735,1.00098599106915
869,"rand=1-1_rate=1.5_ROB=LH_Bias=NRE strong","1-1",1.5,"LH","NRE strong",0,0.048790164169432,0.0953101798043249,0.048790164169432,0.182321556793955,0.300104592450338,0.074588413178351,0.0777315526432475,-0.120117660661397,TRUE,0.74712035202669,1.00101875015719,-0.027525311776641,TRUE,0.495126001653816,1.00098679411354,0.0873374075952593,TRUE,0.791157225786312,1.00100127716931,-0.150565822579869,TRUE,0.651007832914754,1.00099727146565
870,"rand=1-1_rate=1.5_ROB=LH_Bias=NRE strong","1-1",1.5,"LH","NRE strong",0,0.048790164169432,0.0953101798043249,0.048790164169432,0.182321556793955,0.300104592450338,0.0879538426783775,0.0891309083848927,-0.00801952768919079,TRUE,0.552795434864932,1.00099639453363,-0.101047784562796,TRUE,0.42034998733522,1.0009877865876,0.0673261980340467,TRUE,0.478436723795624,1.00100249436785,-0.24438694606943,TRUE,0.829194898101226,1.00098600041215
871,"rand=1-1_rate=1.5_ROB=LH_Bias=NRE strong","1-1",1.5,"LH","NRE strong",0,0.048790164169432,0.0953101798043249,0.048790164169432,0.182321556793955,0.300104592450338,0.103931670124992,0.105871009084586,-0.0276593627782615,TRUE,0.561537021396253,1.00116532868866,-0.14168920430671,TRUE,0.379055007886731,1.00098645950792,-0.0911140954963106,TRUE,0.671902391305807,1.00099887649963,-0.17704364867822,TRUE,0.548654061327264,1.00099810144081
872,"rand=1-1_rate=1.5_ROB=LH_Bias=NRE strong","1-1",1.5,"LH","NRE strong",0,0.048790164169432,0.0953101798043249,0.048790164169432,0.182321556793955,0.300104592450338,0.0754616574545708,0.0766061520654951,-0.0810589518232441,TRUE,0.712907715488809,1.00100763409191,-0.113447691431306,TRUE,0.519718812444112,1.00101938194988,0.0299702049340379,TRUE,0.690627008267176,1.00105590274542,-0.28583292036856,TRUE,0.930453816297401,1.00098822115814
873,"rand=1-1_rate=1.5_ROB=LH_Bias=NRE strong","1-1",1.5,"LH","NRE strong",0,0.048790164169432,0.0953101798043249,0.048790164169432,0.182321556793955,0.300104592450338,0.0962075865332259,0.0970836181528164,-0.0845874058213556,TRUE,0.608332781362272,1.00110663043701,-0.0794402373254044,TRUE,0.43320278829629,1.00098700011851,-0.0527697194683983,TRUE,0.471839493301685,1.00098646389428,-0.0927699801050359,TRUE,1.06151637307032,1.00098623333365
874,"rand=1-1_rate=1.5_ROB=LH_Bias=NRE strong","1-1",1.5,"LH","NRE strong",0,0.048790164169432,0.0953101798043249,0.048790164169432,0.182321556793955,0.300104592450338,0.0828569281253355,0.0845799378838995,0.00403710896484366,TRUE,0.530635608370884,1.0009877521865,-0.00352945238676705,TRUE,0.345554469261225,1.00099902428249,0.0276096316765734,TRUE,0.464845991754203,1.0015887040503,-0.026307539832261,TRUE,0.704989485582721,1.00102425721218
875,"rand=1-1_rate=1.5_ROB=LH_Bias=NRE strong","1-1",1.5,"LH","NRE strong",0,0.048790164169432,0.0953101798043249,0.048790164169432,0.182321556793955,0.300104592450338,0.0905228223366513,0.0940716627253281,-0.0339666360211939,TRUE,0.532991982853595,1.00131627128647,-0.0532234353718561,TRUE,0.343866756380188,1.00101034296016,-0.107232327870163,TRUE,0.539025509384836,1.00134223855884,-0.0223520118809759,TRUE,0.567618714027069,1.00099882158644
876,"rand=1-1_rate=1.5_ROB=LH_Bias=NRE strong","1-1",1.5,"LH","NRE strong",0,0.048790164169432,0.0953101798043249,0.048790164169432,0.182321556793955,0.300104592450338,0.107221420385869,0.108484302575174,0.0233641188723317,TRUE,0.528745325117,1.00210040054411,-0.0127738240362292,TRUE,0.372784810764074,1.00100104789706,0.138514088942025,TRUE,0.420907100477645,1.00317261917004,-0.142742145308699,TRUE,0.74561598325306,1.00099534160919
877,"rand=1-1_rate=1.5_ROB=LH_Bias=NRE strong","1-1",1.5,"LH","NRE strong",0,0.048790164169432,0.0953101798043249,0.048790164169432,0.182321556793955,0.300104592450338,0.0890615747073339,0.0924571279723662,0.0172520465375632,TRUE,0.52253256119334,1.00113125088318,-0.106343802838131,TRUE,0.435394691455339,1.00100393387797,0.00564804510115757,TRUE,0.633093284991113,1.00098608560195,-0.206014805106623,TRUE,0.742485735417694,1.00103081781356
878,"rand=1-1_rate=1.5_ROB=LH_Bias=NRE strong","1-1",1.5,"LH","NRE strong",0,0.048790164169432,0.0953101798043249,0.048790164169432,0.182321556793955,0.300104592450338,0.0760358520733828,0.077486673037811,0.0580293570883864,TRUE,0.537171107548908,1.00109362567749,-0.0243039653465589,TRUE,0.416956774427384,1.00100499279379,0.0400790786173042,TRUE,0.522376222163408,1.00103329621913,-0.0765800790501998,TRUE,0.840063835096292,1.00098784229155
879,"rand=1-1_rate=1.5_ROB=LH_Bias=NRE strong","1-1",1.5,"LH","NRE strong",0,0.048790164169432,0.0953101798043249,0.048790164169432,0.182321556793955,0.300104592450338,0.0936628246729421,0.0960611064981994,-0.103486752040465,TRUE,0.516123221904531,1.00119018089958,-0.0244838204298645,TRUE,0.310442969239614,1.0010021892817,0.150428365913124,TRUE,0.41154533955827,1.00169072207503,-0.12767734883791,TRUE,0.442708119599027,1.00098710323416
880,"rand=1-1_rate=1.5_ROB=LH_Bias=NRE strong","1-1",1.5,"LH","NRE strong",0,0.048790164169432,0.0953101798043249,0.048790164169432,0.182321556793955,0.300104592450338,0.106213085893685,0.108182694421422,0.0339514499906707,TRUE,0.515604056076908,1.00137512983139,-0.0690880689276263,TRUE,0.418407433452864,1.00099176871011,0.0400219881870372,TRUE,0.458868148087598,1.00098780205754,-0.186667504558159,TRUE,0.978554621029116,1.00099595748258
881,"rand=1-1_rate=1.5_ROB=LH_Bias=NRE strong","1-1",1.5,"LH","NRE strong",0,0.048790164169432,0.0953101798043249,0.048790164169432,0.182321556793955,0.300104592450338,0.0932586532640668,0.0933906036792538,-0.100285712797473,TRUE,0.496828019552852,1.00106654157765,-0.0975805637593368,TRUE,0.282056706003325,1.00101420677747,-0.0614083736195956,TRUE,0.541920492899421,1.00108995962857,-0.112392139982841,TRUE,0.391335436868224,1.00102016005537
882,"rand=1-1_rate=1.5_ROB=LH_Bias=NRE strong","1-1",1.5,"LH","NRE strong",0,0.048790164169432,0.0953101798043249,0.048790164169432,0.182321556793955,0.300104592450338,0.0784848705084068,0.0798237103970341,0.149410806289901,TRUE,0.457022649278524,1.00107568280723,0.0789671360510432,TRUE,0.335373706363744,1.00099100518347,0.11114989369703,TRUE,0.446719863083896,1.00112763744815,0.0544513110219923,TRUE,0.661014471667115,1.00100069074123
883,"rand=1-1_rate=1.5_ROB=LH_Bias=NRE strong","1-1",1.5,"LH","NRE strong",0,0.048790164169432,0.0953101798043249,0.048790164169432,0.182321556793955,0.300104592450338,0.0900408984875148,0.0934318821272999,-0.0128675504930227,TRUE,0.533042538533811,1.00102963921658,-0.0576511475946866,TRUE,0.368196429559696,1.00100179247842,-0.0742974931514004,TRUE,0.666275905310791,1.00107239446591,-0.0445700736425687,TRUE,0.518594069052845,1.00099879140561
884,"rand=1-1_rate=1.5_ROB=LH_Bias=NRE strong","1-1",1.5,"LH","NRE strong",0,0.048790164169432,0.0953101798043249,0.048790164169432,0.182321556793955,0.300104592450338,0.0785786553667796,0.0812251705987973,-0.0980338645200798,TRUE,0.598991970456198,1.00108410936161,-0.21523831769192,TRUE,0.478509307232706,1.00108805585129,0.0020463863100797,TRUE,0.468648573545001,1.00119757435589,-0.453310478606867,FALSE,1.01590255115731,1.00098773823285
885,"rand=1-1_rate=1.5_ROB=LH_Bias=NRE strong","1-1",1.5,"LH","NRE strong",0,0.048790164169432,0.0953101798043249,0.048790164169432,0.182321556793955,0.300104592450338,0.0787334675528762,0.0799012211562423,-0.0399314751924884,TRUE,0.552396386624859,1.00116151887466,-0.13435710574205,TRUE,0.400957737958298,1.0009906559244,-0.0717813669934473,TRUE,0.64926839581294,1.00099797371042,-0.17788833719123,TRUE,0.631728538317065,1.00098599938084
886,"rand=1-1_rate=1.5_ROB=LH_Bias=NRE strong","1-1",1.5,"LH","NRE strong",0,0.048790164169432,0.0953101798043249,0.048790164169432,0.182321556793955,0.300104592450338,0.0868411347607103,0.0874594820265531,0.0646668102003433,TRUE,0.518169565234785,1.0011396144186,-0.0363923808539153,TRUE,0.410156724376135,1.00098602374432,0.0788795668444919,TRUE,0.454463612809251,1.00149936209769,-0.147278256777737,TRUE,0.931599493168337,1.00102043628476
887,"rand=1-1_rate=1.5_ROB=LH_Bias=NRE strong","1-1",1.5,"LH","NRE strong",0,0.048790164169432,0.0953101798043249,0.048790164169432,0.182321556793955,0.300104592450338,0.0885863736141456,0.0898265416647075,-0.0649652685827868,TRUE,0.606705418008081,1.00119424759823,-0.11809105707895,TRUE,0.392165680273124,1.00100686180051,0.0161695633971907,TRUE,0.538017955782654,1.00112642830687,-0.221623523764769,TRUE,0.646977711883985,1.00100988251907
888,"rand=1-1_rate=1.5_ROB=LH_Bias=NRE strong","1-1",1.5,"LH","NRE strong",0,0.048790164169432,0.0953101798043249,0.048790164169432,0.182321556793955,0.300104592450338,0.112283387175612,0.11318965353811,0.0286143880545273,TRUE,0.54485947694279,1.00104144461478,-0.111773482052556,TRUE,0.402977250769657,1.00102291045724,0.0144668061869759,TRUE,0.532490494758758,1.00102278742335,-0.212451708649404,TRUE,0.740124623537197,1.0009949753527
889,"rand=1-1_rate=1.5_ROB=LH_Bias=NRE strong","1-1",1.5,"LH","NRE strong",0,0.048790164169432,0.0953101798043249,0.048790164169432,0.182321556793955,0.300104592450338,0.076683133166406,0.0786701676105212,-0.147139702026621,TRUE,0.648656519629347,1.00098967840146,-0.231585373985951,TRUE,0.550327873442744,1.00103977497174,-0.161692641328105,TRUE,0.553965344420638,1.00101425581059,-0.327936018838725,TRUE,1.42777197066891,1.00098745594413
890,"rand=1-1_rate=1.5_ROB=LH_Bias=NRE strong","1-1",1.5,"LH","NRE strong",0,0.048790164169432,0.0953101798043249,0.048790164169432,0.182321556793955,0.300104592450338,0.0832361629907262,0.0873697270926978,0.00362700059318721,TRUE,0.711913536396704,1.00101267508472,-0.121578992914963,TRUE,0.620810173403113,1.00100132641831,-0.105135316426219,TRUE,0.702462816919039,1.00101283736191,-0.131714757980887,TRUE,1.49113150967572,1.00098718346659
891,"rand=1-1_rate=1.5_ROB=LH_Bias=NRE strong","1-1",1.5,"LH","NRE strong",0,0.048790164169432,0.0953101798043249,0.048790164169432,0.182321556793955,0.300104592450338,0.0860025116554657,0.0875396393267834,-0.0120588325878339,TRUE,0.602055089471938,1.00098727518396,-0.191233293248913,TRUE,0.564124280955566,1.00104701675455,-0.103536361157752,TRUE,0.875587147416256,1.00100251879942,-0.286418793101254,TRUE,0.977191997222044,1.00100308333296
892,"rand=1-1_rate=1.5_ROB=LH_Bias=NRE strong","1-1",1.5,"LH","NRE strong",0,0.048790164169432,0.0953101798043249,0.048790164169432,0.182321556793955,0.300104592450338,0.0979052302804633,0.0996214778399408,0.0861153871369112,TRUE,0.448064310515792,1.00102805718275,-0.0709245509683982,TRUE,0.38697229817339,1.00105429972234,0.012783138076734,TRUE,0.475294972047511,1.00098810296971,-0.135722703273,TRUE,0.782340185346547,1.00099777663667
893,"rand=1-1_rate=1.5_ROB=LH_Bias=NRE strong","1-1",1.5,"LH","NRE strong",0,0.048790164169432,0.0953101798043249,0.048790164169432,0.182321556793955,0.300104592450338,0.0930999564671442,0.0935374371794845,-0.0859398064441808,TRUE,0.643225523287238,1.00098717346341,-0.0856858162555778,TRUE,0.433340779257812,1.00108298440812,-0.156640402638949,TRUE,0.678017381708325,1.00110198826812,-0.0275651492742233,TRUE,0.709516946427744,1.00102886407937
894,"rand=1-1_rate=1.5_ROB=LH_Bias=NRE strong","1-1",1.5,"LH","NRE strong",0,0.048790164169432,0.0953101798043249,0.048790164169432,0.182321556793955,0.300104592450338,0.0718316827080264,0.072919078651206,-0.0240118803467919,TRUE,0.573162678228514,1.00098624892706,-0.030002721009327,TRUE,0.391549961663638,1.00108374472709,0.175044174812215,TRUE,0.480352302376449,1.00101980654712,-0.227487697498997,TRUE,0.522854781489295,1.00099837682666
895,"rand=1-1_rate=1.5_ROB=LH_Bias=NRE strong","1-1",1.5,"LH","NRE strong",0,0.048790164169432,0.0953101798043249,0.048790164169432,0.182321556793955,0.300104592450338,0.0715351283381288,0.0757086197959032,0.177936612856249,TRUE,0.435319437709386,1.00172263315085,0.0804208966659313,TRUE,0.385264276495901,1.0010079924543,0.182452188399001,TRUE,0.365355789292957,1.00099460018473,-0.0399010811951785,TRUE,1.07184289418572,1.00104983260952
896,"rand=1-1_rate=1.5_ROB=LH_Bias=NRE strong","1-1",1.5,"LH","NRE strong",0,0.048790164169432,0.0953101798043249,0.048790164169432,0.182321556793955,0.300104592450338,0.104034712036113,0.104246761630462,-0.0250197878441381,TRUE,0.542537928479467,1.00106881232238,-0.21646003620816,FALSE,0.473780407745599,1.00103620787578,-0.115392836348166,TRUE,0.693359145390667,1.0010392728722,-0.304048602656124,TRUE,0.833429228889458,1.00099173023269
897,"rand=1-1_rate=1.5_ROB=LH_Bias=NRE strong","1-1",1.5,"LH","NRE strong",0,0.048790164169432,0.0953101798043249,0.048790164169432,0.182321556793955,0.300104592450338,0.10793247133558,0.108727293033718,0.0344707655249836,TRUE,0.479281988250535,1.00104508463798,-0.0663596438565894,TRUE,0.34516953436051,1.00099079273436,0.061169324564637,TRUE,0.411370064029415,1.00109528931112,-0.159652356322417,TRUE,0.72706224971027,1.00114114113385
898,"rand=1-1_rate=1.5_ROB=LH_Bias=NRE strong","1-1",1.5,"LH","NRE strong",0,0.048790164169432,0.0953101798043249,0.048790164169432,0.182321556793955,0.300104592450338,0.0875172666174251,0.0937377709635991,-0.105114268571735,TRUE,0.605762938930703,1.00099338843669,-0.087669770943567,TRUE,0.371461057940862,1.00098622497674,-0.13134887350319,TRUE,0.687099324268876,1.00101570017214,-0.0613812076823299,TRUE,0.544085130026704,1.00101688172964
899,"rand=1-1_rate=1.5_ROB=LH_Bias=NRE strong","1-1",1.5,"LH","NRE strong",0,0.048790164169432,0.0953101798043249,0.048790164169432,0.182321556793955,0.300104592450338,0.0924744159666586,0.0953378076339589,-0.152125379999556,TRUE,0.598842644127309,1.00106216003816,-0.183774723465123,FALSE,0.367700943220466,1.00118146939357,-0.116890327732333,TRUE,0.554016551121328,1.0010219539758,-0.222916396941753,TRUE,0.622234482003926,1.00106709004613
900,"rand=1-1_rate=1.5_ROB=LH_Bias=NRE strong","1-1",1.5,"LH","NRE strong",0,0.048790164169432,0.0953101798043249,0.048790164169432,0.182321556793955,0.300104592450338,0.109266004521974,0.109899021794431,-0.0805010747235508,TRUE,0.614299206814117,1.00098969608748,-0.150467328617366,TRUE,0.432820660567621,1.00101421615133,-0.185795831166313,TRUE,0.740303849075362,1.00109245268833,-0.127178671540841,TRUE,0.640826320332679,1.00101468217891
901,"rand=1-1_rate=1.5_ROB=LH_Bias=NRE strong","1-1",1.5,"LH","NRE strong",0,0.048790164169432,0.0953101798043249,0.048790164169432,0.182321556793955,0.300104592450338,0.0942604165863408,0.0987659013708954,-0.0711771020451313,TRUE,0.575995734751572,1.00098602059338,-0.22856208762509,FALSE,0.454004290638136,1.00104800739125,-0.024340486014846,TRUE,0.503109755104542,1.00216349915543,-0.405465824691468,FALSE,0.94522494363694,1.00098741703778
902,"rand=1-1_rate=1.5_ROB=LH_Bias=NRE strong","1-1",1.5,"LH","NRE strong",0,0.048790164169432,0.0953101798043249,0.048790164169432,0.182321556793955,0.300104592450338,0.0887967091319416,0.0892753283234207,0.000432622602244637,TRUE,0.529080886037168,1.00101002536213,-0.108585144378177,TRUE,0.407223454611286,1.00101976562433,-0.144091826065101,TRUE,0.621994107747626,1.00098818573792,-0.0834382676547782,TRUE,0.697680563168974,1.00103958099004
903,"rand=1-1_rate=1.5_ROB=LH_Bias=NRE strong","1-1",1.5,"LH","NRE strong",0,0.048790164169432,0.0953101798043249,0.048790164169432,0.182321556793955,0.300104592450338,0.0869361294683175,0.0882834597591037,-0.256872589811431,TRUE,0.731631969462444,1.00109617860655,-0.25072332425595,FALSE,0.444337336845551,1.00099233545636,-0.299328842508874,FALSE,0.656378961305671,1.00112064629879,-0.229900235469465,TRUE,0.826654908511735,1.00100028854326
904,"rand=1-1_rate=1.5_ROB=LH_Bias=NRE strong","1-1",1.5,"LH","NRE strong",0,0.048790164169432,0.0953101798043249,0.048790164169432,0.182321556793955,0.300104592450338,0.106391382398338,0.107487443712038,-0.0863634157266564,TRUE,0.693569266415596,1.00104548995301,-0.193593801314374,TRUE,0.59736149540117,1.00106787126306,-0.0375121687744473,TRUE,0.666052865229335,1.00100203226086,-0.387532396253119,TRUE,1.37481871641937,1.00101945601978
905,"rand=1-1_rate=1.5_ROB=LH_Bias=NRE strong","1-1",1.5,"LH","NRE strong",0,0.048790164169432,0.0953101798043249,0.048790164169432,0.182321556793955,0.300104592450338,0.0835866221476367,0.0859079486549477,-0.247615904332879,TRUE,0.640496537566545,1.0009926478903,-0.197069121796579,TRUE,0.388843043439231,1.00104925668378,-0.0367547077526882,TRUE,0.600369668909613,1.00102089104983,-0.294816756938396,FALSE,0.526994845275575,1.00100634121047
906,"rand=1-1_rate=1.5_ROB=LH_Bias=NRE strong","1-1",1.5,"LH","NRE strong",0,0.048790164169432,0.0953101798043249,0.048790164169432,0.182321556793955,0.300104592450338,0.0801377527555577,0.0818985427059449,0.215762135783876,TRUE,0.426606920522513,1.00101398149428,0.171287821470804,TRUE,0.379383357599976,1.00102693147324,0.343804040126268,FALSE,0.451840531887835,1.00112007789292,-0.0226133971141913,TRUE,0.613315125121643,1.00100800359171
907,"rand=1-1_rate=1.5_ROB=LH_Bias=NRE strong","1-1",1.5,"LH","NRE strong",0,0.048790164169432,0.0953101798043249,0.048790164169432,0.182321556793955,0.300104592450338,0.0775110598713884,0.0800292593467265,-0.0796910604738497,TRUE,0.503620466894044,1.00148751579335,-0.173358347652135,FALSE,0.352566905816436,1.00099202263736,-0.136042354364957,TRUE,0.520245478277499,1.00098840968983,-0.190589571329623,TRUE,0.658209098260372,1.00098694025273
908,"rand=1-1_rate=1.5_ROB=LH_Bias=NRE strong","1-1",1.5,"LH","NRE strong",0,0.048790164169432,0.0953101798043249,0.048790164169432,0.182321556793955,0.300104592450338,0.0846411679557904,0.085518533381777,0.107684484601803,TRUE,0.444663693617598,1.00099631573477,-0.0297247956439035,TRUE,0.367961954802017,1.0010451280305,-0.0104237009868395,TRUE,0.469392650527833,1.00167796427094,-0.0427868577490451,TRUE,0.727023398116411,1.00098703869169
909,"rand=1-1_rate=1.5_ROB=LH_Bias=NRE strong","1-1",1.5,"LH","NRE strong",0,0.048790164169432,0.0953101798043249,0.048790164169432,0.182321556793955,0.300104592450338,0.0919750460851701,0.092664039875372,-0.0538582084140353,TRUE,0.62410571767164,1.00101176172883,-0.148631141612794,TRUE,0.479884693030554,1.00100064077479,0.0528892853245198,TRUE,0.603297762817934,1.00098607069895,-0.354130285121906,FALSE,0.778005874524317,1.00099150468969
910,"rand=1-1_rate=1.5_ROB=LH_Bias=NRE strong","1-1",1.5,"LH","NRE strong",0,0.048790164169432,0.0953101798043249,0.048790164169432,0.182321556793955,0.300104592450338,0.0954709500859042,0.0981055062353637,-0.116777481491435,TRUE,0.543400080055101,1.00099452723663,-0.210444274853516,FALSE,0.401795010454521,1.00098738856214,-0.0827987425113423,TRUE,0.529397426976328,1.00117047024301,-0.30641621826132,TRUE,0.723462277744965,1.00101365355191
911,"rand=1-1_rate=1.5_ROB=LH_Bias=NRE strong","1-1",1.5,"LH","NRE strong",0,0.048790164169432,0.0953101798043249,0.048790164169432,0.182321556793955,0.300104592450338,0.0881274588836407,0.089172294543471,0.0182635041371372,TRUE,0.551285091638345,1.00098877778947,-0.0262595683868088,TRUE,0.38173719334425,1.00099273111057,0.0878029713930447,TRUE,0.5307356377345,1.00099301519459,-0.113489655506414,TRUE,0.65747900134214,1.00098764788945
912,"rand=1-1_rate=1.5_ROB=LH_Bias=NRE strong","1-1",1.5,"LH","NRE strong",0,0.048790164169432,0.0953101798043249,0.048790164169432,0.182321556793955,0.300104592450338,0.0803919191109059,0.0806419216984074,-0.119874502514227,TRUE,0.441003204909707,1.00138125978769,-0.164337031957841,FALSE,0.234062463712506,1.00105491662139,-0.171154818417993,TRUE,0.57170701874441,1.00126030739367,-0.162250344465774,FALSE,0.288112082237713,1.0009885064737
913,"rand=1-1_rate=1.5_ROB=LH_Bias=NRE strong","1-1",1.5,"LH","NRE strong",0,0.048790164169432,0.0953101798043249,0.048790164169432,0.182321556793955,0.300104592450338,0.0822959104109439,0.0826420429491218,0.0285015887499122,TRUE,0.582625183198558,1.00099363202869,-0.126740332912587,TRUE,0.516869787930645,1.00103156804952,-0.113753909555689,TRUE,0.597646293114053,1.00101130021746,-0.139496488106329,TRUE,1.17346620251921,1.00099053298794
914,"rand=1-1_rate=1.5_ROB=LH_Bias=NRE strong","1-1",1.5,"LH","NRE strong",0,0.048790164169432,0.0953101798043249,0.048790164169432,0.182321556793955,0.300104592450338,0.0968638714528809,0.0985581810938151,-0.0700515520028033,TRUE,0.599676450190408,1.00127246333678,-0.119037497483311,TRUE,0.425217739342628,1.00101677906985,0.0495030070798731,TRUE,0.428191663842425,1.00145155304565,-0.299055889954223,TRUE,1.02614812974623,1.00099065603209
915,"rand=1-1_rate=1.5_ROB=LH_Bias=NRE strong","1-1",1.5,"LH","NRE strong",0,0.048790164169432,0.0953101798043249,0.048790164169432,0.182321556793955,0.300104592450338,0.083321142176823,0.083662039851735,-0.367365719964566,FALSE,0.629805958054416,1.0010593330524,-0.289730108189445,FALSE,0.422768121224131,1.00098618944471,0.0150242925806702,TRUE,0.596855767560608,1.00105547999479,-0.457151603452838,FALSE,0.360453603121263,1.00105235338791
916,"rand=1-1_rate=1.5_ROB=LH_Bias=NRE strong","1-1",1.5,"LH","NRE strong",0,0.048790164169432,0.0953101798043249,0.048790164169432,0.182321556793955,0.300104592450338,0.0875796728081464,0.0883691889156959,-0.132977744973358,TRUE,0.5404953021806,1.00165541043923,-0.026585930286503,TRUE,0.309880103589694,1.00101394484446,0.0447635477478553,TRUE,0.476335744073416,1.00125976269839,-0.0648930077675345,TRUE,0.506192461621543,1.00099904036904
917,"rand=1-1_rate=1.5_ROB=LH_Bias=NRE strong","1-1",1.5,"LH","NRE strong",0,0.048790164169432,0.0953101798043249,0.048790164169432,0.182321556793955,0.300104592450338,0.105777273221302,0.109959916396999,-0.114148101572262,TRUE,0.514958791691686,1.0010083082161,-0.262296782547985,FALSE,0.316028691218435,1.00107429972351,-0.0782527384580736,TRUE,0.520706628654269,1.0024332105897,-0.333925086402613,FALSE,0.424276780385733,1.00098803288045
918,"rand=1-1_rate=1.5_ROB=LH_Bias=NRE strong","1-1",1.5,"LH","NRE strong",0,0.048790164169432,0.0953101798043249,0.048790164169432,0.182321556793955,0.300104592450338,0.0887091259238918,0.0903585942910269,-0.25715111185005,TRUE,0.683878565595578,1.00126251711723,-0.139113386369655,TRUE,0.396750332256204,1.00100637193099,-0.0887246914514623,TRUE,0.578567299441676,1.00133474489395,-0.176288353417013,TRUE,0.703977218211326,1.00098605141169
919,"rand=1-1_rate=1.5_ROB=LH_Bias=NRE strong","1-1",1.5,"LH","NRE strong",0,0.048790164169432,0.0953101798043249,0.048790164169432,0.182321556793955,0.300104592450338,0.0827220718827635,0.0843046918713856,-0.157874520479845,TRUE,0.448754576732532,1.00099278577117,-0.279767885135484,FALSE,0.296901426880817,1.0009868655093,-0.0973454748193061,TRUE,0.514125763482882,1.00244061138586,-0.344955575112708,FALSE,0.41213750945827,1.00107406219351
920,"rand=1-1_rate=1.5_ROB=LH_Bias=NRE strong","1-1",1.5,"LH","NRE strong",0,0.048790164169432,0.0953101798043249,0.048790164169432,0.182321556793955,0.300104592450338,0.101230873952146,0.103176620999994,0.126405535283966,TRUE,0.478809195802272,1.00099150440258,0.000226059307591231,TRUE,0.460920533203605,1.0009860114401,0.136650882951048,TRUE,0.482897282379282,1.0017594153608,-0.166730382640313,TRUE,1.0841626115569,1.00098660692738
921,"rand=1-1_rate=1.5_ROB=LH_Bias=NRE strong","1-1",1.5,"LH","NRE strong",0,0.048790164169432,0.0953101798043249,0.048790164169432,0.182321556793955,0.300104592450338,0.101103858733054,0.10205701306808,0.0286608040392561,TRUE,0.510211687634865,1.00100177286458,-0.0692174108369421,TRUE,0.455904565398861,1.00098819800427,0.179471669533417,TRUE,0.39993381243311,1.00137908126525,-0.36468521478995,TRUE,0.913762881828265,1.0009885701284
922,"rand=1-1_rate=1.5_ROB=LH_Bias=NRE strong","1-1",1.5,"LH","NRE strong",0,0.048790164169432,0.0953101798043249,0.048790164169432,0.182321556793955,0.300104592450338,0.0845836841067281,0.0858463636492426,-0.0131944538471214,TRUE,0.564463240493893,1.00151526748459,-0.281130110675143,FALSE,0.565794197313698,1.00103294201465,-0.26461242279939,TRUE,0.702032472955214,1.00098599103695,-0.269106457627801,TRUE,1.17718287387753,1.00101017516117
923,"rand=1-1_rate=1.5_ROB=LH_Bias=NRE strong","1-1",1.5,"LH","NRE strong",0,0.048790164169432,0.0953101798043249,0.048790164169432,0.182321556793955,0.300104592450338,0.0989825816900793,0.099851055173268,-0.168748105263884,TRUE,0.564294271951161,1.00102213001408,-0.0832289892309812,TRUE,0.388645004262488,1.00098599139914,0.0367152865341951,TRUE,0.711964623753658,1.000989142859,-0.170846045989794,TRUE,0.385468105048311,1.00105563502462
924,"rand=1-1_rate=1.5_ROB=LH_Bias=NRE strong","1-1",1.5,"LH","NRE strong",0,0.048790164169432,0.0953101798043249,0.048790164169432,0.182321556793955,0.300104592450338,0.0953570192316389,0.0970521076586596,0.108910146176198,TRUE,0.531227397630133,1.00098632138543,-0.109255043261262,TRUE,0.580788261052402,1.00100142889649,0.0159887797732249,TRUE,0.667731427918563,1.00107567858682,-0.266358425681618,TRUE,1.33951413851268,1.00101334659109
925,"rand=1-1_rate=1.5_ROB=LH_Bias=NRE strong","1-1",1.5,"LH","NRE strong",0,0.048790164169432,0.0953101798043249,0.048790164169432,0.182321556793955,0.300104592450338,0.0963281536838195,0.0990246039431248,-0.13495670093351,TRUE,0.586731000475165,1.00100110381506,-0.132334667830603,TRUE,0.347075230211777,1.00098715909367,-0.228030494216124,TRUE,0.5897397910275,1.00104455546711,-0.0858930724288178,TRUE,0.521603567040527,1.00098710874605
926,"rand=1-1_rate=1.5_ROB=LH_Bias=NRE strong","1-1",1.5,"LH","NRE strong",0,0.048790164169432,0.0953101798043249,0.048790164169432,0.182321556793955,0.300104592450338,0.107094719600684,0.107604702167229,-0.0385024240592953,TRUE,0.485313023679462,1.0011176801173,-0.102360362142955,TRUE,0.315365282544223,1.00099264520177,-0.00617639273089177,TRUE,0.457522492847808,1.00118184571783,-0.155417330567124,TRUE,0.582621500966763,1.00104777714146
927,"rand=1-1_rate=1.5_ROB=LH_Bias=NRE strong","1-1",1.5,"LH","NRE strong",0,0.048790164169432,0.0953101798043249,0.048790164169432,0.182321556793955,0.300104592450338,0.0835466262980323,0.0860328929646855,-0.112916305951297,TRUE,0.660966113339638,1.00101898151208,-0.154767813368694,TRUE,0.485188887204683,1.00099211954976,-0.195260009494627,TRUE,0.626876968287091,1.00102868866719,-0.108858566796368,TRUE,0.945443652717557,1.00098728288955
928,"rand=1-1_rate=1.5_ROB=LH_Bias=NRE strong","1-1",1.5,"LH","NRE strong",0,0.048790164169432,0.0953101798043249,0.048790164169432,0.182321556793955,0.300104592450338,0.0728691892850624,0.075693156163833,-0.13362112940728,TRUE,0.662813516258741,1.00098625084153,-0.144842635470183,TRUE,0.454380409678413,1.00105072724956,-0.168929463564825,TRUE,0.652711442884307,1.0010115462443,-0.12411666487935,TRUE,0.821020452848734,1.00099561090026
929,"rand=1-1_rate=1.5_ROB=LH_Bias=NRE strong","1-1",1.5,"LH","NRE strong",0,0.048790164169432,0.0953101798043249,0.048790164169432,0.182321556793955,0.300104592450338,0.0887045169215395,0.0891578913298669,-0.0178982532452225,TRUE,0.538247124669434,1.00105631719884,-0.0741982284203855,TRUE,0.381743309812713,1.00098752649355,0.0502405983824556,TRUE,0.454344773456153,1.00105830870765,-0.178816730790904,TRUE,0.736433616980073,1.00103600517444
930,"rand=1-1_rate=1.5_ROB=LH_Bias=NRE strong","1-1",1.5,"LH","NRE strong",0,0.048790164169432,0.0953101798043249,0.048790164169432,0.182321556793955,0.300104592450338,0.0925743985962121,0.0940507877646449,0.03428091391786,TRUE,0.518259904410581,1.00149849228599,-0.0794786824661935,TRUE,0.450542066168564,1.00098746472291,-0.0121816852718677,TRUE,0.465387471318593,1.0010806520283,-0.144269436024165,TRUE,1.09839631380318,1.00098599130531
931,"rand=1-1_rate=1.5_ROB=LH_Bias=NRE strong","1-1",1.5,"LH","NRE strong",0,0.048790164169432,0.0953101798043249,0.048790164169432,0.182321556793955,0.300104592450338,0.0843470928012082,0.085837422841914,-0.130019864988288,TRUE,0.544058264631054,1.00102443964123,-0.227529619699645,FALSE,0.399786704965015,1.00099213639464,-0.106682546770545,TRUE,0.603875660705793,1.00120030872528,-0.302985826663148,FALSE,0.634250471760898,1.0009925082218
932,"rand=1-1_rate=1.5_ROB=LH_Bias=NRE strong","1-1",1.5,"LH","NRE strong",0,0.048790164169432,0.0953101798043249,0.048790164169432,0.182321556793955,0.300104592450338,0.089400968411042,0.0914006452559584,0.0298433413607616,TRUE,0.616500661618431,1.00099419710374,-0.197559781513721,TRUE,0.508764290229824,1.00099924194544,-0.107894473970991,TRUE,0.644194576182011,1.0010122897296,-0.284922466145452,TRUE,1.01224373422192,1.00102812829082
933,"rand=1-1_rate=1.5_ROB=LH_Bias=NRE strong","1-1",1.5,"LH","NRE strong",0,0.048790164169432,0.0953101798043249,0.048790164169432,0.182321556793955,0.300104592450338,0.106794517142166,0.108702424026299,-0.191324566716521,TRUE,0.563572425859829,1.00105757979388,-0.199879115914831,FALSE,0.329196293437931,1.00098850769836,-0.106582230114375,TRUE,0.561355184959992,1.00118466032021,-0.241853935187123,FALSE,0.481846470355487,1.0009983160003
934,"rand=1-1_rate=1.5_ROB=LH_Bias=NRE strong","1-1",1.5,"LH","NRE strong",0,0.048790164169432,0.0953101798043249,0.048790164169432,0.182321556793955,0.300104592450338,0.07785100589819,0.078931368345594,-0.0677634393592739,TRUE,0.520982795664725,1.00143381254922,-0.170438760928534,TRUE,0.382120142033595,1.00117023009094,-0.0649255572116965,TRUE,0.502227210094718,1.00334912554476,-0.243805270545922,TRUE,0.721543172508065,1.00099049614479
935,"rand=1-1_rate=1.5_ROB=LH_Bias=NRE strong","1-1",1.5,"LH","NRE strong",0,0.048790164169432,0.0953101798043249,0.048790164169432,0.182321556793955,0.300104592450338,0.0999283720711961,0.101439604166632,0.0161896987046686,TRUE,0.51017100125746,1.00110313802244,-0.0680955303108621,TRUE,0.408353035477896,1.00101578364938,0.0585237675862904,TRUE,0.420974840396956,1.00098601940379,-0.201768478345505,TRUE,0.952928142571692,1.00099310764049
936,"rand=1-1_rate=1.5_ROB=LH_Bias=NRE strong","1-1",1.5,"LH","NRE strong",0,0.048790164169432,0.0953101798043249,0.048790164169432,0.182321556793955,0.300104592450338,0.0909428960778068,0.0921638401078632,-0.101317947464631,TRUE,0.556224717482523,1.00099662396149,-0.062872012755502,TRUE,0.388347106513483,1.00135350788073,-0.273628884827551,TRUE,0.780914818954428,1.00106265597464,0.0595242118502773,TRUE,0.39216059899319,1.00098844150368
937,"rand=1-1_rate=1.5_ROB=LH_Bias=NRE strong","1-1",1.5,"LH","NRE strong",0,0.048790164169432,0.0953101798043249,0.048790164169432,0.182321556793955,0.300104592450338,0.094918391008,0.0986816620242747,-0.0466206550973813,TRUE,0.622837471930509,1.00116849557733,-0.133756376066299,TRUE,0.508669728352463,1.00102092104517,0.0545293158643489,TRUE,0.453002151713822,1.00128070721148,-0.389805619689205,TRUE,1.28062919563365,1.00100128287635
938,"rand=1-1_rate=1.5_ROB=LH_Bias=NRE strong","1-1",1.5,"LH","NRE strong",0,0.048790164169432,0.0953101798043249,0.048790164169432,0.182321556793955,0.300104592450338,0.0912779654658493,0.0920079133704518,0.0359790416119908,TRUE,0.539949019862709,1.00103002534605,-0.0274587419104948,TRUE,0.421298835051114,1.00111709262572,0.042319465063586,TRUE,0.45350786536515,1.0010125088608,-0.0996967755067291,TRUE,1.00147596714615,1.0009860116929
939,"rand=1-1_rate=1.5_ROB=LH_Bias=NRE strong","1-1",1.5,"LH","NRE strong",0,0.048790164169432,0.0953101798043249,0.048790164169432,0.182321556793955,0.300104592450338,0.0872557369623915,0.0901046353584339,0.0124396473889705,TRUE,0.488387066686163,1.0010118399609,-0.142032341876501,TRUE,0.427394221902569,1.00106554010811,-0.0566839198459137,TRUE,0.585836218558421,1.00102839725024,-0.217360803228443,TRUE,0.793494347016416,1.00101602280097
940,"rand=1-1_rate=1.5_ROB=LH_Bias=NRE strong","1-1",1.5,"LH","NRE strong",0,0.048790164169432,0.0953101798043249,0.048790164169432,0.182321556793955,0.300104592450338,0.0860082070030313,0.0871633171418511,-0.294797852230168,FALSE,0.677513528990651,1.00108101320785,-0.285288803252309,FALSE,0.41995359313818,1.00105171752439,-0.228586594899862,TRUE,0.609088711675865,1.00129474418186,-0.325176203573624,TRUE,0.755121600322253,1.001026195158
941,"rand=1-1_rate=1.5_ROB=LH_Bias=NRE strong","1-1",1.5,"LH","NRE strong",0,0.048790164169432,0.0953101798043249,0.048790164169432,0.182321556793955,0.300104592450338,0.103853510051451,0.105270586655119,-0.0265661954331631,TRUE,0.61468340424754,1.00110488848502,-0.101748173172895,TRUE,0.482953112900855,1.000987369453,0.0683654007234562,TRUE,0.570710962356665,1.00098617151246,-0.295113683112072,TRUE,0.955002660117455,1.00098833931662
942,"rand=1-1_rate=1.5_ROB=LH_Bias=NRE strong","1-1",1.5,"LH","NRE strong",0,0.048790164169432,0.0953101798043249,0.048790164169432,0.182321556793955,0.300104592450338,0.0851273338253285,0.0866675524769784,-0.110987058305337,TRUE,0.647975694851019,1.00108593886532,-0.219899807159712,TRUE,0.528233933861338,1.00104048105006,-0.108929803685264,TRUE,0.56315935452482,1.00100838122555,-0.321298020339692,TRUE,1.24640994508853,1.00104672622774
943,"rand=1-1_rate=1.5_ROB=LH_Bias=NRE strong","1-1",1.5,"LH","NRE strong",0,0.048790164169432,0.0953101798043249,0.048790164169432,0.182321556793955,0.300104592450338,0.0875583364159167,0.090093394566465,-0.0155055274837232,TRUE,0.487579603117956,1.00098720942733,-0.0895047640944155,TRUE,0.343683766786622,1.00098950753264,0.0229832908408435,TRUE,0.539506326169355,1.00098871910863,-0.164778577428868,TRUE,0.504149140678811,1.00099037300576
944,"rand=1-1_rate=1.5_ROB=LH_Bias=NRE strong","1-1",1.5,"LH","NRE strong",0,0.048790164169432,0.0953101798043249,0.048790164169432,0.182321556793955,0.300104592450338,0.108002817407107,0.111042193017922,0.0302612410991832,TRUE,0.614253886202906,1.00100125817052,-0.0369815818436214,TRUE,0.451432007293488,1.00099039031896,-0.0401666394002007,TRUE,0.732350944563594,1.00098896969046,-0.0332865550666954,TRUE,0.734888252598953,1.00100961259879
945,"rand=1-1_rate=1.5_ROB=LH_Bias=NRE strong","1-1",1.5,"LH","NRE strong",0,0.048790164169432,0.0953101798043249,0.048790164169432,0.182321556793955,0.300104592450338,0.0935968406525128,0.0948897941161429,-0.10642475975764,TRUE,0.582793438773677,1.00199051518736,-0.12822037978703,TRUE,0.374455939107313,1.00102351403385,-0.129114792948524,TRUE,0.566110316022437,1.00109688629326,-0.130712365819722,TRUE,0.651060905686821,1.00098837416546
946,"rand=1-1_rate=1.5_ROB=LH_Bias=NRE strong","1-1",1.5,"LH","NRE strong",0,0.048790164169432,0.0953101798043249,0.048790164169432,0.182321556793955,0.300104592450338,0.0883557175819846,0.0899966065927237,-0.0186813016663989,TRUE,0.523653104398485,1.0009904427802,-0.0927273825755452,TRUE,0.394894956064836,1.0010112614282,-0.060687833771752,TRUE,0.572767267175404,1.00105436518479,-0.121209720699772,TRUE,0.70809776701803,1.00098614739585
947,"rand=1-1_rate=1.5_ROB=LH_Bias=NRE strong","1-1",1.5,"LH","NRE strong",0,0.048790164169432,0.0953101798043249,0.048790164169432,0.182321556793955,0.300104592450338,0.0924681029555908,0.0940719576977545,-0.0365080986934936,TRUE,0.636025443396172,1.00098815308747,-0.0766581228136212,TRUE,0.435971642741199,1.00098915173829,-0.166290288208988,TRUE,0.657088826870587,1.00104859266902,-0.0148615296303163,TRUE,0.731233145594675,1.00098669256468
948,"rand=1-1_rate=1.5_ROB=LH_Bias=NRE strong","1-1",1.5,"LH","NRE strong",0,0.048790164169432,0.0953101798043249,0.048790164169432,0.182321556793955,0.300104592450338,0.0839027631622343,0.0861569681837716,-0.0858898190180519,TRUE,0.426331834156501,1.00106357033312,-0.121562021039152,FALSE,0.234220894078323,1.00099327761973,-0.163002997195071,TRUE,0.521768168541657,1.00233589389882,-0.112510713917846,TRUE,0.322835643715227,1.00098953303489
949,"rand=1-1_rate=1.5_ROB=LH_Bias=NRE strong","1-1",1.5,"LH","NRE strong",0,0.048790164169432,0.0953101798043249,0.048790164169432,0.182321556793955,0.300104592450338,0.0990080093818946,0.0993799229183553,0.111544401007239,TRUE,0.522487621495154,1.00114663883792,0.0051109306922803,TRUE,0.490843541164105,1.00099366233579,0.0462812322994667,TRUE,0.47967671680992,1.00098667463484,-0.0532914776665747,TRUE,1.28468863598711,1.00098858437313
950,"rand=1-1_rate=1.5_ROB=LH_Bias=NRE strong","1-1",1.5,"LH","NRE strong",0,0.048790164169432,0.0953101798043249,0.048790164169432,0.182321556793955,0.300104592450338,0.102322611081968,0.106621543567845,-0.153984285663725,TRUE,0.627079700190423,1.00098725147506,-0.312348006446396,FALSE,0.458500751966231,1.00099125037617,-0.146288597885859,TRUE,0.6476614495186,1.00105309657362,-0.433011822477367,FALSE,0.750035192693272,1.00098670755022
951,"rand=1-1_rate=1.5_ROB=LH_Bias=NRE strong","1-1",1.5,"LH","NRE strong",0,0.048790164169432,0.0953101798043249,0.048790164169432,0.182321556793955,0.300104592450338,0.0785700611163,0.0799530814686108,-0.14645597193267,TRUE,0.599825422872942,1.00141251654757,-0.251122646128135,FALSE,0.471496172881858,1.00103092113415,-0.187322564467292,TRUE,0.55148592695883,1.00126562406875,-0.305698255610486,TRUE,1.04585496148029,1.00099030788154
952,"rand=1-1_rate=1.5_ROB=LH_Bias=NRE strong","1-1",1.5,"LH","NRE strong",0,0.048790164169432,0.0953101798043249,0.048790164169432,0.182321556793955,0.300104592450338,0.0798528235851699,0.0812130425566948,0.0786653167254596,TRUE,0.439658226666623,1.00105129980223,-0.0269124531226588,TRUE,0.356993039922214,1.0010478280553,0.00781388837978436,TRUE,0.530730146617966,1.00102563749791,-0.0547045369598571,TRUE,0.637402064941928,1.00100969469205
953,"rand=1-1_rate=1.5_ROB=LH_Bias=NRE strong","1-1",1.5,"LH","NRE strong",0,0.048790164169432,0.0953101798043249,0.048790164169432,0.182321556793955,0.300104592450338,0.0909480206607246,0.0933920589739823,-0.0863837900838045,TRUE,0.625482201506798,1.00130944279459,-0.136918777228006,TRUE,0.474323584939553,1.00098636730478,-0.186552861382777,TRUE,0.569179090980803,1.00213845599165,-0.109684066838869,TRUE,1.04996289249271,1.00098646234908
954,"rand=1-1_rate=1.5_ROB=LH_Bias=NRE strong","1-1",1.5,"LH","NRE strong",0,0.048790164169432,0.0953101798043249,0.048790164169432,0.182321556793955,0.300104592450338,0.0963762046332289,0.0970140470116995,-0.185829681400478,TRUE,0.519379325655468,1.00101121712304,-0.261504476531449,FALSE,0.33886527736473,1.00098921243556,-0.207945793890837,TRUE,0.575507719017553,1.00099616460177,-0.287812812413595,FALSE,0.538172334656969,1.00103325138268
955,"rand=1-1_rate=1.5_ROB=LH_Bias=NRE strong","1-1",1.5,"LH","NRE strong",0,0.048790164169432,0.0953101798043249,0.048790164169432,0.182321556793955,0.300104592450338,0.090735364584838,0.0916507951648305,-0.0489340398819513,TRUE,0.528365413828334,1.00098671073216,-0.204381553389558,TRUE,0.462755119892914,1.00098858845997,0.0195406435289202,TRUE,0.522759489069745,1.0010063369993,-0.395116421873615,FALSE,0.822855531175979,1.00098684067848
956,"rand=1-1_rate=1.5_ROB=LH_Bias=NRE strong","1-1",1.5,"LH","NRE strong",0,0.048790164169432,0.0953101798043249,0.048790164169432,0.182321556793955,0.300104592450338,0.104546530296293,0.10660055326251,-0.00279874786613821,TRUE,0.606905717758394,1.00104658178447,-0.161210734058262,TRUE,0.487452062718596,1.00101321662464,-0.139611071666594,TRUE,0.659453483541113,1.00099621188997,-0.176492067593202,TRUE,0.957288269373688,1.00104873162032
957,"rand=1-1_rate=1.5_ROB=LH_Bias=NRE strong","1-1",1.5,"LH","NRE strong",0,0.048790164169432,0.0953101798043249,0.048790164169432,0.182321556793955,0.300104592450338,0.0920360951043495,0.0932310052730982,-0.205694626027146,TRUE,0.706719554881503,1.00098599476974,-0.179707013352103,TRUE,0.505652767732899,1.00100212670459,-0.262542796283236,FALSE,0.598139414237929,1.0011439350084,-0.108237660579915,TRUE,1.10905977694249,1.0009973090065
958,"rand=1-1_rate=1.5_ROB=LH_Bias=NRE strong","1-1",1.5,"LH","NRE strong",0,0.048790164169432,0.0953101798043249,0.048790164169432,0.182321556793955,0.300104592450338,0.0984105511558074,0.101575752569799,-0.295512022708942,FALSE,0.682605407194456,1.0010862756901,-0.265469444551431,FALSE,0.398453692409134,1.00100825022819,-0.191407019947153,TRUE,0.603553604310993,1.00107472115773,-0.312777602693665,FALSE,0.691229540805395,1.00099472895362
959,"rand=1-1_rate=1.5_ROB=LH_Bias=NRE strong","1-1",1.5,"LH","NRE strong",0,0.048790164169432,0.0953101798043249,0.048790164169432,0.182321556793955,0.300104592450338,0.0977229544988756,0.098181015749313,-0.157344362088986,TRUE,0.689827618104024,1.00104644502324,-0.236664502943629,TRUE,0.547756729077334,1.00104827372999,-0.198771408034559,TRUE,0.617576129089165,1.00119977477505,-0.281013595811892,TRUE,1.31019162404158,1.00099564346345
960,"rand=1-1_rate=1.5_ROB=LH_Bias=NRE strong","1-1",1.5,"LH","NRE strong",0,0.048790164169432,0.0953101798043249,0.048790164169432,0.182321556793955,0.300104592450338,0.0895723492859678,0.0918779750731009,-0.0169133130179695,TRUE,0.495325955872427,1.00110931231302,-0.157723532792628,TRUE,0.427511881231069,1.00100165719068,0.0193262313633449,TRUE,0.469959584183038,1.00151639634926,-0.318743855000376,TRUE,0.854410284333953,1.00099808212122
961,"rand=1-1_rate=1.5_ROB=LH_Bias=NRE strong","1-1",1.5,"LH","NRE strong",0,0.048790164169432,0.0953101798043249,0.048790164169432,0.182321556793955,0.300104592450338,0.101209215060702,0.102305033308191,0.0493645463948429,TRUE,0.571049832308601,1.00105829350703,-0.0402717297636492,TRUE,0.439882242657926,1.00123679352058,-0.0155559962165599,TRUE,0.596668813269511,1.00098611774586,-0.0642849753337422,TRUE,0.855485962972453,1.00098635135284
962,"rand=1-1_rate=1.5_ROB=LH_Bias=NRE strong","1-1",1.5,"LH","NRE strong",0,0.048790164169432,0.0953101798043249,0.048790164169432,0.182321556793955,0.300104592450338,0.107082007417657,0.108184186385329,-0.28283620823708,FALSE,0.633609615041435,1.00101619341693,-0.26230892610663,FALSE,0.383207348687173,1.00098966163662,-0.370619245595239,FALSE,0.716311272866381,1.0009921460152,-0.211309784572052,TRUE,0.538491275723926,1.00099626885797
963,"rand=1-1_rate=1.5_ROB=LH_Bias=NRE strong","1-1",1.5,"LH","NRE strong",0,0.048790164169432,0.0953101798043249,0.048790164169432,0.182321556793955,0.300104592450338,0.0883447707792158,0.0895002172547661,-0.0546380591939992,TRUE,0.547210907483422,1.00124757977304,-0.0176202509984573,TRUE,0.328315645859573,1.00098731371836,-0.0167077770933759,TRUE,0.497815336389943,1.00127717903328,-0.0222120552106957,TRUE,0.55724973537981,1.00099634164741
964,"rand=1-1_rate=1.5_ROB=LH_Bias=NRE strong","1-1",1.5,"LH","NRE strong",0,0.048790164169432,0.0953101798043249,0.048790164169432,0.182321556793955,0.300104592450338,0.0877606368435871,0.0881296889523,-0.0433603152985529,TRUE,0.498804716363594,1.00164522676136,-0.158644591153404,TRUE,0.456168806104295,1.00107649836293,0.133118904922143,TRUE,0.413761474116443,1.00099883092033,-0.450367759207855,FALSE,0.790857938524306,1.0009964616429
965,"rand=1-1_rate=1.5_ROB=LH_Bias=NRE strong","1-1",1.5,"LH","NRE strong",0,0.048790164169432,0.0953101798043249,0.048790164169432,0.182321556793955,0.300104592450338,0.0938958062592802,0.0944913256640021,-0.181973446015684,TRUE,0.679107214684406,1.00099152290297,-0.298073106755671,FALSE,0.558609491332005,1.00107751244642,-0.243115730530463,TRUE,0.912369978318289,1.00098626806601,-0.346559859231972,TRUE,0.846929785199009,1.00099130749547
966,"rand=1-1_rate=1.5_ROB=LH_Bias=NRE strong","1-1",1.5,"LH","NRE strong",0,0.048790164169432,0.0953101798043249,0.048790164169432,0.182321556793955,0.300104592450338,0.0857177002257766,0.0882556829950441,-0.0273044950546544,TRUE,0.47618580653307,1.00102096247756,-0.139392223588206,TRUE,0.370089826977258,1.00098817835973,-0.0433027665052375,TRUE,0.519302771201027,1.00188505708593,-0.201942248884473,TRUE,0.660349299051016,1.00099396917283
967,"rand=1-1_rate=1.5_ROB=LH_Bias=NRE strong","1-1",1.5,"LH","NRE strong",0,0.048790164169432,0.0953101798043249,0.048790164169432,0.182321556793955,0.300104592450338,0.0946426418625808,0.0956043374751607,-0.17930309749555,TRUE,0.627798899733995,1.00102585556659,-0.247116421117143,FALSE,0.464149780055876,1.00098600384941,-0.14350364501447,TRUE,0.635586872582816,1.00132113248925,-0.334732163509427,TRUE,0.827669276335135,1.00098601824443
968,"rand=1-1_rate=1.5_ROB=LH_Bias=NRE strong","1-1",1.5,"LH","NRE strong",0,0.048790164169432,0.0953101798043249,0.048790164169432,0.182321556793955,0.300104592450338,0.0870532438494122,0.0882497070634817,-0.0466193900384961,TRUE,0.537212943986302,1.00116345125693,-0.140373805731963,TRUE,0.398280644098883,1.00100905856094,0.0509482872764706,TRUE,0.45366874760563,1.00249392637568,-0.299347372775109,TRUE,0.744786452655915,1.00098652070711
969,"rand=1-1_rate=1.5_ROB=LH_Bias=NRE strong","1-1",1.5,"LH","NRE strong",0,0.048790164169432,0.0953101798043249,0.048790164169432,0.182321556793955,0.300104592450338,0.0898154279602473,0.0927609975897092,-0.138329501692151,TRUE,0.579985828936756,1.00159275219399,-0.175488365068442,TRUE,0.369247871449783,1.00104829161747,-0.0239179711382664,TRUE,0.48873330697583,1.00142111230013,-0.271542638549095,TRUE,0.641710973481873,1.00098840355806
970,"rand=1-1_rate=1.5_ROB=LH_Bias=NRE strong","1-1",1.5,"LH","NRE strong",0,0.048790164169432,0.0953101798043249,0.048790164169432,0.182321556793955,0.300104592450338,0.0813417932689884,0.0836913613996606,-0.140870959054255,TRUE,0.585575227882853,1.00099212645117,-0.2311470493749,FALSE,0.459704831099773,1.00100441515229,-0.0400675366524876,TRUE,0.58528690033361,1.00098600225606,-0.406375674662661,FALSE,0.762322518318101,1.00104098241914
971,"rand=1-1_rate=1.5_ROB=LH_Bias=NRE strong","1-1",1.5,"LH","NRE strong",0,0.048790164169432,0.0953101798043249,0.048790164169432,0.182321556793955,0.300104592450338,0.0921562319144794,0.0931219872858573,-0.0672616012073772,TRUE,0.642665653832637,1.00110090577245,-0.115994091786682,TRUE,0.450461402284469,1.00098678806636,-0.0954697234209081,TRUE,0.715913331641899,1.00106440352922,-0.133875888414081,TRUE,0.736672985681089,1.00113766699234
972,"rand=1-1_rate=1.5_ROB=LH_Bias=NRE strong","1-1",1.5,"LH","NRE strong",0,0.048790164169432,0.0953101798043249,0.048790164169432,0.182321556793955,0.300104592450338,0.0837539589924497,0.0909736742164144,-0.0690947176068004,TRUE,0.580887020872559,1.00099180280045,-0.132176757258765,TRUE,0.407401116853494,1.00102326959192,0.0548289051780139,TRUE,0.500965433976496,1.00102379365594,-0.296657602890568,FALSE,0.647375799422186,1.00100107490166
973,"rand=1-1_rate=1.5_ROB=LH_Bias=NRE strong","1-1",1.5,"LH","NRE strong",0,0.048790164169432,0.0953101798043249,0.048790164169432,0.182321556793955,0.300104592450338,0.099565152398021,0.103116349134665,0.0145858154887801,TRUE,0.44844116312153,1.00106653064308,-0.208435352097275,FALSE,0.428559111432659,1.00098665359917,-0.088097307901996,TRUE,0.584001662911729,1.00099239323591,-0.298874079374832,TRUE,0.769073675589721,1.00098801957524
974,"rand=1-1_rate=1.5_ROB=LH_Bias=NRE strong","1-1",1.5,"LH","NRE strong",0,0.048790164169432,0.0953101798043249,0.048790164169432,0.182321556793955,0.300104592450338,0.0799142284189414,0.086356523114088,0.145239286290451,TRUE,0.409247084154885,1.00101846117592,-0.0817169069857826,TRUE,0.40676091088504,1.00098985226768,0.0107949077973138,TRUE,0.468993813892691,1.00128783545396,-0.156651333772996,TRUE,0.892597529090047,1.00098651109825
975,"rand=1-1_rate=1.5_ROB=LH_Bias=NRE strong","1-1",1.5,"LH","NRE strong",0,0.048790164169432,0.0953101798043249,0.048790164169432,0.182321556793955,0.300104592450338,0.0911740557257257,0.0925071798260636,-0.225932262129461,TRUE,0.510566058020178,1.00145016296116,-0.278618257003426,FALSE,0.27435480353635,1.00099041294475,-0.0738341147655639,TRUE,0.512924105729,1.00098832066258,-0.339425102733462,FALSE,0.352169252896995,1.00101588556643
976,"rand=1-1_rate=1.5_ROB=LH_Bias=NRE strong","1-1",1.5,"LH","NRE strong",0,0.048790164169432,0.0953101798043249,0.048790164169432,0.182321556793955,0.300104592450338,0.0939941171584023,0.0950021177230772,-0.187356407752444,TRUE,0.636750193808628,1.00110612406351,-0.156904414896161,TRUE,0.395047404538968,1.00098658305007,-0.213393491624653,TRUE,0.622761885728197,1.00103879012658,-0.11846393292508,TRUE,0.664061820022895,1.00098811862972
977,"rand=1-1_rate=1.5_ROB=LH_Bias=NRE strong","1-1",1.5,"LH","NRE strong",0,0.048790164169432,0.0953101798043249,0.048790164169432,0.182321556793955,0.300104592450338,0.0864907646697503,0.0875057318260895,0.135089343446495,TRUE,0.469257992658227,1.00111776484428,0.0625337037751716,TRUE,0.337934240276549,1.00101548011165,0.146672051327661,TRUE,0.43470989469794,1.00105734363748,-0.00384622556410363,TRUE,0.630627032490662,1.00098607249918
978,"rand=1-1_rate=1.5_ROB=LH_Bias=NRE strong","1-1",1.5,"LH","NRE strong",0,0.048790164169432,0.0953101798043249,0.048790164169432,0.182321556793955,0.300104592450338,0.0727629184618051,0.0765890359387514,-0.104936206087967,TRUE,0.655846956728842,1.00098705740962,-0.161981219095764,TRUE,0.470720920109332,1.001026208571,-0.0293689433889937,TRUE,0.653524659903981,1.00098995904174,-0.297422910698868,TRUE,0.799692999242559,1.0010314419819
979,"rand=1-1_rate=1.5_ROB=LH_Bias=NRE strong","1-1",1.5,"LH","NRE strong",0,0.048790164169432,0.0953101798043249,0.048790164169432,0.182321556793955,0.300104592450338,0.0908395619435359,0.091984586959295,0.0206108347100775,TRUE,0.66569159241822,1.00099267622107,-0.127772307496924,TRUE,0.530927940386783,1.00103022673582,-0.048590175571078,TRUE,0.775428368548941,1.00101407575117,-0.212702907130464,TRUE,0.944022526817767,1.0009859949283
980,"rand=1-1_rate=1.5_ROB=LH_Bias=NRE strong","1-1",1.5,"LH","NRE strong",0,0.048790164169432,0.0953101798043249,0.048790164169432,0.182321556793955,0.300104592450338,0.0861924589435826,0.0885135395264897,-0.0815517416054148,TRUE,0.608273471194971,1.00102259952791,-0.144169883444425,TRUE,0.471732337217206,1.00098932104088,-0.157715447372192,TRUE,0.515234722365653,1.00098829853924,-0.138463954012808,TRUE,1.11610462383345,1.00104920987491
981,"rand=1-1_rate=1.5_ROB=LH_Bias=NRE strong","1-1",1.5,"LH","NRE strong",0,0.048790164169432,0.0953101798043249,0.048790164169432,0.182321556793955,0.300104592450338,0.0792848361874525,0.0802898442968765,0.0379309587508466,TRUE,0.544852918055366,1.00102720080284,-0.0277938457551887,TRUE,0.427393412215083,1.00100657388597,0.00600211569098796,TRUE,0.47963559717345,1.00173695232104,-0.0515895300028868,TRUE,0.983592534368699,1.00100733823817
982,"rand=1-1_rate=1.5_ROB=LH_Bias=NRE strong","1-1",1.5,"LH","NRE strong",0,0.048790164169432,0.0953101798043249,0.048790164169432,0.182321556793955,0.300104592450338,0.0908319520486352,0.0918132135514205,-0.142355082421717,TRUE,0.593273725701768,1.00098610244496,-0.219695569247399,FALSE,0.407380896252761,1.00105522734138,-0.0961797619724467,TRUE,0.583679371726536,1.00115407709264,-0.306934498758347,FALSE,0.675966701452396,1.00098669018663
983,"rand=1-1_rate=1.5_ROB=LH_Bias=NRE strong","1-1",1.5,"LH","NRE strong",0,0.048790164169432,0.0953101798043249,0.048790164169432,0.182321556793955,0.300104592450338,0.0958169583621743,0.0965530583034284,-0.0984090453796356,TRUE,0.546502585517226,1.00112936672124,-0.197993401178505,FALSE,0.37955158826171,1.00098714531161,-0.184273955256768,TRUE,0.596061552717356,1.00143192196688,-0.206903052772768,TRUE,0.633146129766236,1.00098758018558
984,"rand=1-1_rate=1.5_ROB=LH_Bias=NRE strong","1-1",1.5,"LH","NRE strong",0,0.048790164169432,0.0953101798043249,0.048790164169432,0.182321556793955,0.300104592450338,0.0961423869427735,0.0970473378157374,-0.0905416781526682,TRUE,0.642788523384292,1.00140528283987,-0.159275853153469,TRUE,0.486806244583413,1.00099069130199,-0.146006242101847,TRUE,0.618478041021158,1.00123797794337,-0.182485867136889,TRUE,0.990467514354031,1.00100216677273
985,"rand=1-1_rate=1.5_ROB=LH_Bias=NRE strong","1-1",1.5,"LH","NRE strong",0,0.048790164169432,0.0953101798043249,0.048790164169432,0.182321556793955,0.300104592450338,0.0929580479145388,0.0934617749714774,0.00835092115494263,TRUE,0.578487353548196,1.00100567871992,-0.00123889427086166,TRUE,0.363448887353834,1.00105563069918,-0.141146220111478,TRUE,0.760393897457564,1.00110127767675,0.0820448941426586,TRUE,0.401595673284267,1.0009860792709
986,"rand=1-1_rate=1.5_ROB=LH_Bias=NRE strong","1-1",1.5,"LH","NRE strong",0,0.048790164169432,0.0953101798043249,0.048790164169432,0.182321556793955,0.300104592450338,0.0900719484858347,0.0927281184467211,-0.343820325812877,FALSE,0.693823969601812,1.00102638536407,-0.192099904162562,FALSE,0.383687536433658,1.00104747824449,-0.19764094632752,TRUE,0.625481728730227,1.00098909238304,-0.190093567192008,TRUE,0.614920009428476,1.00099437317464
987,"rand=1-1_rate=1.5_ROB=LH_Bias=NRE strong","1-1",1.5,"LH","NRE strong",0,0.048790164169432,0.0953101798043249,0.048790164169432,0.182321556793955,0.300104592450338,0.0847154204800944,0.0864905701036217,-0.0666987635750331,TRUE,0.653024504786334,1.00114425174317,-0.0899468060311481,TRUE,0.45706159802896,1.00099392683916,-0.049397112949529,TRUE,0.643873684197304,1.00103174571468,-0.124882204797543,TRUE,0.843091494931362,1.00098780619976
988,"rand=1-1_rate=1.5_ROB=LH_Bias=NRE strong","1-1",1.5,"LH","NRE strong",0,0.048790164169432,0.0953101798043249,0.048790164169432,0.182321556793955,0.300104592450338,0.0746642461455772,0.0767161972669907,-0.0155673786564683,TRUE,0.509063157372433,1.00109240406087,-0.115569352132276,TRUE,0.356907513368178,1.00101413828644,0.0356752795646104,TRUE,0.54332444407498,1.00112003848773,-0.212450618970478,TRUE,0.506761834562951,1.00103966228907
989,"rand=1-1_rate=1.5_ROB=LH_Bias=NRE strong","1-1",1.5,"LH","NRE strong",0,0.048790164169432,0.0953101798043249,0.048790164169432,0.182321556793955,0.300104592450338,0.0974019115742083,0.0995833479262383,0.0674849466855517,TRUE,0.48331772997783,1.00105862983786,0.0115476819557946,TRUE,0.342989884789019,1.00099271070487,0.0898328600798846,TRUE,0.444372046789216,1.00106779579964,-0.0505982114945014,TRUE,0.670678900040748,1.00098695076466
990,"rand=1-1_rate=1.5_ROB=LH_Bias=NRE strong","1-1",1.5,"LH","NRE strong",0,0.048790164169432,0.0953101798043249,0.048790164169432,0.182321556793955,0.300104592450338,0.0990496150889641,0.10044360406543,-0.0222602818095086,TRUE,0.55815757021759,1.00098650155153,-0.0737105780853433,TRUE,0.397369358288835,1.00098662115486,-0.00323063603059515,TRUE,0.503780457158006,1.00101502883357,-0.12433374122881,TRUE,0.833610568544719,1.00098638295829
991,"rand=1-1_rate=1.5_ROB=LH_Bias=NRE strong","1-1",1.5,"LH","NRE strong",0,0.048790164169432,0.0953101798043249,0.048790164169432,0.182321556793955,0.300104592450338,0.0744623653964548,0.0754844793201829,-0.0671890323504152,TRUE,0.435838882610161,1.00098599023387,-0.0364074620459782,TRUE,0.212591739444213,1.00098678163028,-0.0904085807307304,TRUE,0.570285324601166,1.00117416540031,-0.0233517678889199,TRUE,0.245551683472189,1.00102606895749
992,"rand=1-1_rate=1.5_ROB=LH_Bias=NRE strong","1-1",1.5,"LH","NRE strong",0,0.048790164169432,0.0953101798043249,0.048790164169432,0.182321556793955,0.300104592450338,0.0894793033011171,0.0901483192513688,0.109883958803674,TRUE,0.428717577435214,1.00098599123378,-0.0211675075260145,TRUE,0.494058711536036,1.00100048285555,0.177994411174539,TRUE,0.431316276530261,1.00113247099755,-0.318945910870223,TRUE,1.23749923303289,1.00100835312807
993,"rand=1-1_rate=1.5_ROB=LH_Bias=NRE strong","1-1",1.5,"LH","NRE strong",0,0.048790164169432,0.0953101798043249,0.048790164169432,0.182321556793955,0.300104592450338,0.0965056034104391,0.098880041525678,0.00808727844526802,TRUE,0.468485081418756,1.00100985129203,-0.149955805051323,TRUE,0.454885989922964,1.00098648532501,0.0439582583641674,TRUE,0.466765490961104,1.00115586780222,-0.354198308986147,TRUE,0.925198106782613,1.00100827460938
994,"rand=1-1_rate=1.5_ROB=LH_Bias=NRE strong","1-1",1.5,"LH","NRE strong",0,0.048790164169432,0.0953101798043249,0.048790164169432,0.182321556793955,0.300104592450338,0.0629180187223885,0.0650628804673633,-0.137254055167999,TRUE,0.556791059933889,1.00110017576884,-0.102731945587174,TRUE,0.321568936530291,1.00099817424517,-0.0105990782461989,TRUE,0.498818520470251,1.00099853305275,-0.147884536397796,TRUE,0.541839278470906,1.00104182863747
995,"rand=1-1_rate=1.5_ROB=LH_Bias=NRE strong","1-1",1.5,"LH","NRE strong",0,0.048790164169432,0.0953101798043249,0.048790164169432,0.182321556793955,0.300104592450338,0.0901524551694945,0.0906463452584001,-0.132102297705092,TRUE,0.562739352677906,1.00101429133291,-0.15092881817814,TRUE,0.343813547376988,1.00113775182591,-0.220965702998704,TRUE,0.667680780468835,1.00100378602105,-0.120353340113459,TRUE,0.487623857836015,1.00099209877473
996,"rand=1-1_rate=1.5_ROB=LH_Bias=NRE strong","1-1",1.5,"LH","NRE strong",0,0.048790164169432,0.0953101798043249,0.048790164169432,0.182321556793955,0.300104592450338,0.0764186021480311,0.0781965616396592,-0.131697351927865,TRUE,0.498273380013937,1.00098808775518,-0.148510257818531,FALSE,0.272562794113229,1.00112658703685,-0.116234315263244,TRUE,0.524528465211679,1.00258413730531,-0.160334975888141,TRUE,0.396833107645227,1.00098660659039
997,"rand=1-1_rate=1.5_ROB=LH_Bias=NRE strong","1-1",1.5,"LH","NRE strong",0,0.048790164169432,0.0953101798043249,0.048790164169432,0.182321556793955,0.300104592450338,0.0972316153571506,0.098876880636798,0.10012923740379,TRUE,0.457348295017217,1.00102148839934,-0.00591436937563827,TRUE,0.360488999203932,1.00098990971446,0.125260341575561,TRUE,0.395106647923439,1.00137088865098,-0.114284348769767,TRUE,0.767308528272557,1.00099424725994
998,"rand=1-1_rate=1.5_ROB=LH_Bias=NRE strong","1-1",1.5,"LH","NRE strong",0,0.048790164169432,0.0953101798043249,0.048790164169432,0.182321556793955,0.300104592450338,0.0926525131279302,0.0950363652229554,0.0327303902431642,TRUE,0.440236710408253,1.00154202822479,-0.117621560286776,TRUE,0.390475199744615,1.00099671693252,0.089546754095146,TRUE,0.431294840832266,1.00102367686194,-0.290128945794351,TRUE,0.709626660564419,1.00099117523459
999,"rand=1-1_rate=1.5_ROB=LH_Bias=NRE strong","1-1",1.5,"LH","NRE strong",0,0.048790164169432,0.0953101798043249,0.048790164169432,0.182321556793955,0.300104592450338,0.0840659786109019,0.0856063791161118,-0.00858102470663424,TRUE,0.587407874671856,1.00114937941826,-0.110251450991213,TRUE,0.431404882590905,1.00101975743509,-0.125248292404544,TRUE,0.611662174620285,1.00109024398292,-0.0934230664696198,TRUE,0.815569403565506,1.00106090783022
1000,"rand=1-1_rate=1.5_ROB=LH_Bias=NRE strong","1-1",1.5,"LH","NRE strong",0,0.048790164169432,0.0953101798043249,0.048790164169432,0.182321556793955,0.300104592450338,0.0815951795578048,0.0829430488565284,-0.0275276337900829,TRUE,0.45777366097822,1.00102332382373,0.0292612929232074,TRUE,0.282097195096871,1.00105461134612,0.147511303468895,TRUE,0.444217657454531,1.00103710706094,-0.0378507880635306,TRUE,0.386039679181709,1.0009917992909
