"sim","scenario","Rand","Nrct_rate","ROB_srt","bias_pattern","low_rct","unclear_rct","high_rct","low_obs","unclear_obs","high_obs","mean_true_bias","mean_abs_true_bias","bias","coverage","CIw","Rhat","bias_naive","coverage_naive","CIw_naive","R_naive","bias_rct_est","coverage_rct","CIw_rct","R_rct","bias_obs_est","coverage_obs","CIw_obs","R_rct.1"
1,"rand=1-2_rate=1.5_ROB=L_UH_Bias=No Bias","1-2",1.5,"L_UH","No Bias",0,0,0,0,0,0,-0.00393381412873439,0.0262609756982406,0.00500797731274771,TRUE,0.472695522267462,1.00110250002849,0.0227491926507611,TRUE,0.396410746414951,1.00098824993115,0.0313114811823885,TRUE,0.484535437132857,1.00103352865766,0.0104856270875965,TRUE,0.832579909670144,1.00101233468792
2,"rand=1-2_rate=1.5_ROB=L_UH_Bias=No Bias","1-2",1.5,"L_UH","No Bias",0,0,0,0,0,0,0.0066955029408669,0.0275146063220372,0.0264157122509403,TRUE,0.460767100139321,1.00099079366326,-0.0385690529110536,TRUE,0.39073786301601,1.00098860539744,0.0353896143199126,TRUE,0.417655742349288,1.00326194947574,-0.0993385774442435,TRUE,0.972143914262601,1.0010126060575
3,"rand=1-2_rate=1.5_ROB=L_UH_Bias=No Bias","1-2",1.5,"L_UH","No Bias",0,0,0,0,0,0,0.000538036920974955,0.0208802300838047,0.175701033566816,TRUE,0.411881216985841,1.00100331420443,0.142895069270795,TRUE,0.311280122679999,1.00103121625111,0.235877006209566,FALSE,0.357022234128457,1.00159119442536,0.0628598877142464,TRUE,0.627774493497207,1.00099646716904
4,"rand=1-2_rate=1.5_ROB=L_UH_Bias=No Bias","1-2",1.5,"L_UH","No Bias",0,0,0,0,0,0,-0.0147122844536936,0.0254333875892736,0.0831923038960658,TRUE,0.384025086779501,1.00098832981485,0.0117306095296946,TRUE,0.335603028688365,1.00101249317962,0.00481277195659369,TRUE,0.720072664217379,1.00100296078814,0.0102846779720547,TRUE,0.379527993981172,1.00104325046665
5,"rand=1-2_rate=1.5_ROB=L_UH_Bias=No Bias","1-2",1.5,"L_UH","No Bias",0,0,0,0,0,0,0.00782448939655385,0.0290530871566591,-0.127131348417651,TRUE,0.500851464531419,1.0010503048871,-0.0867119610726939,TRUE,0.380488512319013,1.00098599131607,-0.118652823729213,TRUE,0.498886555683539,1.00126960776426,-0.0490701914574942,TRUE,0.738989846361664,1.00105135925615
6,"rand=1-2_rate=1.5_ROB=L_UH_Bias=No Bias","1-2",1.5,"L_UH","No Bias",0,0,0,0,0,0,0.000539364408362975,0.0258973056946856,0.073861073210394,TRUE,0.465203777234234,1.00101150555674,0.0523714563898948,TRUE,0.378597516370902,1.00098848780834,0.224944508364292,FALSE,0.374456153774966,1.00119842830525,-0.139336587601504,TRUE,0.765405789794304,1.00099055946101
7,"rand=1-2_rate=1.5_ROB=L_UH_Bias=No Bias","1-2",1.5,"L_UH","No Bias",0,0,0,0,0,0,0.00897062065186774,0.0315177898916895,0.0202081103252222,TRUE,0.432057491550213,1.00099038135657,-0.0163582035111145,TRUE,0.316751461316723,1.00098599098848,0.00441483801689624,TRUE,0.51501267937786,1.00098815846984,-0.0298624190001151,TRUE,0.494863316141896,1.00099363060624
8,"rand=1-2_rate=1.5_ROB=L_UH_Bias=No Bias","1-2",1.5,"L_UH","No Bias",0,0,0,0,0,0,0.00951170624026733,0.022721290834436,0.00120514678114081,TRUE,0.459175555616963,1.00111386932446,0.0577801629589902,TRUE,0.360459081393903,1.00098781006472,-0.0227673557007719,TRUE,0.47703263427099,1.00103968365422,0.122189581697296,TRUE,0.673949995677096,1.00099396150321
9,"rand=1-2_rate=1.5_ROB=L_UH_Bias=No Bias","1-2",1.5,"L_UH","No Bias",0,0,0,0,0,0,0.00267228803905586,0.0345680668946046,-0.0888105083551864,TRUE,0.56852222738745,1.00102171060344,-0.141833761555275,TRUE,0.48406373942241,1.00099167038649,0.0218339272586415,TRUE,0.504739688466543,1.00099278539059,-0.3175056957321,TRUE,1.0304988054071,1.00101857840039
10,"rand=1-2_rate=1.5_ROB=L_UH_Bias=No Bias","1-2",1.5,"L_UH","No Bias",0,0,0,0,0,0,-0.00974248538737589,0.0196546029290537,0.0947236606431935,TRUE,0.443990325784524,1.00100060475188,0.076061319021043,TRUE,0.33201037035927,1.00116307380048,0.149001347270223,TRUE,0.39538743331311,1.00127754810744,0.0212236903557561,TRUE,0.681070221028716,1.00101643184591
11,"rand=1-2_rate=1.5_ROB=L_UH_Bias=No Bias","1-2",1.5,"L_UH","No Bias",0,0,0,0,0,0,0.0043539569705031,0.0258550534444257,0.0885583586522067,TRUE,0.512497255645561,1.00103076550374,0.0817223034228518,TRUE,0.420019157343372,1.0010488375538,0.134400866717739,TRUE,0.683603737219541,1.0009860362241,0.0245620249033427,TRUE,0.623891319708701,1.00102705647778
12,"rand=1-2_rate=1.5_ROB=L_UH_Bias=No Bias","1-2",1.5,"L_UH","No Bias",0,0,0,0,0,0,0.0243908465218185,0.0354951913323044,0.105940174579993,TRUE,0.502171428519247,1.0012499958455,0.0191758759435854,TRUE,0.425937709674256,1.0010774510952,0.24649062902983,FALSE,0.323623251995627,1.00119914673225,-0.318378862408833,TRUE,1.00738942042451,1.00105166548884
13,"rand=1-2_rate=1.5_ROB=L_UH_Bias=No Bias","1-2",1.5,"L_UH","No Bias",0,0,0,0,0,0,-0.00695787065413679,0.0234146429382939,0.0577699679309128,TRUE,0.431649317168143,1.00098677450841,0.0705266805800638,TRUE,0.298371075999215,1.0009872272557,0.0857299063846004,TRUE,0.42361161496843,1.00131653315458,0.0575176083205163,TRUE,0.547251917789731,1.00098628765701
14,"rand=1-2_rate=1.5_ROB=L_UH_Bias=No Bias","1-2",1.5,"L_UH","No Bias",0,0,0,0,0,0,0.00235003700924144,0.0287262183580093,0.0170410742897736,TRUE,0.489478775418734,1.00125454457001,0.00570663467184462,TRUE,0.344988908718518,1.00102268843216,-0.0169857223310672,TRUE,0.561520458947486,1.00099231612246,0.0238154268978986,TRUE,0.554031162686623,1.00099229140761
15,"rand=1-2_rate=1.5_ROB=L_UH_Bias=No Bias","1-2",1.5,"L_UH","No Bias",0,0,0,0,0,0,-0.000393097942353757,0.0198147838123932,0.0835848691892542,TRUE,0.348433101851629,1.00099846748546,0.123834239083573,FALSE,0.177955957797735,1.00124509802004,-0.043891019570347,TRUE,0.427421651061594,1.00122921489982,0.16097388711329,FALSE,0.202163169069565,1.00108925128455
16,"rand=1-2_rate=1.5_ROB=L_UH_Bias=No Bias","1-2",1.5,"L_UH","No Bias",0,0,0,0,0,0,0.000417617766872416,0.0268028478469626,-0.0505384485587084,TRUE,0.448234088900937,1.0009938438263,0.0309517591400181,TRUE,0.328970646620002,1.00098887119147,0.0380158401106352,TRUE,0.465615477459224,1.00154394039166,0.0303901270728771,TRUE,0.608542280415923,1.00098656415711
17,"rand=1-2_rate=1.5_ROB=L_UH_Bias=No Bias","1-2",1.5,"L_UH","No Bias",0,0,0,0,0,0,-0.0068549268373774,0.03379726625915,-0.00968031204809705,TRUE,0.618992318897378,1.0009938403114,-0.0598987935827351,TRUE,0.504060205119062,1.00100829327125,0.07550068286584,TRUE,0.640458141363541,1.00101543540967,-0.233573924349745,TRUE,0.991790505882497,1.0010103426428
18,"rand=1-2_rate=1.5_ROB=L_UH_Bias=No Bias","1-2",1.5,"L_UH","No Bias",0,0,0,0,0,0,-0.00913188541807021,0.028394032867099,-0.0268790543268489,TRUE,0.50267018547387,1.00137241560335,0.0847949294966227,TRUE,0.359137579064792,1.00099895743707,-0.0182270108730316,TRUE,0.524768935635679,1.00175943288354,0.157978081683391,TRUE,0.585906048996946,1.00098728585422
19,"rand=1-2_rate=1.5_ROB=L_UH_Bias=No Bias","1-2",1.5,"L_UH","No Bias",0,0,0,0,0,0,0.0223270991120773,0.0295434652653979,-0.161999201694438,TRUE,0.497910872243543,1.00113097926038,-0.221420107919929,FALSE,0.348809144789592,1.00115596834933,-0.0797371306632944,TRUE,0.557807129326301,1.00099092224097,-0.297563277100954,FALSE,0.478426111445771,1.00102609365715
20,"rand=1-2_rate=1.5_ROB=L_UH_Bias=No Bias","1-2",1.5,"L_UH","No Bias",0,0,0,0,0,0,-0.00667911700007274,0.0259466039490788,0.0197179794787957,TRUE,0.408233150771978,1.00109108803853,0.0859372826274282,TRUE,0.26755025342936,1.001080597448,-0.0115467221350578,TRUE,0.445935258281818,1.00098599002316,0.13673550521512,TRUE,0.425405918339564,1.00098618998318
21,"rand=1-2_rate=1.5_ROB=L_UH_Bias=No Bias","1-2",1.5,"L_UH","No Bias",0,0,0,0,0,0,-0.00877898647982247,0.0298837679507742,-0.00970796729811396,TRUE,0.446558752294902,1.00103305527023,-0.0629521399445532,TRUE,0.307156599895087,1.00100050685688,0.0610518598991481,TRUE,0.489912651380776,1.00098622029519,-0.121359140643549,TRUE,0.451912274794323,1.00098691761848
22,"rand=1-2_rate=1.5_ROB=L_UH_Bias=No Bias","1-2",1.5,"L_UH","No Bias",0,0,0,0,0,0,-0.00838331573392809,0.0267078258691486,0.00172455227457879,TRUE,0.501411485272008,1.0011211881497,-0.0400467985494466,TRUE,0.373769326481064,1.0010836001083,-0.0548571110243139,TRUE,0.699112092965315,1.00098704363401,-0.0292940331104521,TRUE,0.526059265432385,1.00099233146808
23,"rand=1-2_rate=1.5_ROB=L_UH_Bias=No Bias","1-2",1.5,"L_UH","No Bias",0,0,0,0,0,0,0.0125270056165029,0.0329928721213354,0.0645577152199024,TRUE,0.449610173852488,1.00110426585475,0.05158123032721,TRUE,0.302619127639767,1.0009957099515,-0.038649938162016,TRUE,0.445352104639062,1.00131694861726,0.103696948915416,TRUE,0.51532728435304,1.00098813719981
24,"rand=1-2_rate=1.5_ROB=L_UH_Bias=No Bias","1-2",1.5,"L_UH","No Bias",0,0,0,0,0,0,0.00508881665373341,0.0247023114791564,0.0661744150362353,TRUE,0.442850838157563,1.00100235613313,0.100799946390318,TRUE,0.326267793795952,1.00098677331698,0.172184361545698,TRUE,0.397137430353048,1.00124342560909,0.0261254331398241,TRUE,0.654245343554843,1.00100515319722
25,"rand=1-2_rate=1.5_ROB=L_UH_Bias=No Bias","1-2",1.5,"L_UH","No Bias",0,0,0,0,0,0,0.0084203002867556,0.0188406789883674,0.132532785224119,TRUE,0.386481954821013,1.00110423227303,0.057979179913522,TRUE,0.280545653323218,1.00098750259503,0.224199082853916,FALSE,0.369762714826915,1.00099356159888,-0.0424726460870193,TRUE,0.402801847464252,1.00099384536911
26,"rand=1-2_rate=1.5_ROB=L_UH_Bias=No Bias","1-2",1.5,"L_UH","No Bias",0,0,0,0,0,0,0.0214553880866033,0.0338627885751242,-0.0936585438691881,TRUE,0.573551779820366,1.00235700498678,-0.17376938970212,TRUE,0.398978952556035,1.00102097327165,0.115403221179314,TRUE,0.398300790795651,1.00118681433702,-0.400878963337947,FALSE,0.549318055619033,1.00101743680066
27,"rand=1-2_rate=1.5_ROB=L_UH_Bias=No Bias","1-2",1.5,"L_UH","No Bias",0,0,0,0,0,0,-0.00731277200663346,0.0203660599068463,0.0773360886290745,TRUE,0.445585063667455,1.00098821715249,0.0663040097469542,TRUE,0.321320616440016,1.00107450222817,0.0341024429466952,TRUE,0.46425497102865,1.00104175462549,0.0929726356233546,TRUE,0.572730367517852,1.00098987296957
28,"rand=1-2_rate=1.5_ROB=L_UH_Bias=No Bias","1-2",1.5,"L_UH","No Bias",0,0,0,0,0,0,-0.0128753050490216,0.0249234849890501,-0.0241763583481511,TRUE,0.545339463670597,1.00115119031406,-0.0494065047536429,TRUE,0.409569935429524,1.00099692126294,0.0370119855820276,TRUE,0.540794572372519,1.00098741446926,-0.128567270637035,TRUE,0.768267688133467,1.00098817575434
29,"rand=1-2_rate=1.5_ROB=L_UH_Bias=No Bias","1-2",1.5,"L_UH","No Bias",0,0,0,0,0,0,-0.00369300358936502,0.0278552863710471,0.054324121928607,TRUE,0.373855088332767,1.00098629287668,0.0809129635019897,TRUE,0.317092570993609,1.00103054173325,0.0410656995508665,TRUE,0.430305937353804,1.00144617006742,0.115427126489182,TRUE,0.600312204827833,1.00100917120555
30,"rand=1-2_rate=1.5_ROB=L_UH_Bias=No Bias","1-2",1.5,"L_UH","No Bias",0,0,0,0,0,0,-0.0029535066868787,0.0172824728779513,0.0691592012959785,TRUE,0.429894204883206,1.00110530303265,0.075760662093458,TRUE,0.273836603312082,1.00098602096768,0.111416100875101,TRUE,0.4565520152134,1.0010237275616,0.0560803644856995,TRUE,0.437739876083658,1.00101705825981
31,"rand=1-2_rate=1.5_ROB=L_UH_Bias=No Bias","1-2",1.5,"L_UH","No Bias",0,0,0,0,0,0,0.0056033272579191,0.0255901453707784,0.0925131763504538,TRUE,0.382666238761763,1.00195694223235,0.0309831872351253,TRUE,0.284243489943839,1.00101432047863,0.11991381945136,TRUE,0.356776419343338,1.00104633203893,-0.0296913085240165,TRUE,0.575587365875821,1.0010191489988
32,"rand=1-2_rate=1.5_ROB=L_UH_Bias=No Bias","1-2",1.5,"L_UH","No Bias",0,0,0,0,0,0,0.00102134837940982,0.0336289230084891,-0.025151832618082,TRUE,0.517016325266767,1.00104838125726,-0.0889233414558486,TRUE,0.39427291117365,1.00108796445602,0.0633360634329664,TRUE,0.463635400539481,1.00103973699698,-0.218082966566638,TRUE,0.761110230636767,1.00098838024837
33,"rand=1-2_rate=1.5_ROB=L_UH_Bias=No Bias","1-2",1.5,"L_UH","No Bias",0,0,0,0,0,0,-0.000156121959257991,0.0292769682084547,-0.0563561750424202,TRUE,0.49115668605018,1.00108135059166,-0.0731244456405831,TRUE,0.367899642253319,1.00105351321456,-0.124707577086913,TRUE,0.506281108617529,1.00101120648443,-0.0331245282164943,TRUE,0.68010978536184,1.0010068833368
34,"rand=1-2_rate=1.5_ROB=L_UH_Bias=No Bias","1-2",1.5,"L_UH","No Bias",0,0,0,0,0,0,0.00427623575272656,0.0198069084748166,-0.0278725560713409,TRUE,0.452521231188913,1.00099048959926,-0.0601129586298479,TRUE,0.335472386936556,1.00101257586713,0.0121496865191884,TRUE,0.502692724320536,1.00138103151814,-0.10935493174774,TRUE,0.573180082417846,1.00100711675095
35,"rand=1-2_rate=1.5_ROB=L_UH_Bias=No Bias","1-2",1.5,"L_UH","No Bias",0,0,0,0,0,0,-0.0162297306409562,0.0250867493253332,0.117916643874348,TRUE,0.390918104395421,1.00099842911781,0.109947017760498,TRUE,0.262066549816424,1.00103353678604,0.170563985603351,TRUE,0.356554828779953,1.00098603617682,0.070483960341773,TRUE,0.530665946584556,1.00099061273689
36,"rand=1-2_rate=1.5_ROB=L_UH_Bias=No Bias","1-2",1.5,"L_UH","No Bias",0,0,0,0,0,0,0.00449380154681205,0.0361512768604705,0.0586456195274798,TRUE,0.433321900753173,1.00100136764702,0.0439468945258438,TRUE,0.335489690114617,1.00099671361922,0.00562943577276043,TRUE,0.458586296536456,1.001382601155,0.0776530133953571,TRUE,0.619006856805155,1.00098941475978
37,"rand=1-2_rate=1.5_ROB=L_UH_Bias=No Bias","1-2",1.5,"L_UH","No Bias",0,0,0,0,0,0,-0.00933668061116644,0.0233801175149818,0.00735120958827284,TRUE,0.355496201170303,1.001239733817,-0.0512786540393984,TRUE,0.235077300961535,1.00105590141034,-0.0438625798701631,TRUE,0.445337969594845,1.00219065673631,-0.0554918118313814,TRUE,0.37914775525388,1.00102793113163
38,"rand=1-2_rate=1.5_ROB=L_UH_Bias=No Bias","1-2",1.5,"L_UH","No Bias",0,0,0,0,0,0,-0.00962798072672711,0.016647365690331,-0.16337242292229,TRUE,0.616305849306731,1.0010000722892,-0.126493825712234,TRUE,0.456380480873797,1.00099405599659,-0.193958350356263,TRUE,0.760359261202458,1.00099893742522,-0.067193833614337,TRUE,0.691422500532223,1.000989244402
39,"rand=1-2_rate=1.5_ROB=L_UH_Bias=No Bias","1-2",1.5,"L_UH","No Bias",0,0,0,0,0,0,-0.00101321184279512,0.0242006416859,0.108381382616319,TRUE,0.445327007058232,1.0009860205242,0.104837123590401,TRUE,0.357776780517599,1.00099943585458,0.031557198116559,TRUE,0.431263757765394,1.00098606640084,0.167168487699953,TRUE,0.737423070996097,1.00101303081165
40,"rand=1-2_rate=1.5_ROB=L_UH_Bias=No Bias","1-2",1.5,"L_UH","No Bias",0,0,0,0,0,0,0.00343326100893432,0.0274817688435639,-0.0968118439116736,TRUE,0.49095529221197,1.00107430254698,-0.0600854151515362,TRUE,0.382042768628513,1.00099711271179,-0.307301380586831,FALSE,0.63228378444456,1.00136885312689,0.0910388374426325,TRUE,0.484595793722361,1.00099045136847
41,"rand=1-2_rate=1.5_ROB=L_UH_Bias=No Bias","1-2",1.5,"L_UH","No Bias",0,0,0,0,0,0,-0.000976777231624673,0.0174711237179632,0.0390865606278927,TRUE,0.413382264153625,1.00136219112515,-0.00744029037380267,TRUE,0.268604587656696,1.00098667723507,0.061733177807288,TRUE,0.509711376630879,1.00121755895542,-0.0403767192127729,TRUE,0.357905800948521,1.00098599015289
42,"rand=1-2_rate=1.5_ROB=L_UH_Bias=No Bias","1-2",1.5,"L_UH","No Bias",0,0,0,0,0,0,-0.0108705506961366,0.0310273724151258,0.0631837755694267,TRUE,0.407444433570487,1.00098711320105,0.0541826406059372,TRUE,0.272150389650421,1.00113051611656,-0.0111739581367931,TRUE,0.473954998795096,1.00116941905602,0.087942577429629,TRUE,0.402993921044247,1.00098799849767
43,"rand=1-2_rate=1.5_ROB=L_UH_Bias=No Bias","1-2",1.5,"L_UH","No Bias",0,0,0,0,0,0,-0.000600724996894991,0.0321198866879943,-0.245354025321835,TRUE,0.588351971669969,1.00098960817044,-0.229335833693965,FALSE,0.427877756980082,1.00099449383139,-0.259523988355804,TRUE,0.600278620256395,1.00101428194409,-0.207802680736052,TRUE,0.778161074376336,1.00098959943995
44,"rand=1-2_rate=1.5_ROB=L_UH_Bias=No Bias","1-2",1.5,"L_UH","No Bias",0,0,0,0,0,0,-0.00803443426447505,0.0164635242508427,-0.04642370310601,TRUE,0.556749506239082,1.00100600217364,0.0516306016406232,TRUE,0.412694739206142,1.00099532895288,-0.128458094136454,TRUE,0.60101976092595,1.00110105791542,0.195691041963809,TRUE,0.635579318421011,1.0009894565326
45,"rand=1-2_rate=1.5_ROB=L_UH_Bias=No Bias","1-2",1.5,"L_UH","No Bias",0,0,0,0,0,0,0.00311753369465439,0.0228518041161993,0.00697472001132771,TRUE,0.463938062561646,1.00157357883937,-0.0351859365408631,TRUE,0.321365746129548,1.00099743956202,0.0778722079898653,TRUE,0.492257139226842,1.00103196201719,-0.108960042436836,TRUE,0.481479792211682,1.00099424061207
46,"rand=1-2_rate=1.5_ROB=L_UH_Bias=No Bias","1-2",1.5,"L_UH","No Bias",0,0,0,0,0,0,0.00870923590335133,0.0243734180813792,-0.187919390019743,TRUE,0.571151634130371,1.00100325523451,-0.141028818220982,TRUE,0.383053361881051,1.00108929705343,-0.053939580232389,TRUE,0.62475963974693,1.00109161368282,-0.199667592257524,TRUE,0.55598262491264,1.00101637776751
47,"rand=1-2_rate=1.5_ROB=L_UH_Bias=No Bias","1-2",1.5,"L_UH","No Bias",0,0,0,0,0,0,-7.28827358260399e-06,0.0247366804457332,0.00672493593675361,TRUE,0.396039900358865,1.00098655979856,0.0217336689250514,TRUE,0.239557200947724,1.00098677463818,0.0306946541312028,TRUE,0.41112805344748,1.00155945650486,0.0185864420527497,TRUE,0.38636095271489,1.00098849533909
48,"rand=1-2_rate=1.5_ROB=L_UH_Bias=No Bias","1-2",1.5,"L_UH","No Bias",0,0,0,0,0,0,0.0121551968721694,0.0233236161190723,0.0223638627810067,TRUE,0.402256094703483,1.00107796922007,0.0354765768580083,TRUE,0.275576594265743,1.00101364945,0.0432770425947178,TRUE,0.45520291911831,1.00109838004225,0.0325860646948058,TRUE,0.443510387452001,1.00099277181945
49,"rand=1-2_rate=1.5_ROB=L_UH_Bias=No Bias","1-2",1.5,"L_UH","No Bias",0,0,0,0,0,0,-0.00850971020179638,0.0246744231954076,0.109078412383082,TRUE,0.370648606801815,1.00113463247589,0.159780369213956,TRUE,0.283687303626559,1.00107730308184,-0.0192235387537165,TRUE,0.479328777681432,1.00169837391783,0.254277228610897,FALSE,0.372672032677468,1.00098740852608
50,"rand=1-2_rate=1.5_ROB=L_UH_Bias=No Bias","1-2",1.5,"L_UH","No Bias",0,0,0,0,0,0,0.000706894665777058,0.0230954343572864,-0.0042955299151437,TRUE,0.395472790539663,1.00111252201006,0.0169203300418928,TRUE,0.213184746198259,1.00132039636509,-0.0662171132655749,TRUE,0.604575276927009,1.00131175036412,0.0375360749265455,TRUE,0.224376689165815,1.0012603505971
51,"rand=1-2_rate=1.5_ROB=L_UH_Bias=No Bias","1-2",1.5,"L_UH","No Bias",0,0,0,0,0,0,0.00676546641445258,0.018061636764631,0.0556675318514208,TRUE,0.501017288937859,1.00113442724537,0.0756927445085334,TRUE,0.37624016521818,1.00099198419512,0.0327156117911638,TRUE,0.553358971308696,1.0010245963839,0.11024989844819,TRUE,0.665296658093743,1.00099113019317
52,"rand=1-2_rate=1.5_ROB=L_UH_Bias=No Bias","1-2",1.5,"L_UH","No Bias",0,0,0,0,0,0,-0.00216026724730559,0.0178081749196515,-0.0168981691079804,TRUE,0.407131141810881,1.00099375981543,-0.0215613192194863,TRUE,0.311425543829443,1.00107410472714,-0.0653099287487668,TRUE,0.572799411483594,1.00166896940458,0.0038001987809223,TRUE,0.447580613685454,1.00100752483275
53,"rand=1-2_rate=1.5_ROB=L_UH_Bias=No Bias","1-2",1.5,"L_UH","No Bias",0,0,0,0,0,0,-0.00924298276789206,0.01998030595794,0.0519344764545198,TRUE,0.437186151434573,1.00114592393606,0.108826282291881,TRUE,0.330110787908708,1.00100208179162,0.0575923151559549,TRUE,0.427291934891801,1.00131449254438,0.151154631118701,TRUE,0.643524452060187,1.00099600387682
54,"rand=1-2_rate=1.5_ROB=L_UH_Bias=No Bias","1-2",1.5,"L_UH","No Bias",0,0,0,0,0,0,0.00680758516538313,0.0254792581643862,-0.055193728153619,TRUE,0.541275494652139,1.00100323661505,-0.0811691347313173,TRUE,0.40997053349287,1.00098794242567,0.0215962604459656,TRUE,0.62131989056373,1.00100329388624,-0.168417677051092,TRUE,0.643271446352741,1.00102454489311
55,"rand=1-2_rate=1.5_ROB=L_UH_Bias=No Bias","1-2",1.5,"L_UH","No Bias",0,0,0,0,0,0,0.00790657621342047,0.0200661697303057,0.0302477772464383,TRUE,0.400226675060173,1.00113888693563,-0.0342856474527198,TRUE,0.280226960206677,1.00098653540137,0.0581071837967969,TRUE,0.415618371326597,1.00098867770532,-0.0776456533235197,TRUE,0.481549596659725,1.00098675086614
56,"rand=1-2_rate=1.5_ROB=L_UH_Bias=No Bias","1-2",1.5,"L_UH","No Bias",0,0,0,0,0,0,0.00159738326864259,0.0209502245361275,0.0337403191023571,TRUE,0.416829588205778,1.00098644210863,0.0658103590423987,TRUE,0.259533943660698,1.00099407651678,-0.0512804428800997,TRUE,0.445817358221954,1.00123555345459,0.124518625348279,TRUE,0.393552364489389,1.00104916266406
57,"rand=1-2_rate=1.5_ROB=L_UH_Bias=No Bias","1-2",1.5,"L_UH","No Bias",0,0,0,0,0,0,0.00604052776789297,0.0154685304515274,0.133524363007898,TRUE,0.448912610031324,1.0010465105841,0.124852904020246,TRUE,0.317606930184918,1.00100310594074,0.0517833871052379,TRUE,0.551323436123807,1.00136578393902,0.175231297188334,TRUE,0.465315980028004,1.00101557327672
58,"rand=1-2_rate=1.5_ROB=L_UH_Bias=No Bias","1-2",1.5,"L_UH","No Bias",0,0,0,0,0,0,-0.000893330495054623,0.0294231177647835,-0.0766420774980974,TRUE,0.430556445640494,1.00101474144905,-0.103451418029267,TRUE,0.30477784835308,1.00103315884596,-0.183469133037112,TRUE,0.650633960621322,1.0009860442822,-0.0707313810379415,TRUE,0.379154057226295,1.00102183346973
59,"rand=1-2_rate=1.5_ROB=L_UH_Bias=No Bias","1-2",1.5,"L_UH","No Bias",0,0,0,0,0,0,-0.00158649259759537,0.0394773665010451,-0.0424495409429746,TRUE,0.51162025475093,1.00101954316821,-0.0448427594759375,TRUE,0.347047276440403,1.00099730360386,-0.138266117700948,TRUE,0.622500133570026,1.00111900369803,0.00898758882368678,TRUE,0.480190064947575,1.00098978129108
60,"rand=1-2_rate=1.5_ROB=L_UH_Bias=No Bias","1-2",1.5,"L_UH","No Bias",0,0,0,0,0,0,0.0119781042235195,0.0268220513867535,-0.00876664105855052,TRUE,0.39182665223342,1.00098761384607,0.0161180645962875,TRUE,0.206039790700908,1.00114949255489,-0.0532588219160932,TRUE,0.458393084999456,1.00103293265982,0.0343296392300956,TRUE,0.271745824570277,1.00101857655158
61,"rand=1-2_rate=1.5_ROB=L_UH_Bias=No Bias","1-2",1.5,"L_UH","No Bias",0,0,0,0,0,0,-0.00143282073115558,0.0180260695156835,0.107217063839154,TRUE,0.557022240091223,1.00101673319191,0.118913200238476,TRUE,0.417280896397045,1.00100468944481,-0.0637825679633559,TRUE,0.633248974517956,1.00104977587491,0.281509499259818,TRUE,0.611006544351954,1.00099403376798
62,"rand=1-2_rate=1.5_ROB=L_UH_Bias=No Bias","1-2",1.5,"L_UH","No Bias",0,0,0,0,0,0,0.0111674840732711,0.0198425612924894,0.000606016365278905,TRUE,0.469200936984311,1.00125270407772,0.0979357461447421,TRUE,0.321417793337627,1.00100368962344,-0.0727901184666107,TRUE,0.46729448013091,1.00117155426988,0.213408350449707,TRUE,0.50414004987254,1.00098706768053
63,"rand=1-2_rate=1.5_ROB=L_UH_Bias=No Bias","1-2",1.5,"L_UH","No Bias",0,0,0,0,0,0,-0.00699479292011756,0.0246441050944948,0.067070057369337,TRUE,0.434152570134417,1.00109897079545,0.0952417406978893,TRUE,0.313880792812297,1.00098803491212,0.110865225799673,TRUE,0.432178995888201,1.00115832018447,0.079197949784607,TRUE,0.59140820058659,1.00112221245631
64,"rand=1-2_rate=1.5_ROB=L_UH_Bias=No Bias","1-2",1.5,"L_UH","No Bias",0,0,0,0,0,0,-0.00342327867572041,0.0247629963665425,-0.0796891891887872,TRUE,0.480829934058306,1.00115861976399,-0.0402358840026329,TRUE,0.305898918957642,1.00108682268435,0.10285436263724,TRUE,0.429767324179903,1.00098760908317,-0.112960156753792,TRUE,0.509364729330769,1.00098599760865
65,"rand=1-2_rate=1.5_ROB=L_UH_Bias=No Bias","1-2",1.5,"L_UH","No Bias",0,0,0,0,0,0,-0.00292252562845863,0.0234024452271556,-0.0831028715367732,TRUE,0.442810093744938,1.00098876971668,-0.114707823827422,TRUE,0.283495768027079,1.00099180032245,-0.15030053363892,TRUE,0.520813096652877,1.00161675314939,-0.100178967006981,TRUE,0.430549680243359,1.00099654860726
66,"rand=1-2_rate=1.5_ROB=L_UH_Bias=No Bias","1-2",1.5,"L_UH","No Bias",0,0,0,0,0,0,0.00855023068918406,0.0199007689060861,-0.0207428624233874,TRUE,0.416663474667751,1.00121237228336,0.0268598623288445,TRUE,0.25250211470335,1.00105323174094,-0.0478557400932889,TRUE,0.448099842056666,1.00102418343565,0.0593652408779619,TRUE,0.401094753607818,1.00100057514208
67,"rand=1-2_rate=1.5_ROB=L_UH_Bias=No Bias","1-2",1.5,"L_UH","No Bias",0,0,0,0,0,0,0.00592442791192643,0.0206133171775502,0.0208251104144834,TRUE,0.364519729039273,1.00098977667205,0.0184973785359261,TRUE,0.205210951308874,1.00100166562634,0.0916419865434608,TRUE,0.407622293173054,1.00098848403374,-0.00448673721110815,TRUE,0.278480139863077,1.00100017538819
68,"rand=1-2_rate=1.5_ROB=L_UH_Bias=No Bias","1-2",1.5,"L_UH","No Bias",0,0,0,0,0,0,0.012481823725836,0.0311975081020871,-0.146288433585526,TRUE,0.518260550215603,1.00109814172945,-0.0660254608935267,TRUE,0.387391959499731,1.00098665546557,-0.184312665523032,TRUE,0.513969698122292,1.00134563253295,0.0221082270429941,TRUE,0.734635421819769,1.00098694110202
69,"rand=1-2_rate=1.5_ROB=L_UH_Bias=No Bias","1-2",1.5,"L_UH","No Bias",0,0,0,0,0,0,0.000828600894494532,0.0187722148654049,-0.0024302233545761,TRUE,0.491843352723702,1.00126831408026,-0.0602906794438935,TRUE,0.38494415427898,1.00099004371909,-0.0770263466406726,TRUE,0.498823227893566,1.00149878292893,-0.043576563266015,TRUE,0.733865414831373,1.00098754758269
70,"rand=1-2_rate=1.5_ROB=L_UH_Bias=No Bias","1-2",1.5,"L_UH","No Bias",0,0,0,0,0,0,0.00328530154204409,0.0273970732673329,0.0326271951674837,TRUE,0.393677093711829,1.00098979786704,0.0207707046399519,TRUE,0.225059042115505,1.00112400959805,0.184064088339153,TRUE,0.402456340327041,1.00101941974693,-0.0291979752322178,TRUE,0.250837223836854,1.00098725969774
71,"rand=1-2_rate=1.5_ROB=L_UH_Bias=No Bias","1-2",1.5,"L_UH","No Bias",0,0,0,0,0,0,-0.00720116940939498,0.0207374122573146,0.00773576646571661,TRUE,0.464746468496209,1.00105120939809,0.0224727161159916,TRUE,0.324707788599609,1.00100066827817,-0.00841001968527655,TRUE,0.444865766175661,1.00144400692247,0.0430844626998385,TRUE,0.637080392866696,1.00098716971859
72,"rand=1-2_rate=1.5_ROB=L_UH_Bias=No Bias","1-2",1.5,"L_UH","No Bias",0,0,0,0,0,0,0.00497661398721172,0.0305158992297385,-0.0425660963380929,TRUE,0.489150654591162,1.00105925852125,-0.000177738227047586,TRUE,0.303758124378213,1.00098818297041,-0.108735344752988,TRUE,0.594824501580616,1.00099680190452,0.0462367572373847,TRUE,0.403213154314551,1.00104072386447
73,"rand=1-2_rate=1.5_ROB=L_UH_Bias=No Bias","1-2",1.5,"L_UH","No Bias",0,0,0,0,0,0,-0.0196278904227218,0.0307307640688422,-0.211745172366867,TRUE,0.655134882952712,1.00099735149433,-0.123048527873694,TRUE,0.472843039307808,1.00098617368736,-0.344566690702692,FALSE,0.739270105380634,1.00099256473145,0.0542403574728835,TRUE,0.642779977657799,1.00102085133089
74,"rand=1-2_rate=1.5_ROB=L_UH_Bias=No Bias","1-2",1.5,"L_UH","No Bias",0,0,0,0,0,0,-0.00220634723069759,0.0203200485974727,0.0558994084921195,TRUE,0.452656359020429,1.00106651428978,0.0324053320535496,TRUE,0.315297031720078,1.00099226794894,-0.128146620430511,TRUE,0.482948299366985,1.00102561093563,0.127347028037143,TRUE,0.491492364025483,1.00098827213936
75,"rand=1-2_rate=1.5_ROB=L_UH_Bias=No Bias","1-2",1.5,"L_UH","No Bias",0,0,0,0,0,0,0.00824103404576418,0.0270131005367212,-0.0413385930587069,TRUE,0.476240945186919,1.00103922258904,0.046379640303866,TRUE,0.318870954741497,1.00098922222287,0.0446233431867686,TRUE,0.477087059610227,1.00141601480698,0.0452222971262005,TRUE,0.556913477521671,1.00102356606177
76,"rand=1-2_rate=1.5_ROB=L_UH_Bias=No Bias","1-2",1.5,"L_UH","No Bias",0,0,0,0,0,0,-0.00399133135774261,0.0256827343814152,-0.0877463616062051,TRUE,0.497366881130112,1.00130516905504,-0.0909686715858389,TRUE,0.34977169179259,1.00098723103454,-0.0446248261261166,TRUE,0.435280236294259,1.00193310286747,-0.130079595331887,TRUE,0.735327777000408,1.00098641286317
77,"rand=1-2_rate=1.5_ROB=L_UH_Bias=No Bias","1-2",1.5,"L_UH","No Bias",0,0,0,0,0,0,-0.00510259414789562,0.0304489956733648,0.0213604098388093,TRUE,0.468428798515585,1.00117643650984,0.0458740561473263,TRUE,0.32094349043694,1.00098611476622,-0.0515530608199732,TRUE,0.48588657595592,1.00104152302652,0.112653125468955,TRUE,0.537175157060756,1.00100941792356
78,"rand=1-2_rate=1.5_ROB=L_UH_Bias=No Bias","1-2",1.5,"L_UH","No Bias",0,0,0,0,0,0,-0.0157579417567925,0.0259531688733322,-0.033731214414795,TRUE,0.511864320602308,1.00142040656194,0.0329600763218809,TRUE,0.348222797183949,1.00102402797343,-0.129299865319815,TRUE,0.543769400602028,1.00138131950715,0.137939506869433,TRUE,0.518507864520892,1.00101229599553
79,"rand=1-2_rate=1.5_ROB=L_UH_Bias=No Bias","1-2",1.5,"L_UH","No Bias",0,0,0,0,0,0,0.00776811570937475,0.0288492506681159,-0.0190059081931144,TRUE,0.495738181156364,1.0011512274699,-0.00766584820195315,TRUE,0.341141763685504,1.00102220708792,0.0328038140772194,TRUE,0.587351418743935,1.001031806255,-0.0394051639257706,TRUE,0.502801882790157,1.00100288052259
80,"rand=1-2_rate=1.5_ROB=L_UH_Bias=No Bias","1-2",1.5,"L_UH","No Bias",0,0,0,0,0,0,0.0048575462829129,0.0213562252269679,0.000249801517724135,TRUE,0.439880171573992,1.00103672267301,0.0797365018413265,TRUE,0.302890762605687,1.00114522667872,-0.012109388539721,TRUE,0.455598857157268,1.00107954861257,0.138703536065429,TRUE,0.505806741016008,1.00108427206972
81,"rand=1-2_rate=1.5_ROB=L_UH_Bias=No Bias","1-2",1.5,"L_UH","No Bias",0,0,0,0,0,0,0.00615584624055466,0.0274592348094566,-0.0326093416724698,TRUE,0.527751334848968,1.00098983538377,-0.00903929546371884,TRUE,0.36144637399333,1.00098654020143,0.146285190758091,TRUE,0.469166304285483,1.00114251659556,-0.152216372030647,TRUE,0.585200065773894,1.00098944912683
82,"rand=1-2_rate=1.5_ROB=L_UH_Bias=No Bias","1-2",1.5,"L_UH","No Bias",0,0,0,0,0,0,-0.000595055663648273,0.0220555135491153,-0.0247265814358755,TRUE,0.478552757380553,1.00133573517529,0.00726597640566129,TRUE,0.357918614724143,1.00098612418665,0.00369508875974756,TRUE,0.426120306886892,1.0014803078257,0.0174488074335428,TRUE,0.779075999603139,1.00098609837158
83,"rand=1-2_rate=1.5_ROB=L_UH_Bias=No Bias","1-2",1.5,"L_UH","No Bias",0,0,0,0,0,0,0.00698863316776431,0.027712722486553,0.0796666830374743,TRUE,0.430798760803507,1.00104297114922,0.130037705114709,TRUE,0.282312015448518,1.00098624114164,0.0900222527476051,TRUE,0.402431925058315,1.00106484425158,0.150830139195852,TRUE,0.532297682683832,1.00104638966406
84,"rand=1-2_rate=1.5_ROB=L_UH_Bias=No Bias","1-2",1.5,"L_UH","No Bias",0,0,0,0,0,0,-0.00896648597433648,0.02269073801675,-0.0937564833444888,TRUE,0.424252796267042,1.00104609446656,-0.0315264273313243,TRUE,0.250169230865527,1.00103500265334,-0.17097063741657,TRUE,0.508589996881567,1.001323225036,0.0176279151548538,TRUE,0.332503850879385,1.00101839266699
85,"rand=1-2_rate=1.5_ROB=L_UH_Bias=No Bias","1-2",1.5,"L_UH","No Bias",0,0,0,0,0,0,-0.0102140530332514,0.0217618401269388,0.0498108111288715,TRUE,0.488479547136499,1.00103896029054,0.0525808790181548,TRUE,0.389998152059398,1.00101841533031,-0.0565102958599613,TRUE,0.510153455987836,1.00116712240512,0.140018274922061,TRUE,0.726052989904641,1.00098773007043
86,"rand=1-2_rate=1.5_ROB=L_UH_Bias=No Bias","1-2",1.5,"L_UH","No Bias",0,0,0,0,0,0,0.0174700784195697,0.0250082642367422,0.00721344215309894,TRUE,0.446801621042805,1.00155715480056,0.0388215212685211,TRUE,0.306275668328554,1.00104314583719,0.0384826092337615,TRUE,0.463254360437976,1.00145950937408,0.0409170753109152,TRUE,0.53231237056769,1.00098672811625
87,"rand=1-2_rate=1.5_ROB=L_UH_Bias=No Bias","1-2",1.5,"L_UH","No Bias",0,0,0,0,0,0,0.00611927897905158,0.0259376157696267,-0.0957143902283986,TRUE,0.569482641660906,1.00099684711803,-0.114346098477799,TRUE,0.399836055050884,1.00101675052609,0.0638433414438137,TRUE,0.472559835391212,1.00101088061748,-0.272950510382618,TRUE,0.698437889908152,1.00103122265387
88,"rand=1-2_rate=1.5_ROB=L_UH_Bias=No Bias","1-2",1.5,"L_UH","No Bias",0,0,0,0,0,0,-0.00583608499218244,0.0318307039020911,0.021276027043421,TRUE,0.431458542891423,1.00098682531025,-0.0103565657456814,TRUE,0.278071805583992,1.00112841075471,0.0458034573331523,TRUE,0.439587986419545,1.00099346214759,-0.0372329131120512,TRUE,0.457530465611703,1.00098692834771
89,"rand=1-2_rate=1.5_ROB=L_UH_Bias=No Bias","1-2",1.5,"L_UH","No Bias",0,0,0,0,0,0,-0.00877852497499435,0.0261958416185626,0.0770468958738008,TRUE,0.503539099720208,1.00098701229043,0.0496170751161902,TRUE,0.38091456725748,1.00100866890608,0.0256872821431129,TRUE,0.697424024972363,1.00100184673842,0.0605845773380751,TRUE,0.501805233221832,1.0011764507955
90,"rand=1-2_rate=1.5_ROB=L_UH_Bias=No Bias","1-2",1.5,"L_UH","No Bias",0,0,0,0,0,0,0.00481640225101017,0.0206356916482343,-0.0307947178621291,TRUE,0.586909265150136,1.00099139432199,-0.0161024921053836,TRUE,0.430075572577616,1.00098879526421,-0.179939582562128,TRUE,0.760965960635601,1.00101559128197,0.11755171689319,TRUE,0.550284581003277,1.00105434591506
91,"rand=1-2_rate=1.5_ROB=L_UH_Bias=No Bias","1-2",1.5,"L_UH","No Bias",0,0,0,0,0,0,0.0166305046553457,0.0292588928807386,0.00294059764423182,TRUE,0.537106612954587,1.00098783326082,-0.0603202607833311,TRUE,0.4553438400596,1.00099057844215,-0.064018136892261,TRUE,0.616510252536194,1.001006157654,-0.0669746171092143,TRUE,0.921849011581552,1.00108333598311
92,"rand=1-2_rate=1.5_ROB=L_UH_Bias=No Bias","1-2",1.5,"L_UH","No Bias",0,0,0,0,0,0,-0.00888403942149846,0.0258117009192343,0.0430914654574684,TRUE,0.435726362958473,1.00114429626413,0.0579831920967163,TRUE,0.287288949026977,1.00098678370384,0.0192762558986199,TRUE,0.509402308288368,1.00109379438164,0.0790011401057532,TRUE,0.426960244873468,1.00099031235995
93,"rand=1-2_rate=1.5_ROB=L_UH_Bias=No Bias","1-2",1.5,"L_UH","No Bias",0,0,0,0,0,0,-0.00218985095346473,0.0209459490212183,-0.0510264531673654,TRUE,0.46657980217918,1.00098626385484,-0.0284715837277867,TRUE,0.30174302619259,1.00099188990417,-0.0369478984488576,TRUE,0.501158871809538,1.00099664510405,-0.0231683443283608,TRUE,0.479170567792267,1.00099203294863
94,"rand=1-2_rate=1.5_ROB=L_UH_Bias=No Bias","1-2",1.5,"L_UH","No Bias",0,0,0,0,0,0,-0.0157603655333437,0.0254194570929962,-0.0448339403587155,TRUE,0.494862984425909,1.00122379979339,-0.00938024694026462,TRUE,0.371570998717695,1.00101623667918,0.0133570840627448,TRUE,0.446136964128265,1.00102644615728,-0.0229373643703188,TRUE,0.807629122176912,1.00100113712471
95,"rand=1-2_rate=1.5_ROB=L_UH_Bias=No Bias","1-2",1.5,"L_UH","No Bias",0,0,0,0,0,0,0.0114132416314664,0.0232823634720399,-0.14640999200069,TRUE,0.480333375128506,1.00103106780084,-0.0589734734145662,TRUE,0.351221105252386,1.00099725450996,-0.109413126288649,TRUE,0.501472592032553,1.00127143140133,-0.0208182078988146,TRUE,0.65135979688486,1.00099007836423
96,"rand=1-2_rate=1.5_ROB=L_UH_Bias=No Bias","1-2",1.5,"L_UH","No Bias",0,0,0,0,0,0,0.00586025037985046,0.0159442589637311,-0.024959351039372,TRUE,0.475698351077924,1.00114407471056,-0.0621475261487496,TRUE,0.352482654064048,1.00100583924932,0.0342289341620554,TRUE,0.434758980168534,1.00125723421527,-0.133267538307882,TRUE,0.671362405619471,1.00103280455927
97,"rand=1-2_rate=1.5_ROB=L_UH_Bias=No Bias","1-2",1.5,"L_UH","No Bias",0,0,0,0,0,0,-0.00821049333564691,0.0291559882730455,0.0071168439668261,TRUE,0.445264881104557,1.00123855882503,0.045031404680973,TRUE,0.300100002030983,1.00106483718927,-0.028025584326274,TRUE,0.428523227054278,1.00115128446292,0.0970980144270509,TRUE,0.524626731818061,1.00098645239143
98,"rand=1-2_rate=1.5_ROB=L_UH_Bias=No Bias","1-2",1.5,"L_UH","No Bias",0,0,0,0,0,0,-0.00418360170841957,0.0272662143178121,-0.0350017904277744,TRUE,0.467052323884969,1.00115717949928,-0.0610083027090971,TRUE,0.337904910176749,1.00098647122407,0.0622798917235263,TRUE,0.43579606608471,1.00098635097069,-0.13988822281713,TRUE,0.632634444193883,1.00098758246083
99,"rand=1-2_rate=1.5_ROB=L_UH_Bias=No Bias","1-2",1.5,"L_UH","No Bias",0,0,0,0,0,0,-0.00423692612656397,0.0232587905975011,0.111154442742035,TRUE,0.344498492140704,1.00176542531714,0.0837962476216469,TRUE,0.227463687135255,1.00098941912849,0.139622745057882,TRUE,0.430699243571772,1.00107394480463,0.0640661659003225,TRUE,0.311643787997147,1.00100101285186
100,"rand=1-2_rate=1.5_ROB=L_UH_Bias=No Bias","1-2",1.5,"L_UH","No Bias",0,0,0,0,0,0,0.00036194038179041,0.0197248952677306,-0.181937317334823,TRUE,0.472344888469585,1.00102540055569,-0.137560985641363,TRUE,0.298576178674532,1.00101213111622,-0.0778986066672636,TRUE,0.491064727283363,1.00099809783452,-0.164969854043118,TRUE,0.45791258338399,1.00098760310809
101,"rand=1-2_rate=1.5_ROB=L_UH_Bias=No Bias","1-2",1.5,"L_UH","No Bias",0,0,0,0,0,0,-0.0156338579033031,0.0317465455562598,-0.077908704673046,TRUE,0.640657524255303,1.00100048455626,-0.0863131649132785,TRUE,0.533803744366485,1.001034931074,-0.315627134943627,TRUE,1.06699031536404,1.00100066041467,0.0999422351273471,TRUE,0.58211929143705,1.00098611639889
102,"rand=1-2_rate=1.5_ROB=L_UH_Bias=No Bias","1-2",1.5,"L_UH","No Bias",0,0,0,0,0,0,-0.0108608621639856,0.0255429248346998,0.0567884712025399,TRUE,0.5328884163276,1.0010646209664,0.0885907798640603,TRUE,0.391307884301712,1.00104496911813,0.020843778809591,TRUE,0.595365884869289,1.00102524444335,0.150262112185802,TRUE,0.673515666479413,1.00099919766034
103,"rand=1-2_rate=1.5_ROB=L_UH_Bias=No Bias","1-2",1.5,"L_UH","No Bias",0,0,0,0,0,0,-0.00251102630527452,0.0355171679013881,0.0758626140818506,TRUE,0.552620469294719,1.00100025732631,0.0356098953753203,TRUE,0.454363645851629,1.00099545597972,0.0890912190250575,TRUE,0.603458209308176,1.000986666816,-0.0236562071797428,TRUE,0.924688749231051,1.00099348706798
104,"rand=1-2_rate=1.5_ROB=L_UH_Bias=No Bias","1-2",1.5,"L_UH","No Bias",0,0,0,0,0,0,-0.00820675494345593,0.0211343315824563,0.0932565105233922,TRUE,0.385833481221274,1.00129722010545,0.07707343960744,TRUE,0.254728199757306,1.00098693480089,0.126999130443508,TRUE,0.388315167691404,1.00099220931288,0.0522299559139641,TRUE,0.433442846812069,1.00098684447802
105,"rand=1-2_rate=1.5_ROB=L_UH_Bias=No Bias","1-2",1.5,"L_UH","No Bias",0,0,0,0,0,0,0.010655371686742,0.019528216397245,-0.00524050648012708,TRUE,0.479614223290073,1.00103019131115,0.0362094288933281,TRUE,0.35483027867203,1.00099147503501,-0.0847944178731799,TRUE,0.465315460320544,1.00104546020297,0.133194011698062,TRUE,0.642107026571104,1.00098745800412
106,"rand=1-2_rate=1.5_ROB=L_UH_Bias=No Bias","1-2",1.5,"L_UH","No Bias",0,0,0,0,0,0,0.00857881492399174,0.0278428488273109,-0.00570593240395101,TRUE,0.376288385290708,1.00107434429112,-0.0454907940773346,TRUE,0.249299791443655,1.00106709036717,-0.135538334950671,TRUE,0.491112107069944,1.00103991388006,-0.0136846750990993,TRUE,0.359945483327407,1.00098949461667
107,"rand=1-2_rate=1.5_ROB=L_UH_Bias=No Bias","1-2",1.5,"L_UH","No Bias",0,0,0,0,0,0,0.00973208085168097,0.0258812247897879,-0.000215019670444017,TRUE,0.37567222939664,1.00180423775415,-0.0349418619308919,TRUE,0.327424368240311,1.00104539611693,-0.127771439889593,TRUE,0.514271339721952,1.00139978175153,0.0202502558244892,TRUE,0.554824289105966,1.00098673851937
108,"rand=1-2_rate=1.5_ROB=L_UH_Bias=No Bias","1-2",1.5,"L_UH","No Bias",0,0,0,0,0,0,0.0264987212145206,0.0323811995364737,0.0778778045164047,TRUE,0.417298131051771,1.0009975206421,0.0417057097133899,TRUE,0.293268411400803,1.00101161710264,0.000388863489615199,TRUE,0.438491293283243,1.00134924796463,0.0617803359358662,TRUE,0.526126045800156,1.00106536187716
109,"rand=1-2_rate=1.5_ROB=L_UH_Bias=No Bias","1-2",1.5,"L_UH","No Bias",0,0,0,0,0,0,0.00877028065538404,0.0254575720972299,0.00707542763877589,TRUE,0.448473994735404,1.00102381989801,-0.0322403755833678,TRUE,0.360690425814453,1.00101010735706,0.0652657730753187,TRUE,0.462642947915989,1.0011547292266,-0.112651169838784,TRUE,0.651769423530837,1.00100769278944
110,"rand=1-2_rate=1.5_ROB=L_UH_Bias=No Bias","1-2",1.5,"L_UH","No Bias",0,0,0,0,0,0,-0.00626296722046147,0.031142224091542,-0.142050346949245,TRUE,0.493586101157311,1.00139458097963,-0.137009282407197,TRUE,0.379555936698362,1.00098743659821,-0.147892016444169,TRUE,0.511849073456292,1.00176563054148,-0.133992430417205,TRUE,0.745709033350498,1.00099165797292
111,"rand=1-2_rate=1.5_ROB=L_UH_Bias=No Bias","1-2",1.5,"L_UH","No Bias",0,0,0,0,0,0,0.000986508515697889,0.0176911164050624,-0.130351072846132,TRUE,0.471580487784181,1.00121866097634,-0.0869195110031789,TRUE,0.278192647224551,1.00101513261716,-0.165554402429856,TRUE,0.518272990719321,1.00099976769953,-0.0520568431936628,TRUE,0.427339590050638,1.00098704740165
112,"rand=1-2_rate=1.5_ROB=L_UH_Bias=No Bias","1-2",1.5,"L_UH","No Bias",0,0,0,0,0,0,0.00797791069101999,0.0260296963476781,-0.0585592375617905,TRUE,0.484850763359947,1.0012106020901,-0.111513768675762,TRUE,0.354414536910555,1.00099924172369,0.0156337028759271,TRUE,0.471140046063962,1.0009922551602,-0.200108767919051,TRUE,0.622267068818864,1.00099646990738
113,"rand=1-2_rate=1.5_ROB=L_UH_Bias=No Bias","1-2",1.5,"L_UH","No Bias",0,0,0,0,0,0,-0.00824867112055666,0.0270881582157181,0.0548123859103348,TRUE,0.439322003972249,1.0009872894791,0.108814875440709,TRUE,0.381415171776018,1.0009875543308,0.169292276251156,TRUE,0.46509284090297,1.00106475942133,0.0383546714853955,TRUE,0.798581914415828,1.00101437228925
114,"rand=1-2_rate=1.5_ROB=L_UH_Bias=No Bias","1-2",1.5,"L_UH","No Bias",0,0,0,0,0,0,0.000331893797313533,0.0187632906409419,0.160343035118284,TRUE,0.375885271055285,1.00106474088855,0.0908250116601056,TRUE,0.315281213985301,1.00101650404346,0.12464304716329,TRUE,0.405418553299386,1.00098744919845,0.0718504555632909,TRUE,0.620455114193318,1.00103112951868
115,"rand=1-2_rate=1.5_ROB=L_UH_Bias=No Bias","1-2",1.5,"L_UH","No Bias",0,0,0,0,0,0,-0.00385917755208838,0.0321815760147395,0.156593196690343,TRUE,0.404138645955165,1.00102512801186,0.0974692145850823,TRUE,0.382359968381338,1.00098664063652,0.130711705833087,TRUE,0.423013932372375,1.00098857096512,0.0490474623572136,TRUE,0.89577094252335,1.00100308748001
116,"rand=1-2_rate=1.5_ROB=L_UH_Bias=No Bias","1-2",1.5,"L_UH","No Bias",0,0,0,0,0,0,0.00954304081051823,0.0267739093814658,-0.115584986951249,TRUE,0.516037917017556,1.0009872022459,-0.105290130167016,TRUE,0.363389152945097,1.00099494587927,-0.148042976505225,TRUE,0.681009795919754,1.00098599416365,-0.0814190996485775,TRUE,0.491691034624534,1.00099013652905
117,"rand=1-2_rate=1.5_ROB=L_UH_Bias=No Bias","1-2",1.5,"L_UH","No Bias",0,0,0,0,0,0,0.00320909378678865,0.0205715805751125,-0.233064451221175,TRUE,0.530693239733822,1.00166122825096,-0.15453269998347,TRUE,0.349172290648008,1.0011160889202,-0.0108901032694346,TRUE,0.549819765228551,1.00099936177596,-0.246668054860045,FALSE,0.483438179926907,1.00103716630298
118,"rand=1-2_rate=1.5_ROB=L_UH_Bias=No Bias","1-2",1.5,"L_UH","No Bias",0,0,0,0,0,0,-0.0159194190837789,0.0346235170525235,0.0544364455285283,TRUE,0.43859259376812,1.00098753544713,0.0843818938424946,TRUE,0.335148907208102,1.00098835847597,0.0219496818415515,TRUE,0.414254840795182,1.00100366954705,0.136337803186505,TRUE,0.672851255028973,1.000999350928
119,"rand=1-2_rate=1.5_ROB=L_UH_Bias=No Bias","1-2",1.5,"L_UH","No Bias",0,0,0,0,0,0,-0.0138056066556343,0.0261906048386493,-0.0201182697665119,TRUE,0.442825879522419,1.00238503448163,0.0242517549254805,TRUE,0.307396061818646,1.00099279720772,-0.0344016228038855,TRUE,0.437780749742298,1.0016258172124,0.0671520003177873,TRUE,0.58676311926519,1.00099270142281
120,"rand=1-2_rate=1.5_ROB=L_UH_Bias=No Bias","1-2",1.5,"L_UH","No Bias",0,0,0,0,0,0,-0.00583300998425871,0.0280044138750514,-0.145945650390593,TRUE,0.60996387242102,1.00099008203837,-0.0569367558937106,TRUE,0.437731430708378,1.00100526087932,-0.100696593817707,TRUE,0.706864299732865,1.00102619420785,-0.0161585706598035,TRUE,0.716682890185724,1.00098696694158
121,"rand=1-2_rate=1.5_ROB=L_UH_Bias=No Bias","1-2",1.5,"L_UH","No Bias",0,0,0,0,0,0,0.000935126591632752,0.0170483760696728,0.0149635867665997,TRUE,0.469542893251352,1.00109995925485,-0.0975258825575958,TRUE,0.427033064326176,1.00099539307704,-0.0814047241059062,TRUE,0.581998811827172,1.00098659284515,-0.0994613656676848,TRUE,0.799251375564642,1.00100047903409
122,"rand=1-2_rate=1.5_ROB=L_UH_Bias=No Bias","1-2",1.5,"L_UH","No Bias",0,0,0,0,0,0,0.00931921900403178,0.0361520463741401,0.00945144121183705,TRUE,0.439167841336442,1.00119224020858,-0.0224944599022794,TRUE,0.290029976526249,1.0010541248478,-0.0297665884231515,TRUE,0.467316334778972,1.00114261807983,-0.0161720506931011,TRUE,0.494823776585213,1.00099017070922
123,"rand=1-2_rate=1.5_ROB=L_UH_Bias=No Bias","1-2",1.5,"L_UH","No Bias",0,0,0,0,0,0,0.00773918061312645,0.0279184839407234,0.00488373517679341,TRUE,0.53073229412248,1.00115525671093,0.055754857129014,TRUE,0.352527853306138,1.00101377531122,-0.1343401458344,TRUE,0.537425312161143,1.00129310807514,0.181234211951068,TRUE,0.512102497100253,1.00098677887293
124,"rand=1-2_rate=1.5_ROB=L_UH_Bias=No Bias","1-2",1.5,"L_UH","No Bias",0,0,0,0,0,0,-0.0107004783761796,0.0342715396568408,0.0810025996398045,TRUE,0.449220268066032,1.00104022077485,0.0932912601257105,TRUE,0.344068665136685,1.00100791895796,0.019052395659679,TRUE,0.446282691569808,1.00128101029959,0.150336681014295,TRUE,0.65864672937313,1.00100172253793
125,"rand=1-2_rate=1.5_ROB=L_UH_Bias=No Bias","1-2",1.5,"L_UH","No Bias",0,0,0,0,0,0,0.00714063548239354,0.0274809796927378,0.0411064424546222,TRUE,0.415631912991556,1.0012176395965,0.0637001513553804,TRUE,0.270856885457069,1.00098762063091,0.0591179206498439,TRUE,0.415903932853812,1.00102746566304,0.0663736332469396,TRUE,0.468568375226708,1.00102631223493
126,"rand=1-2_rate=1.5_ROB=L_UH_Bias=No Bias","1-2",1.5,"L_UH","No Bias",0,0,0,0,0,0,0.00977045138676726,0.0197140507729612,-0.120690648067606,TRUE,0.444911176843,1.00101117280743,-0.138722452950405,FALSE,0.302094968786856,1.00100972413337,-0.29456996143431,FALSE,0.57630534531836,1.00099240867173,-0.0768040412585387,TRUE,0.402800505125477,1.00099140656977
127,"rand=1-2_rate=1.5_ROB=L_UH_Bias=No Bias","1-2",1.5,"L_UH","No Bias",0,0,0,0,0,0,-0.0165377981129514,0.0211597230761653,0.0552216194858274,TRUE,0.341420774731803,1.00103088209435,-0.0193046169024012,TRUE,0.260267715305671,1.00099045451947,0.061748062005947,TRUE,0.470850935931312,1.00134115450156,-0.0582959150386575,TRUE,0.35752904546495,1.00098615803432
128,"rand=1-2_rate=1.5_ROB=L_UH_Bias=No Bias","1-2",1.5,"L_UH","No Bias",0,0,0,0,0,0,0.00173965510087578,0.0224408312256594,-0.140485712605457,TRUE,0.523229459989978,1.00110347860325,-0.107018099430607,TRUE,0.365498316818115,1.00100824626588,-0.254855106242873,FALSE,0.541672911933845,1.00102214279722,-0.00329257985502185,TRUE,0.607674631172739,1.00098745590532
129,"rand=1-2_rate=1.5_ROB=L_UH_Bias=No Bias","1-2",1.5,"L_UH","No Bias",0,0,0,0,0,0,-0.00334219386029813,0.0159840127859517,0.0542810391763566,TRUE,0.573083069044289,1.00112690477098,0.0438243929496415,TRUE,0.445173327680891,1.00099959041264,0.16003441882181,TRUE,0.552821372577406,1.00101499839151,-0.100803327366528,TRUE,0.890182410545762,1.0009998179815
130,"rand=1-2_rate=1.5_ROB=L_UH_Bias=No Bias","1-2",1.5,"L_UH","No Bias",0,0,0,0,0,0,-0.00678264500112535,0.0244274418321608,-0.146481277091476,TRUE,0.499077542939444,1.00107899960562,-0.0872794899179259,TRUE,0.322174504726388,1.00107327878203,0.0101023050542483,TRUE,0.494144712275709,1.00122243737961,-0.151279412041811,TRUE,0.494324115043534,1.00098816884855
131,"rand=1-2_rate=1.5_ROB=L_UH_Bias=No Bias","1-2",1.5,"L_UH","No Bias",0,0,0,0,0,0,0.0108305893914398,0.0230278805698659,0.0657818071357702,TRUE,0.474792802501844,1.0010967659894,0.0384312464281934,TRUE,0.351364391287256,1.00101246980787,-0.0598087733377293,TRUE,0.584027033234781,1.00118018178254,0.113995192128196,TRUE,0.509106546341812,1.00098619413639
132,"rand=1-2_rate=1.5_ROB=L_UH_Bias=No Bias","1-2",1.5,"L_UH","No Bias",0,0,0,0,0,0,0.0128157517099507,0.0297930017196174,0.0520563847804494,TRUE,0.435125930845975,1.00101392210875,0.0362963392425317,TRUE,0.316248565534925,1.00099932565149,0.0558401516459743,TRUE,0.404171219970422,1.00106295812547,0.0222582606644208,TRUE,0.641450732232239,1.00099723221892
133,"rand=1-2_rate=1.5_ROB=L_UH_Bias=No Bias","1-2",1.5,"L_UH","No Bias",0,0,0,0,0,0,0.0107866321113991,0.0282358631934565,0.0635091420618745,TRUE,0.501990781482834,1.00099132145278,0.0980065320841802,TRUE,0.343554918701071,1.00098911826372,0.0559507882358763,TRUE,0.561171760936517,1.00105745533654,0.130095796273092,TRUE,0.540585313458158,1.00099190561726
134,"rand=1-2_rate=1.5_ROB=L_UH_Bias=No Bias","1-2",1.5,"L_UH","No Bias",0,0,0,0,0,0,-0.00290707690825343,0.0152633295564341,0.0264067263257488,TRUE,0.492584831708149,1.00109990562378,0.0394165230821295,TRUE,0.376725389488157,1.00098956871492,0.0868324445815981,TRUE,0.429549825635839,1.00106334001664,-0.000362566773687956,TRUE,0.808903576339677,1.00102798377742
135,"rand=1-2_rate=1.5_ROB=L_UH_Bias=No Bias","1-2",1.5,"L_UH","No Bias",0,0,0,0,0,0,-0.00938037872289642,0.0291351334333233,0.148100356257541,TRUE,0.433955509346232,1.00103174902118,0.129642963180095,TRUE,0.318084919594364,1.00098653297701,0.0134027886091208,TRUE,0.482475462320095,1.00099217282078,0.213861432329864,TRUE,0.498529345979045,1.00102082355664
136,"rand=1-2_rate=1.5_ROB=L_UH_Bias=No Bias","1-2",1.5,"L_UH","No Bias",0,0,0,0,0,0,-0.000317230129885352,0.0178277158205799,0.0201684499106454,TRUE,0.527778202816936,1.00101633208763,-0.00341360901579768,TRUE,0.388611500552017,1.00099134026296,-0.0451619194967185,TRUE,0.662182647909301,1.00098751965488,0.0321682131669581,TRUE,0.58329045682934,1.001007555044
137,"rand=1-2_rate=1.5_ROB=L_UH_Bias=No Bias","1-2",1.5,"L_UH","No Bias",0,0,0,0,0,0,0.00382075771538042,0.0242441624251222,-0.0576951658969849,TRUE,0.492168275559994,1.00100408620753,-0.0870880966322074,TRUE,0.360891615130018,1.0010009866589,-0.0820472957107155,TRUE,0.506404528053023,1.00116959876018,-0.0873533706273995,TRUE,0.707187141108892,1.00103928714884
138,"rand=1-2_rate=1.5_ROB=L_UH_Bias=No Bias","1-2",1.5,"L_UH","No Bias",0,0,0,0,0,0,0.00855349012826019,0.0174519532084051,0.00169087190299277,TRUE,0.502703427261262,1.00099008151915,-0.00153622720177204,TRUE,0.384796165248618,1.00104248166408,0.0271990870284341,TRUE,0.450849037910175,1.00103768828346,-0.0270444984260736,TRUE,0.82774809742827,1.0009959144297
139,"rand=1-2_rate=1.5_ROB=L_UH_Bias=No Bias","1-2",1.5,"L_UH","No Bias",0,0,0,0,0,0,-0.00175431944127573,0.0266905849086797,0.121901648995821,TRUE,0.40490034695641,1.00103010066759,0.0392753976450589,TRUE,0.308038849083295,1.00107960803094,0.124710076306485,TRUE,0.399509294893772,1.00154874602146,-0.0116248100349312,TRUE,0.572682109507532,1.00100184912511
140,"rand=1-2_rate=1.5_ROB=L_UH_Bias=No Bias","1-2",1.5,"L_UH","No Bias",0,0,0,0,0,0,0.00828909187022372,0.0200998524434943,-0.065716388649381,TRUE,0.466529055363691,1.00105836933507,0.0315467824166707,TRUE,0.314455152878377,1.00101176515822,-0.131563371150253,TRUE,0.508716946217245,1.00113849212176,0.123162377272775,TRUE,0.471920385474909,1.00107763095662
141,"rand=1-2_rate=1.5_ROB=L_UH_Bias=No Bias","1-2",1.5,"L_UH","No Bias",0,0,0,0,0,0,-0.00546056157794633,0.0299032688834496,0.0373471753995179,TRUE,0.439230555316502,1.00104708696026,0.0673777288401051,TRUE,0.308631327393962,1.00098599185122,0.0183324052051456,TRUE,0.466631213791202,1.00101385794581,0.0991779001004994,TRUE,0.529957291058332,1.0009894022724
142,"rand=1-2_rate=1.5_ROB=L_UH_Bias=No Bias","1-2",1.5,"L_UH","No Bias",0,0,0,0,0,0,0.0188339469671217,0.0279108659569048,0.0814166209718954,TRUE,0.403569274640406,1.0010599707103,0.0652099461728246,TRUE,0.285152292423163,1.00098609562971,0.107029570800589,TRUE,0.429587954677896,1.00155991776064,0.0404073911626123,TRUE,0.472459167786997,1.00099537235084
143,"rand=1-2_rate=1.5_ROB=L_UH_Bias=No Bias","1-2",1.5,"L_UH","No Bias",0,0,0,0,0,0,0.00128080131702078,0.0294370917641666,-0.0125045991700523,TRUE,0.506643522828781,1.00102992291202,-0.0308670075218003,TRUE,0.399263920658445,1.00101952581899,-0.0483880397506313,TRUE,0.515939540735699,1.00103522046858,-0.00366803077293421,TRUE,0.767979452774867,1.00099023009491
144,"rand=1-2_rate=1.5_ROB=L_UH_Bias=No Bias","1-2",1.5,"L_UH","No Bias",0,0,0,0,0,0,0.0178510918012815,0.034786986669814,0.0950478015856429,TRUE,0.35445508688504,1.00100942594504,0.0436429194074657,TRUE,0.241948262656226,1.00099330717535,0.0141195777241705,TRUE,0.450025025425332,1.00117006833205,0.056271471324867,TRUE,0.364131796130408,1.00099027483242
145,"rand=1-2_rate=1.5_ROB=L_UH_Bias=No Bias","1-2",1.5,"L_UH","No Bias",0,0,0,0,0,0,0.00837427379961135,0.0195726203200195,-0.140779626265555,TRUE,0.530697614309252,1.001158993924,-0.167025039435469,TRUE,0.399818620108374,1.00098607751964,-0.229741102417818,TRUE,0.661669805879221,1.00099464704819,-0.121324808759051,TRUE,0.624059174227684,1.00098646819441
146,"rand=1-2_rate=1.5_ROB=L_UH_Bias=No Bias","1-2",1.5,"L_UH","No Bias",0,0,0,0,0,0,0.000713001926779498,0.0200139746374423,0.118221224227829,TRUE,0.424460419543155,1.0010833721083,0.0670744916676728,TRUE,0.340541932405513,1.00100452350604,0.182336465454257,TRUE,0.349804520069729,1.00127123453425,-0.0460592148850778,TRUE,0.754205318345728,1.00098781006473
147,"rand=1-2_rate=1.5_ROB=L_UH_Bias=No Bias","1-2",1.5,"L_UH","No Bias",0,0,0,0,0,0,-0.00484991950281548,0.0296867801002146,0.252751972103981,FALSE,0.372934119399281,1.00119037596047,0.214614905514816,FALSE,0.318956481532773,1.00103572589624,0.266038434337873,FALSE,0.347984067542811,1.00108352279171,0.174915629760537,TRUE,0.721493820897042,1.00098705791864
148,"rand=1-2_rate=1.5_ROB=L_UH_Bias=No Bias","1-2",1.5,"L_UH","No Bias",0,0,0,0,0,0,-0.0141814810645075,0.02928247438293,-0.109206011454463,TRUE,0.553285169862613,1.00114299713796,-0.0232114317774239,TRUE,0.419426147503118,1.00102295972884,0.00234035678560962,TRUE,0.597068706819758,1.0009884308177,-0.0398448581782005,TRUE,0.797912878377122,1.00099382914825
149,"rand=1-2_rate=1.5_ROB=L_UH_Bias=No Bias","1-2",1.5,"L_UH","No Bias",0,0,0,0,0,0,0.012944758243658,0.0308229581629543,0.0689806548874236,TRUE,0.394317796682871,1.00100117149211,0.0311297585170681,TRUE,0.298183233856669,1.00099153397159,0.124159389291543,TRUE,0.406503502335314,1.00106911038364,-0.0276502885012773,TRUE,0.51962223660704,1.00098827564185
150,"rand=1-2_rate=1.5_ROB=L_UH_Bias=No Bias","1-2",1.5,"L_UH","No Bias",0,0,0,0,0,0,0.00183346812701203,0.0196781635187875,0.0799904845616819,TRUE,0.425564649765112,1.00099257462104,0.0602150927925722,TRUE,0.306793107748857,1.00098791610913,0.0969694820085788,TRUE,0.500683739090376,1.00100958920751,0.0334666255876366,TRUE,0.473805311794754,1.00098645861906
151,"rand=1-2_rate=1.5_ROB=L_UH_Bias=No Bias","1-2",1.5,"L_UH","No Bias",0,0,0,0,0,0,-0.0119116089729303,0.0304892316468898,-0.0552183284516725,TRUE,0.54035934451286,1.00099635501338,-0.09238386813443,TRUE,0.458067566307863,1.00098736663335,-0.00678466191489724,TRUE,0.485938984205808,1.00151753412864,-0.185478366870293,TRUE,1.05751195443755,1.00099142109975
152,"rand=1-2_rate=1.5_ROB=L_UH_Bias=No Bias","1-2",1.5,"L_UH","No Bias",0,0,0,0,0,0,0.00320875043654991,0.024162574910465,0.0850221473321752,TRUE,0.421246433964752,1.00108009906035,0.128590292793156,TRUE,0.255642102093445,1.00098886810814,-0.0152578689980205,TRUE,0.518864261620371,1.00098599386676,0.192179666270395,FALSE,0.295033011511594,1.00101190645038
153,"rand=1-2_rate=1.5_ROB=L_UH_Bias=No Bias","1-2",1.5,"L_UH","No Bias",0,0,0,0,0,0,0.000423164409827713,0.029162070645915,-0.0927223553870626,TRUE,0.595989390133413,1.00103704176318,-0.0866421976887555,TRUE,0.440910679917484,1.00103264873706,-0.185838710511074,TRUE,0.781045026808763,1.0009878512527,-0.00619152527077294,TRUE,0.616971832112553,1.00098714472984
154,"rand=1-2_rate=1.5_ROB=L_UH_Bias=No Bias","1-2",1.5,"L_UH","No Bias",0,0,0,0,0,0,0.00694781805394689,0.0164505121063563,-0.067970027626254,TRUE,0.590252400287149,1.00098775842837,-0.0962546311345511,TRUE,0.419681932385444,1.00101108501863,0.0947836957439389,TRUE,0.497533540845298,1.00099279056321,-0.273438330432682,TRUE,0.698656408912338,1.00098630696842
155,"rand=1-2_rate=1.5_ROB=L_UH_Bias=No Bias","1-2",1.5,"L_UH","No Bias",0,0,0,0,0,0,-0.00142824669694533,0.0204511851418872,-0.110883607081171,TRUE,0.520436554433296,1.00107069059637,-0.05255629718334,TRUE,0.381497944966107,1.00098643159484,-0.0591294544409293,TRUE,0.50487252566372,1.00098702154628,-0.0479506578954816,TRUE,0.743285158104009,1.00099402002849
156,"rand=1-2_rate=1.5_ROB=L_UH_Bias=No Bias","1-2",1.5,"L_UH","No Bias",0,0,0,0,0,0,0.00368899302840527,0.0207913170538615,0.233496998995148,FALSE,0.361031945012884,1.00110219399801,0.206651951910597,FALSE,0.279584073608491,1.00103008198672,0.245515359754272,FALSE,0.322667155873459,1.00140469085398,0.176910546377647,TRUE,0.621139959108258,1.00098647535426
157,"rand=1-2_rate=1.5_ROB=L_UH_Bias=No Bias","1-2",1.5,"L_UH","No Bias",0,0,0,0,0,0,0.0121419116187626,0.0342295557447223,0.151553952958662,TRUE,0.400935648459979,1.0017412150675,0.0875968523978768,TRUE,0.339690926856429,1.00101023421059,0.177173832004417,TRUE,0.3830821506299,1.00098745041398,0.00822359172598863,TRUE,0.746366447531883,1.00103176735529
158,"rand=1-2_rate=1.5_ROB=L_UH_Bias=No Bias","1-2",1.5,"L_UH","No Bias",0,0,0,0,0,0,0.000488347244858075,0.0210448533281892,-0.0241511412617097,TRUE,0.396118258631589,1.00101546405696,-0.0842009985169896,TRUE,0.367882838616857,1.00098626775619,-0.0523598175075133,TRUE,0.587420747845621,1.00098610472635,-0.106844105934413,TRUE,0.587654967861698,1.00100916913644
159,"rand=1-2_rate=1.5_ROB=L_UH_Bias=No Bias","1-2",1.5,"L_UH","No Bias",0,0,0,0,0,0,-0.001446792430741,0.0222570113637116,0.0104922004445913,TRUE,0.476774429010136,1.00098805726989,-0.0536776005950543,TRUE,0.360739457088842,1.00104771274045,-0.0458441968464274,TRUE,0.66773463961711,1.00102348564621,-0.0618486035317549,TRUE,0.504307288206937,1.00103923259336
160,"rand=1-2_rate=1.5_ROB=L_UH_Bias=No Bias","1-2",1.5,"L_UH","No Bias",0,0,0,0,0,0,-0.000996346813381406,0.0297388689536108,-0.0537505774863276,TRUE,0.546856296612134,1.00098963172522,-0.0236732811955311,TRUE,0.381182815278192,1.00101198960307,0.0471236680054763,TRUE,0.517046024445124,1.00106981549615,-0.0869475094431149,TRUE,0.705141498856125,1.00098824991365
161,"rand=1-2_rate=1.5_ROB=L_UH_Bias=No Bias","1-2",1.5,"L_UH","No Bias",0,0,0,0,0,0,-0.00545537663264292,0.0239202177410768,0.0731097600853856,TRUE,0.358809614584549,1.00099015653652,0.0742163334477997,TRUE,0.189901003469395,1.00098667461418,0.0369018178150787,TRUE,0.480247105457427,1.00141363323892,0.0810400303129558,TRUE,0.226373386791074,1.00098803446514
162,"rand=1-2_rate=1.5_ROB=L_UH_Bias=No Bias","1-2",1.5,"L_UH","No Bias",0,0,0,0,0,0,0.0079816260288053,0.0226417242457948,-0.0365158101761942,TRUE,0.456205156490985,1.00101072409422,-0.0332281547237303,TRUE,0.296007178028313,1.00112416913799,0.0358788457608661,TRUE,0.462812420452523,1.00101711602995,-0.0740805229619601,TRUE,0.469034964003923,1.00099015983859
163,"rand=1-2_rate=1.5_ROB=L_UH_Bias=No Bias","1-2",1.5,"L_UH","No Bias",0,0,0,0,0,0,-0.000103947712686017,0.0272913673382947,-0.0301229891044923,TRUE,0.414506900093968,1.001007960028,-0.0644486576125092,TRUE,0.257220593228727,1.00107726402685,-0.0578316372673726,TRUE,0.537985479473854,1.0010754197961,-0.0672071403187204,TRUE,0.342147620270219,1.00098921054532
164,"rand=1-2_rate=1.5_ROB=L_UH_Bias=No Bias","1-2",1.5,"L_UH","No Bias",0,0,0,0,0,0,-0.000346545490919465,0.030902923214574,0.0568811259407521,TRUE,0.453487955019184,1.00099293136923,0.0404383727318074,TRUE,0.346220051460449,1.00100598822765,0.0952289190156748,TRUE,0.426964262010238,1.00101861804981,-0.000882544520065975,TRUE,0.716223486952714,1.00098786764255
165,"rand=1-2_rate=1.5_ROB=L_UH_Bias=No Bias","1-2",1.5,"L_UH","No Bias",0,0,0,0,0,0,-0.00485353755714094,0.0175353918786219,0.112171747609357,TRUE,0.39344910263017,1.00103862727361,0.0893853500471934,TRUE,0.267885807629768,1.00098718475274,0.160271842155444,TRUE,0.401372897988328,1.00122599979757,0.0470919360778681,TRUE,0.454139744579759,1.00104772210625
166,"rand=1-2_rate=1.5_ROB=L_UH_Bias=No Bias","1-2",1.5,"L_UH","No Bias",0,0,0,0,0,0,0.000891238707972128,0.0309839968962002,-0.04781328513248,TRUE,0.503979223995677,1.00101907970018,-0.0530134883851143,TRUE,0.368135203726557,1.00100751197566,0.0428082446760449,TRUE,0.481887074318856,1.00099027722269,-0.144584937689179,TRUE,0.672219253899692,1.00103711981623
167,"rand=1-2_rate=1.5_ROB=L_UH_Bias=No Bias","1-2",1.5,"L_UH","No Bias",0,0,0,0,0,0,-0.000763298937333847,0.0313430947878542,0.119465648853564,TRUE,0.477912241828683,1.00098619969899,0.0687620084228757,TRUE,0.408645045028708,1.00099258481389,0.185681087912265,TRUE,0.414678454006323,1.0010424826546,-0.0809208955737388,TRUE,0.986611282017017,1.00100195254537
168,"rand=1-2_rate=1.5_ROB=L_UH_Bias=No Bias","1-2",1.5,"L_UH","No Bias",0,0,0,0,0,0,-0.00886183750008763,0.0260307376644226,-0.0800735319049981,TRUE,0.504466899862341,1.00104798409573,-0.085798317795128,TRUE,0.330822594262681,1.00104250242852,-0.22209537681617,TRUE,0.66364253028695,1.00116002423977,-0.0199086252082146,TRUE,0.404621242272068,1.00101174200348
169,"rand=1-2_rate=1.5_ROB=L_UH_Bias=No Bias","1-2",1.5,"L_UH","No Bias",0,0,0,0,0,0,-0.00518017431165519,0.03617724561158,0.184833729531643,TRUE,0.336541627260905,1.00130619662064,0.121195514648663,TRUE,0.281696895534928,1.00100639208794,0.108399483420069,TRUE,0.416394266231677,1.00105356786375,0.128973449090417,TRUE,0.500505981557114,1.00099902463986
170,"rand=1-2_rate=1.5_ROB=L_UH_Bias=No Bias","1-2",1.5,"L_UH","No Bias",0,0,0,0,0,0,0.00732459610872935,0.0281884498018275,0.133836641527908,TRUE,0.449551928782332,1.00105403117679,0.108981976543452,TRUE,0.351225318748841,1.00101037011187,0.191971434867201,TRUE,0.433462213595327,1.00109135096691,0.0307547388293381,TRUE,0.710557182190143,1.00103797034312
171,"rand=1-2_rate=1.5_ROB=L_UH_Bias=No Bias","1-2",1.5,"L_UH","No Bias",0,0,0,0,0,0,-0.0041140317169318,0.0235501027351768,-0.0125502807903217,TRUE,0.538661374134849,1.00126667890405,-0.0137727202156945,TRUE,0.390956642216003,1.00100122878472,-0.118772605190245,TRUE,0.655514280899171,1.00109290016221,0.0676184073234863,TRUE,0.581271791178488,1.00099270174384
172,"rand=1-2_rate=1.5_ROB=L_UH_Bias=No Bias","1-2",1.5,"L_UH","No Bias",0,0,0,0,0,0,-0.00304449034783617,0.0197036440783135,0.0768281329876507,TRUE,0.427984158721256,1.00106259571019,0.102475744645714,TRUE,0.28082748863341,1.00102301545156,0.0645947814771832,TRUE,0.533507706925105,1.00111022192374,0.12305349878775,TRUE,0.395040099983185,1.0009860076918
173,"rand=1-2_rate=1.5_ROB=L_UH_Bias=No Bias","1-2",1.5,"L_UH","No Bias",0,0,0,0,0,0,0.00361041504147461,0.0219567475819325,-0.00277454780068265,TRUE,0.461484363429315,1.00103057197128,-0.0169041689513814,TRUE,0.329382856648587,1.0010100453415,0.0278335650874553,TRUE,0.449331028317921,1.00130038369156,-0.0496424884071132,TRUE,0.609248694485847,1.00098766670966
174,"rand=1-2_rate=1.5_ROB=L_UH_Bias=No Bias","1-2",1.5,"L_UH","No Bias",0,0,0,0,0,0,0.00113422497901763,0.0256785233038684,0.00571669718671797,TRUE,0.493069402232749,1.00124852415579,0.0677645147456636,TRUE,0.338129083436076,1.00099941673974,0.125273742950434,TRUE,0.571553327667888,1.00107815659182,0.0294246513682086,TRUE,0.496980867055736,1.00101129663456
175,"rand=1-2_rate=1.5_ROB=L_UH_Bias=No Bias","1-2",1.5,"L_UH","No Bias",0,0,0,0,0,0,-0.00980412432573114,0.0199255006548216,0.022860938686988,TRUE,0.53048048538494,1.00108464460215,0.0114036092842735,TRUE,0.393070943019744,1.00098849158993,0.0694917109510839,TRUE,0.474510862869969,1.00100980583272,-0.0463303317955341,TRUE,0.830216189854115,1.00098681978317
176,"rand=1-2_rate=1.5_ROB=L_UH_Bias=No Bias","1-2",1.5,"L_UH","No Bias",0,0,0,0,0,0,0.0104960231964972,0.0351553112821694,0.0567733536523645,TRUE,0.443635841374532,1.00147594162399,0.0662097883192359,TRUE,0.333553165063456,1.00098822230652,0.101029732403173,TRUE,0.395624080219534,1.00186125891398,0.0372919522565948,TRUE,0.706529628176569,1.00099180535602
177,"rand=1-2_rate=1.5_ROB=L_UH_Bias=No Bias","1-2",1.5,"L_UH","No Bias",0,0,0,0,0,0,-0.0110826422270304,0.0251684017537622,0.0429190650567364,TRUE,0.478087151188753,1.00098662026028,0.0304639219668792,TRUE,0.326651980931788,1.00099436047361,0.0612264020442463,TRUE,0.617199138607623,1.0009911163422,0.0224216258754152,TRUE,0.465688151972134,1.00098616245777
178,"rand=1-2_rate=1.5_ROB=L_UH_Bias=No Bias","1-2",1.5,"L_UH","No Bias",0,0,0,0,0,0,-0.007515331519649,0.0243079078262099,0.0139571495653875,TRUE,0.449243778940207,1.00105254296126,-0.0149177459995193,TRUE,0.360995367659224,1.00098609988743,0.0799182704995268,TRUE,0.570258870051872,1.00099924767259,-0.0945475653501584,TRUE,0.556839718898379,1.00098614041308
179,"rand=1-2_rate=1.5_ROB=L_UH_Bias=No Bias","1-2",1.5,"L_UH","No Bias",0,0,0,0,0,0,-0.00183359448588938,0.0287658138508531,-0.0104106739556817,TRUE,0.458160069482699,1.00207054725117,-0.0201834775802254,TRUE,0.332573167016699,1.00099766347244,-0.00314776931132155,TRUE,0.439825907413498,1.00103922914952,-0.0341116285915768,TRUE,0.646177857540454,1.0009931144255
180,"rand=1-2_rate=1.5_ROB=L_UH_Bias=No Bias","1-2",1.5,"L_UH","No Bias",0,0,0,0,0,0,0.00621678280734345,0.0194242916559157,-0.0252393276177543,TRUE,0.492321218253713,1.00100849122535,-0.0359824343664525,TRUE,0.348884575242815,1.00101748804012,0.0417418991158927,TRUE,0.46161252222091,1.00117648905258,-0.0978175695610302,TRUE,0.626555213997162,1.00099211264332
181,"rand=1-2_rate=1.5_ROB=L_UH_Bias=No Bias","1-2",1.5,"L_UH","No Bias",0,0,0,0,0,0,0.0111947513783424,0.025897289696751,-0.0819083055249892,TRUE,0.471719274056075,1.00106882470987,-0.0964600060652885,TRUE,0.394521648743912,1.00099628471975,-0.0368281016635603,TRUE,0.458482694076666,1.00098698105383,-0.14790968204059,TRUE,0.889504061678327,1.00098825982314
182,"rand=1-2_rate=1.5_ROB=L_UH_Bias=No Bias","1-2",1.5,"L_UH","No Bias",0,0,0,0,0,0,0.00637068419788616,0.0162660929249891,0.0534212854974164,TRUE,0.548370850319153,1.0010046081755,0.0369753459427926,TRUE,0.420386544461371,1.00103543428262,0.0805984186807825,TRUE,0.606620884285263,1.00104216937166,-0.0149030777986841,TRUE,0.783106726194961,1.00102766484135
183,"rand=1-2_rate=1.5_ROB=L_UH_Bias=No Bias","1-2",1.5,"L_UH","No Bias",0,0,0,0,0,0,0.00994287429516658,0.0199291558036751,-0.29896317744313,TRUE,0.656075064678785,1.00098700241403,-0.160043409579591,TRUE,0.441182984155141,1.00101571307953,-0.0174908494181731,TRUE,0.565788898177286,1.00125750580837,-0.298690507929051,TRUE,0.793131438209315,1.00101142122185
184,"rand=1-2_rate=1.5_ROB=L_UH_Bias=No Bias","1-2",1.5,"L_UH","No Bias",0,0,0,0,0,0,-0.00165974885968471,0.0220409532351576,0.150769748349897,TRUE,0.394954795710665,1.00109110443785,0.147497942292958,TRUE,0.282305821595121,1.00100703324488,0.0875573646106004,TRUE,0.412874277387337,1.00102063014537,0.185894214541615,TRUE,0.487799500791272,1.00099244640578
185,"rand=1-2_rate=1.5_ROB=L_UH_Bias=No Bias","1-2",1.5,"L_UH","No Bias",0,0,0,0,0,0,0.0107841031642666,0.0244663457207674,-0.0948967339300453,TRUE,0.46318680522966,1.00115534717389,-0.000895195522699899,TRUE,0.272774233965278,1.00103675889691,-0.269237502150867,FALSE,0.542015113068327,1.00304243258468,0.0870322757502922,TRUE,0.263824640085514,1.00100214428929
186,"rand=1-2_rate=1.5_ROB=L_UH_Bias=No Bias","1-2",1.5,"L_UH","No Bias",0,0,0,0,0,0,0.00750423586879792,0.0281328350808047,0.0909103878633559,TRUE,0.361282686392629,1.00103824522808,0.0495710326866445,TRUE,0.215888732672465,1.00098630173254,0.122156640714772,TRUE,0.378464175377103,1.00112652749814,0.0227045771271014,TRUE,0.321236199353046,1.00099071002531
187,"rand=1-2_rate=1.5_ROB=L_UH_Bias=No Bias","1-2",1.5,"L_UH","No Bias",0,0,0,0,0,0,0.0108409534639478,0.025814838602509,-0.0586082093656661,TRUE,0.492692950927216,1.0010074739363,-0.0966801118531178,TRUE,0.33929190259622,1.00099103623976,-0.29966903023131,FALSE,0.617559867129024,1.00158026752558,-0.00319471736007881,TRUE,0.436535833080873,1.00100120121589
188,"rand=1-2_rate=1.5_ROB=L_UH_Bias=No Bias","1-2",1.5,"L_UH","No Bias",0,0,0,0,0,0,-0.000795612106357912,0.0203329553829908,-0.0846150172060134,TRUE,0.505072174744031,1.00113112590535,-0.0208111853419777,TRUE,0.391769065408044,1.00098967811318,-0.0678884741688381,TRUE,0.539283324498127,1.00102016913563,0.0209941944382713,TRUE,0.72001478879718,1.00099872075747
189,"rand=1-2_rate=1.5_ROB=L_UH_Bias=No Bias","1-2",1.5,"L_UH","No Bias",0,0,0,0,0,0,0.00646316277102196,0.019541365588476,-0.0878364288936131,TRUE,0.647380640593443,1.00123547858542,-0.09187918012368,TRUE,0.487676634067462,1.00098659039295,-0.0410279800186262,TRUE,0.686331173426238,1.00105862239171,-0.142074050860826,TRUE,0.939170447859663,1.00098782653091
190,"rand=1-2_rate=1.5_ROB=L_UH_Bias=No Bias","1-2",1.5,"L_UH","No Bias",0,0,0,0,0,0,0.011894024606708,0.0251506861472836,-0.0560972312056582,TRUE,0.544186719300067,1.00100688616257,-0.000401734185941915,TRUE,0.382194521910755,1.0009864917316,-0.0207429052465089,TRUE,0.555118824189652,1.0010076497608,0.0197818875094421,TRUE,0.679123626224521,1.00101627935056
191,"rand=1-2_rate=1.5_ROB=L_UH_Bias=No Bias","1-2",1.5,"L_UH","No Bias",0,0,0,0,0,0,-0.00842156067202767,0.0251003702500574,-0.0467096987797819,TRUE,0.448920264506164,1.00161915707796,-0.0803185465655138,TRUE,0.287828698015001,1.0009860417268,0.118143030741563,TRUE,0.418718008454371,1.00098632159079,-0.167970551765133,TRUE,0.366077151493731,1.0009971172767
192,"rand=1-2_rate=1.5_ROB=L_UH_Bias=No Bias","1-2",1.5,"L_UH","No Bias",0,0,0,0,0,0,-0.00266593379856447,0.026441771043441,-0.14437677729914,TRUE,0.594231731561388,1.00118691879773,-0.103657399761258,TRUE,0.49962541152776,1.00100406247591,-0.177495285623676,TRUE,0.554039482874805,1.00114201856554,-0.033269086045145,TRUE,1.14260078724022,1.00098819909784
193,"rand=1-2_rate=1.5_ROB=L_UH_Bias=No Bias","1-2",1.5,"L_UH","No Bias",0,0,0,0,0,0,0.0124152683648815,0.0222260191493504,-0.140268487418548,TRUE,0.681132582203299,1.00101788195827,-0.1936612364726,TRUE,0.51512624537794,1.0010356583348,-0.0352451959703668,TRUE,0.662047747671578,1.00103982914244,-0.372645635750892,TRUE,0.952325255127955,1.00108252184329
194,"rand=1-2_rate=1.5_ROB=L_UH_Bias=No Bias","1-2",1.5,"L_UH","No Bias",0,0,0,0,0,0,0.00463481807480159,0.030437747132521,-0.0330284880539518,TRUE,0.375755844457955,1.00098654208348,-0.0439675317178929,TRUE,0.207650260813021,1.00099980997902,0.0535880502502233,TRUE,0.413914187270063,1.00105526075297,-0.068529430761779,TRUE,0.267007894374799,1.00102418338092
195,"rand=1-2_rate=1.5_ROB=L_UH_Bias=No Bias","1-2",1.5,"L_UH","No Bias",0,0,0,0,0,0,-0.00729483482964083,0.0265587894798524,0.0178942557494867,TRUE,0.450851655889426,1.00105577951746,-0.0138608049774329,TRUE,0.349643779900666,1.00119826531156,0.0684356791607909,TRUE,0.398489753062429,1.0014114989796,-0.0903941750184747,TRUE,0.75541334568901,1.00099926616265
196,"rand=1-2_rate=1.5_ROB=L_UH_Bias=No Bias","1-2",1.5,"L_UH","No Bias",0,0,0,0,0,0,0.00593414253455917,0.0256190131481147,-0.0592320236280659,TRUE,0.496844943662631,1.00101384302678,-0.120611908239014,TRUE,0.408745751362717,1.0009898151269,-0.00609332046356426,TRUE,0.434377843720698,1.00104505565091,-0.23301982329694,TRUE,0.978460087907325,1.00103026151127
197,"rand=1-2_rate=1.5_ROB=L_UH_Bias=No Bias","1-2",1.5,"L_UH","No Bias",0,0,0,0,0,0,0.0118729274429246,0.028701125659288,0.0642633765243761,TRUE,0.381728338112955,1.00105662975019,0.0608615963126493,TRUE,0.292235705435826,1.00098782787758,0.190968021272854,TRUE,0.456374257040484,1.00103292149815,-0.0210376542169139,TRUE,0.382764872679276,1.00099014715139
198,"rand=1-2_rate=1.5_ROB=L_UH_Bias=No Bias","1-2",1.5,"L_UH","No Bias",0,0,0,0,0,0,-0.00717023737737477,0.0206815012253507,0.111785273137556,TRUE,0.407807471244575,1.0011740875128,-0.00965187010207669,TRUE,0.387352918415982,1.00099111887719,0.0576082565564054,TRUE,0.450914266217661,1.00098599448142,-0.0615435540843767,TRUE,0.805983041071754,1.00098669072859
199,"rand=1-2_rate=1.5_ROB=L_UH_Bias=No Bias","1-2",1.5,"L_UH","No Bias",0,0,0,0,0,0,0.00862916243391406,0.0301544484940215,0.054503677828711,TRUE,0.375453354377091,1.00100901174825,0.0808924211411497,TRUE,0.195176933708193,1.00131848511456,-0.0301353577791248,TRUE,0.479470280914851,1.00114529038774,0.106648613269722,TRUE,0.238530984214993,1.00099402148079
200,"rand=1-2_rate=1.5_ROB=L_UH_Bias=No Bias","1-2",1.5,"L_UH","No Bias",0,0,0,0,0,0,-0.0165416123009552,0.0291769264209206,0.136761806654821,TRUE,0.400575205072817,1.00100671194782,0.146179705564886,TRUE,0.271741281772073,1.00107647303626,0.127262411324113,TRUE,0.403428506440802,1.00168918194308,0.161796338312927,TRUE,0.484032349058365,1.00101439850643
201,"rand=1-2_rate=1.5_ROB=L_UH_Bias=No Bias","1-2",1.5,"L_UH","No Bias",0,0,0,0,0,0,0.0073372985534913,0.0323513865184099,0.0171615519393509,TRUE,0.5831487786695,1.00098713593975,0.0257882829396214,TRUE,0.44762736164986,1.00099639080469,-0.106311197061673,TRUE,0.634715886415147,1.00105024717257,0.154280341574608,TRUE,0.772416654770645,1.00098656043912
202,"rand=1-2_rate=1.5_ROB=L_UH_Bias=No Bias","1-2",1.5,"L_UH","No Bias",0,0,0,0,0,0,0.00489574564354054,0.0221820031420643,-0.0253346220135486,TRUE,0.445001405105631,1.00126428423537,-0.0294264721660347,TRUE,0.309157248201519,1.00105688571709,-0.0745999673731634,TRUE,0.527788167921341,1.00098828872561,-0.00390190570131699,TRUE,0.474298300652626,1.00100979638373
203,"rand=1-2_rate=1.5_ROB=L_UH_Bias=No Bias","1-2",1.5,"L_UH","No Bias",0,0,0,0,0,0,-0.0109347077149183,0.0227068731821774,-0.00268525414682652,TRUE,0.479049636838546,1.00132180471562,-0.046977462668871,TRUE,0.383587339742867,1.00103357719143,-0.027773549690397,TRUE,0.461436320628051,1.00098721542096,-0.0491427212744091,TRUE,0.815603150582196,1.00100043599563
204,"rand=1-2_rate=1.5_ROB=L_UH_Bias=No Bias","1-2",1.5,"L_UH","No Bias",0,0,0,0,0,0,-0.0138258027449174,0.024296285714761,0.124308205270451,TRUE,0.44491461714152,1.00099896634753,0.112827866814125,TRUE,0.326715234336375,1.00103132833059,-0.0452417193253383,TRUE,0.569972022964821,1.00103596825108,0.214008329135986,TRUE,0.408204706754413,1.00103447127089
205,"rand=1-2_rate=1.5_ROB=L_UH_Bias=No Bias","1-2",1.5,"L_UH","No Bias",0,0,0,0,0,0,-0.015521508010944,0.025998784916938,0.104636484830434,TRUE,0.403472540283867,1.00114822746274,0.0580936947355921,TRUE,0.301766934260703,1.00105225131789,0.0991650512590208,TRUE,0.394839471761274,1.00099653008593,0.034269563221813,TRUE,0.594794451476291,1.00100856074071
206,"rand=1-2_rate=1.5_ROB=L_UH_Bias=No Bias","1-2",1.5,"L_UH","No Bias",0,0,0,0,0,0,0.00117602734137494,0.0175725502156203,0.0802938575237623,TRUE,0.439043099848755,1.00103114821496,0.133727474557103,TRUE,0.283474383343851,1.00100580049661,-0.0683838596269672,TRUE,0.531812638438184,1.0010234578736,0.228333748915467,FALSE,0.291712508177668,1.00098812015186
207,"rand=1-2_rate=1.5_ROB=L_UH_Bias=No Bias","1-2",1.5,"L_UH","No Bias",0,0,0,0,0,0,0.000434486509390327,0.0226743008941582,0.000281818922023946,TRUE,0.385382924064613,1.00138935827843,-0.0372304309459326,TRUE,0.213312221206882,1.0010594854473,0.0172786612869552,TRUE,0.470736258017135,1.00124980345539,-0.0527256953220965,TRUE,0.288013266902379,1.00098867817045
208,"rand=1-2_rate=1.5_ROB=L_UH_Bias=No Bias","1-2",1.5,"L_UH","No Bias",0,0,0,0,0,0,0.00996139338932125,0.024372927214764,-0.212326421121274,TRUE,0.466403078863991,1.00122162454097,-0.164576810855575,FALSE,0.287351016068884,1.00099916099066,-0.0546558724868178,TRUE,0.495657454897762,1.00100386462338,-0.209941940167985,FALSE,0.420142629125145,1.00098675491307
209,"rand=1-2_rate=1.5_ROB=L_UH_Bias=No Bias","1-2",1.5,"L_UH","No Bias",0,0,0,0,0,0,-0.00999155105635291,0.022027208314119,-0.0708122373193927,TRUE,0.544677847316633,1.00109963959793,-0.0625422007942062,TRUE,0.446810004738174,1.00098602725687,-0.144968941468953,TRUE,0.543938914370485,1.00099650568254,0.0244525622292,TRUE,0.899452003288602,1.00098599704399
210,"rand=1-2_rate=1.5_ROB=L_UH_Bias=No Bias","1-2",1.5,"L_UH","No Bias",0,0,0,0,0,0,-0.00959315272365828,0.0225884934315402,0.00400237280064708,TRUE,0.399526434521223,1.00103291684519,-0.00304970041518615,TRUE,0.231728542167909,1.00102100457138,0.0556573011675577,TRUE,0.420499670569989,1.00181362070086,-0.0254415802797519,TRUE,0.330663273877118,1.00098629190192
211,"rand=1-2_rate=1.5_ROB=L_UH_Bias=No Bias","1-2",1.5,"L_UH","No Bias",0,0,0,0,0,0,0.00656315467863755,0.0200345021083676,-0.139734280734953,TRUE,0.493290512120656,1.00100873835401,-0.080910064542653,TRUE,0.318685765335291,1.00099127653433,-0.183715396781202,TRUE,0.563199839715101,1.00103252531248,-0.0290139012097161,TRUE,0.455428640117641,1.00109936796391
212,"rand=1-2_rate=1.5_ROB=L_UH_Bias=No Bias","1-2",1.5,"L_UH","No Bias",0,0,0,0,0,0,-0.00247334206343844,0.0214770799225679,-0.0164911726762986,TRUE,0.420615276929983,1.00098600859921,-0.0762262687203445,TRUE,0.312866787632726,1.00105022014067,0.0928840900149802,TRUE,0.391541959124863,1.0020178865367,-0.189941379186657,TRUE,0.513017039161891,1.00100025004071
213,"rand=1-2_rate=1.5_ROB=L_UH_Bias=No Bias","1-2",1.5,"L_UH","No Bias",0,0,0,0,0,0,-0.00901606501468839,0.0235222135695123,0.110071685382168,TRUE,0.473836201250007,1.00118784961823,0.123486898869328,TRUE,0.350830992951448,1.00103354078595,0.205052884959783,TRUE,0.515058899583808,1.0010022255442,0.058032633017245,TRUE,0.579470170091274,1.00098599076838
214,"rand=1-2_rate=1.5_ROB=L_UH_Bias=No Bias","1-2",1.5,"L_UH","No Bias",0,0,0,0,0,0,0.000631161186992897,0.0271817080805497,-0.0804006765754481,TRUE,0.512799333521233,1.00112762955845,-0.0434530271112041,TRUE,0.351280851006789,1.0010230087054,-0.0317617000555406,TRUE,0.480201037982746,1.00124977870308,-0.0514410168194994,TRUE,0.681921451881238,1.0010208629911
215,"rand=1-2_rate=1.5_ROB=L_UH_Bias=No Bias","1-2",1.5,"L_UH","No Bias",0,0,0,0,0,0,0.00402553679326161,0.0277449103812298,0.0386732928037306,TRUE,0.371113412722379,1.00099056543241,0.0210657131874205,TRUE,0.20278310737787,1.00110954002107,0.0393313751478266,TRUE,0.602294320206045,1.00098800246455,0.0165094845035726,TRUE,0.217453122340194,1.00138631478405
216,"rand=1-2_rate=1.5_ROB=L_UH_Bias=No Bias","1-2",1.5,"L_UH","No Bias",0,0,0,0,0,0,-0.011447828819276,0.0255338767574147,0.106026149494685,TRUE,0.379760464432525,1.00105865953568,0.127728035249941,TRUE,0.242235537698748,1.00100302885666,0.0812795406501149,TRUE,0.509012154284109,1.00098847303234,0.149843698984433,TRUE,0.31464748143055,1.00105976036007
217,"rand=1-2_rate=1.5_ROB=L_UH_Bias=No Bias","1-2",1.5,"L_UH","No Bias",0,0,0,0,0,0,0.00336388114966915,0.0279993562258163,-0.0871782315723886,TRUE,0.463388846765508,1.0019156178355,-0.0744118857051204,TRUE,0.280350611713583,1.0010055932265,-0.0905585901445531,TRUE,0.539791697066953,1.00124658601876,-0.0660296749210212,TRUE,0.40937256393569,1.00098958830947
218,"rand=1-2_rate=1.5_ROB=L_UH_Bias=No Bias","1-2",1.5,"L_UH","No Bias",0,0,0,0,0,0,0.0111987127186513,0.0411014209191353,-0.0383994095510427,TRUE,0.414693843400799,1.00098695449684,-0.0648991149639537,TRUE,0.269834584819559,1.00099615434227,-0.13508367046684,TRUE,0.544885283150261,1.00098958858933,-0.0415393855552684,TRUE,0.372659092928738,1.00100901305336
219,"rand=1-2_rate=1.5_ROB=L_UH_Bias=No Bias","1-2",1.5,"L_UH","No Bias",0,0,0,0,0,0,0.00216975214127418,0.0287750394446739,0.0794254394076124,TRUE,0.435501705669061,1.0009903202437,0.0522212795686617,TRUE,0.318049964427671,1.00103006131031,0.0865821056621504,TRUE,0.458145286332692,1.00146446352393,0.0252560588889049,TRUE,0.572944774191021,1.00098609590672
220,"rand=1-2_rate=1.5_ROB=L_UH_Bias=No Bias","1-2",1.5,"L_UH","No Bias",0,0,0,0,0,0,0.00764383180400823,0.0343625724346896,0.0425767242555539,TRUE,0.432241222935068,1.00101807249096,0.063930546813212,TRUE,0.290692831483067,1.0009885820283,-0.0345080478639568,TRUE,0.523630106890768,1.00136676623695,0.113840899614093,TRUE,0.402256181526015,1.0010104178083
221,"rand=1-2_rate=1.5_ROB=L_UH_Bias=No Bias","1-2",1.5,"L_UH","No Bias",0,0,0,0,0,0,-0.0105002840724473,0.0272253958642399,-0.159269026837374,TRUE,0.562857662663182,1.00098622414052,-0.154049627801158,TRUE,0.432785473635516,1.00098674961995,-0.114227491356432,TRUE,0.523272228507128,1.0010107761568,-0.190279028360721,TRUE,0.902694710128615,1.00099925937298
222,"rand=1-2_rate=1.5_ROB=L_UH_Bias=No Bias","1-2",1.5,"L_UH","No Bias",0,0,0,0,0,0,-0.0105979645016533,0.0224495197388765,-0.0418565844147567,TRUE,0.510768413830717,1.00099893858709,-0.0913235192218189,TRUE,0.41398380518185,1.00111563238304,0.0398313137037556,TRUE,0.571620874720165,1.00099802799177,-0.202071521982104,TRUE,0.696551657135068,1.00115278049934
223,"rand=1-2_rate=1.5_ROB=L_UH_Bias=No Bias","1-2",1.5,"L_UH","No Bias",0,0,0,0,0,0,0.00392866234462396,0.0237581099467133,0.0547414727548849,TRUE,0.415388296454908,1.00103959788132,0.0530365986487142,TRUE,0.274256031901718,1.00099162074683,0.111061872600167,TRUE,0.413480446059252,1.00137988559869,0.0211315795139617,TRUE,0.458516945469594,1.00103394723937
224,"rand=1-2_rate=1.5_ROB=L_UH_Bias=No Bias","1-2",1.5,"L_UH","No Bias",0,0,0,0,0,0,-0.000984478050413248,0.0187936507066647,-0.0575717975426693,TRUE,0.679421028371744,1.0010079477397,-0.0649496962488847,TRUE,0.532521301400957,1.00104544824737,-0.0163543991202897,TRUE,0.750333635640964,1.00098608089291,-0.12227113326487,TRUE,1.02720970981558,1.00099485485093
225,"rand=1-2_rate=1.5_ROB=L_UH_Bias=No Bias","1-2",1.5,"L_UH","No Bias",0,0,0,0,0,0,0.000177653329104434,0.029399714257356,0.10287926379887,TRUE,0.37791312460166,1.00100361950039,0.112479650671088,TRUE,0.235252438883265,1.00110269604016,0.125928339551672,TRUE,0.480006975475247,1.00149576309639,0.109974045487565,TRUE,0.306359815371944,1.00098641332434
226,"rand=1-2_rate=1.5_ROB=L_UH_Bias=No Bias","1-2",1.5,"L_UH","No Bias",0,0,0,0,0,0,0.0165408667080035,0.0302359037751266,0.000371082970196168,TRUE,0.390539631336643,1.00107257437516,-0.00249103827917763,TRUE,0.331553763211917,1.0009870830193,-0.172141739000384,TRUE,0.557022412311684,1.00128792456533,0.0953482313701054,TRUE,0.46164620675383,1.00106727196474
227,"rand=1-2_rate=1.5_ROB=L_UH_Bias=No Bias","1-2",1.5,"L_UH","No Bias",0,0,0,0,0,0,0.00518661409055159,0.0244755402163224,0.0221948173623094,TRUE,0.421501939011671,1.0009942098026,0.0139698576162397,TRUE,0.262348783925505,1.00109323597314,0.0254587031191097,TRUE,0.43189477188481,1.00118859420885,0.00917438005606686,TRUE,0.423695065603423,1.00099267866207
228,"rand=1-2_rate=1.5_ROB=L_UH_Bias=No Bias","1-2",1.5,"L_UH","No Bias",0,0,0,0,0,0,-0.00614310704671972,0.0256655108129484,-0.0634622905123909,TRUE,0.454678959919933,1.00145000998075,-0.0637589765524718,TRUE,0.315510911202399,1.00103738192363,-0.0977439750881013,TRUE,0.487674819919834,1.0010115941006,-0.0412135371842255,TRUE,0.53691622503155,1.00099468376304
229,"rand=1-2_rate=1.5_ROB=L_UH_Bias=No Bias","1-2",1.5,"L_UH","No Bias",0,0,0,0,0,0,-0.0112626395146654,0.0248421497786357,0.126518741479749,TRUE,0.397122864600578,1.00098599019253,0.115968202315337,TRUE,0.257191016129402,1.00098633163958,0.117043913637269,TRUE,0.484764805690325,1.00120091630866,0.116299901847731,TRUE,0.36058351029543,1.00098608809468
230,"rand=1-2_rate=1.5_ROB=L_UH_Bias=No Bias","1-2",1.5,"L_UH","No Bias",0,0,0,0,0,0,-0.0176097324646727,0.0310395059017566,-0.0937714106863787,TRUE,0.557443405046304,1.00105665203873,-0.014108744174895,TRUE,0.377624240738544,1.00098898515928,0.109639794952751,TRUE,0.448811051219896,1.0010327533077,-0.13054828843413,TRUE,0.721118141618061,1.00098906793377
231,"rand=1-2_rate=1.5_ROB=L_UH_Bias=No Bias","1-2",1.5,"L_UH","No Bias",0,0,0,0,0,0,0.00575385952537343,0.0244059694765157,-0.00241879550892454,TRUE,0.414865636639844,1.00101595969644,-0.0644684815580336,TRUE,0.317767011103911,1.00101324674469,-0.059418324526582,TRUE,0.472424955300974,1.00115173077557,-0.0716550951980364,TRUE,0.587560636405732,1.00110748996995
232,"rand=1-2_rate=1.5_ROB=L_UH_Bias=No Bias","1-2",1.5,"L_UH","No Bias",0,0,0,0,0,0,0.0021458206271426,0.0253829137970023,-0.0379228831131073,TRUE,0.482743756234577,1.00102167036815,0.00265048014265246,TRUE,0.324434984018449,1.00099105259278,-0.10193373041437,TRUE,0.494927552734432,1.00099293549474,0.0688294003391027,TRUE,0.540048066647105,1.00098675357773
233,"rand=1-2_rate=1.5_ROB=L_UH_Bias=No Bias","1-2",1.5,"L_UH","No Bias",0,0,0,0,0,0,0.0116532810957334,0.0325247692619468,0.0910184724864266,TRUE,0.447546687879519,1.00098993282478,0.0532853301528966,TRUE,0.368477981098615,1.00098857813508,0.111668862799043,TRUE,0.419277721562909,1.00172793003807,-0.00191249122595738,TRUE,0.817026426769685,1.00100032915678
234,"rand=1-2_rate=1.5_ROB=L_UH_Bias=No Bias","1-2",1.5,"L_UH","No Bias",0,0,0,0,0,0,-0.00246013142573478,0.0222556234786818,0.0679714112203762,TRUE,0.471011547191054,1.00109451828054,0.050550580114112,TRUE,0.369534040261193,1.00098717809026,0.0995057586138045,TRUE,0.493348566351661,1.00099785705238,0.00148942302455435,TRUE,0.700615813757026,1.00099151483383
235,"rand=1-2_rate=1.5_ROB=L_UH_Bias=No Bias","1-2",1.5,"L_UH","No Bias",0,0,0,0,0,0,0.0111110452185299,0.0273100440978913,0.0305516954368354,TRUE,0.415677060479974,1.00109100124269,0.0223521840595459,TRUE,0.277557889395658,1.00114289276243,0.0751274381461458,TRUE,0.476988340484674,1.00139350510843,-0.00597700193826189,TRUE,0.421971143756306,1.00104936752576
236,"rand=1-2_rate=1.5_ROB=L_UH_Bias=No Bias","1-2",1.5,"L_UH","No Bias",0,0,0,0,0,0,-0.000868526869463813,0.0297295133564497,0.0811145439863609,TRUE,0.419557747518995,1.00100903092281,0.148757016871456,TRUE,0.310464025883573,1.00098622086688,0.0472265883875944,TRUE,0.473631364481749,1.00105078872584,0.222590300129227,TRUE,0.482630256862147,1.00103033694616
237,"rand=1-2_rate=1.5_ROB=L_UH_Bias=No Bias","1-2",1.5,"L_UH","No Bias",0,0,0,0,0,0,0.00222523816409148,0.022309957233268,-0.0479736820941257,TRUE,0.416306522986625,1.00130930072054,-0.00112974710551095,TRUE,0.20875010490406,1.00099463570158,-0.177608123580604,TRUE,0.741585409405987,1.00101760064728,0.0305674909853704,TRUE,0.183068931371666,1.00106170151376
238,"rand=1-2_rate=1.5_ROB=L_UH_Bias=No Bias","1-2",1.5,"L_UH","No Bias",0,0,0,0,0,0,-0.00842711655086899,0.0372518148511381,0.0733914152932074,TRUE,0.491115150801373,1.00101613582363,0.0933315087445185,TRUE,0.383624269845185,1.00111661883851,-0.0184214478000424,TRUE,0.488505044924345,1.00103807476324,0.192950198167662,TRUE,0.718348479391686,1.00103592470474
239,"rand=1-2_rate=1.5_ROB=L_UH_Bias=No Bias","1-2",1.5,"L_UH","No Bias",0,0,0,0,0,0,-0.00693270324325375,0.0312660037711765,-0.0743833692035645,TRUE,0.494402779509427,1.00106293344604,-0.0177252583882714,TRUE,0.333863879171353,1.00098608084922,-0.157923213646113,TRUE,0.564119650217068,1.00115223173292,0.0632435587145278,TRUE,0.472713229161971,1.00102137444942
240,"rand=1-2_rate=1.5_ROB=L_UH_Bias=No Bias","1-2",1.5,"L_UH","No Bias",0,0,0,0,0,0,-0.0181648260382154,0.0262452240673285,0.00910712084373622,TRUE,0.568295979307765,1.00106279917605,-0.0054559583313103,TRUE,0.426247138787709,1.00107755421518,-0.0981834810866369,TRUE,0.770893772446018,1.00098603112838,0.0793679960286534,TRUE,0.547890399096515,1.00101273686986
241,"rand=1-2_rate=1.5_ROB=L_UH_Bias=No Bias","1-2",1.5,"L_UH","No Bias",0,0,0,0,0,0,-0.000865612297055282,0.0243677615231493,0.0328445600595338,TRUE,0.410122869309727,1.00118331931085,0.107443947304255,TRUE,0.29091826033562,1.00099857585038,0.00555673557134795,TRUE,0.556211340225889,1.00102520260871,0.170812845465391,TRUE,0.363663169291004,1.00102402544442
242,"rand=1-2_rate=1.5_ROB=L_UH_Bias=No Bias","1-2",1.5,"L_UH","No Bias",0,0,0,0,0,0,0.00662148685204325,0.0211441286928431,-0.0494468609594405,TRUE,0.455898007912332,1.00099154966702,-0.116342245633153,TRUE,0.33456746178558,1.00099701839473,-0.149456334571215,TRUE,0.56597112027801,1.00114161656316,-0.101030242724976,TRUE,0.508888517543298,1.00099233848112
243,"rand=1-2_rate=1.5_ROB=L_UH_Bias=No Bias","1-2",1.5,"L_UH","No Bias",0,0,0,0,0,0,-0.010091050819943,0.0246142633051109,-0.0442545442663169,TRUE,0.523139188630519,1.00099044165701,-0.0060427557187237,TRUE,0.407162049358927,1.00105674545694,0.0321080953652969,TRUE,0.458021809554246,1.00131630809141,-0.0501820764078214,TRUE,0.936251916958015,1.00102055480286
244,"rand=1-2_rate=1.5_ROB=L_UH_Bias=No Bias","1-2",1.5,"L_UH","No Bias",0,0,0,0,0,0,-0.0034265759555318,0.0205774704906591,0.0835970216674101,TRUE,0.390854764881324,1.00148477075335,0.0604329529098437,TRUE,0.259396227157912,1.00099509148402,0.0811525874653917,TRUE,0.424307543293336,1.00122772215919,0.0514901502794672,TRUE,0.426800944600585,1.00098692313945
245,"rand=1-2_rate=1.5_ROB=L_UH_Bias=No Bias","1-2",1.5,"L_UH","No Bias",0,0,0,0,0,0,0.0104659911625263,0.0282120775024411,0.0923611326022389,TRUE,0.382185997670787,1.00100391103166,0.0618010118023916,TRUE,0.259404582211436,1.00098862351937,0.0828094317127227,TRUE,0.424204275029447,1.00098671032325,0.049326677418884,TRUE,0.444467901779556,1.00098654822825
246,"rand=1-2_rate=1.5_ROB=L_UH_Bias=No Bias","1-2",1.5,"L_UH","No Bias",0,0,0,0,0,0,-0.000853609255352742,0.0175403023218887,0.0755497935296864,TRUE,0.433520244751944,1.00104858563973,0.129438338904112,TRUE,0.269367580874518,1.00099552853831,-0.00231812218080618,TRUE,0.453690685281149,1.00113235527523,0.201186937342975,TRUE,0.393452562534261,1.0009879646962
247,"rand=1-2_rate=1.5_ROB=L_UH_Bias=No Bias","1-2",1.5,"L_UH","No Bias",0,0,0,0,0,0,0.00297997311136084,0.0227560679500366,-0.0880002895998309,TRUE,0.573194549387365,1.00099681381317,-0.0453963387228176,TRUE,0.397219671216764,1.00098674590574,-0.00120492639205416,TRUE,0.602010603925149,1.00098660204959,-0.0852977247304127,TRUE,0.673434916281006,1.00102981629418
248,"rand=1-2_rate=1.5_ROB=L_UH_Bias=No Bias","1-2",1.5,"L_UH","No Bias",0,0,0,0,0,0,-0.00711331278330086,0.0200379186226817,0.0368443616564408,TRUE,0.479208827143757,1.00120233951218,0.0838067397648339,TRUE,0.349678074059292,1.00098603104276,0.0814285639597562,TRUE,0.459355353603449,1.0015341867415,0.0759730379663401,TRUE,0.687974794011519,1.0009893622831
249,"rand=1-2_rate=1.5_ROB=L_UH_Bias=No Bias","1-2",1.5,"L_UH","No Bias",0,0,0,0,0,0,0.00556851862170819,0.0304987067842987,0.118364081888186,TRUE,0.458878804979032,1.00098710383463,0.037978380996293,TRUE,0.404642907505766,1.00108705717116,0.134934824268772,TRUE,0.50186550161066,1.00107376422906,-0.0641028808401791,TRUE,0.825080469379782,1.00098683978982
250,"rand=1-2_rate=1.5_ROB=L_UH_Bias=No Bias","1-2",1.5,"L_UH","No Bias",0,0,0,0,0,0,-0.00459038060244235,0.0241300275918619,0.0850099580768117,TRUE,0.370600933927531,1.00100657781951,0.12546423804124,FALSE,0.208986780133154,1.00099270127475,0.0991325107135964,TRUE,0.464485378008531,1.00117074198925,0.135335638734791,TRUE,0.271966150365311,1.00102525709866
251,"rand=1-2_rate=1.5_ROB=L_UH_Bias=No Bias","1-2",1.5,"L_UH","No Bias",0,0,0,0,0,0,0.00974452549009665,0.0303173360475173,0.110364775621622,TRUE,0.381887779790575,1.00100712027565,0.127793521770911,TRUE,0.254999907521065,1.00100118845241,0.0938488984666672,TRUE,0.494697088366953,1.00098928863275,0.146168908962571,TRUE,0.3517680231245,1.00101347156282
252,"rand=1-2_rate=1.5_ROB=L_UH_Bias=No Bias","1-2",1.5,"L_UH","No Bias",0,0,0,0,0,0,-0.00472925043456089,0.0236145410256762,-0.000512034767985003,TRUE,0.443480713543901,1.00099228512092,-0.0125691695780006,TRUE,0.301197981872397,1.00098606445223,0.000858542337402901,TRUE,0.436163799657405,1.00179966124863,-0.0236914111814253,TRUE,0.571191010396123,1.00106195636537
253,"rand=1-2_rate=1.5_ROB=L_UH_Bias=No Bias","1-2",1.5,"L_UH","No Bias",0,0,0,0,0,0,-0.00687169343168896,0.0240731832220734,-0.0040895996852135,TRUE,0.512566721114459,1.00101110881523,0.0251073030907749,TRUE,0.344950331480239,1.00107977743449,0.0813744128205273,TRUE,0.674935812266001,1.0010565486331,0.00267446500577817,TRUE,0.458316617990014,1.00100809547739
254,"rand=1-2_rate=1.5_ROB=L_UH_Bias=No Bias","1-2",1.5,"L_UH","No Bias",0,0,0,0,0,0,-0.00675980528931493,0.0235463733474921,0.0416979239553947,TRUE,0.463016203723993,1.00098727543277,0.0304468294154492,TRUE,0.328805195133811,1.00099662716082,0.149703989863929,TRUE,0.408467240428306,1.00106473653812,-0.0694636167334681,TRUE,0.590621252649007,1.00103126770588
255,"rand=1-2_rate=1.5_ROB=L_UH_Bias=No Bias","1-2",1.5,"L_UH","No Bias",0,0,0,0,0,0,0.0117391568070737,0.0209480318456163,0.0498526239698591,TRUE,0.464504781838705,1.00103208695413,-0.0449599937761926,TRUE,0.409450585820322,1.00102286354059,0.0136344041238178,TRUE,0.507109741539279,1.00104381216011,-0.0921762996961366,TRUE,0.831018375955604,1.0009986440665
256,"rand=1-2_rate=1.5_ROB=L_UH_Bias=No Bias","1-2",1.5,"L_UH","No Bias",0,0,0,0,0,0,-0.00511458917099339,0.0309958460393798,0.110468365329823,TRUE,0.484533243415652,1.00099373697819,0.0772626964841031,TRUE,0.402111643231733,1.00099922884221,0.142304892513641,TRUE,0.499704869451276,1.00102943845018,0.00238067338909453,TRUE,0.844226113322455,1.0009969877061
257,"rand=1-2_rate=1.5_ROB=L_UH_Bias=No Bias","1-2",1.5,"L_UH","No Bias",0,0,0,0,0,0,-0.0052352772102266,0.0264027360359743,-0.0511303516713808,TRUE,0.47767001473729,1.00108134450294,-0.096505837123299,TRUE,0.368284808351972,1.00100188993692,0.0130937332304858,TRUE,0.451266214674101,1.00100314292185,-0.179834002666724,TRUE,0.731912835724414,1.00098837428924
258,"rand=1-2_rate=1.5_ROB=L_UH_Bias=No Bias","1-2",1.5,"L_UH","No Bias",0,0,0,0,0,0,0.00382653989730142,0.0233660490464914,0.0173527248817893,TRUE,0.437631054599934,1.00098611226596,-0.0446054899871438,TRUE,0.368764941563995,1.00099196108936,0.0348580709296252,TRUE,0.447588966235733,1.00099448809274,-0.0965760260959094,TRUE,0.790403841712888,1.00099792388111
259,"rand=1-2_rate=1.5_ROB=L_UH_Bias=No Bias","1-2",1.5,"L_UH","No Bias",0,0,0,0,0,0,0.00275549935625172,0.0246761287476155,-0.0370939408138105,TRUE,0.476914985761209,1.00100044391287,-0.0739105027511269,TRUE,0.340466399138629,1.00106120679693,-0.0840208338643191,TRUE,0.54106575315404,1.00112118544429,-0.0682097277685356,TRUE,0.552218617708738,1.00100823398286
260,"rand=1-2_rate=1.5_ROB=L_UH_Bias=No Bias","1-2",1.5,"L_UH","No Bias",0,0,0,0,0,0,0.0007101894059393,0.0241580551265053,-0.0288529425399728,TRUE,0.457742508384314,1.00126207345771,0.0564849212302939,TRUE,0.308806512603634,1.00104380649944,-0.0818702495079788,TRUE,0.576177814944185,1.00099229404643,0.132139992145039,TRUE,0.397830140831018,1.0009860246202
261,"rand=1-2_rate=1.5_ROB=L_UH_Bias=No Bias","1-2",1.5,"L_UH","No Bias",0,0,0,0,0,0,-0.00486765267357551,0.0299053885477372,-0.138120376688304,TRUE,0.548871324352375,1.00101662632019,-0.0760718951032504,TRUE,0.39885755245098,1.00099810946779,-0.18555360716814,TRUE,0.566793598932424,1.00103725851757,0.015650738256093,TRUE,0.689596291169908,1.00099011703082
262,"rand=1-2_rate=1.5_ROB=L_UH_Bias=No Bias","1-2",1.5,"L_UH","No Bias",0,0,0,0,0,0,-0.00565489989346169,0.0215442268524472,-0.0653614901355113,TRUE,0.50472263637018,1.00149009298626,-0.0307531133214105,TRUE,0.35588818126162,1.00104126396893,-0.055300117482137,TRUE,0.43775380833333,1.00108719230703,-0.00850577947461906,TRUE,0.753273128621434,1.00098943253281
263,"rand=1-2_rate=1.5_ROB=L_UH_Bias=No Bias","1-2",1.5,"L_UH","No Bias",0,0,0,0,0,0,-0.00407570310709137,0.0230823473436164,0.0701769776303894,TRUE,0.440789790551871,1.00099607174873,0.0196076864739047,TRUE,0.353361782797487,1.00112034343888,0.0971102612239169,TRUE,0.387673042141629,1.00194856869333,-0.0573232956110374,TRUE,0.802491454960376,1.00100034293782
264,"rand=1-2_rate=1.5_ROB=L_UH_Bias=No Bias","1-2",1.5,"L_UH","No Bias",0,0,0,0,0,0,-0.0031363732916144,0.0265981130626386,-0.0509522917505769,TRUE,0.478423088785431,1.00100123447405,-0.034263469302914,TRUE,0.302947497605504,1.00099499828545,-0.135619544167026,TRUE,0.65578639414194,1.00100172505116,0.0122787950217689,TRUE,0.358823437369127,1.00100739027687
265,"rand=1-2_rate=1.5_ROB=L_UH_Bias=No Bias","1-2",1.5,"L_UH","No Bias",0,0,0,0,0,0,-0.000100020826564812,0.0294259890221732,0.0408292075668766,TRUE,0.425499785353574,1.00101876955651,0.104401840934012,TRUE,0.305890211909362,1.0009860335375,-0.127051606729269,TRUE,0.499303779486633,1.00179994820821,0.233004170850533,FALSE,0.360400040940196,1.00099348500578
266,"rand=1-2_rate=1.5_ROB=L_UH_Bias=No Bias","1-2",1.5,"L_UH","No Bias",0,0,0,0,0,0,0.000979272826676156,0.0334935848929332,0.145492880123758,TRUE,0.425098399614895,1.00100570824567,0.132103663342158,TRUE,0.326682364028578,1.00098878459086,0.0950071717071497,TRUE,0.480311013627739,1.00105770207047,0.159375410345366,TRUE,0.560640033076955,1.00111829749441
267,"rand=1-2_rate=1.5_ROB=L_UH_Bias=No Bias","1-2",1.5,"L_UH","No Bias",0,0,0,0,0,0,-0.011022153955936,0.0308236481036871,0.00800152554105549,TRUE,0.454574045287857,1.00118125541876,0.0372587853538225,TRUE,0.331522592927271,1.00099234143037,0.08109231574609,TRUE,0.388046898812977,1.00112019823745,0.00402098512804905,TRUE,0.717655724410882,1.00099104891039
268,"rand=1-2_rate=1.5_ROB=L_UH_Bias=No Bias","1-2",1.5,"L_UH","No Bias",0,0,0,0,0,0,0.00849403721548888,0.0251410233470337,0.0688394904107686,TRUE,0.402357058003508,1.00101212952264,0.0919918401993451,TRUE,0.272799189616321,1.00100609041884,0.0870602892193204,TRUE,0.427059884799083,1.00128028359072,0.0988537445055504,TRUE,0.464259991556084,1.00099715540352
269,"rand=1-2_rate=1.5_ROB=L_UH_Bias=No Bias","1-2",1.5,"L_UH","No Bias",0,0,0,0,0,0,0.00957927096550457,0.0264536439965832,0.0607601968906941,TRUE,0.444571551012044,1.00124747710741,0.00723574561061402,TRUE,0.342758035520078,1.00100861176085,0.0208657776215404,TRUE,0.475578879196325,1.00118867174567,0.000332209419285578,TRUE,0.636771327987039,1.00101299165856
270,"rand=1-2_rate=1.5_ROB=L_UH_Bias=No Bias","1-2",1.5,"L_UH","No Bias",0,0,0,0,0,0,-0.00282506835185578,0.0285753842839947,0.135825554649072,TRUE,0.396598245987578,1.00098855708006,0.202252600729581,FALSE,0.267446389115575,1.00098651682514,0.229013208157068,TRUE,0.418771518477021,1.00098926269328,0.184680004857625,TRUE,0.435897077690019,1.0010562854284
271,"rand=1-2_rate=1.5_ROB=L_UH_Bias=No Bias","1-2",1.5,"L_UH","No Bias",0,0,0,0,0,0,0.00508421587456871,0.0252067067653165,-0.0162782268358654,TRUE,0.403013465204231,1.00098895925511,-0.025474680154753,TRUE,0.269663721539632,1.00103768768608,-0.0665588375412907,TRUE,0.540419121024684,1.00100627831808,-0.00938008239401644,TRUE,0.357946261272857,1.00099073759103
272,"rand=1-2_rate=1.5_ROB=L_UH_Bias=No Bias","1-2",1.5,"L_UH","No Bias",0,0,0,0,0,0,0.00213196306396696,0.037773807609458,0.050244623185811,TRUE,0.385903728197116,1.00115342480928,0.105122423027029,TRUE,0.25663370092131,1.000999110812,0.0741209336547629,TRUE,0.398610397671713,1.00150166495239,0.122492669147691,TRUE,0.461489168268751,1.00099045472353
273,"rand=1-2_rate=1.5_ROB=L_UH_Bias=No Bias","1-2",1.5,"L_UH","No Bias",0,0,0,0,0,0,-0.00301783268733698,0.0173590001958857,0.0271189837780642,TRUE,0.44606635671629,1.00122637775732,0.0595417813880059,TRUE,0.278910760379071,1.00098949808928,-0.106331102276725,TRUE,0.492496627387926,1.00110060397584,0.138293291795653,TRUE,0.376913023962765,1.00102140394429
274,"rand=1-2_rate=1.5_ROB=L_UH_Bias=No Bias","1-2",1.5,"L_UH","No Bias",0,0,0,0,0,0,-0.0065203764680709,0.0250396189545749,-0.0271723992036257,TRUE,0.481967919851485,1.00099756512765,-0.0570404543719352,TRUE,0.382934360476664,1.0009869953957,0.0624290392051418,TRUE,0.648770654777392,1.00099107437957,-0.14444098459861,TRUE,0.50187100083007,1.0009885129292
275,"rand=1-2_rate=1.5_ROB=L_UH_Bias=No Bias","1-2",1.5,"L_UH","No Bias",0,0,0,0,0,0,0.00761174272985344,0.0228582828748543,0.0463716042144741,TRUE,0.386528876613619,1.00099976650385,0.0823251816589893,TRUE,0.283398282826678,1.00111062052128,0.0639411121978554,TRUE,0.449628965750662,1.0012939627521,0.0941319431874329,TRUE,0.479792719328772,1.0010465383011
276,"rand=1-2_rate=1.5_ROB=L_UH_Bias=No Bias","1-2",1.5,"L_UH","No Bias",0,0,0,0,0,0,0.00553843717917192,0.0201403810599651,0.0264904561370315,TRUE,0.464632135300138,1.00101092626757,0.0168816243430726,TRUE,0.323422096782437,1.00099567743818,-0.0461511097110747,TRUE,0.561590755162588,1.00101082860179,0.0566803267051971,TRUE,0.491468876117724,1.00104503787887
277,"rand=1-2_rate=1.5_ROB=L_UH_Bias=No Bias","1-2",1.5,"L_UH","No Bias",0,0,0,0,0,0,-0.000560472972441083,0.0175802895367219,-0.0199587059221666,TRUE,0.58404089998761,1.00099979598259,0.00210736144204859,TRUE,0.431981881761836,1.00100200085638,-0.193818296693456,TRUE,0.720500863040035,1.0010255159431,0.150443488476378,TRUE,0.555611018862093,1.00101395656985
278,"rand=1-2_rate=1.5_ROB=L_UH_Bias=No Bias","1-2",1.5,"L_UH","No Bias",0,0,0,0,0,0,-0.00203673291830478,0.0251327017855624,0.0514332048848151,TRUE,0.428250410996104,1.00102577585719,0.0346313598158674,TRUE,0.290502545592347,1.00099602697086,0.0444771696710998,TRUE,0.450148799634578,1.00106706034251,0.0289085409533467,TRUE,0.492724012835206,1.00104811103242
279,"rand=1-2_rate=1.5_ROB=L_UH_Bias=No Bias","1-2",1.5,"L_UH","No Bias",0,0,0,0,0,0,-0.00768388846694342,0.0190234698622668,-0.0674338635499574,TRUE,0.555272247063565,1.00163682858015,-0.0183917752425484,TRUE,0.455550975913525,1.00099914469883,0.0665377643668511,TRUE,0.419749495944332,1.00112634839034,-0.124860685131557,TRUE,1.23965581919176,1.00100964910164
280,"rand=1-2_rate=1.5_ROB=L_UH_Bias=No Bias","1-2",1.5,"L_UH","No Bias",0,0,0,0,0,0,0.00665517512754351,0.0261375329227879,-0.0460866834546134,TRUE,0.477386926053695,1.00107013333944,-0.110640940960442,TRUE,0.363211321635978,1.0009897925216,-0.0659728421358425,TRUE,0.569076704414761,1.0010306057919,-0.142210801458796,TRUE,0.585721539584698,1.00100719737626
281,"rand=1-2_rate=1.5_ROB=L_UH_Bias=No Bias","1-2",1.5,"L_UH","No Bias",0,0,0,0,0,0,0.00371537839785625,0.0294310304000729,-0.00486191882939058,TRUE,0.530000919863746,1.00118434178858,-0.0143566932117056,TRUE,0.451759164265886,1.00100761412048,0.0387354348815743,TRUE,0.417555474296462,1.00180009667201,-0.070717238292793,TRUE,1.2297874668417,1.00114702638173
282,"rand=1-2_rate=1.5_ROB=L_UH_Bias=No Bias","1-2",1.5,"L_UH","No Bias",0,0,0,0,0,0,0.00699633366122661,0.0277373027503248,-0.0385169254371014,TRUE,0.442782109594428,1.0010015977276,-0.0678034778526966,TRUE,0.301695649233497,1.00106708582991,-0.0328159182730536,TRUE,0.448290398702834,1.00099517486711,-0.0897552238218495,TRUE,0.526623359298354,1.00098879300156
283,"rand=1-2_rate=1.5_ROB=L_UH_Bias=No Bias","1-2",1.5,"L_UH","No Bias",0,0,0,0,0,0,-0.00399789452883357,0.0264689239920854,0.00694165140208314,TRUE,0.401718865641738,1.00099556459578,0.0491422445624929,TRUE,0.303251719779682,1.00116953451054,-0.129076185394071,TRUE,0.65081139184103,1.00106803577085,0.132511944297725,TRUE,0.293934310377015,1.000991490866
284,"rand=1-2_rate=1.5_ROB=L_UH_Bias=No Bias","1-2",1.5,"L_UH","No Bias",0,0,0,0,0,0,0.0081838358197571,0.0279606951600942,-0.0976996668322572,TRUE,0.545250588575116,1.00098599213345,-0.117554791320768,TRUE,0.451011439219591,1.00098750618624,-0.0998346176728406,TRUE,0.479363667832175,1.00098647407611,-0.132981260119429,TRUE,1.0847304513196,1.00100329596746
285,"rand=1-2_rate=1.5_ROB=L_UH_Bias=No Bias","1-2",1.5,"L_UH","No Bias",0,0,0,0,0,0,-0.00910756524390202,0.026842027160371,0.078015152832048,TRUE,0.413515963594377,1.00099096075593,0.0879111482209048,TRUE,0.277039656483907,1.00105926952257,0.0371296964942626,TRUE,0.489454866560046,1.00103153412543,0.116138317815257,TRUE,0.409276603516608,1.00098624163052
286,"rand=1-2_rate=1.5_ROB=L_UH_Bias=No Bias","1-2",1.5,"L_UH","No Bias",0,0,0,0,0,0,-0.00719038121022504,0.0235389461382962,-0.0590999913365442,TRUE,0.600616211005605,1.00105608502087,-0.0360047206965504,TRUE,0.449659886302444,1.00098612084448,-0.146376689470374,TRUE,0.813306714262788,1.00098876871633,0.0500324222817865,TRUE,0.607640529733963,1.00100392210601
287,"rand=1-2_rate=1.5_ROB=L_UH_Bias=No Bias","1-2",1.5,"L_UH","No Bias",0,0,0,0,0,0,-0.000772290941736912,0.0353971072141943,-0.114456452614805,TRUE,0.437012382360095,1.00102357785801,-0.0983402104218378,TRUE,0.343366852033101,1.00098702941929,-0.238519976711977,TRUE,0.656357711402327,1.0012288850958,-0.0256978866432163,TRUE,0.427863427415541,1.00101225881337
288,"rand=1-2_rate=1.5_ROB=L_UH_Bias=No Bias","1-2",1.5,"L_UH","No Bias",0,0,0,0,0,0,0.0084821634741099,0.0323272293184415,-0.0156095327269739,TRUE,0.481229187247358,1.00126490393317,0.0300817482151602,TRUE,0.367747231911119,1.00101106559095,-0.0360146059645123,TRUE,0.450221006118486,1.00102014593406,0.0857737376294381,TRUE,0.753637840261471,1.00098705308888
289,"rand=1-2_rate=1.5_ROB=L_UH_Bias=No Bias","1-2",1.5,"L_UH","No Bias",0,0,0,0,0,0,-0.00591887806661558,0.0317907660135739,-0.242809397730651,TRUE,0.637304410543605,1.00098995155791,-0.164314207856846,TRUE,0.471538052837419,1.00102737150596,-0.291454420884122,TRUE,0.760249556742556,1.00105141285418,-0.0643570969876488,TRUE,0.723245811322583,1.00102231470314
290,"rand=1-2_rate=1.5_ROB=L_UH_Bias=No Bias","1-2",1.5,"L_UH","No Bias",0,0,0,0,0,0,-0.00648593703670419,0.0300512897882606,-0.102772275543723,TRUE,0.442313155323327,1.00107087118962,-0.0770753722003565,TRUE,0.246936598764906,1.00114754017343,-0.0525152589465021,TRUE,0.655285213132179,1.00116327629326,-0.0794971217794895,TRUE,0.274231380924245,1.00099552275781
291,"rand=1-2_rate=1.5_ROB=L_UH_Bias=No Bias","1-2",1.5,"L_UH","No Bias",0,0,0,0,0,0,0.0106893301264022,0.0218429861104409,-0.211758321605995,TRUE,0.553068570070498,1.0010381413053,-0.236074899265841,FALSE,0.386207595546218,1.0010640528706,-0.0976768973560371,TRUE,0.512144338535257,1.00101873896991,-0.329056669404483,FALSE,0.680990574604565,1.00098600246343
292,"rand=1-2_rate=1.5_ROB=L_UH_Bias=No Bias","1-2",1.5,"L_UH","No Bias",0,0,0,0,0,0,-0.000176193475572823,0.0192559484107589,-0.0134086889015179,TRUE,0.460142266287938,1.00098599899712,-0.0512534339561803,TRUE,0.335606700857976,1.00099088497006,0.0124516032658362,TRUE,0.482610863998163,1.00115295399957,-0.0984264509120989,TRUE,0.580268554409908,1.00098977516659
293,"rand=1-2_rate=1.5_ROB=L_UH_Bias=No Bias","1-2",1.5,"L_UH","No Bias",0,0,0,0,0,0,0.0235996513082727,0.0339005238271338,0.0302808758615006,TRUE,0.434750899230543,1.00098660973668,0.0309714303386704,TRUE,0.328859042369199,1.00098971048256,-0.0639338755513648,TRUE,0.575391627612291,1.00105565261187,0.0871068253867874,TRUE,0.470532492167537,1.0009946608148
294,"rand=1-2_rate=1.5_ROB=L_UH_Bias=No Bias","1-2",1.5,"L_UH","No Bias",0,0,0,0,0,0,0.0189940386910912,0.0315576744062457,-0.319071834126931,TRUE,0.812152508632643,1.00099279464614,-0.215196450220779,TRUE,0.548229738230974,1.00098678202954,0.045154491989201,TRUE,0.585734914473939,1.00104971122239,-0.573059521020593,FALSE,0.939252723187999,1.00098897956513
295,"rand=1-2_rate=1.5_ROB=L_UH_Bias=No Bias","1-2",1.5,"L_UH","No Bias",0,0,0,0,0,0,0.00806844225303448,0.0277461410593568,0.101586119094565,TRUE,0.465249960915626,1.0009914245333,0.0922700224499927,TRUE,0.388986536162695,1.00107142593746,0.113712169347559,TRUE,0.42339486177726,1.00121385320415,0.0599171654701508,TRUE,0.905508763370761,1.001054718192
296,"rand=1-2_rate=1.5_ROB=L_UH_Bias=No Bias","1-2",1.5,"L_UH","No Bias",0,0,0,0,0,0,-0.00840105087759613,0.0238638647654289,0.122050063066446,TRUE,0.412791108108704,1.00100280676811,0.0980995786349833,TRUE,0.313498608150262,1.00098755378253,0.162962452786468,TRUE,0.445494539827443,1.00105479007241,0.046110519302401,TRUE,0.539087178943874,1.00105812000369
297,"rand=1-2_rate=1.5_ROB=L_UH_Bias=No Bias","1-2",1.5,"L_UH","No Bias",0,0,0,0,0,0,-5.72196422306557e-05,0.0241543567501878,0.127523594653046,TRUE,0.394225889382988,1.00100392103858,0.0889046687977331,TRUE,0.28088051437154,1.00105973863608,0.00269912883313361,TRUE,0.453890205204736,1.00098717649795,0.139340508423815,TRUE,0.451867737925403,1.00100992929756
298,"rand=1-2_rate=1.5_ROB=L_UH_Bias=No Bias","1-2",1.5,"L_UH","No Bias",0,0,0,0,0,0,0.0127969661865262,0.0213610028558981,0.0830609326599721,TRUE,0.405317257129041,1.00100930090582,0.0630174709977321,TRUE,0.304191535959232,1.00101225349071,0.0786100405276147,TRUE,0.42666826069013,1.00099311297617,0.0493803886794156,TRUE,0.575390683486403,1.00098690576812
299,"rand=1-2_rate=1.5_ROB=L_UH_Bias=No Bias","1-2",1.5,"L_UH","No Bias",0,0,0,0,0,0,0.00926952235957266,0.0272356041407303,0.189439272669176,FALSE,0.293485941558917,1.00113719247514,0.143637644404219,FALSE,0.220436853727097,1.00104457285616,0.102753392685662,TRUE,0.461692271954829,1.00128111790909,0.16033956882013,FALSE,0.280753915654161,1.00098670872768
300,"rand=1-2_rate=1.5_ROB=L_UH_Bias=No Bias","1-2",1.5,"L_UH","No Bias",0,0,0,0,0,0,-0.00388946141895375,0.0273331589187286,-0.083690402393821,TRUE,0.494787683687677,1.00117857924271,-0.0220107696107978,TRUE,0.320260423296377,1.0009892485665,-0.203871273855579,TRUE,0.537142497296348,1.00099840150643,0.0705939493704381,TRUE,0.448780152148731,1.00109734314401
301,"rand=1-2_rate=1.5_ROB=L_UH_Bias=No Bias","1-2",1.5,"L_UH","No Bias",0,0,0,0,0,0,0.00428591356992591,0.019081981534076,0.073130852329388,TRUE,0.417633810160631,1.0010027605302,0.0259255929454595,TRUE,0.315852213561646,1.00098629320316,0.0299145340491185,TRUE,0.433306769000954,1.00137909729723,0.0215606843509568,TRUE,0.588025867275169,1.00098905349165
302,"rand=1-2_rate=1.5_ROB=L_UH_Bias=No Bias","1-2",1.5,"L_UH","No Bias",0,0,0,0,0,0,-0.0143969164879285,0.0301871113006125,0.0090189786928152,TRUE,0.405475983953181,1.00154682444763,-0.0344160909124929,TRUE,0.269137772966065,1.00099074880069,0.0477788662650909,TRUE,0.42824032503791,1.00144719529123,-0.0770792379809062,TRUE,0.432099630137836,1.00102465232587
303,"rand=1-2_rate=1.5_ROB=L_UH_Bias=No Bias","1-2",1.5,"L_UH","No Bias",0,0,0,0,0,0,-0.00724826028808241,0.0248767914871974,-0.140010407066989,TRUE,0.542323198316883,1.00109408685759,-0.0776614760782608,TRUE,0.405634365462401,1.00099214672811,-0.214377017971794,TRUE,0.629080867301711,1.0009887400517,0.0239842055338073,TRUE,0.614530373481553,1.00098837362299
304,"rand=1-2_rate=1.5_ROB=L_UH_Bias=No Bias","1-2",1.5,"L_UH","No Bias",0,0,0,0,0,0,0.00575193645717221,0.0260629121937702,0.111803577684311,TRUE,0.410323356868147,1.00099406116975,0.0820633661413946,TRUE,0.322009445424886,1.0010154950186,0.176160835747821,TRUE,0.471293512343851,1.00121106293061,0.00414199545157834,TRUE,0.523824052757942,1.00098627606758
305,"rand=1-2_rate=1.5_ROB=L_UH_Bias=No Bias","1-2",1.5,"L_UH","No Bias",0,0,0,0,0,0,0.00471686089439444,0.0240795312271541,0.0822794890087628,TRUE,0.445036675529654,1.00098724089853,0.110825510047444,TRUE,0.312815076384507,1.00098661034062,0.00855195894595018,TRUE,0.457887954759922,1.00103714500816,0.176916856191395,TRUE,0.524772548989574,1.00098599149315
306,"rand=1-2_rate=1.5_ROB=L_UH_Bias=No Bias","1-2",1.5,"L_UH","No Bias",0,0,0,0,0,0,-0.0132708089810235,0.0309519130793386,-0.0141304771475657,TRUE,0.534875417726276,1.00098697822328,-0.0687255463554723,TRUE,0.441744323768536,1.00098904230893,-0.00334832006380337,TRUE,0.536465284222799,1.00103899826377,-0.142805764326937,TRUE,0.948636331843012,1.00099620229515
307,"rand=1-2_rate=1.5_ROB=L_UH_Bias=No Bias","1-2",1.5,"L_UH","No Bias",0,0,0,0,0,0,0.000615522607897153,0.0238676552372456,0.0529836089798498,TRUE,0.432583793374405,1.00118763019424,0.128965945463789,TRUE,0.287458333021608,1.00103804137114,-0.053829586697449,TRUE,0.464193386025136,1.00154668910711,0.228987335560889,FALSE,0.406228715278848,1.00098599570735
308,"rand=1-2_rate=1.5_ROB=L_UH_Bias=No Bias","1-2",1.5,"L_UH","No Bias",0,0,0,0,0,0,-0.00195417726088534,0.0212731898021298,0.0403301978766922,TRUE,0.392251138223764,1.00117032407553,0.0491177903808335,TRUE,0.237033458295113,1.0010288180514,0.10404538121375,TRUE,0.400447053495723,1.00102153881868,0.025091661012823,TRUE,0.366904077388257,1.00101187722124
309,"rand=1-2_rate=1.5_ROB=L_UH_Bias=No Bias","1-2",1.5,"L_UH","No Bias",0,0,0,0,0,0,-0.000906233759470987,0.0213382561772821,0.076633907980487,TRUE,0.482558104778921,1.0010481713513,0.0974472215554603,TRUE,0.334219970218211,1.0009876735118,-0.0468812649537775,TRUE,0.513568837981201,1.00100162730937,0.200357191519327,TRUE,0.516296044657321,1.00100612415179
310,"rand=1-2_rate=1.5_ROB=L_UH_Bias=No Bias","1-2",1.5,"L_UH","No Bias",0,0,0,0,0,0,0.00597899666622176,0.0252167375163394,-0.071046619887593,TRUE,0.573424577038912,1.00098601258821,-0.0911765313412616,TRUE,0.389460380876475,1.00099881254112,0.0308203148065083,TRUE,0.662289453079329,1.00112884488664,-0.194821611670408,TRUE,0.544266291977272,1.00107303095919
311,"rand=1-2_rate=1.5_ROB=L_UH_Bias=No Bias","1-2",1.5,"L_UH","No Bias",0,0,0,0,0,0,-0.0111137997557283,0.0270215563278226,-0.125739360508036,TRUE,0.543414096483227,1.0009862095702,-0.131260203762553,TRUE,0.415832722163185,1.0010043465646,-0.214807653485126,TRUE,0.56332068193512,1.00100750584788,-0.0593283818536194,TRUE,0.767646835828614,1.00099284689161
312,"rand=1-2_rate=1.5_ROB=L_UH_Bias=No Bias","1-2",1.5,"L_UH","No Bias",0,0,0,0,0,0,0.0116146033743018,0.0253695580257381,-0.018599168741583,TRUE,0.527569069712093,1.00103008936802,-0.0799823765228138,TRUE,0.425319168067493,1.00098646741809,-0.202584333708018,TRUE,0.59047897412106,1.0011447198897,0.0265539436510923,TRUE,0.71440611319914,1.00098693220223
313,"rand=1-2_rate=1.5_ROB=L_UH_Bias=No Bias","1-2",1.5,"L_UH","No Bias",0,0,0,0,0,0,-0.00416733171229407,0.0229089104583129,0.00337465185015706,TRUE,0.398477198823805,1.00146318790126,0.0832085590855526,TRUE,0.242324643682289,1.00102198310656,-0.028628596948937,TRUE,0.460594569870307,1.00123643407271,0.12880370655048,TRUE,0.348373994392234,1.00099825848172
314,"rand=1-2_rate=1.5_ROB=L_UH_Bias=No Bias","1-2",1.5,"L_UH","No Bias",0,0,0,0,0,0,-0.00822577524377328,0.0251900959964317,0.0505463152878012,TRUE,0.460577608122079,1.00108132622945,0.0646485116358932,TRUE,0.32465960030692,1.00099577231155,0.0494042637485591,TRUE,0.592976926361205,1.00119069116279,0.0746726690811482,TRUE,0.465388230624131,1.00100631925596
315,"rand=1-2_rate=1.5_ROB=L_UH_Bias=No Bias","1-2",1.5,"L_UH","No Bias",0,0,0,0,0,0,0.00764618134434218,0.0248109023942326,-0.105902292167843,TRUE,0.500375093116514,1.00098682080501,-0.0128528961212406,TRUE,0.347706238605658,1.00106233090795,0.114446422429661,TRUE,0.563624788444848,1.0009959760053,-0.111454380478574,TRUE,0.441981829373415,1.00101613442319
316,"rand=1-2_rate=1.5_ROB=L_UH_Bias=No Bias","1-2",1.5,"L_UH","No Bias",0,0,0,0,0,0,-0.000896894465428811,0.0198625676858004,-0.00610290858657203,TRUE,0.539570598086636,1.00120273888425,0.0118013867598098,TRUE,0.422249948825537,1.00098838608172,0.058217685909325,TRUE,0.454556660997587,1.00098652940712,-0.0434364493823411,TRUE,1.00447526480633,1.00101284214121
317,"rand=1-2_rate=1.5_ROB=L_UH_Bias=No Bias","1-2",1.5,"L_UH","No Bias",0,0,0,0,0,0,-0.0017654795615016,0.035147175810879,-0.00711734041556666,TRUE,0.46252367584586,1.00100948819949,0.0287064789772452,TRUE,0.289776211633596,1.00101675232443,-0.125706927880404,TRUE,0.473509567912498,1.00104652145023,0.105242629725579,TRUE,0.453064188978188,1.00099074243968
318,"rand=1-2_rate=1.5_ROB=L_UH_Bias=No Bias","1-2",1.5,"L_UH","No Bias",0,0,0,0,0,0,-0.000828417102794179,0.0174972640613645,-0.144723531076274,TRUE,0.59335724468141,1.00098666188683,-0.136976031045858,TRUE,0.410120105933717,1.00099506169536,-0.115705340189247,TRUE,0.728399391861201,1.00098863085871,-0.150869511074927,TRUE,0.586685078691649,1.00103311342069
319,"rand=1-2_rate=1.5_ROB=L_UH_Bias=No Bias","1-2",1.5,"L_UH","No Bias",0,0,0,0,0,0,0.010842202733223,0.0231347686969379,0.120393953977854,TRUE,0.425077944749927,1.0009974367141,0.123802089519527,TRUE,0.315536666614613,1.00100878831263,0.123027127010076,TRUE,0.433289880072152,1.0012497470734,0.122304172917913,TRUE,0.593254675876504,1.00098613406374
320,"rand=1-2_rate=1.5_ROB=L_UH_Bias=No Bias","1-2",1.5,"L_UH","No Bias",0,0,0,0,0,0,0.00271824786533815,0.0275001035932144,0.00523791764635184,TRUE,0.446374199127693,1.00099079432358,-0.00659642389299164,TRUE,0.289126184972106,1.00099115997058,0.00535359103423139,TRUE,0.508085774640462,1.00147245641125,-0.0108533273428106,TRUE,0.441113626564884,1.00098659189562
321,"rand=1-2_rate=1.5_ROB=L_UH_Bias=No Bias","1-2",1.5,"L_UH","No Bias",0,0,0,0,0,0,-0.011637529209057,0.0273070384964528,-0.182797220040215,TRUE,0.601150379225268,1.00118173724803,-0.176470672953551,TRUE,0.439798401827149,1.00099903153334,-0.0473160194294466,TRUE,0.467434686381818,1.00122466075821,-0.297442160222241,TRUE,0.980082728239307,1.00099826136827
322,"rand=1-2_rate=1.5_ROB=L_UH_Bias=No Bias","1-2",1.5,"L_UH","No Bias",0,0,0,0,0,0,-0.00597007101058589,0.0292968179756253,0.0376992477167897,TRUE,0.444310716607851,1.00098668569653,0.0385662252793512,TRUE,0.310052449882164,1.0009861478178,0.109897257809957,TRUE,0.479563473254577,1.00099128626007,-0.00599728421768364,TRUE,0.500763832656497,1.00099552851528
323,"rand=1-2_rate=1.5_ROB=L_UH_Bias=No Bias","1-2",1.5,"L_UH","No Bias",0,0,0,0,0,0,6.82596338726267e-05,0.023653479922529,0.174375646861646,TRUE,0.436849301196955,1.00103977485567,0.15550453780528,TRUE,0.322979785191757,1.00099105345651,0.185903499541445,TRUE,0.508231745811471,1.00103854532887,0.130297344022372,TRUE,0.529020263969701,1.00102154255828
324,"rand=1-2_rate=1.5_ROB=L_UH_Bias=No Bias","1-2",1.5,"L_UH","No Bias",0,0,0,0,0,0,0.0111740384640482,0.0240541694379125,-0.0220961228416434,TRUE,0.528584119946539,1.0010414570794,-0.0112929287840582,TRUE,0.396015128867236,1.00099279399904,-0.211251311151953,TRUE,0.599173171849145,1.00100343393458,0.146986822844125,TRUE,0.553977118247826,1.00099215774928
325,"rand=1-2_rate=1.5_ROB=L_UH_Bias=No Bias","1-2",1.5,"L_UH","No Bias",0,0,0,0,0,0,-0.00386995529251251,0.018474081185337,-0.00842699460794982,TRUE,0.402360592243857,1.00103779752719,0.00535671247286906,TRUE,0.28455975089764,1.00103149174425,0.00886730150653325,TRUE,0.441563264015901,1.00102232481581,0.000321366384277821,TRUE,0.496676118544294,1.00098674200907
326,"rand=1-2_rate=1.5_ROB=L_UH_Bias=No Bias","1-2",1.5,"L_UH","No Bias",0,0,0,0,0,0,-0.00275370059696756,0.0346555068431774,0.101352502065542,TRUE,0.44474680092839,1.00103598700603,0.0734775713126796,TRUE,0.339696776032439,1.0009959155878,0.170928810498367,TRUE,0.423505590850496,1.00098682414716,-0.00208471781973363,TRUE,0.638526971673009,1.00099121071632
327,"rand=1-2_rate=1.5_ROB=L_UH_Bias=No Bias","1-2",1.5,"L_UH","No Bias",0,0,0,0,0,0,-0.00834625124144226,0.0251961507852021,-0.122684751194553,TRUE,0.515044981930486,1.00103997612655,-0.148976905269827,TRUE,0.335572883330839,1.00098899882164,-0.0619022503303652,TRUE,0.546657992148448,1.00100415205488,-0.197360351767017,TRUE,0.515400962740032,1.00099620832705
328,"rand=1-2_rate=1.5_ROB=L_UH_Bias=No Bias","1-2",1.5,"L_UH","No Bias",0,0,0,0,0,0,0.0100712796874252,0.0325145547293428,-0.041895199062661,TRUE,0.50097368880693,1.00116605977888,-0.0366188580903475,TRUE,0.366065136277602,1.00098785125767,-0.0234075053625207,TRUE,0.48797941200804,1.0010041684015,-0.045626467831591,TRUE,0.710424652991674,1.00099562649003
329,"rand=1-2_rate=1.5_ROB=L_UH_Bias=No Bias","1-2",1.5,"L_UH","No Bias",0,0,0,0,0,0,-0.0186783411259784,0.0307274246850089,-0.0799703811455192,TRUE,0.527792626137924,1.0009975725415,-0.0257178415502441,TRUE,0.372405294937889,1.00100112433527,-0.0172729856131928,TRUE,0.455679923525551,1.00131651537021,-0.039965561791431,TRUE,0.785339988306515,1.00098805289972
330,"rand=1-2_rate=1.5_ROB=L_UH_Bias=No Bias","1-2",1.5,"L_UH","No Bias",0,0,0,0,0,0,0.0150577087614461,0.0267973138313081,0.0711484221733655,TRUE,0.482666910696793,1.00124204030473,0.101708487210703,TRUE,0.36468464070648,1.00098785184285,0.106967459407489,TRUE,0.493220396091048,1.00105656251914,0.0971711988851891,TRUE,0.705605637781506,1.0010180243598
331,"rand=1-2_rate=1.5_ROB=L_UH_Bias=No Bias","1-2",1.5,"L_UH","No Bias",0,0,0,0,0,0,-0.0155034516096894,0.0264571131163443,0.0409099759501375,TRUE,0.58552041126616,1.00099037340873,0.0522425607355999,TRUE,0.415837938866205,1.00103630040398,0.202513733568615,TRUE,0.521576914060948,1.00098625821449,-0.12028237335002,TRUE,0.711602059824828,1.00099888823717
332,"rand=1-2_rate=1.5_ROB=L_UH_Bias=No Bias","1-2",1.5,"L_UH","No Bias",0,0,0,0,0,0,0.00696734530496386,0.0191228232788275,-0.0967121947394078,TRUE,0.513498636706567,1.00133736815036,-0.102692444977361,TRUE,0.378909635774683,1.00098767832221,-0.0903269741565789,TRUE,0.461715311423617,1.00099866439874,-0.11710661242857,TRUE,0.804385057604617,1.00103490116613
333,"rand=1-2_rate=1.5_ROB=L_UH_Bias=No Bias","1-2",1.5,"L_UH","No Bias",0,0,0,0,0,0,-0.00692569791202039,0.0276995899834492,-0.098971146334162,TRUE,0.444423473334906,1.00099055967973,-0.0790190015411327,TRUE,0.311635389128242,1.00098980631014,-0.079411866268815,TRUE,0.481819782623197,1.00133847310155,-0.0772995971376562,TRUE,0.557458439572076,1.00105314042563
334,"rand=1-2_rate=1.5_ROB=L_UH_Bias=No Bias","1-2",1.5,"L_UH","No Bias",0,0,0,0,0,0,-0.00586026371417571,0.0197713916740356,-0.0769740099317724,TRUE,0.497734246055349,1.00104571665884,-0.0177850144422254,TRUE,0.34983527194587,1.00099066685531,-0.0891973319196351,TRUE,0.494695623814933,1.00188932557463,0.0333339743145772,TRUE,0.666137226386623,1.00100062677262
335,"rand=1-2_rate=1.5_ROB=L_UH_Bias=No Bias","1-2",1.5,"L_UH","No Bias",0,0,0,0,0,0,0.00648859518773851,0.0301047712848009,-0.210489424681395,TRUE,0.528153816278291,1.00143295387051,-0.164302112462695,FALSE,0.343394772960319,1.00098602493346,-0.238997533476675,TRUE,0.545506168129827,1.00125601809068,-0.118846643052238,TRUE,0.587872952736461,1.00099652686946
336,"rand=1-2_rate=1.5_ROB=L_UH_Bias=No Bias","1-2",1.5,"L_UH","No Bias",0,0,0,0,0,0,0.00309579130170609,0.0211943671389962,0.023890032730413,TRUE,0.486293296293202,1.00100130261283,-0.00773371555502322,TRUE,0.354446962236455,1.00102295091355,-0.0451481847243373,TRUE,0.632631758292125,1.0011109577187,0.0207241864652902,TRUE,0.514456855438001,1.00098600288091
337,"rand=1-2_rate=1.5_ROB=L_UH_Bias=No Bias","1-2",1.5,"L_UH","No Bias",0,0,0,0,0,0,0.00394946620951043,0.0257623954029851,0.00942607554780428,TRUE,0.434956129493967,1.00098602218006,0.0303905549964866,TRUE,0.288888771774402,1.00103125931242,0.0189687008927296,TRUE,0.456608601118536,1.00127333652497,0.0372773510611133,TRUE,0.482474388992058,1.00100510594376
338,"rand=1-2_rate=1.5_ROB=L_UH_Bias=No Bias","1-2",1.5,"L_UH","No Bias",0,0,0,0,0,0,0.00798144673293511,0.0197350896922127,-0.0147446501120874,TRUE,0.522106556617173,1.00100188669428,-0.0236050396920795,TRUE,0.403009078636518,1.00104486688757,0.000983834968970365,TRUE,0.694620495674478,1.00098686860972,-0.0495765229784957,TRUE,0.545153651612467,1.00098691668129
339,"rand=1-2_rate=1.5_ROB=L_UH_Bias=No Bias","1-2",1.5,"L_UH","No Bias",0,0,0,0,0,0,0.00609682882844714,0.0250599815458746,-0.0612582588213442,TRUE,0.446069301493661,1.00099090224851,-0.117743434381114,TRUE,0.41624506206891,1.00101556705034,-0.102035687603418,TRUE,0.614978797933116,1.00099514963652,-0.133580721072129,TRUE,0.734357453898016,1.00098854297876
340,"rand=1-2_rate=1.5_ROB=L_UH_Bias=No Bias","1-2",1.5,"L_UH","No Bias",0,0,0,0,0,0,-0.00352471261516779,0.022781957392922,-0.0899547281008219,TRUE,0.55285424906739,1.00100227658196,-0.152441678938968,TRUE,0.400835909873086,1.00120921498071,0.0129554967403455,TRUE,0.586204867983104,1.00098897884886,-0.270216795531392,FALSE,0.614615951904621,1.00100995317804
341,"rand=1-2_rate=1.5_ROB=L_UH_Bias=No Bias","1-2",1.5,"L_UH","No Bias",0,0,0,0,0,0,0.0093331400376973,0.0176526406762729,0.00766218547114239,TRUE,0.454379692760074,1.00143337609609,0.0343993806399439,TRUE,0.313285493574545,1.00101197479632,0.00457616886776346,TRUE,0.543271834077468,1.00103736537227,0.0524315704457677,TRUE,0.469708795370003,1.00098983365777
342,"rand=1-2_rate=1.5_ROB=L_UH_Bias=No Bias","1-2",1.5,"L_UH","No Bias",0,0,0,0,0,0,0.0158712699850229,0.0302382518393718,-0.00259979870008586,TRUE,0.398448918454823,1.00105088380835,-0.0307968128309657,TRUE,0.225701433423907,1.00104144701726,0.0015562158441782,TRUE,0.474941702803058,1.00125431965244,-0.0402963627405695,TRUE,0.304743584235048,1.00099204221919
343,"rand=1-2_rate=1.5_ROB=L_UH_Bias=No Bias","1-2",1.5,"L_UH","No Bias",0,0,0,0,0,0,0.00188991347443997,0.0238952146300231,-0.0957189389350352,TRUE,0.605502176265517,1.00105011282965,-0.0787232057103802,TRUE,0.395912407308343,1.00098727692687,-0.221447233038156,TRUE,0.626273025360786,1.00098639928289,0.0207696657315124,TRUE,0.598578095956755,1.0010201804498
344,"rand=1-2_rate=1.5_ROB=L_UH_Bias=No Bias","1-2",1.5,"L_UH","No Bias",0,0,0,0,0,0,-0.0123086858057903,0.0328584369514039,0.150385943361828,TRUE,0.382085700544659,1.00102515480365,0.101177883358287,TRUE,0.273513633037904,1.00099429125874,0.269003964932308,FALSE,0.317720668515656,1.00098826680325,-0.0141938689083909,TRUE,0.424214585682008,1.00099046490425
345,"rand=1-2_rate=1.5_ROB=L_UH_Bias=No Bias","1-2",1.5,"L_UH","No Bias",0,0,0,0,0,0,-0.00086348495236404,0.0255278565951789,0.0533745278564653,TRUE,0.375111395611846,1.00099283619283,-0.00656723209464105,TRUE,0.231907006862559,1.00114508670974,0.0688032069774874,TRUE,0.418076567724814,1.00177628338295,-0.0308047053050371,TRUE,0.332626729161879,1.00099186842222
346,"rand=1-2_rate=1.5_ROB=L_UH_Bias=No Bias","1-2",1.5,"L_UH","No Bias",0,0,0,0,0,0,-0.0172168973674762,0.022869782070938,0.0861260862815116,TRUE,0.465390343741356,1.00131526554182,0.0390365509995012,TRUE,0.405164916813545,1.00099933346998,0.0306070745180611,TRUE,0.449874887600773,1.00301724949218,0.0382472022153406,TRUE,0.971559672516451,1.00098638467498
347,"rand=1-2_rate=1.5_ROB=L_UH_Bias=No Bias","1-2",1.5,"L_UH","No Bias",0,0,0,0,0,0,0.00504550167279863,0.0239185504430674,0.14249281406695,TRUE,0.400262233975277,1.00100160407598,0.141420990507234,TRUE,0.281678146509729,1.00098781067888,0.0496057595295548,TRUE,0.450023372821643,1.00099194067933,0.19839460834598,TRUE,0.437827573306754,1.00101794947329
348,"rand=1-2_rate=1.5_ROB=L_UH_Bias=No Bias","1-2",1.5,"L_UH","No Bias",0,0,0,0,0,0,0.011809782625634,0.0246749523422831,-0.281153658432178,FALSE,0.649396641712781,1.00102000608422,-0.305640578322052,FALSE,0.485776534250035,1.00098705845384,-0.310152016203194,TRUE,0.783883417202303,1.00099948867384,-0.298377480692549,TRUE,0.772725312490915,1.0009861001829
349,"rand=1-2_rate=1.5_ROB=L_UH_Bias=No Bias","1-2",1.5,"L_UH","No Bias",0,0,0,0,0,0,-0.0108180925951243,0.0324134579804257,0.0276818931763412,TRUE,0.46194098589715,1.00209273114953,0.0526940962341758,TRUE,0.360379414910147,1.0009860111071,0.00733154959805093,TRUE,0.416115334455544,1.00103558737153,0.100470048397607,TRUE,0.809330240034067,1.00098735065212
350,"rand=1-2_rate=1.5_ROB=L_UH_Bias=No Bias","1-2",1.5,"L_UH","No Bias",0,0,0,0,0,0,-0.0061669444086653,0.0261923818651535,0.16883652422768,TRUE,0.400793767543729,1.00098815538576,0.190023780574559,FALSE,0.286096233309418,1.0009877049098,0.0859161979977756,TRUE,0.576388877021546,1.00098605530241,0.249428289715262,FALSE,0.338682046207557,1.00098621097583
351,"rand=1-2_rate=1.5_ROB=L_UH_Bias=No Bias","1-2",1.5,"L_UH","No Bias",0,0,0,0,0,0,0.00207812981874816,0.0225032728403751,0.074060775326408,TRUE,0.348463900155301,1.00140828899018,0.130275327692213,FALSE,0.210221711230267,1.00152579122269,0.00433277204732652,TRUE,0.46287863431688,1.00098599044946,0.16748349496073,FALSE,0.241755359305136,1.00099146206219
352,"rand=1-2_rate=1.5_ROB=L_UH_Bias=No Bias","1-2",1.5,"L_UH","No Bias",0,0,0,0,0,0,0.00339530836628612,0.0267555393086114,-0.0709342535673871,TRUE,0.508302824976792,1.00101462657242,-0.091238908708573,TRUE,0.403812685255118,1.00099588106588,-0.0465383500802177,TRUE,0.444121375855917,1.00109864640627,-0.134128715605689,TRUE,0.923137257303655,1.00098618759127
353,"rand=1-2_rate=1.5_ROB=L_UH_Bias=No Bias","1-2",1.5,"L_UH","No Bias",0,0,0,0,0,0,0.00666762912963243,0.0221923058020726,-0.147938156812494,TRUE,0.582471037014216,1.00099057895987,-0.0606996943057176,TRUE,0.43836500012999,1.00099033568704,-0.185983475001109,TRUE,0.539506745261541,1.00099978471002,0.057834489934686,TRUE,0.839089774237697,1.00098843930955
354,"rand=1-2_rate=1.5_ROB=L_UH_Bias=No Bias","1-2",1.5,"L_UH","No Bias",0,0,0,0,0,0,-0.00704279337897577,0.0265988987040721,-0.00911270753541471,TRUE,0.438144005747559,1.0010136090563,-0.0177817311385684,TRUE,0.301149831451842,1.00100973255225,-0.0298083311734623,TRUE,0.53009061597644,1.00101024941646,-0.0110087796088978,TRUE,0.444139431928154,1.00098766893331
355,"rand=1-2_rate=1.5_ROB=L_UH_Bias=No Bias","1-2",1.5,"L_UH","No Bias",0,0,0,0,0,0,0.00899192260202511,0.0245731733684249,0.0829500622945316,TRUE,0.478001289582363,1.00100888348864,0.035168466710585,TRUE,0.361678677995479,1.00103518179487,0.106639995791258,TRUE,0.501509281456962,1.00099887248985,-0.0198869679806328,TRUE,0.645091477112224,1.00098868352543
356,"rand=1-2_rate=1.5_ROB=L_UH_Bias=No Bias","1-2",1.5,"L_UH","No Bias",0,0,0,0,0,0,-0.0162874871640057,0.0250321308541164,-0.035602323536964,TRUE,0.421598384107939,1.00117131307943,0.028499707994401,TRUE,0.260853301500894,1.00106369720636,-0.117815360568484,TRUE,0.521706930971688,1.00098631693033,0.0830395865714846,TRUE,0.340949916278889,1.00099421256416
357,"rand=1-2_rate=1.5_ROB=L_UH_Bias=No Bias","1-2",1.5,"L_UH","No Bias",0,0,0,0,0,0,0.0115070183257149,0.0226398285873205,-0.0695980662874409,TRUE,0.455984166218097,1.00108279276392,-0.100532477503157,TRUE,0.297482047326616,1.00103470846016,-0.0136595661941148,TRUE,0.433385161688319,1.00115625862658,-0.148758533702167,TRUE,0.508970461376164,1.00103886444271
358,"rand=1-2_rate=1.5_ROB=L_UH_Bias=No Bias","1-2",1.5,"L_UH","No Bias",0,0,0,0,0,0,0.00112923937840816,0.017503704032264,-0.139613237081232,TRUE,0.552742174539854,1.00112049831008,-0.143845436869588,TRUE,0.419683619989178,1.00101525032543,-0.0714929195914047,TRUE,0.470894565858974,1.00290807514444,-0.200427603231696,TRUE,0.958333922791507,1.00106588170246
359,"rand=1-2_rate=1.5_ROB=L_UH_Bias=No Bias","1-2",1.5,"L_UH","No Bias",0,0,0,0,0,0,-0.00307576215525283,0.0248375051714485,0.0489364676836859,TRUE,0.460820405870584,1.00113359886622,0.0746419312927733,TRUE,0.340318625326091,1.00099975934526,0.00215715257750138,TRUE,0.464429938760017,1.00102119235158,0.129016674530853,TRUE,0.633248414331045,1.00103372483732
360,"rand=1-2_rate=1.5_ROB=L_UH_Bias=No Bias","1-2",1.5,"L_UH","No Bias",0,0,0,0,0,0,0.00790743381583555,0.0261539267139397,-0.148964857568788,TRUE,0.50381211901255,1.00115611645232,-0.106550606326716,TRUE,0.316716823695372,1.00098781869741,-0.26564259291417,TRUE,0.645922951119791,1.00170879066167,-0.0314113465434198,TRUE,0.355675066392391,1.00100673255659
361,"rand=1-2_rate=1.5_ROB=L_UH_Bias=No Bias","1-2",1.5,"L_UH","No Bias",0,0,0,0,0,0,0.00907533195464742,0.0283338902002344,-0.110725136815351,TRUE,0.501331989232997,1.00099353621318,-0.105716742674058,TRUE,0.3258701748372,1.00098644299056,-0.00184652448160239,TRUE,0.466822431308832,1.00098989642071,-0.168618364603613,TRUE,0.526105919764794,1.00099091261478
362,"rand=1-2_rate=1.5_ROB=L_UH_Bias=No Bias","1-2",1.5,"L_UH","No Bias",0,0,0,0,0,0,-0.00230609777393975,0.0306119002040274,-0.0434466200313515,TRUE,0.467716543081812,1.00118084856304,-0.0468508310507667,TRUE,0.347533872289375,1.00098619276769,-0.0968623743711334,TRUE,0.575401856762388,1.0009884543974,-0.0138150043343155,TRUE,0.539722874413472,1.00099928791401
363,"rand=1-2_rate=1.5_ROB=L_UH_Bias=No Bias","1-2",1.5,"L_UH","No Bias",0,0,0,0,0,0,-0.00163022775232344,0.0229438376608932,0.118287512012759,TRUE,0.470084660998512,1.00099715487102,0.0567939693229074,TRUE,0.383089391450749,1.00099213833272,0.157353751377898,TRUE,0.497565273913943,1.0009861134781,-0.0464810711523254,TRUE,0.732981081669953,1.00113374573457
364,"rand=1-2_rate=1.5_ROB=L_UH_Bias=No Bias","1-2",1.5,"L_UH","No Bias",0,0,0,0,0,0,-0.00526082086506488,0.0261110448369691,0.080465191974281,TRUE,0.449046421934141,1.00155850561127,0.0796150770462091,TRUE,0.335381352272836,1.0010369615563,-0.0202086580811094,TRUE,0.474000887319691,1.00111453436944,0.152080285586859,TRUE,0.575141343599903,1.00100337724846
365,"rand=1-2_rate=1.5_ROB=L_UH_Bias=No Bias","1-2",1.5,"L_UH","No Bias",0,0,0,0,0,0,-0.00943730660552641,0.0194618735753985,-0.0558611681775762,TRUE,0.454137268203532,1.0010634178815,-0.0166664180663123,TRUE,0.282346856280551,1.00100348759325,-0.0376287879617274,TRUE,0.442177496187194,1.00231160353407,-0.00883621049985939,TRUE,0.470659318696605,1.00099228538416
366,"rand=1-2_rate=1.5_ROB=L_UH_Bias=No Bias","1-2",1.5,"L_UH","No Bias",0,0,0,0,0,0,-0.00186112094477226,0.032168170402363,0.133564931829513,TRUE,0.331190841442722,1.00103909004631,0.0974795602990451,TRUE,0.24747069761482,1.00100851415658,0.100253600287534,TRUE,0.509048317153785,1.00122085910458,0.0986265024979168,TRUE,0.325296484930594,1.00098601559643
367,"rand=1-2_rate=1.5_ROB=L_UH_Bias=No Bias","1-2",1.5,"L_UH","No Bias",0,0,0,0,0,0,-0.0117261692570916,0.0252165363689388,-0.00751025088665136,TRUE,0.432701223073709,1.00100384435883,0.0241288309678888,TRUE,0.292186369515711,1.0010350237848,-0.0707518895822745,TRUE,0.601133371222053,1.00100396776359,0.0672587480222293,TRUE,0.346936822971607,1.00098650861729
368,"rand=1-2_rate=1.5_ROB=L_UH_Bias=No Bias","1-2",1.5,"L_UH","No Bias",0,0,0,0,0,0,0.00161060714559657,0.0240044601397696,-0.107036949415719,TRUE,0.56366570994884,1.00102386527517,-0.140523372873048,TRUE,0.384186912644274,1.00098955130628,-0.0335880506255215,TRUE,0.673315496403117,1.00105460572848,-0.218211498534344,TRUE,0.542157504318156,1.00098727559912
369,"rand=1-2_rate=1.5_ROB=L_UH_Bias=No Bias","1-2",1.5,"L_UH","No Bias",0,0,0,0,0,0,-0.00584261548691065,0.0224485589261855,-0.0273024636297861,TRUE,0.518432953845835,1.00106907780662,0.00476190979184699,TRUE,0.350233278864962,1.00113656774793,0.00939804741570438,TRUE,0.511116781195688,1.00101090599427,0.00180510704275871,TRUE,0.615736355501791,1.00099718914048
370,"rand=1-2_rate=1.5_ROB=L_UH_Bias=No Bias","1-2",1.5,"L_UH","No Bias",0,0,0,0,0,0,-0.00361379486040434,0.0294406281932941,0.05125930886554,TRUE,0.451456591405395,1.00114213810518,0.0256562505640414,TRUE,0.327608528250698,1.00117997990982,0.123437125799935,TRUE,0.385849079392914,1.00143026301029,-0.053497159162444,TRUE,0.666045087233647,1.00098956920645
371,"rand=1-2_rate=1.5_ROB=L_UH_Bias=No Bias","1-2",1.5,"L_UH","No Bias",0,0,0,0,0,0,-0.00507165248433716,0.0290079190174052,0.139190962663733,TRUE,0.323932952601699,1.00121132220227,0.0793228671754416,TRUE,0.191140304913009,1.001304154412,0.207846007264506,FALSE,0.366758716101534,1.00244490844981,0.0446943325740733,TRUE,0.242612482153068,1.00101589944261
372,"rand=1-2_rate=1.5_ROB=L_UH_Bias=No Bias","1-2",1.5,"L_UH","No Bias",0,0,0,0,0,0,-0.00262752049365728,0.0154881996176346,0.001605938860478,TRUE,0.429131466156251,1.00102496525705,0.0202818788450168,TRUE,0.275358433203821,1.00110948927056,0.0167218322601767,TRUE,0.441847849475581,1.00211079682909,0.0286042293954708,TRUE,0.464711714921944,1.0009874076836
373,"rand=1-2_rate=1.5_ROB=L_UH_Bias=No Bias","1-2",1.5,"L_UH","No Bias",0,0,0,0,0,0,-0.0208419969480303,0.0320268926447938,-0.0420928794550879,TRUE,0.44662147399922,1.00228814728303,-0.041801854095465,TRUE,0.304399350478415,1.00099664854846,0.05813673802958,TRUE,0.407308044249196,1.00100160248999,-0.0921468726174335,TRUE,0.575457498010384,1.0009900684747
374,"rand=1-2_rate=1.5_ROB=L_UH_Bias=No Bias","1-2",1.5,"L_UH","No Bias",0,0,0,0,0,0,-0.00577772871708757,0.0186201539196592,0.207909289294572,TRUE,0.399693657734266,1.00134051838405,0.182967323379602,FALSE,0.310396662981219,1.00098619014334,0.201200667007873,TRUE,0.37921104642705,1.00129887987656,0.160424741016509,TRUE,0.661366405983456,1.00103417014116
375,"rand=1-2_rate=1.5_ROB=L_UH_Bias=No Bias","1-2",1.5,"L_UH","No Bias",0,0,0,0,0,0,0.00576387176128353,0.0250553127248129,-0.0286150224264852,TRUE,0.491171972170977,1.00105466109353,0.0259029394276371,TRUE,0.339767003153141,1.00098631076201,-0.0582377677781114,TRUE,0.485684814341597,1.00108687812309,0.0824948593833275,TRUE,0.600569844093499,1.00100708163948
376,"rand=1-2_rate=1.5_ROB=L_UH_Bias=No Bias","1-2",1.5,"L_UH","No Bias",0,0,0,0,0,0,0.00359338636727864,0.0223822360249908,-0.160775749156606,TRUE,0.602857971694932,1.00103563105273,-0.090501191285145,TRUE,0.474701793863856,1.0009975700219,-0.237801407807753,TRUE,0.613586584118525,1.00136546757687,0.057455159134343,TRUE,0.829633719355173,1.00098672542677
377,"rand=1-2_rate=1.5_ROB=L_UH_Bias=No Bias","1-2",1.5,"L_UH","No Bias",0,0,0,0,0,0,0.00567878416485392,0.0223801206179602,-0.0241210858737471,TRUE,0.381185127610172,1.00100443200248,-0.0955311769020211,TRUE,0.332379313813358,1.00107598768862,-0.0365302394217015,TRUE,0.4639809731168,1.00138442250313,-0.138233311631681,TRUE,0.631525049079639,1.00101130742687
378,"rand=1-2_rate=1.5_ROB=L_UH_Bias=No Bias","1-2",1.5,"L_UH","No Bias",0,0,0,0,0,0,-0.00170088606671999,0.0216445070286105,-0.00486976211128565,TRUE,0.490618839552565,1.00098836578562,-0.0290834827421178,TRUE,0.366113545282883,1.00101172360977,0.00515733780155425,TRUE,0.50206759330866,1.00100164285351,-0.0567656751926573,TRUE,0.692147212974054,1.00101319515388
379,"rand=1-2_rate=1.5_ROB=L_UH_Bias=No Bias","1-2",1.5,"L_UH","No Bias",0,0,0,0,0,0,0.0172178735653108,0.0247714845914396,-0.0233480881466164,TRUE,0.489938413209864,1.00110005998268,-0.0146920186114827,TRUE,0.355783047657158,1.00101320312653,-0.142240478279462,TRUE,0.503077965221809,1.00127890261377,0.0795975853377886,TRUE,0.599740541422905,1.00098862237248
380,"rand=1-2_rate=1.5_ROB=L_UH_Bias=No Bias","1-2",1.5,"L_UH","No Bias",0,0,0,0,0,0,-0.00552869224400846,0.0285889632740462,-0.0401944843840085,TRUE,0.42953911080579,1.00100398016619,-0.102934880268794,TRUE,0.339894379840898,1.00099254177103,-0.0366337783195954,TRUE,0.472143735096784,1.00099874483909,-0.149574427314567,TRUE,0.616783907856914,1.0009906676045
381,"rand=1-2_rate=1.5_ROB=L_UH_Bias=No Bias","1-2",1.5,"L_UH","No Bias",0,0,0,0,0,0,-0.00335417157232453,0.0269419690519036,-0.00840580571153571,TRUE,0.497950719812182,1.00101396795287,-0.00314672955556938,TRUE,0.337539338772199,1.00103673118586,0.0772235672394459,TRUE,0.533600931697703,1.00102410561488,-0.0586866520031346,TRUE,0.516048286513733,1.00099990755097
382,"rand=1-2_rate=1.5_ROB=L_UH_Bias=No Bias","1-2",1.5,"L_UH","No Bias",0,0,0,0,0,0,-0.0211580192322606,0.044410903045834,-0.197079233877635,TRUE,0.515497309454742,1.0010822630987,-0.182444226245719,FALSE,0.354754947578608,1.0009876153677,-0.003060287325102,TRUE,0.432592259649772,1.00286056437341,-0.299537085482296,FALSE,0.606618434452636,1.0010000675711
383,"rand=1-2_rate=1.5_ROB=L_UH_Bias=No Bias","1-2",1.5,"L_UH","No Bias",0,0,0,0,0,0,-0.0102355499249732,0.0215114379901318,0.0195791390954049,TRUE,0.426588296598503,1.00106179894065,0.0366354528612234,TRUE,0.273845848831348,1.00099683458507,-0.0410192742565589,TRUE,0.568180911800475,1.00099451861786,0.0765313214367265,TRUE,0.325362123039833,1.000993314133
384,"rand=1-2_rate=1.5_ROB=L_UH_Bias=No Bias","1-2",1.5,"L_UH","No Bias",0,0,0,0,0,0,7.56362663752787e-05,0.0188267561155827,0.118065445097727,TRUE,0.38828056532893,1.00115202088467,0.143491596452047,TRUE,0.289159462694619,1.00100775973152,0.0897059228926351,TRUE,0.513426342369313,1.00101245584851,0.181352463120479,TRUE,0.406868992563243,1.0010258482276
385,"rand=1-2_rate=1.5_ROB=L_UH_Bias=No Bias","1-2",1.5,"L_UH","No Bias",0,0,0,0,0,0,-0.00816023060686137,0.0261637317823096,0.0204337373865083,TRUE,0.496048266121773,1.00135926537858,-0.0619656639402755,TRUE,0.442589772602619,1.00099682901741,0.057297622974143,TRUE,0.460831118898241,1.0010548391012,-0.182915760405451,TRUE,1.02533784783148,1.00099615781028
386,"rand=1-2_rate=1.5_ROB=L_UH_Bias=No Bias","1-2",1.5,"L_UH","No Bias",0,0,0,0,0,0,0.00992505226059381,0.0244022948588896,-0.114961835208327,TRUE,0.494331099687324,1.00099305177365,-0.138424293656237,TRUE,0.305796935804246,1.00117738946658,-0.107323155108177,TRUE,0.57044574271425,1.00131654338012,-0.150125515550918,TRUE,0.439791485094272,1.00098787666658
387,"rand=1-2_rate=1.5_ROB=L_UH_Bias=No Bias","1-2",1.5,"L_UH","No Bias",0,0,0,0,0,0,0.00209435045969475,0.023432641524807,-0.135261247673617,TRUE,0.482346925046081,1.0010045920811,-0.217583975927371,FALSE,0.317220377209363,1.00105355402074,-0.0393200210927129,TRUE,0.479842887485905,1.00105171305936,-0.303481390837291,FALSE,0.432109949427797,1.00098787777859
388,"rand=1-2_rate=1.5_ROB=L_UH_Bias=No Bias","1-2",1.5,"L_UH","No Bias",0,0,0,0,0,0,0.00513588280866046,0.0271440515007486,-0.0644487665224758,TRUE,0.46318303653048,1.00122191014376,-0.0991798387942806,TRUE,0.333123822780769,1.00098619260101,0.0225503616050432,TRUE,0.429162883955277,1.00147419740507,-0.17484174062199,TRUE,0.60929702064318,1.00106044696588
389,"rand=1-2_rate=1.5_ROB=L_UH_Bias=No Bias","1-2",1.5,"L_UH","No Bias",0,0,0,0,0,0,0.000371427785895773,0.0282530804179559,0.0940501700016003,TRUE,0.495555575421035,1.00108626879517,0.0107303047375229,TRUE,0.451041749594708,1.00101549293807,0.119773509710526,TRUE,0.435995616797266,1.00104537008249,-0.114969674828447,TRUE,1.14187658383004,1.00098982945749
390,"rand=1-2_rate=1.5_ROB=L_UH_Bias=No Bias","1-2",1.5,"L_UH","No Bias",0,0,0,0,0,0,0.00344051852925636,0.0229261552953643,0.0298929014693982,TRUE,0.478498078921663,1.00099124978351,0.0398268515170684,TRUE,0.344985186400943,1.00099421706399,0.0298012597819431,TRUE,0.502317706328107,1.00109007072478,0.0434771666419613,TRUE,0.625845423312599,1.000995279538
391,"rand=1-2_rate=1.5_ROB=L_UH_Bias=No Bias","1-2",1.5,"L_UH","No Bias",0,0,0,0,0,0,-0.00145308434467771,0.0181120823036857,-0.00946711614047868,TRUE,0.424940535071473,1.001097700284,-0.0718970689997052,TRUE,0.323513567241993,1.00115137252871,-0.0400311544308887,TRUE,0.526373783188073,1.00131936035615,-0.0924114449032318,TRUE,0.525984605660882,1.00098617411903
392,"rand=1-2_rate=1.5_ROB=L_UH_Bias=No Bias","1-2",1.5,"L_UH","No Bias",0,0,0,0,0,0,-0.0129604826984806,0.0345455718229179,0.0668930169981067,TRUE,0.408498592270213,1.00118690710672,0.0670388545250405,TRUE,0.290521642709511,1.00104450217897,0.00679598001488979,TRUE,0.439940760139906,1.00196770521329,0.104086618420056,TRUE,0.495405692671645,1.00102519769807
393,"rand=1-2_rate=1.5_ROB=L_UH_Bias=No Bias","1-2",1.5,"L_UH","No Bias",0,0,0,0,0,0,-0.0076033148223186,0.0275230018948381,-0.0673921078922879,TRUE,0.428062589076241,1.00104269154491,-0.0600348914584852,TRUE,0.291323921993755,1.00104852160905,-0.0598312512558026,TRUE,0.510966726062676,1.00116534213272,-0.0611071970212498,TRUE,0.448337119432613,1.00102513323693
394,"rand=1-2_rate=1.5_ROB=L_UH_Bias=No Bias","1-2",1.5,"L_UH","No Bias",0,0,0,0,0,0,0.00620001054107982,0.0210510609033671,-0.244596388263604,TRUE,0.603397935057129,1.00098689638202,-0.218841907678629,FALSE,0.411534256414417,1.00098601234413,-0.258822873821093,TRUE,0.652234707999876,1.00151009131196,-0.192109491239237,TRUE,0.679470495152936,1.00098982465052
395,"rand=1-2_rate=1.5_ROB=L_UH_Bias=No Bias","1-2",1.5,"L_UH","No Bias",0,0,0,0,0,0,-0.00690233975795613,0.0252751012149633,-0.0850166533662586,TRUE,0.489311911364541,1.00102773582056,-0.0392157663702224,TRUE,0.337876175260196,1.00106920774237,-0.182495769559255,TRUE,0.669615634887656,1.00108215193001,0.0427286059810378,TRUE,0.397879673946449,1.0009860498646
396,"rand=1-2_rate=1.5_ROB=L_UH_Bias=No Bias","1-2",1.5,"L_UH","No Bias",0,0,0,0,0,0,-0.00655690381554037,0.0216992852499308,0.00152201607912883,TRUE,0.470465200249386,1.00098751668557,-0.0669643916830731,TRUE,0.391318040918684,1.00100595651589,-0.0815143734344581,TRUE,0.539009114710068,1.00100429353485,-0.0551915548082187,TRUE,0.735865280920682,1.00098639224883
397,"rand=1-2_rate=1.5_ROB=L_UH_Bias=No Bias","1-2",1.5,"L_UH","No Bias",0,0,0,0,0,0,0.00643248838607568,0.0305791195622014,-0.0324277395784756,TRUE,0.499549132309719,1.0010398302431,-0.0531760734050934,TRUE,0.362252908843413,1.00100482723086,0.0980564455117642,TRUE,0.426833564376066,1.00098768172332,-0.190036239462296,TRUE,0.646629812875522,1.00099321986157
398,"rand=1-2_rate=1.5_ROB=L_UH_Bias=No Bias","1-2",1.5,"L_UH","No Bias",0,0,0,0,0,0,0.00280147443317273,0.0264869372288661,0.0224023535708113,TRUE,0.46047066995659,1.00098791325226,0.0769726562350971,TRUE,0.341416679354325,1.00098963609036,0.0116595453787729,TRUE,0.53379545881998,1.001068726253,0.128947270938161,TRUE,0.557398931254633,1.00099277962796
399,"rand=1-2_rate=1.5_ROB=L_UH_Bias=No Bias","1-2",1.5,"L_UH","No Bias",0,0,0,0,0,0,0.00424532098052922,0.0258592823884408,-0.0468475722621682,TRUE,0.498439819229887,1.00123712484051,-0.0459043772008301,TRUE,0.342483562554491,1.00098599105493,0.0821802639055118,TRUE,0.42953192216309,1.00122962441962,-0.139170856584814,TRUE,0.621606402052052,1.00098702101214
400,"rand=1-2_rate=1.5_ROB=L_UH_Bias=No Bias","1-2",1.5,"L_UH","No Bias",0,0,0,0,0,0,0.00449448908778363,0.0207342743458565,-0.00206584491127204,TRUE,0.408428828699931,1.001089618442,-0.0113457696810095,TRUE,0.308521973560893,1.00098602976888,0.0363027854226472,TRUE,0.514198544598608,1.00099475635625,-0.0426037410563602,TRUE,0.458957396078032,1.00099134293949
401,"rand=1-2_rate=1.5_ROB=L_UH_Bias=No Bias","1-2",1.5,"L_UH","No Bias",0,0,0,0,0,0,-0.0206535655586761,0.0316717351583413,-0.306759089459441,TRUE,0.697356820712798,1.00116601570364,-0.129956019180039,TRUE,0.469523647660906,1.00099315237634,0.00646434716218935,TRUE,0.650487881209271,1.00099484040501,-0.268161123973363,TRUE,0.791852884696205,1.00098801622442
402,"rand=1-2_rate=1.5_ROB=L_UH_Bias=No Bias","1-2",1.5,"L_UH","No Bias",0,0,0,0,0,0,0.0135234394796612,0.0237027682099875,-0.0184125749894033,TRUE,0.456031567993302,1.00098599549301,-0.107871804771628,TRUE,0.38617868197559,1.00101189704283,0.0748215967505257,TRUE,0.43504403966255,1.00120063541448,-0.267657603075963,TRUE,0.697159798669494,1.00099351386653
403,"rand=1-2_rate=1.5_ROB=L_UH_Bias=No Bias","1-2",1.5,"L_UH","No Bias",0,0,0,0,0,0,0.0018122639520447,0.0288135617486107,-0.105648103463365,TRUE,0.554857402968175,1.00110052914217,-0.0927185693776251,TRUE,0.391621653168379,1.00101044905778,-0.0556107022735883,TRUE,0.70761189422592,1.00104485259878,-0.119257291620468,TRUE,0.549637535685591,1.00098599043687
404,"rand=1-2_rate=1.5_ROB=L_UH_Bias=No Bias","1-2",1.5,"L_UH","No Bias",0,0,0,0,0,0,-0.00201769077582732,0.0180266876768881,-0.0115480014726339,TRUE,0.420015783240679,1.00099174893529,-0.00234904192215368,TRUE,0.286836938662762,1.00099731996922,-0.0335690774512054,TRUE,0.449919781304819,1.00248031278324,0.0212829863401004,TRUE,0.502475952707908,1.00100299914294
405,"rand=1-2_rate=1.5_ROB=L_UH_Bias=No Bias","1-2",1.5,"L_UH","No Bias",0,0,0,0,0,0,-0.0141626242319545,0.0268718641820721,0.070118788308693,TRUE,0.444704873488102,1.00124678693235,0.0519510943787418,TRUE,0.349872788474327,1.00098724055221,0.10444988776865,TRUE,0.403364214535042,1.00098645939503,0.00999389623045777,TRUE,0.756853282596868,1.00101131095504
406,"rand=1-2_rate=1.5_ROB=L_UH_Bias=No Bias","1-2",1.5,"L_UH","No Bias",0,0,0,0,0,0,-0.00213881760892102,0.029669680814322,0.0283766261181829,TRUE,0.42380427880483,1.00101456160271,-0.0431951788873968,TRUE,0.306886570429113,1.00109262067966,-0.0252679367559241,TRUE,0.495139586347863,1.00098769396624,-0.0528804867445136,TRUE,0.508602624367519,1.00103132763729
407,"rand=1-2_rate=1.5_ROB=L_UH_Bias=No Bias","1-2",1.5,"L_UH","No Bias",0,0,0,0,0,0,0.00608875858675081,0.0164101168595726,0.010228673153706,TRUE,0.502196328342427,1.00107242181066,-0.0387096913919807,TRUE,0.388624540363878,1.00100237875791,0.0886174467355507,TRUE,0.424316861429926,1.00107474120734,-0.158315878398212,TRUE,0.809618508077826,1.00099063570328
408,"rand=1-2_rate=1.5_ROB=L_UH_Bias=No Bias","1-2",1.5,"L_UH","No Bias",0,0,0,0,0,0,-0.00122622798098212,0.0197969177616315,-0.109221656474045,TRUE,0.559997466840483,1.00109561471012,-0.0655680735453135,TRUE,0.430430178116683,1.00102102687147,-0.177715384634273,TRUE,0.703509428613004,1.00110311027436,0.0265102031406558,TRUE,0.647778410494634,1.00104466917329
409,"rand=1-2_rate=1.5_ROB=L_UH_Bias=No Bias","1-2",1.5,"L_UH","No Bias",0,0,0,0,0,0,0.00238128066425386,0.0219585859516262,0.0963388975240659,TRUE,0.533082548419821,1.00098976417906,0.112349069001212,TRUE,0.372916723751088,1.00100905900464,-0.0931841094161692,TRUE,0.681161625425929,1.00098629124473,0.26193111865008,FALSE,0.374759438292839,1.00098599883426
410,"rand=1-2_rate=1.5_ROB=L_UH_Bias=No Bias","1-2",1.5,"L_UH","No Bias",0,0,0,0,0,0,-0.00694112496320066,0.0253956861699394,-0.160713822819107,TRUE,0.515540459180071,1.00100573920064,-0.170088834082849,FALSE,0.35866788859067,1.0010369052316,-0.211947115551819,TRUE,0.556068840286995,1.00108003061024,-0.14257427045652,TRUE,0.603987155028332,1.00099734920228
411,"rand=1-2_rate=1.5_ROB=L_UH_Bias=No Bias","1-2",1.5,"L_UH","No Bias",0,0,0,0,0,0,-0.00267529528012826,0.0232069002479355,0.0832433080764271,TRUE,0.362089148213812,1.0010163700491,0.0299665647678955,TRUE,0.27959609230102,1.00103669792055,0.111336996205586,TRUE,0.38445621655315,1.00246666907205,-0.0202809899985108,TRUE,0.514534947283296,1.00104548849425
412,"rand=1-2_rate=1.5_ROB=L_UH_Bias=No Bias","1-2",1.5,"L_UH","No Bias",0,0,0,0,0,0,-0.00304230365606778,0.0241748715447597,-0.0131257411511085,TRUE,0.377559281951259,1.00098681404897,0.0508742583539722,TRUE,0.218003992471355,1.0009903827615,-0.0609617575987034,TRUE,0.476018345049578,1.00129248343248,0.0883686206624557,TRUE,0.273376621420088,1.00098661949069
413,"rand=1-2_rate=1.5_ROB=L_UH_Bias=No Bias","1-2",1.5,"L_UH","No Bias",0,0,0,0,0,0,-0.00722331149702698,0.0165683149796392,-0.0616042565643697,TRUE,0.528270593627697,1.00099091595838,-0.0256595985132193,TRUE,0.379931443312014,1.00098632961062,-0.238921092141849,TRUE,0.672656540694123,1.00098910973229,0.116227444170019,TRUE,0.423304198188187,1.00102877516037
414,"rand=1-2_rate=1.5_ROB=L_UH_Bias=No Bias","1-2",1.5,"L_UH","No Bias",0,0,0,0,0,0,0.00138082029435443,0.0373359955273873,-0.017125596793947,TRUE,0.540646878626265,1.0010039654841,-0.0488138394419586,TRUE,0.417786968044898,1.00098599034123,-0.0660973030571981,TRUE,0.640891595402192,1.0009926290754,-0.0272261996859022,TRUE,0.703317247557237,1.00099108427022
415,"rand=1-2_rate=1.5_ROB=L_UH_Bias=No Bias","1-2",1.5,"L_UH","No Bias",0,0,0,0,0,0,0.0177162311607276,0.0338310622020727,-0.0553165619928873,TRUE,0.45029229385522,1.00118363084464,-0.0935717059572274,TRUE,0.319846180571318,1.00101093057173,-0.0467027451526971,TRUE,0.46267249181156,1.00136455808645,-0.119253235284728,TRUE,0.589141414642892,1.00100470564721
416,"rand=1-2_rate=1.5_ROB=L_UH_Bias=No Bias","1-2",1.5,"L_UH","No Bias",0,0,0,0,0,0,0.00689689808887597,0.0238116902685493,-0.0598983412630159,TRUE,0.510184321005429,1.00102088043367,-0.0277438174454794,TRUE,0.366056681632346,1.00102532503416,-0.0925466901396834,TRUE,0.620318984125117,1.00106777823639,0.0172256022361853,TRUE,0.556697902955936,1.00099364967656
417,"rand=1-2_rate=1.5_ROB=L_UH_Bias=No Bias","1-2",1.5,"L_UH","No Bias",0,0,0,0,0,0,0.000865000716365355,0.0298957750846573,0.123984192001816,TRUE,0.412701723566517,1.00103103129073,0.0471548275034386,TRUE,0.364630840427588,1.00098703590655,0.129077311425225,TRUE,0.390276170012729,1.00103974086591,-0.0379354147360982,TRUE,0.837171438561487,1.00098940267675
418,"rand=1-2_rate=1.5_ROB=L_UH_Bias=No Bias","1-2",1.5,"L_UH","No Bias",0,0,0,0,0,0,0.00824189213413726,0.0315214206429399,-0.0249171318666066,TRUE,0.434995756862794,1.0011364847437,-0.0151137273471931,TRUE,0.274114592191113,1.00126077096459,-0.050542560684419,TRUE,0.513244669759691,1.00110350681232,-0.000148867130074226,TRUE,0.386936728754296,1.00098967041644
419,"rand=1-2_rate=1.5_ROB=L_UH_Bias=No Bias","1-2",1.5,"L_UH","No Bias",0,0,0,0,0,0,0.00849667652913671,0.0240505231643784,-0.0311493411856369,TRUE,0.474730345245987,1.00101145640003,-0.0678261075757371,TRUE,0.341006490975321,1.00098766431648,0.00631104840200647,TRUE,0.50667418238414,1.00112723426208,-0.124478423134677,TRUE,0.554885900763397,1.00099986164641
420,"rand=1-2_rate=1.5_ROB=L_UH_Bias=No Bias","1-2",1.5,"L_UH","No Bias",0,0,0,0,0,0,-0.000358851062522871,0.0315644331577516,0.0999345794729003,TRUE,0.47501190955838,1.0010219965828,0.0623212117732814,TRUE,0.367505527391538,1.00098714818306,0.0316101928816995,TRUE,0.645049272638524,1.00099037119337,0.0921322227176484,TRUE,0.517284743684989,1.00102990013182
421,"rand=1-2_rate=1.5_ROB=L_UH_Bias=No Bias","1-2",1.5,"L_UH","No Bias",0,0,0,0,0,0,-0.00786546358917206,0.0291387809651193,-0.127378676958997,TRUE,0.56040145348746,1.00105913659964,-0.0592594365803674,TRUE,0.39545594947006,1.00105979484983,-0.112143937830166,TRUE,0.536301627912046,1.0010220008716,-0.0167991665936968,TRUE,0.729650933644372,1.00101690918757
422,"rand=1-2_rate=1.5_ROB=L_UH_Bias=No Bias","1-2",1.5,"L_UH","No Bias",0,0,0,0,0,0,-0.00224052723130383,0.0292067152749174,-0.0019301808243084,TRUE,0.42941723390261,1.00106306670399,0.0676037275137908,TRUE,0.25473141155814,1.00101118327952,-0.0847470327520123,TRUE,0.479227185054753,1.00108860725848,0.125784128829934,TRUE,0.362734196692874,1.00101155174417
423,"rand=1-2_rate=1.5_ROB=L_UH_Bias=No Bias","1-2",1.5,"L_UH","No Bias",0,0,0,0,0,0,0.00583933626726613,0.0236242771212503,-0.190225903310579,TRUE,0.704788398435554,1.00098862250913,-0.14231132835024,TRUE,0.537169931480285,1.00099142469864,-0.133444192118411,TRUE,0.658456497144742,1.00100378630701,-0.167298916039885,TRUE,1.21567998201658,1.00098871853599
424,"rand=1-2_rate=1.5_ROB=L_UH_Bias=No Bias","1-2",1.5,"L_UH","No Bias",0,0,0,0,0,0,0.00166873364209287,0.0203687817556388,-0.080464924542154,TRUE,0.495481102868339,1.00098623124924,-0.0473088638569374,TRUE,0.372465498309376,1.00108663749974,-0.0911937077770431,TRUE,0.625331130173234,1.00100122586155,-0.0163351670948919,TRUE,0.574616648876051,1.00100580319011
425,"rand=1-2_rate=1.5_ROB=L_UH_Bias=No Bias","1-2",1.5,"L_UH","No Bias",0,0,0,0,0,0,-0.00699563330980883,0.0240218680839307,0.0461944143140233,TRUE,0.417949797643183,1.0010029385839,0.0774020270902126,TRUE,0.292269456611857,1.00099014023626,0.0688563077333509,TRUE,0.498221055074769,1.00115717001468,0.0822253577417893,TRUE,0.444168690355418,1.00098924320913
426,"rand=1-2_rate=1.5_ROB=L_UH_Bias=No Bias","1-2",1.5,"L_UH","No Bias",0,0,0,0,0,0,-0.00833605565503853,0.0296402881510594,0.006039988520397,TRUE,0.463709622972768,1.00148704338392,0.0238301287259576,TRUE,0.309781565411553,1.00099265553964,-0.0545776301831524,TRUE,0.485082560385667,1.00288068388332,0.0711676257118767,TRUE,0.514372557257503,1.00105792187126
427,"rand=1-2_rate=1.5_ROB=L_UH_Bias=No Bias","1-2",1.5,"L_UH","No Bias",0,0,0,0,0,0,-0.00958445296620906,0.024536586346663,-0.0573003427895515,TRUE,0.489209476570073,1.00105580014112,-0.0389268744489697,TRUE,0.363389173363872,1.00100517766923,0.00650147263451062,TRUE,0.505194911125539,1.00104301828309,-0.0737568002333697,TRUE,0.667975685129886,1.00101961242965
428,"rand=1-2_rate=1.5_ROB=L_UH_Bias=No Bias","1-2",1.5,"L_UH","No Bias",0,0,0,0,0,0,0.000502909331802728,0.021433101662857,-0.0799195132072132,TRUE,0.529924336700954,1.00100340078223,-0.064804748412008,TRUE,0.352004653214454,1.00101332390582,0.0205644661632157,TRUE,0.472515054056803,1.00120653514225,-0.118487981771101,TRUE,0.666280855710134,1.00101693631968
429,"rand=1-2_rate=1.5_ROB=L_UH_Bias=No Bias","1-2",1.5,"L_UH","No Bias",0,0,0,0,0,0,-0.000739659982652603,0.0274032960885069,0.150937054443009,TRUE,0.422584881778821,1.00100152203031,0.0806205251023022,TRUE,0.336066998227688,1.00100004638315,-0.0873862211191017,TRUE,0.671958754203004,1.00102142111671,0.182556626690301,FALSE,0.326352481470432,1.00098684621937
430,"rand=1-2_rate=1.5_ROB=L_UH_Bias=No Bias","1-2",1.5,"L_UH","No Bias",0,0,0,0,0,0,0.00356832132646507,0.0214063076515488,-0.00304171333501646,TRUE,0.504243611055113,1.0015927805904,0.0343463441357383,TRUE,0.342416570153026,1.00098692192958,-0.0865195815476933,TRUE,0.493816232403587,1.00244389965696,0.120533564270502,TRUE,0.584748539953483,1.00099442783394
431,"rand=1-2_rate=1.5_ROB=L_UH_Bias=No Bias","1-2",1.5,"L_UH","No Bias",0,0,0,0,0,0,-0.00616487145697937,0.0332315945570851,0.149260554761736,TRUE,0.357425648310102,1.00111063602125,0.0997108261013673,TRUE,0.276218307844079,1.00098649617931,0.267954165094695,FALSE,0.338840605263228,1.00099585492266,-0.00690533694491835,TRUE,0.426870061044496,1.00115875535644
432,"rand=1-2_rate=1.5_ROB=L_UH_Bias=No Bias","1-2",1.5,"L_UH","No Bias",0,0,0,0,0,0,0.00191897917892978,0.027201944936022,-0.101037946257213,TRUE,0.494496488875598,1.00098964487459,-0.0677504586790034,TRUE,0.319509520728887,1.00098907219484,0.0492124205217659,TRUE,0.481456904811507,1.00111948227543,-0.142995386839542,TRUE,0.46826937003233,1.00103119500154
433,"rand=1-2_rate=1.5_ROB=L_UH_Bias=No Bias","1-2",1.5,"L_UH","No Bias",0,0,0,0,0,0,0.0120330887869472,0.0189742904476448,0.0621161290519138,TRUE,0.455782587023838,1.00104427138398,0.0847783720468803,TRUE,0.318409231632312,1.00099235847641,0.0761289446690047,TRUE,0.448065352133141,1.00098989460882,0.091737166434936,TRUE,0.575463680903694,1.00100422790058
434,"rand=1-2_rate=1.5_ROB=L_UH_Bias=No Bias","1-2",1.5,"L_UH","No Bias",0,0,0,0,0,0,-0.00297569132292209,0.0347790348278757,0.0269303069136476,TRUE,0.536256034313189,1.00103600495823,0.0255234132617362,TRUE,0.391557277607103,1.00100141816957,0.0803627719847995,TRUE,0.580136152076312,1.00099417815902,-0.0276985882469145,TRUE,0.685701652187012,1.00099372652949
435,"rand=1-2_rate=1.5_ROB=L_UH_Bias=No Bias","1-2",1.5,"L_UH","No Bias",0,0,0,0,0,0,0.00344412798400993,0.0262349224528799,-0.109896285904783,TRUE,0.62440880141106,1.00099632517741,-0.0572069803742268,TRUE,0.470119386052308,1.00107423642568,-0.0888012999949268,TRUE,0.7928125293723,1.0009873068412,-0.0247613346811077,TRUE,0.724433745640808,1.00099205099051
436,"rand=1-2_rate=1.5_ROB=L_UH_Bias=No Bias","1-2",1.5,"L_UH","No Bias",0,0,0,0,0,0,0.00221330742056383,0.0146279903309041,0.0573536713591434,TRUE,0.400186510594635,1.00098873977702,0.0170297131927488,TRUE,0.248758948709381,1.00099360484199,0.12132621077832,TRUE,0.39896857906465,1.00118662453864,-0.0254408820541929,TRUE,0.385282930877724,1.00101815748899
437,"rand=1-2_rate=1.5_ROB=L_UH_Bias=No Bias","1-2",1.5,"L_UH","No Bias",0,0,0,0,0,0,0.00300493365448805,0.0253669422855074,-0.0575856596975002,TRUE,0.455712966423808,1.00114301358229,-0.104182676330159,TRUE,0.408235652963766,1.00100071204214,-0.0323929263953306,TRUE,0.432040600781239,1.00098759116766,-0.186602714677702,TRUE,1.0321667955339,1.00099298834444
438,"rand=1-2_rate=1.5_ROB=L_UH_Bias=No Bias","1-2",1.5,"L_UH","No Bias",0,0,0,0,0,0,-0.00916714578604067,0.0194679513851382,-0.0716234301858678,TRUE,0.563808522922204,1.00098667296327,-0.0491254000157548,TRUE,0.422635872176506,1.00103259210313,-0.21072502153529,TRUE,0.671331961600377,1.00098990819646,0.0860779171992817,TRUE,0.611077755319445,1.00098789751315
439,"rand=1-2_rate=1.5_ROB=L_UH_Bias=No Bias","1-2",1.5,"L_UH","No Bias",0,0,0,0,0,0,-0.0146038068480057,0.0297988917669232,0.00531706244640129,TRUE,0.457520239331978,1.00107690680153,0.0826143187474514,TRUE,0.323772917806789,1.00102435827847,-0.0306865971257575,TRUE,0.493178841116282,1.00106640060443,0.156962416204243,TRUE,0.521205918054885,1.00101568006692
440,"rand=1-2_rate=1.5_ROB=L_UH_Bias=No Bias","1-2",1.5,"L_UH","No Bias",0,0,0,0,0,0,-0.0118780273733741,0.0314722833325007,-0.140429106076388,TRUE,0.524757335671441,1.00151567686586,-0.0551870671807608,TRUE,0.348655106557696,1.00099196943873,0.09982026657205,TRUE,0.448989736794714,1.00098657480505,-0.164628479804142,TRUE,0.561666451642966,1.00099311902233
441,"rand=1-2_rate=1.5_ROB=L_UH_Bias=No Bias","1-2",1.5,"L_UH","No Bias",0,0,0,0,0,0,-0.00369014330358751,0.0180499949378546,-0.0753150133867706,TRUE,0.445723729955985,1.0011108965894,-0.0315403008072686,TRUE,0.277297796314581,1.00098692944946,-0.0591687277586312,TRUE,0.431978121117255,1.00120257691699,-0.0146736395318845,TRUE,0.492267724019273,1.00099767037482
442,"rand=1-2_rate=1.5_ROB=L_UH_Bias=No Bias","1-2",1.5,"L_UH","No Bias",0,0,0,0,0,0,0.015951458603982,0.0381432069281007,0.160007853689084,TRUE,0.353041887167688,1.00128758658605,0.150500388007566,FALSE,0.208288711534748,1.00100413253222,0.160777584924904,TRUE,0.433557731064462,1.00098602061626,0.148427107964508,TRUE,0.282907507305688,1.00099494980303
443,"rand=1-2_rate=1.5_ROB=L_UH_Bias=No Bias","1-2",1.5,"L_UH","No Bias",0,0,0,0,0,0,0.0111192147390963,0.033513107970163,0.0482792808943786,TRUE,0.533068017536498,1.00141322835491,0.0216829960406508,TRUE,0.425568821701068,1.00106166539095,0.136707637104562,TRUE,0.4270957827369,1.00133119914557,-0.113181583633557,TRUE,0.991020431614881,1.00098669175975
444,"rand=1-2_rate=1.5_ROB=L_UH_Bias=No Bias","1-2",1.5,"L_UH","No Bias",0,0,0,0,0,0,7.28508673136956e-05,0.0257520147159979,-0.00129657204647438,TRUE,0.456722729326888,1.00098684956191,-0.066439295665595,TRUE,0.372232209576706,1.00100944388996,-0.0400019351491587,TRUE,0.522079361615476,1.00101360325328,-0.0900779905842544,TRUE,0.686442507450475,1.00102326092732
445,"rand=1-2_rate=1.5_ROB=L_UH_Bias=No Bias","1-2",1.5,"L_UH","No Bias",0,0,0,0,0,0,0.0198540945046374,0.0373025433347738,-0.0597263624580833,TRUE,0.475699854361822,1.00098662256969,-0.045308211158879,TRUE,0.334461928791187,1.00101548569588,-0.0959528538010705,TRUE,0.481433992829349,1.00106283065412,-0.00730174475139611,TRUE,0.599536037332188,1.00099370442
446,"rand=1-2_rate=1.5_ROB=L_UH_Bias=No Bias","1-2",1.5,"L_UH","No Bias",0,0,0,0,0,0,0.000927093389677176,0.0248746250431278,0.116873863201431,TRUE,0.379791998715004,1.00098635375209,0.134935278997598,FALSE,0.245595270736842,1.00107026151762,0.102985305340617,TRUE,0.442375795416358,1.00118224691531,0.150728939676343,TRUE,0.381790865279103,1.00104217339287
447,"rand=1-2_rate=1.5_ROB=L_UH_Bias=No Bias","1-2",1.5,"L_UH","No Bias",0,0,0,0,0,0,0.0101867788688602,0.0273478549833972,0.028513342729993,TRUE,0.495833782728322,1.00099060043218,-0.0133734520043698,TRUE,0.377423592834939,1.00099953768211,-0.0068082731560104,TRUE,0.637348036521781,1.0009960602678,-0.0176066161983632,TRUE,0.584490513366567,1.00098612698512
448,"rand=1-2_rate=1.5_ROB=L_UH_Bias=No Bias","1-2",1.5,"L_UH","No Bias",0,0,0,0,0,0,-0.00954528644272869,0.0218068479213426,0.0790931452738781,TRUE,0.443026223063824,1.00105688516502,0.0456116248215941,TRUE,0.321714880105442,1.00100822787823,0.171433855178444,TRUE,0.396821260782568,1.00104716898288,-0.0580487167553889,TRUE,0.555660808218171,1.00102236469397
449,"rand=1-2_rate=1.5_ROB=L_UH_Bias=No Bias","1-2",1.5,"L_UH","No Bias",0,0,0,0,0,0,0.00367717612434829,0.0183984459065491,-0.00114842206039234,TRUE,0.438901148466022,1.00110426613538,-0.065775834538399,TRUE,0.339405966921529,1.00098618583708,-0.123422247826829,TRUE,0.497828087712098,1.00099743173385,-0.0256188330776161,TRUE,0.604784964384289,1.00099108288675
450,"rand=1-2_rate=1.5_ROB=L_UH_Bias=No Bias","1-2",1.5,"L_UH","No Bias",0,0,0,0,0,0,0.00302605788594397,0.0221495676167998,-0.178792179635131,TRUE,0.52864488706626,1.00102763696142,-0.1449202036216,TRUE,0.346807274307166,1.00098793606514,-0.0902059880631689,TRUE,0.602307723464626,1.00098985850286,-0.178787182023792,TRUE,0.521749577401953,1.00099824208775
451,"rand=1-2_rate=1.5_ROB=L_UH_Bias=No Bias","1-2",1.5,"L_UH","No Bias",0,0,0,0,0,0,0.0102983232600011,0.0292412940760799,-0.0168260669707148,TRUE,0.461049273137139,1.00110333993846,0.00552478866204165,TRUE,0.310401347663027,1.00115206647516,-0.0585846689878402,TRUE,0.471913574775715,1.00126391995535,0.0408630860959375,TRUE,0.529169798016621,1.00098646151955
452,"rand=1-2_rate=1.5_ROB=L_UH_Bias=No Bias","1-2",1.5,"L_UH","No Bias",0,0,0,0,0,0,0.00320540095836698,0.0230059954081548,0.0631684897218804,TRUE,0.502023008512795,1.00098819037178,0.0162805617552152,TRUE,0.371828859188739,1.00098677082269,0.188390874031332,TRUE,0.494053311579911,1.00101430802985,-0.147955555668532,TRUE,0.535862894961538,1.00102203376915
453,"rand=1-2_rate=1.5_ROB=L_UH_Bias=No Bias","1-2",1.5,"L_UH","No Bias",0,0,0,0,0,0,-0.0264937795518773,0.0326993104763688,0.0539984677527734,TRUE,0.459682462280397,1.00119603173751,0.0618380481963117,TRUE,0.331600699871436,1.00098605688697,0.0646144728675755,TRUE,0.442835939759879,1.00105653623612,0.0595273967610389,TRUE,0.638753168265919,1.0009859996661
454,"rand=1-2_rate=1.5_ROB=L_UH_Bias=No Bias","1-2",1.5,"L_UH","No Bias",0,0,0,0,0,0,-0.00259206857195962,0.0257105391456264,0.116594744298006,TRUE,0.422490002293114,1.00117356458717,0.142648976252544,TRUE,0.301608618681036,1.00099244853788,0.110194650737667,TRUE,0.412446769156998,1.00104284756889,0.172593903101541,TRUE,0.58587655011142,1.00102509997818
455,"rand=1-2_rate=1.5_ROB=L_UH_Bias=No Bias","1-2",1.5,"L_UH","No Bias",0,0,0,0,0,0,-0.00367077895810919,0.0213826312751112,0.108104347440898,TRUE,0.438378548218711,1.00102696160121,0.0947479851950441,TRUE,0.343652836900893,1.001022268515,0.135947870155769,TRUE,0.395723056890172,1.00098802235053,0.0573905331116288,TRUE,0.759603294521987,1.00098700450185
456,"rand=1-2_rate=1.5_ROB=L_UH_Bias=No Bias","1-2",1.5,"L_UH","No Bias",0,0,0,0,0,0,0.0148387521285616,0.0252638165457338,0.0416095640940631,TRUE,0.442983922440634,1.00123968015569,0.0286447178598411,TRUE,0.314545504539155,1.0009860173947,0.039794791890875,TRUE,0.438832529072929,1.00122959123884,0.0215155065704485,TRUE,0.611420783993807,1.00099623556332
457,"rand=1-2_rate=1.5_ROB=L_UH_Bias=No Bias","1-2",1.5,"L_UH","No Bias",0,0,0,0,0,0,0.00923082512416056,0.0214781270560321,0.100539588400939,TRUE,0.35391479416341,1.00135282029374,0.0433018461129094,TRUE,0.293670647925779,1.00098900518667,0.17174246748298,TRUE,0.405152698727126,1.00098599575925,-0.0382352380331374,TRUE,0.470132422024468,1.00100971864851
458,"rand=1-2_rate=1.5_ROB=L_UH_Bias=No Bias","1-2",1.5,"L_UH","No Bias",0,0,0,0,0,0,0.0104207425882607,0.0410038387941429,-0.0083919902699352,TRUE,0.53718587010865,1.00122882033908,-0.0319670028517136,TRUE,0.413236731822379,1.00102031101552,-0.0916129859569046,TRUE,0.545943393132363,1.00100042545918,0.0200050702223287,TRUE,0.764995023937224,1.00099328127014
459,"rand=1-2_rate=1.5_ROB=L_UH_Bias=No Bias","1-2",1.5,"L_UH","No Bias",0,0,0,0,0,0,-0.00136135958363162,0.0172144116365921,0.054119913381445,TRUE,0.592461103666615,1.00107242314188,0.0921144006917315,TRUE,0.472684729351005,1.00098655133123,-0.000760411022508789,TRUE,0.648919798350761,1.00099070638603,0.200699894546443,TRUE,0.892346243981782,1.00101049828289
460,"rand=1-2_rate=1.5_ROB=L_UH_Bias=No Bias","1-2",1.5,"L_UH","No Bias",0,0,0,0,0,0,0.00390037620924532,0.0170125718371048,-0.0683220970251386,TRUE,0.487934190223928,1.00098751429067,-0.110238620957915,TRUE,0.348121897791417,1.00101456817087,-0.0780937256939105,TRUE,0.71689168040095,1.00101036666424,-0.125082795462045,TRUE,0.406552860468652,1.0009862140872
461,"rand=1-2_rate=1.5_ROB=L_UH_Bias=No Bias","1-2",1.5,"L_UH","No Bias",0,0,0,0,0,0,0.00991051375474514,0.0191714178645905,-0.0086356611728875,TRUE,0.59146466196211,1.00099191294346,-0.0287956906189197,TRUE,0.463193734294726,1.00099689599917,-0.00488626953877591,TRUE,0.637445061057251,1.00098647255179,-0.0519148711647921,TRUE,0.890521041382734,1.00099225056896
462,"rand=1-2_rate=1.5_ROB=L_UH_Bias=No Bias","1-2",1.5,"L_UH","No Bias",0,0,0,0,0,0,0.00491752554492587,0.0344123298089534,-0.0417214420370013,TRUE,0.539612773446725,1.0010100509072,-0.0393207291213167,TRUE,0.390303925455459,1.00099645754846,-0.0502344948039886,TRUE,0.597935745741431,1.001296279588,-0.0346730568957174,TRUE,0.679662366558578,1.00100669569575
463,"rand=1-2_rate=1.5_ROB=L_UH_Bias=No Bias","1-2",1.5,"L_UH","No Bias",0,0,0,0,0,0,0.00677372410258523,0.0274323487620044,-0.0938078054705318,TRUE,0.448351445373759,1.00107560693955,-0.118137729856486,TRUE,0.342394220085233,1.00098915641077,-0.0618035015848657,TRUE,0.481144668386471,1.00144179430365,-0.156601643575274,TRUE,0.629825318020714,1.00098899120666
464,"rand=1-2_rate=1.5_ROB=L_UH_Bias=No Bias","1-2",1.5,"L_UH","No Bias",0,0,0,0,0,0,0.000710170256453755,0.0256550132514335,-0.0303104071475411,TRUE,0.446519042805962,1.00102076455164,-0.0763273454600222,TRUE,0.317515895568917,1.00101714405451,0.0302612940039905,TRUE,0.427135666010087,1.00146027220821,-0.147457574903904,TRUE,0.566824490828346,1.00101431351505
465,"rand=1-2_rate=1.5_ROB=L_UH_Bias=No Bias","1-2",1.5,"L_UH","No Bias",0,0,0,0,0,0,-0.00300024447154353,0.0348350988964618,0.0210067551157465,TRUE,0.467994255034219,1.00113343557563,-0.0617887029247024,TRUE,0.36982012597384,1.00100558762008,0.0631375375620746,TRUE,0.451560113108163,1.00116225150634,-0.170412849156313,TRUE,0.706142155664318,1.00101153292077
466,"rand=1-2_rate=1.5_ROB=L_UH_Bias=No Bias","1-2",1.5,"L_UH","No Bias",0,0,0,0,0,0,-0.00128581805624177,0.0252528197792422,0.103359640540878,TRUE,0.433492640091804,1.00113542030847,0.0853222807697016,TRUE,0.30728763591093,1.00100130557212,-0.03425670168354,TRUE,0.520352658137845,1.00106885379941,0.159689505085686,TRUE,0.423109639097822,1.00099205886078
467,"rand=1-2_rate=1.5_ROB=L_UH_Bias=No Bias","1-2",1.5,"L_UH","No Bias",0,0,0,0,0,0,-0.00534917859097819,0.0207946334568588,0.170097845142018,TRUE,0.314842006210869,1.00098715855299,0.110440668922798,TRUE,0.289159125302699,1.00100028196751,0.172854578876528,TRUE,0.451310750005024,1.00098632384665,0.0679507917475904,TRUE,0.453779425184738,1.00100280288537
468,"rand=1-2_rate=1.5_ROB=L_UH_Bias=No Bias","1-2",1.5,"L_UH","No Bias",0,0,0,0,0,0,0.0098920790241515,0.0264310244825107,-0.00252339623490938,TRUE,0.450325945629961,1.00114917576839,0.0584334872267408,TRUE,0.28335336686656,1.00106871020324,0.0527429344467744,TRUE,0.463290802134307,1.00106156877952,0.0623479493957332,TRUE,0.449151848097379,1.00100299281778
469,"rand=1-2_rate=1.5_ROB=L_UH_Bias=No Bias","1-2",1.5,"L_UH","No Bias",0,0,0,0,0,0,0.00603330836370425,0.0221862340564473,-0.00805365473759423,TRUE,0.435942689949438,1.00098810578273,-0.0892960088105392,TRUE,0.287051985072083,1.00102702890227,0.0484523732247806,TRUE,0.536281108328621,1.00116212774218,-0.147075254108595,TRUE,0.361205528326822,1.00112803582676
470,"rand=1-2_rate=1.5_ROB=L_UH_Bias=No Bias","1-2",1.5,"L_UH","No Bias",0,0,0,0,0,0,-0.0046582621677676,0.0233740299412356,-0.0610573844003244,TRUE,0.575086781308974,1.00119809621118,-0.168617849104369,TRUE,0.5163793958683,1.00101104449972,-0.0277252931764698,TRUE,0.471737245952755,1.001492580065,-0.326884749205547,TRUE,1.32679225655594,1.00098619834423
471,"rand=1-2_rate=1.5_ROB=L_UH_Bias=No Bias","1-2",1.5,"L_UH","No Bias",0,0,0,0,0,0,-0.00401497097987196,0.0176284215875226,-0.0899042775652463,TRUE,0.56125354669241,1.00106665202813,-0.120706114654053,TRUE,0.416266805606534,1.00098902466905,-0.25122162026474,TRUE,0.657380459942397,1.00098928981422,-0.0254935287642319,TRUE,0.635228675352323,1.00099307389615
472,"rand=1-2_rate=1.5_ROB=L_UH_Bias=No Bias","1-2",1.5,"L_UH","No Bias",0,0,0,0,0,0,-0.016099380693937,0.0264994559924365,0.0603596360269162,TRUE,0.467408443506414,1.00101653682559,0.0938900248906517,TRUE,0.367468668478787,1.00098708951744,0.0394475428510043,TRUE,0.443690764325581,1.00099255837679,0.146276515564698,TRUE,0.773109897438918,1.00101386170806
473,"rand=1-2_rate=1.5_ROB=L_UH_Bias=No Bias","1-2",1.5,"L_UH","No Bias",0,0,0,0,0,0,-1.92828954281689e-05,0.0265621968900365,0.0595829083435948,TRUE,0.504968850489689,1.00142269161163,0.0417612239756223,TRUE,0.42260787387827,1.00100630878547,-0.000859223957064614,TRUE,0.509319338326762,1.0010055887207,0.0938053739562318,TRUE,0.860842052483447,1.00099191087358
474,"rand=1-2_rate=1.5_ROB=L_UH_Bias=No Bias","1-2",1.5,"L_UH","No Bias",0,0,0,0,0,0,-0.00718040246864949,0.0365820202960492,-0.0499961265519242,TRUE,0.390297005532959,1.0012367313874,-0.100220017802076,TRUE,0.284495675836214,1.00099070121854,-0.145753412742069,TRUE,0.522037017070771,1.00123617119113,-0.0834016648831482,TRUE,0.423090230254487,1.00101152536335
475,"rand=1-2_rate=1.5_ROB=L_UH_Bias=No Bias","1-2",1.5,"L_UH","No Bias",0,0,0,0,0,0,0.0099289560844055,0.0251163316001153,-0.154591693473985,TRUE,0.610315339552407,1.00099960578151,-0.0661427609491207,TRUE,0.420353588458333,1.00100437912236,-0.174114073402193,TRUE,0.652198248365463,1.00100109081397,0.0221376621456451,TRUE,0.679244154211005,1.00098599669178
476,"rand=1-2_rate=1.5_ROB=L_UH_Bias=No Bias","1-2",1.5,"L_UH","No Bias",0,0,0,0,0,0,0.00670372237729409,0.0272717057061732,-0.0543101977133207,TRUE,0.530436618773805,1.00101486839645,-0.034769988586743,TRUE,0.372100215961176,1.00111755705974,-0.0870394789754732,TRUE,0.52368773986997,1.00143218587603,0.0061167506645089,TRUE,0.666915608957759,1.00100658153717
477,"rand=1-2_rate=1.5_ROB=L_UH_Bias=No Bias","1-2",1.5,"L_UH","No Bias",0,0,0,0,0,0,-0.00478925844828337,0.0161354167192032,0.0909521634976698,TRUE,0.439107703675177,1.00099900096919,0.0305231914000267,TRUE,0.353999404813681,1.0009867185374,0.126277450322776,TRUE,0.465928602475276,1.00101981280745,-0.0502481213460684,TRUE,0.642480270149851,1.00100072775106
478,"rand=1-2_rate=1.5_ROB=L_UH_Bias=No Bias","1-2",1.5,"L_UH","No Bias",0,0,0,0,0,0,-0.0140725598975611,0.0254722030914887,0.144275075842961,TRUE,0.414883856917646,1.00102459405791,0.108455862318067,TRUE,0.318247517851673,1.00108903713324,0.165302298749785,TRUE,0.395177638761189,1.00100888352045,0.0598819351877168,TRUE,0.632199332828872,1.0009860092
479,"rand=1-2_rate=1.5_ROB=L_UH_Bias=No Bias","1-2",1.5,"L_UH","No Bias",0,0,0,0,0,0,0.00601059101427232,0.0279160205447235,0.0403700172016067,TRUE,0.438048686217274,1.00131555240615,-0.023296604433233,TRUE,0.33604716325779,1.00102637858265,0.0361901336460472,TRUE,0.520938174551756,1.00122505736002,-0.0651490734961437,TRUE,0.545541320393807,1.00098911929793
480,"rand=1-2_rate=1.5_ROB=L_UH_Bias=No Bias","1-2",1.5,"L_UH","No Bias",0,0,0,0,0,0,-0.00921589881704144,0.0308606560344172,-0.0116058138597339,TRUE,0.401208788697164,1.00112644327327,-0.0531959569313849,TRUE,0.314719961660747,1.0010247794599,-0.0329467009861397,TRUE,0.46118955128971,1.00162553183822,-0.065683899701426,TRUE,0.542605438414981,1.00098911766345
481,"rand=1-2_rate=1.5_ROB=L_UH_Bias=No Bias","1-2",1.5,"L_UH","No Bias",0,0,0,0,0,0,-0.00735263681457465,0.0243818941641704,0.0741935663357782,TRUE,0.438838738889798,1.00098755047836,0.0600448195800893,TRUE,0.307821834721492,1.00105479321076,0.0574271976758777,TRUE,0.48125804645854,1.00101534238711,0.063961357727449,TRUE,0.511929822870018,1.00101493465309
482,"rand=1-2_rate=1.5_ROB=L_UH_Bias=No Bias","1-2",1.5,"L_UH","No Bias",0,0,0,0,0,0,-0.00407517697025041,0.0179091258439947,0.0389175389085503,TRUE,0.395482478164521,1.00111212777037,0.102103168388858,TRUE,0.273642499266106,1.00107292095307,-0.0655006599416736,TRUE,0.521212594736627,1.00108383148971,0.180134038041526,FALSE,0.32947529435516,1.00100162042086
483,"rand=1-2_rate=1.5_ROB=L_UH_Bias=No Bias","1-2",1.5,"L_UH","No Bias",0,0,0,0,0,0,-0.0210258593150107,0.0284604895251001,0.110394376020077,TRUE,0.410637022289128,1.00131357704374,0.0801306983174918,TRUE,0.286397533643133,1.00100143209021,0.170406495269578,TRUE,0.379488184918578,1.0010397372135,0.019027844683158,TRUE,0.52424684342084,1.00098759776857
484,"rand=1-2_rate=1.5_ROB=L_UH_Bias=No Bias","1-2",1.5,"L_UH","No Bias",0,0,0,0,0,0,0.0123028675446203,0.0299987060919485,0.0242109841945604,TRUE,0.485790070591093,1.00099026840717,-0.0564145638387548,TRUE,0.466402541051651,1.00101381374777,-0.00386080239213693,TRUE,0.664534064591601,1.00102978178465,-0.109710564420944,TRUE,0.867769458512123,1.00098849678727
485,"rand=1-2_rate=1.5_ROB=L_UH_Bias=No Bias","1-2",1.5,"L_UH","No Bias",0,0,0,0,0,0,0.0054270069555744,0.021685216864614,-0.116471063987973,TRUE,0.5019665151251,1.00098620877885,-0.123531981097999,TRUE,0.313216632805558,1.00098627993207,-0.120089824364271,TRUE,0.619227336810452,1.00119087436055,-0.123610186912667,TRUE,0.429101786220122,1.00103547916322
486,"rand=1-2_rate=1.5_ROB=L_UH_Bias=No Bias","1-2",1.5,"L_UH","No Bias",0,0,0,0,0,0,-0.00386918320726554,0.0222001691084248,-0.0794387288483267,TRUE,0.4962990381692,1.00098850729823,-0.0384824829257611,TRUE,0.361433670672473,1.00100719955041,-0.0720146263979389,TRUE,0.49092853076825,1.00111253711283,-0.0169965821082956,TRUE,0.693069230697144,1.00099019581658
487,"rand=1-2_rate=1.5_ROB=L_UH_Bias=No Bias","1-2",1.5,"L_UH","No Bias",0,0,0,0,0,0,-0.00437216339067301,0.0222226801212118,-0.0425745180550152,TRUE,0.50617058796091,1.00098768513845,-0.0313747004873925,TRUE,0.350634037767849,1.00098976994751,0.00250718092951052,TRUE,0.58103612557908,1.00109282489925,-0.049839290655352,TRUE,0.535639710439477,1.00098913944041
488,"rand=1-2_rate=1.5_ROB=L_UH_Bias=No Bias","1-2",1.5,"L_UH","No Bias",0,0,0,0,0,0,-0.0138613920107793,0.0306908061276301,0.0779724183313529,TRUE,0.429388950154651,1.00111497255544,0.00105122640818622,TRUE,0.325600515391321,1.0009859939693,0.20500093411272,TRUE,0.388117625627745,1.00098884394937,-0.148724456396589,TRUE,0.451247824775652,1.00102232879938
489,"rand=1-2_rate=1.5_ROB=L_UH_Bias=No Bias","1-2",1.5,"L_UH","No Bias",0,0,0,0,0,0,0.00156790102285376,0.0320934140588191,0.207431072418808,FALSE,0.349856746728957,1.00111025003094,0.160197440745844,FALSE,0.259676914779523,1.00098603129436,0.167173943784952,TRUE,0.389316501336669,1.00510375281253,0.15569661557771,TRUE,0.464910813181383,1.00101335546848
490,"rand=1-2_rate=1.5_ROB=L_UH_Bias=No Bias","1-2",1.5,"L_UH","No Bias",0,0,0,0,0,0,0.00283681858818234,0.0183302541543448,0.0101093139595771,TRUE,0.529651780897146,1.00102465057112,0.0608865916569091,TRUE,0.415826456004979,1.00099833371707,-0.0863360674241129,TRUE,0.489724516109476,1.00102700323656,0.195036844776721,TRUE,0.790879677145375,1.00100724272419
491,"rand=1-2_rate=1.5_ROB=L_UH_Bias=No Bias","1-2",1.5,"L_UH","No Bias",0,0,0,0,0,0,0.00850077507447331,0.0185799643660426,-0.0550696993269162,TRUE,0.435415413333984,1.00121738286719,-0.0771186196370162,TRUE,0.299623747146923,1.00099998588788,0.0135689870770227,TRUE,0.489345052360153,1.00110985174574,-0.12379674990426,TRUE,0.436127958842856,1.00098868021674
492,"rand=1-2_rate=1.5_ROB=L_UH_Bias=No Bias","1-2",1.5,"L_UH","No Bias",0,0,0,0,0,0,-0.00512024910357872,0.036244247474037,-0.0613089216590281,TRUE,0.480788727884026,1.00113351185144,-0.0853720109182643,TRUE,0.329914648546677,1.00122788699159,0.072140917559085,TRUE,0.418903595886671,1.00100392664638,-0.185071813335366,TRUE,0.560338219565861,1.00098657487607
493,"rand=1-2_rate=1.5_ROB=L_UH_Bias=No Bias","1-2",1.5,"L_UH","No Bias",0,0,0,0,0,0,-0.00179467363189126,0.0223887668597893,-0.00368405869112087,TRUE,0.540623138228464,1.00099483956013,0.0365525652723847,TRUE,0.4228607377827,1.00101514988322,0.020289583356224,TRUE,0.611442540099341,1.00109457197527,0.0514136230009595,TRUE,0.800355858378699,1.00098751543978
494,"rand=1-2_rate=1.5_ROB=L_UH_Bias=No Bias","1-2",1.5,"L_UH","No Bias",0,0,0,0,0,0,-0.00846871032357877,0.0266678325581804,-0.134441808670381,TRUE,0.543849339781466,1.00139991235475,-0.159021639580453,TRUE,0.430296569014578,1.00098613256368,-0.0836296958709171,TRUE,0.466119634927251,1.00104306348549,-0.236328752747604,TRUE,1.02286452226822,1.0009878991353
495,"rand=1-2_rate=1.5_ROB=L_UH_Bias=No Bias","1-2",1.5,"L_UH","No Bias",0,0,0,0,0,0,-0.00480154496790395,0.0244234405130994,0.0333151552644103,TRUE,0.496203241227418,1.00103081694831,0.0171974256774644,TRUE,0.372881270126931,1.00102389219212,-0.0579702994575975,TRUE,0.53413533008051,1.0013410832031,0.0758136177480981,TRUE,0.665226253161546,1.00106979034226
496,"rand=1-2_rate=1.5_ROB=L_UH_Bias=No Bias","1-2",1.5,"L_UH","No Bias",0,0,0,0,0,0,-0.00599969527915754,0.0275051488208343,-0.0749812133405479,TRUE,0.459385382161721,1.00108852750557,-0.0850062512355327,TRUE,0.316768087928892,1.00099751302239,0.0542317517400118,TRUE,0.45077736444601,1.00136645675223,-0.173195335977454,TRUE,0.488739740311592,1.00098786767083
497,"rand=1-2_rate=1.5_ROB=L_UH_Bias=No Bias","1-2",1.5,"L_UH","No Bias",0,0,0,0,0,0,0.00653989525340826,0.0170872405255532,0.11916015728696,TRUE,0.381573887361512,1.00098635142386,0.0414315702144368,TRUE,0.326940651769052,1.0009922863356,0.0780899726604304,TRUE,0.384832007054959,1.00099356400291,0.016004358052364,TRUE,0.731572993091715,1.0009859972704
498,"rand=1-2_rate=1.5_ROB=L_UH_Bias=No Bias","1-2",1.5,"L_UH","No Bias",0,0,0,0,0,0,0.0152717330692593,0.0231867706930276,0.0148726648841507,TRUE,0.535334617765656,1.00102597329773,-0.00577299423319655,TRUE,0.417570071854604,1.00103066147591,-0.0460774744670918,TRUE,0.539491865484844,1.00118573644839,0.0440385936052712,TRUE,0.837815879356932,1.00099617295356
499,"rand=1-2_rate=1.5_ROB=L_UH_Bias=No Bias","1-2",1.5,"L_UH","No Bias",0,0,0,0,0,0,0.00410769914409357,0.0253038254752764,0.028681080081013,TRUE,0.444735253588636,1.00103583521123,-0.0120896962974595,TRUE,0.319759455238605,1.00098859677307,-0.0605431204837585,TRUE,0.735771743634464,1.00104214258887,0.00647318419923115,TRUE,0.337103058773399,1.00100440162067
500,"rand=1-2_rate=1.5_ROB=L_UH_Bias=No Bias","1-2",1.5,"L_UH","No Bias",0,0,0,0,0,0,0.00490241375082996,0.0263294115504334,-0.143594356164191,TRUE,0.495601759945232,1.00098973359682,-0.0813270257078149,TRUE,0.301419960814717,1.00099224233362,-0.25567810061571,TRUE,0.639997835849751,1.00098967069686,-0.0140747044371687,TRUE,0.358625375033343,1.00101182944775
501,"rand=1-2_rate=1.5_ROB=L_UH_Bias=No Bias","1-2",1.5,"L_UH","No Bias",0,0,0,0,0,0,0.00684079501685077,0.0189728194940061,0.0268648603441951,TRUE,0.46558227595559,1.00099535865719,-0.0160248419892239,TRUE,0.380358599423952,1.00102814450632,-0.0929057035648517,TRUE,0.590194194732978,1.00099966947069,0.0480066730009063,TRUE,0.619920241532197,1.00098783478827
502,"rand=1-2_rate=1.5_ROB=L_UH_Bias=No Bias","1-2",1.5,"L_UH","No Bias",0,0,0,0,0,0,-0.0096409256817292,0.0251784310383265,-0.106935944968261,TRUE,0.615285435197559,1.00100341972579,-0.118619325697654,TRUE,0.464099563759786,1.00099158637582,-0.00521485613973716,TRUE,0.585988614285699,1.0010271766679,-0.234700491913801,TRUE,0.925292397178246,1.00098846186154
503,"rand=1-2_rate=1.5_ROB=L_UH_Bias=No Bias","1-2",1.5,"L_UH","No Bias",0,0,0,0,0,0,0.00768055892411668,0.0214982999974054,0.0285574773967139,TRUE,0.418757106974836,1.00098768106143,0.0367630533957943,TRUE,0.26144004395947,1.00104256794518,-0.0831868623781467,TRUE,0.501709346669245,1.00121003735227,0.0853213795564461,TRUE,0.360431639202716,1.00100257521557
504,"rand=1-2_rate=1.5_ROB=L_UH_Bias=No Bias","1-2",1.5,"L_UH","No Bias",0,0,0,0,0,0,-0.00486949060043323,0.0209887248171071,0.147142689771108,TRUE,0.371665654327781,1.00119727902947,0.149578092141977,FALSE,0.256762115409959,1.00098928321852,0.16748519177829,TRUE,0.359973248812105,1.0013573191823,0.135850064213554,TRUE,0.483908014292207,1.00098779352269
505,"rand=1-2_rate=1.5_ROB=L_UH_Bias=No Bias","1-2",1.5,"L_UH","No Bias",0,0,0,0,0,0,0.00265456784830455,0.0248276659712863,-0.057458474757788,TRUE,0.47995999524767,1.00107661609543,0.0245833087298,TRUE,0.333754825944408,1.00124570980644,-0.0538883745969594,TRUE,0.492122286385014,1.00098913325538,0.0808165845804687,TRUE,0.559002590579618,1.00099239469962
506,"rand=1-2_rate=1.5_ROB=L_UH_Bias=No Bias","1-2",1.5,"L_UH","No Bias",0,0,0,0,0,0,0.00948461530418927,0.0182917318591059,-0.0105329628637361,TRUE,0.583196854710798,1.00100355086519,0.0509437027367393,TRUE,0.403810765269228,1.00099480112887,-0.0600999765478389,TRUE,0.643237394503385,1.0010361534307,0.1474889335252,TRUE,0.607954645064373,1.0009873311046
507,"rand=1-2_rate=1.5_ROB=L_UH_Bias=No Bias","1-2",1.5,"L_UH","No Bias",0,0,0,0,0,0,0.000716387959064787,0.024836314751182,-0.00700517733862482,TRUE,0.384670669029547,1.00099675509013,0.00466302563764076,TRUE,0.32561105947747,1.00098641854349,0.0829466917645544,TRUE,0.549287396447734,1.00098606446407,-0.0480783631595723,TRUE,0.462232186002239,1.00099192227929
508,"rand=1-2_rate=1.5_ROB=L_UH_Bias=No Bias","1-2",1.5,"L_UH","No Bias",0,0,0,0,0,0,0.00954917454995672,0.027187640467879,-0.100483063639462,TRUE,0.528000822974857,1.00106683308209,-0.117779672737004,TRUE,0.375652074160342,1.0011042195259,0.0504464543351658,TRUE,0.499256781387744,1.00108356444891,-0.238872327321903,TRUE,0.589907265137868,1.00098727506953
509,"rand=1-2_rate=1.5_ROB=L_UH_Bias=No Bias","1-2",1.5,"L_UH","No Bias",0,0,0,0,0,0,-0.00560191670270964,0.0196049190135013,-0.0123207246398502,TRUE,0.444900951743591,1.00100638556846,-0.044900535873424,TRUE,0.300048546519329,1.0009880142436,0.0592455900536308,TRUE,0.444068272949511,1.00132054912462,-0.109664438718046,TRUE,0.481817542986051,1.00099231387012
510,"rand=1-2_rate=1.5_ROB=L_UH_Bias=No Bias","1-2",1.5,"L_UH","No Bias",0,0,0,0,0,0,0.00924164433701134,0.035470190036663,-0.247599930684303,TRUE,0.564177590438266,1.00113640235382,-0.189886799481166,TRUE,0.442954692928334,1.00099695178811,-0.269761353783792,FALSE,0.613285545124327,1.0011678567777,-0.121372248090024,TRUE,0.801661112777511,1.00104396736742
511,"rand=1-2_rate=1.5_ROB=L_UH_Bias=No Bias","1-2",1.5,"L_UH","No Bias",0,0,0,0,0,0,0.00802093593158155,0.0182915605735141,0.0386614376560508,TRUE,0.388765519667574,1.001248858286,0.0759585692722942,TRUE,0.234198146989208,1.00099717035915,-0.0164432649141837,TRUE,0.465970141094461,1.00102009046763,0.112510299531902,TRUE,0.329080796160296,1.00102876586842
512,"rand=1-2_rate=1.5_ROB=L_UH_Bias=No Bias","1-2",1.5,"L_UH","No Bias",0,0,0,0,0,0,-0.0125451234882739,0.0301137057223443,-0.0256532771734772,TRUE,0.469185539179276,1.00113736926435,-0.0567339338569388,TRUE,0.324542940267805,1.00100992780815,-0.0571657278193793,TRUE,0.539640151320076,1.00104040272542,-0.0556835272120784,TRUE,0.510110185459089,1.00099118605343
513,"rand=1-2_rate=1.5_ROB=L_UH_Bias=No Bias","1-2",1.5,"L_UH","No Bias",0,0,0,0,0,0,0.00892518827518953,0.0288169457853837,0.179439998267029,TRUE,0.349110927087885,1.00100515594022,0.141675195648587,FALSE,0.257456056157677,1.00098721332161,0.200665604284997,TRUE,0.381069671203024,1.00132477206051,0.103005812003853,TRUE,0.433702244912968,1.00099271419858
514,"rand=1-2_rate=1.5_ROB=L_UH_Bias=No Bias","1-2",1.5,"L_UH","No Bias",0,0,0,0,0,0,0.00123845089503968,0.0251084408470171,-0.202510490065741,TRUE,0.491849094540163,1.00117428333642,-0.176166032850245,FALSE,0.337146754598493,1.00099252163395,-0.220354670860698,TRUE,0.570245315249413,1.00100348611896,-0.152507181589009,TRUE,0.525966005630564,1.00099205916757
515,"rand=1-2_rate=1.5_ROB=L_UH_Bias=No Bias","1-2",1.5,"L_UH","No Bias",0,0,0,0,0,0,0.015187583657677,0.0338705108761634,0.0700277991267014,TRUE,0.443277633988801,1.00102467970117,0.0244943852850554,TRUE,0.319537915094564,1.00099661660809,0.123507508108957,TRUE,0.485558912253173,1.00118669276993,-0.0473021741706441,TRUE,0.499031144792411,1.00103334650635
516,"rand=1-2_rate=1.5_ROB=L_UH_Bias=No Bias","1-2",1.5,"L_UH","No Bias",0,0,0,0,0,0,-0.00974907903815321,0.023647616218113,-0.185873598083251,TRUE,0.477172590711571,1.00117636716386,-0.100553763703562,TRUE,0.327821957418542,1.00098601327421,-0.0633639757515392,TRUE,0.469503277552631,1.00118147519307,-0.117463738400314,TRUE,0.589350352050904,1.0009860863448
517,"rand=1-2_rate=1.5_ROB=L_UH_Bias=No Bias","1-2",1.5,"L_UH","No Bias",0,0,0,0,0,0,-0.00699075152201207,0.0332749751749069,-0.0641584170211147,TRUE,0.519657211226494,1.00107192953042,-0.0868474672306327,TRUE,0.34201498462231,1.00104592740496,0.0417891638890139,TRUE,0.439128530245467,1.00144475371054,-0.182476026978367,TRUE,0.581863374816218,1.00098705856131
518,"rand=1-2_rate=1.5_ROB=L_UH_Bias=No Bias","1-2",1.5,"L_UH","No Bias",0,0,0,0,0,0,-0.00779977753818069,0.0225688214328139,0.0639312835713917,TRUE,0.379106208284718,1.00108617063619,0.0243708028315922,TRUE,0.271330763175241,1.00103189785718,-0.0680018352013132,TRUE,0.569879857439677,1.00113612074062,0.0607669635203654,TRUE,0.34087697782233,1.001055284904
519,"rand=1-2_rate=1.5_ROB=L_UH_Bias=No Bias","1-2",1.5,"L_UH","No Bias",0,0,0,0,0,0,-0.000278154643774153,0.0225724629542101,-0.0943598387628508,TRUE,0.515763056930733,1.00128991965478,-0.0230895401615452,TRUE,0.322504546577946,1.00101136684512,-0.18702614374323,TRUE,0.546143170561297,1.00100989911492,0.0592383049019601,TRUE,0.474901598967517,1.00105370525474
520,"rand=1-2_rate=1.5_ROB=L_UH_Bias=No Bias","1-2",1.5,"L_UH","No Bias",0,0,0,0,0,0,-0.0130707641690073,0.0286366318409289,0.135804993734241,TRUE,0.436789384854658,1.00135954298178,0.0715610932776457,TRUE,0.331620381164302,1.0009907643692,0.130944244399237,TRUE,0.429687612439562,1.00102256555781,0.0361168037596321,TRUE,0.65512242118986,1.00100928048927
521,"rand=1-2_rate=1.5_ROB=L_UH_Bias=No Bias","1-2",1.5,"L_UH","No Bias",0,0,0,0,0,0,0.00265303220459707,0.026676364450461,0.0149276303130013,TRUE,0.470922907702079,1.00191944751843,0.0128541642694784,TRUE,0.359363869128224,1.00098636845265,-0.00406390434282478,TRUE,0.441872760280438,1.00134751692132,0.0306291365365563,TRUE,0.764375184669714,1.00099187991452
522,"rand=1-2_rate=1.5_ROB=L_UH_Bias=No Bias","1-2",1.5,"L_UH","No Bias",0,0,0,0,0,0,0.00495627146892948,0.0201567334242705,0.146484035763235,TRUE,0.307736078751984,1.00104537591634,0.112033273446023,FALSE,0.205886402922108,1.00100608556249,0.127716084903929,TRUE,0.429834320065327,1.00100057386973,0.106883535334878,TRUE,0.271710268788303,1.00106501248095
523,"rand=1-2_rate=1.5_ROB=L_UH_Bias=No Bias","1-2",1.5,"L_UH","No Bias",0,0,0,0,0,0,0.0124277594857328,0.0279423283142472,-0.011610028471063,TRUE,0.559857891974037,1.00104040837527,0.0250965854570724,TRUE,0.398965443557448,1.00099407458358,-0.0628869928851084,TRUE,0.784891087606148,1.00098886740971,0.100016672113882,TRUE,0.45349476049165,1.00099182249675
524,"rand=1-2_rate=1.5_ROB=L_UH_Bias=No Bias","1-2",1.5,"L_UH","No Bias",0,0,0,0,0,0,0.00142064826660764,0.0231095474182958,-0.152851313593681,TRUE,0.569580041079649,1.00109438965171,-0.202000623664944,TRUE,0.434862856954591,1.00099099286805,-0.0422092999743797,TRUE,0.475268102660429,1.00116941640067,-0.34615467322994,TRUE,0.890726720210337,1.00100239120254
525,"rand=1-2_rate=1.5_ROB=L_UH_Bias=No Bias","1-2",1.5,"L_UH","No Bias",0,0,0,0,0,0,0.0054902162921966,0.017363718708897,0.0872893865989568,TRUE,0.433139545143315,1.00103968321699,0.0444020452292758,TRUE,0.339076896738696,1.00100351452283,0.0914835906029988,TRUE,0.411081222115815,1.00191445010882,0.00730062636898898,TRUE,0.698591968006159,1.00101553469512
526,"rand=1-2_rate=1.5_ROB=L_UH_Bias=No Bias","1-2",1.5,"L_UH","No Bias",0,0,0,0,0,0,-0.00259152872831495,0.0177747020117731,0.00580055211192076,TRUE,0.403214446639941,1.00107236976561,0.0312022049225674,TRUE,0.226945669645179,1.00114397289015,-0.0040730493643315,TRUE,0.498916647318446,1.00109180966411,0.0426357287167747,TRUE,0.294784779626156,1.00100458514803
527,"rand=1-2_rate=1.5_ROB=L_UH_Bias=No Bias","1-2",1.5,"L_UH","No Bias",0,0,0,0,0,0,-0.00830735496396065,0.0224160220517328,-0.119492510281382,TRUE,0.451318022960509,1.00113361764486,-0.0328257500318989,TRUE,0.303179779274801,1.00099353495832,-0.0775374853059796,TRUE,0.545361084022275,1.00099002990515,-0.010545159294346,TRUE,0.453346126907077,1.00101399182875
528,"rand=1-2_rate=1.5_ROB=L_UH_Bias=No Bias","1-2",1.5,"L_UH","No Bias",0,0,0,0,0,0,0.00412117820342013,0.0307577299480055,0.04872496074595,TRUE,0.497103166848314,1.00098867677064,0.0994267954202005,TRUE,0.372522397692321,1.00100134893421,0.098274309546608,TRUE,0.427847172446789,1.00170453105385,0.0963777898132082,TRUE,0.831354862539798,1.00102342264944
529,"rand=1-2_rate=1.5_ROB=L_UH_Bias=No Bias","1-2",1.5,"L_UH","No Bias",0,0,0,0,0,0,0.0105766262225589,0.031899663427915,0.164634407049992,TRUE,0.36240916735997,1.00098626912871,0.175229541449555,FALSE,0.241276926053918,1.00098807196306,0.165707557790291,TRUE,0.353018986736705,1.00111698784693,0.179176203875692,TRUE,0.452730844861583,1.00100078372288
530,"rand=1-2_rate=1.5_ROB=L_UH_Bias=No Bias","1-2",1.5,"L_UH","No Bias",0,0,0,0,0,0,0.00682423523837392,0.0254969740431361,0.0184960463948466,TRUE,0.428142409295679,1.00102691129737,-0.0033341473959505,TRUE,0.298934344109136,1.00098710921768,0.026870143431295,TRUE,0.424928436570003,1.00109411241691,-0.0163770523977116,TRUE,0.56095007731959,1.0009971452013
531,"rand=1-2_rate=1.5_ROB=L_UH_Bias=No Bias","1-2",1.5,"L_UH","No Bias",0,0,0,0,0,0,-0.00343983295139527,0.0243002700100337,0.063313440959769,TRUE,0.442288864055095,1.0010717903901,0.0687347712643698,TRUE,0.320084882625103,1.00108624214466,0.131906210560901,TRUE,0.430310255982607,1.00101748123366,0.0174241593715725,TRUE,0.572142152539538,1.00105405440149
532,"rand=1-2_rate=1.5_ROB=L_UH_Bias=No Bias","1-2",1.5,"L_UH","No Bias",0,0,0,0,0,0,-0.00863509234949043,0.0223173878449684,0.00631124063512656,TRUE,0.481108624040163,1.00115436621653,0.0188573092882496,TRUE,0.311382425113203,1.00098960755574,-0.130427797045907,TRUE,0.49924235447266,1.00205562818172,0.097306094118169,TRUE,0.46717302097995,1.00101305251695
533,"rand=1-2_rate=1.5_ROB=L_UH_Bias=No Bias","1-2",1.5,"L_UH","No Bias",0,0,0,0,0,0,-0.00685267270429464,0.0215197147580363,0.189112053559738,TRUE,0.382348306867059,1.00116606558508,0.111345810276834,TRUE,0.308059224202698,1.00099181228466,0.269434563176876,FALSE,0.342231843497162,1.0029047059996,-0.0155272435178169,TRUE,0.585284181029699,1.00098807610153
534,"rand=1-2_rate=1.5_ROB=L_UH_Bias=No Bias","1-2",1.5,"L_UH","No Bias",0,0,0,0,0,0,-0.00297667176961995,0.022645882985649,0.0578953760767399,TRUE,0.45563998772098,1.00136835330868,0.000413701184766135,TRUE,0.33281153233045,1.00099058183702,0.159950682201178,TRUE,0.385352529176808,1.00107888264635,-0.135548075525678,TRUE,0.581061973307623,1.00100843209585
535,"rand=1-2_rate=1.5_ROB=L_UH_Bias=No Bias","1-2",1.5,"L_UH","No Bias",0,0,0,0,0,0,-0.00791267275998573,0.021585977513932,0.276476847414232,FALSE,0.339885598405875,1.00119975813782,0.17592496737282,TRUE,0.321632491301515,1.00098677465015,0.0808320288665683,TRUE,0.529879651222937,1.00098929280321,0.248667865793968,TRUE,0.471967901950408,1.00098621588596
536,"rand=1-2_rate=1.5_ROB=L_UH_Bias=No Bias","1-2",1.5,"L_UH","No Bias",0,0,0,0,0,0,0.00761306974968583,0.026637635706201,-0.0271976219861874,TRUE,0.529725141830091,1.00103674626526,0.0257462948322714,TRUE,0.437251741794169,1.00098839021339,-0.0656239075547465,TRUE,0.491002015371475,1.00203670370651,0.123453331241625,TRUE,0.921727216748565,1.00100748687018
537,"rand=1-2_rate=1.5_ROB=L_UH_Bias=No Bias","1-2",1.5,"L_UH","No Bias",0,0,0,0,0,0,-0.00709105348400938,0.0236746695452998,-0.0790557903663907,TRUE,0.431761223952279,1.00134431904187,-0.0161944764640878,TRUE,0.349578939493824,1.00098699070375,0.0931040561630317,TRUE,0.52279635199568,1.00119986688327,-0.0972495639506252,TRUE,0.552015097137949,1.00100502292936
538,"rand=1-2_rate=1.5_ROB=L_UH_Bias=No Bias","1-2",1.5,"L_UH","No Bias",0,0,0,0,0,0,-0.00910014645927022,0.0280829752312984,-0.0640483046102169,TRUE,0.444100363135878,1.00101255248317,-0.121227649488907,TRUE,0.316830973153115,1.00102635312093,-0.0418679999351221,TRUE,0.498769742737194,1.00129080131473,-0.170293584567048,TRUE,0.514339773509003,1.00098735781975
539,"rand=1-2_rate=1.5_ROB=L_UH_Bias=No Bias","1-2",1.5,"L_UH","No Bias",0,0,0,0,0,0,-0.0067497313347939,0.0280716424811809,-0.115507049201157,TRUE,0.420345397499256,1.00102952909942,-0.100100288815162,FALSE,0.185022862129295,1.0014212717143,-0.162886373925984,TRUE,0.693031819510173,1.0010074597212,-0.0902815377389798,TRUE,0.198311977128869,1.00104017022116
540,"rand=1-2_rate=1.5_ROB=L_UH_Bias=No Bias","1-2",1.5,"L_UH","No Bias",0,0,0,0,0,0,0.000733817094651045,0.0252371468165206,0.104702449617801,TRUE,0.415678525421351,1.00098610802967,0.0547238905797233,TRUE,0.329398159854805,1.00100346297251,0.0689056334652178,TRUE,0.545468667024689,1.00104785123053,0.0433269109950982,TRUE,0.511572975555032,1.00098615993335
541,"rand=1-2_rate=1.5_ROB=L_UH_Bias=No Bias","1-2",1.5,"L_UH","No Bias",0,0,0,0,0,0,-0.00106602560650609,0.019222616915905,-0.107740095283738,TRUE,0.494532004359094,1.00115420574689,-0.0997464117198472,TRUE,0.352202037711286,1.00098909865466,-0.1334343955608,TRUE,0.562354703891396,1.00100906263522,-0.076955095863197,TRUE,0.567418208650833,1.00098839658517
542,"rand=1-2_rate=1.5_ROB=L_UH_Bias=No Bias","1-2",1.5,"L_UH","No Bias",0,0,0,0,0,0,-0.00824869148648,0.0256303667842221,0.0261484800270099,TRUE,0.401781183987136,1.00124264716544,-0.00613097650183914,TRUE,0.312345961814173,1.00099183205547,-0.0429467984790191,TRUE,0.485338909267926,1.00180716585526,0.0179876562631771,TRUE,0.523806363345488,1.00105114043718
543,"rand=1-2_rate=1.5_ROB=L_UH_Bias=No Bias","1-2",1.5,"L_UH","No Bias",0,0,0,0,0,0,-0.0119106809623389,0.0287514231154796,0.0240300546625349,TRUE,0.489472580525438,1.00117891103952,0.0885926837969251,TRUE,0.302508008576486,1.00103509254851,-0.107297897811534,TRUE,0.498186441443763,1.00099464106565,0.193132964596424,TRUE,0.410987325709084,1.00099111406864
544,"rand=1-2_rate=1.5_ROB=L_UH_Bias=No Bias","1-2",1.5,"L_UH","No Bias",0,0,0,0,0,0,0.00882899967596501,0.0270040002182906,-0.010045835261596,TRUE,0.442433929723989,1.0012473615729,0.0559510049043153,TRUE,0.311252686680714,1.00099912647304,-0.0114671528542241,TRUE,0.460968546809311,1.0011639321165,0.102075521310729,TRUE,0.547596207577378,1.00099164367168
545,"rand=1-2_rate=1.5_ROB=L_UH_Bias=No Bias","1-2",1.5,"L_UH","No Bias",0,0,0,0,0,0,0.00216943517253101,0.0197608644069061,0.0527796510925416,TRUE,0.381433178900436,1.00098836289755,0.0588174815144324,TRUE,0.22869731065783,1.00107825118325,-0.00537709285083698,TRUE,0.4334956296685,1.00130145018376,0.0815502591287528,TRUE,0.358232983920832,1.00098614643366
546,"rand=1-2_rate=1.5_ROB=L_UH_Bias=No Bias","1-2",1.5,"L_UH","No Bias",0,0,0,0,0,0,0.00647098609033322,0.031659368079033,-0.0315722708886443,TRUE,0.422891483205958,1.00101309982624,0.011594178581832,TRUE,0.272449119816433,1.00118478494517,0.0194857112349742,TRUE,0.478342495885329,1.00122089435431,0.00814347777972424,TRUE,0.408937867647038,1.00098739108857
547,"rand=1-2_rate=1.5_ROB=L_UH_Bias=No Bias","1-2",1.5,"L_UH","No Bias",0,0,0,0,0,0,-0.000883072644845359,0.0243346516655884,-0.0394198338845,TRUE,0.466293801220069,1.00104768922123,-0.0374734886328372,TRUE,0.319801017955103,1.00098699434126,-0.0411200311473736,TRUE,0.461442566597826,1.00214002216247,-0.0309522784145675,TRUE,0.581108960674584,1.00100472225166
548,"rand=1-2_rate=1.5_ROB=L_UH_Bias=No Bias","1-2",1.5,"L_UH","No Bias",0,0,0,0,0,0,0.00246161844305503,0.0293886606361456,-0.123563660761737,TRUE,0.524785323789171,1.0010648013035,-0.116988964659175,TRUE,0.355045662989843,1.00099260226993,-0.137137317212363,TRUE,0.573758698171857,1.0009980056934,-0.100122745234689,TRUE,0.576007813858134,1.00099111660105
549,"rand=1-2_rate=1.5_ROB=L_UH_Bias=No Bias","1-2",1.5,"L_UH","No Bias",0,0,0,0,0,0,0.00230646607163791,0.0229815017828478,-0.144358414211063,TRUE,0.537221163065523,1.00109996822967,-0.170957980624383,FALSE,0.35835071993112,1.00098687301792,-0.118929521988661,TRUE,0.509803174956534,1.0012633170464,-0.206607721831033,TRUE,0.652229834297212,1.00100451625896
550,"rand=1-2_rate=1.5_ROB=L_UH_Bias=No Bias","1-2",1.5,"L_UH","No Bias",0,0,0,0,0,0,0.0110838083830464,0.0257691497473917,-0.0400675704664031,TRUE,0.550609630105213,1.00105306275576,-0.0618616546776687,TRUE,0.40865946363441,1.00098600753308,-0.119064845831759,TRUE,0.662176374770083,1.00114570194059,-0.0227912871252762,TRUE,0.660634750054934,1.00102238473331
551,"rand=1-2_rate=1.5_ROB=L_UH_Bias=No Bias","1-2",1.5,"L_UH","No Bias",0,0,0,0,0,0,-0.0175566966661862,0.0322410595081266,-0.0579136426734275,TRUE,0.502048701448238,1.00098764750826,-0.0366805301891935,TRUE,0.357750540437432,1.00098673875847,-0.0907866557079333,TRUE,0.623321795783946,1.00104010009622,-0.00233036937929243,TRUE,0.533566737753704,1.00098860182719
552,"rand=1-2_rate=1.5_ROB=L_UH_Bias=No Bias","1-2",1.5,"L_UH","No Bias",0,0,0,0,0,0,0.0129594079563175,0.0269334604674304,0.0957406996433464,TRUE,0.408716078452184,1.00116536107831,0.0919909309486836,TRUE,0.28707888117014,1.00129069079056,0.0222206230267147,TRUE,0.421838666935167,1.00098599001371,0.135755341955821,TRUE,0.493268862978469,1.0010107290041
553,"rand=1-2_rate=1.5_ROB=L_UH_Bias=No Bias","1-2",1.5,"L_UH","No Bias",0,0,0,0,0,0,0.00487255778643208,0.0280639751353329,0.0360585122732802,TRUE,0.493578726985654,1.00104174243494,0.035350195295884,TRUE,0.35445899516496,1.00104139902448,0.062714043638901,TRUE,0.503128957497668,1.00126869308357,0.0156867308272941,TRUE,0.632587295732449,1.00098781788462
554,"rand=1-2_rate=1.5_ROB=L_UH_Bias=No Bias","1-2",1.5,"L_UH","No Bias",0,0,0,0,0,0,-0.0092889148204432,0.0241373177781557,0.0239907339178164,TRUE,0.414184668082025,1.00112188456501,0.0143058896298378,TRUE,0.315949292499319,1.00100839053776,-0.0651253158489546,TRUE,0.529985441380742,1.00099347295489,0.0562037107352182,TRUE,0.488801980058872,1.00099089714547
555,"rand=1-2_rate=1.5_ROB=L_UH_Bias=No Bias","1-2",1.5,"L_UH","No Bias",0,0,0,0,0,0,0.00141346711826479,0.0260308201724811,-0.0831565027441596,TRUE,0.562500670612828,1.00099834174482,-0.0349318969610677,TRUE,0.413592527027424,1.0010721027946,-0.0735141544205156,TRUE,0.652552382287967,1.00101639656089,0.00101736498892413,TRUE,0.711643165398057,1.00099677634998
556,"rand=1-2_rate=1.5_ROB=L_UH_Bias=No Bias","1-2",1.5,"L_UH","No Bias",0,0,0,0,0,0,0.00316154833170757,0.022485567697409,-0.000304280567592352,TRUE,0.455568536160368,1.00099190873869,-0.0487962293983459,TRUE,0.344421486896883,1.00100058787666,0.028790199390623,TRUE,0.41266259774583,1.0010356143111,-0.103923183411946,TRUE,0.731919041486598,1.00098986410241
557,"rand=1-2_rate=1.5_ROB=L_UH_Bias=No Bias","1-2",1.5,"L_UH","No Bias",0,0,0,0,0,0,-0.00685878656479689,0.0228521426810678,-0.0890609701239775,TRUE,0.64503343498746,1.00099097215412,-0.128433654910757,TRUE,0.513276558833053,1.00101757736612,-0.126879479314117,TRUE,0.788735135170143,1.00098768576786,-0.126977116798398,TRUE,0.890296439027362,1.00098869520291
558,"rand=1-2_rate=1.5_ROB=L_UH_Bias=No Bias","1-2",1.5,"L_UH","No Bias",0,0,0,0,0,0,-0.00944265059031682,0.0234048304636639,-0.125939200366908,TRUE,0.610968259792893,1.00101972372244,-0.0821425727035487,TRUE,0.447644099798444,1.00100428045213,-0.132621365235541,TRUE,0.700675852551602,1.00105316196404,-0.0331433695728143,TRUE,0.748796430892302,1.00098714742019
559,"rand=1-2_rate=1.5_ROB=L_UH_Bias=No Bias","1-2",1.5,"L_UH","No Bias",0,0,0,0,0,0,0.00790644871139066,0.0283097564429227,0.00721841023635961,TRUE,0.492758482700823,1.00148641860534,0.0227925020640251,TRUE,0.359981608402994,1.00100399317417,-0.0456527569466785,TRUE,0.47947215984351,1.00101934379899,0.07569369775442,TRUE,0.682424060747278,1.00100131553943
560,"rand=1-2_rate=1.5_ROB=L_UH_Bias=No Bias","1-2",1.5,"L_UH","No Bias",0,0,0,0,0,0,2.28082234200878e-06,0.0245330796394603,-0.0650925549290775,TRUE,0.433571597377935,1.00104065016057,-0.0163275301915995,TRUE,0.270378865412932,1.00104434257271,-0.0374119598332974,TRUE,0.44144522701055,1.00102773226742,-0.00368290719802622,TRUE,0.45372746411792,1.00098720375099
561,"rand=1-2_rate=1.5_ROB=L_UH_Bias=No Bias","1-2",1.5,"L_UH","No Bias",0,0,0,0,0,0,-0.00579692990220907,0.0289579504395422,0.0560784892192071,TRUE,0.462530038542417,1.00098686474251,0.013401393857022,TRUE,0.367324471063827,1.00100352224457,0.0565073498456043,TRUE,0.452250965948653,1.00099450256869,-0.0261029486404651,TRUE,0.737595207199716,1.00099338272539
562,"rand=1-2_rate=1.5_ROB=L_UH_Bias=No Bias","1-2",1.5,"L_UH","No Bias",0,0,0,0,0,0,-0.00592885878955277,0.0228440217213876,0.237906430222378,FALSE,0.354460888864294,1.00108350274839,0.183855454563171,FALSE,0.287288348833394,1.00101297361174,0.206151278457008,FALSE,0.360963869255476,1.00099857454314,0.168766039374117,TRUE,0.579840049890533,1.00100413039784
563,"rand=1-2_rate=1.5_ROB=L_UH_Bias=No Bias","1-2",1.5,"L_UH","No Bias",0,0,0,0,0,0,0.0208433762699845,0.0312369031793041,-0.0518542812063496,TRUE,0.398394870374389,1.00098600274521,-0.00837632819767675,TRUE,0.221474800589334,1.00099748326402,-0.120728641933493,TRUE,0.484130867509752,1.00098667074441,0.0262284998367158,TRUE,0.292984197605279,1.0009979191969
564,"rand=1-2_rate=1.5_ROB=L_UH_Bias=No Bias","1-2",1.5,"L_UH","No Bias",0,0,0,0,0,0,-0.00917392962860526,0.0228779495566488,-0.0756167551099747,TRUE,0.511692514286036,1.0012313266378,-0.0953830800026843,TRUE,0.352202967747874,1.00098600132972,0.0186879781205697,TRUE,0.413280266887629,1.001645860829,-0.173563378126998,TRUE,0.684144570200404,1.00100478482421
565,"rand=1-2_rate=1.5_ROB=L_UH_Bias=No Bias","1-2",1.5,"L_UH","No Bias",0,0,0,0,0,0,-0.000298003770350308,0.0228854487218787,-0.109808737737508,TRUE,0.578069427978867,1.00098599178588,-0.0688932067110062,TRUE,0.446090398545898,1.000993842807,-0.218850927053332,TRUE,0.61808777981656,1.00153530751807,0.0711915594781918,TRUE,0.739199326754845,1.00098769778176
566,"rand=1-2_rate=1.5_ROB=L_UH_Bias=No Bias","1-2",1.5,"L_UH","No Bias",0,0,0,0,0,0,-0.00329497008244935,0.0227687484277629,-0.0431873269869214,TRUE,0.461322948043643,1.00104220442293,-0.0703083856622153,TRUE,0.334150575378054,1.00098599349151,-0.0140868302294346,TRUE,0.463782164050564,1.00131408862106,-0.107832037203905,TRUE,0.602765486106036,1.00101082452052
567,"rand=1-2_rate=1.5_ROB=L_UH_Bias=No Bias","1-2",1.5,"L_UH","No Bias",0,0,0,0,0,0,0.00968065876542834,0.0267182317423881,0.125294276115743,TRUE,0.413129943587903,1.00104049245113,0.0727006340494826,TRUE,0.320997936075306,1.00102202916099,0.150163201138023,TRUE,0.473559027169376,1.00110917241985,0.013852562229424,TRUE,0.538014072791031,1.00099994176972
568,"rand=1-2_rate=1.5_ROB=L_UH_Bias=No Bias","1-2",1.5,"L_UH","No Bias",0,0,0,0,0,0,-0.00607067005597446,0.0268388655698422,-0.0644742477374889,TRUE,0.531897794193157,1.00098633674458,-0.0230276289907558,TRUE,0.379156854700234,1.00106590044263,-0.00130040192208614,TRUE,0.500869592049442,1.0010484974269,-0.0456976229336921,TRUE,0.730253757753485,1.00101514472044
569,"rand=1-2_rate=1.5_ROB=L_UH_Bias=No Bias","1-2",1.5,"L_UH","No Bias",0,0,0,0,0,0,0.000738894461534744,0.0281800645524634,0.0385508240701533,TRUE,0.411029086019802,1.00101968837751,0.015213828218037,TRUE,0.251767237798042,1.00098823929781,0.0722131026129266,TRUE,0.433918093485306,1.00178837379815,-0.00782846292061912,TRUE,0.376933101939053,1.00104127238154
570,"rand=1-2_rate=1.5_ROB=L_UH_Bias=No Bias","1-2",1.5,"L_UH","No Bias",0,0,0,0,0,0,-0.00147709371725026,0.0181300306317756,0.0661860814387982,TRUE,0.493545846300012,1.00100037755416,0.0815867348111977,TRUE,0.35833872410886,1.00105573327657,0.0700294451702779,TRUE,0.681386867342957,1.00099540854437,0.0955180553811932,TRUE,0.443309662473412,1.00099769825038
571,"rand=1-2_rate=1.5_ROB=L_UH_Bias=No Bias","1-2",1.5,"L_UH","No Bias",0,0,0,0,0,0,0.0103834248140179,0.0305829060553203,-0.0301393937533543,TRUE,0.505390072001318,1.0010688947112,0.00689967179897411,TRUE,0.34557933018721,1.00099398233726,-0.0960781858650182,TRUE,0.547628021110362,1.0017983042048,0.0804575985327303,TRUE,0.518058431487794,1.00105246720308
572,"rand=1-2_rate=1.5_ROB=L_UH_Bias=No Bias","1-2",1.5,"L_UH","No Bias",0,0,0,0,0,0,-0.00177805314396395,0.0384741980190624,0.0762825450015874,TRUE,0.439185128150822,1.00108141718653,0.026064889677243,TRUE,0.342561566373218,1.00098947011703,0.0870430727456997,TRUE,0.433201890431123,1.00126183644894,-0.027460135754281,TRUE,0.6839320158041,1.00101490892303
573,"rand=1-2_rate=1.5_ROB=L_UH_Bias=No Bias","1-2",1.5,"L_UH","No Bias",0,0,0,0,0,0,-0.00674575672915522,0.026400106260162,-0.00263441777688556,TRUE,0.588462101416477,1.00111548105036,-0.0219951013803377,TRUE,0.438571372278366,1.00098923470491,-0.221173737968628,TRUE,0.722793263427171,1.00106414183456,0.135602422061541,TRUE,0.565504441174014,1.00098682359138
574,"rand=1-2_rate=1.5_ROB=L_UH_Bias=No Bias","1-2",1.5,"L_UH","No Bias",0,0,0,0,0,0,-0.00317707022938495,0.0229692735188269,-0.209940965360469,TRUE,0.47254027628242,1.00101236018255,-0.137107121978252,TRUE,0.332919257179241,1.00098608342811,-0.226188578432587,TRUE,0.615679327189954,1.00104888856931,-0.0940197305677748,TRUE,0.477025668333565,1.00100406655029
575,"rand=1-2_rate=1.5_ROB=L_UH_Bias=No Bias","1-2",1.5,"L_UH","No Bias",0,0,0,0,0,0,-0.00149404053986216,0.028298522363806,-0.0900385081804318,TRUE,0.40402203689934,1.00103843708482,-0.0156666332676227,TRUE,0.259112822996219,1.001047870364,-0.0481031718169955,TRUE,0.548571698065096,1.00102588396373,-0.00160550859689534,TRUE,0.339484212024291,1.00098605929835
576,"rand=1-2_rate=1.5_ROB=L_UH_Bias=No Bias","1-2",1.5,"L_UH","No Bias",0,0,0,0,0,0,-0.00157863471970248,0.0195900538764094,0.0868885685391296,TRUE,0.391283993561707,1.00143863908227,0.0851483583759512,TRUE,0.26253675325497,1.00099448703114,0.084650739180589,TRUE,0.42466757956229,1.00185352055523,0.0898748732741241,TRUE,0.432348111704769,1.00099162981562
577,"rand=1-2_rate=1.5_ROB=L_UH_Bias=No Bias","1-2",1.5,"L_UH","No Bias",0,0,0,0,0,0,0.0176289693680433,0.023234735128715,0.0546421490571219,TRUE,0.386184009953736,1.00111896228815,0.032397949374147,TRUE,0.243924012984964,1.00099006074201,-0.000153023640509842,TRUE,0.458523770099978,1.00105841684997,0.0467259235812071,TRUE,0.354784172627899,1.00113943192718
578,"rand=1-2_rate=1.5_ROB=L_UH_Bias=No Bias","1-2",1.5,"L_UH","No Bias",0,0,0,0,0,0,-0.0162991680148904,0.0283114696470734,-0.0210590382022033,TRUE,0.491212534769344,1.00145858142436,-0.0332363180646447,TRUE,0.333881319973339,1.00099763211888,0.102445581201288,TRUE,0.439591269749459,1.00136939649381,-0.123760144166107,TRUE,0.580019578343809,1.0009867141937
579,"rand=1-2_rate=1.5_ROB=L_UH_Bias=No Bias","1-2",1.5,"L_UH","No Bias",0,0,0,0,0,0,-0.00859150388046895,0.0255173954377383,-0.121477625267735,TRUE,0.529996947978969,1.00110764258727,-0.0475633805695419,TRUE,0.345124954408376,1.00107809832197,-0.0799962088877098,TRUE,0.589707330495371,1.00101008380468,-0.0268133827821897,TRUE,0.531552287846956,1.000985993512
580,"rand=1-2_rate=1.5_ROB=L_UH_Bias=No Bias","1-2",1.5,"L_UH","No Bias",0,0,0,0,0,0,0.0043512242397084,0.0203461435552051,0.0611783273717333,TRUE,0.426469307974968,1.00138938165025,0.0900623430937552,TRUE,0.29143187690577,1.00098638344455,0.00806456738217909,TRUE,0.455497083300299,1.00133118276692,0.140527048951262,TRUE,0.471992696080889,1.00099939828774
581,"rand=1-2_rate=1.5_ROB=L_UH_Bias=No Bias","1-2",1.5,"L_UH","No Bias",0,0,0,0,0,0,-0.0102064298726139,0.0236484445373016,-0.106791164456645,TRUE,0.431595940383237,1.00102628472899,-0.152033491741283,FALSE,0.255254438444392,1.00101386611114,0.0468016992722465,TRUE,0.439040324777671,1.0015390311207,-0.211082367445628,FALSE,0.291711599600964,1.00108008997257
582,"rand=1-2_rate=1.5_ROB=L_UH_Bias=No Bias","1-2",1.5,"L_UH","No Bias",0,0,0,0,0,0,0.0011522967095018,0.0179638857503782,0.038434178054754,TRUE,0.417437433938068,1.00100277912319,0.047693071886532,TRUE,0.267446196726265,1.00098600728083,0.0944731636784193,TRUE,0.418970313667956,1.00103950480807,0.0260110499727763,TRUE,0.457923705784085,1.00099223386322
583,"rand=1-2_rate=1.5_ROB=L_UH_Bias=No Bias","1-2",1.5,"L_UH","No Bias",0,0,0,0,0,0,0.00886772224895428,0.0195703882855463,-0.0556339123301532,TRUE,0.527695718115303,1.00109495557645,-0.0843200459674305,TRUE,0.411650133219868,1.00098979756435,-0.152771633661715,TRUE,0.587182789193652,1.00110427560777,-0.0306076793180599,TRUE,0.739203021568521,1.00098848839216
584,"rand=1-2_rate=1.5_ROB=L_UH_Bias=No Bias","1-2",1.5,"L_UH","No Bias",0,0,0,0,0,0,-0.0144466991310278,0.0272870975865703,-0.0740737810500276,TRUE,0.472385962706544,1.00100077340853,-0.0408696794030392,TRUE,0.295085480204554,1.00103034732984,-0.0432900523678219,TRUE,0.477784088105364,1.00112978013278,-0.0340510628798929,TRUE,0.477259229227665,1.00104170038803
585,"rand=1-2_rate=1.5_ROB=L_UH_Bias=No Bias","1-2",1.5,"L_UH","No Bias",0,0,0,0,0,0,-0.00372914388255844,0.0228341142154194,0.0797908312174993,TRUE,0.43023266158279,1.00121296448694,0.0306366928016557,TRUE,0.306648479544656,1.00099133060486,0.119064714266168,TRUE,0.397681137516329,1.00228998428318,-0.0295701724297306,TRUE,0.595461838018681,1.00101797802259
586,"rand=1-2_rate=1.5_ROB=L_UH_Bias=No Bias","1-2",1.5,"L_UH","No Bias",0,0,0,0,0,0,0.00937466506586729,0.0275659971629027,0.0953973053815768,TRUE,0.429149882740567,1.00114546026012,0.101929338498293,TRUE,0.301401161641121,1.00098643274204,0.0255006381439935,TRUE,0.435617219389508,1.00098850677806,0.152014163108864,TRUE,0.541628648299417,1.00100032933624
587,"rand=1-2_rate=1.5_ROB=L_UH_Bias=No Bias","1-2",1.5,"L_UH","No Bias",0,0,0,0,0,0,0.00845009918963799,0.0232653777800506,-0.0457901048919562,TRUE,0.514409741462175,1.00108729292412,-0.00441050209284088,TRUE,0.32022174108128,1.00098783208157,-0.170884722312932,TRUE,0.564363014257228,1.00099861592074,0.0927788711917685,TRUE,0.39888072488055,1.00098657229808
588,"rand=1-2_rate=1.5_ROB=L_UH_Bias=No Bias","1-2",1.5,"L_UH","No Bias",0,0,0,0,0,0,0.00779629336825306,0.0175943353833826,-0.0623759898717704,TRUE,0.49067047440078,1.00099004602606,-0.0205569077430481,TRUE,0.327661396085267,1.00100004929894,-0.0205526678620365,TRUE,0.600699065530664,1.00098881072963,-0.0156585316021878,TRUE,0.460195482451116,1.00098716133696
589,"rand=1-2_rate=1.5_ROB=L_UH_Bias=No Bias","1-2",1.5,"L_UH","No Bias",0,0,0,0,0,0,0.00253278787609986,0.0262851378628579,-0.0167300218113307,TRUE,0.488012039538488,1.00105258207083,-0.0579917841747872,TRUE,0.411376901782916,1.00100680386968,0.0454803105102314,TRUE,0.476280339751754,1.00114686921759,-0.148946853263872,TRUE,0.8597234894677,1.0010035921444
590,"rand=1-2_rate=1.5_ROB=L_UH_Bias=No Bias","1-2",1.5,"L_UH","No Bias",0,0,0,0,0,0,0.0184040713072764,0.028412990178925,-0.0531564709357117,TRUE,0.514972063440156,1.00098669410619,-0.037970311678984,TRUE,0.368393449769341,1.00098730288201,0.0131032557489118,TRUE,0.547620785677444,1.00116411238564,-0.0755216599145054,TRUE,0.619307273447983,1.00100173872391
591,"rand=1-2_rate=1.5_ROB=L_UH_Bias=No Bias","1-2",1.5,"L_UH","No Bias",0,0,0,0,0,0,-0.00156439613582722,0.0211170420056118,0.0317805962982312,TRUE,0.471428452052336,1.00132204692256,0.0443264643810992,TRUE,0.3334176979815,1.00098599663808,-0.0215690492140694,TRUE,0.482962956523139,1.00144705967591,0.0943069769357499,TRUE,0.589110895758841,1.00105869873995
592,"rand=1-2_rate=1.5_ROB=L_UH_Bias=No Bias","1-2",1.5,"L_UH","No Bias",0,0,0,0,0,0,0.000956793311072387,0.0265198413364619,0.0548943024936123,TRUE,0.43872707865044,1.00099635504511,0.0627075321422212,TRUE,0.283017049570202,1.00101489925472,0.0409164151059686,TRUE,0.547944290317665,1.00098626730237,0.0759269278322523,TRUE,0.380936675922541,1.00100335628357
593,"rand=1-2_rate=1.5_ROB=L_UH_Bias=No Bias","1-2",1.5,"L_UH","No Bias",0,0,0,0,0,0,-0.00243426817865698,0.0216254825052687,0.0285524855486369,TRUE,0.429803947379532,1.00194118061604,0.036258562206502,TRUE,0.289395615676155,1.00101854974901,0.0578677454858068,TRUE,0.410682541165805,1.00113475225476,0.0226843764592156,TRUE,0.54086798583132,1.00100517107793
594,"rand=1-2_rate=1.5_ROB=L_UH_Bias=No Bias","1-2",1.5,"L_UH","No Bias",0,0,0,0,0,0,0.00360975519524815,0.0241034270308285,0.0360857006276785,TRUE,0.38319001513488,1.00100317672907,-0.135501261444117,TRUE,0.431314574995055,1.00098752519918,-0.180764671714073,TRUE,0.705070926849585,1.00098624937267,-0.102022930905443,TRUE,0.694583014914463,1.00112282106366
595,"rand=1-2_rate=1.5_ROB=L_UH_Bias=No Bias","1-2",1.5,"L_UH","No Bias",0,0,0,0,0,0,0.0102693664154248,0.0236836189707876,-0.0506550850706367,TRUE,0.531108654053011,1.00101933987899,-0.0239262082583116,TRUE,0.402708493563682,1.00101693093481,-0.0756043587710591,TRUE,0.567385688850822,1.00137783501202,0.0150495296464372,TRUE,0.74473407536785,1.00099100754134
596,"rand=1-2_rate=1.5_ROB=L_UH_Bias=No Bias","1-2",1.5,"L_UH","No Bias",0,0,0,0,0,0,0.00752898417461029,0.0326953861858491,-0.0240280778896698,TRUE,0.446647045339784,1.00098662435805,-0.0705384660922417,TRUE,0.353869409539019,1.00098690704764,-0.0377280902709356,TRUE,0.50453845929465,1.00118612995758,-0.0976445644158987,TRUE,0.637298306860117,1.0010274523288
597,"rand=1-2_rate=1.5_ROB=L_UH_Bias=No Bias","1-2",1.5,"L_UH","No Bias",0,0,0,0,0,0,-0.00987805706236721,0.0226292968186056,-0.00265848452297934,TRUE,0.474556323274963,1.0010536850637,0.0413517245998867,TRUE,0.377040987837797,1.00100675082433,0.0503734744273859,TRUE,0.478927481417926,1.00118866202356,0.0254996388643873,TRUE,0.763381695345895,1.00101617122986
598,"rand=1-2_rate=1.5_ROB=L_UH_Bias=No Bias","1-2",1.5,"L_UH","No Bias",0,0,0,0,0,0,0.000653714178534576,0.0231890568664063,-0.0836922110461724,TRUE,0.587366145439708,1.00099448237602,-0.0702977789128914,TRUE,0.424595919735714,1.000986071614,-0.205473479819408,TRUE,0.626898824686185,1.00167073247353,0.038193965477869,TRUE,0.669094808569556,1.00098832401014
599,"rand=1-2_rate=1.5_ROB=L_UH_Bias=No Bias","1-2",1.5,"L_UH","No Bias",0,0,0,0,0,0,0.00310512586864665,0.0227431198274868,-0.097574789326931,TRUE,0.544777085620243,1.00098609148529,-0.0632949084918013,TRUE,0.394590354425902,1.0010090852559,-0.208442216945445,TRUE,0.774189317049628,1.00099720119202,0.0360474563944532,TRUE,0.427073392966247,1.00098620357529
600,"rand=1-2_rate=1.5_ROB=L_UH_Bias=No Bias","1-2",1.5,"L_UH","No Bias",0,0,0,0,0,0,0.0162469722651357,0.022700897398344,0.110300890058517,TRUE,0.464267288913284,1.00099934044175,0.109891867055407,TRUE,0.370193602139302,1.00102203082908,-0.0658746825614969,TRUE,0.754710757595094,1.0011543674116,0.2376732646488,FALSE,0.351162401361578,1.00105676377233
601,"rand=1-2_rate=1.5_ROB=L_UH_Bias=No Bias","1-2",1.5,"L_UH","No Bias",0,0,0,0,0,0,-0.00483463992599998,0.0299955947809546,-0.0545236047249402,TRUE,0.527961046852222,1.00108920962413,0.00144719868011578,TRUE,0.333168081927222,1.00099549384238,-0.24527441388262,TRUE,0.60606397183884,1.00103675619054,0.129097527104484,TRUE,0.324598392783037,1.00099428721815
602,"rand=1-2_rate=1.5_ROB=L_UH_Bias=No Bias","1-2",1.5,"L_UH","No Bias",0,0,0,0,0,0,-0.00767138380278866,0.0223292373770208,-0.015346909881206,TRUE,0.498022815527771,1.00106444887857,-0.000394490522169555,TRUE,0.363639881607574,1.00098657719852,-0.0374582276804176,TRUE,0.520463633063364,1.00098909426348,0.0278825375627245,TRUE,0.647488289180472,1.00105976986268
603,"rand=1-2_rate=1.5_ROB=L_UH_Bias=No Bias","1-2",1.5,"L_UH","No Bias",0,0,0,0,0,0,0.00317603721178015,0.0166690210489793,0.0690618191335773,TRUE,0.477944981154851,1.00102042874254,0.0879449072696032,TRUE,0.341225602028364,1.00098789110834,0.153521951583064,TRUE,0.457304859599251,1.00119641110255,0.0285016628354277,TRUE,0.625955044385017,1.00099984418009
604,"rand=1-2_rate=1.5_ROB=L_UH_Bias=No Bias","1-2",1.5,"L_UH","No Bias",0,0,0,0,0,0,-0.0035319892646414,0.0240266461842087,-0.177104470294374,TRUE,0.511522524451942,1.00111002305854,-0.109745731856278,TRUE,0.332411206472381,1.00098819974812,-0.200100240167556,TRUE,0.543241798554433,1.00104775707508,-0.0597938733697492,TRUE,0.53797650805832,1.00098609377755
605,"rand=1-2_rate=1.5_ROB=L_UH_Bias=No Bias","1-2",1.5,"L_UH","No Bias",0,0,0,0,0,0,0.000656042309181886,0.0242708987528507,0.0842853271342454,TRUE,0.424142118713851,1.00103681625385,0.0233678509195741,TRUE,0.309599701366646,1.0010076329361,0.0798330595826625,TRUE,0.458163409578634,1.0010978364436,-0.0133330474640534,TRUE,0.523198178806752,1.00100092198146
606,"rand=1-2_rate=1.5_ROB=L_UH_Bias=No Bias","1-2",1.5,"L_UH","No Bias",0,0,0,0,0,0,-0.00686621402892056,0.0247638546963759,0.0875374337107023,TRUE,0.469032305412804,1.00127571793748,0.10742544234355,TRUE,0.363452608040806,1.00100004731327,0.0661875710210665,TRUE,0.476965681247353,1.00111601009377,0.145874475400178,TRUE,0.720369066869396,1.00098883333193
607,"rand=1-2_rate=1.5_ROB=L_UH_Bias=No Bias","1-2",1.5,"L_UH","No Bias",0,0,0,0,0,0,-0.00667318016741265,0.0255192244709013,-0.0820716475476861,TRUE,0.417071347040034,1.0009876845989,-0.0446716792508199,TRUE,0.28623360330171,1.00100249269585,0.0694225088520232,TRUE,0.515728639930358,1.00156246781662,-0.0948589843124332,TRUE,0.365184755574125,1.00098634459689
608,"rand=1-2_rate=1.5_ROB=L_UH_Bias=No Bias","1-2",1.5,"L_UH","No Bias",0,0,0,0,0,0,0.00125080792617167,0.0218547910504534,-0.0530549054267044,TRUE,0.522999361479712,1.00110155970382,-0.0340626854328934,TRUE,0.412443794289603,1.00102099771774,0.0307523002498065,TRUE,0.480785477797039,1.00126893879604,-0.0952685573366023,TRUE,0.892283520127511,1.00098875085182
609,"rand=1-2_rate=1.5_ROB=L_UH_Bias=No Bias","1-2",1.5,"L_UH","No Bias",0,0,0,0,0,0,-0.00751685867312142,0.0301117742321039,-0.0656246305152401,TRUE,0.439706669276715,1.00099359351475,-0.0921529378557355,TRUE,0.291150342847005,1.00098625847533,-0.028876787920076,TRUE,0.461794114809095,1.00118819937765,-0.123748102480853,TRUE,0.462834969503672,1.00098622221583
610,"rand=1-2_rate=1.5_ROB=L_UH_Bias=No Bias","1-2",1.5,"L_UH","No Bias",0,0,0,0,0,0,-0.00145664941013772,0.0207247987023789,0.0509568827549204,TRUE,0.422541482973426,1.00109678604073,0.0139293494087182,TRUE,0.365377288765102,1.00098615560787,0.0701166873058211,TRUE,0.415169471518359,1.00134542954993,-0.0324839394630125,TRUE,0.796126670944123,1.00100519107127
611,"rand=1-2_rate=1.5_ROB=L_UH_Bias=No Bias","1-2",1.5,"L_UH","No Bias",0,0,0,0,0,0,0.00278047473707643,0.0276308965983566,-0.059832405786401,TRUE,0.490022088865902,1.00101120120128,-0.0039021326430928,TRUE,0.364315221502041,1.00098841149716,-0.135278511239617,TRUE,0.564846798470016,1.00122018563749,0.0912596118595197,TRUE,0.562217342732179,1.00100143460707
612,"rand=1-2_rate=1.5_ROB=L_UH_Bias=No Bias","1-2",1.5,"L_UH","No Bias",0,0,0,0,0,0,-0.00017189866136525,0.0360765663906333,-0.0639332093127651,TRUE,0.553980160239714,1.00100081531008,0.0275948354549864,TRUE,0.379268252754208,1.00103767391891,-0.16118615040374,TRUE,0.530440060618767,1.00108930891275,0.171656779923003,TRUE,0.579676395671608,1.00100562686295
613,"rand=1-2_rate=1.5_ROB=L_UH_Bias=No Bias","1-2",1.5,"L_UH","No Bias",0,0,0,0,0,0,0.000110113508486557,0.0205622022853815,-0.0741447326051154,TRUE,0.503033827762057,1.00098601069001,-0.0342840196155223,TRUE,0.350194459656728,1.00109978754424,-0.153643894084142,TRUE,0.512970812238312,1.00102630163105,0.0463144764734429,TRUE,0.604035689343229,1.00102501450691
614,"rand=1-2_rate=1.5_ROB=L_UH_Bias=No Bias","1-2",1.5,"L_UH","No Bias",0,0,0,0,0,0,-0.00347248211630239,0.0301418061087478,-0.06649207075089,TRUE,0.484544261703944,1.00103935576318,-0.0197440857110982,TRUE,0.349904404737979,1.00105050921226,-0.126295833388403,TRUE,0.501501266122258,1.00100030737462,0.0504054450680609,TRUE,0.608468590330021,1.00103655822134
615,"rand=1-2_rate=1.5_ROB=L_UH_Bias=No Bias","1-2",1.5,"L_UH","No Bias",0,0,0,0,0,0,-0.00454139821863882,0.0154683117248793,0.00058904819397354,TRUE,0.436709755666358,1.00098624785474,0.0328466164445376,TRUE,0.268571850082527,1.00098958385402,0.0617002064683033,TRUE,0.548331003507028,1.00104107875472,0.0263742440508044,TRUE,0.336214909977122,1.00099233786278
616,"rand=1-2_rate=1.5_ROB=L_UH_Bias=No Bias","1-2",1.5,"L_UH","No Bias",0,0,0,0,0,0,0.00581090507991797,0.0260482469482475,-0.0359908239799276,TRUE,0.484978102089383,1.00113296920366,-0.0461913563300413,TRUE,0.349517584406493,1.00099152338646,-0.0138429904672743,TRUE,0.525776257905228,1.00099292856545,-0.0682588927566516,TRUE,0.592054653485019,1.00098981521571
617,"rand=1-2_rate=1.5_ROB=L_UH_Bias=No Bias","1-2",1.5,"L_UH","No Bias",0,0,0,0,0,0,0.000381941327277002,0.0284691608490079,-0.030221201914818,TRUE,0.429035144123659,1.00099637274609,-0.0318110954594406,TRUE,0.285786218121074,1.00105109781838,0.0579514653221687,TRUE,0.488202145675012,1.00121576403156,-0.0749945398860392,TRUE,0.400084536786102,1.00103179304495
618,"rand=1-2_rate=1.5_ROB=L_UH_Bias=No Bias","1-2",1.5,"L_UH","No Bias",0,0,0,0,0,0,-0.00848010511128598,0.0234948929212245,-0.108221066564531,TRUE,0.538860960749899,1.00100967284702,-0.12658327110177,TRUE,0.402627470073935,1.00098733478058,-0.0714931159620045,TRUE,0.501165396398785,1.00118374283091,-0.170866218758165,TRUE,0.799945599342042,1.00101691828585
619,"rand=1-2_rate=1.5_ROB=L_UH_Bias=No Bias","1-2",1.5,"L_UH","No Bias",0,0,0,0,0,0,0.0126329814047486,0.0269161575951914,-0.104636003531229,TRUE,0.453792735461695,1.00133332766942,-0.0572679423634237,TRUE,0.288983634264975,1.00107029802379,-0.0985326851768484,TRUE,0.515385397140544,1.00100024331191,-0.0351412367395447,TRUE,0.448742848764123,1.00099142941861
620,"rand=1-2_rate=1.5_ROB=L_UH_Bias=No Bias","1-2",1.5,"L_UH","No Bias",0,0,0,0,0,0,0.0153168698919358,0.0299081088537368,-0.00836373122961653,TRUE,0.455773551760179,1.00099022214343,-0.0630224168570557,TRUE,0.350447263017101,1.00099106963919,-0.044579956940805,TRUE,0.538255121206042,1.0010703118389,-0.0744901101926545,TRUE,0.590569459066564,1.00102605050873
621,"rand=1-2_rate=1.5_ROB=L_UH_Bias=No Bias","1-2",1.5,"L_UH","No Bias",0,0,0,0,0,0,-0.00447257986818016,0.0213246174909977,0.00509063085307537,TRUE,0.432641241278848,1.00098726233787,-0.0641047192728832,TRUE,0.319205167556915,1.0009990285708,0.0676564421537589,TRUE,0.448873580915698,1.00099781618403,-0.151192601082253,TRUE,0.504674617576695,1.00101415006199
622,"rand=1-2_rate=1.5_ROB=L_UH_Bias=No Bias","1-2",1.5,"L_UH","No Bias",0,0,0,0,0,0,-0.00538101501875698,0.0193092592720435,-0.0677538971516871,TRUE,0.441328144775311,1.00204144685774,-0.000937998280935659,TRUE,0.266177318222403,1.00098916663689,-0.122073090649264,TRUE,0.510269458040675,1.00140162985999,0.0463288899712656,TRUE,0.392412023894495,1.00102179773685
623,"rand=1-2_rate=1.5_ROB=L_UH_Bias=No Bias","1-2",1.5,"L_UH","No Bias",0,0,0,0,0,0,-0.00463032419757718,0.0259893201753093,-0.0342140152522019,TRUE,0.536366765935413,1.00098705370683,0.0198689296393505,TRUE,0.422364251921521,1.00100103598297,-0.0465633648992123,TRUE,0.487632423221519,1.00098615206252,0.0775664140631507,TRUE,0.921149628789389,1.00098605206413
624,"rand=1-2_rate=1.5_ROB=L_UH_Bias=No Bias","1-2",1.5,"L_UH","No Bias",0,0,0,0,0,0,0.0236664447385465,0.0310039732751542,0.0136319986210918,TRUE,0.448227800193266,1.00125383007614,-0.0469312646528357,TRUE,0.320928263412048,1.00101675679552,0.0574577939496961,TRUE,0.476492878351027,1.00136598552427,-0.108910367301707,TRUE,0.51062461404524,1.00098663184472
625,"rand=1-2_rate=1.5_ROB=L_UH_Bias=No Bias","1-2",1.5,"L_UH","No Bias",0,0,0,0,0,0,-0.00526172383474937,0.0223332800815289,-0.11149699188712,TRUE,0.530545053357296,1.00103101614547,-0.0471910736433432,TRUE,0.352787197738343,1.00099132028235,0.0527890366288623,TRUE,0.445778149757633,1.00142115640858,-0.129906153216166,TRUE,0.662588691646299,1.00099047955066
626,"rand=1-2_rate=1.5_ROB=L_UH_Bias=No Bias","1-2",1.5,"L_UH","No Bias",0,0,0,0,0,0,0.00150561167017162,0.025968628291454,0.0994480257488751,TRUE,0.414290159585149,1.00098763117264,0.0416846038027107,TRUE,0.317711787004792,1.0009892253185,0.186621206148595,TRUE,0.38416880052725,1.00130306902321,-0.0768457822086208,TRUE,0.544273945109289,1.00104607935987
627,"rand=1-2_rate=1.5_ROB=L_UH_Bias=No Bias","1-2",1.5,"L_UH","No Bias",0,0,0,0,0,0,0.00646550716802158,0.0296931333230631,0.0836690767833711,TRUE,0.457855073369619,1.00124812302299,0.0571180606079613,TRUE,0.36290527240128,1.00100478591058,0.265139377227341,FALSE,0.44874686766613,1.00105442523849,-0.122347196844814,TRUE,0.458250808178106,1.00098649440757
628,"rand=1-2_rate=1.5_ROB=L_UH_Bias=No Bias","1-2",1.5,"L_UH","No Bias",0,0,0,0,0,0,0.0164978009493791,0.0288434135429239,0.0364103298381199,TRUE,0.5149657909133,1.00099727199554,0.0478815710376546,TRUE,0.400527000073129,1.00098623582417,-0.0653524376334307,TRUE,0.485152997094358,1.00174186089366,0.145257865905167,TRUE,0.809184346198139,1.00098603799903
629,"rand=1-2_rate=1.5_ROB=L_UH_Bias=No Bias","1-2",1.5,"L_UH","No Bias",0,0,0,0,0,0,0.000923447070825306,0.0212618798771627,0.101603891874068,TRUE,0.370677830280005,1.00101178471472,0.103489441573424,TRUE,0.234645903252632,1.00098610353234,0.140416774835584,TRUE,0.416134204639561,1.00099134912281,0.0918880517898899,TRUE,0.359806382775031,1.00098856835859
630,"rand=1-2_rate=1.5_ROB=L_UH_Bias=No Bias","1-2",1.5,"L_UH","No Bias",0,0,0,0,0,0,-0.0104202247048958,0.027075414154243,0.00401484753950176,TRUE,0.456014810614899,1.00109191335423,-0.0229918171564816,TRUE,0.345364076891497,1.00100678469409,-0.0106794583115102,TRUE,0.429980586129459,1.00100004212346,-0.0277891439229452,TRUE,0.713300385384032,1.00098635794416
631,"rand=1-2_rate=1.5_ROB=L_UH_Bias=No Bias","1-2",1.5,"L_UH","No Bias",0,0,0,0,0,0,-0.00269474050568639,0.0211457388625497,-0.122956435078414,TRUE,0.46484979931387,1.00110429566172,-0.107998287730829,TRUE,0.307067600217096,1.00099114301931,-0.172523676164439,TRUE,0.551321490437123,1.00104712762027,-0.0773076816975276,TRUE,0.462448801476543,1.0010653243997
632,"rand=1-2_rate=1.5_ROB=L_UH_Bias=No Bias","1-2",1.5,"L_UH","No Bias",0,0,0,0,0,0,-0.00333927502288188,0.0240983948223829,0.0555486969978489,TRUE,0.459454786117029,1.00142606209471,0.0318910223433836,TRUE,0.318952741675022,1.00104049840493,-0.0119961196629663,TRUE,0.522532820046624,1.00131453349976,0.0594371188824038,TRUE,0.509985306790594,1.00098614261127
633,"rand=1-2_rate=1.5_ROB=L_UH_Bias=No Bias","1-2",1.5,"L_UH","No Bias",0,0,0,0,0,0,-0.00369997862619986,0.0236330864879815,0.0388381245975707,TRUE,0.45950909125397,1.00141845673606,0.0403365322658783,TRUE,0.323535067130861,1.00104143395788,-0.0597281779825105,TRUE,0.516986381559834,1.0011828760529,0.105663545466337,TRUE,0.499921046066818,1.00100049900902
634,"rand=1-2_rate=1.5_ROB=L_UH_Bias=No Bias","1-2",1.5,"L_UH","No Bias",0,0,0,0,0,0,-0.00732593932869967,0.0151684398515862,0.0398407583142675,TRUE,0.420984229708632,1.00114161457948,0.0671207522901048,TRUE,0.265593977785325,1.00098652506262,0.0141868351066806,TRUE,0.43380837115992,1.00098720742147,0.0936622925682912,TRUE,0.449309261917192,1.00105656245518
635,"rand=1-2_rate=1.5_ROB=L_UH_Bias=No Bias","1-2",1.5,"L_UH","No Bias",0,0,0,0,0,0,-0.00474868237233129,0.0263607025543736,0.102202078781849,TRUE,0.441118129651082,1.00105617701168,0.144643594746393,TRUE,0.284047917152132,1.00103515301686,0.0485183541596919,TRUE,0.467339735264224,1.00101105453419,0.191337239086157,TRUE,0.430405512744473,1.00099490023068
636,"rand=1-2_rate=1.5_ROB=L_UH_Bias=No Bias","1-2",1.5,"L_UH","No Bias",0,0,0,0,0,0,-0.00344981434691422,0.0239215127299792,0.0585553224165969,TRUE,0.465135689156612,1.00291997226661,0.0157133227737475,TRUE,0.390103679557084,1.00103047325492,0.0953631859059475,TRUE,0.399735027276202,1.00124485698286,-0.0641316216333627,TRUE,0.929183700700432,1.00099066884489
637,"rand=1-2_rate=1.5_ROB=L_UH_Bias=No Bias","1-2",1.5,"L_UH","No Bias",0,0,0,0,0,0,-0.00473576183444458,0.0272387388694884,-0.0380381161363823,TRUE,0.556818318301355,1.00115308978952,-0.0640534719287704,TRUE,0.436164449041221,1.00098599148806,-0.0483508289380092,TRUE,0.608015999845328,1.00145221597916,-0.0733617729864624,TRUE,0.805986209566174,1.00100642741574
638,"rand=1-2_rate=1.5_ROB=L_UH_Bias=No Bias","1-2",1.5,"L_UH","No Bias",0,0,0,0,0,0,0.00176354497386821,0.0245169716143434,0.017610157959153,TRUE,0.430605919659499,1.00104214467917,-0.0149411507863229,TRUE,0.293968546701228,1.00100364277887,0.0836019551071956,TRUE,0.472407276548048,1.00099960879221,-0.0669800522935065,TRUE,0.429475050141464,1.0009897785607
639,"rand=1-2_rate=1.5_ROB=L_UH_Bias=No Bias","1-2",1.5,"L_UH","No Bias",0,0,0,0,0,0,0.000946299743123127,0.0305022394469978,0.0237204150115344,TRUE,0.522367937169561,1.00098787688881,-0.00996361261625012,TRUE,0.386527447875382,1.00111494369665,0.0774085871153816,TRUE,0.493304281594067,1.00102774511437,-0.091872166786491,TRUE,0.771398101427957,1.0009937681626
640,"rand=1-2_rate=1.5_ROB=L_UH_Bias=No Bias","1-2",1.5,"L_UH","No Bias",0,0,0,0,0,0,0.000196557445592392,0.0162382858437595,0.203481837095596,TRUE,0.364494659131302,1.00115674830383,0.119070674096498,TRUE,0.306629699633117,1.00103579685448,0.156449036653386,TRUE,0.494045312579461,1.00105010287977,0.0924833858533339,TRUE,0.500753689522226,1.00101778425934
641,"rand=1-2_rate=1.5_ROB=L_UH_Bias=No Bias","1-2",1.5,"L_UH","No Bias",0,0,0,0,0,0,-0.00164634878419118,0.0338164932475199,-0.0325808364213367,TRUE,0.485252495443841,1.00100886523265,-0.0118392201818664,TRUE,0.3355752292225,1.00110339860077,-0.0436851608038153,TRUE,0.597076473808793,1.00145987884496,0.00834734108481427,TRUE,0.498072011806732,1.00098599020713
642,"rand=1-2_rate=1.5_ROB=L_UH_Bias=No Bias","1-2",1.5,"L_UH","No Bias",0,0,0,0,0,0,-0.00230313424749632,0.0214491330171399,-0.0506633405537666,TRUE,0.48279059768883,1.00103363609033,-0.0553187803384134,TRUE,0.33288666357198,1.00098603059416,-0.109568351111594,TRUE,0.496991427662377,1.00169505311439,-0.0242473162437198,TRUE,0.574146578087069,1.00098910289777
643,"rand=1-2_rate=1.5_ROB=L_UH_Bias=No Bias","1-2",1.5,"L_UH","No Bias",0,0,0,0,0,0,-0.000478984349803158,0.0255849279703345,0.108812178889386,TRUE,0.453131808884876,1.00104898030133,0.0616107053063376,TRUE,0.387197227195655,1.00102836454817,0.105790564367279,TRUE,0.413986571362023,1.00098603651396,0.0254058863786271,TRUE,0.927933295223308,1.0009969469422
644,"rand=1-2_rate=1.5_ROB=L_UH_Bias=No Bias","1-2",1.5,"L_UH","No Bias",0,0,0,0,0,0,0.00553823048033774,0.0195586277387769,0.00463014663273753,TRUE,0.432327017882701,1.00098606924527,-0.0083626426141783,TRUE,0.320005066156673,1.00102475950086,0.0144712349239432,TRUE,0.442055301130394,1.00130458557533,-0.0262588741098264,TRUE,0.602389384119725,1.00100600725493
645,"rand=1-2_rate=1.5_ROB=L_UH_Bias=No Bias","1-2",1.5,"L_UH","No Bias",0,0,0,0,0,0,-0.00831637071488563,0.0248656138184341,0.0637431352788236,TRUE,0.454324342369771,1.00105321759231,0.163579211424493,FALSE,0.289446495131694,1.00098764476392,0.052641465081512,TRUE,0.494050335106008,1.00108736220584,0.233786680302294,FALSE,0.398245697720101,1.00101659710512
646,"rand=1-2_rate=1.5_ROB=L_UH_Bias=No Bias","1-2",1.5,"L_UH","No Bias",0,0,0,0,0,0,-0.00250839931864909,0.0230306594613187,0.143794305711501,TRUE,0.36643208622062,1.00103841572937,0.0947629493417189,TRUE,0.293436540852066,1.00102717871376,0.162292895240361,TRUE,0.375049071346461,1.00108474373845,0.0447701939542112,TRUE,0.560433917499086,1.00100348995422
647,"rand=1-2_rate=1.5_ROB=L_UH_Bias=No Bias","1-2",1.5,"L_UH","No Bias",0,0,0,0,0,0,0.00983417031236506,0.0240578303062785,0.0517238780846676,TRUE,0.460713938608602,1.00100373079382,0.0701608171042597,TRUE,0.312580917470686,1.00099559796599,0.113391004894944,TRUE,0.533433387707032,1.00099757193968,0.0424682254825886,TRUE,0.459143834652068,1.00099025796837
648,"rand=1-2_rate=1.5_ROB=L_UH_Bias=No Bias","1-2",1.5,"L_UH","No Bias",0,0,0,0,0,0,-0.0128134785112574,0.0277546477561499,-0.0175346335016597,TRUE,0.51033487181518,1.00114888039116,0.00192986140651896,TRUE,0.362928682972108,1.00105732647533,0.109293172815901,TRUE,0.457661771885627,1.0010190059828,-0.0921126423253287,TRUE,0.681801979856287,1.00100190024839
649,"rand=1-2_rate=1.5_ROB=L_UH_Bias=No Bias","1-2",1.5,"L_UH","No Bias",0,0,0,0,0,0,0.00100795964714477,0.0226180553476253,-0.0329019348327555,TRUE,0.410222330001938,1.00098706497156,0.0347474454598912,TRUE,0.277285652584879,1.00098608013347,0.00851152748293016,TRUE,0.45948337116037,1.00099675412537,0.0517643991300374,TRUE,0.448035994807027,1.0009971456196
650,"rand=1-2_rate=1.5_ROB=L_UH_Bias=No Bias","1-2",1.5,"L_UH","No Bias",0,0,0,0,0,0,-0.00615133229237303,0.024234241043572,0.0612431912853826,TRUE,0.383287643193552,1.00114431695884,0.00699884844003418,TRUE,0.406275358557506,1.00098622651215,-0.138948793488578,TRUE,0.780837372897861,1.00099982724994,0.11729414841466,TRUE,0.460434041871362,1.00098617882812
651,"rand=1-2_rate=1.5_ROB=L_UH_Bias=No Bias","1-2",1.5,"L_UH","No Bias",0,0,0,0,0,0,-0.0201745691045474,0.0307841285488919,0.0836738702755305,TRUE,0.395911283061558,1.00099197437537,0.116356706627876,TRUE,0.269099972133236,1.00113793718395,0.065861468784737,TRUE,0.425194657045041,1.00098770105965,0.147340155701373,TRUE,0.46323091318112,1.00100315356605
652,"rand=1-2_rate=1.5_ROB=L_UH_Bias=No Bias","1-2",1.5,"L_UH","No Bias",0,0,0,0,0,0,0.00632005494583743,0.0198255446606238,0.0795810321800895,TRUE,0.49422774887333,1.00098756849439,0.126556154625499,TRUE,0.384372372823196,1.00098672796892,0.130431454949329,TRUE,0.492757064176349,1.00100372423775,0.122135558381823,TRUE,0.803570864769312,1.00099583120616
653,"rand=1-2_rate=1.5_ROB=L_UH_Bias=No Bias","1-2",1.5,"L_UH","No Bias",0,0,0,0,0,0,-0.00528496061234454,0.0257708998811763,-0.0893147741674112,TRUE,0.465501070172089,1.00101331282779,-0.169385200010904,TRUE,0.364030923103591,1.00099153092971,-0.114049123198535,TRUE,0.557135395154764,1.00111695816014,-0.205141875923605,TRUE,0.598806650850681,1.00099391300649
654,"rand=1-2_rate=1.5_ROB=L_UH_Bias=No Bias","1-2",1.5,"L_UH","No Bias",0,0,0,0,0,0,0.00334794909581826,0.0222779440976866,-0.0867870776847428,TRUE,0.498758230091407,1.00098988020827,-0.0974499385021752,TRUE,0.340374921744379,1.00099859193944,-0.10311329771143,TRUE,0.502121378243372,1.0016966470575,-0.0969537129883726,TRUE,0.590332523450461,1.00098629577977
655,"rand=1-2_rate=1.5_ROB=L_UH_Bias=No Bias","1-2",1.5,"L_UH","No Bias",0,0,0,0,0,0,-0.0128853621048922,0.0251921759488448,-0.0282259431113689,TRUE,0.47563130918249,1.00115730611916,0.00741222534199126,TRUE,0.320548885473265,1.00101647159777,0.0204356738800661,TRUE,0.43990007937027,1.00098677270583,-0.00121847483679272,TRUE,0.599751183189852,1.00100031878428
656,"rand=1-2_rate=1.5_ROB=L_UH_Bias=No Bias","1-2",1.5,"L_UH","No Bias",0,0,0,0,0,0,-0.0124453823696726,0.0283756550140076,-0.0524178483928748,TRUE,0.562553282647552,1.00101873217593,-0.0866793885823134,TRUE,0.416094125026504,1.0009865400465,0.0761869918650887,TRUE,0.447620218611085,1.00104410743153,-0.243893670390448,TRUE,0.851107226918141,1.00098804985226
657,"rand=1-2_rate=1.5_ROB=L_UH_Bias=No Bias","1-2",1.5,"L_UH","No Bias",0,0,0,0,0,0,0.00475472587463554,0.0219382705803566,-0.0513282611673826,TRUE,0.552270813395313,1.00101840303397,0.0209253738752081,TRUE,0.416750700047746,1.00099436621253,-0.0524410313197299,TRUE,0.562845343905938,1.00106531216007,0.0824861676216234,TRUE,0.757642836226982,1.00099720726448
658,"rand=1-2_rate=1.5_ROB=L_UH_Bias=No Bias","1-2",1.5,"L_UH","No Bias",0,0,0,0,0,0,-0.00254479769835202,0.0158075942870483,-0.047502844497846,TRUE,0.434813209138108,1.0009966596489,-0.0729036898057336,TRUE,0.27804912930468,1.00115333585681,-0.000431791202506027,TRUE,0.427968065263349,1.001007331342,-0.101791565264059,TRUE,0.473656096218148,1.0009860223359
659,"rand=1-2_rate=1.5_ROB=L_UH_Bias=No Bias","1-2",1.5,"L_UH","No Bias",0,0,0,0,0,0,-0.000878809574775932,0.0230905325987138,0.101647377125707,TRUE,0.431696748108351,1.00100934244255,0.0267616476775397,TRUE,0.432219681535241,1.00106348499634,0.0957515287709909,TRUE,0.422056132307477,1.00176453878609,-0.0377045603872068,TRUE,1.12574059878294,1.00098769879284
660,"rand=1-2_rate=1.5_ROB=L_UH_Bias=No Bias","1-2",1.5,"L_UH","No Bias",0,0,0,0,0,0,-0.00317768340048633,0.0278833991657133,-0.159640605695829,TRUE,0.525784454229034,1.00098619432781,-0.118428787136136,TRUE,0.313528824634827,1.00115416845118,-0.117711155731096,TRUE,0.553354420806454,1.00177949968181,-0.116056360029503,TRUE,0.487491990272583,1.00098669016223
661,"rand=1-2_rate=1.5_ROB=L_UH_Bias=No Bias","1-2",1.5,"L_UH","No Bias",0,0,0,0,0,0,-0.0126293950338941,0.0270698809426678,-0.0831867260069563,TRUE,0.512456711294164,1.00124156732818,-0.126894240299461,TRUE,0.413905026777136,1.00098620849126,-0.036197668865805,TRUE,0.478587701533431,1.00180126474734,-0.208958657939326,TRUE,0.871018984854814,1.00099443746753
662,"rand=1-2_rate=1.5_ROB=L_UH_Bias=No Bias","1-2",1.5,"L_UH","No Bias",0,0,0,0,0,0,1.16170392391097e-05,0.0287268628912122,-0.0735522165404499,TRUE,0.500140782791985,1.00109678142375,0.00836233552681098,TRUE,0.348383565944608,1.0010857651398,-0.0467404477955389,TRUE,0.522070069251115,1.00099241596675,0.0430376347617711,TRUE,0.597094746807744,1.00099557018939
663,"rand=1-2_rate=1.5_ROB=L_UH_Bias=No Bias","1-2",1.5,"L_UH","No Bias",0,0,0,0,0,0,0.00899347865051634,0.0242445789262346,0.100678167793527,TRUE,0.434654543802467,1.00102965446996,0.0946897646715202,TRUE,0.293171342605262,1.00100903456484,0.129645541914225,TRUE,0.487233938925189,1.00099058572265,0.070940042043492,TRUE,0.439691449345668,1.00100123479847
664,"rand=1-2_rate=1.5_ROB=L_UH_Bias=No Bias","1-2",1.5,"L_UH","No Bias",0,0,0,0,0,0,-0.0102750587837567,0.0263733738254381,0.081003983181964,TRUE,0.367612590350504,1.00098662396693,0.0359928832614378,TRUE,0.234022140942562,1.00098619833131,0.0819242543791335,TRUE,0.471534187027644,1.00099661514059,0.0190304991707375,TRUE,0.304830636144658,1.001004277035
665,"rand=1-2_rate=1.5_ROB=L_UH_Bias=No Bias","1-2",1.5,"L_UH","No Bias",0,0,0,0,0,0,-0.00458092525290064,0.0258310820043101,-0.130819604748122,TRUE,0.504652715972584,1.00098912766096,-0.0622984955422805,TRUE,0.361602131125199,1.00098599162013,-0.109590854847627,TRUE,0.503569911469873,1.00107935490601,-0.0290324742062507,TRUE,0.717467358708161,1.00099607302195
666,"rand=1-2_rate=1.5_ROB=L_UH_Bias=No Bias","1-2",1.5,"L_UH","No Bias",0,0,0,0,0,0,0.00369223879571416,0.030332217490014,-0.0561645175860581,TRUE,0.490110806099661,1.00116153359516,-0.0507035079682885,TRUE,0.32981157340896,1.00098618624388,-0.1317142638728,TRUE,0.476237141529021,1.00168162638588,-0.00164148712170453,TRUE,0.594621504992398,1.00100583258225
667,"rand=1-2_rate=1.5_ROB=L_UH_Bias=No Bias","1-2",1.5,"L_UH","No Bias",0,0,0,0,0,0,0.00299710503909688,0.0237213632457444,0.0752173644075014,TRUE,0.46547028836085,1.00098743437672,0.116775830109534,TRUE,0.326821626246635,1.00098693619686,0.0926516810868587,TRUE,0.515396405167129,1.00098610768247,0.135847828246964,TRUE,0.530399743226152,1.00099561100566
668,"rand=1-2_rate=1.5_ROB=L_UH_Bias=No Bias","1-2",1.5,"L_UH","No Bias",0,0,0,0,0,0,-0.0107284714479617,0.0280246960709988,0.133787220665988,TRUE,0.40106034449614,1.00098604203779,0.0996426733896931,TRUE,0.288851805625086,1.00098846053792,0.0186520495359471,TRUE,0.598137238029128,1.00106010729589,0.145640771703964,TRUE,0.338368281373254,1.00104843749372
669,"rand=1-2_rate=1.5_ROB=L_UH_Bias=No Bias","1-2",1.5,"L_UH","No Bias",0,0,0,0,0,0,-0.00141426137502128,0.040056232910611,-0.0590202441481296,TRUE,0.494938966082455,1.00125372095352,-0.0356783671375451,TRUE,0.352881372018866,1.00098753765388,-0.11826157175552,TRUE,0.536459378996459,1.00116733335053,0.0275707098856665,TRUE,0.596342949098403,1.00109078522801
670,"rand=1-2_rate=1.5_ROB=L_UH_Bias=No Bias","1-2",1.5,"L_UH","No Bias",0,0,0,0,0,0,-0.0093507905988158,0.0244610448622543,0.0656081852862926,TRUE,0.485690875771562,1.00102014540475,0.0697401111345834,TRUE,0.359487250808456,1.00099921621004,0.129848639745347,TRUE,0.500287476087858,1.00103336996996,0.00932254690725176,TRUE,0.653300647004542,1.00101102727333
671,"rand=1-2_rate=1.5_ROB=L_UH_Bias=No Bias","1-2",1.5,"L_UH","No Bias",0,0,0,0,0,0,0.00390441402899651,0.0295959773898008,-0.064740280189032,TRUE,0.513597745599803,1.00108561761413,-0.0352327042107505,TRUE,0.360789602438766,1.00101368274579,-0.0436697372865125,TRUE,0.551826353688262,1.00105511872071,-0.028987933073368,TRUE,0.620522116380278,1.00098888516029
672,"rand=1-2_rate=1.5_ROB=L_UH_Bias=No Bias","1-2",1.5,"L_UH","No Bias",0,0,0,0,0,0,0.00767677358415144,0.0287541696593749,0.0486249391643806,TRUE,0.506834552168965,1.00132715649372,0.0747554291614994,TRUE,0.380871964379521,1.00106325530619,0.0219164079543422,TRUE,0.525284986829373,1.0010343102666,0.122548753507114,TRUE,0.709209090955363,1.00099437566088
673,"rand=1-2_rate=1.5_ROB=L_UH_Bias=No Bias","1-2",1.5,"L_UH","No Bias",0,0,0,0,0,0,-0.0128895588029272,0.0294231835181339,0.0709229444808672,TRUE,0.4000136641019,1.00099494480845,0.0692873609954064,TRUE,0.241672417755168,1.00126530014087,0.137130920935077,TRUE,0.480989545443683,1.00099596450319,0.041364466286934,TRUE,0.310585992546446,1.00099085387436
674,"rand=1-2_rate=1.5_ROB=L_UH_Bias=No Bias","1-2",1.5,"L_UH","No Bias",0,0,0,0,0,0,0.00963811459707165,0.0202626770398995,-0.0207290985285951,TRUE,0.484696259264565,1.00098787546709,-0.0524203687773579,TRUE,0.354766953959975,1.00107198958712,0.0442880384257418,TRUE,0.442377010691103,1.00122500536704,-0.130832635521506,TRUE,0.672736978308971,1.00099535855202
675,"rand=1-2_rate=1.5_ROB=L_UH_Bias=No Bias","1-2",1.5,"L_UH","No Bias",0,0,0,0,0,0,0.00448388664715443,0.0291250714544381,-0.0741754423940495,TRUE,0.580987287805902,1.000989970057,-0.100226712960973,TRUE,0.465168501087534,1.00103481207166,-0.0592596798651785,TRUE,0.612320869147655,1.00103722197214,-0.150995766050626,TRUE,0.970784630521522,1.00100805642495
676,"rand=1-2_rate=1.5_ROB=L_UH_Bias=No Bias","1-2",1.5,"L_UH","No Bias",0,0,0,0,0,0,0.00312763027179762,0.0241432240539219,0.0200614784856378,TRUE,0.523444403800328,1.0012963885747,-0.030063092888065,TRUE,0.388092879443684,1.00098620375557,-0.12423874554788,TRUE,0.556788001155021,1.00106526239599,0.0440229844977651,TRUE,0.681770408874477,1.00100063053763
677,"rand=1-2_rate=1.5_ROB=L_UH_Bias=No Bias","1-2",1.5,"L_UH","No Bias",0,0,0,0,0,0,0.00200344293418269,0.024505262954778,-0.109662214334528,TRUE,0.471854727605392,1.0010015431227,-0.0514318594138616,TRUE,0.392180155376034,1.00098664442375,-0.0422795847205184,TRUE,0.598937309574721,1.00098603089562,-0.0581082361030156,TRUE,0.674620887476823,1.00103055321596
678,"rand=1-2_rate=1.5_ROB=L_UH_Bias=No Bias","1-2",1.5,"L_UH","No Bias",0,0,0,0,0,0,0.0104965083579227,0.0326045312092792,-0.0950580716283873,TRUE,0.490357338540964,1.00252912502349,-0.100724843111205,TRUE,0.342861177906987,1.00098695117542,-0.0781407231737281,TRUE,0.445248172166891,1.00126781603047,-0.115190444094668,TRUE,0.707487133527742,1.00098643192483
679,"rand=1-2_rate=1.5_ROB=L_UH_Bias=No Bias","1-2",1.5,"L_UH","No Bias",0,0,0,0,0,0,-0.00394325302786508,0.0302414261808201,0.0779117973553948,TRUE,0.565856437483924,1.0010815804419,0.0392822310603523,TRUE,0.436676056360556,1.00098653375734,-0.0938241854766824,TRUE,0.615977834840336,1.00102555863784,0.161442632954853,TRUE,0.745856326125278,1.00098604448813
680,"rand=1-2_rate=1.5_ROB=L_UH_Bias=No Bias","1-2",1.5,"L_UH","No Bias",0,0,0,0,0,0,-0.00281249256247701,0.0263482849402224,0.0367481802776342,TRUE,0.427649036120968,1.00099267062142,0.0263952476711289,TRUE,0.295586296454774,1.00098922476055,0.0808321114043555,TRUE,0.39196136507659,1.00115372722215,-0.0186265005152659,TRUE,0.568481198468208,1.00098935660667
681,"rand=1-2_rate=1.5_ROB=L_UH_Bias=No Bias","1-2",1.5,"L_UH","No Bias",0,0,0,0,0,0,-0.00780152902746317,0.0219845350609343,-0.030423537593615,TRUE,0.518808169724975,1.0009865896888,-0.0477620683343578,TRUE,0.381322625309384,1.00098658297336,0.0115185347287677,TRUE,0.591473423026632,1.00100536632085,-0.0907757637213258,TRUE,0.629411717276925,1.00098672281552
682,"rand=1-2_rate=1.5_ROB=L_UH_Bias=No Bias","1-2",1.5,"L_UH","No Bias",0,0,0,0,0,0,-0.00597028768840624,0.0223174787576474,0.0117986090252403,TRUE,0.473264670566703,1.00129316756417,-0.000965367356555724,TRUE,0.335597845008088,1.00098748662828,-0.0357696629153723,TRUE,0.493543396861901,1.00136099337564,0.021417323452504,TRUE,0.597232542697562,1.00098600162238
683,"rand=1-2_rate=1.5_ROB=L_UH_Bias=No Bias","1-2",1.5,"L_UH","No Bias",0,0,0,0,0,0,0.00247490390471725,0.023498220098228,0.0582329575941566,TRUE,0.421034821425385,1.00101566208013,0.0378022692145706,TRUE,0.278862979154279,1.00104082784942,0.178418732912776,TRUE,0.420534203703868,1.00114880414463,-0.0376056975626029,TRUE,0.378014524944832,1.00103492057982
684,"rand=1-2_rate=1.5_ROB=L_UH_Bias=No Bias","1-2",1.5,"L_UH","No Bias",0,0,0,0,0,0,0.00602895772968813,0.0222883714970018,-0.111514788088536,TRUE,0.467965177946701,1.001267947784,-0.0782032161269948,TRUE,0.284881979521969,1.00098823478793,-0.237277638683301,TRUE,0.563398143043235,1.00106465553257,-0.0216268709884049,TRUE,0.37976548555744,1.00103168013164
685,"rand=1-2_rate=1.5_ROB=L_UH_Bias=No Bias","1-2",1.5,"L_UH","No Bias",0,0,0,0,0,0,-0.00453089850433203,0.0190104589536292,0.088929776065068,TRUE,0.458988874132344,1.00098598996645,-0.00203763295484194,TRUE,0.440613697648715,1.00098600426427,0.0779316450822802,TRUE,0.417662214857253,1.00158365652479,-0.0888339975459109,TRUE,1.16586340557955,1.00099696135073
686,"rand=1-2_rate=1.5_ROB=L_UH_Bias=No Bias","1-2",1.5,"L_UH","No Bias",0,0,0,0,0,0,0.00711605216698978,0.0162042097996787,0.0913758655171197,TRUE,0.411053866971211,1.00099931698616,0.100166595067097,TRUE,0.26923139712778,1.00099858171918,0.10391101352506,TRUE,0.406972064155598,1.0012906815147,0.0974606128760187,TRUE,0.477463941307789,1.00098627158416
687,"rand=1-2_rate=1.5_ROB=L_UH_Bias=No Bias","1-2",1.5,"L_UH","No Bias",0,0,0,0,0,0,0.00751054144508065,0.0225216606263754,0.0490162121454144,TRUE,0.482067319133088,1.00098766078104,0.0421379679869821,TRUE,0.342393948804798,1.00123273315723,0.115966522493844,TRUE,0.600856295237717,1.00101179587324,-0.0176486814324945,TRUE,0.464836599242011,1.00098755328594
688,"rand=1-2_rate=1.5_ROB=L_UH_Bias=No Bias","1-2",1.5,"L_UH","No Bias",0,0,0,0,0,0,0.00361927027491285,0.0207747441679755,0.0141604059230839,TRUE,0.520597061503539,1.00115603750218,-0.0501540071892583,TRUE,0.392570379568737,1.00099019393548,0.122610804365538,TRUE,0.467205898140626,1.00133641812114,-0.201331053140708,TRUE,0.678754598152302,1.00101516151515
689,"rand=1-2_rate=1.5_ROB=L_UH_Bias=No Bias","1-2",1.5,"L_UH","No Bias",0,0,0,0,0,0,0.00419289256212992,0.0244534865931403,-0.0642450748983454,TRUE,0.494770918970289,1.00099143469615,-0.0410105695872702,TRUE,0.333706152574198,1.00105144493739,-0.0486281525462562,TRUE,0.545166759279982,1.00157315444951,-0.0360212660805723,TRUE,0.533018200867898,1.00099040844883
690,"rand=1-2_rate=1.5_ROB=L_UH_Bias=No Bias","1-2",1.5,"L_UH","No Bias",0,0,0,0,0,0,0.000293301597034401,0.0187786911926409,0.0495906075365068,TRUE,0.477016492937374,1.00099877782233,0.0288430217420642,TRUE,0.373403576409163,1.00101488954924,-0.0942801853410127,TRUE,0.699021463193135,1.001080685037,0.116299601101079,TRUE,0.480574761459269,1.00101382845035
691,"rand=1-2_rate=1.5_ROB=L_UH_Bias=No Bias","1-2",1.5,"L_UH","No Bias",0,0,0,0,0,0,-0.0130209709170895,0.0303053665629149,0.0871258739057886,TRUE,0.320918214865314,1.00100748590433,0.106667932625527,FALSE,0.184649189350032,1.00100937581474,0.033394275340366,TRUE,0.425734298795089,1.00099950405651,0.127625684200699,TRUE,0.257731071645539,1.00099607294171
692,"rand=1-2_rate=1.5_ROB=L_UH_Bias=No Bias","1-2",1.5,"L_UH","No Bias",0,0,0,0,0,0,-0.00421894650968298,0.0190303832313624,0.102354883408804,TRUE,0.432140400011942,1.00106108614604,0.11515298066778,TRUE,0.315870437258018,1.00103731466794,0.152807252755787,TRUE,0.504176913986535,1.00103454079937,0.0834647859738357,TRUE,0.506200664967883,1.00100398971662
693,"rand=1-2_rate=1.5_ROB=L_UH_Bias=No Bias","1-2",1.5,"L_UH","No Bias",0,0,0,0,0,0,-0.00843753098018858,0.0304026905446342,0.0455231994869488,TRUE,0.383546690402574,1.00099520336487,-0.0254780053868888,TRUE,0.305516477486244,1.00105131755288,-0.0839920718954812,TRUE,0.57339379082177,1.00103363952729,0.00603881908854031,TRUE,0.425718115250504,1.00102047673092
694,"rand=1-2_rate=1.5_ROB=L_UH_Bias=No Bias","1-2",1.5,"L_UH","No Bias",0,0,0,0,0,0,-0.00113137509497596,0.0278070903478204,0.0367747084532185,TRUE,0.494457515089215,1.00098905085766,0.00215222374914315,TRUE,0.375949393409942,1.00099501067249,0.050284827417631,TRUE,0.612551813351756,1.00100713331652,-0.0363370523179047,TRUE,0.588847009157544,1.00099444232033
695,"rand=1-2_rate=1.5_ROB=L_UH_Bias=No Bias","1-2",1.5,"L_UH","No Bias",0,0,0,0,0,0,0.00245469399302832,0.0175724676986088,0.0625388944460751,TRUE,0.456489251529701,1.00108859789366,0.06092316289975,TRUE,0.324965274661992,1.00101654402799,0.0860437287267422,TRUE,0.454268847967491,1.00098600057526,0.0408971634957133,TRUE,0.599415484766804,1.00101838495775
696,"rand=1-2_rate=1.5_ROB=L_UH_Bias=No Bias","1-2",1.5,"L_UH","No Bias",0,0,0,0,0,0,-0.015140653231293,0.0304508719673156,-0.112051700439592,TRUE,0.580150409127389,1.00098613392977,-0.0602410017870489,TRUE,0.408987937552587,1.00098638997124,-0.059950864848398,TRUE,0.667765408529834,1.00103778829614,-0.0608250728020443,TRUE,0.65028540112868,1.00098600895629
697,"rand=1-2_rate=1.5_ROB=L_UH_Bias=No Bias","1-2",1.5,"L_UH","No Bias",0,0,0,0,0,0,0.00180432756990653,0.0279758660817066,-0.0160877931003012,TRUE,0.497495607058676,1.00111233076148,-0.0459512919951803,TRUE,0.360422009867829,1.00102024391063,-0.197575823107244,TRUE,0.677050990715017,1.00099534141386,0.0414027104877586,TRUE,0.452739503072374,1.00098831349888
698,"rand=1-2_rate=1.5_ROB=L_UH_Bias=No Bias","1-2",1.5,"L_UH","No Bias",0,0,0,0,0,0,-0.00561917241175021,0.0214173151680383,-0.0788928807302398,TRUE,0.56367523905537,1.00117103860114,-7.53263920414415e-05,TRUE,0.400319763247896,1.00099737792221,-0.088580019661024,TRUE,0.555234570495169,1.00100010216128,0.0615864876642781,TRUE,0.717714600125324,1.00099205783637
699,"rand=1-2_rate=1.5_ROB=L_UH_Bias=No Bias","1-2",1.5,"L_UH","No Bias",0,0,0,0,0,0,-0.00227830933125541,0.030478774509261,0.115655660716812,TRUE,0.459386211363727,1.00140459818752,0.116177473725982,TRUE,0.345521585586213,1.00098746449201,0.183330601925916,TRUE,0.461922254565231,1.0009874461797,0.0524691897333266,TRUE,0.653936682111655,1.00099979416435
700,"rand=1-2_rate=1.5_ROB=L_UH_Bias=No Bias","1-2",1.5,"L_UH","No Bias",0,0,0,0,0,0,-0.000657226958774595,0.0246015184491679,-0.0634748053246765,TRUE,0.490068385701498,1.00131443117262,0.0125177424799956,TRUE,0.329929102047171,1.0009876833928,-0.11957502064823,TRUE,0.525670272052357,1.00109683670703,0.0975814763891544,TRUE,0.494264856224739,1.00098827828616
701,"rand=1-2_rate=1.5_ROB=L_UH_Bias=No Bias","1-2",1.5,"L_UH","No Bias",0,0,0,0,0,0,0.0121255639141619,0.0315853525398162,0.0825405574454304,TRUE,0.512271025545185,1.00103675844062,0.0577201716915267,TRUE,0.394850452961772,1.00099030731092,0.200226267754083,TRUE,0.443581374286353,1.00121029428373,-0.113370863914981,TRUE,0.804841918415589,1.00098649724241
702,"rand=1-2_rate=1.5_ROB=L_UH_Bias=No Bias","1-2",1.5,"L_UH","No Bias",0,0,0,0,0,0,0.00400437484667959,0.0211103569390509,-0.00318901120053283,TRUE,0.472904329729373,1.00098824653031,-0.0141315012787258,TRUE,0.321297825855127,1.00098728670688,-0.0604017213516559,TRUE,0.641220554532754,1.00104800972159,0.0145745940182731,TRUE,0.398964936280764,1.0010623438377
703,"rand=1-2_rate=1.5_ROB=L_UH_Bias=No Bias","1-2",1.5,"L_UH","No Bias",0,0,0,0,0,0,0.00906075174452792,0.03133190491402,0.201399919022399,FALSE,0.360530316398356,1.00104290575448,0.21146576246511,FALSE,0.249526971499134,1.00098745014212,0.15435732010156,TRUE,0.391179542196904,1.00107929615195,0.249444710170443,FALSE,0.407119486408357,1.00098842990954
704,"rand=1-2_rate=1.5_ROB=L_UH_Bias=No Bias","1-2",1.5,"L_UH","No Bias",0,0,0,0,0,0,0.00518366845698773,0.0363889557257323,0.173314801445883,TRUE,0.367478218798256,1.00098835291757,0.157336118276415,FALSE,0.256802712369755,1.00103257011803,0.203281117148661,TRUE,0.453331717625051,1.00098613821713,0.133635609734963,TRUE,0.379187166790474,1.00098946366069
705,"rand=1-2_rate=1.5_ROB=L_UH_Bias=No Bias","1-2",1.5,"L_UH","No Bias",0,0,0,0,0,0,0.0105971320810309,0.0237812734699531,-0.0852853175828268,TRUE,0.50317640635038,1.00103360760144,-0.118079511975856,TRUE,0.384918104117767,1.00099733474325,-0.0390231043322011,TRUE,0.446671281023057,1.00121376316068,-0.186042594815918,TRUE,0.819093038079506,1.00098879048907
706,"rand=1-2_rate=1.5_ROB=L_UH_Bias=No Bias","1-2",1.5,"L_UH","No Bias",0,0,0,0,0,0,0.0103378005112448,0.0188023480044154,0.00480619979220998,TRUE,0.452854150872816,1.00099595663237,-0.0270815391991457,TRUE,0.288614417544377,1.00098655732486,-0.00168764757848527,TRUE,0.581850360727311,1.00141519089226,-0.0408144177746008,TRUE,0.391445940948632,1.0010335763213
707,"rand=1-2_rate=1.5_ROB=L_UH_Bias=No Bias","1-2",1.5,"L_UH","No Bias",0,0,0,0,0,0,0.00347115497254699,0.0181769211970356,0.184316449138819,TRUE,0.433901065695363,1.0010030279135,0.205746592020899,FALSE,0.294048204092451,1.00098913188896,0.0898768505788863,TRUE,0.458535875593723,1.00121952940962,0.291310533998356,FALSE,0.443990009121718,1.00098632886826
708,"rand=1-2_rate=1.5_ROB=L_UH_Bias=No Bias","1-2",1.5,"L_UH","No Bias",0,0,0,0,0,0,-0.00168585177102419,0.0194566963250413,0.0105048761541238,TRUE,0.359176742975531,1.00100507377349,-0.00517963305409452,TRUE,0.296795494555622,1.0010703724548,-0.0333589009473985,TRUE,0.481522502988155,1.00127578679062,0.00822709096483265,TRUE,0.492393812268018,1.00103579253173
709,"rand=1-2_rate=1.5_ROB=L_UH_Bias=No Bias","1-2",1.5,"L_UH","No Bias",0,0,0,0,0,0,-0.00513594872180137,0.0211598184128935,0.234634574738037,FALSE,0.347804831794104,1.00098674244943,0.194449968014106,FALSE,0.256978412873423,1.00102403745109,0.106055232981414,TRUE,0.397779502534057,1.00183009072536,0.246463190671928,FALSE,0.422670798615626,1.00098895380824
710,"rand=1-2_rate=1.5_ROB=L_UH_Bias=No Bias","1-2",1.5,"L_UH","No Bias",0,0,0,0,0,0,0.00612185537887532,0.0240173231788276,-0.135367923654986,TRUE,0.461415600774809,1.00100050593108,-0.101375167296687,TRUE,0.340552400135244,1.00098685699489,-0.166412278355325,TRUE,0.531515711530039,1.00110200589073,-0.0610282935708408,TRUE,0.571913975888555,1.00098974658989
711,"rand=1-2_rate=1.5_ROB=L_UH_Bias=No Bias","1-2",1.5,"L_UH","No Bias",0,0,0,0,0,0,0.00275349948991237,0.0251924391027541,0.0441884034929499,TRUE,0.429227642256998,1.0014456597073,0.0215990078572567,TRUE,0.289681978570168,1.00103697233982,0.0494573961394933,TRUE,0.469761529483607,1.00098602070844,0.00594474070700246,TRUE,0.451162461436398,1.00098898540445
712,"rand=1-2_rate=1.5_ROB=L_UH_Bias=No Bias","1-2",1.5,"L_UH","No Bias",0,0,0,0,0,0,0.00304970017111182,0.0194089037392622,-0.0138528870628976,TRUE,0.390071885881089,1.00098782809409,-0.0926980024069786,TRUE,0.28715685134413,1.0009921688274,0.0328279366034222,TRUE,0.415737137240354,1.00139727402378,-0.161085976832425,TRUE,0.472309226297017,1.00101449446146
713,"rand=1-2_rate=1.5_ROB=L_UH_Bias=No Bias","1-2",1.5,"L_UH","No Bias",0,0,0,0,0,0,-0.00601543835584875,0.02100538244632,0.0447673195096987,TRUE,0.427246634717286,1.0010004129987,0.0815304534025464,TRUE,0.269165779088691,1.00098599003066,-0.00130081407731586,TRUE,0.44539371380271,1.00206007020695,0.122958770448275,TRUE,0.447958661362201,1.00098657417266
714,"rand=1-2_rate=1.5_ROB=L_UH_Bias=No Bias","1-2",1.5,"L_UH","No Bias",0,0,0,0,0,0,0.00550736629685437,0.0238869371646985,-0.0338935133342388,TRUE,0.365836571765761,1.00126721796295,0.00039376905528643,TRUE,0.195733071880005,1.00113213077975,-0.246350416761149,FALSE,0.521773995223932,1.00115134912089,0.046358029870467,TRUE,0.185342447303569,1.00118208791789
715,"rand=1-2_rate=1.5_ROB=L_UH_Bias=No Bias","1-2",1.5,"L_UH","No Bias",0,0,0,0,0,0,0.00564195384830562,0.0232191543164156,-0.107927497361765,TRUE,0.516234297899197,1.00099991513923,-0.0917089340735795,TRUE,0.389655529912716,1.00098790738764,-0.0840637452239261,TRUE,0.470285556765747,1.00100344340744,-0.0949343731450951,TRUE,0.850240548548822,1.0009945189189
716,"rand=1-2_rate=1.5_ROB=L_UH_Bias=No Bias","1-2",1.5,"L_UH","No Bias",0,0,0,0,0,0,-0.0117489236215668,0.0244012159110053,0.185721280387292,TRUE,0.386221166940124,1.00103243111449,0.144614953479043,TRUE,0.297792135356205,1.00100408429913,0.229374033034748,FALSE,0.367636102184634,1.00099097815796,0.0736216524070011,TRUE,0.54451051157584,1.00099673353908
717,"rand=1-2_rate=1.5_ROB=L_UH_Bias=No Bias","1-2",1.5,"L_UH","No Bias",0,0,0,0,0,0,-0.0167462864311322,0.0249094252255146,-0.149550363850042,TRUE,0.509442388535737,1.00111393852843,-0.0835783769828735,TRUE,0.34140000333086,1.00098856383216,-0.189421798692923,TRUE,0.554865960600465,1.00098821492426,-0.0177634347805511,TRUE,0.536075293276577,1.00102128365582
718,"rand=1-2_rate=1.5_ROB=L_UH_Bias=No Bias","1-2",1.5,"L_UH","No Bias",0,0,0,0,0,0,0.00440096952621269,0.0307037059729049,0.0383147773278235,TRUE,0.464204949704259,1.00100378963665,0.0632716845163787,TRUE,0.358136139326081,1.00100030475128,-0.0107028266413571,TRUE,0.490728154740679,1.00115492104219,0.13460289896268,TRUE,0.648533857188746,1.00115486732508
719,"rand=1-2_rate=1.5_ROB=L_UH_Bias=No Bias","1-2",1.5,"L_UH","No Bias",0,0,0,0,0,0,0.00132115843056868,0.0219366986944884,0.102085755927043,TRUE,0.408943537104595,1.00112318004025,0.0866840149042525,TRUE,0.282877726303888,1.00109270646795,0.127539927232494,TRUE,0.416759827623503,1.00098703734222,0.0581336962718233,TRUE,0.499397364348637,1.00098896891955
720,"rand=1-2_rate=1.5_ROB=L_UH_Bias=No Bias","1-2",1.5,"L_UH","No Bias",0,0,0,0,0,0,-0.00189336584107765,0.0213242361056852,-0.0284611879523129,TRUE,0.419222307217257,1.00124150338754,-0.0209227129759924,TRUE,0.265054220044181,1.00102592015611,-0.103723456460428,TRUE,0.518109309300657,1.00114923418771,0.0103876087241991,TRUE,0.379825975582475,1.0010340050054
721,"rand=1-2_rate=1.5_ROB=L_UH_Bias=No Bias","1-2",1.5,"L_UH","No Bias",0,0,0,0,0,0,-0.01404298919482,0.0276840055938919,0.0989992235761876,TRUE,0.412292934432564,1.00107637604039,0.104018019729082,TRUE,0.270570700831158,1.00100554791154,0.0281338950585913,TRUE,0.541292986494979,1.00104695710411,0.147518498082403,TRUE,0.327308662641525,1.00099233256778
722,"rand=1-2_rate=1.5_ROB=L_UH_Bias=No Bias","1-2",1.5,"L_UH","No Bias",0,0,0,0,0,0,0.00853539755567055,0.0332310622263399,0.142995887734289,TRUE,0.451893873597975,1.00107363097611,0.158832320575593,TRUE,0.291337037304311,1.00098599256953,0.0701152131480849,TRUE,0.434009724322699,1.00105954451198,0.212910922478487,TRUE,0.498917332279221,1.00098916162351
723,"rand=1-2_rate=1.5_ROB=L_UH_Bias=No Bias","1-2",1.5,"L_UH","No Bias",0,0,0,0,0,0,0.00328010358041626,0.026537603084136,-0.134659082960002,TRUE,0.434000871458927,1.00116063287944,-0.0709188894261519,TRUE,0.392777610908867,1.00099288126641,-0.425265907617234,FALSE,0.739192622673287,1.00138260012238,0.0864795065328552,TRUE,0.31906518622795,1.00098903701649
724,"rand=1-2_rate=1.5_ROB=L_UH_Bias=No Bias","1-2",1.5,"L_UH","No Bias",0,0,0,0,0,0,0.0056483389012237,0.0245056383038073,0.175842948746682,TRUE,0.378760705405902,1.00101535357336,0.190351946406984,FALSE,0.266558689942061,1.00099291410817,0.056050751765491,TRUE,0.431695328367795,1.00120644313163,0.272210595839011,FALSE,0.363640090030588,1.00100133927177
725,"rand=1-2_rate=1.5_ROB=L_UH_Bias=No Bias","1-2",1.5,"L_UH","No Bias",0,0,0,0,0,0,-0.00200494005506961,0.0253905536686941,0.0363316692797069,TRUE,0.453283793247251,1.00101646136542,-0.0271638528942364,TRUE,0.336175170499206,1.00098823849289,0.069900991581368,TRUE,0.435860788143967,1.00114761753058,-0.0955989602595979,TRUE,0.627569288271988,1.00099665293494
726,"rand=1-2_rate=1.5_ROB=L_UH_Bias=No Bias","1-2",1.5,"L_UH","No Bias",0,0,0,0,0,0,0.00951440101635057,0.0206437154618129,0.100399738563387,TRUE,0.419829518171197,1.00103854655413,0.114158575500185,TRUE,0.277746715590386,1.00098991425323,0.103410865481333,TRUE,0.48078483622617,1.00101901052256,0.120744884849791,TRUE,0.418636741499347,1.00098609927307
727,"rand=1-2_rate=1.5_ROB=L_UH_Bias=No Bias","1-2",1.5,"L_UH","No Bias",0,0,0,0,0,0,-0.0103514403726129,0.0353122331880303,0.00332839092651405,TRUE,0.441582564190852,1.00100754047914,0.0665722683290629,TRUE,0.321428508142972,1.00100295057702,0.0227576092318019,TRUE,0.436562491379829,1.00107798625472,0.103010655841107,TRUE,0.647508486932397,1.00098793242098
728,"rand=1-2_rate=1.5_ROB=L_UH_Bias=No Bias","1-2",1.5,"L_UH","No Bias",0,0,0,0,0,0,0.0103443632763721,0.0236802584352183,-0.166032363991111,TRUE,0.522608713954467,1.00099500403986,-0.145081288424584,TRUE,0.369439063251377,1.0009883604945,-0.120274247528051,TRUE,0.47530339308565,1.00099420465035,-0.163119312467154,TRUE,0.781931992054443,1.00098650173692
729,"rand=1-2_rate=1.5_ROB=L_UH_Bias=No Bias","1-2",1.5,"L_UH","No Bias",0,0,0,0,0,0,-0.000232971282535127,0.0285442308244819,0.00500246954929184,TRUE,0.452613950132645,1.00098819036227,0.0227640171171793,TRUE,0.305328513534514,1.00098599847046,-0.00833800103532734,TRUE,0.45142771055973,1.00202343637592,0.0374097683219037,TRUE,0.57056778789362,1.00100378207221
730,"rand=1-2_rate=1.5_ROB=L_UH_Bias=No Bias","1-2",1.5,"L_UH","No Bias",0,0,0,0,0,0,0.00251085238203477,0.0206653401563698,-0.0401469681030173,TRUE,0.462668768590394,1.00102512106177,-0.0999667409453131,TRUE,0.342151844067943,1.00110463660371,-0.0993240423803614,TRUE,0.580286628863034,1.00098618427136,-0.100515905715901,TRUE,0.541309543215757,1.00100804375011
731,"rand=1-2_rate=1.5_ROB=L_UH_Bias=No Bias","1-2",1.5,"L_UH","No Bias",0,0,0,0,0,0,0.00961022556615024,0.0196697498392274,-0.0410938035259318,TRUE,0.450885432412518,1.00099444489494,0.0116137750949601,TRUE,0.305742513178665,1.00106240421488,0.042279230164846,TRUE,0.461988861266749,1.00105196258308,-0.0102812562984198,TRUE,0.50645998209257,1.00099480936727
732,"rand=1-2_rate=1.5_ROB=L_UH_Bias=No Bias","1-2",1.5,"L_UH","No Bias",0,0,0,0,0,0,-0.00378582886539229,0.0252507614986978,-0.0151198032760145,TRUE,0.491268388875768,1.00098598995333,-0.0191786799024651,TRUE,0.379214303858677,1.00098819537108,-0.0114137600746733,TRUE,0.478612874868834,1.0013316519112,-0.0248207189778551,TRUE,0.794969014729018,1.0009863681051
733,"rand=1-2_rate=1.5_ROB=L_UH_Bias=No Bias","1-2",1.5,"L_UH","No Bias",0,0,0,0,0,0,0.0011603569517774,0.0241048747508488,-0.0156035240107013,TRUE,0.465443208032713,1.00147119650352,0.0344548101348403,TRUE,0.275274005800728,1.00099284007918,-0.0797314066214134,TRUE,0.477147730667034,1.00123212025404,0.0822775637412201,TRUE,0.423423302457939,1.00098625278251
734,"rand=1-2_rate=1.5_ROB=L_UH_Bias=No Bias","1-2",1.5,"L_UH","No Bias",0,0,0,0,0,0,-0.00919707496702339,0.0296594768808104,0.0951566224142188,TRUE,0.437889665872321,1.00171118179108,0.127298916268392,TRUE,0.300600007506345,1.00098790596718,-0.0209239745332697,TRUE,0.451862120447362,1.00103953861372,0.21926135704672,TRUE,0.470830289205957,1.00098740989157
735,"rand=1-2_rate=1.5_ROB=L_UH_Bias=No Bias","1-2",1.5,"L_UH","No Bias",0,0,0,0,0,0,-0.00963001198470316,0.0368631635539786,0.0305128065799745,TRUE,0.343863021299274,1.00100565743759,-0.0505359510944667,TRUE,0.288851782539474,1.00098604820591,-0.0496971627180833,TRUE,0.446801921174846,1.00145363417717,-0.0525097941952299,TRUE,0.494719795745376,1.00098891259438
736,"rand=1-2_rate=1.5_ROB=L_UH_Bias=No Bias","1-2",1.5,"L_UH","No Bias",0,0,0,0,0,0,0.0163723219521121,0.0219483052620632,-0.031747479499532,TRUE,0.506097884036957,1.00103539075097,-0.0114634136170186,TRUE,0.345021865544746,1.00104844612887,0.0287088950314276,TRUE,0.521764500676494,1.00100791550221,-0.0425917555922555,TRUE,0.586273990421129,1.0010195870189
737,"rand=1-2_rate=1.5_ROB=L_UH_Bias=No Bias","1-2",1.5,"L_UH","No Bias",0,0,0,0,0,0,0.0174341461231743,0.0305416267262576,-0.000939318672642742,TRUE,0.426964469107924,1.0009950319888,-0.114214137008374,TRUE,0.418598656059336,1.00098605639798,-0.0353267035628024,TRUE,0.537605231532703,1.00107788877124,-0.177321366643683,TRUE,0.809635783614425,1.00100422230117
738,"rand=1-2_rate=1.5_ROB=L_UH_Bias=No Bias","1-2",1.5,"L_UH","No Bias",0,0,0,0,0,0,0.00147131807510014,0.0221721537897195,-0.0481181871859822,TRUE,0.490819190436482,1.00101973871837,-0.0278115809370481,TRUE,0.338134167538811,1.00102321927978,-0.12443134019946,TRUE,0.527666387645635,1.00101177928929,0.0289049696509304,TRUE,0.559970836921093,1.00100526505504
739,"rand=1-2_rate=1.5_ROB=L_UH_Bias=No Bias","1-2",1.5,"L_UH","No Bias",0,0,0,0,0,0,0.0111638918813697,0.0250958795454115,-0.0596296761568385,TRUE,0.497011162046951,1.00168599063868,-0.0621251443580106,TRUE,0.34348641656717,1.0010271929761,-0.0346156873428936,TRUE,0.458289638664758,1.00099560557567,-0.082024221283352,TRUE,0.666965109257747,1.00099491994955
740,"rand=1-2_rate=1.5_ROB=L_UH_Bias=No Bias","1-2",1.5,"L_UH","No Bias",0,0,0,0,0,0,0.00575578899599685,0.017208368028971,-0.172829819942246,TRUE,0.587283358694641,1.00099615721326,-0.218251302663368,TRUE,0.457081832628284,1.00105264733419,-0.00891473444646351,TRUE,0.579230210150421,1.0009862408582,-0.408191430377013,FALSE,0.710284534135487,1.00098607578576
741,"rand=1-2_rate=1.5_ROB=L_UH_Bias=No Bias","1-2",1.5,"L_UH","No Bias",0,0,0,0,0,0,0.00159353335277292,0.0357925836155933,0.0669430076668744,TRUE,0.429401325289729,1.00119196230138,0.055778725200154,TRUE,0.303231801128358,1.00126246231403,0.0796097365607177,TRUE,0.427160231910363,1.00104851413291,0.0376734216342755,TRUE,0.581118801036456,1.00101163156556
742,"rand=1-2_rate=1.5_ROB=L_UH_Bias=No Bias","1-2",1.5,"L_UH","No Bias",0,0,0,0,0,0,-0.00288540231898286,0.0189094139690512,0.021216593748148,TRUE,0.463945790748825,1.00108647534701,0.0429374194100005,TRUE,0.321023660606031,1.00099985618817,0.107580585167906,TRUE,0.405080299556018,1.00101181524848,-0.0070808852513895,TRUE,0.64578915815683,1.00098918795474
743,"rand=1-2_rate=1.5_ROB=L_UH_Bias=No Bias","1-2",1.5,"L_UH","No Bias",0,0,0,0,0,0,0.00652983914961524,0.0179985132759596,0.0514163780981388,TRUE,0.401088057805422,1.0012033169197,0.0612624783834509,TRUE,0.256593539804636,1.0009891632048,0.0213538538365842,TRUE,0.408380281279244,1.00284186784906,0.0837656658198263,TRUE,0.433061916049979,1.00100745557393
744,"rand=1-2_rate=1.5_ROB=L_UH_Bias=No Bias","1-2",1.5,"L_UH","No Bias",0,0,0,0,0,0,-0.00241953345610796,0.0237316733911255,0.0822009370982025,TRUE,0.436576204104657,1.00118906379854,0.121581619495302,TRUE,0.296917634658188,1.00104848135431,0.156680353283355,TRUE,0.483817366984437,1.00134036350241,0.0992034422256367,TRUE,0.462615164474,1.00098680769106
745,"rand=1-2_rate=1.5_ROB=L_UH_Bias=No Bias","1-2",1.5,"L_UH","No Bias",0,0,0,0,0,0,-0.00630489421297443,0.0140932997573325,-0.0347498978135234,TRUE,0.473367424475314,1.00099632812762,0.0334181771308607,TRUE,0.322488211433467,1.00104083534836,-0.172467051271237,TRUE,0.530489609384792,1.00099237680291,0.148738967019406,TRUE,0.419203725225412,1.00099145672284
746,"rand=1-2_rate=1.5_ROB=L_UH_Bias=No Bias","1-2",1.5,"L_UH","No Bias",0,0,0,0,0,0,0.00941185742831145,0.0251305554567221,-0.161463961203967,TRUE,0.57644245625575,1.00104496067453,-0.124215164471472,TRUE,0.390194685321585,1.00100093878515,-0.0967808145070519,TRUE,0.639247205969324,1.00127633284446,-0.143155908542126,TRUE,0.634718571852013,1.00103063186656
747,"rand=1-2_rate=1.5_ROB=L_UH_Bias=No Bias","1-2",1.5,"L_UH","No Bias",0,0,0,0,0,0,0.00234892413348962,0.0306330763428995,0.0861352106419061,TRUE,0.418869601629526,1.00099621416928,0.00140421083244946,TRUE,0.364947512135312,1.00100386671137,0.10535866423935,TRUE,0.398401518015769,1.00218597913208,-0.0811968535395293,TRUE,0.818142797666511,1.00099811295715
748,"rand=1-2_rate=1.5_ROB=L_UH_Bias=No Bias","1-2",1.5,"L_UH","No Bias",0,0,0,0,0,0,0.0103050192963214,0.0228246365237748,-0.0283490757349791,TRUE,0.438285459868437,1.0010010211656,-0.0253569899367698,TRUE,0.266750982194396,1.00100494624565,0.00980025350558145,TRUE,0.50720821461343,1.00114891548998,-0.040567102203344,TRUE,0.369491582261328,1.00098714049207
749,"rand=1-2_rate=1.5_ROB=L_UH_Bias=No Bias","1-2",1.5,"L_UH","No Bias",0,0,0,0,0,0,0.00280765116508976,0.0190134591255587,-0.0411762468244874,TRUE,0.533350804930322,1.00101589041196,-0.0272196569894818,TRUE,0.369584252101481,1.00100274678585,0.0789590290916659,TRUE,0.666792976588343,1.00098638544641,-0.10082842742194,TRUE,0.471876992698963,1.00098683117505
750,"rand=1-2_rate=1.5_ROB=L_UH_Bias=No Bias","1-2",1.5,"L_UH","No Bias",0,0,0,0,0,0,0.00703588058812447,0.0197627617845455,0.0174631856743038,TRUE,0.417910896015475,1.00109885435501,-0.018550254762757,TRUE,0.289683093397613,1.00102805058111,0.11361097025522,TRUE,0.415350916157196,1.00100475721477,-0.0931660377627457,TRUE,0.450868962014701,1.00099112573679
751,"rand=1-2_rate=1.5_ROB=L_UH_Bias=No Bias","1-2",1.5,"L_UH","No Bias",0,0,0,0,0,0,-0.00444649823535638,0.0272809466751379,-0.0168329830910379,TRUE,0.630327768444232,1.0012836641272,0.0110495050488243,TRUE,0.451625078718737,1.00101636275571,-0.138293784102416,TRUE,0.651251969065944,1.00098641676474,0.139434695105741,TRUE,0.726869212368602,1.00100950237056
752,"rand=1-2_rate=1.5_ROB=L_UH_Bias=No Bias","1-2",1.5,"L_UH","No Bias",0,0,0,0,0,0,0.0078916767293853,0.0204808837137408,-0.194117453354604,TRUE,0.546233247673351,1.00102964332817,-0.262274410829785,FALSE,0.421833164478322,1.00103909790707,-0.113169827328363,TRUE,0.497773414449861,1.00108405129668,-0.382577292428208,FALSE,0.849777718680279,1.00098640504432
753,"rand=1-2_rate=1.5_ROB=L_UH_Bias=No Bias","1-2",1.5,"L_UH","No Bias",0,0,0,0,0,0,0.00414154015232126,0.0235428684805663,-0.188159470835372,TRUE,0.612449279963191,1.0009933237298,-0.229823783211775,FALSE,0.476583396650884,1.00099923084791,-0.352094484330708,FALSE,0.702646439711839,1.00099170532266,-0.11840681946991,TRUE,0.792408056428804,1.00098600175075
754,"rand=1-2_rate=1.5_ROB=L_UH_Bias=No Bias","1-2",1.5,"L_UH","No Bias",0,0,0,0,0,0,0.00321760325851386,0.0288427966529086,0.0606937801183307,TRUE,0.397978210890179,1.001001582595,0.00136735321812387,TRUE,0.311394484583203,1.000992622515,0.0303203855107178,TRUE,0.434804072884684,1.00100326241148,-0.0146467692975834,TRUE,0.590467299119121,1.00098856383814
755,"rand=1-2_rate=1.5_ROB=L_UH_Bias=No Bias","1-2",1.5,"L_UH","No Bias",0,0,0,0,0,0,0.00164993431257575,0.0272059786086259,-0.106968376996693,TRUE,0.535245333686425,1.00145420868549,-0.12727997598509,TRUE,0.426166972295152,1.00098784644524,-0.123832597344767,TRUE,0.519666947848217,1.00099135400713,-0.13066598956137,TRUE,0.928430504317045,1.00098605430471
756,"rand=1-2_rate=1.5_ROB=L_UH_Bias=No Bias","1-2",1.5,"L_UH","No Bias",0,0,0,0,0,0,0.0112221847752474,0.0284079809336772,-0.000537705114199927,TRUE,0.473045888196868,1.0014242637651,-0.0394145632796026,TRUE,0.361666626193458,1.00104041419182,-0.061913088390354,TRUE,0.473176389628451,1.00110608588036,-0.0148130159074864,TRUE,0.72377165579504,1.00101804034315
757,"rand=1-2_rate=1.5_ROB=L_UH_Bias=No Bias","1-2",1.5,"L_UH","No Bias",0,0,0,0,0,0,-0.000461704265540412,0.0214025767954616,0.0883895208356761,TRUE,0.47403185772903,1.00106397734954,0.0706308303824048,TRUE,0.353806097425887,1.00098738439539,0.17641771168052,TRUE,0.396682207964467,1.00098905911202,-0.0343580438590723,TRUE,0.749807818612226,1.00101424189834
758,"rand=1-2_rate=1.5_ROB=L_UH_Bias=No Bias","1-2",1.5,"L_UH","No Bias",0,0,0,0,0,0,0.00839754071380288,0.0243517714733462,-0.0828401510582633,TRUE,0.633898035728754,1.00103300932131,-0.0584757293262015,TRUE,0.49664508814725,1.00100981312102,-0.100340420050145,TRUE,0.624329418251178,1.00098650096728,-0.0158744475756338,TRUE,1.07622791184104,1.00098604279358
759,"rand=1-2_rate=1.5_ROB=L_UH_Bias=No Bias","1-2",1.5,"L_UH","No Bias",0,0,0,0,0,0,-0.0149543531907464,0.0263233760704281,-0.0235691787386854,TRUE,0.519024097130647,1.00107092847536,-0.0117182781830703,TRUE,0.377001157449781,1.00101214079448,0.05913732822336,TRUE,0.510205158059031,1.00117329637165,-0.0762470821547052,TRUE,0.68798960604014,1.00100115042606
760,"rand=1-2_rate=1.5_ROB=L_UH_Bias=No Bias","1-2",1.5,"L_UH","No Bias",0,0,0,0,0,0,0.00834127043919747,0.0287108343747696,0.124882233905766,TRUE,0.427802120459478,1.00168891753689,0.109833028158292,TRUE,0.295770538184474,1.00100115024152,0.210996014934376,TRUE,0.397097099960926,1.00102203483943,0.0387427638303937,TRUE,0.501133880678969,1.00100010779444
761,"rand=1-2_rate=1.5_ROB=L_UH_Bias=No Bias","1-2",1.5,"L_UH","No Bias",0,0,0,0,0,0,-0.00258657007436594,0.0316867155276569,0.0919085594384557,TRUE,0.425493724353578,1.0009920128074,0.104053298165844,TRUE,0.286484413459004,1.00100393649632,0.0348838571682225,TRUE,0.509942345370854,1.00129941385707,0.140436194011857,TRUE,0.421712539548709,1.00105495157158
762,"rand=1-2_rate=1.5_ROB=L_UH_Bias=No Bias","1-2",1.5,"L_UH","No Bias",0,0,0,0,0,0,0.00524552230912335,0.0311566413586115,-0.01126006251457,TRUE,0.551190967071016,1.00104915129934,-0.0117536931923294,TRUE,0.432381680940324,1.00102038202653,0.00561855547609824,TRUE,0.513243181490936,1.00110230498887,-0.0386176999524819,TRUE,0.921282051978478,1.00099371428965
763,"rand=1-2_rate=1.5_ROB=L_UH_Bias=No Bias","1-2",1.5,"L_UH","No Bias",0,0,0,0,0,0,3.44923581443117e-05,0.0307620172342389,-0.0199105867565379,TRUE,0.553210331050011,1.00107428873214,-0.044324981829261,TRUE,0.416318159819482,1.00102322350886,0.0923829424187396,TRUE,0.463561532259675,1.00111149071773,-0.195420937631795,TRUE,0.855993188243953,1.00099714102735
764,"rand=1-2_rate=1.5_ROB=L_UH_Bias=No Bias","1-2",1.5,"L_UH","No Bias",0,0,0,0,0,0,-0.00103908982968798,0.0249609891271487,-0.0206046698535121,TRUE,0.482949595645888,1.00099689785143,-0.0644455920104154,TRUE,0.373789429686752,1.00100597931774,0.0740451310455925,TRUE,0.447956953749422,1.00098927271725,-0.197845583147498,TRUE,0.6892269383615,1.0010147625955
765,"rand=1-2_rate=1.5_ROB=L_UH_Bias=No Bias","1-2",1.5,"L_UH","No Bias",0,0,0,0,0,0,0.00116132436941343,0.0251759273283897,0.104945515558824,TRUE,0.430804375554307,1.00105153120217,0.0318170681994306,TRUE,0.372813724144376,1.00098760568108,0.117421777959131,TRUE,0.468679871685452,1.00098758424607,-0.0577691447853697,TRUE,0.750620889847151,1.00100225702528
766,"rand=1-2_rate=1.5_ROB=L_UH_Bias=No Bias","1-2",1.5,"L_UH","No Bias",0,0,0,0,0,0,-0.00745900050510837,0.0256022224928165,0.0779648045320525,TRUE,0.411859590218973,1.00145130396007,0.0846337497716795,TRUE,0.275416436338641,1.0009861919601,0.0725292386552444,TRUE,0.431143422984724,1.00121202081622,0.0898585309306673,TRUE,0.477823241754324,1.00099098622642
767,"rand=1-2_rate=1.5_ROB=L_UH_Bias=No Bias","1-2",1.5,"L_UH","No Bias",0,0,0,0,0,0,0.0109784853137496,0.0279071622670871,0.0881514626197049,TRUE,0.474491883469423,1.00129324304134,0.0318151129639158,TRUE,0.453733800718684,1.00101832088917,0.0982175386809084,TRUE,0.458261256820024,1.00100965256708,-0.0465492753490024,TRUE,1.1539355066004,1.00098668508372
768,"rand=1-2_rate=1.5_ROB=L_UH_Bias=No Bias","1-2",1.5,"L_UH","No Bias",0,0,0,0,0,0,-0.00477952618473563,0.0320868298291005,0.123789490274048,TRUE,0.41620824948162,1.0009936488457,0.113194551181238,TRUE,0.289207787795622,1.00110536262442,0.0924938961638143,TRUE,0.475113677780128,1.00107312065743,0.12869625002372,TRUE,0.466371405968796,1.00102873439473
769,"rand=1-2_rate=1.5_ROB=L_UH_Bias=No Bias","1-2",1.5,"L_UH","No Bias",0,0,0,0,0,0,0.0181249060344674,0.0302982091767539,0.133645355571301,TRUE,0.381674788390586,1.00099264381057,0.0553828822984288,TRUE,0.334869129882014,1.00113403686147,0.164626225993246,TRUE,0.384039474509667,1.00114320309883,-0.0360506397617815,TRUE,0.681478453891185,1.00106425487656
770,"rand=1-2_rate=1.5_ROB=L_UH_Bias=No Bias","1-2",1.5,"L_UH","No Bias",0,0,0,0,0,0,0.00496352828344689,0.0274135956931361,0.150041688122933,TRUE,0.432051451300117,1.00122082383816,0.175696336807644,FALSE,0.277877110469107,1.00100571702895,0.0280874580644545,TRUE,0.456703755201891,1.00103360084442,0.265490193268393,FALSE,0.366791699396701,1.00098910469589
771,"rand=1-2_rate=1.5_ROB=L_UH_Bias=No Bias","1-2",1.5,"L_UH","No Bias",0,0,0,0,0,0,-0.00504303289650399,0.02794935748407,0.171707278472268,TRUE,0.398885896450859,1.00099132224715,0.140579542749787,TRUE,0.307259563094227,1.00098670102577,0.147605142833792,TRUE,0.426621717437131,1.0011218025328,0.132517988038998,TRUE,0.577480732784391,1.00099675716739
772,"rand=1-2_rate=1.5_ROB=L_UH_Bias=No Bias","1-2",1.5,"L_UH","No Bias",0,0,0,0,0,0,0.00154169141480122,0.0274964966553823,-0.109248749227876,TRUE,0.540561393759111,1.0010440050683,-0.0804161279440825,TRUE,0.384068630690257,1.00098965312451,-0.113921173890509,TRUE,0.532751029392986,1.00099196232023,-0.0582640263537784,TRUE,0.728051838666219,1.00101675954597
773,"rand=1-2_rate=1.5_ROB=L_UH_Bias=No Bias","1-2",1.5,"L_UH","No Bias",0,0,0,0,0,0,0.00194287667525648,0.0157765593129219,-0.0865490474349446,TRUE,0.487708780558394,1.00100697419366,-0.107490791917046,TRUE,0.360209093293979,1.00098649745786,0.0533702242753797,TRUE,0.457173870539562,1.00098599570796,-0.22672207385054,TRUE,0.604091554544305,1.00105239807813
774,"rand=1-2_rate=1.5_ROB=L_UH_Bias=No Bias","1-2",1.5,"L_UH","No Bias",0,0,0,0,0,0,-0.0109068078463179,0.0300003019122122,-0.0184778060011479,TRUE,0.413909335119923,1.00104367329257,-0.133661649897348,TRUE,0.344395792248517,1.00101200821814,-0.120131952877238,TRUE,0.525852113896932,1.00148822254713,-0.138213966028659,TRUE,0.592029872650752,1.00100973302942
775,"rand=1-2_rate=1.5_ROB=L_UH_Bias=No Bias","1-2",1.5,"L_UH","No Bias",0,0,0,0,0,0,-0.00126643321515822,0.0362407306502749,-0.0641201364720299,TRUE,0.517775987989275,1.00131868418543,-0.0358530978251526,TRUE,0.377651014863802,1.00098759498083,-0.0297423600437112,TRUE,0.43710452128819,1.00100842169083,-0.0454809147337465,TRUE,0.832179856593368,1.00099085204078
776,"rand=1-2_rate=1.5_ROB=L_UH_Bias=No Bias","1-2",1.5,"L_UH","No Bias",0,0,0,0,0,0,0.0117394269794914,0.0229762612698886,0.0785453039319033,TRUE,0.3823486827916,1.00166207349948,0.0565212521501086,TRUE,0.265435579149012,1.00098671991558,0.105151114474194,TRUE,0.399745719429825,1.00098795384376,0.0289398248798834,TRUE,0.451321301150549,1.00100335418618
777,"rand=1-2_rate=1.5_ROB=L_UH_Bias=No Bias","1-2",1.5,"L_UH","No Bias",0,0,0,0,0,0,0.000533952541541632,0.0296528702725384,0.121573841056407,TRUE,0.399776964919702,1.00100424392734,0.116484876997649,TRUE,0.273475522696029,1.00102081474085,-0.022154865633939,TRUE,0.557628497812856,1.00100784992972,0.181534383585557,FALSE,0.31527310605684,1.00103961468452
778,"rand=1-2_rate=1.5_ROB=L_UH_Bias=No Bias","1-2",1.5,"L_UH","No Bias",0,0,0,0,0,0,-0.00563590312670333,0.0202839320738863,0.104153709529518,TRUE,0.433605856069012,1.00121855495342,0.114108243845527,TRUE,0.329921474907337,1.00098738873039,0.151734397670054,TRUE,0.373876389562238,1.00146626371302,0.0756099163546662,TRUE,0.737601834147119,1.00098925536533
779,"rand=1-2_rate=1.5_ROB=L_UH_Bias=No Bias","1-2",1.5,"L_UH","No Bias",0,0,0,0,0,0,-0.0190682632818885,0.0275149966356681,-0.0541306449754011,TRUE,0.474200662412353,1.00102754838494,-0.0445593963015651,TRUE,0.320492048290464,1.00100196138337,-0.115803334026794,TRUE,0.495133838587878,1.00099333777863,-0.00202246484077362,TRUE,0.535312300859215,1.00106953919178
780,"rand=1-2_rate=1.5_ROB=L_UH_Bias=No Bias","1-2",1.5,"L_UH","No Bias",0,0,0,0,0,0,0.00355109070201777,0.0194847547402851,-0.108444450009341,TRUE,0.471505930040698,1.00106987891996,-0.0548956773037015,TRUE,0.324294921354682,1.00098785193613,-0.102582332039352,TRUE,0.49178614603718,1.00110503808528,-0.0205587227809449,TRUE,0.562513645898151,1.00098780187483
781,"rand=1-2_rate=1.5_ROB=L_UH_Bias=No Bias","1-2",1.5,"L_UH","No Bias",0,0,0,0,0,0,-0.00288519222792049,0.0182650544986573,-0.017241920652429,TRUE,0.600042342802742,1.00099199730543,-0.00761730490213308,TRUE,0.455524128119474,1.00098646581666,0.142458446536445,TRUE,0.61690727584781,1.00098960633879,-0.201020957539093,TRUE,0.722698757695539,1.00099659016405
782,"rand=1-2_rate=1.5_ROB=L_UH_Bias=No Bias","1-2",1.5,"L_UH","No Bias",0,0,0,0,0,0,-0.0239371230405342,0.0343128583774024,0.0316046588014743,TRUE,0.436824633310434,1.00099467922369,-0.0160742776392933,TRUE,0.311177587858157,1.00100919978166,-0.00751901741495531,TRUE,0.643024266296193,1.00101228818972,-0.0193995295537099,TRUE,0.375601588568756,1.00103488768399
783,"rand=1-2_rate=1.5_ROB=L_UH_Bias=No Bias","1-2",1.5,"L_UH","No Bias",0,0,0,0,0,0,-0.0018388056187963,0.0223337863109182,-0.0684855846845691,TRUE,0.573237645650709,1.00126217864312,-0.0275533309238192,TRUE,0.469754523358986,1.00099159071421,-0.0437743665396997,TRUE,0.46917736330175,1.00101086834351,-0.0106672466411184,TRUE,1.16274172975531,1.00101962561738
784,"rand=1-2_rate=1.5_ROB=L_UH_Bias=No Bias","1-2",1.5,"L_UH","No Bias",0,0,0,0,0,0,0.00524522666449221,0.0219614666422394,0.03843339058905,TRUE,0.565516946088654,1.00100561351037,-0.00995830368382999,TRUE,0.440102579420273,1.0009893038,-0.153703715860029,TRUE,0.859176453441106,1.00115462915307,0.111731323694214,TRUE,0.462290835334604,1.00103022669807
785,"rand=1-2_rate=1.5_ROB=L_UH_Bias=No Bias","1-2",1.5,"L_UH","No Bias",0,0,0,0,0,0,-0.00579357115033049,0.02229587495347,-0.0261008066537325,TRUE,0.541955740990164,1.00100459061205,0.00732294760508145,TRUE,0.393834874861438,1.0009925522258,-0.0509486389069425,TRUE,0.592436832730216,1.0010414653278,0.0554243131334988,TRUE,0.663239160286592,1.00098971799969
786,"rand=1-2_rate=1.5_ROB=L_UH_Bias=No Bias","1-2",1.5,"L_UH","No Bias",0,0,0,0,0,0,-0.00845413550853161,0.0329129113298161,-0.145526341440201,TRUE,0.644570970760631,1.00102361771812,-0.145243368747169,TRUE,0.490452531128401,1.00100964774374,-0.275541083965148,TRUE,0.740805208936615,1.00108646621425,-0.0179901740216477,TRUE,0.801761261111881,1.00100431594699
787,"rand=1-2_rate=1.5_ROB=L_UH_Bias=No Bias","1-2",1.5,"L_UH","No Bias",0,0,0,0,0,0,0.00942766390807975,0.0310969138681338,0.0576176298591667,TRUE,0.447163353196649,1.00104880689795,-0.00013328179019112,TRUE,0.380265659017003,1.00099291988828,0.0396356173328309,TRUE,0.423446634285802,1.00102284148586,-0.0331273746730347,TRUE,0.890436202519615,1.00099527258801
788,"rand=1-2_rate=1.5_ROB=L_UH_Bias=No Bias","1-2",1.5,"L_UH","No Bias",0,0,0,0,0,0,-0.00676969689753066,0.0292215985957424,-0.095683997706419,TRUE,0.535647945039524,1.00102722659831,-0.0429427534309919,TRUE,0.341835968271733,1.00101888381907,-0.183216156012244,TRUE,0.547142913679089,1.00180730793774,0.0377531273250965,TRUE,0.541534283623211,1.00098970886809
789,"rand=1-2_rate=1.5_ROB=L_UH_Bias=No Bias","1-2",1.5,"L_UH","No Bias",0,0,0,0,0,0,-0.000341267543336691,0.0236168062308371,0.0301519295992706,TRUE,0.423304111310835,1.00133350848546,0.0103512718946407,TRUE,0.2648991267203,1.00106028937094,-0.0125043343392692,TRUE,0.514042045265676,1.00107938530463,0.020682071394204,TRUE,0.38146446355928,1.00098636743103
790,"rand=1-2_rate=1.5_ROB=L_UH_Bias=No Bias","1-2",1.5,"L_UH","No Bias",0,0,0,0,0,0,-0.00451943336878854,0.0149703328736296,-0.0269806347133654,TRUE,0.685488789878336,1.00105397384008,-0.0808552921706902,TRUE,0.557989525856717,1.00098735656582,0.100507403683503,TRUE,0.516592696691158,1.00117980862695,-0.367700703351042,TRUE,1.49941068166889,1.00100369395294
791,"rand=1-2_rate=1.5_ROB=L_UH_Bias=No Bias","1-2",1.5,"L_UH","No Bias",0,0,0,0,0,0,-0.0143069173810443,0.0298426785080021,-0.020952391174617,TRUE,0.401475056535729,1.0010788396768,0.000748073878885092,TRUE,0.256989500150011,1.00099261455775,0.0194906364541895,TRUE,0.545627202850938,1.0009900936385,-0.00873610141076808,TRUE,0.332776883437342,1.00098868860611
792,"rand=1-2_rate=1.5_ROB=L_UH_Bias=No Bias","1-2",1.5,"L_UH","No Bias",0,0,0,0,0,0,0.0140740100823972,0.0260454220118906,0.158424722454697,TRUE,0.366531523737545,1.00100929493414,0.179058214617795,FALSE,0.237339401817101,1.00099155630108,0.27713822811314,FALSE,0.368026046271093,1.00099183158199,0.129424902601868,TRUE,0.3506470992376,1.00103511425364
793,"rand=1-2_rate=1.5_ROB=L_UH_Bias=No Bias","1-2",1.5,"L_UH","No Bias",0,0,0,0,0,0,-0.0058120589163165,0.0261361930019313,0.000665084278804073,TRUE,0.448714803795764,1.00100824007055,0.0104314880511938,TRUE,0.292567196028588,1.00098627869889,-0.0937613100321311,TRUE,0.489405866656672,1.00101675402162,0.0640954012122483,TRUE,0.458819921357606,1.00100681755211
794,"rand=1-2_rate=1.5_ROB=L_UH_Bias=No Bias","1-2",1.5,"L_UH","No Bias",0,0,0,0,0,0,-0.00620459567854534,0.0223019157539029,-0.0817684543071966,TRUE,0.56493232696616,1.00102234549212,-0.106677854589601,TRUE,0.414729091952829,1.00098668459121,-0.0731244655617183,TRUE,0.649962342215849,1.00103725760557,-0.137867393123001,TRUE,0.699346056100221,1.00098676187826
795,"rand=1-2_rate=1.5_ROB=L_UH_Bias=No Bias","1-2",1.5,"L_UH","No Bias",0,0,0,0,0,0,0.00516314213410307,0.02806744670204,0.0150003211806757,TRUE,0.440832294518835,1.00119108432921,-0.0326821013314869,TRUE,0.317991893449716,1.00098600397526,0.0669402447846231,TRUE,0.463521737972496,1.00154711263833,-0.0987620364578463,TRUE,0.525957542559561,1.00099838778255
796,"rand=1-2_rate=1.5_ROB=L_UH_Bias=No Bias","1-2",1.5,"L_UH","No Bias",0,0,0,0,0,0,0.00205744682592713,0.019795798291343,-0.0742088963123775,TRUE,0.527613411365626,1.00098753473061,-0.0882985596476893,TRUE,0.419021272306313,1.00099281969282,-0.125644893196012,TRUE,0.514631422623471,1.00164271444356,-0.0679262652995385,TRUE,0.886747424099463,1.00103449211756
797,"rand=1-2_rate=1.5_ROB=L_UH_Bias=No Bias","1-2",1.5,"L_UH","No Bias",0,0,0,0,0,0,-0.0105125653942429,0.0237426027917624,-0.237244342074634,TRUE,0.58207889418476,1.00098691293062,-0.169649437981313,FALSE,0.359540571457502,1.00098601719693,-0.163646414529315,TRUE,0.552163713254491,1.00178009205782,-0.173008315777704,TRUE,0.605973507082449,1.00101439176034
798,"rand=1-2_rate=1.5_ROB=L_UH_Bias=No Bias","1-2",1.5,"L_UH","No Bias",0,0,0,0,0,0,-0.000615327107056088,0.0340381028031328,-0.121361149891546,TRUE,0.472819447849144,1.00098822998571,-0.117853840055942,TRUE,0.300504119758685,1.00099336083185,-0.109250052539394,TRUE,0.563042313486194,1.00113976235252,-0.120570933128825,TRUE,0.427870070140447,1.00104639540971
799,"rand=1-2_rate=1.5_ROB=L_UH_Bias=No Bias","1-2",1.5,"L_UH","No Bias",0,0,0,0,0,0,-0.00425027301841692,0.0214816557745687,0.0629375159921701,TRUE,0.438505718230196,1.00098808116547,0.0767126773402588,TRUE,0.299379332770768,1.00103752781014,0.0715364039134037,TRUE,0.452181128426154,1.00102154649609,0.0850264445234146,TRUE,0.532988103665624,1.00098881129442
800,"rand=1-2_rate=1.5_ROB=L_UH_Bias=No Bias","1-2",1.5,"L_UH","No Bias",0,0,0,0,0,0,-0.0260018423674586,0.0329629406325784,0.0386540963776089,TRUE,0.488411909191091,1.00105875904747,0.00733531389576259,TRUE,0.367555789629876,1.00099107457681,0.0545080433077693,TRUE,0.503471748943093,1.0010054143221,-0.0351610311408219,TRUE,0.682355225909276,1.00098773872601
801,"rand=1-2_rate=1.5_ROB=L_UH_Bias=No Bias","1-2",1.5,"L_UH","No Bias",0,0,0,0,0,0,-0.00289520782198583,0.021846726076296,0.102561333372028,TRUE,0.526028398722373,1.00099209833589,0.0808933416745321,TRUE,0.384645581984673,1.00103036344666,0.163594820682339,TRUE,0.555082096551676,1.00110420386055,-0.00770952164930594,TRUE,0.676209881278734,1.00101050783895
802,"rand=1-2_rate=1.5_ROB=L_UH_Bias=No Bias","1-2",1.5,"L_UH","No Bias",0,0,0,0,0,0,0.025336987562876,0.0288560030286174,-0.0548209086681599,TRUE,0.602945413318426,1.00103536307538,-0.071515459782415,TRUE,0.451972537505254,1.00099989625208,-0.0558014451795372,TRUE,0.678490263198893,1.00099315076695,-0.0908426256762849,TRUE,0.815585199070094,1.0010010900107
803,"rand=1-2_rate=1.5_ROB=L_UH_Bias=No Bias","1-2",1.5,"L_UH","No Bias",0,0,0,0,0,0,0.00937347488781246,0.0217684949761745,0.0749711008100898,TRUE,0.464446466564223,1.00124079177124,-0.0269922667659659,TRUE,0.422404573921474,1.00098791167252,0.0425605629633369,TRUE,0.435206537721318,1.00148094790591,-0.074830703961668,TRUE,1.00980478209194,1.00098897276019
804,"rand=1-2_rate=1.5_ROB=L_UH_Bias=No Bias","1-2",1.5,"L_UH","No Bias",0,0,0,0,0,0,0.00082736467278612,0.0217531747847681,0.0363716374833193,TRUE,0.379380007217036,1.00100623720296,-0.0412424566226413,TRUE,0.295244229400735,1.0009875090168,0.00693646667683878,TRUE,0.506852618037912,1.00120360159954,-0.063665244935335,TRUE,0.447911501461923,1.00103146990202
805,"rand=1-2_rate=1.5_ROB=L_UH_Bias=No Bias","1-2",1.5,"L_UH","No Bias",0,0,0,0,0,0,0.0182355665077889,0.0325687595035431,-0.0540576862064577,TRUE,0.493173441931556,1.00113776121284,-0.0301106245899585,TRUE,0.340230560646804,1.0010812730076,-0.0873448806060482,TRUE,0.555500506688539,1.00100557603539,0.00484905918079537,TRUE,0.531659700240514,1.0009868956109
806,"rand=1-2_rate=1.5_ROB=L_UH_Bias=No Bias","1-2",1.5,"L_UH","No Bias",0,0,0,0,0,0,0.00765874607991838,0.0281608552253541,0.0986180528102794,TRUE,0.359292231118618,1.00109999860645,0.080274178716044,TRUE,0.206732577147253,1.00102949669057,0.0795460931011088,TRUE,0.433422608636589,1.00111628420084,0.0805930356297357,TRUE,0.286480345935424,1.00100186647166
807,"rand=1-2_rate=1.5_ROB=L_UH_Bias=No Bias","1-2",1.5,"L_UH","No Bias",0,0,0,0,0,0,0.00373989504838144,0.0300039540761368,-0.0288356935960454,TRUE,0.549498167979852,1.00098607081541,-0.0066463640034744,TRUE,0.388677744657755,1.0009862952798,0.0186976619197505,TRUE,0.6218677862138,1.000986963678,-0.0276350500327105,TRUE,0.623161347753317,1.00098684659505
808,"rand=1-2_rate=1.5_ROB=L_UH_Bias=No Bias","1-2",1.5,"L_UH","No Bias",0,0,0,0,0,0,-0.00669188279946208,0.0231953066150792,-0.161989300605702,TRUE,0.465431846162766,1.00099307387609,-0.128060533903128,TRUE,0.276408117480313,1.00103884204149,-0.144358399843104,TRUE,0.664125769515953,1.00099097292545,-0.126236243449207,TRUE,0.31770602308942,1.00099926595808
809,"rand=1-2_rate=1.5_ROB=L_UH_Bias=No Bias","1-2",1.5,"L_UH","No Bias",0,0,0,0,0,0,0.00330488868671288,0.0298729432637059,-0.0157517647147143,TRUE,0.549437043597177,1.00098891506701,-0.0146504054706373,TRUE,0.392265288991193,1.00099350953924,0.0536255189807788,TRUE,0.599239189536324,1.00103815525051,-0.080078748662737,TRUE,0.651741437466736,1.0009988578146
810,"rand=1-2_rate=1.5_ROB=L_UH_Bias=No Bias","1-2",1.5,"L_UH","No Bias",0,0,0,0,0,0,0.00491047764542563,0.0212930598787961,-0.103201983416542,TRUE,0.529503604124174,1.00102582812475,-0.0422402596322866,TRUE,0.357948539466547,1.00110862846141,-0.122541464158857,TRUE,0.618354125204778,1.00102533334586,0.0106853216065744,TRUE,0.527600866302868,1.00099093643439
811,"rand=1-2_rate=1.5_ROB=L_UH_Bias=No Bias","1-2",1.5,"L_UH","No Bias",0,0,0,0,0,0,-0.00488075282895127,0.0228767638848471,0.116511556748546,TRUE,0.444361816244881,1.00103394148661,0.123036603524743,TRUE,0.305917316629937,1.00098961708921,0.0617217336771524,TRUE,0.485970593640791,1.00107928696551,0.166399082723066,TRUE,0.494184557307833,1.00100322394705
812,"rand=1-2_rate=1.5_ROB=L_UH_Bias=No Bias","1-2",1.5,"L_UH","No Bias",0,0,0,0,0,0,-0.00697128330674604,0.0327863813455722,0.0610898519992266,TRUE,0.488284360517893,1.00114170287471,0.0348289135413888,TRUE,0.366580084752892,1.00098622849717,0.104281441157589,TRUE,0.507705637802323,1.00100196441479,-0.0244128583788088,TRUE,0.665801658716397,1.00099943833662
813,"rand=1-2_rate=1.5_ROB=L_UH_Bias=No Bias","1-2",1.5,"L_UH","No Bias",0,0,0,0,0,0,-0.0152053843659629,0.0311475629251128,0.0259748935960418,TRUE,0.448039807131695,1.00100727313463,0.0824610921723483,TRUE,0.286330102808714,1.00098983534978,-0.0204473569607726,TRUE,0.444994075894984,1.00099137216753,0.148080878749356,TRUE,0.473935546866401,1.00099466993948
814,"rand=1-2_rate=1.5_ROB=L_UH_Bias=No Bias","1-2",1.5,"L_UH","No Bias",0,0,0,0,0,0,0.00549081887166024,0.0218256235013507,0.0882638004703443,TRUE,0.413086046728857,1.00101743821286,0.0324929496573357,TRUE,0.286482317706465,1.00098653696476,0.185471589663405,TRUE,0.376888574181231,1.001011307366,-0.0603697856220582,TRUE,0.455881905911651,1.00099460758703
815,"rand=1-2_rate=1.5_ROB=L_UH_Bias=No Bias","1-2",1.5,"L_UH","No Bias",0,0,0,0,0,0,0.00402664716540836,0.0189915305148772,-0.174739212088749,TRUE,0.538938152461313,1.00104196336685,-0.133850921154636,TRUE,0.354410142633096,1.00098638329005,-0.0128975200192079,TRUE,0.533974748293341,1.00110903814412,-0.216561930210233,TRUE,0.523948870418577,1.00099074075416
816,"rand=1-2_rate=1.5_ROB=L_UH_Bias=No Bias","1-2",1.5,"L_UH","No Bias",0,0,0,0,0,0,0.00589587480727865,0.0197466251055143,0.020879667242051,TRUE,0.481126323287853,1.001005701016,0.0365419907176985,TRUE,0.361318281729939,1.00107230795926,0.0244724521336117,TRUE,0.456339741508102,1.00101274775186,0.0401015337525333,TRUE,0.741057394177633,1.00099245661691
817,"rand=1-2_rate=1.5_ROB=L_UH_Bias=No Bias","1-2",1.5,"L_UH","No Bias",0,0,0,0,0,0,0.00168652714760235,0.0261877301951979,0.0222539306233054,TRUE,0.538868454917451,1.00098760093994,0.0108419993995184,TRUE,0.422925302512927,1.00102367024619,0.0710567919892118,TRUE,0.591305090394643,1.00099921822979,-0.054500757555713,TRUE,0.798718001015886,1.00098826512204
818,"rand=1-2_rate=1.5_ROB=L_UH_Bias=No Bias","1-2",1.5,"L_UH","No Bias",0,0,0,0,0,0,0.0067292644708935,0.0329471230979008,0.0470600766673405,TRUE,0.386889248923464,1.00103091081729,0.0652963654286691,TRUE,0.252303261587108,1.00105124673253,0.106629391157045,TRUE,0.407949318565904,1.00122968224651,0.0437788634694645,TRUE,0.418772331025989,1.00102257536425
819,"rand=1-2_rate=1.5_ROB=L_UH_Bias=No Bias","1-2",1.5,"L_UH","No Bias",0,0,0,0,0,0,0.0156369822920323,0.0301067726409618,0.0823139193498517,TRUE,0.482548736647644,1.0012436673954,0.0165782906500784,TRUE,0.426493290228098,1.00100709089071,0.17123797030877,TRUE,0.390323377435135,1.00099579446342,-0.188046376621402,TRUE,1.07064004700434,1.00100282502455
820,"rand=1-2_rate=1.5_ROB=L_UH_Bias=No Bias","1-2",1.5,"L_UH","No Bias",0,0,0,0,0,0,0.00126723896895857,0.019876829651219,0.0122731667456614,TRUE,0.417037767481077,1.00099179023069,-0.0215951019008394,TRUE,0.268510868031454,1.00098599541637,0.0585643980689347,TRUE,0.41928325739324,1.00103250983305,-0.0599789203807561,TRUE,0.433835651869102,1.00099034269793
821,"rand=1-2_rate=1.5_ROB=L_UH_Bias=No Bias","1-2",1.5,"L_UH","No Bias",0,0,0,0,0,0,-0.0106662548608303,0.0294714697061013,-0.0579433298917424,TRUE,0.454153407516444,1.00100078034525,-0.0705206028665026,TRUE,0.362159430552272,1.00098805738952,0.0599635489708398,TRUE,0.569517206713443,1.00101439349244,-0.17405200742176,TRUE,0.479342379481903,1.00100188272813
822,"rand=1-2_rate=1.5_ROB=L_UH_Bias=No Bias","1-2",1.5,"L_UH","No Bias",0,0,0,0,0,0,0.00451301110577936,0.0225808464949932,0.172808783678591,TRUE,0.483464249244023,1.00099851875611,0.177719448111074,TRUE,0.374893336272396,1.00105716895894,0.114603680332409,TRUE,0.512695026216245,1.00100970751063,0.235448508236152,TRUE,0.715423949502985,1.00098982087238
823,"rand=1-2_rate=1.5_ROB=L_UH_Bias=No Bias","1-2",1.5,"L_UH","No Bias",0,0,0,0,0,0,-0.0133961787927461,0.0250904017846684,0.0481988556389511,TRUE,0.43380485568314,1.00098861156931,-0.0267006512173391,TRUE,0.361752467961844,1.00100251308884,0.0912085051945339,TRUE,0.49266471178209,1.00100291897959,-0.120993238058312,TRUE,0.613232040129828,1.00103737479621
824,"rand=1-2_rate=1.5_ROB=L_UH_Bias=No Bias","1-2",1.5,"L_UH","No Bias",0,0,0,0,0,0,-0.0067869233788666,0.0236084880998515,-0.0188284032542207,TRUE,0.53731243502977,1.00103420691145,0.0220107942356332,TRUE,0.468741725365325,1.00098637756023,-0.0662078863338353,TRUE,0.477886490280852,1.00120193285891,0.130096363357202,TRUE,1.11452709940603,1.00100507393091
825,"rand=1-2_rate=1.5_ROB=L_UH_Bias=No Bias","1-2",1.5,"L_UH","No Bias",0,0,0,0,0,0,0.0105769983390861,0.0215696821244941,0.0245381286411276,TRUE,0.447263561325536,1.00099866978998,-0.045992461799548,TRUE,0.359549644103668,1.00099207615672,0.158394017642348,TRUE,0.419256701372467,1.00103391407052,-0.206317799650063,TRUE,0.541746491083454,1.0010902743369
826,"rand=1-2_rate=1.5_ROB=L_UH_Bias=No Bias","1-2",1.5,"L_UH","No Bias",0,0,0,0,0,0,-0.00650996619688556,0.0187168204319943,-0.0898696831402359,TRUE,0.456334183638372,1.00104499111839,-0.130643389092312,TRUE,0.304308567913579,1.00098611793289,-0.0591797674201739,TRUE,0.482555285456903,1.00132714188755,-0.167731481103624,TRUE,0.499648678484891,1.00100891535536
827,"rand=1-2_rate=1.5_ROB=L_UH_Bias=No Bias","1-2",1.5,"L_UH","No Bias",0,0,0,0,0,0,-0.0116600219762978,0.0323362119219739,0.0308925069555972,TRUE,0.442675243621972,1.00099000649036,-0.0419154902494139,TRUE,0.368878493484162,1.00099365888344,0.0011925394023502,TRUE,0.571243999420622,1.000988181084,-0.0751581745629899,TRUE,0.623494369999781,1.00098655516122
828,"rand=1-2_rate=1.5_ROB=L_UH_Bias=No Bias","1-2",1.5,"L_UH","No Bias",0,0,0,0,0,0,-0.00176480762489224,0.020556525877353,-0.195891432179281,TRUE,0.5957616567393,1.00101817161407,-0.0878727956512302,TRUE,0.423770688282195,1.00098998939258,-0.203924503857139,TRUE,0.590617207837881,1.00099422423838,0.000718685603650737,TRUE,0.746157597894247,1.00098643652456
829,"rand=1-2_rate=1.5_ROB=L_UH_Bias=No Bias","1-2",1.5,"L_UH","No Bias",0,0,0,0,0,0,-0.00546349198514626,0.025754734959654,-0.0148088719577384,TRUE,0.505060347484656,1.00108032878584,0.00519493636705148,TRUE,0.361830369073318,1.00101209097322,-0.101234049207457,TRUE,0.513092144628201,1.00100003859213,0.0884376883432864,TRUE,0.607274161166963,1.00099116144386
830,"rand=1-2_rate=1.5_ROB=L_UH_Bias=No Bias","1-2",1.5,"L_UH","No Bias",0,0,0,0,0,0,0.00292277932409174,0.023717901025914,-0.0486306461999599,TRUE,0.419583349481143,1.0010038240981,-0.0848984282809151,TRUE,0.301824012460676,1.00098765001071,0.00647490206682255,TRUE,0.468974767541573,1.00099072589839,-0.132771080489347,TRUE,0.46092605144445,1.00126330810749
831,"rand=1-2_rate=1.5_ROB=L_UH_Bias=No Bias","1-2",1.5,"L_UH","No Bias",0,0,0,0,0,0,-0.0018155833163269,0.0360904178564862,-0.0831319976340761,TRUE,0.473629465355708,1.00102469214867,-0.116770535340625,TRUE,0.338048720030437,1.00101306147748,-0.103775379932424,TRUE,0.470681095103311,1.00117991644812,-0.126891394337692,TRUE,0.634962788181005,1.00100521290886
832,"rand=1-2_rate=1.5_ROB=L_UH_Bias=No Bias","1-2",1.5,"L_UH","No Bias",0,0,0,0,0,0,-0.00228682676864853,0.0253976949485453,0.0441239935869007,TRUE,0.448715520041277,1.0009883446281,-0.0295948276843629,TRUE,0.366260474791484,1.00103488610986,-0.016851411453511,TRUE,0.448882201786492,1.00109476525348,-0.0309922960762727,TRUE,0.743779091638937,1.00098690068905
833,"rand=1-2_rate=1.5_ROB=L_UH_Bias=No Bias","1-2",1.5,"L_UH","No Bias",0,0,0,0,0,0,-0.0001516793823524,0.0278385673912089,-0.0921074609910852,TRUE,0.441964352774085,1.00104917582565,-0.0659359081259725,TRUE,0.24590182305749,1.00111591375008,-0.132481408289411,TRUE,0.569633825802275,1.00100542317501,-0.0455296317653204,TRUE,0.312824223535373,1.00100863559488
834,"rand=1-2_rate=1.5_ROB=L_UH_Bias=No Bias","1-2",1.5,"L_UH","No Bias",0,0,0,0,0,0,0.00499046112288287,0.0242658584640424,-0.180846163960633,TRUE,0.555021385785963,1.00100280523396,-0.188516799492746,TRUE,0.379199063712716,1.00100903308131,-0.0336524163217389,TRUE,0.538996276294791,1.00104828383864,-0.297537748237731,FALSE,0.555213330652708,1.00101273135018
835,"rand=1-2_rate=1.5_ROB=L_UH_Bias=No Bias","1-2",1.5,"L_UH","No Bias",0,0,0,0,0,0,-0.00646842666261051,0.0239562041598087,0.0671959335653863,TRUE,0.502537279396096,1.00098735476614,0.034339323566649,TRUE,0.404852735639803,1.00104282111789,0.0796962105149347,TRUE,0.533865397782206,1.00102762136577,-0.0170714984509086,TRUE,0.793303302476037,1.00099668182358
836,"rand=1-2_rate=1.5_ROB=L_UH_Bias=No Bias","1-2",1.5,"L_UH","No Bias",0,0,0,0,0,0,0.0115616588589016,0.0263108470252223,0.0244878961866428,TRUE,0.441572149296633,1.00173528097142,-0.00250217642793471,TRUE,0.2820890089602,1.0009922803337,0.198491985182217,TRUE,0.38533887478715,1.00100808924306,-0.0912692167359543,TRUE,0.391030200567843,1.00099428769445
837,"rand=1-2_rate=1.5_ROB=L_UH_Bias=No Bias","1-2",1.5,"L_UH","No Bias",0,0,0,0,0,0,0.00150758196046047,0.0235772594366784,0.0813138113024682,TRUE,0.415704212373691,1.00126272012415,0.041783489273679,TRUE,0.288620421505274,1.00098698338592,0.0447366289701611,TRUE,0.474189297189645,1.00098602559429,0.0403130652743996,TRUE,0.471794000463391,1.00107013081697
838,"rand=1-2_rate=1.5_ROB=L_UH_Bias=No Bias","1-2",1.5,"L_UH","No Bias",0,0,0,0,0,0,-0.00214755646066149,0.0245512417922355,0.0148246262279834,TRUE,0.429644024398962,1.00105147213276,0.0675235956960203,TRUE,0.299694157359085,1.00115179058825,-0.0259356302650475,TRUE,0.441069048228475,1.00153598813602,0.122863301390839,TRUE,0.526616452541843,1.00103952134658
839,"rand=1-2_rate=1.5_ROB=L_UH_Bias=No Bias","1-2",1.5,"L_UH","No Bias",0,0,0,0,0,0,0.00342402445526934,0.0271259282813688,0.0894560055342876,TRUE,0.514171448583992,1.00099723164974,0.0666788616842179,TRUE,0.421713151087838,1.00098662401441,-0.0389564571923269,TRUE,0.555783892103097,1.00130368911601,0.167559353693797,TRUE,0.76769867407042,1.00100322856804
840,"rand=1-2_rate=1.5_ROB=L_UH_Bias=No Bias","1-2",1.5,"L_UH","No Bias",0,0,0,0,0,0,0.00505171137021476,0.0163831533874132,-0.142959251561101,TRUE,0.46517938391861,1.00099700378055,-0.10524406974017,TRUE,0.281596736193238,1.00100741672688,-0.147417611703389,TRUE,0.524696064001389,1.00110522856705,-0.089735998673371,TRUE,0.427251181270327,1.00101208157212
841,"rand=1-2_rate=1.5_ROB=L_UH_Bias=No Bias","1-2",1.5,"L_UH","No Bias",0,0,0,0,0,0,0.0107646374115246,0.0181351094754815,-0.074806125876081,TRUE,0.450187477115183,1.00101658740198,-0.0971407628718577,TRUE,0.378019964861302,1.00098600585341,-0.235404648120586,TRUE,0.548584791724081,1.00114996482184,-0.00208763252476341,TRUE,0.631899150988803,1.00100913866391
842,"rand=1-2_rate=1.5_ROB=L_UH_Bias=No Bias","1-2",1.5,"L_UH","No Bias",0,0,0,0,0,0,-0.00914218376970089,0.0308876407606691,-0.100771879008415,TRUE,0.557655212124711,1.00098728306476,-0.0228189276147044,TRUE,0.378874618000833,1.00099202851894,-0.262875929405202,FALSE,0.570191512704113,1.00098654993503,0.135859027944054,TRUE,0.481064269579116,1.00109920956324
843,"rand=1-2_rate=1.5_ROB=L_UH_Bias=No Bias","1-2",1.5,"L_UH","No Bias",0,0,0,0,0,0,0.00829714534122323,0.0327656187750691,-0.0476876693852017,TRUE,0.559092384519179,1.00098606437356,-0.0163041502181613,TRUE,0.412203418279654,1.00098837123771,-0.0950212112981501,TRUE,0.817937484133292,1.00099893165859,0.0507392190500613,TRUE,0.482010686366585,1.00103666503717
844,"rand=1-2_rate=1.5_ROB=L_UH_Bias=No Bias","1-2",1.5,"L_UH","No Bias",0,0,0,0,0,0,-0.00311563592954042,0.0191595385924027,0.0168407310470354,TRUE,0.517933672195915,1.00102557111328,-0.0350777885677709,TRUE,0.399797368465005,1.0009944385196,0.150328555738639,TRUE,0.399137607162748,1.00121852675219,-0.240917058500032,TRUE,0.799920638807963,1.00099401757395
845,"rand=1-2_rate=1.5_ROB=L_UH_Bias=No Bias","1-2",1.5,"L_UH","No Bias",0,0,0,0,0,0,0.00562479056841988,0.023065116510937,-0.0954069363278132,TRUE,0.537478175134138,1.00119839359847,-0.0367110956357293,TRUE,0.419981381766013,1.00098931551812,-0.212497809450167,TRUE,0.540602421716883,1.00232890695883,0.10639191048938,TRUE,0.729026750325003,1.00098702730618
846,"rand=1-2_rate=1.5_ROB=L_UH_Bias=No Bias","1-2",1.5,"L_UH","No Bias",0,0,0,0,0,0,-0.00692760614239047,0.0149761981716027,-0.119393439190118,TRUE,0.473188517887299,1.00108745866342,-0.154900309658737,FALSE,0.290063706179526,1.0010280136772,-0.123884012604576,TRUE,0.519129056751906,1.00205737550843,-0.165542836917455,TRUE,0.438356888701819,1.00098600955374
847,"rand=1-2_rate=1.5_ROB=L_UH_Bias=No Bias","1-2",1.5,"L_UH","No Bias",0,0,0,0,0,0,0.00384017916916966,0.0313692779836152,0.021980641803428,TRUE,0.409910840194109,1.00099900509067,0.00570641701060071,TRUE,0.285332757259108,1.00100835073969,0.00947055388284657,TRUE,0.484425003009454,1.0010292617778,0.00284495048328848,TRUE,0.43868989206375,1.00101630456824
848,"rand=1-2_rate=1.5_ROB=L_UH_Bias=No Bias","1-2",1.5,"L_UH","No Bias",0,0,0,0,0,0,-0.00259324427914224,0.0407890394108866,0.0534886894264753,TRUE,0.444582405634792,1.00099276007748,0.0522215702632596,TRUE,0.328922804433886,1.00102263505368,0.0409601862769775,TRUE,0.402335343781716,1.00099277245103,0.0572602864607242,TRUE,0.704965711691246,1.00098676046212
849,"rand=1-2_rate=1.5_ROB=L_UH_Bias=No Bias","1-2",1.5,"L_UH","No Bias",0,0,0,0,0,0,0.0118819483784112,0.024398524927641,0.0517731039581274,TRUE,0.390326843124946,1.000992250708,0.00763901348486429,TRUE,0.247520885040576,1.00101875212275,0.0502052058312891,TRUE,0.434218873102234,1.00111405007112,-0.0115394936553705,TRUE,0.372876016153023,1.00098910618645
850,"rand=1-2_rate=1.5_ROB=L_UH_Bias=No Bias","1-2",1.5,"L_UH","No Bias",0,0,0,0,0,0,-0.0128669767077525,0.0265949402414087,0.0127227594687278,TRUE,0.491437647890899,1.00122327178203,0.0816201059222459,TRUE,0.338325309537952,1.00099528413426,0.00681770151846262,TRUE,0.482592632040471,1.00113078470651,0.139620184035976,TRUE,0.594366482201427,1.00107027369819
851,"rand=1-2_rate=1.5_ROB=L_UH_Bias=No Bias","1-2",1.5,"L_UH","No Bias",0,0,0,0,0,0,-0.000202713428805927,0.0222451343519488,0.0495193339316218,TRUE,0.549879291153648,1.00099280153568,0.0269272374550741,TRUE,0.418749169839921,1.00100612277017,0.0144686051215568,TRUE,0.618921849990429,1.00098876142833,0.0407943028601783,TRUE,0.763500141455167,1.00100219946064
852,"rand=1-2_rate=1.5_ROB=L_UH_Bias=No Bias","1-2",1.5,"L_UH","No Bias",0,0,0,0,0,0,0.00234936731228568,0.0271306195214438,-0.115277974843752,TRUE,0.525580285886765,1.00112708246947,-0.164507546658215,TRUE,0.446809180965107,1.00098725253332,-0.178164351913899,TRUE,0.507125914658054,1.00114615083848,-0.162000778161876,TRUE,1.04771444824628,1.0010997965972
853,"rand=1-2_rate=1.5_ROB=L_UH_Bias=No Bias","1-2",1.5,"L_UH","No Bias",0,0,0,0,0,0,-0.00979517534958998,0.0251531633471081,0.0642613570079715,TRUE,0.359200162976936,1.00120427440573,0.0727756009033403,TRUE,0.185441754025818,1.00102191038461,0.0787808861460525,TRUE,0.45895130289709,1.00157831211191,0.0726955032750197,TRUE,0.225511593529571,1.00098993811896
854,"rand=1-2_rate=1.5_ROB=L_UH_Bias=No Bias","1-2",1.5,"L_UH","No Bias",0,0,0,0,0,0,0.0183551918747257,0.0315958314478348,-0.0429981878124526,TRUE,0.363741196824888,1.00149368678298,0.0069026989309473,TRUE,0.162958215172497,1.00101830657519,-0.188105265856268,TRUE,0.535576012046285,1.0014707589401,0.0365731719136297,TRUE,0.166207314347347,1.00098774277473
855,"rand=1-2_rate=1.5_ROB=L_UH_Bias=No Bias","1-2",1.5,"L_UH","No Bias",0,0,0,0,0,0,-0.0178491754696943,0.0337594989349605,-0.13483246178325,TRUE,0.479333498095659,1.00102435773275,-0.20389313474179,FALSE,0.377670364071216,1.00102630521138,-0.0706960926765505,TRUE,0.5561479297402,1.00098632480284,-0.288619336418034,FALSE,0.570147929363412,1.00099427474597
856,"rand=1-2_rate=1.5_ROB=L_UH_Bias=No Bias","1-2",1.5,"L_UH","No Bias",0,0,0,0,0,0,-0.00709478715711539,0.0212586385726424,0.0883900494976496,TRUE,0.429577542574458,1.00098839643875,0.145949280840202,TRUE,0.304681911737542,1.00101386849553,0.102344576211779,TRUE,0.450106737945288,1.00154169839462,0.172732428566651,TRUE,0.52748130581112,1.00099132555369
857,"rand=1-2_rate=1.5_ROB=L_UH_Bias=No Bias","1-2",1.5,"L_UH","No Bias",0,0,0,0,0,0,-0.00250966603754294,0.0371697402174918,0.0628777358699677,TRUE,0.453505068737324,1.00106695539061,0.112657743056997,TRUE,0.370412106090487,1.00098613275627,-0.0034082778920359,TRUE,0.517300131185659,1.00100031217028,0.216322454526561,TRUE,0.627705439677717,1.00100642963014
858,"rand=1-2_rate=1.5_ROB=L_UH_Bias=No Bias","1-2",1.5,"L_UH","No Bias",0,0,0,0,0,0,-0.00199692380525928,0.0294347747100383,-0.0577384560993075,TRUE,0.533312654950777,1.00098625255912,-0.148185321332036,TRUE,0.433840773060532,1.00100550325012,0.0297750214695977,TRUE,0.417819498499485,1.0011002835723,-0.331071977509281,TRUE,0.994609650444247,1.00100708091235
859,"rand=1-2_rate=1.5_ROB=L_UH_Bias=No Bias","1-2",1.5,"L_UH","No Bias",0,0,0,0,0,0,-0.00525289633050831,0.0264043027701449,-0.0496816109691816,TRUE,0.536593167436182,1.00141530147569,-0.00655516411021484,TRUE,0.403956883646172,1.00098885749775,-0.0198396517035535,TRUE,0.495618101685621,1.00098667818259,0.00993715072866819,TRUE,0.808022659337901,1.0009862617533
860,"rand=1-2_rate=1.5_ROB=L_UH_Bias=No Bias","1-2",1.5,"L_UH","No Bias",0,0,0,0,0,0,0.00888019772734356,0.0149713045409919,-0.16908171639613,TRUE,0.451882230546522,1.00118877658379,-0.102433398381592,TRUE,0.324318739242525,1.00098749506564,-0.0723059051656088,TRUE,0.472229784250126,1.00163063866569,-0.117428802536739,TRUE,0.581072475615801,1.00099196469062
861,"rand=1-2_rate=1.5_ROB=L_UH_Bias=No Bias","1-2",1.5,"L_UH","No Bias",0,0,0,0,0,0,0.0068104126097733,0.0215605225176251,-0.142941709086351,TRUE,0.557551600081025,1.00103309346298,-0.139209374578161,TRUE,0.384516676938072,1.00099135796992,-0.233212092414116,TRUE,0.618708127211011,1.0010275346462,-0.0825043092426598,TRUE,0.603511923565023,1.00098636522383
862,"rand=1-2_rate=1.5_ROB=L_UH_Bias=No Bias","1-2",1.5,"L_UH","No Bias",0,0,0,0,0,0,0.0149723886059349,0.0279242048850291,-0.0613886365382208,TRUE,0.461536718253225,1.00104380838255,-0.0638451869751693,TRUE,0.299352860688515,1.00104992160735,-0.156657225185824,TRUE,0.56500186651292,1.00107018378042,-0.0191066075752395,TRUE,0.405845004909915,1.00099562420773
863,"rand=1-2_rate=1.5_ROB=L_UH_Bias=No Bias","1-2",1.5,"L_UH","No Bias",0,0,0,0,0,0,0.0117842615811073,0.0251397833915127,-0.0760117236381355,TRUE,0.476937496735825,1.0010017249597,-0.0778032150567749,TRUE,0.295456660102229,1.0009879729255,-0.149566626731768,TRUE,0.594096824194406,1.00104816816802,-0.0479999412923022,TRUE,0.399523887488444,1.00102414253181
864,"rand=1-2_rate=1.5_ROB=L_UH_Bias=No Bias","1-2",1.5,"L_UH","No Bias",0,0,0,0,0,0,0.0164054903415509,0.0332294180234834,-0.102833180642078,TRUE,0.593272944087713,1.00139588067876,-0.075709810073362,TRUE,0.397635818464382,1.00099027659571,-0.287495770117373,FALSE,0.615508594250125,1.00098742104266,0.0689796025023564,TRUE,0.55759064196489,1.0010349095461
865,"rand=1-2_rate=1.5_ROB=L_UH_Bias=No Bias","1-2",1.5,"L_UH","No Bias",0,0,0,0,0,0,-0.00781381322135892,0.0293292638212938,-0.181753952558468,TRUE,0.583937272497915,1.00110309539147,-0.115473190617799,TRUE,0.383592079006532,1.00103792532886,-0.206874053202092,TRUE,0.748249167901756,1.00100569735648,-0.0592742936986019,TRUE,0.496905996357083,1.00098680372222
866,"rand=1-2_rate=1.5_ROB=L_UH_Bias=No Bias","1-2",1.5,"L_UH","No Bias",0,0,0,0,0,0,-0.00847455449736741,0.0190555503126084,0.171151088965942,TRUE,0.371367192496052,1.00101580117977,0.184034580960267,FALSE,0.230224762351521,1.00098996188359,0.116057867704503,TRUE,0.381139272659407,1.0011519497591,0.217954987964268,FALSE,0.37452777370548,1.00098820152377
867,"rand=1-2_rate=1.5_ROB=L_UH_Bias=No Bias","1-2",1.5,"L_UH","No Bias",0,0,0,0,0,0,-0.00422430724818608,0.0200196632277595,0.0469250792583004,TRUE,0.435815640206186,1.00148388516139,0.0674349076812067,TRUE,0.286994704049468,1.00098651741424,0.0338131335049655,TRUE,0.476747544669564,1.00137028509755,0.0869440416876505,TRUE,0.437751214691347,1.00098599190188
868,"rand=1-2_rate=1.5_ROB=L_UH_Bias=No Bias","1-2",1.5,"L_UH","No Bias",0,0,0,0,0,0,-0.0122694655949888,0.032179820354429,0.0836028244981025,TRUE,0.403070164568717,1.00118253422468,0.139856298708913,FALSE,0.230570260614604,1.00101322680641,0.0480338127200343,TRUE,0.459266607766467,1.00102305495495,0.175919875040429,FALSE,0.311212712444909,1.00098661944672
869,"rand=1-2_rate=1.5_ROB=L_UH_Bias=No Bias","1-2",1.5,"L_UH","No Bias",0,0,0,0,0,0,-0.00189095371383757,0.0306305699212989,0.0335879557001085,TRUE,0.497136659314628,1.00112278911349,0.0452090475868792,TRUE,0.356312216222137,1.00101342337131,-0.0754302197195065,TRUE,0.563394735473571,1.0010240496408,0.127423048044216,TRUE,0.536330683662365,1.00099609181729
870,"rand=1-2_rate=1.5_ROB=L_UH_Bias=No Bias","1-2",1.5,"L_UH","No Bias",0,0,0,0,0,0,0.00214283227026354,0.0195165370829258,-0.116583053176629,TRUE,0.582991078952203,1.00105945837016,-0.10875805198096,TRUE,0.43148233082752,1.00099276532008,-0.06526105386531,TRUE,0.545881566743208,1.00121370605337,-0.145326025575225,TRUE,0.868671267714704,1.00099866957105
871,"rand=1-2_rate=1.5_ROB=L_UH_Bias=No Bias","1-2",1.5,"L_UH","No Bias",0,0,0,0,0,0,0.00648143440465292,0.0224427782659491,0.166627995404873,TRUE,0.4444111003657,1.00115523994155,0.137997533569087,TRUE,0.35079243303394,1.00100918129204,0.180108708605786,TRUE,0.483962178080143,1.00146049653956,0.0983284821314557,TRUE,0.647705490487078,1.00098642113079
872,"rand=1-2_rate=1.5_ROB=L_UH_Bias=No Bias","1-2",1.5,"L_UH","No Bias",0,0,0,0,0,0,-0.0183032807681836,0.0309416788597378,-0.113168863183888,TRUE,0.553708799591613,1.00100031185488,-0.0862229205506491,TRUE,0.397568468339025,1.00099775820569,-0.235763266932297,TRUE,0.600565513714553,1.00105045995938,0.0172944997113182,TRUE,0.615235572286933,1.00100773597225
873,"rand=1-2_rate=1.5_ROB=L_UH_Bias=No Bias","1-2",1.5,"L_UH","No Bias",0,0,0,0,0,0,-0.00660190929786041,0.0220848260376151,-0.0295280978024219,TRUE,0.433394787344228,1.00102818130435,0.0449420955550108,TRUE,0.341240983411564,1.00103787924366,0.0643708024083304,TRUE,0.435733090480357,1.00166479291993,0.0296871813830301,TRUE,0.674122608270922,1.00098943770377
874,"rand=1-2_rate=1.5_ROB=L_UH_Bias=No Bias","1-2",1.5,"L_UH","No Bias",0,0,0,0,0,0,-0.00025400910119826,0.0215614913482494,-0.118776303896194,TRUE,0.557753959077915,1.00099825095348,-0.0595918821803136,TRUE,0.402951126088992,1.00099166858645,-0.0197401317458936,TRUE,0.576915830622341,1.00098610078325,-0.0980227973630896,TRUE,0.727488991411594,1.00101807025336
875,"rand=1-2_rate=1.5_ROB=L_UH_Bias=No Bias","1-2",1.5,"L_UH","No Bias",0,0,0,0,0,0,-0.000230681654810994,0.0254240187601639,-0.0071102229462241,TRUE,0.491836539984773,1.0010076478403,0.0423192787041754,TRUE,0.345770621553053,1.00102306751232,-0.0490177580673508,TRUE,0.535261362049584,1.00100528002154,0.1117947095856,TRUE,0.561450691821945,1.00098925961728
876,"rand=1-2_rate=1.5_ROB=L_UH_Bias=No Bias","1-2",1.5,"L_UH","No Bias",0,0,0,0,0,0,0.00183174381101974,0.0232176052681954,-0.0861261394900834,TRUE,0.562768593641695,1.00099009956174,-0.0758519243431373,TRUE,0.427413524139609,1.00102794934035,-0.0575372913116363,TRUE,0.541887362441508,1.00101746625951,-0.0959001654309151,TRUE,0.85750790779336,1.00101102953116
877,"rand=1-2_rate=1.5_ROB=L_UH_Bias=No Bias","1-2",1.5,"L_UH","No Bias",0,0,0,0,0,0,-0.00690104691420291,0.0287816367319346,0.171429888104177,TRUE,0.356879383460471,1.00158146090867,0.160656600360251,FALSE,0.244669162880157,1.00098628221291,0.110232779999827,TRUE,0.441452188718455,1.00101381709065,0.187346299590881,TRUE,0.362812083393417,1.00101902351574
878,"rand=1-2_rate=1.5_ROB=L_UH_Bias=No Bias","1-2",1.5,"L_UH","No Bias",0,0,0,0,0,0,0.00578934457896353,0.0243151659008294,-0.0220545611156022,TRUE,0.439826641397932,1.0010128319013,-0.035974844554469,TRUE,0.27778656111956,1.00099058213781,0.0381577569544073,TRUE,0.432183792736255,1.00099147798977,-0.06900824708193,TRUE,0.44328620634246,1.00099689973844
879,"rand=1-2_rate=1.5_ROB=L_UH_Bias=No Bias","1-2",1.5,"L_UH","No Bias",0,0,0,0,0,0,-0.00357393481038889,0.0203726921718819,0.0552444726135832,TRUE,0.423821787558295,1.00112626538727,0.0350522027939362,TRUE,0.330681986832228,1.00104400596989,0.00829338169415683,TRUE,0.505758022494054,1.00108765965572,0.0524830267802521,TRUE,0.563297214701215,1.001003093445
880,"rand=1-2_rate=1.5_ROB=L_UH_Bias=No Bias","1-2",1.5,"L_UH","No Bias",0,0,0,0,0,0,-0.00317368781262992,0.0183704414045398,0.0343082984507633,TRUE,0.455087556237249,1.00119483356044,-0.0315376638151417,TRUE,0.355716157499175,1.00098667406569,-0.0390071251042783,TRUE,0.485551878393164,1.00151026964715,-0.0257868075720042,TRUE,0.68163026601889,1.00100134133317
881,"rand=1-2_rate=1.5_ROB=L_UH_Bias=No Bias","1-2",1.5,"L_UH","No Bias",0,0,0,0,0,0,0.00402575687500614,0.023547811120357,-0.0114005194958866,TRUE,0.391570155419376,1.00101110524942,-0.0345856777138303,TRUE,0.217734687415556,1.00098599028798,0.00351074535952889,TRUE,0.505729869583973,1.0011365776804,-0.0411018464692263,TRUE,0.275010233835772,1.00111670066208
882,"rand=1-2_rate=1.5_ROB=L_UH_Bias=No Bias","1-2",1.5,"L_UH","No Bias",0,0,0,0,0,0,-0.00975029498701142,0.0165766176251645,-0.0176586851023619,TRUE,0.37354425139449,1.00100422043254,-0.0382629900436957,TRUE,0.219016875275401,1.00157037287823,0.133283046000533,TRUE,0.365557547497799,1.00104971110869,-0.0928611134099988,TRUE,0.266551201331809,1.00100516436444
883,"rand=1-2_rate=1.5_ROB=L_UH_Bias=No Bias","1-2",1.5,"L_UH","No Bias",0,0,0,0,0,0,-0.00235190672550908,0.0188019947920313,-0.0140995664382411,TRUE,0.460583111193681,1.00099668364422,-0.0217312847789097,TRUE,0.356418872019318,1.00100900351859,-0.194133737803719,TRUE,0.763014715431969,1.00105958353718,0.078818529717633,TRUE,0.330491740769006,1.00103485390614
884,"rand=1-2_rate=1.5_ROB=L_UH_Bias=No Bias","1-2",1.5,"L_UH","No Bias",0,0,0,0,0,0,-0.00629583401507107,0.0229574727228439,-0.0750915947140134,TRUE,0.513977789838618,1.00098846231472,-0.0232558992616072,TRUE,0.356789608535346,1.00098622040151,0.0283568327222403,TRUE,0.583575866990716,1.00104650272173,-0.0578329411406813,TRUE,0.558396329369887,1.0010441968392
885,"rand=1-2_rate=1.5_ROB=L_UH_Bias=No Bias","1-2",1.5,"L_UH","No Bias",0,0,0,0,0,0,-0.00202433710065241,0.0225627705456262,0.0153743422229048,TRUE,0.436396787293038,1.00098772754495,-0.0124486750677302,TRUE,0.363649180710257,1.00098756502731,0.000849640958801356,TRUE,0.553795082563814,1.00099275755046,-0.0216224198797785,TRUE,0.630722248544009,1.00100070364329
886,"rand=1-2_rate=1.5_ROB=L_UH_Bias=No Bias","1-2",1.5,"L_UH","No Bias",0,0,0,0,0,0,0.00942142375753849,0.0247591628803421,0.061089540587651,TRUE,0.45868924733616,1.00101373374212,0.0833358617439246,TRUE,0.322798283284925,1.00103842757495,0.080386021685546,TRUE,0.46929639319773,1.00105828969335,0.0900523638769878,TRUE,0.583390802570786,1.0009873146971
887,"rand=1-2_rate=1.5_ROB=L_UH_Bias=No Bias","1-2",1.5,"L_UH","No Bias",0,0,0,0,0,0,-0.00286887280678779,0.0253564997422429,0.0189015010507584,TRUE,0.449795618708827,1.00098727257822,0.0361240244016585,TRUE,0.321726343613161,1.00098661693653,0.0530446890242178,TRUE,0.406619558194079,1.00103016594744,0.0157287948579666,TRUE,0.675256821775054,1.00099542923875
888,"rand=1-2_rate=1.5_ROB=L_UH_Bias=No Bias","1-2",1.5,"L_UH","No Bias",0,0,0,0,0,0,0.00214137567763426,0.025357385899946,0.0608092786665678,TRUE,0.418807558897661,1.00124954038165,0.117139093247603,TRUE,0.306748201075542,1.00099632469204,-0.0532885032075303,TRUE,0.540332270751689,1.00115149381039,0.219710184037808,FALSE,0.366230129797308,1.00101040561855
889,"rand=1-2_rate=1.5_ROB=L_UH_Bias=No Bias","1-2",1.5,"L_UH","No Bias",0,0,0,0,0,0,-0.00459841194428471,0.0196721142528284,0.112448931976374,TRUE,0.407102313519262,1.00120018461956,0.000637685415924572,TRUE,0.307196830790853,1.00118162481023,0.20228943284744,TRUE,0.359153458744046,1.0010388966777,-0.126502795078749,TRUE,0.459709748967404,1.00101766223166
890,"rand=1-2_rate=1.5_ROB=L_UH_Bias=No Bias","1-2",1.5,"L_UH","No Bias",0,0,0,0,0,0,0.0037638949734033,0.0251665163534387,-0.0554963179674357,TRUE,0.538734945247885,1.00176189441564,0.032459420027513,TRUE,0.381309400289097,1.00098757033506,-0.0538229984809468,TRUE,0.493043865926186,1.00099892722611,0.0936028630523901,TRUE,0.763196048430731,1.00102516004291
891,"rand=1-2_rate=1.5_ROB=L_UH_Bias=No Bias","1-2",1.5,"L_UH","No Bias",0,0,0,0,0,0,0.0113105207100558,0.0227476325357531,0.0567077137626413,TRUE,0.481859696125778,1.00098693574322,0.0757554178701941,TRUE,0.388699247581357,1.00098759867662,0.012332771582926,TRUE,0.525826459612848,1.0009902222753,0.131100249024283,TRUE,0.717676253595971,1.00099031295169
892,"rand=1-2_rate=1.5_ROB=L_UH_Bias=No Bias","1-2",1.5,"L_UH","No Bias",0,0,0,0,0,0,0.00336644283232991,0.031447279172361,-0.0108442054229723,TRUE,0.412517453384034,1.00103251399901,0.0324659754409637,TRUE,0.303820469700208,1.00103658512001,-0.0187852711692504,TRUE,0.515152137735974,1.00109838777379,0.0670473897701738,TRUE,0.474523767455756,1.0009884152018
893,"rand=1-2_rate=1.5_ROB=L_UH_Bias=No Bias","1-2",1.5,"L_UH","No Bias",0,0,0,0,0,0,-0.00533300730549995,0.02931953438179,0.0359822462884621,TRUE,0.441147019962538,1.00098599450416,0.0128369413269869,TRUE,0.298588940801853,1.0009874753676,0.0141952097228335,TRUE,0.444234197933063,1.00136147116807,0.0138463135937507,TRUE,0.519713772158385,1.00103168792417
894,"rand=1-2_rate=1.5_ROB=L_UH_Bias=No Bias","1-2",1.5,"L_UH","No Bias",0,0,0,0,0,0,0.0079017454477452,0.0290979321382542,0.0134121694426365,TRUE,0.424606986311076,1.00109565425674,0.00419290033362685,TRUE,0.281242539867834,1.00100266324182,-0.0774095137061575,TRUE,0.587561190376978,1.00098795739264,0.04173171064047,TRUE,0.355569305277817,1.00099883589275
895,"rand=1-2_rate=1.5_ROB=L_UH_Bias=No Bias","1-2",1.5,"L_UH","No Bias",0,0,0,0,0,0,-0.0122748606487684,0.0310349326304418,0.0466336099908268,TRUE,0.423167886671871,1.00105683019493,0.0356543855045941,TRUE,0.285774986607277,1.00099904637563,0.0995193131715473,TRUE,0.409674799701706,1.00117229167949,0.00065430845458514,TRUE,0.513169840930113,1.0009874357837
896,"rand=1-2_rate=1.5_ROB=L_UH_Bias=No Bias","1-2",1.5,"L_UH","No Bias",0,0,0,0,0,0,-0.00681779022231668,0.0250486215147421,0.0315251065313584,TRUE,0.465282392466795,1.00102551697227,0.0735062811332374,TRUE,0.34743900656514,1.0011170716154,0.0144771461437839,TRUE,0.416972071089604,1.00109653370327,0.128271450563086,TRUE,0.729252620855744,1.0009965088828
897,"rand=1-2_rate=1.5_ROB=L_UH_Bias=No Bias","1-2",1.5,"L_UH","No Bias",0,0,0,0,0,0,-0.00325287642868459,0.0246850542508009,-0.0982030345379674,TRUE,0.515607437590662,1.00098843995649,-0.132110097540552,TRUE,0.389889230960428,1.00106486435874,-0.103366534048118,TRUE,0.548911237344561,1.00101563110566,-0.154429022401747,TRUE,0.713161199516708,1.0009997836326
898,"rand=1-2_rate=1.5_ROB=L_UH_Bias=No Bias","1-2",1.5,"L_UH","No Bias",0,0,0,0,0,0,0.00804313601424798,0.0315608924342369,-0.0731925127616206,TRUE,0.438651162743886,1.00099026814317,-0.0889223391605936,TRUE,0.257750543490649,1.00098734598292,-0.117466897500041,TRUE,0.494116600121116,1.0012411685739,-0.0792094439102313,TRUE,0.412649959206272,1.00098665702826
899,"rand=1-2_rate=1.5_ROB=L_UH_Bias=No Bias","1-2",1.5,"L_UH","No Bias",0,0,0,0,0,0,-0.00438439877032813,0.0239873392326817,0.0257700690832492,TRUE,0.476644295227916,1.00112649807239,0.0879297736143124,TRUE,0.374349896513586,1.00100551321157,0.0168810264095345,TRUE,0.45787524132159,1.0014054886055,0.148923274171192,TRUE,0.756925461568635,1.00101229984309
900,"rand=1-2_rate=1.5_ROB=L_UH_Bias=No Bias","1-2",1.5,"L_UH","No Bias",0,0,0,0,0,0,-0.0116141569673865,0.0253556597330904,0.0262453351546671,TRUE,0.446878636716672,1.0010723990977,-0.0383764040736603,TRUE,0.370703681882252,1.00099291763774,-0.0525292952625205,TRUE,0.493185789144412,1.00106286386726,-0.0290113739103859,TRUE,0.726176632826427,1.00098665063417
901,"rand=1-2_rate=1.5_ROB=L_UH_Bias=No Bias","1-2",1.5,"L_UH","No Bias",0,0,0,0,0,0,-0.0150438202009911,0.0263267609247614,0.0757200895473462,TRUE,0.399482136640618,1.00103617051078,0.0177205637049763,TRUE,0.291390259891946,1.00110638783505,0.0313907217674289,TRUE,0.554061249192506,1.0010074519037,0.00917170455310912,TRUE,0.411820706164558,1.00106629994101
902,"rand=1-2_rate=1.5_ROB=L_UH_Bias=No Bias","1-2",1.5,"L_UH","No Bias",0,0,0,0,0,0,-0.00549933673505018,0.0275139980730547,0.0349856282342608,TRUE,0.474528512724204,1.00108938451108,0.0715771853426022,TRUE,0.339077557428495,1.00113647211891,-0.0167463717177461,TRUE,0.514406597329083,1.000989312072,0.133767835397799,TRUE,0.54582635034904,1.00099488425337
903,"rand=1-2_rate=1.5_ROB=L_UH_Bias=No Bias","1-2",1.5,"L_UH","No Bias",0,0,0,0,0,0,0.00204244918610087,0.0240497793917148,0.0539453421323011,TRUE,0.428615875729298,1.00112851836699,0.039080578182084,TRUE,0.32604534220635,1.00105611713142,-0.0258389026869628,TRUE,0.558276526701394,1.00098825253992,0.0804622159360632,TRUE,0.482824852732644,1.0009962563649
904,"rand=1-2_rate=1.5_ROB=L_UH_Bias=No Bias","1-2",1.5,"L_UH","No Bias",0,0,0,0,0,0,0.000233117475842942,0.0217132555849635,0.0307510174136237,TRUE,0.482611230816578,1.00098599661561,-0.0252956250385867,TRUE,0.41580998142389,1.00099677733584,0.00797529098899841,TRUE,0.484515503308087,1.0013459490194,-0.0561161812744309,TRUE,0.932194646067175,1.00101037726995
905,"rand=1-2_rate=1.5_ROB=L_UH_Bias=No Bias","1-2",1.5,"L_UH","No Bias",0,0,0,0,0,0,0.0125327245587943,0.0242013225819779,-0.0661894059204913,TRUE,0.579125129522537,1.00107387366223,-0.0345423652660601,TRUE,0.43399297249553,1.00105488516811,-0.0611878961440919,TRUE,0.596065114245869,1.00134576184061,-0.0210338181860443,TRUE,0.829621981616423,1.00102915371411
906,"rand=1-2_rate=1.5_ROB=L_UH_Bias=No Bias","1-2",1.5,"L_UH","No Bias",0,0,0,0,0,0,-1.69194129766208e-05,0.0240828145000124,0.181854431302534,TRUE,0.386968575975273,1.00104111065253,0.179462936430154,FALSE,0.26940463305928,1.00099004194301,0.199499936201635,TRUE,0.409546992413197,1.00111457412069,0.165879232925633,TRUE,0.448393441192772,1.00100465453759
907,"rand=1-2_rate=1.5_ROB=L_UH_Bias=No Bias","1-2",1.5,"L_UH","No Bias",0,0,0,0,0,0,0.0145290435329576,0.023401081731722,-0.0214189764720376,TRUE,0.437275966521047,1.00104742676493,-0.0305384862040201,TRUE,0.339848454783173,1.00102365147013,-0.0594067899950839,TRUE,0.487186540111766,1.00162795575536,-0.0116401591943966,TRUE,0.617106227913993,1.00102590407664
908,"rand=1-2_rate=1.5_ROB=L_UH_Bias=No Bias","1-2",1.5,"L_UH","No Bias",0,0,0,0,0,0,-0.0170923450849759,0.0369924922586051,-0.0795762279064609,TRUE,0.494251922500335,1.00104629386417,-0.11926798546915,TRUE,0.328061783523061,1.00098693985297,-0.0244223286930183,TRUE,0.477620393595755,1.00400498777753,-0.178219458640991,TRUE,0.556762910173375,1.00098867143895
909,"rand=1-2_rate=1.5_ROB=L_UH_Bias=No Bias","1-2",1.5,"L_UH","No Bias",0,0,0,0,0,0,0.0170854531476693,0.0281411659165678,0.0255045496302866,TRUE,0.492256350928569,1.0010084901252,-0.0305298535341514,TRUE,0.369274498218197,1.0009891240066,0.133375606973894,TRUE,0.499029179705575,1.00102053151744,-0.177653910070256,TRUE,0.545940478931053,1.0009861659016
910,"rand=1-2_rate=1.5_ROB=L_UH_Bias=No Bias","1-2",1.5,"L_UH","No Bias",0,0,0,0,0,0,0.0147980340024861,0.033996004536612,-0.026722668703171,TRUE,0.36818556240848,1.00099956616224,-0.0292784145090039,TRUE,0.20589096320489,1.00106152181772,0.115819382310545,TRUE,0.425130428165323,1.00114762398276,-0.0614336799296746,TRUE,0.236345994077768,1.00099891883288
911,"rand=1-2_rate=1.5_ROB=L_UH_Bias=No Bias","1-2",1.5,"L_UH","No Bias",0,0,0,0,0,0,-0.000329498872443671,0.0332213824552674,0.0266320568363032,TRUE,0.495581316247836,1.00101073210504,0.00577526336126988,TRUE,0.367987772847256,1.00099793776228,0.0723838939363852,TRUE,0.528326665358329,1.00098599610464,-0.0523801525674181,TRUE,0.644318138805538,1.00099430254365
912,"rand=1-2_rate=1.5_ROB=L_UH_Bias=No Bias","1-2",1.5,"L_UH","No Bias",0,0,0,0,0,0,0.0107025536122196,0.0244697089019763,-0.106317280140253,TRUE,0.527287501260329,1.00100824982599,-0.0835986661311574,TRUE,0.336033594726951,1.00098802863699,-0.169371555547367,TRUE,0.55252939275777,1.00100461061468,-0.0407499760690795,TRUE,0.537965530751898,1.00099020700999
913,"rand=1-2_rate=1.5_ROB=L_UH_Bias=No Bias","1-2",1.5,"L_UH","No Bias",0,0,0,0,0,0,0.00890838582485113,0.0300113447080687,0.176125450009456,TRUE,0.409929201237717,1.00103668953208,0.0547021270598484,TRUE,0.359432403912402,1.00099796158014,0.254254605618248,FALSE,0.335399100144131,1.00163743840675,-0.141912189450907,TRUE,0.744488425691348,1.0010204443529
914,"rand=1-2_rate=1.5_ROB=L_UH_Bias=No Bias","1-2",1.5,"L_UH","No Bias",0,0,0,0,0,0,-0.0058413525202111,0.0265391272064144,0.190151229161372,TRUE,0.407238893192339,1.00099610713927,0.178768229713711,FALSE,0.287678483548478,1.00098624072391,0.240454539391792,TRUE,0.499915941151198,1.00098604318477,0.131473578748137,TRUE,0.376745640531015,1.00098632783422
915,"rand=1-2_rate=1.5_ROB=L_UH_Bias=No Bias","1-2",1.5,"L_UH","No Bias",0,0,0,0,0,0,-0.00469153817592952,0.0240271862414467,-0.0285857500125919,TRUE,0.449173868509178,1.00102311900191,-0.0277355527509717,TRUE,0.300437740501814,1.00104876510345,-0.112666801435421,TRUE,0.464880656961737,1.00109002272781,0.0182208156134651,TRUE,0.522021995249648,1.00099462493467
916,"rand=1-2_rate=1.5_ROB=L_UH_Bias=No Bias","1-2",1.5,"L_UH","No Bias",0,0,0,0,0,0,-0.00874117667713985,0.0167752344539217,0.0223987010559725,TRUE,0.451640155635898,1.00125910178805,-0.0324136082544604,TRUE,0.331796166102679,1.00108935685735,0.0617372698413962,TRUE,0.489136025831137,1.00100673247214,-0.0926476936335756,TRUE,0.53556010357602,1.00098605336862
917,"rand=1-2_rate=1.5_ROB=L_UH_Bias=No Bias","1-2",1.5,"L_UH","No Bias",0,0,0,0,0,0,-0.0105361302001773,0.0215766464278933,0.10070286263767,TRUE,0.380340567428494,1.00113481004014,0.107465839440757,TRUE,0.32147102498218,1.00099143046292,0.0881840231904018,TRUE,0.417781642069853,1.00151929112589,0.126397768270339,TRUE,0.639202246791267,1.00108450326047
918,"rand=1-2_rate=1.5_ROB=L_UH_Bias=No Bias","1-2",1.5,"L_UH","No Bias",0,0,0,0,0,0,-0.00499847743686905,0.0226527583102894,-0.108357513622219,TRUE,0.491182216777216,1.00124889092275,-0.0996524054274412,TRUE,0.362108852698034,1.00108107859128,-0.050301293914182,TRUE,0.449913091325723,1.00132361004754,-0.146224338255545,TRUE,0.764453126216591,1.00098613775878
919,"rand=1-2_rate=1.5_ROB=L_UH_Bias=No Bias","1-2",1.5,"L_UH","No Bias",0,0,0,0,0,0,0.00457016526967466,0.022221765151593,-0.294645397880798,TRUE,0.716596195620259,1.00099366205525,-0.164645621499255,TRUE,0.470109375762141,1.00102360449428,0.00953881917839905,TRUE,0.571332828736013,1.00106714303489,-0.342793917453795,TRUE,0.843142657357279,1.00103152928808
920,"rand=1-2_rate=1.5_ROB=L_UH_Bias=No Bias","1-2",1.5,"L_UH","No Bias",0,0,0,0,0,0,-0.00543338245720061,0.0338975296055817,0.0871514579700681,TRUE,0.420380105825083,1.00105384833042,0.0828430746291918,TRUE,0.315171758458699,1.0009871088298,0.0919608900060328,TRUE,0.390931758212664,1.00117488818593,0.0697391210020316,TRUE,0.645749463269722,1.00100132957672
921,"rand=1-2_rate=1.5_ROB=L_UH_Bias=No Bias","1-2",1.5,"L_UH","No Bias",0,0,0,0,0,0,-0.0011194197044058,0.0221611351593551,0.128449364232346,TRUE,0.35893951946618,1.00130050359005,0.144610334824184,FALSE,0.203836860689444,1.00099711619231,0.106018969061408,TRUE,0.393766584161153,1.00110831205861,0.159910933742071,TRUE,0.295755275641023,1.00099283704182
922,"rand=1-2_rate=1.5_ROB=L_UH_Bias=No Bias","1-2",1.5,"L_UH","No Bias",0,0,0,0,0,0,-0.00100764584203441,0.0314480427641033,-0.0734262283134401,TRUE,0.477058453219502,1.00100843059084,-0.0553956122980579,TRUE,0.334422631344161,1.00101234855624,-0.0287970668795565,TRUE,0.436618230007703,1.00126848905052,-0.0758462030578892,TRUE,0.681052882402344,1.00098603114495
923,"rand=1-2_rate=1.5_ROB=L_UH_Bias=No Bias","1-2",1.5,"L_UH","No Bias",0,0,0,0,0,0,0.00737231999575102,0.0151147641787293,0.0395212129676747,TRUE,0.413894437759715,1.00105646743378,-0.0412118726438322,TRUE,0.340448784078452,1.00108654579256,0.0846090937481291,TRUE,0.443355876235735,1.00173838189486,-0.140156105372542,TRUE,0.582862532964046,1.00100884674953
924,"rand=1-2_rate=1.5_ROB=L_UH_Bias=No Bias","1-2",1.5,"L_UH","No Bias",0,0,0,0,0,0,-0.00786843589960777,0.0205441852203058,-0.08376335916473,TRUE,0.48172837771285,1.00104107960104,-0.112689477221199,TRUE,0.344445499132641,1.00100135077225,-0.050557862073852,TRUE,0.485857006574236,1.00134418453423,-0.146557011848721,TRUE,0.622570419892184,1.0009892273619
925,"rand=1-2_rate=1.5_ROB=L_UH_Bias=No Bias","1-2",1.5,"L_UH","No Bias",0,0,0,0,0,0,0.00412951724730189,0.0154790223790047,0.131137618383342,TRUE,0.410413084983778,1.00098701000803,0.118358494400141,TRUE,0.297734554876073,1.00103636700125,0.0687767442371052,TRUE,0.47154497611055,1.00129356621562,0.15248384599263,TRUE,0.477913798577646,1.00099903871306
926,"rand=1-2_rate=1.5_ROB=L_UH_Bias=No Bias","1-2",1.5,"L_UH","No Bias",0,0,0,0,0,0,0.0104790682643125,0.0280674079335672,-0.0628194001240323,TRUE,0.510811333720631,1.00100052021213,-0.0400541177448048,TRUE,0.350679912747454,1.00098898867939,-0.0515838367429022,TRUE,0.50437980939105,1.00113023890743,-0.0344007349817395,TRUE,0.634968704033821,1.00099972618562
927,"rand=1-2_rate=1.5_ROB=L_UH_Bias=No Bias","1-2",1.5,"L_UH","No Bias",0,0,0,0,0,0,-0.00934453158012189,0.0355086773271326,-0.0849436536561707,TRUE,0.513388265086371,1.00102045988198,-0.114231125898765,TRUE,0.369331365432355,1.00107878031652,-0.0219560665876961,TRUE,0.451060782239453,1.00171770906846,-0.185950568369866,TRUE,0.753683010500917,1.00099683886258
928,"rand=1-2_rate=1.5_ROB=L_UH_Bias=No Bias","1-2",1.5,"L_UH","No Bias",0,0,0,0,0,0,-0.00576858770113997,0.0219737063602573,0.0881609930631685,TRUE,0.364846273597512,1.00099722315056,0.0800994176975263,TRUE,0.224731289851549,1.00100621024924,0.156799784485725,TRUE,0.384581102912872,1.00356257489394,0.0501063059147517,TRUE,0.33198868522154,1.00099256966155
929,"rand=1-2_rate=1.5_ROB=L_UH_Bias=No Bias","1-2",1.5,"L_UH","No Bias",0,0,0,0,0,0,-0.00987015187485185,0.0233673833942848,-0.0604969147964651,TRUE,0.536862082331699,1.00118498721533,-0.0154175350330599,TRUE,0.372476498723749,1.00098599210983,0.0647602314538136,TRUE,0.490529954178811,1.00108080111746,-0.0871251432170843,TRUE,0.695534807648946,1.00103184952033
930,"rand=1-2_rate=1.5_ROB=L_UH_Bias=No Bias","1-2",1.5,"L_UH","No Bias",0,0,0,0,0,0,-0.0064192528934102,0.0254466201216176,-0.111880624087827,TRUE,0.44614052968185,1.00109277424526,-0.0405195723323213,TRUE,0.292131600736598,1.00108875299545,-0.0909609560940547,TRUE,0.538148050105829,1.00177351641566,-0.0143952941482937,TRUE,0.424427138589667,1.00098816173719
931,"rand=1-2_rate=1.5_ROB=L_UH_Bias=No Bias","1-2",1.5,"L_UH","No Bias",0,0,0,0,0,0,-0.00305042013974091,0.0236674293999718,0.119955948895913,TRUE,0.360056540492838,1.0009870381753,0.0727370719097419,TRUE,0.318751210254844,1.00101565589248,-0.0484400641421685,TRUE,0.566064333230557,1.00098988531701,0.147077641749704,TRUE,0.44068627344129,1.00102183753538
932,"rand=1-2_rate=1.5_ROB=L_UH_Bias=No Bias","1-2",1.5,"L_UH","No Bias",0,0,0,0,0,0,0.00389118346091746,0.0176061969771548,0.0408711190212425,TRUE,0.499591092894955,1.00100660706555,0.1057264302581,TRUE,0.359698896756041,1.00100686317284,-0.028142673950627,TRUE,0.487172012220866,1.00098604409562,0.215598592657041,TRUE,0.601425054099172,1.00098651986815
933,"rand=1-2_rate=1.5_ROB=L_UH_Bias=No Bias","1-2",1.5,"L_UH","No Bias",0,0,0,0,0,0,0.00153988192272373,0.0270335545156402,-0.0805606309188158,TRUE,0.596081228658388,1.00098752531218,-0.168194926196761,TRUE,0.487784759363527,1.00105573196506,0.0433082734649323,TRUE,0.480892924201054,1.00100236393773,-0.413221303236295,TRUE,1.00772222838988,1.00100407164277
934,"rand=1-2_rate=1.5_ROB=L_UH_Bias=No Bias","1-2",1.5,"L_UH","No Bias",0,0,0,0,0,0,0.00852662356837222,0.0240028986259252,-0.0505638113625004,TRUE,0.475918485758348,1.00117640777245,-0.0161001666635354,TRUE,0.325915763314813,1.0009930061505,-0.0742148057838155,TRUE,0.475680301662704,1.0019757403491,0.0195623981780286,TRUE,0.59514345267954,1.00106062286617
935,"rand=1-2_rate=1.5_ROB=L_UH_Bias=No Bias","1-2",1.5,"L_UH","No Bias",0,0,0,0,0,0,-0.00645831733264885,0.0204951606470341,-0.0524115773049054,TRUE,0.515412880547559,1.000986003343,-0.0182981275765259,TRUE,0.350001025754262,1.00122435961485,-0.0609241729282923,TRUE,0.559997849477371,1.00099225609249,0.0126339604197179,TRUE,0.571476616324807,1.0009865743339
936,"rand=1-2_rate=1.5_ROB=L_UH_Bias=No Bias","1-2",1.5,"L_UH","No Bias",0,0,0,0,0,0,-0.000967684538210979,0.0217827896881295,-0.162305030507208,TRUE,0.578811197719101,1.0009932195469,-0.0688387094941765,TRUE,0.425203008919452,1.00099379839353,-0.193041523580188,TRUE,0.574870562218024,1.00155316936944,0.0297231464865546,TRUE,0.776154353289877,1.00101849991467
937,"rand=1-2_rate=1.5_ROB=L_UH_Bias=No Bias","1-2",1.5,"L_UH","No Bias",0,0,0,0,0,0,-0.00699138116256403,0.0194314044920802,0.148201634358186,TRUE,0.396995678923368,1.00099710723667,0.133820992956976,TRUE,0.261040562109672,1.00104356264653,0.133997134144461,TRUE,0.475561379677051,1.00107755007062,0.132512669056793,TRUE,0.379223929302514,1.0009974393065
938,"rand=1-2_rate=1.5_ROB=L_UH_Bias=No Bias","1-2",1.5,"L_UH","No Bias",0,0,0,0,0,0,0.00397234134842393,0.0278083009731164,-0.0645259300119043,TRUE,0.495411498911652,1.00105064499945,-0.0361491831933818,TRUE,0.330411750715735,1.00109562292789,-0.133156014207833,TRUE,0.483134712841563,1.00103055838848,0.0276122635285837,TRUE,0.568891638330792,1.00099077002663
939,"rand=1-2_rate=1.5_ROB=L_UH_Bias=No Bias","1-2",1.5,"L_UH","No Bias",0,0,0,0,0,0,-0.00665030965903052,0.0236642330820982,0.0271412992722965,TRUE,0.420435733470861,1.00122331725868,0.0385018175902337,TRUE,0.280649102230463,1.00099656869473,0.0856333405182494,TRUE,0.389579970816477,1.00113174592175,0.00944455133480149,TRUE,0.543815244860244,1.00098630710275
940,"rand=1-2_rate=1.5_ROB=L_UH_Bias=No Bias","1-2",1.5,"L_UH","No Bias",0,0,0,0,0,0,-0.00788334020236925,0.0348930192651055,0.024334336458837,TRUE,0.488699021660179,1.0010054477889,-0.00795941287940383,TRUE,0.412331098346904,1.00099143186335,-0.0121145325738317,TRUE,0.60251842501477,1.00100848336395,0.00078215751293742,TRUE,0.75224325694049,1.00098719126262
941,"rand=1-2_rate=1.5_ROB=L_UH_Bias=No Bias","1-2",1.5,"L_UH","No Bias",0,0,0,0,0,0,-0.00614902005503866,0.019751255231468,0.0489928143428415,TRUE,0.448109591359909,1.00118566649399,-0.00408296348748172,TRUE,0.322224695779798,1.00104509178292,0.0906000349790318,TRUE,0.404877737704513,1.00125672120764,-0.0717119365114567,TRUE,0.616142699691426,1.00105055218875
942,"rand=1-2_rate=1.5_ROB=L_UH_Bias=No Bias","1-2",1.5,"L_UH","No Bias",0,0,0,0,0,0,0.0083880190247192,0.0240866463588472,-0.156266391991732,TRUE,0.513728353637374,1.00117465276771,-0.0879119553785195,TRUE,0.338091345270371,1.00098599321209,-0.0397579591881285,TRUE,0.486771306099616,1.00105423263351,-0.119256142151022,TRUE,0.601965116653284,1.00098763944384
943,"rand=1-2_rate=1.5_ROB=L_UH_Bias=No Bias","1-2",1.5,"L_UH","No Bias",0,0,0,0,0,0,-0.00182129480339842,0.0205106152994025,-0.100986028645359,TRUE,0.449685749167179,1.00203743278787,-0.0989246501156877,TRUE,0.288052064511181,1.00101014353848,-0.155431660902626,TRUE,0.557694884425499,1.00104534103004,-0.0758693044283585,TRUE,0.411038647776771,1.00102516116422
944,"rand=1-2_rate=1.5_ROB=L_UH_Bias=No Bias","1-2",1.5,"L_UH","No Bias",0,0,0,0,0,0,0.00289780047598034,0.015744033849286,-0.204854155676788,TRUE,0.602217618433767,1.00112721770908,-0.200427462114623,TRUE,0.464834853100408,1.00098599215196,-0.241431398863093,TRUE,0.617012369059122,1.00101716774771,-0.162068216466455,TRUE,0.895604454195392,1.00099519879235
945,"rand=1-2_rate=1.5_ROB=L_UH_Bias=No Bias","1-2",1.5,"L_UH","No Bias",0,0,0,0,0,0,-0.00906275117682308,0.0280455793471687,-0.0359019286496161,TRUE,0.470740085794149,1.00105436731342,-0.0214874894994317,TRUE,0.310476800238216,1.0012379705091,0.10018682241082,TRUE,0.403026101699527,1.00146502410268,-0.103064210529295,TRUE,0.56557848199908,1.00099238302939
946,"rand=1-2_rate=1.5_ROB=L_UH_Bias=No Bias","1-2",1.5,"L_UH","No Bias",0,0,0,0,0,0,-0.00310017478845634,0.0193352259309304,-0.0380138148378195,TRUE,0.49936522771467,1.00099718815535,-0.0147602437648102,TRUE,0.387159282212419,1.00112340855853,0.0640741113450316,TRUE,0.55115330604493,1.00104677553047,-0.0857522947565064,TRUE,0.688161800415276,1.00103176687639
947,"rand=1-2_rate=1.5_ROB=L_UH_Bias=No Bias","1-2",1.5,"L_UH","No Bias",0,0,0,0,0,0,0.00682548089068772,0.0329469807408006,-0.0529156104569206,TRUE,0.485153365867231,1.00101289984477,-0.0664591509835122,TRUE,0.349243064056114,1.00107136932356,-0.0932522875216422,TRUE,0.493373134465683,1.00130575017328,-0.0442617444557438,TRUE,0.629461669480627,1.00098637235272
948,"rand=1-2_rate=1.5_ROB=L_UH_Bias=No Bias","1-2",1.5,"L_UH","No Bias",0,0,0,0,0,0,-0.00253712270016336,0.0297698458649741,-0.00217192898589769,TRUE,0.477490311802664,1.00102211421886,-0.0326081501992594,TRUE,0.31835907361173,1.00135350302827,0.0408553913144334,TRUE,0.443555237809468,1.0010058001997,-0.078773672978903,TRUE,0.56464721168511,1.00099171039538
949,"rand=1-2_rate=1.5_ROB=L_UH_Bias=No Bias","1-2",1.5,"L_UH","No Bias",0,0,0,0,0,0,0.00266781965241456,0.0291951457007199,-0.0198566702213399,TRUE,0.462370361562397,1.0012217948566,0.0124434520669546,TRUE,0.335234627845071,1.00099555713668,-0.146390151052149,TRUE,0.512987382014454,1.00120226843249,0.109657722425563,TRUE,0.528147059889795,1.00098742898757
950,"rand=1-2_rate=1.5_ROB=L_UH_Bias=No Bias","1-2",1.5,"L_UH","No Bias",0,0,0,0,0,0,-0.0108798030484294,0.0251362307592713,-0.0778906258915288,TRUE,0.503717491561022,1.00098907235362,-0.0178675882230728,TRUE,0.373901283990494,1.00098706241021,-0.122835354166708,TRUE,0.52027031726428,1.00113960130084,0.062930943284743,TRUE,0.660089145110174,1.00098860583411
951,"rand=1-2_rate=1.5_ROB=L_UH_Bias=No Bias","1-2",1.5,"L_UH","No Bias",0,0,0,0,0,0,0.000271776681754402,0.0282951943238287,0.0574002462196456,TRUE,0.408670653367291,1.00118348609618,-0.00722104429353698,TRUE,0.347336145455997,1.00100894828656,0.0380281394153593,TRUE,0.51755886355334,1.0011704627133,-0.0409517720231514,TRUE,0.602798549401507,1.00100057663485
952,"rand=1-2_rate=1.5_ROB=L_UH_Bias=No Bias","1-2",1.5,"L_UH","No Bias",0,0,0,0,0,0,0.0191526049626786,0.0401970079972174,-0.150300878683781,TRUE,0.536773672749196,1.00119962125184,-0.179389182275836,TRUE,0.40128942711289,1.00100663657473,-0.199239876392962,TRUE,0.533242405845833,1.00216519756759,-0.16329142251801,TRUE,0.791487234172127,1.00100960306789
953,"rand=1-2_rate=1.5_ROB=L_UH_Bias=No Bias","1-2",1.5,"L_UH","No Bias",0,0,0,0,0,0,-0.00642552039852694,0.0294650009186258,-0.0694307753448518,TRUE,0.531321542431393,1.00101890611982,-0.0923448313559421,TRUE,0.397233889648079,1.0009877536278,-0.168492908866209,TRUE,0.568840337496872,1.00103140206145,-0.0340999082565807,TRUE,0.687374989645283,1.00098823286551
954,"rand=1-2_rate=1.5_ROB=L_UH_Bias=No Bias","1-2",1.5,"L_UH","No Bias",0,0,0,0,0,0,0.00954519087086895,0.0253973348005698,-0.203097443708729,TRUE,0.580608350255771,1.00121508445682,-0.21217817858675,FALSE,0.450177278996134,1.00098599011363,-0.227468948354522,TRUE,0.578062299479568,1.00175861437179,-0.192229303206633,TRUE,0.903158177528213,1.00098801215402
955,"rand=1-2_rate=1.5_ROB=L_UH_Bias=No Bias","1-2",1.5,"L_UH","No Bias",0,0,0,0,0,0,-0.0030594085093375,0.0301134844627309,0.0538221053759503,TRUE,0.412858473492747,1.00133576367009,-0.0610247096607868,TRUE,0.434871289251877,1.00110222085864,0.0371363616027173,TRUE,0.487313620297282,1.00100248368388,-0.157597326385705,TRUE,0.955770561361252,1.00099082706662
956,"rand=1-2_rate=1.5_ROB=L_UH_Bias=No Bias","1-2",1.5,"L_UH","No Bias",0,0,0,0,0,0,-0.00412874222040923,0.0267480591265061,0.00511233891973351,TRUE,0.433038911274405,1.00101966978204,0.0569978099684952,TRUE,0.285629358955943,1.00107848039074,-0.0603741385060137,TRUE,0.555407854198304,1.00100251930448,0.113025626678571,TRUE,0.361331000790916,1.00098608010078
957,"rand=1-2_rate=1.5_ROB=L_UH_Bias=No Bias","1-2",1.5,"L_UH","No Bias",0,0,0,0,0,0,0.000463743294553855,0.0157887326983679,0.0698229734212688,TRUE,0.484593289908047,1.00098805225408,0.0803984539528864,TRUE,0.351398569419286,1.00099291753496,0.0626765123382971,TRUE,0.509688053848994,1.00099779839953,0.0944118049909825,TRUE,0.637766228714116,1.00098789492644
958,"rand=1-2_rate=1.5_ROB=L_UH_Bias=No Bias","1-2",1.5,"L_UH","No Bias",0,0,0,0,0,0,0.00564602344010302,0.0303030760013172,-0.0712763974229813,TRUE,0.450375713759626,1.00100983224773,-0.105743097974935,TRUE,0.283101190736641,1.0012688313581,-0.0701275781390736,TRUE,0.559329470801281,1.00099268802191,-0.12196578690257,TRUE,0.376543303227701,1.00099006848597
959,"rand=1-2_rate=1.5_ROB=L_UH_Bias=No Bias","1-2",1.5,"L_UH","No Bias",0,0,0,0,0,0,-0.00719268427182013,0.0298895142631312,-0.259245458399968,TRUE,0.633209939512284,1.00099569401715,-0.198614422904108,TRUE,0.450815607803212,1.00098727862478,-0.109161775032492,TRUE,0.519091598729528,1.00101658790523,-0.286586176537046,TRUE,0.964809562285234,1.00102394790685
960,"rand=1-2_rate=1.5_ROB=L_UH_Bias=No Bias","1-2",1.5,"L_UH","No Bias",0,0,0,0,0,0,-0.0136188545233959,0.0298608547156115,0.0522812151549498,TRUE,0.428313300011771,1.00118033773835,0.087062544739429,TRUE,0.326165725111495,1.0010830983662,0.0562182460213454,TRUE,0.440081722709992,1.00208557547884,0.107205947822437,TRUE,0.633262721557127,1.0010994605402
961,"rand=1-2_rate=1.5_ROB=L_UH_Bias=No Bias","1-2",1.5,"L_UH","No Bias",0,0,0,0,0,0,0.000582099562905212,0.0263909999019472,0.0544895794940921,TRUE,0.443708491048215,1.00107074283918,0.0604006792132181,TRUE,0.38258106826932,1.00099479458748,-0.0976086896806929,TRUE,0.55462581857569,1.00098614359722,0.196034091844872,TRUE,0.576934122011125,1.0010007273944
962,"rand=1-2_rate=1.5_ROB=L_UH_Bias=No Bias","1-2",1.5,"L_UH","No Bias",0,0,0,0,0,0,-0.00623369823442035,0.0273727848720764,-0.0710817563213866,TRUE,0.554289293713968,1.00110797832288,-0.0160982985988385,TRUE,0.377558801842784,1.00098601454976,-0.230828676914109,TRUE,0.566352156564675,1.00100536119694,0.131562434086234,TRUE,0.526610693898681,1.00109049494748
963,"rand=1-2_rate=1.5_ROB=L_UH_Bias=No Bias","1-2",1.5,"L_UH","No Bias",0,0,0,0,0,0,0.0148234422826016,0.0308180977082306,-0.0436219564108367,TRUE,0.505835587061872,1.00101360499767,-0.108347133495135,TRUE,0.430540500339981,1.00106485386738,-0.0702905882182507,TRUE,0.501490579781555,1.0010348714201,-0.141199699976133,TRUE,0.95954573765293,1.00100940321768
964,"rand=1-2_rate=1.5_ROB=L_UH_Bias=No Bias","1-2",1.5,"L_UH","No Bias",0,0,0,0,0,0,0.00198458387517194,0.0254183923842734,-0.0179938545308116,TRUE,0.419604666689519,1.00098939464134,0.0130035339698975,TRUE,0.284086427462403,1.00099211798712,0.207363028284429,TRUE,0.516432069116028,1.00123015347399,-0.0709512969607879,TRUE,0.239387523143842,1.00104852006896
965,"rand=1-2_rate=1.5_ROB=L_UH_Bias=No Bias","1-2",1.5,"L_UH","No Bias",0,0,0,0,0,0,0.00598808717626128,0.0249901470092258,-0.0900539224988959,TRUE,0.412695337647336,1.00125918830962,-0.147978099088932,FALSE,0.265071338488126,1.00100233149163,-0.0799104472245247,TRUE,0.526851278819533,1.00098875113426,-0.17083452391858,FALSE,0.355601345376813,1.00104493711974
966,"rand=1-2_rate=1.5_ROB=L_UH_Bias=No Bias","1-2",1.5,"L_UH","No Bias",0,0,0,0,0,0,-0.00149124483096556,0.029597500234439,-0.0151102663373677,TRUE,0.427130324643191,1.00158211148197,-0.054035711292221,TRUE,0.315387264600172,1.0009901426647,0.0360024719530132,TRUE,0.489293359858759,1.00110030443666,-0.103120463650906,TRUE,0.498015618115953,1.00099458489811
967,"rand=1-2_rate=1.5_ROB=L_UH_Bias=No Bias","1-2",1.5,"L_UH","No Bias",0,0,0,0,0,0,0.000115819151444644,0.0245355891642032,0.0306635487138572,TRUE,0.458810401589405,1.00098826395559,0.024941595660929,TRUE,0.310710716904774,1.00100170577119,-0.103701633541267,TRUE,0.540715021975981,1.00101786879549,0.0948824581941374,TRUE,0.421295034944983,1.00101339844777
968,"rand=1-2_rate=1.5_ROB=L_UH_Bias=No Bias","1-2",1.5,"L_UH","No Bias",0,0,0,0,0,0,-0.00140045122513229,0.0248456102594703,0.0463730885076845,TRUE,0.431184217818871,1.00098616640184,-0.00174021596012364,TRUE,0.293300935568561,1.0010275782588,0.105307503101187,TRUE,0.457992691299719,1.0011223330041,-0.0617937384160334,TRUE,0.429124847061703,1.00100139609664
969,"rand=1-2_rate=1.5_ROB=L_UH_Bias=No Bias","1-2",1.5,"L_UH","No Bias",0,0,0,0,0,0,0.0115802159308026,0.0225288599396134,-0.121842382838455,TRUE,0.513407960572712,1.0009898786053,-0.143324539526397,TRUE,0.338381468189398,1.00099775786968,0.0272118470270737,TRUE,0.456415494891855,1.00132539559503,-0.244169348665375,FALSE,0.529670081230936,1.00099778489177
970,"rand=1-2_rate=1.5_ROB=L_UH_Bias=No Bias","1-2",1.5,"L_UH","No Bias",0,0,0,0,0,0,-0.0118662031973417,0.0264427514974276,0.0410248542524692,TRUE,0.373686454771676,1.00104353306643,0.0432553893605813,TRUE,0.288071193595218,1.00099071446775,0.0949698853358262,TRUE,0.42063553821499,1.00140280290691,0.013617622769551,TRUE,0.506511817718284,1.00108806497169
971,"rand=1-2_rate=1.5_ROB=L_UH_Bias=No Bias","1-2",1.5,"L_UH","No Bias",0,0,0,0,0,0,0.00375369024644205,0.020307430580525,-0.017511973176898,TRUE,0.495708966406268,1.00120381557915,-0.0286967759473813,TRUE,0.368247007302133,1.00100088528848,0.0244494033532739,TRUE,0.455756343126236,1.00131436386045,-0.0723186950724399,TRUE,0.778046088203528,1.00100375577914
972,"rand=1-2_rate=1.5_ROB=L_UH_Bias=No Bias","1-2",1.5,"L_UH","No Bias",0,0,0,0,0,0,-0.00198073134114015,0.0277922642663798,-0.00608456654854428,TRUE,0.36350513774798,1.00098681483037,-0.00079138698483594,TRUE,0.301188989161739,1.0010071656976,-0.0809468839583316,TRUE,0.5071924405828,1.00203162623986,0.0421277592383699,TRUE,0.477465611055692,1.00098732149638
973,"rand=1-2_rate=1.5_ROB=L_UH_Bias=No Bias","1-2",1.5,"L_UH","No Bias",0,0,0,0,0,0,-0.00192975434399657,0.0261354918854578,-0.0553415294399688,TRUE,0.456103287668267,1.00101727148728,-0.0992897097546623,TRUE,0.295203250279259,1.00108746355657,0.070608421386368,TRUE,0.545754886416403,1.00099587811059,-0.171178570496205,FALSE,0.310320237190648,1.00099371870285
974,"rand=1-2_rate=1.5_ROB=L_UH_Bias=No Bias","1-2",1.5,"L_UH","No Bias",0,0,0,0,0,0,-0.000875641756887616,0.0225951378273456,0.0276525632031462,TRUE,0.418101548859811,1.00109453349478,0.0548059861735262,TRUE,0.265246490985274,1.00098939831214,0.024704024280326,TRUE,0.436854445431592,1.00100424872896,0.0681206348227322,TRUE,0.455083138828897,1.00100448220026
975,"rand=1-2_rate=1.5_ROB=L_UH_Bias=No Bias","1-2",1.5,"L_UH","No Bias",0,0,0,0,0,0,-0.0037419230587906,0.018632282068656,0.0879414418680616,TRUE,0.439046760015171,1.00109298515544,0.053177713376878,TRUE,0.319234587474368,1.00100606823111,0.0641132050360266,TRUE,0.485686696037976,1.00106281364707,0.0474879065374239,TRUE,0.538353680120394,1.00098805400811
976,"rand=1-2_rate=1.5_ROB=L_UH_Bias=No Bias","1-2",1.5,"L_UH","No Bias",0,0,0,0,0,0,-0.0113376413694976,0.0230106872885923,0.0073830469794689,TRUE,0.456502045018662,1.00115797869374,-0.0227500236027574,TRUE,0.340281884084683,1.00104433585941,-0.0204988111402982,TRUE,0.450558647168358,1.00101623652661,-0.033644838586258,TRUE,0.685021829560876,1.00098649065451
977,"rand=1-2_rate=1.5_ROB=L_UH_Bias=No Bias","1-2",1.5,"L_UH","No Bias",0,0,0,0,0,0,0.00326937203294554,0.0216515916161245,0.0363274151762185,TRUE,0.449092581764593,1.00135554015082,0.0469378870656949,TRUE,0.320050120277123,1.00107270912424,0.00842945829923769,TRUE,0.448440689600248,1.00108428748986,0.0726628993222085,TRUE,0.577846297776758,1.00098739861188
978,"rand=1-2_rate=1.5_ROB=L_UH_Bias=No Bias","1-2",1.5,"L_UH","No Bias",0,0,0,0,0,0,-0.00320689778734775,0.0208930577911628,0.0882543347762883,TRUE,0.45797648651617,1.00105530790539,0.116969380658874,TRUE,0.320504306509974,1.00100711271057,0.169377288278804,TRUE,0.431681865681931,1.00155293727928,0.0687479379942322,TRUE,0.596325246002451,1.00101723104346
979,"rand=1-2_rate=1.5_ROB=L_UH_Bias=No Bias","1-2",1.5,"L_UH","No Bias",0,0,0,0,0,0,0.00500729126602333,0.0290888061593038,-0.00150282816587732,TRUE,0.496212901242685,1.00123246945702,-0.000218839835363527,TRUE,0.386552288656349,1.00098632208786,0.0271396964573127,TRUE,0.539473572484127,1.00107499747905,-0.0294407830728172,TRUE,0.710061545320677,1.00099044450114
980,"rand=1-2_rate=1.5_ROB=L_UH_Bias=No Bias","1-2",1.5,"L_UH","No Bias",0,0,0,0,0,0,0.00582501657217531,0.0228640247224769,-0.0832352721899523,TRUE,0.551987714057593,1.00105597548577,-0.0985613621657135,TRUE,0.41651713311145,1.00099405142789,-0.0836103636718584,TRUE,0.543934815997035,1.00104144577259,-0.106354464838042,TRUE,0.84001890918404,1.00098729385075
981,"rand=1-2_rate=1.5_ROB=L_UH_Bias=No Bias","1-2",1.5,"L_UH","No Bias",0,0,0,0,0,0,-0.00464713652660806,0.0321290243197552,0.00755484884245639,TRUE,0.411358403514295,1.00100495915912,0.0631830361200414,TRUE,0.343398541070877,1.00100657200376,-0.0266652085540258,TRUE,0.532744934787042,1.00117477314738,0.126808944595533,TRUE,0.553894626596051,1.00098906053485
982,"rand=1-2_rate=1.5_ROB=L_UH_Bias=No Bias","1-2",1.5,"L_UH","No Bias",0,0,0,0,0,0,-0.0220030371729992,0.0318992563849945,0.0604227418542339,TRUE,0.486741923992701,1.00114895513449,0.0530750099919939,TRUE,0.34491869753597,1.00099474997433,0.113191217740819,TRUE,0.448766692236618,1.00100090898117,0.00829934897114804,TRUE,0.654040927656062,1.00100222042278
983,"rand=1-2_rate=1.5_ROB=L_UH_Bias=No Bias","1-2",1.5,"L_UH","No Bias",0,0,0,0,0,0,-0.0124702456933601,0.0346434862580245,-0.0185954481912816,TRUE,0.446218642329628,1.00108645594181,-0.00300343846667417,TRUE,0.293191302577545,1.00099170875865,-0.0308569037239135,TRUE,0.526244140234241,1.00098850454994,0.0124677559459754,TRUE,0.440226977680507,1.00099260840892
984,"rand=1-2_rate=1.5_ROB=L_UH_Bias=No Bias","1-2",1.5,"L_UH","No Bias",0,0,0,0,0,0,-0.00857285415924305,0.025349342583521,0.136692415093688,TRUE,0.374369292400069,1.0010516549881,0.149479958381334,FALSE,0.236620090887116,1.00101853688044,0.166758403794731,TRUE,0.376375575820864,1.00191433291377,0.138618759785695,TRUE,0.399967426810078,1.00098779442351
985,"rand=1-2_rate=1.5_ROB=L_UH_Bias=No Bias","1-2",1.5,"L_UH","No Bias",0,0,0,0,0,0,0.00850135256246614,0.0301508641748522,-0.0369823699611371,TRUE,0.439565485634582,1.00099338695432,-0.079797276325682,TRUE,0.333337324153277,1.00098785233362,-0.0323626436856075,TRUE,0.442951018398359,1.00100460454737,-0.111217167227401,TRUE,0.647721583405053,1.00099558316707
986,"rand=1-2_rate=1.5_ROB=L_UH_Bias=No Bias","1-2",1.5,"L_UH","No Bias",0,0,0,0,0,0,0.0121351172139879,0.032802545839363,-0.131221173260036,TRUE,0.508087695905605,1.00126710713876,-0.15003194384669,TRUE,0.363588461057424,1.00107743173378,-0.0163093022280723,TRUE,0.488764070545695,1.00156203748695,-0.238999097636836,TRUE,0.615359306037552,1.00098619738347
987,"rand=1-2_rate=1.5_ROB=L_UH_Bias=No Bias","1-2",1.5,"L_UH","No Bias",0,0,0,0,0,0,-0.00589579663036993,0.0363875647504222,0.123155163368832,TRUE,0.41853920384611,1.00115000366093,0.155046699242257,TRUE,0.270684660709958,1.00106523048154,0.0119265050120548,TRUE,0.471747093727312,1.00105415342,0.223070698275104,FALSE,0.373265608548895,1.00099211467511
988,"rand=1-2_rate=1.5_ROB=L_UH_Bias=No Bias","1-2",1.5,"L_UH","No Bias",0,0,0,0,0,0,0.00174986599949605,0.0187434245894928,0.172492694363692,TRUE,0.43105579337268,1.00101912184833,0.116433849927878,TRUE,0.348742296705015,1.0010122603949,0.157328260353016,TRUE,0.583250289745647,1.00099052943499,0.0779207973951903,TRUE,0.543273455667103,1.00099384853164
989,"rand=1-2_rate=1.5_ROB=L_UH_Bias=No Bias","1-2",1.5,"L_UH","No Bias",0,0,0,0,0,0,-0.00980583245020799,0.0254006236855953,-0.0190409031290237,TRUE,0.500996370253442,1.00099676703324,0.0216991779101822,TRUE,0.368563292160205,1.00100078609413,0.0926222436687913,TRUE,0.457423364668592,1.00105489210524,-0.047045366670277,TRUE,0.727632859280734,1.00100568219289
990,"rand=1-2_rate=1.5_ROB=L_UH_Bias=No Bias","1-2",1.5,"L_UH","No Bias",0,0,0,0,0,0,0.000251712836852586,0.0268482126713713,0.144555800233532,TRUE,0.463570016084102,1.00098661098935,0.0603225577399011,TRUE,0.368151783944849,1.00100506117527,-0.102512890762756,TRUE,0.604198280107962,1.00123103742541,0.181642515701876,TRUE,0.501675058387001,1.0009864655197
991,"rand=1-2_rate=1.5_ROB=L_UH_Bias=No Bias","1-2",1.5,"L_UH","No Bias",0,0,0,0,0,0,-0.0018022447268262,0.0256035219015914,-0.0141440749077988,TRUE,0.423520821825944,1.00099326536394,0.0269181599138485,TRUE,0.268021096953571,1.00113135750853,-0.0263606457223895,TRUE,0.449534477790402,1.00102720921717,0.0517934312027817,TRUE,0.436214612066911,1.00101115335226
992,"rand=1-2_rate=1.5_ROB=L_UH_Bias=No Bias","1-2",1.5,"L_UH","No Bias",0,0,0,0,0,0,-0.000154489707359044,0.0303215227106425,-0.13800977399314,TRUE,0.527416286679039,1.00098689071419,-0.157518125272004,TRUE,0.381655391550253,1.00106264434932,-0.151242873180455,TRUE,0.544117068308486,1.00099265132845,-0.164434310096804,TRUE,0.685805102361348,1.00100180672212
993,"rand=1-2_rate=1.5_ROB=L_UH_Bias=No Bias","1-2",1.5,"L_UH","No Bias",0,0,0,0,0,0,-0.0184915166909893,0.0278599970483054,0.114103209327666,TRUE,0.359824698387119,1.00107472298483,0.0809785455083623,TRUE,0.238171705039473,1.00116706371354,0.162076267451342,TRUE,0.381033707719992,1.00107428454106,0.0410652652006498,TRUE,0.36540842280242,1.00107233884111
994,"rand=1-2_rate=1.5_ROB=L_UH_Bias=No Bias","1-2",1.5,"L_UH","No Bias",0,0,0,0,0,0,-0.00470774043355786,0.0290926746368939,0.0233865665522451,TRUE,0.56603820417911,1.00098795828667,0.02161982786504,TRUE,0.439795031162676,1.00099552041152,-0.0900904504852571,TRUE,0.731503516739867,1.00098599639523,0.124274603455789,TRUE,0.662727214677941,1.00099243785324
995,"rand=1-2_rate=1.5_ROB=L_UH_Bias=No Bias","1-2",1.5,"L_UH","No Bias",0,0,0,0,0,0,-0.0123356822143531,0.026004568677268,-0.0192704070334881,TRUE,0.505615145572543,1.00101532196554,-0.0204187237724245,TRUE,0.365167050986179,1.00099794286565,-0.0459124521912901,TRUE,0.571949461454082,1.00107613785173,0.000771645611819749,TRUE,0.607684469192685,1.00105330334113
996,"rand=1-2_rate=1.5_ROB=L_UH_Bias=No Bias","1-2",1.5,"L_UH","No Bias",0,0,0,0,0,0,-0.00438351764717727,0.0227839128657596,0.0594291083989522,TRUE,0.353313627517014,1.00102931099584,-0.0175583042199763,TRUE,0.255997900150093,1.00099084470288,0.0232555716853148,TRUE,0.507436176748256,1.00098817892992,-0.0357374891519504,TRUE,0.345980234689241,1.000999647391
997,"rand=1-2_rate=1.5_ROB=L_UH_Bias=No Bias","1-2",1.5,"L_UH","No Bias",0,0,0,0,0,0,-0.0129704349730904,0.0326576675848479,0.0277422088906978,TRUE,0.434671196769929,1.00105664404699,0.0293405611349805,TRUE,0.323255344270869,1.00100637185589,0.0464757400948163,TRUE,0.400035006378373,1.00098917845366,0.0139348208951142,TRUE,0.682058679235423,1.00101864139777
998,"rand=1-2_rate=1.5_ROB=L_UH_Bias=No Bias","1-2",1.5,"L_UH","No Bias",0,0,0,0,0,0,-9.07032214774016e-05,0.0248197856356993,-0.0663244366423057,TRUE,0.457084723690562,1.00098599104925,-0.0346427722018472,TRUE,0.272229061143059,1.00100185584222,0.0499718503704613,TRUE,0.566618035971295,1.00106147119167,-0.0696094774601344,TRUE,0.332421022822886,1.0009897554079
999,"rand=1-2_rate=1.5_ROB=L_UH_Bias=No Bias","1-2",1.5,"L_UH","No Bias",0,0,0,0,0,0,-0.000106277932002853,0.0282712922967924,0.0514804925515278,TRUE,0.427707733565791,1.00199849199479,0.0495458898801884,TRUE,0.287241999670671,1.0009938995297,0.0177182619095311,TRUE,0.472240137721632,1.00114338432119,0.0622699176661659,TRUE,0.471658982513438,1.00098753349806
1000,"rand=1-2_rate=1.5_ROB=L_UH_Bias=No Bias","1-2",1.5,"L_UH","No Bias",0,0,0,0,0,0,-0.00221520497286169,0.0242533224396691,-0.00647867232951893,TRUE,0.463999655365676,1.0009883154243,0.0315565065433658,TRUE,0.303966098913297,1.0010871316224,-0.0241621993664516,TRUE,0.46062485252038,1.00098842734674,0.0626893831515524,TRUE,0.523269190459082,1.00105664194427
