"sim","scenario","Rand","Nrct_rate","ROB_srt","bias_pattern","low_rct","unclear_rct","high_rct","low_obs","unclear_obs","high_obs","mean_true_bias","mean_abs_true_bias","bias","coverage","CIw","Rhat","bias_naive","coverage_naive","CIw_naive","R_naive","bias_rct_est","coverage_rct","CIw_rct","R_rct","bias_obs_est","coverage_obs","CIw_obs","R_rct.1"
1,"rand=1-1_rate=3_ROB=L_UH_Bias=Rct20_NRE20-35","1-1",3,"L_UH","Rct20_NRE20-35",0.182321556793955,0.182321556793955,0.182321556793955,0.182321556793955,0.182321556793955,0.300104592450338,0.212755032804454,0.212755032804454,-0.0856111168960123,TRUE,0.550259422860275,1.00099946235166,-0.120822690681423,TRUE,0.46693043851522,1.0009871456712,-0.0413012697147062,TRUE,1.79079207184144,1.0009910698264,-0.14574409206141,TRUE,0.466601782959184,1.00098636542587
2,"rand=1-1_rate=3_ROB=L_UH_Bias=Rct20_NRE20-35","1-1",3,"L_UH","Rct20_NRE20-35",0.182321556793955,0.182321556793955,0.182321556793955,0.182321556793955,0.182321556793955,0.300104592450338,0.20774995857114,0.20774995857114,-0.122492950183679,TRUE,0.596807905126124,1.00130321017474,-0.209697696848848,FALSE,0.386477055860436,1.00101773114299,0.0931523893387703,TRUE,0.79986217800037,1.00103271045216,-0.294598359791104,FALSE,0.456007390374676,1.00099325320917
3,"rand=1-1_rate=3_ROB=L_UH_Bias=Rct20_NRE20-35","1-1",3,"L_UH","Rct20_NRE20-35",0.182321556793955,0.182321556793955,0.182321556793955,0.182321556793955,0.182321556793955,0.300104592450338,0.201144333520709,0.201144333520709,-0.15465085475736,TRUE,0.600620020589235,1.0009956201019,-0.135924871840217,TRUE,0.400690084079272,1.00098754443158,-0.245487134471091,TRUE,1.27157144442115,1.00098643133307,-0.11306511187008,TRUE,0.459218897629081,1.00103473170169
4,"rand=1-1_rate=3_ROB=L_UH_Bias=Rct20_NRE20-35","1-1",3,"L_UH","Rct20_NRE20-35",0.182321556793955,0.182321556793955,0.182321556793955,0.182321556793955,0.182321556793955,0.300104592450338,0.205783607243447,0.205783607243447,-0.110002788732074,TRUE,0.521429079477088,1.0009982266278,-0.206480930552959,FALSE,0.368946454939807,1.00107694515413,-0.00997646053366164,TRUE,0.680242519140106,1.00098680656964,-0.256394297239636,FALSE,0.463011367208687,1.00101003896117
5,"rand=1-1_rate=3_ROB=L_UH_Bias=Rct20_NRE20-35","1-1",3,"L_UH","Rct20_NRE20-35",0.182321556793955,0.182321556793955,0.182321556793955,0.182321556793955,0.182321556793955,0.300104592450338,0.211721485440125,0.211721485440125,-0.300243280695325,FALSE,0.602687267776469,1.00099579477674,-0.367914170670362,FALSE,0.361343513179794,1.00098846363288,-0.267089324868977,TRUE,1.30892872962122,1.00098600631127,-0.389581967402573,FALSE,0.408458780828823,1.00099542177703
6,"rand=1-1_rate=3_ROB=L_UH_Bias=Rct20_NRE20-35","1-1",3,"L_UH","Rct20_NRE20-35",0.182321556793955,0.182321556793955,0.182321556793955,0.182321556793955,0.182321556793955,0.300104592450338,0.199953002645807,0.199953002645807,-0.163085580829678,TRUE,0.545793809556047,1.00105065401201,-0.21445946280671,FALSE,0.363935220630128,1.00099785477686,-0.139463756085114,TRUE,1.03992612917879,1.00125610756688,-0.229045321477229,FALSE,0.42033544152276,1.00101313649346
7,"rand=1-1_rate=3_ROB=L_UH_Bias=Rct20_NRE20-35","1-1",3,"L_UH","Rct20_NRE20-35",0.182321556793955,0.182321556793955,0.182321556793955,0.182321556793955,0.182321556793955,0.300104592450338,0.200713742380956,0.200713742380956,-0.191354420302384,TRUE,0.528023057322303,1.00104603577499,-0.236007804587624,FALSE,0.324391560416785,1.00109210807324,0.00661220429208598,TRUE,0.628449256956882,1.001292740341,-0.28247432217558,FALSE,0.39934834219803,1.00103152180617
8,"rand=1-1_rate=3_ROB=L_UH_Bias=Rct20_NRE20-35","1-1",3,"L_UH","Rct20_NRE20-35",0.182321556793955,0.182321556793955,0.182321556793955,0.182321556793955,0.182321556793955,0.300104592450338,0.196683481340229,0.196683481340229,-0.210244864249753,TRUE,0.645650409767802,1.00101136714558,-0.108681360679524,TRUE,0.387489368796833,1.0009862748892,-0.487217991441476,TRUE,1.42130322680143,1.00105793875341,-0.0348162404173507,TRUE,0.393403075873251,1.00100942204012
9,"rand=1-1_rate=3_ROB=L_UH_Bias=Rct20_NRE20-35","1-1",3,"L_UH","Rct20_NRE20-35",0.182321556793955,0.182321556793955,0.182321556793955,0.182321556793955,0.182321556793955,0.300104592450338,0.203785671433853,0.203785671433853,-0.313268945448348,FALSE,0.628268664090308,1.00108252037934,-0.316429388875954,FALSE,0.427940407076541,1.00100494167684,-0.284162593449737,TRUE,0.904724734557631,1.00110669371771,-0.325673500159128,FALSE,0.525023170611815,1.00101465749863
10,"rand=1-1_rate=3_ROB=L_UH_Bias=Rct20_NRE20-35","1-1",3,"L_UH","Rct20_NRE20-35",0.182321556793955,0.182321556793955,0.182321556793955,0.182321556793955,0.182321556793955,0.300104592450338,0.189296027008282,0.191626598231533,-0.165367274188864,TRUE,0.616622373637462,1.00098904946599,-0.19530398244139,TRUE,0.451141785338014,1.00098608307123,-0.0440321052218036,TRUE,0.969769149005224,1.00104484867945,-0.241299871216319,TRUE,0.562295687588728,1.00098620770348
11,"rand=1-1_rate=3_ROB=L_UH_Bias=Rct20_NRE20-35","1-1",3,"L_UH","Rct20_NRE20-35",0.182321556793955,0.182321556793955,0.182321556793955,0.182321556793955,0.182321556793955,0.300104592450338,0.207363495103747,0.207363495103747,-0.281819666154659,FALSE,0.567223829888899,1.00102504338136,-0.32216920412606,FALSE,0.354946471417818,1.00103656778959,-0.11424888375649,TRUE,1.06212380681152,1.00104563815051,-0.362438890223327,FALSE,0.391844525915158,1.00105924244961
12,"rand=1-1_rate=3_ROB=L_UH_Bias=Rct20_NRE20-35","1-1",3,"L_UH","Rct20_NRE20-35",0.182321556793955,0.182321556793955,0.182321556793955,0.182321556793955,0.182321556793955,0.300104592450338,0.213167445501218,0.213167445501218,-0.0104346518684824,TRUE,0.534821611675531,1.00098691450208,-0.121330733929532,TRUE,0.454068819947871,1.00101558825633,-0.238107852749638,TRUE,0.981975435380999,1.00100793270341,-0.0954753635907786,TRUE,0.563544322170487,1.00103422503526
13,"rand=1-1_rate=3_ROB=L_UH_Bias=Rct20_NRE20-35","1-1",3,"L_UH","Rct20_NRE20-35",0.182321556793955,0.182321556793955,0.182321556793955,0.182321556793955,0.182321556793955,0.300104592450338,0.188797274752607,0.188797274752607,-0.207121637686906,TRUE,0.682597440260182,1.00100748716375,-0.240676070943548,FALSE,0.503065982831818,1.00098886321536,-0.15006135373398,TRUE,1.14865308007181,1.00099216876007,-0.26548676918606,TRUE,0.620514611426218,1.00099090430807
14,"rand=1-1_rate=3_ROB=L_UH_Bias=Rct20_NRE20-35","1-1",3,"L_UH","Rct20_NRE20-35",0.182321556793955,0.182321556793955,0.182321556793955,0.182321556793955,0.182321556793955,0.300104592450338,0.20774707218079,0.20774707218079,-0.302179591562773,FALSE,0.584007805804024,1.00100556461335,-0.264000760472912,FALSE,0.332706849852871,1.00099552699757,-0.408845521506158,TRUE,1.08404377507007,1.00154911272956,-0.241927569773819,FALSE,0.371807829027054,1.00098733776935
15,"rand=1-1_rate=3_ROB=L_UH_Bias=Rct20_NRE20-35","1-1",3,"L_UH","Rct20_NRE20-35",0.182321556793955,0.182321556793955,0.182321556793955,0.182321556793955,0.182321556793955,0.300104592450338,0.206182484384545,0.206182484384545,-0.311214925753976,FALSE,0.711270193991663,1.00107580369431,-0.258788480727707,FALSE,0.468962889932293,1.00098997130987,-0.215328973511512,TRUE,1.15514510711931,1.00099098347925,-0.272320318492097,FALSE,0.569126067653872,1.00098983006672
16,"rand=1-1_rate=3_ROB=L_UH_Bias=Rct20_NRE20-35","1-1",3,"L_UH","Rct20_NRE20-35",0.182321556793955,0.182321556793955,0.182321556793955,0.182321556793955,0.182321556793955,0.300104592450338,0.192085297250848,0.192085297250848,-0.193481631077565,TRUE,0.494514622974628,1.00105744824251,-0.226541833462622,FALSE,0.277581338999699,1.00101373636219,-0.232757355352476,TRUE,0.85358906364618,1.0010385410123,-0.223940793356697,FALSE,0.318133645858562,1.00098628456127
17,"rand=1-1_rate=3_ROB=L_UH_Bias=Rct20_NRE20-35","1-1",3,"L_UH","Rct20_NRE20-35",0.182321556793955,0.182321556793955,0.182321556793955,0.182321556793955,0.182321556793955,0.300104592450338,0.213650536596565,0.213650536596565,-0.339753659334668,FALSE,0.610400148221019,1.00102410955876,-0.385625770092097,FALSE,0.332647807431914,1.00101466458462,-0.101441825063888,TRUE,1.12901402150864,1.00098926462068,-0.427314303108334,FALSE,0.356277376237938,1.00098693911998
18,"rand=1-1_rate=3_ROB=L_UH_Bias=Rct20_NRE20-35","1-1",3,"L_UH","Rct20_NRE20-35",0.182321556793955,0.182321556793955,0.182321556793955,0.182321556793955,0.182321556793955,0.300104592450338,0.212578275292623,0.212578275292623,-0.199099904941057,TRUE,0.680613049553859,1.00102047104703,-0.175774295952417,TRUE,0.45889433611079,1.00104072124807,0.0810808828958415,TRUE,1.29487312330817,1.00098626948212,-0.257758157631577,FALSE,0.504650994750373,1.00098870333678
19,"rand=1-1_rate=3_ROB=L_UH_Bias=Rct20_NRE20-35","1-1",3,"L_UH","Rct20_NRE20-35",0.182321556793955,0.182321556793955,0.182321556793955,0.182321556793955,0.182321556793955,0.300104592450338,0.197702900654417,0.197702900654417,-0.178648523147325,TRUE,0.545033536464288,1.00099276415732,-0.169920878757246,FALSE,0.356972195848445,1.00103907408597,-0.0840739057198292,TRUE,0.760018098371749,1.00102368972272,-0.186150920948428,TRUE,0.439405743785572,1.00102139839526
20,"rand=1-1_rate=3_ROB=L_UH_Bias=Rct20_NRE20-35","1-1",3,"L_UH","Rct20_NRE20-35",0.182321556793955,0.182321556793955,0.182321556793955,0.182321556793955,0.182321556793955,0.300104592450338,0.198588156494193,0.198588156494193,-0.294050505986126,FALSE,0.582122028145484,1.00100318040658,-0.277446420176367,FALSE,0.342550355648432,1.00102302520641,-0.244282089215688,TRUE,1.00587785122728,1.00098631293273,-0.282445556032197,FALSE,0.398215024276485,1.00098778824179
21,"rand=1-1_rate=3_ROB=L_UH_Bias=Rct20_NRE20-35","1-1",3,"L_UH","Rct20_NRE20-35",0.182321556793955,0.182321556793955,0.182321556793955,0.182321556793955,0.182321556793955,0.300104592450338,0.216360218272933,0.216360218272933,-0.297665695830165,FALSE,0.665434028468883,1.0009880587232,-0.268371637747403,FALSE,0.459610854704415,1.00100232115492,-0.44746031516016,FALSE,1.03265712798047,1.00107424895416,-0.223879489517948,TRUE,0.558090049549646,1.00098739255459
22,"rand=1-1_rate=3_ROB=L_UH_Bias=Rct20_NRE20-35","1-1",3,"L_UH","Rct20_NRE20-35",0.182321556793955,0.182321556793955,0.182321556793955,0.182321556793955,0.182321556793955,0.300104592450338,0.219416315343079,0.219416315343079,-0.189861733709787,TRUE,0.70551947409702,1.00098644505306,-0.288343830620277,FALSE,0.528114937149287,1.00099804869381,-0.76433486953239,TRUE,2.74439775871389,1.00099410015253,-0.199235821825125,TRUE,0.494313673710736,1.00101059596939
23,"rand=1-1_rate=3_ROB=L_UH_Bias=Rct20_NRE20-35","1-1",3,"L_UH","Rct20_NRE20-35",0.182321556793955,0.182321556793955,0.182321556793955,0.182321556793955,0.182321556793955,0.300104592450338,0.217535698418798,0.217535698418798,-0.239093849493232,TRUE,0.664473916087339,1.00099032619175,-0.284330936194947,FALSE,0.49695042828959,1.00098810319543,-0.14631676402396,TRUE,1.02581791158897,1.00099028628078,-0.32389633698846,FALSE,0.619057445246658,1.00099002308677
24,"rand=1-1_rate=3_ROB=L_UH_Bias=Rct20_NRE20-35","1-1",3,"L_UH","Rct20_NRE20-35",0.182321556793955,0.182321556793955,0.182321556793955,0.182321556793955,0.182321556793955,0.300104592450338,0.202503625201326,0.202503625201326,-0.234112348528634,TRUE,0.621060543124571,1.00102825758226,-0.250435084677056,FALSE,0.408732290620671,1.00107751679744,-0.23425240570171,TRUE,1.16499726502093,1.00102333380088,-0.252864849263665,FALSE,0.474791282103574,1.00100603079777
25,"rand=1-1_rate=3_ROB=L_UH_Bias=Rct20_NRE20-35","1-1",3,"L_UH","Rct20_NRE20-35",0.182321556793955,0.182321556793955,0.182321556793955,0.182321556793955,0.182321556793955,0.300104592450338,0.198202677919539,0.198202677919539,-0.205207699436813,TRUE,0.618541800595644,1.00120586382677,-0.217673901381419,FALSE,0.437412190776947,1.00098608694159,-0.146299160007039,TRUE,0.85972698798638,1.00099470327992,-0.238953460287074,TRUE,0.553661101507584,1.00099212744633
26,"rand=1-1_rate=3_ROB=L_UH_Bias=Rct20_NRE20-35","1-1",3,"L_UH","Rct20_NRE20-35",0.182321556793955,0.182321556793955,0.182321556793955,0.182321556793955,0.182321556793955,0.300104592450338,0.195258163920698,0.195258163920698,-0.122227274107266,TRUE,0.55449976359122,1.00099723604062,-0.11492925330739,TRUE,0.358903480248896,1.00099536377333,-0.151747220081823,TRUE,0.911523678958078,1.00104582912784,-0.104723645686057,TRUE,0.426516763363593,1.00098783692934
27,"rand=1-1_rate=3_ROB=L_UH_Bias=Rct20_NRE20-35","1-1",3,"L_UH","Rct20_NRE20-35",0.182321556793955,0.182321556793955,0.182321556793955,0.182321556793955,0.182321556793955,0.300104592450338,0.202440269097813,0.202440269097813,-0.219947200597631,TRUE,0.593322999664965,1.00100648554798,-0.246443151593561,FALSE,0.434918948319838,1.0010019983335,-0.144020651240158,TRUE,0.817457514216164,1.0010448702671,-0.273652961914826,FALSE,0.55952109208366,1.00098984489211
28,"rand=1-1_rate=3_ROB=L_UH_Bias=Rct20_NRE20-35","1-1",3,"L_UH","Rct20_NRE20-35",0.182321556793955,0.182321556793955,0.182321556793955,0.182321556793955,0.182321556793955,0.300104592450338,0.199545760058888,0.199545760058888,-0.12622746767872,TRUE,0.499134853396986,1.00102932381537,-0.0758120070802168,TRUE,0.285495745428465,1.00100951647486,-0.492806991185211,FALSE,1.03734932662713,1.00178063325498,-0.0149632346957012,TRUE,0.287696236194791,1.00098607380231
29,"rand=1-1_rate=3_ROB=L_UH_Bias=Rct20_NRE20-35","1-1",3,"L_UH","Rct20_NRE20-35",0.182321556793955,0.182321556793955,0.182321556793955,0.182321556793955,0.182321556793955,0.300104592450338,0.202420017314796,0.202420017314796,-0.369822285209515,FALSE,0.618994096098942,1.00099012636219,-0.359301893251148,FALSE,0.321108798760698,1.00098752783235,-0.124727252839066,TRUE,1.08980293566761,1.00100298653053,-0.394933214469461,FALSE,0.343147102826497,1.00101303979313
30,"rand=1-1_rate=3_ROB=L_UH_Bias=Rct20_NRE20-35","1-1",3,"L_UH","Rct20_NRE20-35",0.182321556793955,0.182321556793955,0.182321556793955,0.182321556793955,0.182321556793955,0.300104592450338,0.200295146320131,0.200295146320131,-0.11101349870871,TRUE,0.518871123009547,1.00100049456024,-0.193113575509564,FALSE,0.40615023611302,1.0009862705029,-0.308517386578125,TRUE,0.907424469320022,1.00105302331945,-0.167802109480763,TRUE,0.499197979568113,1.00100641298193
31,"rand=1-1_rate=3_ROB=L_UH_Bias=Rct20_NRE20-35","1-1",3,"L_UH","Rct20_NRE20-35",0.182321556793955,0.182321556793955,0.182321556793955,0.182321556793955,0.182321556793955,0.300104592450338,0.198837135733355,0.198837135733355,-0.0669881347848322,TRUE,0.534062133613823,1.00101905388992,-0.142390552444193,TRUE,0.388160992680518,1.00100547058025,0.111412882130237,TRUE,0.728862495098857,1.00111460655885,-0.213186475207166,TRUE,0.483568038743,1.00109051646385
32,"rand=1-1_rate=3_ROB=L_UH_Bias=Rct20_NRE20-35","1-1",3,"L_UH","Rct20_NRE20-35",0.182321556793955,0.182321556793955,0.182321556793955,0.182321556793955,0.182321556793955,0.300104592450338,0.203029273020738,0.203029273020738,-0.167516739494403,TRUE,0.553989379523479,1.00100329593717,-0.210065897955877,FALSE,0.342469753920728,1.00099286351646,0.0108932694580229,TRUE,0.764852828656893,1.00098599259177,-0.255159456477386,FALSE,0.404544151218263,1.00101613551358
33,"rand=1-1_rate=3_ROB=L_UH_Bias=Rct20_NRE20-35","1-1",3,"L_UH","Rct20_NRE20-35",0.182321556793955,0.182321556793955,0.182321556793955,0.182321556793955,0.182321556793955,0.300104592450338,0.208627995661901,0.208627995661901,-0.129049854686326,TRUE,0.513495688869505,1.00114569169678,-0.244283539164473,FALSE,0.369655985505343,1.00101079864641,-0.106019618093149,TRUE,0.93157275814541,1.00099940490202,-0.272080288050594,FALSE,0.429668112416541,1.00098957665434
34,"rand=1-1_rate=3_ROB=L_UH_Bias=Rct20_NRE20-35","1-1",3,"L_UH","Rct20_NRE20-35",0.182321556793955,0.182321556793955,0.182321556793955,0.182321556793955,0.182321556793955,0.300104592450338,0.216678205477708,0.216678205477708,-0.25583640151051,FALSE,0.525340225114464,1.00103466052187,-0.322821692789385,FALSE,0.312399378594654,1.00099458695082,-0.316688895045086,TRUE,0.904562262302558,1.00100903821084,-0.323441851955174,FALSE,0.365538139067284,1.00099209789973
35,"rand=1-1_rate=3_ROB=L_UH_Bias=Rct20_NRE20-35","1-1",3,"L_UH","Rct20_NRE20-35",0.182321556793955,0.182321556793955,0.182321556793955,0.182321556793955,0.182321556793955,0.300104592450338,0.192525210940161,0.192525210940161,-0.302485880341643,FALSE,0.589509310023379,1.00101428927612,-0.361532394380669,FALSE,0.332955532383022,1.00098887767298,-0.0987646062590719,TRUE,1.00442728283419,1.0010002076049,-0.40590121814094,FALSE,0.360137028624798,1.0010078867191
36,"rand=1-1_rate=3_ROB=L_UH_Bias=Rct20_NRE20-35","1-1",3,"L_UH","Rct20_NRE20-35",0.182321556793955,0.182321556793955,0.182321556793955,0.182321556793955,0.182321556793955,0.300104592450338,0.204135819390299,0.204135819390299,-0.276787168091868,FALSE,0.609826402597333,1.00100595808708,-0.311419607409132,FALSE,0.407721062232745,1.00098707424169,-0.740222840715432,FALSE,1.97165326617776,1.00106445139426,-0.25164816926349,FALSE,0.405055941279057,1.00103308637403
37,"rand=1-1_rate=3_ROB=L_UH_Bias=Rct20_NRE20-35","1-1",3,"L_UH","Rct20_NRE20-35",0.182321556793955,0.182321556793955,0.182321556793955,0.182321556793955,0.182321556793955,0.300104592450338,0.206158717400039,0.206158717400039,-0.505690293874772,FALSE,0.611776831906761,1.00141115259816,-0.400133814751807,FALSE,0.331140358734957,1.00103030646495,-0.225651240672316,TRUE,0.936654315622037,1.0010233931611,-0.423818297309872,FALSE,0.376405641404201,1.00098891462286
38,"rand=1-1_rate=3_ROB=L_UH_Bias=Rct20_NRE20-35","1-1",3,"L_UH","Rct20_NRE20-35",0.182321556793955,0.182321556793955,0.182321556793955,0.182321556793955,0.182321556793955,0.300104592450338,0.207304879237649,0.207304879237649,-0.16679916755817,TRUE,0.575068207966941,1.00107971273578,-0.103846771234108,TRUE,0.353853319884997,1.00098902217762,-0.341526891424087,TRUE,1.13544060826154,1.00099626775192,-0.058945890831789,TRUE,0.385350454264246,1.00101356794421
39,"rand=1-1_rate=3_ROB=L_UH_Bias=Rct20_NRE20-35","1-1",3,"L_UH","Rct20_NRE20-35",0.182321556793955,0.182321556793955,0.182321556793955,0.182321556793955,0.182321556793955,0.300104592450338,0.2056419597479,0.2056419597479,-0.0742441797446238,TRUE,0.411437667553452,1.00101635069817,-0.224055086201678,FALSE,0.358508483311831,1.00099311880448,-0.23410278076963,TRUE,1.10400716347065,1.00098844737987,-0.223264515034123,FALSE,0.407132440521094,1.00098609890681
40,"rand=1-1_rate=3_ROB=L_UH_Bias=Rct20_NRE20-35","1-1",3,"L_UH","Rct20_NRE20-35",0.182321556793955,0.182321556793955,0.182321556793955,0.182321556793955,0.182321556793955,0.300104592450338,0.198154257460362,0.198154257460362,-0.138848795794174,TRUE,0.524782867321016,1.00165501381072,-0.217415398589623,FALSE,0.332732853149311,1.00099116458016,-0.0648574351893698,TRUE,0.896597030837302,1.00112882970587,-0.246063007766791,FALSE,0.38358523272613,1.00100385716923
41,"rand=1-1_rate=3_ROB=L_UH_Bias=Rct20_NRE20-35","1-1",3,"L_UH","Rct20_NRE20-35",0.182321556793955,0.182321556793955,0.182321556793955,0.182321556793955,0.182321556793955,0.300104592450338,0.191306545893288,0.191306545893288,-0.242771539871526,TRUE,0.54621044763488,1.00099669887294,-0.274250147944023,FALSE,0.287019347143935,1.00098864008197,-0.289533619292066,TRUE,1.90159722543268,1.00105217682864,-0.278326621841146,FALSE,0.288886198464146,1.00100027990418
42,"rand=1-1_rate=3_ROB=L_UH_Bias=Rct20_NRE20-35","1-1",3,"L_UH","Rct20_NRE20-35",0.182321556793955,0.182321556793955,0.182321556793955,0.182321556793955,0.182321556793955,0.300104592450338,0.198500321251352,0.198500321251352,-0.0550842442569177,TRUE,0.496481649211146,1.00102794832784,-0.0849649559073662,TRUE,0.355999800172547,1.00100681213771,-0.0372556690579748,TRUE,0.721817085536403,1.00098600603093,-0.100862925853533,TRUE,0.446513529899846,1.00100423992915
43,"rand=1-1_rate=3_ROB=L_UH_Bias=Rct20_NRE20-35","1-1",3,"L_UH","Rct20_NRE20-35",0.182321556793955,0.182321556793955,0.182321556793955,0.182321556793955,0.182321556793955,0.300104592450338,0.197860801288721,0.197860801288721,-0.224670405774165,TRUE,0.572573797873054,1.0009926913935,-0.188674278571721,FALSE,0.317232537548178,1.00100485770762,-0.319787764797094,TRUE,1.28722529182048,1.00099406984119,-0.168151183963348,FALSE,0.338110076411301,1.00100648842881
44,"rand=1-1_rate=3_ROB=L_UH_Bias=Rct20_NRE20-35","1-1",3,"L_UH","Rct20_NRE20-35",0.182321556793955,0.182321556793955,0.182321556793955,0.182321556793955,0.182321556793955,0.300104592450338,0.19714556177014,0.19714556177014,-0.0803677243255638,TRUE,0.439717439404564,1.00108379006898,-0.098528395699415,TRUE,0.270441288377991,1.00099552422329,-0.21001709126599,TRUE,0.773501158143531,1.00113793824247,-0.0792051895402601,TRUE,0.318708159348887,1.0009878824452
45,"rand=1-1_rate=3_ROB=L_UH_Bias=Rct20_NRE20-35","1-1",3,"L_UH","Rct20_NRE20-35",0.182321556793955,0.182321556793955,0.182321556793955,0.182321556793955,0.182321556793955,0.300104592450338,0.190432481209757,0.190432481209757,-0.126094813779159,TRUE,0.509859576458637,1.00098614744453,-0.165079958533267,FALSE,0.33539945752608,1.00099006222668,-0.129144698641486,TRUE,1.13362242318001,1.00099500854766,-0.173752084952837,FALSE,0.374118569454097,1.00098776323233
46,"rand=1-1_rate=3_ROB=L_UH_Bias=Rct20_NRE20-35","1-1",3,"L_UH","Rct20_NRE20-35",0.182321556793955,0.182321556793955,0.182321556793955,0.182321556793955,0.182321556793955,0.300104592450338,0.218551654727166,0.218551654727166,-0.248220279064991,TRUE,0.643666760141884,1.00099165015103,-0.279896519031008,FALSE,0.424009435839304,1.00102273764727,-0.335336607659895,TRUE,1.39593778472425,1.00098647556956,-0.267142554870207,FALSE,0.476149521393687,1.00107466557082
47,"rand=1-1_rate=3_ROB=L_UH_Bias=Rct20_NRE20-35","1-1",3,"L_UH","Rct20_NRE20-35",0.182321556793955,0.182321556793955,0.182321556793955,0.182321556793955,0.182321556793955,0.300104592450338,0.183613755997722,0.183613755997722,-0.217597181048208,TRUE,0.494543150122337,1.00098749663631,-0.171648779830462,FALSE,0.266086217075455,1.00109117068474,-0.16402052694689,TRUE,0.783897835127163,1.00100211229757,-0.171356152264172,FALSE,0.307411234929827,1.00118543237148
48,"rand=1-1_rate=3_ROB=L_UH_Bias=Rct20_NRE20-35","1-1",3,"L_UH","Rct20_NRE20-35",0.182321556793955,0.182321556793955,0.182321556793955,0.182321556793955,0.182321556793955,0.300104592450338,0.201880673182198,0.201880673182198,-0.2242344493922,TRUE,0.614572203363977,1.00103347923159,-0.307364852904956,FALSE,0.47525760802855,1.00099070093531,-0.353419892938429,TRUE,1.00286151425937,1.00099869033425,-0.294014480000197,FALSE,0.592330402462445,1.00099580485588
49,"rand=1-1_rate=3_ROB=L_UH_Bias=Rct20_NRE20-35","1-1",3,"L_UH","Rct20_NRE20-35",0.182321556793955,0.182321556793955,0.182321556793955,0.182321556793955,0.182321556793955,0.300104592450338,0.181030162025624,0.181030162025624,-0.251349188654525,FALSE,0.542994775327354,1.00106201562884,-0.194682634103905,FALSE,0.296642086196025,1.0010769505488,-0.248158323107066,TRUE,0.861311266349163,1.00103295885615,-0.185617104774198,FALSE,0.33962816436225,1.00099258393351
50,"rand=1-1_rate=3_ROB=L_UH_Bias=Rct20_NRE20-35","1-1",3,"L_UH","Rct20_NRE20-35",0.182321556793955,0.182321556793955,0.182321556793955,0.182321556793955,0.182321556793955,0.300104592450338,0.184247748982979,0.184247748982979,-0.199040950389997,TRUE,0.531575738695928,1.00099260465747,-0.168848203886369,FALSE,0.314750746074906,1.00098624557188,-0.448931098738671,TRUE,1.30695244029127,1.00107977410463,-0.125724079419195,TRUE,0.322751772218372,1.00099790525263
51,"rand=1-1_rate=3_ROB=L_UH_Bias=Rct20_NRE20-35","1-1",3,"L_UH","Rct20_NRE20-35",0.182321556793955,0.182321556793955,0.182321556793955,0.182321556793955,0.182321556793955,0.300104592450338,0.192170042821429,0.192170042821429,-0.190612521304074,TRUE,0.513983349733726,1.00101345715519,-0.170560680823366,FALSE,0.279587112006763,1.00101078245894,-0.120821293934331,TRUE,0.954921898139858,1.00105479421685,-0.176507566327199,FALSE,0.314364457751884,1.00098846439058
52,"rand=1-1_rate=3_ROB=L_UH_Bias=Rct20_NRE20-35","1-1",3,"L_UH","Rct20_NRE20-35",0.182321556793955,0.182321556793955,0.182321556793955,0.182321556793955,0.182321556793955,0.300104592450338,0.205266639362713,0.205266639362713,-0.158143522132321,TRUE,0.473560034565756,1.00098972272097,-0.196571662451744,FALSE,0.288230855000563,1.00100376103038,-0.166076985544497,TRUE,0.831700397106387,1.00212764936493,-0.19937633728701,FALSE,0.331795535704058,1.00098875271131
53,"rand=1-1_rate=3_ROB=L_UH_Bias=Rct20_NRE20-35","1-1",3,"L_UH","Rct20_NRE20-35",0.182321556793955,0.182321556793955,0.182321556793955,0.182321556793955,0.182321556793955,0.300104592450338,0.198564490685514,0.198564490685514,-0.278541009307371,TRUE,0.654229937808598,1.00109736011029,-0.347593851922058,FALSE,0.482267755740018,1.00098647994955,-0.260885722849522,TRUE,1.03843006497906,1.00098757394102,-0.364450515188139,FALSE,0.604176254526285,1.0009862653062
54,"rand=1-1_rate=3_ROB=L_UH_Bias=Rct20_NRE20-35","1-1",3,"L_UH","Rct20_NRE20-35",0.182321556793955,0.182321556793955,0.182321556793955,0.182321556793955,0.182321556793955,0.300104592450338,0.210265541706272,0.210265541706272,-0.266126681094177,FALSE,0.507913377564659,1.00103659450192,-0.310926927861208,FALSE,0.235587280864098,1.00099711624632,-0.0542282660039657,TRUE,0.882282423732292,1.00102985883637,-0.332822905414974,FALSE,0.249514597266203,1.00105648342649
55,"rand=1-1_rate=3_ROB=L_UH_Bias=Rct20_NRE20-35","1-1",3,"L_UH","Rct20_NRE20-35",0.182321556793955,0.182321556793955,0.182321556793955,0.182321556793955,0.182321556793955,0.300104592450338,0.190810528787854,0.190810528787854,-0.220391355331808,FALSE,0.49024251513618,1.00104880139355,-0.270444621426624,FALSE,0.284383144106216,1.001031498312,-0.142764893998401,TRUE,0.893395099065784,1.00100480181034,-0.288597257187502,FALSE,0.314404211840392,1.00103177439335
56,"rand=1-1_rate=3_ROB=L_UH_Bias=Rct20_NRE20-35","1-1",3,"L_UH","Rct20_NRE20-35",0.182321556793955,0.182321556793955,0.182321556793955,0.182321556793955,0.182321556793955,0.300104592450338,0.202891242960018,0.202891242960018,-0.285811344151431,FALSE,0.5766990375238,1.00098779159029,-0.320361449476618,FALSE,0.370616403333117,1.00099479702602,-0.163374086367865,TRUE,0.722262755018861,1.00115856664513,-0.352451423866803,FALSE,0.466538951111278,1.00100284781912
57,"rand=1-1_rate=3_ROB=L_UH_Bias=Rct20_NRE20-35","1-1",3,"L_UH","Rct20_NRE20-35",0.182321556793955,0.182321556793955,0.182321556793955,0.182321556793955,0.182321556793955,0.300104592450338,0.208937092948183,0.208937092948183,-0.0781531859344649,TRUE,0.451492342448306,1.00099654908151,-0.203429551143773,FALSE,0.397132656911593,1.00098652771535,-0.0594076912017796,TRUE,0.886031585996933,1.00099481796866,-0.234014505115709,FALSE,0.483833960842982,1.00100070505336
58,"rand=1-1_rate=3_ROB=L_UH_Bias=Rct20_NRE20-35","1-1",3,"L_UH","Rct20_NRE20-35",0.182321556793955,0.182321556793955,0.182321556793955,0.182321556793955,0.182321556793955,0.300104592450338,0.200017505645539,0.200017505645539,-0.085933630583708,TRUE,0.519249625191468,1.00122845141239,-0.102970751289021,TRUE,0.3327879641304,1.00101498816337,-0.123833030067809,TRUE,0.88841335271626,1.00112723278639,-0.100173946025075,TRUE,0.397331602692682,1.00099001490362
59,"rand=1-1_rate=3_ROB=L_UH_Bias=Rct20_NRE20-35","1-1",3,"L_UH","Rct20_NRE20-35",0.182321556793955,0.182321556793955,0.182321556793955,0.182321556793955,0.182321556793955,0.300104592450338,0.220411521318446,0.220411521318446,-0.302759745205769,FALSE,0.513191819602165,1.00099801882034,-0.193509649671638,FALSE,0.329442260435659,1.00099109177393,-0.537275043424392,FALSE,1.10811968444071,1.00100117338198,-0.140723684520245,TRUE,0.348579864552677,1.00098753598627
60,"rand=1-1_rate=3_ROB=L_UH_Bias=Rct20_NRE20-35","1-1",3,"L_UH","Rct20_NRE20-35",0.182321556793955,0.182321556793955,0.182321556793955,0.182321556793955,0.182321556793955,0.300104592450338,0.194469851096921,0.194469851096921,-0.366132423158302,FALSE,0.657983499897916,1.00101352544533,-0.369608167137128,FALSE,0.431967013053058,1.00098620938073,-0.517417372161379,FALSE,1.07104059194926,1.00110485157092,-0.339752667192802,FALSE,0.51566873609615,1.00098712691645
61,"rand=1-1_rate=3_ROB=L_UH_Bias=Rct20_NRE20-35","1-1",3,"L_UH","Rct20_NRE20-35",0.182321556793955,0.182321556793955,0.182321556793955,0.182321556793955,0.182321556793955,0.300104592450338,0.190659895522602,0.190659895522602,-0.0176546020628798,TRUE,0.452834079956371,1.0010299388064,-0.0655582432638886,TRUE,0.308630124694243,1.00098978224698,0.0910103956550898,TRUE,0.626515764240327,1.00099091996037,-0.100064691754386,TRUE,0.383044398473979,1.00106916074069
62,"rand=1-1_rate=3_ROB=L_UH_Bias=Rct20_NRE20-35","1-1",3,"L_UH","Rct20_NRE20-35",0.182321556793955,0.182321556793955,0.182321556793955,0.182321556793955,0.182321556793955,0.300104592450338,0.215151773176368,0.215151773176368,-0.257925733424083,FALSE,0.571906624675759,1.00120506453567,-0.277023133313538,FALSE,0.305079456852842,1.00104135718273,0.0990262011919553,TRUE,0.707850575399854,1.00098832106124,-0.340752194222067,FALSE,0.325393258216586,1.00098741262542
63,"rand=1-1_rate=3_ROB=L_UH_Bias=Rct20_NRE20-35","1-1",3,"L_UH","Rct20_NRE20-35",0.182321556793955,0.182321556793955,0.182321556793955,0.182321556793955,0.182321556793955,0.300104592450338,0.209622957320676,0.209622957320676,-0.175807169567155,TRUE,0.600829608702998,1.00099171222537,-0.10417487783169,TRUE,0.366231455957361,1.00098639619942,-0.59665503363978,TRUE,1.54289591320837,1.00099417973261,-0.0246812249017236,TRUE,0.350429383453389,1.0009975892335
64,"rand=1-1_rate=3_ROB=L_UH_Bias=Rct20_NRE20-35","1-1",3,"L_UH","Rct20_NRE20-35",0.182321556793955,0.182321556793955,0.182321556793955,0.182321556793955,0.182321556793955,0.300104592450338,0.20864426568183,0.20864426568183,-0.298297825377627,FALSE,0.665086364640489,1.00098634901826,-0.30866248396376,FALSE,0.451441278126729,1.00099220286786,-0.0675029676602941,TRUE,1.24159245766802,1.00099215580756,-0.368209098265725,FALSE,0.526998021999728,1.00099774989243
65,"rand=1-1_rate=3_ROB=L_UH_Bias=Rct20_NRE20-35","1-1",3,"L_UH","Rct20_NRE20-35",0.182321556793955,0.182321556793955,0.182321556793955,0.182321556793955,0.182321556793955,0.300104592450338,0.217099749540469,0.217099749540469,-0.145745801368234,TRUE,0.568398221445289,1.0010062675361,-0.170834982864654,TRUE,0.373294289366364,1.00102028731744,0.15096828889118,TRUE,1.12159453110516,1.00098621658906,-0.258231142420048,FALSE,0.358029682262176,1.00098725293507
66,"rand=1-1_rate=3_ROB=L_UH_Bias=Rct20_NRE20-35","1-1",3,"L_UH","Rct20_NRE20-35",0.182321556793955,0.182321556793955,0.182321556793955,0.182321556793955,0.182321556793955,0.300104592450338,0.20038094165779,0.20038094165779,-0.153031516220084,TRUE,0.643653306656223,1.00101329734586,-0.211646778059225,FALSE,0.461977548504986,1.00098746558077,-0.551414001372674,FALSE,1.31341926587706,1.0010953107299,-0.134811430294228,TRUE,0.508037959517298,1.00099661272194
67,"rand=1-1_rate=3_ROB=L_UH_Bias=Rct20_NRE20-35","1-1",3,"L_UH","Rct20_NRE20-35",0.182321556793955,0.182321556793955,0.182321556793955,0.182321556793955,0.182321556793955,0.300104592450338,0.199356363742159,0.199356363742159,-0.0289321396579834,TRUE,0.455552802358978,1.00108534429805,-0.154971843000573,TRUE,0.325476151744606,1.00102701139177,0.174827346550675,TRUE,0.679409981065499,1.00098868858624,-0.227667415998415,FALSE,0.366870362017343,1.00100223977568
68,"rand=1-1_rate=3_ROB=L_UH_Bias=Rct20_NRE20-35","1-1",3,"L_UH","Rct20_NRE20-35",0.182321556793955,0.182321556793955,0.182321556793955,0.182321556793955,0.182321556793955,0.300104592450338,0.210073492337116,0.210073492337116,-0.12762393187862,TRUE,0.603250539046623,1.00103053789538,-0.139375814848314,TRUE,0.393616946682088,1.00098603352791,-0.219720666008401,TRUE,1.3643571128844,1.0010338625244,-0.120354937283038,TRUE,0.436718664903235,1.000993283238
69,"rand=1-1_rate=3_ROB=L_UH_Bias=Rct20_NRE20-35","1-1",3,"L_UH","Rct20_NRE20-35",0.182321556793955,0.182321556793955,0.182321556793955,0.182321556793955,0.182321556793955,0.300104592450338,0.206439812290057,0.206439812290057,-0.263046660361791,TRUE,0.653062963593058,1.00104702968828,-0.25408234862922,FALSE,0.461010609165287,1.00101385905349,-0.204016031660395,TRUE,0.866313774277152,1.00099681163699,-0.26313747598726,TRUE,0.59749345582015,1.00099092903949
70,"rand=1-1_rate=3_ROB=L_UH_Bias=Rct20_NRE20-35","1-1",3,"L_UH","Rct20_NRE20-35",0.182321556793955,0.182321556793955,0.182321556793955,0.182321556793955,0.182321556793955,0.300104592450338,0.210233642797561,0.210233642797561,-0.0821498654046597,TRUE,0.472293400464066,1.00100243128077,-0.0691498171134006,TRUE,0.269072164296662,1.00099071575036,-0.130910831128141,TRUE,0.787621305341355,1.00098728363534,-0.0584276539046342,TRUE,0.309861108876469,1.00108344207428
71,"rand=1-1_rate=3_ROB=L_UH_Bias=Rct20_NRE20-35","1-1",3,"L_UH","Rct20_NRE20-35",0.182321556793955,0.182321556793955,0.182321556793955,0.182321556793955,0.182321556793955,0.300104592450338,0.200654813154594,0.200654813154594,-0.222394972269145,TRUE,0.655159556623063,1.00104002939127,-0.233213852443362,FALSE,0.468339850814449,1.00105577770363,-0.479938734410146,TRUE,1.18001485852176,1.0009863363796,-0.179279827305806,TRUE,0.548321301672936,1.00100409236303
72,"rand=1-1_rate=3_ROB=L_UH_Bias=Rct20_NRE20-35","1-1",3,"L_UH","Rct20_NRE20-35",0.182321556793955,0.182321556793955,0.182321556793955,0.182321556793955,0.182321556793955,0.300104592450338,0.207349525742424,0.207349525742424,-0.213579037804661,TRUE,0.600608781090917,1.00104395097659,-0.230511577746257,FALSE,0.386023418821344,1.0010051241042,-0.0112587840429861,TRUE,0.722121923841875,1.00155281778896,-0.282222515484421,FALSE,0.483489254997001,1.00100277623343
73,"rand=1-1_rate=3_ROB=L_UH_Bias=Rct20_NRE20-35","1-1",3,"L_UH","Rct20_NRE20-35",0.182321556793955,0.182321556793955,0.182321556793955,0.182321556793955,0.182321556793955,0.300104592450338,0.176963081054819,0.177577226517268,-0.269880004240685,FALSE,0.598208238654583,1.00123275478818,-0.189258448497998,FALSE,0.380036187743641,1.00099193355859,-0.288965594956438,TRUE,1.00109133125439,1.0010008372672,-0.168314237766969,TRUE,0.446483067869905,1.00100473457144
74,"rand=1-1_rate=3_ROB=L_UH_Bias=Rct20_NRE20-35","1-1",3,"L_UH","Rct20_NRE20-35",0.182321556793955,0.182321556793955,0.182321556793955,0.182321556793955,0.182321556793955,0.300104592450338,0.198392237044672,0.198392237044672,-0.380014135975629,FALSE,0.766082207247514,1.00100306517055,-0.369727281980504,FALSE,0.532107658061862,1.00098606210655,-0.532225746596661,TRUE,1.42157028014565,1.00107219186302,-0.327387726751046,FALSE,0.626856655388896,1.0010318071827
75,"rand=1-1_rate=3_ROB=L_UH_Bias=Rct20_NRE20-35","1-1",3,"L_UH","Rct20_NRE20-35",0.182321556793955,0.182321556793955,0.182321556793955,0.182321556793955,0.182321556793955,0.300104592450338,0.198121737531013,0.198121737531013,-0.278574465275344,FALSE,0.599212133949751,1.00099705108552,-0.239176580159125,FALSE,0.335535654040614,1.00099605678147,-0.411998305845561,TRUE,1.52469013922069,1.00098734442174,-0.213878127791715,FALSE,0.352265798688002,1.00101455408059
76,"rand=1-1_rate=3_ROB=L_UH_Bias=Rct20_NRE20-35","1-1",3,"L_UH","Rct20_NRE20-35",0.182321556793955,0.182321556793955,0.182321556793955,0.182321556793955,0.182321556793955,0.300104592450338,0.208493237587996,0.208493237587996,-0.0644931378035474,TRUE,0.577982448566265,1.00109988052332,-0.119288465823743,TRUE,0.421436675874414,1.00098799059039,0.0972591709061889,TRUE,0.732416104162701,1.00102968544009,-0.182230614160531,TRUE,0.542276959876329,1.00098662763483
77,"rand=1-1_rate=3_ROB=L_UH_Bias=Rct20_NRE20-35","1-1",3,"L_UH","Rct20_NRE20-35",0.182321556793955,0.182321556793955,0.182321556793955,0.182321556793955,0.182321556793955,0.300104592450338,0.220130760159046,0.220130760159046,-0.253245892863043,TRUE,0.626899452382882,1.00111565257591,-0.273753316684814,FALSE,0.462447119808953,1.00105672163606,-0.268325180463999,TRUE,1.13974950998619,1.00124551043744,-0.27225034357149,FALSE,0.556551280621144,1.00098781847054
78,"rand=1-1_rate=3_ROB=L_UH_Bias=Rct20_NRE20-35","1-1",3,"L_UH","Rct20_NRE20-35",0.182321556793955,0.182321556793955,0.182321556793955,0.182321556793955,0.182321556793955,0.300104592450338,0.199643048071175,0.199643048071175,-0.181375242171358,TRUE,0.504070154554173,1.00099453163265,-0.242097246186158,FALSE,0.305081876427842,1.00099009427118,-0.058775307111842,TRUE,0.723370148533057,1.00099021538765,-0.2760613474437,FALSE,0.359770571225452,1.00110108608691
79,"rand=1-1_rate=3_ROB=L_UH_Bias=Rct20_NRE20-35","1-1",3,"L_UH","Rct20_NRE20-35",0.182321556793955,0.182321556793955,0.182321556793955,0.182321556793955,0.182321556793955,0.300104592450338,0.203975666311473,0.203975666311473,-0.123970218140154,TRUE,0.490162436926025,1.00100995162478,-0.13237595611845,TRUE,0.284221776774189,1.00105972556243,-0.096570950873202,TRUE,0.772661971032955,1.00136034854152,-0.138442547026056,TRUE,0.335535540749055,1.00099076213698
80,"rand=1-1_rate=3_ROB=L_UH_Bias=Rct20_NRE20-35","1-1",3,"L_UH","Rct20_NRE20-35",0.182321556793955,0.182321556793955,0.182321556793955,0.182321556793955,0.182321556793955,0.300104592450338,0.200896202354739,0.200896202354739,-0.248245235070665,TRUE,0.592706562249346,1.00112976089888,-0.271023558466483,FALSE,0.404099128462467,1.00098735271655,-0.182419068460181,TRUE,0.720399722061583,1.00118772447082,-0.294000604556752,FALSE,0.52762073714073,1.0009866547446
81,"rand=1-1_rate=3_ROB=L_UH_Bias=Rct20_NRE20-35","1-1",3,"L_UH","Rct20_NRE20-35",0.182321556793955,0.182321556793955,0.182321556793955,0.182321556793955,0.182321556793955,0.300104592450338,0.208796360517546,0.208796360517546,-0.15879921962873,TRUE,0.590715064614634,1.00099357475746,-0.204390286056375,FALSE,0.442668873765368,1.0010072399089,-0.226201387820173,TRUE,0.853611708601923,1.00105275422031,-0.195492540763133,TRUE,0.569670638851083,1.00101244063224
82,"rand=1-1_rate=3_ROB=L_UH_Bias=Rct20_NRE20-35","1-1",3,"L_UH","Rct20_NRE20-35",0.182321556793955,0.182321556793955,0.182321556793955,0.182321556793955,0.182321556793955,0.300104592450338,0.20753396421788,0.20753396421788,-0.24025590752159,TRUE,0.595603544472949,1.00116360573525,-0.323576611029533,FALSE,0.437003761131786,1.00108133078581,-0.433982236732534,TRUE,1.24111782003166,1.00111301718671,-0.300872253129521,FALSE,0.500556486117826,1.00098599416229
83,"rand=1-1_rate=3_ROB=L_UH_Bias=Rct20_NRE20-35","1-1",3,"L_UH","Rct20_NRE20-35",0.182321556793955,0.182321556793955,0.182321556793955,0.182321556793955,0.182321556793955,0.300104592450338,0.211890639382174,0.211890639382174,-0.0952528958630203,TRUE,0.508814995555839,1.00100067366382,-0.136946038244475,TRUE,0.336203562429127,1.00098599551695,-0.305316431368044,TRUE,0.9561562183446,1.00099315368874,-0.109118648656495,TRUE,0.385446725168961,1.00099181495112
84,"rand=1-1_rate=3_ROB=L_UH_Bias=Rct20_NRE20-35","1-1",3,"L_UH","Rct20_NRE20-35",0.182321556793955,0.182321556793955,0.182321556793955,0.182321556793955,0.182321556793955,0.300104592450338,0.19166942952647,0.19166942952647,-0.302405539600401,FALSE,0.673444681526642,1.00109312444387,-0.259663001682432,FALSE,0.468115456402427,1.00101544947401,-0.472686640411017,FALSE,1.14712836489339,1.00102014705534,-0.207312189711905,TRUE,0.548737842362611,1.00098733506018
85,"rand=1-1_rate=3_ROB=L_UH_Bias=Rct20_NRE20-35","1-1",3,"L_UH","Rct20_NRE20-35",0.182321556793955,0.182321556793955,0.182321556793955,0.182321556793955,0.182321556793955,0.300104592450338,0.186858925844812,0.186858925844812,0.0779842605305903,TRUE,0.484527277904166,1.00117332684269,0.0501821733801738,TRUE,0.333069545729143,1.00104375315705,0.268887072158624,TRUE,0.575886528945385,1.0015982932116,-0.00872984002255617,TRUE,0.416220518980899,1.0010648446596
86,"rand=1-1_rate=3_ROB=L_UH_Bias=Rct20_NRE20-35","1-1",3,"L_UH","Rct20_NRE20-35",0.182321556793955,0.182321556793955,0.182321556793955,0.182321556793955,0.182321556793955,0.300104592450338,0.200378434731674,0.200378434731674,-0.216597444287858,TRUE,0.589427667906108,1.00103180602148,-0.336985026174381,FALSE,0.434878501917556,1.00098656262497,-0.0924322026996502,TRUE,0.717122168734481,1.00107057917132,-0.397091633201221,FALSE,0.566113526743883,1.00098876032744
87,"rand=1-1_rate=3_ROB=L_UH_Bias=Rct20_NRE20-35","1-1",3,"L_UH","Rct20_NRE20-35",0.182321556793955,0.182321556793955,0.182321556793955,0.182321556793955,0.182321556793955,0.300104592450338,0.194600654186617,0.194600654186617,-0.236204916348242,TRUE,0.581612346376686,1.00098608453726,-0.233015013756858,FALSE,0.389642392965968,1.0011243187746,-0.223089297654666,TRUE,1.3399599106633,1.00100419829408,-0.237087570623185,FALSE,0.439920938174346,1.00102838326465
88,"rand=1-1_rate=3_ROB=L_UH_Bias=Rct20_NRE20-35","1-1",3,"L_UH","Rct20_NRE20-35",0.182321556793955,0.182321556793955,0.182321556793955,0.182321556793955,0.182321556793955,0.300104592450338,0.202484938212707,0.202484938212707,-0.315440478039818,FALSE,0.641053336962571,1.00103317344116,-0.37694556838538,FALSE,0.434887604920231,1.00103243073912,-0.136812663786663,TRUE,1.1300586841516,1.00098604329707,-0.428440544220709,FALSE,0.500639576983133,1.00098629768836
89,"rand=1-1_rate=3_ROB=L_UH_Bias=Rct20_NRE20-35","1-1",3,"L_UH","Rct20_NRE20-35",0.182321556793955,0.182321556793955,0.182321556793955,0.182321556793955,0.182321556793955,0.300104592450338,0.176200395118369,0.176200395118369,-0.218738083256819,FALSE,0.474303704232027,1.00108930913629,-0.217916438488219,FALSE,0.196590315195353,1.00104875713872,-0.196033705950966,TRUE,1.04873115737316,1.00099174685257,-0.219414791785167,FALSE,0.205419809105368,1.00099193505048
90,"rand=1-1_rate=3_ROB=L_UH_Bias=Rct20_NRE20-35","1-1",3,"L_UH","Rct20_NRE20-35",0.182321556793955,0.182321556793955,0.182321556793955,0.182321556793955,0.182321556793955,0.300104592450338,0.217743967506084,0.217743967506084,-0.401216215563514,FALSE,0.551001701657364,1.00100129854581,-0.214576198589739,FALSE,0.350033731463618,1.0010171057803,-0.477009326682158,FALSE,1.09592651419263,1.00104188649402,-0.168077233334357,TRUE,0.387655044487192,1.00099017040591
91,"rand=1-1_rate=3_ROB=L_UH_Bias=Rct20_NRE20-35","1-1",3,"L_UH","Rct20_NRE20-35",0.182321556793955,0.182321556793955,0.182321556793955,0.182321556793955,0.182321556793955,0.300104592450338,0.19572507450571,0.19572507450571,-0.0721190317856637,TRUE,0.542917139298943,1.00130489404935,-0.0655714952700266,TRUE,0.387402616754801,1.00101013554858,-0.124728344697975,TRUE,0.770213436256934,1.00100319108672,-0.0504936314435336,TRUE,0.496591178070735,1.00101192014607
92,"rand=1-1_rate=3_ROB=L_UH_Bias=Rct20_NRE20-35","1-1",3,"L_UH","Rct20_NRE20-35",0.182321556793955,0.182321556793955,0.182321556793955,0.182321556793955,0.182321556793955,0.300104592450338,0.19359162858951,0.19359162858951,-0.0810912279709852,TRUE,0.48713570389999,1.00108764574355,-0.156161630048746,FALSE,0.334708376889326,1.00098736272251,-0.162269761260213,TRUE,0.854618089247854,1.00119780795947,-0.15503794025351,TRUE,0.40436380447097,1.0009862517273
93,"rand=1-1_rate=3_ROB=L_UH_Bias=Rct20_NRE20-35","1-1",3,"L_UH","Rct20_NRE20-35",0.182321556793955,0.182321556793955,0.182321556793955,0.182321556793955,0.182321556793955,0.300104592450338,0.223379335057597,0.223379335057597,-0.190554713759709,TRUE,0.532619904224928,1.00098979208103,-0.212493240128526,FALSE,0.30867492633836,1.00099213771636,-0.399119793119173,TRUE,1.16413580865509,1.00099680512465,-0.183475098364872,FALSE,0.334691300302844,1.00098608282345
94,"rand=1-1_rate=3_ROB=L_UH_Bias=Rct20_NRE20-35","1-1",3,"L_UH","Rct20_NRE20-35",0.182321556793955,0.182321556793955,0.182321556793955,0.182321556793955,0.182321556793955,0.300104592450338,0.199616245069108,0.199616245069108,-0.277080023240509,FALSE,0.587264911170687,1.00103522305023,-0.202214381011951,FALSE,0.353201692482394,1.00099141462747,-0.321291817850067,TRUE,1.05585840310076,1.00102984169911,-0.179219406753587,TRUE,0.39840401766877,1.00101522488871
95,"rand=1-1_rate=3_ROB=L_UH_Bias=Rct20_NRE20-35","1-1",3,"L_UH","Rct20_NRE20-35",0.182321556793955,0.182321556793955,0.182321556793955,0.182321556793955,0.182321556793955,0.300104592450338,0.187720837096169,0.187720837096169,-0.187566714818572,TRUE,0.518793125967915,1.00110269170585,-0.208696835113557,FALSE,0.286765373942122,1.0009860228937,-0.120297901976903,TRUE,1.26202903126441,1.00100795135039,-0.216110828940058,FALSE,0.297260337361037,1.00098611367958
96,"rand=1-1_rate=3_ROB=L_UH_Bias=Rct20_NRE20-35","1-1",3,"L_UH","Rct20_NRE20-35",0.182321556793955,0.182321556793955,0.182321556793955,0.182321556793955,0.182321556793955,0.300104592450338,0.204162690183328,0.204162690183328,-0.167094959699127,TRUE,0.678643169232301,1.00120709789962,-0.210045612483714,TRUE,0.49409124896212,1.00098700832635,-0.0340934599672837,TRUE,0.884530595747164,1.00098621852315,-0.268639584334486,TRUE,0.640870015956263,1.00099164560881
97,"rand=1-1_rate=3_ROB=L_UH_Bias=Rct20_NRE20-35","1-1",3,"L_UH","Rct20_NRE20-35",0.182321556793955,0.182321556793955,0.182321556793955,0.182321556793955,0.182321556793955,0.300104592450338,0.198699997576788,0.198699997576788,-0.322088069967747,FALSE,0.665366113390894,1.0010175676799,-0.218196482093958,FALSE,0.421328182763661,1.00099617194047,-0.680586011790423,FALSE,1.11767909354853,1.00106479582512,-0.125548662111953,TRUE,0.457359368135341,1.00098800672186
98,"rand=1-1_rate=3_ROB=L_UH_Bias=Rct20_NRE20-35","1-1",3,"L_UH","Rct20_NRE20-35",0.182321556793955,0.182321556793955,0.182321556793955,0.182321556793955,0.182321556793955,0.300104592450338,0.192459318261147,0.192459318261147,-0.262061936102475,FALSE,0.523031231177968,1.00103826196009,-0.243230612310666,FALSE,0.294713817322826,1.00098687211911,-0.251479011702965,TRUE,0.956729388019838,1.00100330952445,-0.242439902289551,FALSE,0.335006802093445,1.00117585259741
99,"rand=1-1_rate=3_ROB=L_UH_Bias=Rct20_NRE20-35","1-1",3,"L_UH","Rct20_NRE20-35",0.182321556793955,0.182321556793955,0.182321556793955,0.182321556793955,0.182321556793955,0.300104592450338,0.208357426496356,0.208357426496356,-0.0183241068385775,TRUE,0.428961892632607,1.00098735237056,-0.111465260944801,TRUE,0.304197240550353,1.00100731628174,-0.0552263219113118,TRUE,0.684020763803009,1.0009935170965,-0.121284763537383,TRUE,0.371189046590969,1.00098607819673
100,"rand=1-1_rate=3_ROB=L_UH_Bias=Rct20_NRE20-35","1-1",3,"L_UH","Rct20_NRE20-35",0.182321556793955,0.182321556793955,0.182321556793955,0.182321556793955,0.182321556793955,0.300104592450338,0.216598034425635,0.216598034425635,-0.16854019351669,TRUE,0.566875660816915,1.00099765443602,-0.154431888374901,TRUE,0.351862773052684,1.00104949335339,-0.0443273820231336,TRUE,1.16193928184983,1.00105928428569,-0.178653581204574,TRUE,0.404667485908093,1.0010258354478
101,"rand=1-1_rate=3_ROB=L_UH_Bias=Rct20_NRE20-35","1-1",3,"L_UH","Rct20_NRE20-35",0.182321556793955,0.182321556793955,0.182321556793955,0.182321556793955,0.182321556793955,0.300104592450338,0.207215106114591,0.207215106114591,-0.203095966130411,TRUE,0.658407567904063,1.00098642827427,-0.203853214885009,TRUE,0.500025103935941,1.00101782540046,-0.169094196125612,TRUE,0.943490824746874,1.00103445316127,-0.21112908294718,TRUE,0.643680358517859,1.00102528479757
102,"rand=1-1_rate=3_ROB=L_UH_Bias=Rct20_NRE20-35","1-1",3,"L_UH","Rct20_NRE20-35",0.182321556793955,0.182321556793955,0.182321556793955,0.182321556793955,0.182321556793955,0.300104592450338,0.18345123537785,0.183809892820562,-0.0641600715075525,TRUE,0.489852124665053,1.00098713072441,-0.0972814731375617,TRUE,0.339073622784629,1.00100123131303,0.0119845811104405,TRUE,0.800458134033047,1.00107550238817,-0.118045126244261,TRUE,0.408858852132394,1.00099635164356
103,"rand=1-1_rate=3_ROB=L_UH_Bias=Rct20_NRE20-35","1-1",3,"L_UH","Rct20_NRE20-35",0.182321556793955,0.182321556793955,0.182321556793955,0.182321556793955,0.182321556793955,0.300104592450338,0.193861758188723,0.193861758188723,-0.149500474497293,TRUE,0.51894755609383,1.00100486341899,-0.245047740215635,FALSE,0.366667351777629,1.00098602917636,-0.113067243384218,TRUE,1.03936575931486,1.00119714592968,-0.273510765008861,FALSE,0.426276905759897,1.00098662151778
104,"rand=1-1_rate=3_ROB=L_UH_Bias=Rct20_NRE20-35","1-1",3,"L_UH","Rct20_NRE20-35",0.182321556793955,0.182321556793955,0.182321556793955,0.182321556793955,0.182321556793955,0.300104592450338,0.18614502710762,0.18614502710762,-0.243617653290408,TRUE,0.57699585497214,1.0011899034049,-0.181233136966245,FALSE,0.371410784000379,1.0009890329953,-0.183384526734054,TRUE,0.810074127516904,1.00103792884418,-0.180535584365958,TRUE,0.461414712773038,1.00104441484334
105,"rand=1-1_rate=3_ROB=L_UH_Bias=Rct20_NRE20-35","1-1",3,"L_UH","Rct20_NRE20-35",0.182321556793955,0.182321556793955,0.182321556793955,0.182321556793955,0.182321556793955,0.300104592450338,0.195043305862509,0.195043305862509,-0.383552687195775,FALSE,0.774307316693028,1.00104211400538,-0.398814232666969,FALSE,0.547182148724406,1.00101920738551,-0.579378410416478,TRUE,1.51007323231847,1.00099664888918,-0.354613175417166,FALSE,0.634576176531628,1.00099872242092
106,"rand=1-1_rate=3_ROB=L_UH_Bias=Rct20_NRE20-35","1-1",3,"L_UH","Rct20_NRE20-35",0.182321556793955,0.182321556793955,0.182321556793955,0.182321556793955,0.182321556793955,0.300104592450338,0.208531172680105,0.208531172680105,-0.250063370498833,TRUE,0.588111968334292,1.00098693211787,-0.267928963483908,FALSE,0.35977661209138,1.00102560920899,-0.310174411593068,TRUE,1.3588063208688,1.00099570497811,-0.259531165911325,FALSE,0.386411487280922,1.00099330544869
107,"rand=1-1_rate=3_ROB=L_UH_Bias=Rct20_NRE20-35","1-1",3,"L_UH","Rct20_NRE20-35",0.182321556793955,0.182321556793955,0.182321556793955,0.182321556793955,0.182321556793955,0.300104592450338,0.205045476645131,0.205045476645131,-0.118730572262793,TRUE,0.461390417717281,1.00100702796973,-0.251040925919817,FALSE,0.423089610872852,1.00100087778978,-0.0344811459528671,TRUE,0.779108889017344,1.00130909376342,-0.307615270977478,FALSE,0.535450245525363,1.00101960068478
108,"rand=1-1_rate=3_ROB=L_UH_Bias=Rct20_NRE20-35","1-1",3,"L_UH","Rct20_NRE20-35",0.182321556793955,0.182321556793955,0.182321556793955,0.182321556793955,0.182321556793955,0.300104592450338,0.217114215788323,0.217114215788323,-0.11682148988486,TRUE,0.567687190635606,1.00098605177163,-0.179076578012318,TRUE,0.376221026611186,1.00099197290832,0.169843033917415,TRUE,0.67592729128772,1.00110028826023,-0.277003239191226,FALSE,0.438349965609883,1.0009893072157
109,"rand=1-1_rate=3_ROB=L_UH_Bias=Rct20_NRE20-35","1-1",3,"L_UH","Rct20_NRE20-35",0.182321556793955,0.182321556793955,0.182321556793955,0.182321556793955,0.182321556793955,0.300104592450338,0.214805883169194,0.214805883169194,-0.107221814625893,TRUE,0.509759063980023,1.0014013845293,-0.181043880102935,FALSE,0.37256632699942,1.00098601363948,-0.141560570743961,TRUE,0.704213592899911,1.00103885355482,-0.191438673938195,TRUE,0.478284519817081,1.00102459411659
110,"rand=1-1_rate=3_ROB=L_UH_Bias=Rct20_NRE20-35","1-1",3,"L_UH","Rct20_NRE20-35",0.182321556793955,0.182321556793955,0.182321556793955,0.182321556793955,0.182321556793955,0.300104592450338,0.202733230370943,0.202733230370943,-0.269858588866656,FALSE,0.594399536727113,1.00105999916833,-0.201192293079636,FALSE,0.379858389685554,1.00099618751825,-0.335575765823704,TRUE,1.22860610707881,1.00104628448795,-0.172177774564101,TRUE,0.428653973322014,1.00100113678054
111,"rand=1-1_rate=3_ROB=L_UH_Bias=Rct20_NRE20-35","1-1",3,"L_UH","Rct20_NRE20-35",0.182321556793955,0.182321556793955,0.182321556793955,0.182321556793955,0.182321556793955,0.300104592450338,0.207989968832509,0.207989968832509,-0.149249881806648,TRUE,0.566003735158227,1.00107648305936,-0.131900582400656,TRUE,0.346878972118712,1.00099912028047,-0.262235321573227,TRUE,1.46525007716303,1.00100074378851,-0.106386362852966,TRUE,0.359071207442177,1.00098601244431
112,"rand=1-1_rate=3_ROB=L_UH_Bias=Rct20_NRE20-35","1-1",3,"L_UH","Rct20_NRE20-35",0.182321556793955,0.182321556793955,0.182321556793955,0.182321556793955,0.182321556793955,0.300104592450338,0.197908648672027,0.197908648672027,-0.135601563575857,TRUE,0.549258971097846,1.00107971363277,-0.183402491458069,FALSE,0.376883144722375,1.00099451058943,0.0196307452927258,TRUE,0.936384853647006,1.00098775380783,-0.228935754006406,FALSE,0.44305644614947,1.00098693130108
113,"rand=1-1_rate=3_ROB=L_UH_Bias=Rct20_NRE20-35","1-1",3,"L_UH","Rct20_NRE20-35",0.182321556793955,0.182321556793955,0.182321556793955,0.182321556793955,0.182321556793955,0.300104592450338,0.186073991395551,0.186073991395551,-0.275053175144727,TRUE,0.654281030439602,1.00099189099982,-0.231871686130966,FALSE,0.418493068193022,1.00099217216558,-0.421601738168493,TRUE,1.23080429274068,1.00104146809393,-0.194129841940196,TRUE,0.482663216408906,1.0010307049735
114,"rand=1-1_rate=3_ROB=L_UH_Bias=Rct20_NRE20-35","1-1",3,"L_UH","Rct20_NRE20-35",0.182321556793955,0.182321556793955,0.182321556793955,0.182321556793955,0.182321556793955,0.300104592450338,0.196582870505516,0.196582870505516,-0.467666204799962,FALSE,0.641748426258931,1.00099289184239,-0.386169523316292,FALSE,0.373178656614092,1.00098712726878,-0.501984550172707,FALSE,1.00544195262677,1.0010184851573,-0.366058982741335,FALSE,0.437528709495061,1.00099612685293
115,"rand=1-1_rate=3_ROB=L_UH_Bias=Rct20_NRE20-35","1-1",3,"L_UH","Rct20_NRE20-35",0.182321556793955,0.182321556793955,0.182321556793955,0.182321556793955,0.182321556793955,0.300104592450338,0.20618570654041,0.20618570654041,-0.13928422998939,TRUE,0.592403640277147,1.00109887994368,-0.198375724503843,TRUE,0.439014755988716,1.00098798885112,0.00805566936709523,TRUE,0.848268208861633,1.00098604256924,-0.255402327622888,FALSE,0.547041525334007,1.00100232307956
116,"rand=1-1_rate=3_ROB=L_UH_Bias=Rct20_NRE20-35","1-1",3,"L_UH","Rct20_NRE20-35",0.182321556793955,0.182321556793955,0.182321556793955,0.182321556793955,0.182321556793955,0.300104592450338,0.187647066780021,0.187647066780021,-0.104612530801574,TRUE,0.51339860550629,1.00098642799528,-0.108869486211499,TRUE,0.334286559716541,1.00100481926841,-0.029475503704115,TRUE,0.788949790733632,1.00117030014713,-0.126596032337867,TRUE,0.406237808689722,1.00100683510346
117,"rand=1-1_rate=3_ROB=L_UH_Bias=Rct20_NRE20-35","1-1",3,"L_UH","Rct20_NRE20-35",0.182321556793955,0.182321556793955,0.182321556793955,0.182321556793955,0.182321556793955,0.300104592450338,0.204993152321551,0.204993152321551,-0.234275170285757,TRUE,0.549322994562777,1.00124471282869,-0.145511346805918,FALSE,0.283007460625938,1.00098646332431,-0.337463307698014,TRUE,1.19983529378492,1.00108311890908,-0.118656140780438,TRUE,0.301281810923639,1.00109116068717
118,"rand=1-1_rate=3_ROB=L_UH_Bias=Rct20_NRE20-35","1-1",3,"L_UH","Rct20_NRE20-35",0.182321556793955,0.182321556793955,0.182321556793955,0.182321556793955,0.182321556793955,0.300104592450338,0.209495447535184,0.209495447535184,-0.107342990714698,TRUE,0.495854843539695,1.00098602190001,-0.0338892162898494,TRUE,0.303989106892748,1.00110228831304,-0.244359361090158,TRUE,1.14908729777311,1.00105231545377,0.000525672715911085,TRUE,0.334184689167956,1.0009877132015
119,"rand=1-1_rate=3_ROB=L_UH_Bias=Rct20_NRE20-35","1-1",3,"L_UH","Rct20_NRE20-35",0.182321556793955,0.182321556793955,0.182321556793955,0.182321556793955,0.182321556793955,0.300104592450338,0.215998083343422,0.215998083343422,-0.155580265486445,TRUE,0.587550635921512,1.00098629375773,-0.147935556335234,TRUE,0.389400435307866,1.00099177419275,-0.110904725499173,TRUE,1.41803209968474,1.00098736736353,-0.161237429419131,TRUE,0.430510186095572,1.0009970494637
120,"rand=1-1_rate=3_ROB=L_UH_Bias=Rct20_NRE20-35","1-1",3,"L_UH","Rct20_NRE20-35",0.182321556793955,0.182321556793955,0.182321556793955,0.182321556793955,0.182321556793955,0.300104592450338,0.195315769581087,0.195315769581087,-0.0792607750483223,TRUE,0.613426103811627,1.00099501438509,-0.190396918138165,TRUE,0.458635296893475,1.00099741691746,0.173154696956405,TRUE,0.548444853129381,1.00121505380299,-0.31027542562631,FALSE,0.622462561460693,1.00099676384516
121,"rand=1-1_rate=3_ROB=L_UH_Bias=Rct20_NRE20-35","1-1",3,"L_UH","Rct20_NRE20-35",0.182321556793955,0.182321556793955,0.182321556793955,0.182321556793955,0.182321556793955,0.300104592450338,0.206502509449965,0.206502509449965,-0.158623372475871,TRUE,0.564895768590704,1.00099512981346,-0.248585116444802,FALSE,0.43242409455724,1.00099248650169,-0.201563665506889,TRUE,0.973077570375516,1.00099758966468,-0.260048640479975,FALSE,0.531593029824689,1.00098613139125
122,"rand=1-1_rate=3_ROB=L_UH_Bias=Rct20_NRE20-35","1-1",3,"L_UH","Rct20_NRE20-35",0.182321556793955,0.182321556793955,0.182321556793955,0.182321556793955,0.182321556793955,0.300104592450338,0.216887212794642,0.216887212794642,-0.251958440120704,TRUE,0.610993542196762,1.00098771877751,-0.402629727061196,FALSE,0.520459546336906,1.00101989806474,-0.038537936477969,TRUE,0.776914960457384,1.00098620202174,-0.517202577173798,FALSE,0.669040184559988,1.00102912440703
123,"rand=1-1_rate=3_ROB=L_UH_Bias=Rct20_NRE20-35","1-1",3,"L_UH","Rct20_NRE20-35",0.182321556793955,0.182321556793955,0.182321556793955,0.182321556793955,0.182321556793955,0.300104592450338,0.207131007337815,0.207131007337815,-0.237926366782426,TRUE,0.624955907984672,1.00106063296463,-0.263868754522123,FALSE,0.445917039610754,1.00099104277743,-0.122310361082536,TRUE,0.802597418688255,1.00118872272409,-0.305268048286234,FALSE,0.579963906934814,1.00098637104529
124,"rand=1-1_rate=3_ROB=L_UH_Bias=Rct20_NRE20-35","1-1",3,"L_UH","Rct20_NRE20-35",0.182321556793955,0.182321556793955,0.182321556793955,0.182321556793955,0.182321556793955,0.300104592450338,0.220659179472162,0.220659179472162,-0.304378324093286,TRUE,0.720336465955278,1.00136226187709,-0.189762274577963,FALSE,0.409748365294129,1.00100372819457,-0.851102403220453,FALSE,1.25934249354683,1.0010345395424,-0.077657535181326,TRUE,0.391220585989947,1.00098652225758
125,"rand=1-1_rate=3_ROB=L_UH_Bias=Rct20_NRE20-35","1-1",3,"L_UH","Rct20_NRE20-35",0.182321556793955,0.182321556793955,0.182321556793955,0.182321556793955,0.182321556793955,0.300104592450338,0.19880286353966,0.19880286353966,-0.19879085466864,TRUE,0.542549326657554,1.00136384835045,-0.27877450769469,FALSE,0.361884739123961,1.00100229169825,-0.152277041530578,TRUE,0.774970311403296,1.00106132776363,-0.301571372915151,FALSE,0.448631278553842,1.00098664223179
126,"rand=1-1_rate=3_ROB=L_UH_Bias=Rct20_NRE20-35","1-1",3,"L_UH","Rct20_NRE20-35",0.182321556793955,0.182321556793955,0.182321556793955,0.182321556793955,0.182321556793955,0.300104592450338,0.216435314673148,0.216435314673148,-0.268532057752103,TRUE,0.625183498755247,1.00100790293273,-0.275573673135991,FALSE,0.406858387750465,1.00099113440459,-0.382989121458282,TRUE,1.15081162329916,1.00100677745585,-0.250144140564952,FALSE,0.474399392768345,1.00101884297592
127,"rand=1-1_rate=3_ROB=L_UH_Bias=Rct20_NRE20-35","1-1",3,"L_UH","Rct20_NRE20-35",0.182321556793955,0.182321556793955,0.182321556793955,0.182321556793955,0.182321556793955,0.300104592450338,0.202090939683361,0.202090939683361,-0.324175311902247,FALSE,0.604854265741128,1.00099711976382,-0.283454771345453,FALSE,0.36057443114151,1.00106752300547,-0.228519794608593,TRUE,0.890057481044008,1.00111575588298,-0.294613766738404,FALSE,0.433078920315121,1.0009898721436
128,"rand=1-1_rate=3_ROB=L_UH_Bias=Rct20_NRE20-35","1-1",3,"L_UH","Rct20_NRE20-35",0.182321556793955,0.182321556793955,0.182321556793955,0.182321556793955,0.182321556793955,0.300104592450338,0.204541673348481,0.204541673348481,-0.190713257244843,TRUE,0.612674565407141,1.00145113864974,-0.279328417463081,FALSE,0.44580297520337,1.00098600979577,0.0724737480015141,TRUE,0.652631898078154,1.00098982629943,-0.388428132445752,FALSE,0.571969660088475,1.00098691364847
129,"rand=1-1_rate=3_ROB=L_UH_Bias=Rct20_NRE20-35","1-1",3,"L_UH","Rct20_NRE20-35",0.182321556793955,0.182321556793955,0.182321556793955,0.182321556793955,0.182321556793955,0.300104592450338,0.193001917723823,0.193001917723823,-0.136072115619973,TRUE,0.441301374632122,1.0010585975035,-0.100536493757106,TRUE,0.205651333749171,1.00123923821571,-0.0134507277687665,TRUE,0.867730664793595,1.00102048445567,-0.11019516715436,FALSE,0.216903000870753,1.00098834226463
130,"rand=1-1_rate=3_ROB=L_UH_Bias=Rct20_NRE20-35","1-1",3,"L_UH","Rct20_NRE20-35",0.182321556793955,0.182321556793955,0.182321556793955,0.182321556793955,0.182321556793955,0.300104592450338,0.188842563894235,0.188842563894235,-0.2244989904721,TRUE,0.72515275783981,1.00099076522987,-0.229334591347188,FALSE,0.50638255911596,1.00100029902249,-0.259317873624249,TRUE,1.63354954912185,1.00098640675849,-0.222702682139301,TRUE,0.577433030957754,1.0010396818146
131,"rand=1-1_rate=3_ROB=L_UH_Bias=Rct20_NRE20-35","1-1",3,"L_UH","Rct20_NRE20-35",0.182321556793955,0.182321556793955,0.182321556793955,0.182321556793955,0.182321556793955,0.300104592450338,0.201527370698745,0.201527370698745,-0.244084043042858,TRUE,0.684916631600078,1.00102507958072,-0.241127658359095,FALSE,0.46982702543468,1.00098902372779,-0.348561892358618,TRUE,1.42850124821163,1.00102846074719,-0.215025546482818,TRUE,0.538091723301256,1.00103207517986
132,"rand=1-1_rate=3_ROB=L_UH_Bias=Rct20_NRE20-35","1-1",3,"L_UH","Rct20_NRE20-35",0.182321556793955,0.182321556793955,0.182321556793955,0.182321556793955,0.182321556793955,0.300104592450338,0.18810263103909,0.18810263103909,-0.15541484178828,TRUE,0.5062362084685,1.00103347646876,-0.115270804489968,TRUE,0.278442780282374,1.00098778200661,-0.258825844423122,TRUE,1.00650237824677,1.00122353075301,-0.0926977296537734,TRUE,0.304170594615961,1.00105751370918
133,"rand=1-1_rate=3_ROB=L_UH_Bias=Rct20_NRE20-35","1-1",3,"L_UH","Rct20_NRE20-35",0.182321556793955,0.182321556793955,0.182321556793955,0.182321556793955,0.182321556793955,0.300104592450338,0.197577893246337,0.197577893246337,-0.155317506895694,TRUE,0.569945263762832,1.00101081441897,-0.133264479757719,TRUE,0.382996990671077,1.00099718887658,-0.0466734206168553,TRUE,0.950791536830308,1.00099064537293,-0.155253261360085,TRUE,0.465298435302218,1.00099328947664
134,"rand=1-1_rate=3_ROB=L_UH_Bias=Rct20_NRE20-35","1-1",3,"L_UH","Rct20_NRE20-35",0.182321556793955,0.182321556793955,0.182321556793955,0.182321556793955,0.182321556793955,0.300104592450338,0.191450364097709,0.191450364097709,-0.159606252873632,TRUE,0.548737407977507,1.0012002234555,-0.231699057514208,FALSE,0.391603617477237,1.00098599521892,-0.31096769423662,TRUE,1.02345405623539,1.00099650415206,-0.213173201590416,FALSE,0.463812449964178,1.00099118076913
135,"rand=1-1_rate=3_ROB=L_UH_Bias=Rct20_NRE20-35","1-1",3,"L_UH","Rct20_NRE20-35",0.182321556793955,0.182321556793955,0.182321556793955,0.182321556793955,0.182321556793955,0.300104592450338,0.220506116352458,0.220506116352458,-0.130854869464662,TRUE,0.510504365152846,1.00101090110816,-0.0978202630498568,TRUE,0.370025251609943,1.00098915066613,-0.241277919561368,TRUE,0.985345103356747,1.00108986502683,-0.0681488200326874,TRUE,0.428985201598683,1.00098997264207
136,"rand=1-1_rate=3_ROB=L_UH_Bias=Rct20_NRE20-35","1-1",3,"L_UH","Rct20_NRE20-35",0.182321556793955,0.182321556793955,0.182321556793955,0.182321556793955,0.182321556793955,0.300104592450338,0.206290106416253,0.206290106416253,-0.222161995433942,TRUE,0.49321017103444,1.00100138957505,-0.181165778188155,FALSE,0.293583186148739,1.00102610812559,-0.297739836990536,TRUE,0.900210826140748,1.00133109068244,-0.165081751769159,FALSE,0.333147458730968,1.00098964058533
137,"rand=1-1_rate=3_ROB=L_UH_Bias=Rct20_NRE20-35","1-1",3,"L_UH","Rct20_NRE20-35",0.182321556793955,0.182321556793955,0.182321556793955,0.182321556793955,0.182321556793955,0.300104592450338,0.197044307206552,0.197044307206552,-0.165604423471455,TRUE,0.440884556071409,1.00099429991793,-0.17605371140296,FALSE,0.173083129969143,1.00099494748041,-0.102126543580399,TRUE,0.885759601395211,1.00106525961909,-0.1816418361784,FALSE,0.184687921021737,1.00099891029678
138,"rand=1-1_rate=3_ROB=L_UH_Bias=Rct20_NRE20-35","1-1",3,"L_UH","Rct20_NRE20-35",0.182321556793955,0.182321556793955,0.182321556793955,0.182321556793955,0.182321556793955,0.300104592450338,0.167456950061724,0.167456950061724,-0.183624589880615,TRUE,0.617362367613225,1.00112593344844,-0.168692764853192,TRUE,0.394811842029542,1.00098624158633,-0.153176748241701,TRUE,1.3683235548474,1.00098714105652,-0.17359499127653,TRUE,0.441867125761336,1.00098608488695
139,"rand=1-1_rate=3_ROB=L_UH_Bias=Rct20_NRE20-35","1-1",3,"L_UH","Rct20_NRE20-35",0.182321556793955,0.182321556793955,0.182321556793955,0.182321556793955,0.182321556793955,0.300104592450338,0.198865663614493,0.198865663614493,-0.243134850122914,TRUE,0.597771585275047,1.00100441344747,-0.218364443765585,FALSE,0.379804818539086,1.00099981596945,-0.109883646680377,TRUE,1.05922389779809,1.00098611367214,-0.241754367059996,FALSE,0.447874209524963,1.00099023646582
140,"rand=1-1_rate=3_ROB=L_UH_Bias=Rct20_NRE20-35","1-1",3,"L_UH","Rct20_NRE20-35",0.182321556793955,0.182321556793955,0.182321556793955,0.182321556793955,0.182321556793955,0.300104592450338,0.194860014422117,0.194860014422117,-0.228438814635143,TRUE,0.642166044735235,1.00104541604627,-0.268228457853648,FALSE,0.416199227025412,1.00098671792131,-0.149184775277103,TRUE,1.31410980317149,1.00098660442612,-0.295256714055512,FALSE,0.472065240633961,1.00098776016447
141,"rand=1-1_rate=3_ROB=L_UH_Bias=Rct20_NRE20-35","1-1",3,"L_UH","Rct20_NRE20-35",0.182321556793955,0.182321556793955,0.182321556793955,0.182321556793955,0.182321556793955,0.300104592450338,0.195617401547175,0.195617401547175,-0.0667322414534279,TRUE,0.47673919585429,1.00111060172327,-0.0796914452222111,TRUE,0.303208322109953,1.0009977613948,-0.0868415269695386,TRUE,0.746228383612127,1.00098688970961,-0.0769311836769031,TRUE,0.366080856811091,1.00099026108806
142,"rand=1-1_rate=3_ROB=L_UH_Bias=Rct20_NRE20-35","1-1",3,"L_UH","Rct20_NRE20-35",0.182321556793955,0.182321556793955,0.182321556793955,0.182321556793955,0.182321556793955,0.300104592450338,0.197811874284176,0.197811874284176,-0.245881062968974,TRUE,0.577013207173816,1.00098644349636,-0.308118978216598,FALSE,0.381570484112476,1.00101803404083,-0.211787315011214,TRUE,0.938046307520645,1.00101579918384,-0.326410158224779,FALSE,0.456167422524693,1.00101625862897
143,"rand=1-1_rate=3_ROB=L_UH_Bias=Rct20_NRE20-35","1-1",3,"L_UH","Rct20_NRE20-35",0.182321556793955,0.182321556793955,0.182321556793955,0.182321556793955,0.182321556793955,0.300104592450338,0.198738338206296,0.198738338206296,-0.192156998468293,TRUE,0.646104370154471,1.00114576772465,-0.152277135282137,TRUE,0.442033506622871,1.00098744221074,0.0630536733040207,TRUE,1.07783526495009,1.00099279922412,-0.215138485272085,TRUE,0.521885016239017,1.00105030853907
144,"rand=1-1_rate=3_ROB=L_UH_Bias=Rct20_NRE20-35","1-1",3,"L_UH","Rct20_NRE20-35",0.182321556793955,0.182321556793955,0.182321556793955,0.182321556793955,0.182321556793955,0.300104592450338,0.203343177322836,0.203343177322836,-0.198854308427819,TRUE,0.564261527422829,1.00108015521036,-0.272251220409618,FALSE,0.370699821547986,1.00098704735656,-0.0735781349181865,TRUE,0.740540181486793,1.00126651608785,-0.313594080616334,FALSE,0.452069314049688,1.00098599508878
145,"rand=1-1_rate=3_ROB=L_UH_Bias=Rct20_NRE20-35","1-1",3,"L_UH","Rct20_NRE20-35",0.182321556793955,0.182321556793955,0.182321556793955,0.182321556793955,0.182321556793955,0.300104592450338,0.190214928096809,0.190214928096809,-0.345395028961276,FALSE,0.680907393392874,1.00098637889595,-0.250010269447612,FALSE,0.442171993624027,1.00098633237647,-0.446362255620657,TRUE,1.11375890644296,1.00098943284769,-0.206546857836374,TRUE,0.51726399278739,1.00099623118057
146,"rand=1-1_rate=3_ROB=L_UH_Bias=Rct20_NRE20-35","1-1",3,"L_UH","Rct20_NRE20-35",0.182321556793955,0.182321556793955,0.182321556793955,0.182321556793955,0.182321556793955,0.300104592450338,0.21249915311985,0.21249915311985,-0.240013231472493,FALSE,0.529553172932218,1.00153916880052,-0.323871153430601,FALSE,0.320501804573505,1.00100802768968,-0.249631341218571,TRUE,0.847238594387065,1.00099665471022,-0.335579772921606,FALSE,0.377598401826958,1.00099402123542
147,"rand=1-1_rate=3_ROB=L_UH_Bias=Rct20_NRE20-35","1-1",3,"L_UH","Rct20_NRE20-35",0.182321556793955,0.182321556793955,0.182321556793955,0.182321556793955,0.182321556793955,0.300104592450338,0.201982524151693,0.201982524151693,-0.278327809541962,FALSE,0.582045227729758,1.00098607304452,-0.338334380324073,FALSE,0.364029731042781,1.00110375172023,-0.260322596338132,TRUE,1.24390622219467,1.00104723703425,-0.35037516618392,FALSE,0.402502066367264,1.00098782556885
148,"rand=1-1_rate=3_ROB=L_UH_Bias=Rct20_NRE20-35","1-1",3,"L_UH","Rct20_NRE20-35",0.182321556793955,0.182321556793955,0.182321556793955,0.182321556793955,0.182321556793955,0.300104592450338,0.19758711054138,0.199930098922431,-0.185729889701302,TRUE,0.599929791844567,1.00128639026134,-0.208916440645013,TRUE,0.451610481221127,1.00100087578355,-0.0525971555756499,TRUE,0.660410889276682,1.00121266395934,-0.25431402781885,TRUE,0.618538582054048,1.00098605865589
149,"rand=1-1_rate=3_ROB=L_UH_Bias=Rct20_NRE20-35","1-1",3,"L_UH","Rct20_NRE20-35",0.182321556793955,0.182321556793955,0.182321556793955,0.182321556793955,0.182321556793955,0.300104592450338,0.203169076249278,0.203169076249278,-0.245198008471012,TRUE,0.598540189289022,1.00114513683273,-0.17545239348735,FALSE,0.356031458477677,1.00098601035875,-0.377190830574014,TRUE,1.12540674200345,1.00105448285835,-0.140203269732925,TRUE,0.396867904590163,1.00098944624749
150,"rand=1-1_rate=3_ROB=L_UH_Bias=Rct20_NRE20-35","1-1",3,"L_UH","Rct20_NRE20-35",0.182321556793955,0.182321556793955,0.182321556793955,0.182321556793955,0.182321556793955,0.300104592450338,0.194607753536669,0.194607753536669,-0.194420402512177,TRUE,0.563839073694851,1.001007421454,-0.305888195292271,FALSE,0.423688151788622,1.00098879264008,-0.282433069388907,TRUE,1.09525355105102,1.00099257785819,-0.307755353239773,FALSE,0.50734885494209,1.00099860034257
151,"rand=1-1_rate=3_ROB=L_UH_Bias=Rct20_NRE20-35","1-1",3,"L_UH","Rct20_NRE20-35",0.182321556793955,0.182321556793955,0.182321556793955,0.182321556793955,0.182321556793955,0.300104592450338,0.211706496540618,0.211706496540618,-0.130651351673512,TRUE,0.52450083296643,1.00099967855108,-0.107532776702934,TRUE,0.332826507802071,1.00098646872042,-0.102303815235476,TRUE,0.728749396389408,1.00118713893333,-0.108088824638905,TRUE,0.420508550884554,1.00100127397633
152,"rand=1-1_rate=3_ROB=L_UH_Bias=Rct20_NRE20-35","1-1",3,"L_UH","Rct20_NRE20-35",0.182321556793955,0.182321556793955,0.182321556793955,0.182321556793955,0.182321556793955,0.300104592450338,0.211555427193468,0.211555427193468,-0.275717530810824,FALSE,0.586983204210261,1.00098608921071,-0.295269976813017,FALSE,0.385492079666526,1.00099331910017,-0.341264170375328,TRUE,1.27022210677012,1.00100217671159,-0.288065108743346,FALSE,0.432596261700043,1.00098928687792
153,"rand=1-1_rate=3_ROB=L_UH_Bias=Rct20_NRE20-35","1-1",3,"L_UH","Rct20_NRE20-35",0.182321556793955,0.182321556793955,0.182321556793955,0.182321556793955,0.182321556793955,0.300104592450338,0.214413096021583,0.214413096021583,-0.211858985469211,TRUE,0.650783234645122,1.00102605791092,-0.19215544918696,FALSE,0.396334517750262,1.00102555463132,0.0546766246628976,TRUE,1.14426427837638,1.00099952652758,-0.256913966697214,FALSE,0.437597586736967,1.00105328635382
154,"rand=1-1_rate=3_ROB=L_UH_Bias=Rct20_NRE20-35","1-1",3,"L_UH","Rct20_NRE20-35",0.182321556793955,0.182321556793955,0.182321556793955,0.182321556793955,0.182321556793955,0.300104592450338,0.215036181232738,0.215036181232738,-0.141146907537902,TRUE,0.571418617725785,1.00120963781196,-0.185481251172706,FALSE,0.406117120459491,1.00098693009302,-0.326360694035335,TRUE,1.01133840462246,1.00128216293683,-0.153624442949185,TRUE,0.481655140063541,1.00100896863147
155,"rand=1-1_rate=3_ROB=L_UH_Bias=Rct20_NRE20-35","1-1",3,"L_UH","Rct20_NRE20-35",0.182321556793955,0.182321556793955,0.182321556793955,0.182321556793955,0.182321556793955,0.300104592450338,0.204119857519146,0.204119857519146,-0.232669607636597,TRUE,0.554890115392528,1.00098603983585,-0.119331391122443,TRUE,0.339553820385871,1.00104507775022,-0.142416837107087,TRUE,0.904983651959791,1.0010056564993,-0.115667233772974,TRUE,0.401777018405712,1.00107549726838
156,"rand=1-1_rate=3_ROB=L_UH_Bias=Rct20_NRE20-35","1-1",3,"L_UH","Rct20_NRE20-35",0.182321556793955,0.182321556793955,0.182321556793955,0.182321556793955,0.182321556793955,0.300104592450338,0.183554089157424,0.183554089157424,-0.00969749973749456,TRUE,0.493887903273216,1.00100353172283,-0.0586053894537946,TRUE,0.393303933352588,1.0010083426457,-0.179992034771726,TRUE,0.812945716159415,1.00187506104584,-0.0292370052130766,TRUE,0.494569363277827,1.00100356340311
157,"rand=1-1_rate=3_ROB=L_UH_Bias=Rct20_NRE20-35","1-1",3,"L_UH","Rct20_NRE20-35",0.182321556793955,0.182321556793955,0.182321556793955,0.182321556793955,0.182321556793955,0.300104592450338,0.220450714376652,0.220450714376652,-0.219302715807413,TRUE,0.515336571922603,1.00098857504434,-0.269752339890743,FALSE,0.32550343695511,1.00098796610713,-0.283437222697776,TRUE,0.852312154949261,1.00100727137723,-0.268033653561416,FALSE,0.385348223567841,1.00098856248266
158,"rand=1-1_rate=3_ROB=L_UH_Bias=Rct20_NRE20-35","1-1",3,"L_UH","Rct20_NRE20-35",0.182321556793955,0.182321556793955,0.182321556793955,0.182321556793955,0.182321556793955,0.300104592450338,0.196148558179561,0.196148558179561,-0.135975015669612,TRUE,0.496078286594007,1.00110158280946,-0.196115420396412,FALSE,0.295003440138573,1.00098699399131,0.0110903962490712,TRUE,0.707268981699396,1.00121579250633,-0.23199417443498,FALSE,0.340170704810759,1.00098980091976
159,"rand=1-1_rate=3_ROB=L_UH_Bias=Rct20_NRE20-35","1-1",3,"L_UH","Rct20_NRE20-35",0.182321556793955,0.182321556793955,0.182321556793955,0.182321556793955,0.182321556793955,0.300104592450338,0.218004402890136,0.218004402890136,-0.283103610826092,TRUE,0.714112604341187,1.00100613209932,-0.305560140532564,FALSE,0.471433970020118,1.00099502690757,-0.658486025777997,FALSE,1.35508166352614,1.00098656918906,-0.233441990998563,TRUE,0.52043384624999,1.00099379294722
160,"rand=1-1_rate=3_ROB=L_UH_Bias=Rct20_NRE20-35","1-1",3,"L_UH","Rct20_NRE20-35",0.182321556793955,0.182321556793955,0.182321556793955,0.182321556793955,0.182321556793955,0.300104592450338,0.209072080074413,0.209072080074413,-0.087676512053904,TRUE,0.476064297786778,1.00098645469611,-0.163456458684564,FALSE,0.289675000053129,1.00100423545472,-0.00462784904652436,TRUE,0.755374902177039,1.00098605303151,-0.189550205544258,FALSE,0.339146880419416,1.00099703392058
161,"rand=1-1_rate=3_ROB=L_UH_Bias=Rct20_NRE20-35","1-1",3,"L_UH","Rct20_NRE20-35",0.182321556793955,0.182321556793955,0.182321556793955,0.182321556793955,0.182321556793955,0.300104592450338,0.209966671071531,0.209966671071531,-0.112996134334188,TRUE,0.506835868910155,1.0011746584374,-0.16230871693859,TRUE,0.369418109510511,1.00099651950715,-0.258496671554584,TRUE,0.980211653545347,1.00104211082227,-0.141505842009617,TRUE,0.431464349785615,1.00098800476346
162,"rand=1-1_rate=3_ROB=L_UH_Bias=Rct20_NRE20-35","1-1",3,"L_UH","Rct20_NRE20-35",0.182321556793955,0.182321556793955,0.182321556793955,0.182321556793955,0.182321556793955,0.300104592450338,0.199958007955853,0.199958007955853,-0.395054188876711,FALSE,0.643686601121754,1.00098600507023,-0.318021494739864,FALSE,0.422992133496979,1.00098888758678,-0.403764087296759,TRUE,1.13499052399871,1.00098637116142,-0.301566778027895,FALSE,0.498257463467075,1.00104541326117
163,"rand=1-1_rate=3_ROB=L_UH_Bias=Rct20_NRE20-35","1-1",3,"L_UH","Rct20_NRE20-35",0.182321556793955,0.182321556793955,0.182321556793955,0.182321556793955,0.182321556793955,0.300104592450338,0.198106048014157,0.198106048014157,-0.0699848129354808,TRUE,0.550654807424515,1.00177151065567,-0.150404053766769,TRUE,0.384627375264008,1.00100111335716,0.0641123742180155,TRUE,0.719238281223062,1.00143626347482,-0.200860459110712,TRUE,0.481884007111172,1.0009882257839
164,"rand=1-1_rate=3_ROB=L_UH_Bias=Rct20_NRE20-35","1-1",3,"L_UH","Rct20_NRE20-35",0.182321556793955,0.182321556793955,0.182321556793955,0.182321556793955,0.182321556793955,0.300104592450338,0.199785980792376,0.199785980792376,-0.181246198292776,TRUE,0.535898485345775,1.00101882224069,-0.229565081451007,FALSE,0.351589830432481,1.00103976824194,-0.121245463436368,TRUE,0.988921694338931,1.00101358408194,-0.250445571048656,FALSE,0.40426163527959,1.00098697416846
165,"rand=1-1_rate=3_ROB=L_UH_Bias=Rct20_NRE20-35","1-1",3,"L_UH","Rct20_NRE20-35",0.182321556793955,0.182321556793955,0.182321556793955,0.182321556793955,0.182321556793955,0.300104592450338,0.198345227718858,0.198345227718858,-0.0847978073436182,TRUE,0.480273270247295,1.00107987451967,-0.159818945344691,FALSE,0.319326672244861,1.00100797324013,-0.223378441776013,TRUE,0.898508817341989,1.00136408057464,-0.150298406778004,TRUE,0.374908830866447,1.000987398178
166,"rand=1-1_rate=3_ROB=L_UH_Bias=Rct20_NRE20-35","1-1",3,"L_UH","Rct20_NRE20-35",0.182321556793955,0.182321556793955,0.182321556793955,0.182321556793955,0.182321556793955,0.300104592450338,0.194303603721579,0.194303603721579,-0.227054843908745,TRUE,0.590716530092562,1.00099329376016,-0.262710177511774,FALSE,0.367058861315538,1.00098840296065,-0.0978553945105123,TRUE,0.936871603651578,1.00110740216129,-0.298082112718208,FALSE,0.43148272742565,1.00100332315907
167,"rand=1-1_rate=3_ROB=L_UH_Bias=Rct20_NRE20-35","1-1",3,"L_UH","Rct20_NRE20-35",0.182321556793955,0.182321556793955,0.182321556793955,0.182321556793955,0.182321556793955,0.300104592450338,0.205617009425362,0.205617009425362,-0.322776852876856,FALSE,0.684776224431521,1.00105884593211,-0.204407390704101,FALSE,0.37349294897804,1.00098919278375,-0.680739005846201,FALSE,1.23352846746218,1.00106908739178,-0.125266137564906,TRUE,0.380507249853224,1.00099610715518
168,"rand=1-1_rate=3_ROB=L_UH_Bias=Rct20_NRE20-35","1-1",3,"L_UH","Rct20_NRE20-35",0.182321556793955,0.182321556793955,0.182321556793955,0.182321556793955,0.182321556793955,0.300104592450338,0.20256600680505,0.20256600680505,-0.300497983022385,FALSE,0.667125433304393,1.00098793316729,-0.398935794479266,FALSE,0.517368090425544,1.00106359801658,-0.278251931567891,TRUE,0.942903567959511,1.00104363675417,-0.426753344094017,FALSE,0.668376326387622,1.00101219222471
169,"rand=1-1_rate=3_ROB=L_UH_Bias=Rct20_NRE20-35","1-1",3,"L_UH","Rct20_NRE20-35",0.182321556793955,0.182321556793955,0.182321556793955,0.182321556793955,0.182321556793955,0.300104592450338,0.19897044799809,0.19897044799809,-0.213891831048102,TRUE,0.661630677531062,1.00100883138766,-0.155623723767455,TRUE,0.447150996880508,1.00106197802064,-0.237151976815824,TRUE,1.46294580107262,1.00099345534353,-0.134831819310051,TRUE,0.494200057639143,1.00099085807185
170,"rand=1-1_rate=3_ROB=L_UH_Bias=Rct20_NRE20-35","1-1",3,"L_UH","Rct20_NRE20-35",0.182321556793955,0.182321556793955,0.182321556793955,0.182321556793955,0.182321556793955,0.300104592450338,0.206597597675862,0.206597597675862,-0.193087591085187,TRUE,0.717187817902908,1.00146619269404,-0.23203347486366,FALSE,0.445356431026847,1.00098893188285,0.185455319453817,TRUE,0.717992152030539,1.00100259387446,-0.360629124229074,FALSE,0.518719624056336,1.00104956035403
171,"rand=1-1_rate=3_ROB=L_UH_Bias=Rct20_NRE20-35","1-1",3,"L_UH","Rct20_NRE20-35",0.182321556793955,0.182321556793955,0.182321556793955,0.182321556793955,0.182321556793955,0.300104592450338,0.189596346061554,0.189596346061554,-0.148023407926224,TRUE,0.643210117870707,1.00098749313445,-0.139167774889568,TRUE,0.453460146108828,1.00098598993808,-0.122308321349608,TRUE,1.10400188749648,1.00107081573641,-0.147596812069199,TRUE,0.559332989477855,1.00102579779949
172,"rand=1-1_rate=3_ROB=L_UH_Bias=Rct20_NRE20-35","1-1",3,"L_UH","Rct20_NRE20-35",0.182321556793955,0.182321556793955,0.182321556793955,0.182321556793955,0.182321556793955,0.300104592450338,0.198380113853771,0.198380113853771,-0.386687120486415,FALSE,0.772436801857008,1.00103235218111,-0.284615016032011,FALSE,0.508486955139106,1.00099150465695,-0.498414306048393,TRUE,1.38552544517265,1.00102700412236,-0.234299087518828,TRUE,0.586909991714469,1.00099149871139
173,"rand=1-1_rate=3_ROB=L_UH_Bias=Rct20_NRE20-35","1-1",3,"L_UH","Rct20_NRE20-35",0.182321556793955,0.182321556793955,0.182321556793955,0.182321556793955,0.182321556793955,0.300104592450338,0.210744766117886,0.210744766117886,-0.132636010652484,TRUE,0.549718124131,1.00151728647737,-0.138499860819434,TRUE,0.356366737222548,1.00098605658579,-0.163657269509954,TRUE,0.85080417224232,1.00129643637409,-0.136366753842875,TRUE,0.435683871450484,1.00098936231625
174,"rand=1-1_rate=3_ROB=L_UH_Bias=Rct20_NRE20-35","1-1",3,"L_UH","Rct20_NRE20-35",0.182321556793955,0.182321556793955,0.182321556793955,0.182321556793955,0.182321556793955,0.300104592450338,0.197307608406199,0.197307608406199,-0.165878318623432,TRUE,0.549549762924924,1.00100452419153,-0.116338598972387,TRUE,0.308079325835931,1.00098800883192,-0.359011054032258,TRUE,1.17569552308413,1.00099409613425,-0.0803132100204502,TRUE,0.323788322354698,1.00102429414614
175,"rand=1-1_rate=3_ROB=L_UH_Bias=Rct20_NRE20-35","1-1",3,"L_UH","Rct20_NRE20-35",0.182321556793955,0.182321556793955,0.182321556793955,0.182321556793955,0.182321556793955,0.300104592450338,0.212930101198772,0.212930101198772,-0.197841274141053,TRUE,0.501674339664869,1.00111761790313,-0.139470214394765,TRUE,0.303736695619045,1.00098658055592,-0.105097425655977,TRUE,0.812912252315236,1.00098705216839,-0.146025038969879,TRUE,0.353160795510189,1.00100041328574
176,"rand=1-1_rate=3_ROB=L_UH_Bias=Rct20_NRE20-35","1-1",3,"L_UH","Rct20_NRE20-35",0.182321556793955,0.182321556793955,0.182321556793955,0.182321556793955,0.182321556793955,0.300104592450338,0.207919768173467,0.207919768173467,-0.255807703824783,FALSE,0.562496506121506,1.00100828843346,-0.252144199463556,FALSE,0.301007084344556,1.00098599522071,-0.780411719080613,FALSE,1.51558047764413,1.00099778723503,-0.195810669242021,FALSE,0.283557831581158,1.00099296431074
177,"rand=1-1_rate=3_ROB=L_UH_Bias=Rct20_NRE20-35","1-1",3,"L_UH","Rct20_NRE20-35",0.182321556793955,0.182321556793955,0.182321556793955,0.182321556793955,0.182321556793955,0.300104592450338,0.199298554190985,0.199298554190985,0.0563375628106939,TRUE,0.483784039284295,1.00177246807226,-0.0546508884175647,TRUE,0.389916794174765,1.0010137986971,0.203422727522149,TRUE,0.559956026619628,1.00153017524614,-0.132831704728718,TRUE,0.512663325897508,1.00101465344108
178,"rand=1-1_rate=3_ROB=L_UH_Bias=Rct20_NRE20-35","1-1",3,"L_UH","Rct20_NRE20-35",0.182321556793955,0.182321556793955,0.182321556793955,0.182321556793955,0.182321556793955,0.300104592450338,0.182983301904736,0.182983301904736,-0.254740289463543,TRUE,0.606387113212017,1.00098635946926,-0.326043307205845,FALSE,0.434085450048199,1.00098599643588,-0.245816321254775,TRUE,0.921761468649034,1.00109388016311,-0.346969380886271,FALSE,0.542725657482098,1.00105538960641
179,"rand=1-1_rate=3_ROB=L_UH_Bias=Rct20_NRE20-35","1-1",3,"L_UH","Rct20_NRE20-35",0.182321556793955,0.182321556793955,0.182321556793955,0.182321556793955,0.182321556793955,0.300104592450338,0.190141215281437,0.190141215281437,-0.161617691332134,TRUE,0.509033704286709,1.00140172030607,-0.262983097248149,FALSE,0.371059006568829,1.00098757773297,-0.245531365929447,TRUE,0.820551196570121,1.00112237213389,-0.267020193502702,FALSE,0.462177886259403,1.00098661385558
180,"rand=1-1_rate=3_ROB=L_UH_Bias=Rct20_NRE20-35","1-1",3,"L_UH","Rct20_NRE20-35",0.182321556793955,0.182321556793955,0.182321556793955,0.182321556793955,0.182321556793955,0.300104592450338,0.200084812520036,0.200084812520036,-0.124458621510814,TRUE,0.585359955323938,1.00107353030906,-0.128733334591561,TRUE,0.403520050291976,1.00102270068739,-0.24775130157471,TRUE,0.983429312417739,1.0010401068804,-0.102978748056026,TRUE,0.477679972293555,1.00098680407409
181,"rand=1-1_rate=3_ROB=L_UH_Bias=Rct20_NRE20-35","1-1",3,"L_UH","Rct20_NRE20-35",0.182321556793955,0.182321556793955,0.182321556793955,0.182321556793955,0.182321556793955,0.300104592450338,0.201700615000086,0.201700615000086,-0.244581707505228,TRUE,0.604360703921815,1.00104229640362,-0.299438616549187,FALSE,0.430506488109109,1.00100537262375,-0.13920801902234,TRUE,0.723093359447053,1.00100612682265,-0.339199390760283,FALSE,0.568172257860267,1.00104081337751
182,"rand=1-1_rate=3_ROB=L_UH_Bias=Rct20_NRE20-35","1-1",3,"L_UH","Rct20_NRE20-35",0.182321556793955,0.182321556793955,0.182321556793955,0.182321556793955,0.182321556793955,0.300104592450338,0.217501389217168,0.217501389217168,-0.129537285523099,TRUE,0.527260711426691,1.00098616461912,-0.22229544564714,FALSE,0.344260644518286,1.00099860321988,0.0854317868971168,TRUE,0.616932007983647,1.00098878071147,-0.29375574378406,FALSE,0.41262078388536,1.00099762519963
183,"rand=1-1_rate=3_ROB=L_UH_Bias=Rct20_NRE20-35","1-1",3,"L_UH","Rct20_NRE20-35",0.182321556793955,0.182321556793955,0.182321556793955,0.182321556793955,0.182321556793955,0.300104592450338,0.202778862519504,0.202778862519504,-0.272044568694658,FALSE,0.606316872040725,1.00098860512219,-0.272590299277571,FALSE,0.362089363853792,1.0009871448944,-0.211829192142461,TRUE,1.16569921922819,1.00098669241197,-0.282791042296017,FALSE,0.412953355465505,1.00103316475459
184,"rand=1-1_rate=3_ROB=L_UH_Bias=Rct20_NRE20-35","1-1",3,"L_UH","Rct20_NRE20-35",0.182321556793955,0.182321556793955,0.182321556793955,0.182321556793955,0.182321556793955,0.300104592450338,0.210768038302229,0.210768038302229,-0.16195728071582,TRUE,0.514180824030995,1.00121496331171,-0.315138777771493,FALSE,0.429260267711044,1.00098750661781,-0.166482481605879,TRUE,0.884154640125703,1.00098599810133,-0.353306820061277,FALSE,0.539343175356172,1.00099079316216
185,"rand=1-1_rate=3_ROB=L_UH_Bias=Rct20_NRE20-35","1-1",3,"L_UH","Rct20_NRE20-35",0.182321556793955,0.182321556793955,0.182321556793955,0.182321556793955,0.182321556793955,0.300104592450338,0.203253731898065,0.203253731898065,-0.2321143116304,TRUE,0.600611834365598,1.00105120510101,-0.176128692898079,FALSE,0.372153632488547,1.00098878931062,-0.152423011348753,TRUE,1.22778810343647,1.00107033894082,-0.182742912132426,TRUE,0.42268212199913,1.00104277329542
186,"rand=1-1_rate=3_ROB=L_UH_Bias=Rct20_NRE20-35","1-1",3,"L_UH","Rct20_NRE20-35",0.182321556793955,0.182321556793955,0.182321556793955,0.182321556793955,0.182321556793955,0.300104592450338,0.201816485747702,0.201816485747702,-0.219091577546727,TRUE,0.60523032069332,1.00098599080121,-0.224545787888776,FALSE,0.374351689793082,1.00100194552617,-0.28827078615317,TRUE,1.47497426068595,1.00099669955752,-0.212458445134765,FALSE,0.402203204507261,1.00099288584957
187,"rand=1-1_rate=3_ROB=L_UH_Bias=Rct20_NRE20-35","1-1",3,"L_UH","Rct20_NRE20-35",0.182321556793955,0.182321556793955,0.182321556793955,0.182321556793955,0.182321556793955,0.300104592450338,0.208433261903985,0.208433261903985,-0.152503059070736,TRUE,0.599226016896252,1.00107768262333,-0.169707600162841,TRUE,0.433915754457258,1.0010055484546,-0.265483866720867,TRUE,1.05663773163304,1.000995851826,-0.144053360122371,TRUE,0.518096610259738,1.00098722133007
188,"rand=1-1_rate=3_ROB=L_UH_Bias=Rct20_NRE20-35","1-1",3,"L_UH","Rct20_NRE20-35",0.182321556793955,0.182321556793955,0.182321556793955,0.182321556793955,0.182321556793955,0.300104592450338,0.205052139658796,0.205052139658796,-0.381764396148293,FALSE,0.643170382982348,1.00103758396325,-0.269009662752817,FALSE,0.426634650643875,1.00105994387711,-0.303184147933022,TRUE,0.90346669185874,1.00107947661074,-0.259303615408867,FALSE,0.527501526695763,1.00103543989808
189,"rand=1-1_rate=3_ROB=L_UH_Bias=Rct20_NRE20-35","1-1",3,"L_UH","Rct20_NRE20-35",0.182321556793955,0.182321556793955,0.182321556793955,0.182321556793955,0.182321556793955,0.300104592450338,0.20361669102318,0.20361669102318,-0.24241735302416,TRUE,0.643002582258782,1.0009953274448,-0.286190954109254,FALSE,0.431724922305571,1.00101945400039,-0.281426552713144,TRUE,1.41315997960543,1.00119034359887,-0.287216695470645,FALSE,0.481342614702912,1.00098692340508
190,"rand=1-1_rate=3_ROB=L_UH_Bias=Rct20_NRE20-35","1-1",3,"L_UH","Rct20_NRE20-35",0.182321556793955,0.182321556793955,0.182321556793955,0.182321556793955,0.182321556793955,0.300104592450338,0.20498108694015,0.20498108694015,-0.206246200591976,TRUE,0.528511837610557,1.00104076235176,-0.310927445140503,FALSE,0.391722885960742,1.00099449306313,-0.344546577461606,TRUE,1.4567287454601,1.00101986029939,-0.30388981040614,FALSE,0.427865486915419,1.00105082262967
191,"rand=1-1_rate=3_ROB=L_UH_Bias=Rct20_NRE20-35","1-1",3,"L_UH","Rct20_NRE20-35",0.182321556793955,0.182321556793955,0.182321556793955,0.182321556793955,0.182321556793955,0.300104592450338,0.215742935575342,0.215742935575342,-0.287870985211658,FALSE,0.572870279501012,1.00100018145071,-0.386835834534502,FALSE,0.418935917485992,1.00100427354893,-0.0633670316273476,TRUE,0.928352310959725,1.00098721803008,-0.467447426204062,FALSE,0.489427423346353,1.00110797947073
192,"rand=1-1_rate=3_ROB=L_UH_Bias=Rct20_NRE20-35","1-1",3,"L_UH","Rct20_NRE20-35",0.182321556793955,0.182321556793955,0.182321556793955,0.182321556793955,0.182321556793955,0.300104592450338,0.205798980439416,0.205798980439416,-0.177569020448946,TRUE,0.625386272158344,1.00098645944964,-0.183468495406604,TRUE,0.415618596535827,1.00099382377368,-0.312170950882618,TRUE,1.37884949766479,1.00098606053099,-0.154809298717148,TRUE,0.463381607944158,1.00101490770517
193,"rand=1-1_rate=3_ROB=L_UH_Bias=Rct20_NRE20-35","1-1",3,"L_UH","Rct20_NRE20-35",0.182321556793955,0.182321556793955,0.182321556793955,0.182321556793955,0.182321556793955,0.300104592450338,0.192838770034322,0.192838770034322,-0.0945316237324083,TRUE,0.520681062274142,1.00098831585836,-0.138694215487065,TRUE,0.347198816335962,1.00098601833052,-0.14561701536998,TRUE,0.980756341764587,1.00098600853198,-0.136699308421262,TRUE,0.408412420413723,1.00100008925869
194,"rand=1-1_rate=3_ROB=L_UH_Bias=Rct20_NRE20-35","1-1",3,"L_UH","Rct20_NRE20-35",0.182321556793955,0.182321556793955,0.182321556793955,0.182321556793955,0.182321556793955,0.300104592450338,0.202019678824817,0.202019678824817,-0.211423801656484,TRUE,0.57208385896766,1.00104634352388,-0.268103347111536,FALSE,0.369436555090535,1.00100453147749,-0.168211177859209,TRUE,1.12417672299613,1.00098599122253,-0.287976830386502,FALSE,0.413560949850981,1.00099237154262
195,"rand=1-1_rate=3_ROB=L_UH_Bias=Rct20_NRE20-35","1-1",3,"L_UH","Rct20_NRE20-35",0.182321556793955,0.182321556793955,0.182321556793955,0.182321556793955,0.182321556793955,0.300104592450338,0.209497846152112,0.209497846152112,-0.196453306914488,TRUE,0.646081045444129,1.0009964986281,-0.238574763386855,FALSE,0.38988253121105,1.00099183497258,0.207754200924681,TRUE,0.699202656167952,1.00098629308519,-0.355780279723779,FALSE,0.406285712209044,1.00099004568534
196,"rand=1-1_rate=3_ROB=L_UH_Bias=Rct20_NRE20-35","1-1",3,"L_UH","Rct20_NRE20-35",0.182321556793955,0.182321556793955,0.182321556793955,0.182321556793955,0.182321556793955,0.300104592450338,0.193977389468275,0.193977389468275,-0.183216911402582,TRUE,0.535250785133927,1.00117809232437,-0.180377111952227,FALSE,0.318470477152349,1.0009873170798,-0.102162616961587,TRUE,0.778944224803667,1.00100528390846,-0.195018542019268,FALSE,0.380547287924465,1.0009862763076
197,"rand=1-1_rate=3_ROB=L_UH_Bias=Rct20_NRE20-35","1-1",3,"L_UH","Rct20_NRE20-35",0.182321556793955,0.182321556793955,0.182321556793955,0.182321556793955,0.182321556793955,0.300104592450338,0.207342978001951,0.207342978001951,-0.195438396053519,TRUE,0.59459915789539,1.00104777337759,-0.23873150163781,FALSE,0.428335969842592,1.00100053719691,-0.204859802642185,TRUE,0.886063396611209,1.00101518547737,-0.250210924282517,FALSE,0.536203083421745,1.00104762913665
198,"rand=1-1_rate=3_ROB=L_UH_Bias=Rct20_NRE20-35","1-1",3,"L_UH","Rct20_NRE20-35",0.182321556793955,0.182321556793955,0.182321556793955,0.182321556793955,0.182321556793955,0.300104592450338,0.204331187923936,0.204331187923936,-0.157715899947259,TRUE,0.463350473386415,1.00099404592373,-0.325284981384774,FALSE,0.363501276644267,1.00100662908811,-0.174784272869871,TRUE,1.00044362110218,1.00098651884242,-0.354631933467172,FALSE,0.419534644599711,1.00100154157644
199,"rand=1-1_rate=3_ROB=L_UH_Bias=Rct20_NRE20-35","1-1",3,"L_UH","Rct20_NRE20-35",0.182321556793955,0.182321556793955,0.182321556793955,0.182321556793955,0.182321556793955,0.300104592450338,0.196322175964668,0.196322175964668,-0.116701559061093,TRUE,0.527612776330171,1.00098599522702,-0.197763600307354,FALSE,0.3993545137894,1.00102943786917,-0.333312824535391,TRUE,1.11863382883253,1.0010626933279,-0.166926924715705,TRUE,0.462392496991704,1.00098618422578
200,"rand=1-1_rate=3_ROB=L_UH_Bias=Rct20_NRE20-35","1-1",3,"L_UH","Rct20_NRE20-35",0.182321556793955,0.182321556793955,0.182321556793955,0.182321556793955,0.182321556793955,0.300104592450338,0.20621032704086,0.20621032704086,-0.183873820392106,TRUE,0.474815772408085,1.00104640032241,-0.189366565133235,FALSE,0.267672206583818,1.00107606867561,-0.526388296398205,TRUE,1.59194814185893,1.00098688439385,-0.156387610557283,FALSE,0.266075946989643,1.00101336308127
201,"rand=1-1_rate=3_ROB=L_UH_Bias=Rct20_NRE20-35","1-1",3,"L_UH","Rct20_NRE20-35",0.182321556793955,0.182321556793955,0.182321556793955,0.182321556793955,0.182321556793955,0.300104592450338,0.215017592302245,0.215017592302245,-0.0730754880812368,TRUE,0.538634973130084,1.00098692077762,-0.138610167771392,TRUE,0.377500875250557,1.00099003108446,0.0576059534249111,TRUE,0.788252905524456,1.0009976712007,-0.188775292008522,TRUE,0.462874656891192,1.00102441404114
202,"rand=1-1_rate=3_ROB=L_UH_Bias=Rct20_NRE20-35","1-1",3,"L_UH","Rct20_NRE20-35",0.182321556793955,0.182321556793955,0.182321556793955,0.182321556793955,0.182321556793955,0.300104592450338,0.188671466942781,0.188671466942781,-0.141210157054806,TRUE,0.516715933102934,1.00098625515928,-0.107220653532976,TRUE,0.285419098819152,1.00099773680326,-0.0720408886906847,TRUE,0.98441695220082,1.00100222399595,-0.110972918035012,TRUE,0.319034708490725,1.00099249903822
203,"rand=1-1_rate=3_ROB=L_UH_Bias=Rct20_NRE20-35","1-1",3,"L_UH","Rct20_NRE20-35",0.182321556793955,0.182321556793955,0.182321556793955,0.182321556793955,0.182321556793955,0.300104592450338,0.203892545384349,0.203892545384349,-0.17385934570252,TRUE,0.59676033020619,1.00162119790236,-0.105328515763545,TRUE,0.348589075135181,1.00098606652144,-0.492297320250496,FALSE,1.04297987843425,1.00101748998304,-0.0345880436665285,TRUE,0.370867604272311,1.00098802949403
204,"rand=1-1_rate=3_ROB=L_UH_Bias=Rct20_NRE20-35","1-1",3,"L_UH","Rct20_NRE20-35",0.182321556793955,0.182321556793955,0.182321556793955,0.182321556793955,0.182321556793955,0.300104592450338,0.216075181382243,0.216075181382243,-0.181024346446304,TRUE,0.556099647075671,1.00116089382288,-0.278066274503932,FALSE,0.413413605262325,1.00098771772262,-0.542532696628593,FALSE,1.30316373557694,1.00100347744506,-0.225102425643952,FALSE,0.461191732826458,1.00099735401729
205,"rand=1-1_rate=3_ROB=L_UH_Bias=Rct20_NRE20-35","1-1",3,"L_UH","Rct20_NRE20-35",0.182321556793955,0.182321556793955,0.182321556793955,0.182321556793955,0.182321556793955,0.300104592450338,0.210114446971708,0.210114446971708,-0.404302038077678,FALSE,0.717936722696601,1.00111584359329,-0.473923211003532,FALSE,0.482982179790159,1.00101730122257,-0.398012345150291,TRUE,1.49674014418805,1.00109112738518,-0.489839180553632,FALSE,0.554255535770011,1.00100632546138
206,"rand=1-1_rate=3_ROB=L_UH_Bias=Rct20_NRE20-35","1-1",3,"L_UH","Rct20_NRE20-35",0.182321556793955,0.182321556793955,0.182321556793955,0.182321556793955,0.182321556793955,0.300104592450338,0.207564041293973,0.207564041293973,-0.218268762235602,TRUE,0.505830655991065,1.00101680337867,-0.245582769107675,FALSE,0.265289353996404,1.0009979211715,-0.222094556692946,TRUE,0.908559859962795,1.00098703050713,-0.248060296980995,FALSE,0.297354279099496,1.00099749848657
207,"rand=1-1_rate=3_ROB=L_UH_Bias=Rct20_NRE20-35","1-1",3,"L_UH","Rct20_NRE20-35",0.182321556793955,0.182321556793955,0.182321556793955,0.182321556793955,0.182321556793955,0.300104592450338,0.205063649292516,0.205063649292516,-0.46619413813742,FALSE,0.728620760711245,1.00098599083871,-0.559707491360991,FALSE,0.518484482674787,1.00099948977635,-0.768426308787196,FALSE,1.87305164866429,1.00098795626314,-0.518659927515782,FALSE,0.568679305609452,1.00099097378794
208,"rand=1-1_rate=3_ROB=L_UH_Bias=Rct20_NRE20-35","1-1",3,"L_UH","Rct20_NRE20-35",0.182321556793955,0.182321556793955,0.182321556793955,0.182321556793955,0.182321556793955,0.300104592450338,0.197243953251371,0.197243953251371,-0.290062411441283,FALSE,0.560943955060644,1.00100091414337,-0.29896499141102,FALSE,0.338139557062059,1.00099477988378,-0.352809204042997,TRUE,0.966279697361218,1.0010895233511,-0.291606384445523,FALSE,0.397306463513934,1.00098672312324
209,"rand=1-1_rate=3_ROB=L_UH_Bias=Rct20_NRE20-35","1-1",3,"L_UH","Rct20_NRE20-35",0.182321556793955,0.182321556793955,0.182321556793955,0.182321556793955,0.182321556793955,0.300104592450338,0.216085305336286,0.216085305336286,-0.123305313682512,TRUE,0.593925871164581,1.00107001263181,-0.174101743432348,TRUE,0.415519500447734,1.00098912732121,-0.167486396136828,TRUE,1.16552212639655,1.00098710959691,-0.174905848848828,TRUE,0.485951769095596,1.00099449536856
210,"rand=1-1_rate=3_ROB=L_UH_Bias=Rct20_NRE20-35","1-1",3,"L_UH","Rct20_NRE20-35",0.182321556793955,0.182321556793955,0.182321556793955,0.182321556793955,0.182321556793955,0.300104592450338,0.207050903683788,0.207050903683788,-0.132727403509598,TRUE,0.461525020432973,1.00099713941584,-0.179854489201589,FALSE,0.2588666461643,1.00099262240609,-0.243813498772066,TRUE,0.936806821632841,1.00100533974001,-0.171924748937564,FALSE,0.287125885716799,1.00100566769348
211,"rand=1-1_rate=3_ROB=L_UH_Bias=Rct20_NRE20-35","1-1",3,"L_UH","Rct20_NRE20-35",0.182321556793955,0.182321556793955,0.182321556793955,0.182321556793955,0.182321556793955,0.300104592450338,0.202366972611051,0.202366972611051,-0.23403779815249,TRUE,0.565754516690438,1.00101358002184,-0.232611750273085,FALSE,0.399411007136868,1.0010682939637,-0.0528623666446491,TRUE,0.753675995728609,1.00147795653704,-0.278948942382416,FALSE,0.504069375619678,1.00099910896933
212,"rand=1-1_rate=3_ROB=L_UH_Bias=Rct20_NRE20-35","1-1",3,"L_UH","Rct20_NRE20-35",0.182321556793955,0.182321556793955,0.182321556793955,0.182321556793955,0.182321556793955,0.300104592450338,0.201654737418207,0.201654737418207,-0.127595033790142,TRUE,0.537523972065882,1.00098683032458,-0.209196247513177,FALSE,0.401581171662718,1.00099066211527,-0.0797720815157437,TRUE,0.874001259906647,1.00104440708663,-0.241969463701678,FALSE,0.493681057182095,1.00098733168003
213,"rand=1-1_rate=3_ROB=L_UH_Bias=Rct20_NRE20-35","1-1",3,"L_UH","Rct20_NRE20-35",0.182321556793955,0.182321556793955,0.182321556793955,0.182321556793955,0.182321556793955,0.300104592450338,0.210979165795765,0.210979165795765,-0.307183733076166,FALSE,0.587411528402966,1.00105754335289,-0.317949418535572,FALSE,0.343507217540016,1.00110855049223,-0.314199553681087,TRUE,0.926855743512381,1.00124887094904,-0.319076620127964,FALSE,0.407193015722598,1.00102365920016
214,"rand=1-1_rate=3_ROB=L_UH_Bias=Rct20_NRE20-35","1-1",3,"L_UH","Rct20_NRE20-35",0.182321556793955,0.182321556793955,0.182321556793955,0.182321556793955,0.182321556793955,0.300104592450338,0.19823217640566,0.19823217640566,-0.321497504670639,FALSE,0.679468555784481,1.00098600317977,-0.294369312117922,FALSE,0.443215175787629,1.00098646321198,-0.365223084543367,TRUE,1.25384141447585,1.00101937657935,-0.28119608581827,FALSE,0.516820207610542,1.00098700456994
215,"rand=1-1_rate=3_ROB=L_UH_Bias=Rct20_NRE20-35","1-1",3,"L_UH","Rct20_NRE20-35",0.182321556793955,0.182321556793955,0.182321556793955,0.182321556793955,0.182321556793955,0.300104592450338,0.199984285736898,0.199984285736898,-0.0987292135211295,TRUE,0.449408716500658,1.00098918718845,-0.173419221056124,FALSE,0.256577185874876,1.0010409038323,-0.05471600077365,TRUE,0.805955646382793,1.00102826922731,-0.191241748197047,FALSE,0.286407366954678,1.0010016674081
216,"rand=1-1_rate=3_ROB=L_UH_Bias=Rct20_NRE20-35","1-1",3,"L_UH","Rct20_NRE20-35",0.182321556793955,0.182321556793955,0.182321556793955,0.182321556793955,0.182321556793955,0.300104592450338,0.192583813976352,0.192583813976352,-0.242191871532176,TRUE,0.592697404361214,1.00098773842608,-0.256097598653117,FALSE,0.382744394584958,1.00101501836453,-0.186226647125304,TRUE,1.02502092014097,1.00106307841541,-0.271019450506897,FALSE,0.449280308255112,1.00103639155866
217,"rand=1-1_rate=3_ROB=L_UH_Bias=Rct20_NRE20-35","1-1",3,"L_UH","Rct20_NRE20-35",0.182321556793955,0.182321556793955,0.182321556793955,0.182321556793955,0.182321556793955,0.300104592450338,0.198758347290611,0.198758347290611,-0.381977164712605,FALSE,0.698466055026091,1.00098612451357,-0.499238672521873,FALSE,0.531879111185624,1.00098626351852,-0.17206858604193,TRUE,1.10150981521652,1.00098663152256,-0.586733150873209,FALSE,0.641565236761354,1.00098642766892
218,"rand=1-1_rate=3_ROB=L_UH_Bias=Rct20_NRE20-35","1-1",3,"L_UH","Rct20_NRE20-35",0.182321556793955,0.182321556793955,0.182321556793955,0.182321556793955,0.182321556793955,0.300104592450338,0.213668006384379,0.213668006384379,-0.317970767355473,FALSE,0.67224343616381,1.00141237081361,-0.336492135675334,FALSE,0.479897393181493,1.00102053148116,-0.35868384704426,TRUE,0.987140045204721,1.00103107556288,-0.330896000640594,FALSE,0.610551044091268,1.00102442342579
219,"rand=1-1_rate=3_ROB=L_UH_Bias=Rct20_NRE20-35","1-1",3,"L_UH","Rct20_NRE20-35",0.182321556793955,0.182321556793955,0.182321556793955,0.182321556793955,0.182321556793955,0.300104592450338,0.198349409916477,0.198349409916477,-0.382688827848244,FALSE,0.710422632567232,1.00099660932841,-0.477131125951864,FALSE,0.498160987417046,1.00099189217848,-0.274840158897214,TRUE,1.33333450719226,1.00098615507032,-0.531738435458074,FALSE,0.578231044879293,1.00100316797925
220,"rand=1-1_rate=3_ROB=L_UH_Bias=Rct20_NRE20-35","1-1",3,"L_UH","Rct20_NRE20-35",0.182321556793955,0.182321556793955,0.182321556793955,0.182321556793955,0.182321556793955,0.300104592450338,0.19906005394595,0.19906005394595,-0.0679501667474227,TRUE,0.540343758527085,1.0010280684188,-0.0837803917755073,TRUE,0.353561994893983,1.00101110038832,0.133268328079665,TRUE,0.737021091408784,1.00120285627347,-0.129667886998712,TRUE,0.431330509417915,1.00101954940839
221,"rand=1-1_rate=3_ROB=L_UH_Bias=Rct20_NRE20-35","1-1",3,"L_UH","Rct20_NRE20-35",0.182321556793955,0.182321556793955,0.182321556793955,0.182321556793955,0.182321556793955,0.300104592450338,0.203610488818301,0.203610488818301,-0.0205322345091778,TRUE,0.481508135778043,1.00105148933912,-0.107467750897085,TRUE,0.373896826720625,1.00099656033538,0.104715720157501,TRUE,0.656667754746753,1.00100413176044,-0.164368162346051,TRUE,0.47641554318243,1.00098624426263
222,"rand=1-1_rate=3_ROB=L_UH_Bias=Rct20_NRE20-35","1-1",3,"L_UH","Rct20_NRE20-35",0.182321556793955,0.182321556793955,0.182321556793955,0.182321556793955,0.182321556793955,0.300104592450338,0.199401472746482,0.199401472746482,-0.22640708038359,TRUE,0.58812764215765,1.00101579119,-0.291918764797183,FALSE,0.38394690381192,1.00098606069391,-0.0933170601407374,TRUE,1.00038496437173,1.00106812514845,-0.334821306067805,FALSE,0.441585622705924,1.00100016998434
223,"rand=1-1_rate=3_ROB=L_UH_Bias=Rct20_NRE20-35","1-1",3,"L_UH","Rct20_NRE20-35",0.182321556793955,0.182321556793955,0.182321556793955,0.182321556793955,0.182321556793955,0.300104592450338,0.194299868692961,0.194299868692961,-0.286874569350854,FALSE,0.603673681176569,1.00102216211025,-0.342917547862265,FALSE,0.456097298941001,1.00098779073593,-0.770228386604422,FALSE,1.4806118067865,1.00119491319777,-0.259278698642428,FALSE,0.479877775378539,1.00098674330603
224,"rand=1-1_rate=3_ROB=L_UH_Bias=Rct20_NRE20-35","1-1",3,"L_UH","Rct20_NRE20-35",0.182321556793955,0.182321556793955,0.182321556793955,0.182321556793955,0.182321556793955,0.300104592450338,0.203182074431429,0.203182074431429,-0.260135067749586,FALSE,0.549023103345935,1.0017894654684,-0.300298494708131,FALSE,0.318359941778303,1.00099419763973,-0.164326281605529,TRUE,0.842044594324461,1.00102770728593,-0.323092364024319,FALSE,0.368572024932983,1.00106140201886
225,"rand=1-1_rate=3_ROB=L_UH_Bias=Rct20_NRE20-35","1-1",3,"L_UH","Rct20_NRE20-35",0.182321556793955,0.182321556793955,0.182321556793955,0.182321556793955,0.182321556793955,0.300104592450338,0.190209581536797,0.190209581536797,-0.118280579191731,TRUE,0.50816257643306,1.00111888785031,-0.203428898849474,FALSE,0.300711845525357,1.00099970824661,0.13906611542151,TRUE,0.614249850722708,1.00098609141929,-0.265241424059709,FALSE,0.33377338656697,1.00099691634079
226,"rand=1-1_rate=3_ROB=L_UH_Bias=Rct20_NRE20-35","1-1",3,"L_UH","Rct20_NRE20-35",0.182321556793955,0.182321556793955,0.182321556793955,0.182321556793955,0.182321556793955,0.300104592450338,0.206373258675744,0.206373258675744,-0.405122899592826,FALSE,0.631351059386881,1.00104379223343,-0.321697806594865,FALSE,0.395267630838233,1.00099297471593,-0.485779121477304,FALSE,1.03381524649861,1.0012260365158,-0.291911219610776,FALSE,0.469153767772139,1.00105612697523
227,"rand=1-1_rate=3_ROB=L_UH_Bias=Rct20_NRE20-35","1-1",3,"L_UH","Rct20_NRE20-35",0.182321556793955,0.182321556793955,0.182321556793955,0.182321556793955,0.182321556793955,0.300104592450338,0.216489802365709,0.216489802365709,-0.253213843760867,TRUE,0.631032370625691,1.00103338770308,-0.231673863860071,FALSE,0.423508850696275,1.00099487423547,-0.222089712251351,TRUE,1.04102833790407,1.00101339052911,-0.233810229773512,FALSE,0.513141549170895,1.00099406752733
228,"rand=1-1_rate=3_ROB=L_UH_Bias=Rct20_NRE20-35","1-1",3,"L_UH","Rct20_NRE20-35",0.182321556793955,0.182321556793955,0.182321556793955,0.182321556793955,0.182321556793955,0.300104592450338,0.184481907153589,0.184481907153589,-0.122078800672268,TRUE,0.485727089723779,1.00099322885428,-0.116179316395523,TRUE,0.228742137229195,1.00098599914598,0.235263707643728,TRUE,0.65188102170505,1.00098599114008,-0.155506837271271,FALSE,0.223040004042882,1.00099191155374
229,"rand=1-1_rate=3_ROB=L_UH_Bias=Rct20_NRE20-35","1-1",3,"L_UH","Rct20_NRE20-35",0.182321556793955,0.182321556793955,0.182321556793955,0.182321556793955,0.182321556793955,0.300104592450338,0.202475474105929,0.202475474105929,-0.18116483171334,TRUE,0.563168188448096,1.00109633895174,-0.198428622011445,FALSE,0.370426354219212,1.00103810771094,-0.165518593156482,TRUE,0.859334211574484,1.00116728245259,-0.208516894037738,FALSE,0.450381126116534,1.00098688129446
230,"rand=1-1_rate=3_ROB=L_UH_Bias=Rct20_NRE20-35","1-1",3,"L_UH","Rct20_NRE20-35",0.182321556793955,0.182321556793955,0.182321556793955,0.182321556793955,0.182321556793955,0.300104592450338,0.216254295548262,0.216254295548262,-0.206922755658729,TRUE,0.540128292590771,1.00101872561983,-0.247869824373674,FALSE,0.384625527337249,1.00098701880033,-0.206032783068513,TRUE,0.96984125203897,1.00104430327965,-0.258926863414764,FALSE,0.454979645572317,1.00099327912485
231,"rand=1-1_rate=3_ROB=L_UH_Bias=Rct20_NRE20-35","1-1",3,"L_UH","Rct20_NRE20-35",0.182321556793955,0.182321556793955,0.182321556793955,0.182321556793955,0.182321556793955,0.300104592450338,0.202724557131472,0.202724557131472,-0.372109806701936,FALSE,0.669804754308696,1.00098867931188,-0.365191891964676,FALSE,0.394700646807063,1.00104717618604,-0.116879812651417,TRUE,0.973148662653485,1.00098680442139,-0.419983273906782,FALSE,0.456901401702693,1.00101764865356
232,"rand=1-1_rate=3_ROB=L_UH_Bias=Rct20_NRE20-35","1-1",3,"L_UH","Rct20_NRE20-35",0.182321556793955,0.182321556793955,0.182321556793955,0.182321556793955,0.182321556793955,0.300104592450338,0.213163832915018,0.213163832915018,0.0103434691616122,TRUE,0.49552974190563,1.00099191962488,-0.014848142553229,TRUE,0.313233246744106,1.00102333008827,0.113570839701513,TRUE,1.00312825568974,1.0010237344951,-0.0399095960199494,TRUE,0.353343762210281,1.00098690071278
233,"rand=1-1_rate=3_ROB=L_UH_Bias=Rct20_NRE20-35","1-1",3,"L_UH","Rct20_NRE20-35",0.182321556793955,0.182321556793955,0.182321556793955,0.182321556793955,0.182321556793955,0.300104592450338,0.214143544219899,0.214143544219899,-0.305422675518315,FALSE,0.569308313909641,1.00099487236647,-0.40331164223942,FALSE,0.381275625463407,1.00098644527619,-0.340421848856185,TRUE,1.41111355172948,1.00101014952849,-0.412453183160785,FALSE,0.419624365178742,1.00098631728074
234,"rand=1-1_rate=3_ROB=L_UH_Bias=Rct20_NRE20-35","1-1",3,"L_UH","Rct20_NRE20-35",0.182321556793955,0.182321556793955,0.182321556793955,0.182321556793955,0.182321556793955,0.300104592450338,0.205882132854229,0.205882132854229,-0.230676299556677,TRUE,0.580531439720406,1.00098655311937,-0.24808408988147,FALSE,0.356113668679791,1.00101734010685,-0.514855580560664,FALSE,1.17228367966716,1.00106300023704,-0.208806251907871,FALSE,0.392413797155646,1.00100820428118
235,"rand=1-1_rate=3_ROB=L_UH_Bias=Rct20_NRE20-35","1-1",3,"L_UH","Rct20_NRE20-35",0.182321556793955,0.182321556793955,0.182321556793955,0.182321556793955,0.182321556793955,0.300104592450338,0.192775533106425,0.192775533106425,-0.230160456032446,FALSE,0.501090530869777,1.00099312922713,-0.158081976506069,FALSE,0.256818658491295,1.00098784810745,-0.213069812537284,TRUE,0.94453553573108,1.00100645068288,-0.150619677929062,FALSE,0.281435523699923,1.00098948179549
236,"rand=1-1_rate=3_ROB=L_UH_Bias=Rct20_NRE20-35","1-1",3,"L_UH","Rct20_NRE20-35",0.182321556793955,0.182321556793955,0.182321556793955,0.182321556793955,0.182321556793955,0.300104592450338,0.196463963156768,0.196463963156768,-0.057469324214841,TRUE,0.491740437342028,1.0010049816397,-0.063741844039473,TRUE,0.350818859957729,1.00099128796108,-0.216770182108775,TRUE,0.853437900650457,1.00101349153327,-0.0304924753859976,TRUE,0.419466231988927,1.00098643496506
237,"rand=1-1_rate=3_ROB=L_UH_Bias=Rct20_NRE20-35","1-1",3,"L_UH","Rct20_NRE20-35",0.182321556793955,0.182321556793955,0.182321556793955,0.182321556793955,0.182321556793955,0.300104592450338,0.187983272735704,0.187983272735704,-0.209747388822522,TRUE,0.73614485014714,1.00101407640715,-0.225212521173533,TRUE,0.531104725175755,1.00099943672222,-0.114050391887829,TRUE,1.79805307083087,1.0009943603675,-0.25723998196297,TRUE,0.581620047309307,1.00100486316337
238,"rand=1-1_rate=3_ROB=L_UH_Bias=Rct20_NRE20-35","1-1",3,"L_UH","Rct20_NRE20-35",0.182321556793955,0.182321556793955,0.182321556793955,0.182321556793955,0.182321556793955,0.300104592450338,0.207130751754654,0.207130751754654,-0.0747583758937795,TRUE,0.509396426182134,1.00107761932288,-0.101615460458765,TRUE,0.341421364352822,1.00101677667701,-0.0662115098719152,TRUE,0.752261567880095,1.00108252701753,-0.107686300686146,TRUE,0.417740186497748,1.00098854249845
239,"rand=1-1_rate=3_ROB=L_UH_Bias=Rct20_NRE20-35","1-1",3,"L_UH","Rct20_NRE20-35",0.182321556793955,0.182321556793955,0.182321556793955,0.182321556793955,0.182321556793955,0.300104592450338,0.212057329025129,0.212057329025129,-0.170447922067612,TRUE,0.562581682275377,1.00100027617277,-0.17308899228302,FALSE,0.375332174345149,1.00099921531632,-0.237261591188198,TRUE,0.829333989306367,1.00101425038265,-0.160873104381297,TRUE,0.470161383948533,1.00098745885858
240,"rand=1-1_rate=3_ROB=L_UH_Bias=Rct20_NRE20-35","1-1",3,"L_UH","Rct20_NRE20-35",0.182321556793955,0.182321556793955,0.182321556793955,0.182321556793955,0.182321556793955,0.300104592450338,0.210174360922897,0.210174360922897,-0.164032727818584,TRUE,0.593636854415254,1.00101097540973,-0.120779379414045,TRUE,0.362918949902654,1.00098702229979,-0.321971163181985,TRUE,1.43603140904774,1.00099054468178,-0.0802573633490951,TRUE,0.385849245450222,1.00103965480754
241,"rand=1-1_rate=3_ROB=L_UH_Bias=Rct20_NRE20-35","1-1",3,"L_UH","Rct20_NRE20-35",0.182321556793955,0.182321556793955,0.182321556793955,0.182321556793955,0.182321556793955,0.300104592450338,0.206340947343802,0.206340947343802,-0.0818136716976166,TRUE,0.526106748787721,1.00113773355823,-0.152188044411903,TRUE,0.365178687901166,1.00100392186711,-0.0499956028733819,TRUE,0.903423746899631,1.00102727822121,-0.175323813182236,TRUE,0.439578455986329,1.00098634439208
242,"rand=1-1_rate=3_ROB=L_UH_Bias=Rct20_NRE20-35","1-1",3,"L_UH","Rct20_NRE20-35",0.182321556793955,0.182321556793955,0.182321556793955,0.182321556793955,0.182321556793955,0.300104592450338,0.208001771383553,0.208001771383553,-0.132320058980318,TRUE,0.52652124489183,1.00099130659182,-0.168701138069874,TRUE,0.372653298721806,1.00105802026888,-0.213190830363952,TRUE,1.37413758295605,1.00101752698028,-0.155864063031955,TRUE,0.412629776495985,1.00103176213204
243,"rand=1-1_rate=3_ROB=L_UH_Bias=Rct20_NRE20-35","1-1",3,"L_UH","Rct20_NRE20-35",0.182321556793955,0.182321556793955,0.182321556793955,0.182321556793955,0.182321556793955,0.300104592450338,0.214507697426408,0.214507697426408,-0.164066237533324,TRUE,0.537547939234748,1.00129504419904,-0.172063434592089,FALSE,0.36301985929701,1.00104513710991,-0.12419063590823,TRUE,0.812658071569286,1.00099613256278,-0.184145681201407,TRUE,0.448219944282417,1.00102929839156
244,"rand=1-1_rate=3_ROB=L_UH_Bias=Rct20_NRE20-35","1-1",3,"L_UH","Rct20_NRE20-35",0.182321556793955,0.182321556793955,0.182321556793955,0.182321556793955,0.182321556793955,0.300104592450338,0.196553298144411,0.196553298144411,-0.231101672051037,TRUE,0.554123548348503,1.00111816316973,-0.257328179687596,FALSE,0.361013801105377,1.00098662394543,-0.246945682759526,TRUE,0.95495643203021,1.00098971990954,-0.261261304232666,FALSE,0.427299994388105,1.00102782421012
245,"rand=1-1_rate=3_ROB=L_UH_Bias=Rct20_NRE20-35","1-1",3,"L_UH","Rct20_NRE20-35",0.182321556793955,0.182321556793955,0.182321556793955,0.182321556793955,0.182321556793955,0.300104592450338,0.18637120302842,0.18637120302842,-0.0992171587906503,TRUE,0.553229352892459,1.00099137730356,-0.125649026180979,TRUE,0.394518970994086,1.00100046560104,0.0303311345001945,TRUE,0.725255453738444,1.00098942817361,-0.163381344489506,TRUE,0.503774136834419,1.00099778953388
246,"rand=1-1_rate=3_ROB=L_UH_Bias=Rct20_NRE20-35","1-1",3,"L_UH","Rct20_NRE20-35",0.182321556793955,0.182321556793955,0.182321556793955,0.182321556793955,0.182321556793955,0.300104592450338,0.202394108360855,0.202394108360855,-0.465178920289701,FALSE,0.673012708922788,1.00105965840676,-0.332969224780777,FALSE,0.414334089249394,1.00099156954218,-0.807004743261611,FALSE,1.5679257568589,1.00130017852956,-0.250422414065929,FALSE,0.42126744248629,1.00098716591956
247,"rand=1-1_rate=3_ROB=L_UH_Bias=Rct20_NRE20-35","1-1",3,"L_UH","Rct20_NRE20-35",0.182321556793955,0.182321556793955,0.182321556793955,0.182321556793955,0.182321556793955,0.300104592450338,0.210533487769792,0.210533487769792,-0.348804163966495,FALSE,0.58450508505106,1.00098790567134,-0.375362351549728,FALSE,0.334180188379448,1.00098710427941,-0.283097866339719,TRUE,1.0066323916045,1.00107232044818,-0.388966444044669,FALSE,0.380250012507138,1.000989686511
248,"rand=1-1_rate=3_ROB=L_UH_Bias=Rct20_NRE20-35","1-1",3,"L_UH","Rct20_NRE20-35",0.182321556793955,0.182321556793955,0.182321556793955,0.182321556793955,0.182321556793955,0.300104592450338,0.194581394146388,0.194581394146388,-0.267199303968391,FALSE,0.571389105812185,1.00098946604453,-0.196041717081605,FALSE,0.345081013705954,1.00104283206544,-0.391024572777468,TRUE,1.00160296425167,1.00173020991407,-0.16278430873319,TRUE,0.393268568820215,1.00098899872141
249,"rand=1-1_rate=3_ROB=L_UH_Bias=Rct20_NRE20-35","1-1",3,"L_UH","Rct20_NRE20-35",0.182321556793955,0.182321556793955,0.182321556793955,0.182321556793955,0.182321556793955,0.300104592450338,0.235275232003538,0.235275232003538,-0.178387924978458,TRUE,0.567046808458688,1.00098687894286,-0.262693931981161,FALSE,0.388058447085351,1.0009897845498,-0.0610283217932823,TRUE,1.05267935131205,1.00102810012465,-0.306486868102635,FALSE,0.443061382288748,1.00098631944987
250,"rand=1-1_rate=3_ROB=L_UH_Bias=Rct20_NRE20-35","1-1",3,"L_UH","Rct20_NRE20-35",0.182321556793955,0.182321556793955,0.182321556793955,0.182321556793955,0.182321556793955,0.300104592450338,0.199123229714202,0.199123229714202,-0.228699081727077,TRUE,0.660062099691496,1.00098599014514,-0.262332002018912,FALSE,0.487421967196062,1.00101137509829,-0.262338618806136,TRUE,1.24235097230249,1.00103968183069,-0.260513279829073,FALSE,0.593578983296848,1.00098634589218
251,"rand=1-1_rate=3_ROB=L_UH_Bias=Rct20_NRE20-35","1-1",3,"L_UH","Rct20_NRE20-35",0.182321556793955,0.182321556793955,0.182321556793955,0.182321556793955,0.182321556793955,0.300104592450338,0.196556780445321,0.196556780445321,-0.441816627550521,FALSE,0.643217609204201,1.0012424336514,-0.389480062087286,FALSE,0.385066326241657,1.001131616721,-0.424929977897823,FALSE,0.970478239645168,1.00105987867353,-0.38356848690585,FALSE,0.454824739158926,1.00104876650965
252,"rand=1-1_rate=3_ROB=L_UH_Bias=Rct20_NRE20-35","1-1",3,"L_UH","Rct20_NRE20-35",0.182321556793955,0.182321556793955,0.182321556793955,0.182321556793955,0.182321556793955,0.300104592450338,0.207907156253105,0.207907156253105,-0.210982294758121,TRUE,0.521749054865168,1.00127036904308,-0.255057552087744,FALSE,0.302446161388982,1.00109434075127,-0.0393297665182182,TRUE,0.653834386682396,1.00099579631621,-0.292699799515761,FALSE,0.358727472819241,1.00108556908907
253,"rand=1-1_rate=3_ROB=L_UH_Bias=Rct20_NRE20-35","1-1",3,"L_UH","Rct20_NRE20-35",0.182321556793955,0.182321556793955,0.182321556793955,0.182321556793955,0.182321556793955,0.300104592450338,0.205767541191942,0.205767541191942,-0.0966478731750733,TRUE,0.489166303577756,1.00098647268985,-0.167985835517078,FALSE,0.329258038605417,1.00100239731533,-0.415335246431694,TRUE,1.06581716409313,1.00103150893553,-0.127382393086278,TRUE,0.364892473147166,1.0011305405205
254,"rand=1-1_rate=3_ROB=L_UH_Bias=Rct20_NRE20-35","1-1",3,"L_UH","Rct20_NRE20-35",0.182321556793955,0.182321556793955,0.182321556793955,0.182321556793955,0.182321556793955,0.300104592450338,0.19386715429494,0.19386715429494,-0.393657918798854,FALSE,0.64887382071647,1.00101309414026,-0.409812847644565,FALSE,0.397661706644042,1.00100903140797,-0.541888748488437,TRUE,1.48099462269326,1.00098618153794,-0.386305811723909,FALSE,0.439111216143689,1.00098776356046
255,"rand=1-1_rate=3_ROB=L_UH_Bias=Rct20_NRE20-35","1-1",3,"L_UH","Rct20_NRE20-35",0.182321556793955,0.182321556793955,0.182321556793955,0.182321556793955,0.182321556793955,0.300104592450338,0.200092208883147,0.200092208883147,-0.158846624483469,TRUE,0.552814165624438,1.00100057591496,-0.252055010944383,FALSE,0.41714681444901,1.00102254205418,-0.557523184310741,FALSE,1.34577573118163,1.00100660119695,-0.191511841222166,TRUE,0.45244115403393,1.00099563535885
256,"rand=1-1_rate=3_ROB=L_UH_Bias=Rct20_NRE20-35","1-1",3,"L_UH","Rct20_NRE20-35",0.182321556793955,0.182321556793955,0.182321556793955,0.182321556793955,0.182321556793955,0.300104592450338,0.223239287644284,0.223239287644284,-0.347867327971648,FALSE,0.643670181069278,1.00104513204578,-0.317166295091296,FALSE,0.396323080595536,1.00100231013154,-0.29603210576411,TRUE,1.08837490237751,1.00111404713517,-0.322161047040597,FALSE,0.467773169794474,1.00098599514364
257,"rand=1-1_rate=3_ROB=L_UH_Bias=Rct20_NRE20-35","1-1",3,"L_UH","Rct20_NRE20-35",0.182321556793955,0.182321556793955,0.182321556793955,0.182321556793955,0.182321556793955,0.300104592450338,0.20115408925288,0.20115408925288,-0.235818733829591,TRUE,0.694115204123007,1.0009939037534,-0.282541366756893,FALSE,0.526804887649116,1.00099022928253,-0.107798031507552,TRUE,0.979203222167932,1.00099208564733,-0.32968371718362,FALSE,0.677783607443224,1.00104050707756
258,"rand=1-1_rate=3_ROB=L_UH_Bias=Rct20_NRE20-35","1-1",3,"L_UH","Rct20_NRE20-35",0.182321556793955,0.182321556793955,0.182321556793955,0.182321556793955,0.182321556793955,0.300104592450338,0.208057931173526,0.208057931173526,-0.374597088986049,FALSE,0.613774270992001,1.00118459857707,-0.356006244979594,FALSE,0.363246996531748,1.00098849177448,-0.261641573442691,TRUE,0.837030966605349,1.00098637230877,-0.374671471354117,FALSE,0.447159066862634,1.00102242063797
259,"rand=1-1_rate=3_ROB=L_UH_Bias=Rct20_NRE20-35","1-1",3,"L_UH","Rct20_NRE20-35",0.182321556793955,0.182321556793955,0.182321556793955,0.182321556793955,0.182321556793955,0.300104592450338,0.188532757515648,0.188532757515648,-0.210106634317461,TRUE,0.534660890743831,1.00099348777301,-0.341554519094168,FALSE,0.385941027286115,1.00098918654174,-0.0476745650376513,TRUE,0.722460811327049,1.00120642293863,-0.407285083256207,FALSE,0.474394671175141,1.00109301507926
260,"rand=1-1_rate=3_ROB=L_UH_Bias=Rct20_NRE20-35","1-1",3,"L_UH","Rct20_NRE20-35",0.182321556793955,0.182321556793955,0.182321556793955,0.182321556793955,0.182321556793955,0.300104592450338,0.210362186495832,0.210362186495832,-0.111443525013039,TRUE,0.564019338791665,1.0010784640556,-0.171656599535555,TRUE,0.375969176176245,1.00099134724398,-0.029529009492552,TRUE,1.18026426901934,1.00099529341146,-0.207508792180796,FALSE,0.414851939680775,1.00098787422703
261,"rand=1-1_rate=3_ROB=L_UH_Bias=Rct20_NRE20-35","1-1",3,"L_UH","Rct20_NRE20-35",0.182321556793955,0.182321556793955,0.182321556793955,0.182321556793955,0.182321556793955,0.300104592450338,0.186264615481213,0.186264615481213,-0.108696974032939,TRUE,0.523565693122663,1.00098852512842,-0.166563732198096,FALSE,0.342049167614535,1.00098726366413,-0.0457114679893493,TRUE,1.09500194754063,1.00098748667254,-0.192559611500551,FALSE,0.384150928612328,1.00098983475791
262,"rand=1-1_rate=3_ROB=L_UH_Bias=Rct20_NRE20-35","1-1",3,"L_UH","Rct20_NRE20-35",0.182321556793955,0.182321556793955,0.182321556793955,0.182321556793955,0.182321556793955,0.300104592450338,0.178931587708846,0.178931587708846,-0.136889882478795,TRUE,0.597546751511752,1.00116231972343,-0.0847982446956608,TRUE,0.399641482611353,1.00098633157019,-0.137662993269487,TRUE,1.08647620950234,1.001081711776,-0.0732607574812498,TRUE,0.472285347461792,1.00107152644649
263,"rand=1-1_rate=3_ROB=L_UH_Bias=Rct20_NRE20-35","1-1",3,"L_UH","Rct20_NRE20-35",0.182321556793955,0.182321556793955,0.182321556793955,0.182321556793955,0.182321556793955,0.300104592450338,0.207980984338864,0.207980984338864,-0.0261881663175234,TRUE,0.491657560391928,1.00103289188057,-0.0827960281943418,TRUE,0.34371012340952,1.00102657783288,-0.287593462266072,TRUE,0.905223068393054,1.0010732821141,-0.0422857542392741,TRUE,0.398068288052346,1.0010601231096
264,"rand=1-1_rate=3_ROB=L_UH_Bias=Rct20_NRE20-35","1-1",3,"L_UH","Rct20_NRE20-35",0.182321556793955,0.182321556793955,0.182321556793955,0.182321556793955,0.182321556793955,0.300104592450338,0.196216006941745,0.196216006941745,-0.111459021444872,TRUE,0.580300648178006,1.00106625799821,-0.214112743461779,FALSE,0.441596751174385,1.00102583231726,-0.451744489885628,TRUE,1.37292841259921,1.00100640569194,-0.164467960948432,TRUE,0.483116944220927,1.00098599048964
265,"rand=1-1_rate=3_ROB=L_UH_Bias=Rct20_NRE20-35","1-1",3,"L_UH","Rct20_NRE20-35",0.182321556793955,0.182321556793955,0.182321556793955,0.182321556793955,0.182321556793955,0.300104592450338,0.210082218584618,0.210082218584618,-0.237549691082199,TRUE,0.643387373672555,1.00102437969056,-0.284273312303467,FALSE,0.443771432712282,1.00099070953517,0.0684993921858467,TRUE,1.02785202647549,1.00101446692754,-0.380588024950023,FALSE,0.505692867524787,1.00100217972159
266,"rand=1-1_rate=3_ROB=L_UH_Bias=Rct20_NRE20-35","1-1",3,"L_UH","Rct20_NRE20-35",0.182321556793955,0.182321556793955,0.182321556793955,0.182321556793955,0.182321556793955,0.300104592450338,0.189891757690947,0.189891757690947,-0.191532148250805,TRUE,0.61838076747398,1.00101055576615,-0.234039827849115,FALSE,0.404741969912262,1.00099339267343,0.0873968674761341,TRUE,0.775798013688601,1.00100039754415,-0.319081143747465,FALSE,0.477794568143546,1.00098615035429
267,"rand=1-1_rate=3_ROB=L_UH_Bias=Rct20_NRE20-35","1-1",3,"L_UH","Rct20_NRE20-35",0.182321556793955,0.182321556793955,0.182321556793955,0.182321556793955,0.182321556793955,0.300104592450338,0.213134047261036,0.213134047261036,-0.150616265647028,TRUE,0.552417210239726,1.00099893597724,-0.233338442124289,FALSE,0.388050878048588,1.00098694338017,-0.0226487127743547,TRUE,1.22210733448335,1.00098810885447,-0.280512079577535,FALSE,0.422968864106171,1.00100464900202
268,"rand=1-1_rate=3_ROB=L_UH_Bias=Rct20_NRE20-35","1-1",3,"L_UH","Rct20_NRE20-35",0.182321556793955,0.182321556793955,0.182321556793955,0.182321556793955,0.182321556793955,0.300104592450338,0.210561341093627,0.210561341093627,-0.113069805755979,TRUE,0.514286011961326,1.00107046110635,-0.116831489999226,TRUE,0.319347439380797,1.00098745987523,-0.125834223671363,TRUE,0.830714890041893,1.00108256877481,-0.114924775745574,TRUE,0.375894182115686,1.00099935879737
269,"rand=1-1_rate=3_ROB=L_UH_Bias=Rct20_NRE20-35","1-1",3,"L_UH","Rct20_NRE20-35",0.182321556793955,0.182321556793955,0.182321556793955,0.182321556793955,0.182321556793955,0.300104592450338,0.218922264226749,0.218922264226749,-0.228166609989126,TRUE,0.729601362757931,1.00099036415422,-0.176266147823879,TRUE,0.489003081572453,1.00099216174216,-0.36904688685945,TRUE,1.477720714994,1.00101307441212,-0.128072279592565,TRUE,0.554850120343405,1.00098632703065
270,"rand=1-1_rate=3_ROB=L_UH_Bias=Rct20_NRE20-35","1-1",3,"L_UH","Rct20_NRE20-35",0.182321556793955,0.182321556793955,0.182321556793955,0.182321556793955,0.182321556793955,0.300104592450338,0.212726265927489,0.212726265927489,-0.286301163519571,TRUE,0.699136405537856,1.00109141535466,-0.2422273754606,FALSE,0.50271722082935,1.00103332289902,-0.0737029371611526,TRUE,1.01995137562908,1.00103083661537,-0.296217550351321,FALSE,0.637250478346817,1.00098846182732
271,"rand=1-1_rate=3_ROB=L_UH_Bias=Rct20_NRE20-35","1-1",3,"L_UH","Rct20_NRE20-35",0.182321556793955,0.182321556793955,0.182321556793955,0.182321556793955,0.182321556793955,0.300104592450338,0.220011073398944,0.220011073398944,-0.312969758217559,FALSE,0.629299886912825,1.00101023919747,-0.401020033768732,FALSE,0.45490444567181,1.00099535320523,-0.100258937495451,TRUE,1.07056346163975,1.00099804879587,-0.476174659423824,FALSE,0.532066485674045,1.00098827550993
272,"rand=1-1_rate=3_ROB=L_UH_Bias=Rct20_NRE20-35","1-1",3,"L_UH","Rct20_NRE20-35",0.182321556793955,0.182321556793955,0.182321556793955,0.182321556793955,0.182321556793955,0.300104592450338,0.220291176600393,0.220291176600393,-0.111955812657722,TRUE,0.490788786257203,1.00108773381926,-0.173945110543832,FALSE,0.308893940376471,1.00099342461179,0.0178960241854151,TRUE,0.684718025513852,1.00099925803325,-0.212574094420206,FALSE,0.37679380123858,1.00099078038126
273,"rand=1-1_rate=3_ROB=L_UH_Bias=Rct20_NRE20-35","1-1",3,"L_UH","Rct20_NRE20-35",0.182321556793955,0.182321556793955,0.182321556793955,0.182321556793955,0.182321556793955,0.300104592450338,0.197398880300712,0.197398880300712,-0.197110205219486,TRUE,0.627003544968399,1.00098867923612,-0.251999144400818,FALSE,0.432357246917317,1.0009859913151,0.0327377871071621,TRUE,0.755428842163538,1.00102781088989,-0.330131121857146,FALSE,0.537809061052068,1.000991901385
274,"rand=1-1_rate=3_ROB=L_UH_Bias=Rct20_NRE20-35","1-1",3,"L_UH","Rct20_NRE20-35",0.182321556793955,0.182321556793955,0.182321556793955,0.182321556793955,0.182321556793955,0.300104592450338,0.217958548754835,0.217958548754835,-0.363550246269615,FALSE,0.686317748284213,1.0010240240572,-0.311698460356177,FALSE,0.416829564612302,1.00101135592489,-0.345237507396865,TRUE,1.4952726183102,1.00101623176232,-0.307836199737047,FALSE,0.456190964700682,1.00100299470691
275,"rand=1-1_rate=3_ROB=L_UH_Bias=Rct20_NRE20-35","1-1",3,"L_UH","Rct20_NRE20-35",0.182321556793955,0.182321556793955,0.182321556793955,0.182321556793955,0.182321556793955,0.300104592450338,0.211120582922121,0.211120582922121,-0.191244914620663,TRUE,0.611746167967207,1.0009952225995,-0.207756989855919,FALSE,0.446684632793891,1.00099573975498,-0.292559230941712,TRUE,1.50176324685245,1.00099928852002,-0.184827205898517,TRUE,0.495797714099426,1.00098604545968
276,"rand=1-1_rate=3_ROB=L_UH_Bias=Rct20_NRE20-35","1-1",3,"L_UH","Rct20_NRE20-35",0.182321556793955,0.182321556793955,0.182321556793955,0.182321556793955,0.182321556793955,0.300104592450338,0.197377496023204,0.197377496023204,-0.336487974579463,FALSE,0.666020450078711,1.00103371972695,-0.344772868216134,FALSE,0.443280598031608,1.00113271626969,-0.230656838500175,TRUE,1.00205752458441,1.00098824750566,-0.370247243530322,FALSE,0.541873367142018,1.00100323121937
277,"rand=1-1_rate=3_ROB=L_UH_Bias=Rct20_NRE20-35","1-1",3,"L_UH","Rct20_NRE20-35",0.182321556793955,0.182321556793955,0.182321556793955,0.182321556793955,0.182321556793955,0.300104592450338,0.207340845449153,0.207340845449153,-0.321780675580836,FALSE,0.666459487067257,1.00138972369747,-0.280354667714744,FALSE,0.464818781531141,1.00099311084674,-0.294181975243009,TRUE,1.04956920795528,1.00110853122975,-0.275480609354092,FALSE,0.577546355730352,1.00099021207998
278,"rand=1-1_rate=3_ROB=L_UH_Bias=Rct20_NRE20-35","1-1",3,"L_UH","Rct20_NRE20-35",0.182321556793955,0.182321556793955,0.182321556793955,0.182321556793955,0.182321556793955,0.300104592450338,0.223908154093853,0.223908154093853,-0.131189735636203,TRUE,0.485020108306878,1.00099033488761,-0.187618300556426,FALSE,0.316347638929593,1.00098958591153,-0.259795087717546,TRUE,0.849586094582595,1.00098613974763,-0.175127069385388,FALSE,0.377319342165671,1.00098755079728
279,"rand=1-1_rate=3_ROB=L_UH_Bias=Rct20_NRE20-35","1-1",3,"L_UH","Rct20_NRE20-35",0.182321556793955,0.182321556793955,0.182321556793955,0.182321556793955,0.182321556793955,0.300104592450338,0.193349464307354,0.193349464307354,-0.398332666980464,FALSE,0.652195500188955,1.00098652775575,-0.322487349302242,FALSE,0.418358809732502,1.00098951034939,-0.527414134349917,FALSE,0.965841333132419,1.00109532881005,-0.282517524742901,FALSE,0.512324774556727,1.00100490455321
280,"rand=1-1_rate=3_ROB=L_UH_Bias=Rct20_NRE20-35","1-1",3,"L_UH","Rct20_NRE20-35",0.182321556793955,0.182321556793955,0.182321556793955,0.182321556793955,0.182321556793955,0.300104592450338,0.203703355390243,0.203703355390243,-0.25371093645379,TRUE,0.612483002052086,1.00105145173007,-0.321839244385013,FALSE,0.456890071438159,1.00099508362658,-0.467579630707006,TRUE,1.23704535966462,1.0010081217768,-0.2869626901516,FALSE,0.534500429766145,1.00098598997245
281,"rand=1-1_rate=3_ROB=L_UH_Bias=Rct20_NRE20-35","1-1",3,"L_UH","Rct20_NRE20-35",0.182321556793955,0.182321556793955,0.182321556793955,0.182321556793955,0.182321556793955,0.300104592450338,0.20965919630364,0.20965919630364,-0.477693670929325,FALSE,0.562968584904394,1.00099968429483,-0.430951305862146,FALSE,0.341108782644461,1.00098623746842,-0.618310806083641,FALSE,1.25698804902784,1.00103753518262,-0.404915594384005,FALSE,0.376172417718958,1.0010058057114
282,"rand=1-1_rate=3_ROB=L_UH_Bias=Rct20_NRE20-35","1-1",3,"L_UH","Rct20_NRE20-35",0.182321556793955,0.182321556793955,0.182321556793955,0.182321556793955,0.182321556793955,0.300104592450338,0.210540927268245,0.210540927268245,-0.198711743103621,TRUE,0.612037765523356,1.00098810839356,-0.237388324110616,FALSE,0.461655740309634,1.001033294828,-0.348964851257458,TRUE,1.14416862037653,1.00118932648145,-0.203920266325599,TRUE,0.547685060894706,1.00100727183499
283,"rand=1-1_rate=3_ROB=L_UH_Bias=Rct20_NRE20-35","1-1",3,"L_UH","Rct20_NRE20-35",0.182321556793955,0.182321556793955,0.182321556793955,0.182321556793955,0.182321556793955,0.300104592450338,0.203562453726274,0.203562453726274,-0.348626839341817,FALSE,0.554460259692767,1.0010231372902,-0.305753072650349,FALSE,0.298897446235429,1.00099323656222,-0.72995030906829,FALSE,1.12896884277432,1.00103712469143,-0.25109958265446,FALSE,0.31401506977441,1.0009866505704
284,"rand=1-1_rate=3_ROB=L_UH_Bias=Rct20_NRE20-35","1-1",3,"L_UH","Rct20_NRE20-35",0.182321556793955,0.182321556793955,0.182321556793955,0.182321556793955,0.182321556793955,0.300104592450338,0.215783038429726,0.215783038429726,-0.19905779311168,TRUE,0.563078976278194,1.00098638676049,-0.295252668106486,FALSE,0.40639995672423,1.00101314604355,-0.059697393631045,TRUE,1.11702618085115,1.00111348168792,-0.345526020347985,FALSE,0.458709210856673,1.00099242545195
285,"rand=1-1_rate=3_ROB=L_UH_Bias=Rct20_NRE20-35","1-1",3,"L_UH","Rct20_NRE20-35",0.182321556793955,0.182321556793955,0.182321556793955,0.182321556793955,0.182321556793955,0.300104592450338,0.212450090393711,0.212450090393711,-0.274989897215582,FALSE,0.618371223106842,1.00120549658511,-0.365671919069077,FALSE,0.415275250727987,1.00101881299789,-0.0529353354400648,TRUE,0.846731656928201,1.00099441647058,-0.433692559427018,FALSE,0.486270979513372,1.00100357110138
286,"rand=1-1_rate=3_ROB=L_UH_Bias=Rct20_NRE20-35","1-1",3,"L_UH","Rct20_NRE20-35",0.182321556793955,0.182321556793955,0.182321556793955,0.182321556793955,0.182321556793955,0.300104592450338,0.191838796349485,0.191838796349485,-0.301422027151442,TRUE,0.712013697809947,1.00098744571735,-0.436151830662725,FALSE,0.568153451273334,1.00099221950484,-0.575723869939776,TRUE,1.81341072883,1.00100742148327,-0.401216644561618,FALSE,0.650791226364542,1.00099587484453
287,"rand=1-1_rate=3_ROB=L_UH_Bias=Rct20_NRE20-35","1-1",3,"L_UH","Rct20_NRE20-35",0.182321556793955,0.182321556793955,0.182321556793955,0.182321556793955,0.182321556793955,0.300104592450338,0.201233568220161,0.201233568220161,-0.102966465099405,TRUE,0.511673879383984,1.0009861125163,-0.178917919138408,FALSE,0.346455395910351,1.00099788621823,-0.069165115179072,TRUE,1.23344170141617,1.00098624178537,-0.201164258016373,FALSE,0.386238132576547,1.00099930703411
288,"rand=1-1_rate=3_ROB=L_UH_Bias=Rct20_NRE20-35","1-1",3,"L_UH","Rct20_NRE20-35",0.182321556793955,0.182321556793955,0.182321556793955,0.182321556793955,0.182321556793955,0.300104592450338,0.192862326480766,0.192862326480766,-0.19374597333748,TRUE,0.601220415751486,1.00098667092524,-0.211014736643878,FALSE,0.447017296301434,1.00099387416598,-0.205594971325046,TRUE,1.23034720241754,1.00101854663646,-0.21096688448453,TRUE,0.534582464278057,1.00104649087746
289,"rand=1-1_rate=3_ROB=L_UH_Bias=Rct20_NRE20-35","1-1",3,"L_UH","Rct20_NRE20-35",0.182321556793955,0.182321556793955,0.182321556793955,0.182321556793955,0.182321556793955,0.300104592450338,0.210291173726775,0.210291173726775,-0.211016658409449,TRUE,0.537623285168509,1.00098960483397,-0.271082576264928,FALSE,0.333567808232409,1.00099653335601,-0.14579885758085,TRUE,0.799033658018694,1.00141467011896,-0.293401777409492,FALSE,0.402412632307404,1.00099808532529
290,"rand=1-1_rate=3_ROB=L_UH_Bias=Rct20_NRE20-35","1-1",3,"L_UH","Rct20_NRE20-35",0.182321556793955,0.182321556793955,0.182321556793955,0.182321556793955,0.182321556793955,0.300104592450338,0.203261815278613,0.203261815278613,-0.29794397070115,FALSE,0.597167141598481,1.00102590199036,-0.238098617148809,FALSE,0.322838055774564,1.00098648992171,-0.359154742525717,TRUE,2.05964965813996,1.00098618016169,-0.222629815529482,FALSE,0.332527061031131,1.00099120096147
291,"rand=1-1_rate=3_ROB=L_UH_Bias=Rct20_NRE20-35","1-1",3,"L_UH","Rct20_NRE20-35",0.182321556793955,0.182321556793955,0.182321556793955,0.182321556793955,0.182321556793955,0.300104592450338,0.209805754353646,0.209805754353646,-0.237031847217591,TRUE,0.621787790551382,1.00098913669374,-0.215450296499173,FALSE,0.398033821398878,1.00098644376985,-0.194283779310279,TRUE,1.07558486847106,1.00103497833389,-0.219981493417131,FALSE,0.470697067280711,1.00106614111068
292,"rand=1-1_rate=3_ROB=L_UH_Bias=Rct20_NRE20-35","1-1",3,"L_UH","Rct20_NRE20-35",0.182321556793955,0.182321556793955,0.182321556793955,0.182321556793955,0.182321556793955,0.300104592450338,0.193881573243418,0.193881573243418,-0.120482598181116,TRUE,0.413076550399709,1.00101581194158,-0.218958027245248,FALSE,0.334072231196328,1.0011086247128,-0.136026251432016,TRUE,0.811947095252982,1.00099120657996,-0.236140285025946,FALSE,0.399868289693907,1.00100727677904
293,"rand=1-1_rate=3_ROB=L_UH_Bias=Rct20_NRE20-35","1-1",3,"L_UH","Rct20_NRE20-35",0.182321556793955,0.182321556793955,0.182321556793955,0.182321556793955,0.182321556793955,0.300104592450338,0.198615203293416,0.198615203293416,-0.233301099959695,TRUE,0.537907347625331,1.00101037548116,-0.232505252987414,FALSE,0.294774892549132,1.0009938883292,-0.259501529424988,TRUE,1.07265819610731,1.00099726470664,-0.228117979750722,FALSE,0.325324495631308,1.00099118837485
294,"rand=1-1_rate=3_ROB=L_UH_Bias=Rct20_NRE20-35","1-1",3,"L_UH","Rct20_NRE20-35",0.182321556793955,0.182321556793955,0.182321556793955,0.182321556793955,0.182321556793955,0.300104592450338,0.189282870243722,0.189282870243722,-0.126835874787078,TRUE,0.611945810693209,1.00115602463748,-0.172517613307637,TRUE,0.450229426715006,1.00098979786243,-0.302623287854091,TRUE,1.41670047219963,1.00099287342454,-0.141377427915271,TRUE,0.51156709827389,1.00105356934178
295,"rand=1-1_rate=3_ROB=L_UH_Bias=Rct20_NRE20-35","1-1",3,"L_UH","Rct20_NRE20-35",0.182321556793955,0.182321556793955,0.182321556793955,0.182321556793955,0.182321556793955,0.300104592450338,0.181954096411477,0.181954096411477,-0.217174121975122,TRUE,0.581170683368373,1.0010104799252,-0.292329588773004,FALSE,0.401440003481957,1.00099980984132,-0.223314628835709,TRUE,1.06264747959299,1.0010156672569,-0.306001949001772,FALSE,0.477058188475536,1.00100872939782
296,"rand=1-1_rate=3_ROB=L_UH_Bias=Rct20_NRE20-35","1-1",3,"L_UH","Rct20_NRE20-35",0.182321556793955,0.182321556793955,0.182321556793955,0.182321556793955,0.182321556793955,0.300104592450338,0.197330809865687,0.197330809865687,-0.0908590303989598,TRUE,0.505035711987929,1.00107838173952,-0.196374769182934,FALSE,0.36307877979218,1.00099059671476,-0.143919119305396,TRUE,1.12424248829918,1.00099445910577,-0.206079905221528,FALSE,0.411141768518019,1.00099830766575
297,"rand=1-1_rate=3_ROB=L_UH_Bias=Rct20_NRE20-35","1-1",3,"L_UH","Rct20_NRE20-35",0.182321556793955,0.182321556793955,0.182321556793955,0.182321556793955,0.182321556793955,0.300104592450338,0.19622431723325,0.19622431723325,-0.231942795465071,TRUE,0.59835562912303,1.00098697773443,-0.225116860429126,FALSE,0.374490835433666,1.00098599322342,-0.327805947494943,TRUE,1.84181353163221,1.00098803459671,-0.210353288379652,FALSE,0.378853862248711,1.00098622068399
298,"rand=1-1_rate=3_ROB=L_UH_Bias=Rct20_NRE20-35","1-1",3,"L_UH","Rct20_NRE20-35",0.182321556793955,0.182321556793955,0.182321556793955,0.182321556793955,0.182321556793955,0.300104592450338,0.197170861211024,0.197170861211024,-0.163965486134156,TRUE,0.59947902015417,1.00102733854566,-0.112838235212496,TRUE,0.384682712985557,1.00108040827148,-0.107628085954858,TRUE,1.13656184246929,1.00098601870887,-0.114291152958568,TRUE,0.443918667278417,1.00098642144351
299,"rand=1-1_rate=3_ROB=L_UH_Bias=Rct20_NRE20-35","1-1",3,"L_UH","Rct20_NRE20-35",0.182321556793955,0.182321556793955,0.182321556793955,0.182321556793955,0.182321556793955,0.300104592450338,0.190707300658352,0.190707300658352,-0.210577075873486,FALSE,0.436924822764922,1.0009945424418,-0.173491932666944,FALSE,0.160011483268226,1.00164231239676,-0.312031030069691,TRUE,0.850868901918714,1.00106700240896,-0.164445092530678,FALSE,0.170744442792273,1.00101001240436
300,"rand=1-1_rate=3_ROB=L_UH_Bias=Rct20_NRE20-35","1-1",3,"L_UH","Rct20_NRE20-35",0.182321556793955,0.182321556793955,0.182321556793955,0.182321556793955,0.182321556793955,0.300104592450338,0.196520149155656,0.196520149155656,-0.0596906375159842,TRUE,0.568974989028559,1.00098992135519,-0.141771689816119,TRUE,0.394549478165752,1.0009945497805,-0.454897237929505,TRUE,1.61395159718936,1.00100665986788,-0.0797399088122892,TRUE,0.401803826894442,1.00104796257836
301,"rand=1-1_rate=3_ROB=L_UH_Bias=Rct20_NRE20-35","1-1",3,"L_UH","Rct20_NRE20-35",0.182321556793955,0.182321556793955,0.182321556793955,0.182321556793955,0.182321556793955,0.300104592450338,0.193349402534938,0.193349402534938,-0.111366107992976,TRUE,0.562749588829338,1.00099307962673,-0.271462536808647,FALSE,0.483719195603813,1.00098607684037,-0.0127124864456398,TRUE,0.780750233350071,1.00098668660835,-0.352249532095812,FALSE,0.628591115714662,1.00099851559097
302,"rand=1-1_rate=3_ROB=L_UH_Bias=Rct20_NRE20-35","1-1",3,"L_UH","Rct20_NRE20-35",0.182321556793955,0.182321556793955,0.182321556793955,0.182321556793955,0.182321556793955,0.300104592450338,0.189147064228252,0.189147064228252,-0.320247722507313,FALSE,0.638374549045664,1.00100522444453,-0.320275791447614,FALSE,0.464400127436607,1.00099021270354,-0.203295861871516,TRUE,0.910950408041336,1.00132351692617,-0.355782455161252,FALSE,0.591822866024869,1.00099277133683
303,"rand=1-1_rate=3_ROB=L_UH_Bias=Rct20_NRE20-35","1-1",3,"L_UH","Rct20_NRE20-35",0.182321556793955,0.182321556793955,0.182321556793955,0.182321556793955,0.182321556793955,0.300104592450338,0.190147806694169,0.190147806694169,-0.226890065110873,TRUE,0.555670253955482,1.00103759376528,-0.186684826171176,FALSE,0.371858682351816,1.00099551068418,-0.318027884776424,TRUE,0.932901530674556,1.00108687275971,-0.158163762820855,TRUE,0.442644122745514,1.00099330587718
304,"rand=1-1_rate=3_ROB=L_UH_Bias=Rct20_NRE20-35","1-1",3,"L_UH","Rct20_NRE20-35",0.182321556793955,0.182321556793955,0.182321556793955,0.182321556793955,0.182321556793955,0.300104592450338,0.201877351234037,0.201877351234037,-0.428331614556925,FALSE,0.550262628333082,1.00119529452805,-0.324114684271872,FALSE,0.35460378754763,1.00098667919752,-0.460587567952514,FALSE,0.991737182358322,1.00098603066667,-0.301590131382844,FALSE,0.408614211996615,1.00098619752657
305,"rand=1-1_rate=3_ROB=L_UH_Bias=Rct20_NRE20-35","1-1",3,"L_UH","Rct20_NRE20-35",0.182321556793955,0.182321556793955,0.182321556793955,0.182321556793955,0.182321556793955,0.300104592450338,0.208289635099404,0.208289635099404,-0.381260936357,FALSE,0.724169886848372,1.00100188758954,-0.295639027623781,FALSE,0.47765571685347,1.00102812805926,-0.7141715863781,FALSE,1.10062670105076,1.00104532308546,-0.20490758071639,TRUE,0.544253228877737,1.00099242786569
306,"rand=1-1_rate=3_ROB=L_UH_Bias=Rct20_NRE20-35","1-1",3,"L_UH","Rct20_NRE20-35",0.182321556793955,0.182321556793955,0.182321556793955,0.182321556793955,0.182321556793955,0.300104592450338,0.208205403415219,0.208205403415219,-0.287596461767288,FALSE,0.580719128786001,1.00101872889309,-0.291432283017012,FALSE,0.363780393176255,1.00098705735313,-0.463839142538823,FALSE,1.14702689068853,1.00105963410165,-0.261221557055569,FALSE,0.410866612816795,1.00098628668185
307,"rand=1-1_rate=3_ROB=L_UH_Bias=Rct20_NRE20-35","1-1",3,"L_UH","Rct20_NRE20-35",0.182321556793955,0.182321556793955,0.182321556793955,0.182321556793955,0.182321556793955,0.300104592450338,0.214257566876769,0.214257566876769,-0.168600305454962,TRUE,0.588460043842056,1.00108608251228,-0.291679844198542,FALSE,0.442822809438224,1.00098633517521,-0.137185736467136,TRUE,0.997994893639054,1.00106304546085,-0.331865530854405,FALSE,0.545785553802675,1.00101502413193
308,"rand=1-1_rate=3_ROB=L_UH_Bias=Rct20_NRE20-35","1-1",3,"L_UH","Rct20_NRE20-35",0.182321556793955,0.182321556793955,0.182321556793955,0.182321556793955,0.182321556793955,0.300104592450338,0.196230538321876,0.196230538321876,-0.174150748103554,TRUE,0.560245740201828,1.00100676016077,-0.157962198131625,TRUE,0.350363937679988,1.00099538226726,-0.107310619187598,TRUE,0.923698129482509,1.00102756739646,-0.168525258579983,TRUE,0.412284410532084,1.0010339698986
309,"rand=1-1_rate=3_ROB=L_UH_Bias=Rct20_NRE20-35","1-1",3,"L_UH","Rct20_NRE20-35",0.182321556793955,0.182321556793955,0.182321556793955,0.182321556793955,0.182321556793955,0.300104592450338,0.210549893789717,0.210549893789717,-0.0623941315839649,TRUE,0.485854734974777,1.00128230866881,-0.146197107880641,TRUE,0.346114449500419,1.00098600839109,-0.104619611043667,TRUE,0.958347180706181,1.00100354020211,-0.155047393699166,TRUE,0.401345559521042,1.00104547832837
310,"rand=1-1_rate=3_ROB=L_UH_Bias=Rct20_NRE20-35","1-1",3,"L_UH","Rct20_NRE20-35",0.182321556793955,0.182321556793955,0.182321556793955,0.182321556793955,0.182321556793955,0.300104592450338,0.204412658715031,0.204412658715031,-0.252296331628706,TRUE,0.614764097830693,1.0009865523117,-0.321041858150773,FALSE,0.45590508737477,1.00099352306639,-0.400907218742652,TRUE,1.12853777530027,1.00100616323572,-0.301247650246608,FALSE,0.54718534008647,1.00098773469617
311,"rand=1-1_rate=3_ROB=L_UH_Bias=Rct20_NRE20-35","1-1",3,"L_UH","Rct20_NRE20-35",0.182321556793955,0.182321556793955,0.182321556793955,0.182321556793955,0.182321556793955,0.300104592450338,0.208576587639179,0.208576587639179,-0.264637358988782,FALSE,0.578809429389377,1.00108183050878,-0.255102931990151,FALSE,0.336583977856077,1.0009966062421,-0.118974523670803,TRUE,0.92898827591109,1.00105073667636,-0.278530249907588,FALSE,0.384074714937484,1.00100487733987
312,"rand=1-1_rate=3_ROB=L_UH_Bias=Rct20_NRE20-35","1-1",3,"L_UH","Rct20_NRE20-35",0.182321556793955,0.182321556793955,0.182321556793955,0.182321556793955,0.182321556793955,0.300104592450338,0.197099545150235,0.197099545150235,-0.172121063706812,TRUE,0.539223128104373,1.00107968473656,-0.175929603488392,FALSE,0.313911916507144,1.00100528154761,-0.285356997422534,TRUE,1.13228192859149,1.00101572849326,-0.15767272714506,FALSE,0.341881306858355,1.00099432985066
313,"rand=1-1_rate=3_ROB=L_UH_Bias=Rct20_NRE20-35","1-1",3,"L_UH","Rct20_NRE20-35",0.182321556793955,0.182321556793955,0.182321556793955,0.182321556793955,0.182321556793955,0.300104592450338,0.200275771762865,0.200275771762865,-0.360109095111638,FALSE,0.63373007690641,1.00112216253957,-0.340293069746608,FALSE,0.372059046720751,1.00099644649781,-0.703467058695018,FALSE,1.48714260620566,1.00100816044607,-0.290315856318219,FALSE,0.384186785096198,1.00099890721193
314,"rand=1-1_rate=3_ROB=L_UH_Bias=Rct20_NRE20-35","1-1",3,"L_UH","Rct20_NRE20-35",0.182321556793955,0.182321556793955,0.182321556793955,0.182321556793955,0.182321556793955,0.300104592450338,0.206954767310062,0.206954767310062,-0.177028161637213,TRUE,0.556184601910623,1.00098798219808,-0.161154624027073,TRUE,0.346502812687052,1.00099462196426,-0.115534597647258,TRUE,1.24704331553059,1.00109311207224,-0.169946234027465,TRUE,0.385118049018576,1.00098607518553
315,"rand=1-1_rate=3_ROB=L_UH_Bias=Rct20_NRE20-35","1-1",3,"L_UH","Rct20_NRE20-35",0.182321556793955,0.182321556793955,0.182321556793955,0.182321556793955,0.182321556793955,0.300104592450338,0.196366389842351,0.196366389842351,-0.259899314233407,TRUE,0.625999129152382,1.00101210283755,-0.27765653761303,FALSE,0.39613941872885,1.00099498701809,-0.373003811435667,TRUE,1.39476396164885,1.00113066689783,-0.258049045644316,FALSE,0.446191868772452,1.00116112184732
316,"rand=1-1_rate=3_ROB=L_UH_Bias=Rct20_NRE20-35","1-1",3,"L_UH","Rct20_NRE20-35",0.182321556793955,0.182321556793955,0.182321556793955,0.182321556793955,0.182321556793955,0.300104592450338,0.21339004565931,0.21339004565931,-0.0914981139323356,TRUE,0.562628015101493,1.00109006250755,-0.155187335017964,TRUE,0.386134480645456,1.0009871257405,0.035513043134753,TRUE,0.716160210691696,1.00120691674153,-0.199999165954232,TRUE,0.484062264300611,1.00100752288946
317,"rand=1-1_rate=3_ROB=L_UH_Bias=Rct20_NRE20-35","1-1",3,"L_UH","Rct20_NRE20-35",0.182321556793955,0.182321556793955,0.182321556793955,0.182321556793955,0.182321556793955,0.300104592450338,0.210189926427243,0.210189926427243,-0.26626994921366,FALSE,0.573553977270678,1.00101592104491,-0.259167154554829,FALSE,0.346816591500232,1.00104555123278,-0.365737461063695,TRUE,1.57998060728767,1.00098675736715,-0.242591399873044,FALSE,0.371605860775585,1.00098651471911
318,"rand=1-1_rate=3_ROB=L_UH_Bias=Rct20_NRE20-35","1-1",3,"L_UH","Rct20_NRE20-35",0.182321556793955,0.182321556793955,0.182321556793955,0.182321556793955,0.182321556793955,0.300104592450338,0.189587506638837,0.189587506638837,-0.152562793725386,TRUE,0.470002177379582,1.00098599327619,-0.170700085686664,FALSE,0.264730772122851,1.00098702870841,-0.0279744808731273,TRUE,0.79127306312327,1.00098895526769,-0.191426340791991,FALSE,0.304191061463828,1.00100123737239
319,"rand=1-1_rate=3_ROB=L_UH_Bias=Rct20_NRE20-35","1-1",3,"L_UH","Rct20_NRE20-35",0.182321556793955,0.182321556793955,0.182321556793955,0.182321556793955,0.182321556793955,0.300104592450338,0.209390100362616,0.209390100362616,-0.246490350207447,TRUE,0.637298660563765,1.0010367176889,-0.228543731468676,FALSE,0.412328367282548,1.00098995141719,-0.302719051196415,TRUE,1.30269475713795,1.00098723382444,-0.21265677757894,TRUE,0.472597142661028,1.00100555155818
320,"rand=1-1_rate=3_ROB=L_UH_Bias=Rct20_NRE20-35","1-1",3,"L_UH","Rct20_NRE20-35",0.182321556793955,0.182321556793955,0.182321556793955,0.182321556793955,0.182321556793955,0.300104592450338,0.191513324002014,0.191513324002014,-0.0906798688957065,TRUE,0.569411697727319,1.00099212232527,-0.152080866755951,TRUE,0.404394787353056,1.00098934023445,-0.218667455733367,TRUE,1.24620611551763,1.00100842541687,-0.13605934916786,TRUE,0.460543354115385,1.00099452064381
321,"rand=1-1_rate=3_ROB=L_UH_Bias=Rct20_NRE20-35","1-1",3,"L_UH","Rct20_NRE20-35",0.182321556793955,0.182321556793955,0.182321556793955,0.182321556793955,0.182321556793955,0.300104592450338,0.229576354815457,0.229576354815457,-0.293053759187635,FALSE,0.58638482200984,1.00107222932396,-0.30945264289446,FALSE,0.328649660614591,1.00099021769613,-0.0425029386924061,TRUE,0.764850762444554,1.00112234590055,-0.355948259207962,FALSE,0.384505555635777,1.00102178853398
322,"rand=1-1_rate=3_ROB=L_UH_Bias=Rct20_NRE20-35","1-1",3,"L_UH","Rct20_NRE20-35",0.182321556793955,0.182321556793955,0.182321556793955,0.182321556793955,0.182321556793955,0.300104592450338,0.195059289144213,0.195059289144213,-0.138734760149721,TRUE,0.529546821960418,1.00108655295198,-0.215811021865343,FALSE,0.3319201700727,1.00099984917352,0.0819266959563905,TRUE,0.641676385101882,1.00102078665936,-0.277981214517776,FALSE,0.391168695506341,1.00098789646494
323,"rand=1-1_rate=3_ROB=L_UH_Bias=Rct20_NRE20-35","1-1",3,"L_UH","Rct20_NRE20-35",0.182321556793955,0.182321556793955,0.182321556793955,0.182321556793955,0.182321556793955,0.300104592450338,0.205467806152407,0.205467806152407,-0.244226556449054,TRUE,0.642091791523115,1.00105574629097,-0.268343898582387,FALSE,0.430810480228342,1.00102916438231,-0.372985997352404,TRUE,1.63580850417266,1.00098752860084,-0.245371892463841,FALSE,0.476496332104724,1.00103772532994
324,"rand=1-1_rate=3_ROB=L_UH_Bias=Rct20_NRE20-35","1-1",3,"L_UH","Rct20_NRE20-35",0.182321556793955,0.182321556793955,0.182321556793955,0.182321556793955,0.182321556793955,0.300104592450338,0.194778558236241,0.194778558236241,-0.292839030315974,FALSE,0.545794126995947,1.00101041222819,-0.327874058639652,FALSE,0.293041924295397,1.00098618537233,-0.325426794710844,TRUE,1.30527760942081,1.00100636538701,-0.328530732237883,FALSE,0.312319569021725,1.00100147445263
325,"rand=1-1_rate=3_ROB=L_UH_Bias=Rct20_NRE20-35","1-1",3,"L_UH","Rct20_NRE20-35",0.182321556793955,0.182321556793955,0.182321556793955,0.182321556793955,0.182321556793955,0.300104592450338,0.19272675295832,0.19272675295832,-0.223513942449226,TRUE,0.604075462414306,1.00103887850882,-0.248950121867531,FALSE,0.410665700711487,1.00098604327264,-0.185938870990204,TRUE,0.876078049889668,1.00107362944536,-0.264824624641141,FALSE,0.508537896130655,1.0010370146993
326,"rand=1-1_rate=3_ROB=L_UH_Bias=Rct20_NRE20-35","1-1",3,"L_UH","Rct20_NRE20-35",0.182321556793955,0.182321556793955,0.182321556793955,0.182321556793955,0.182321556793955,0.300104592450338,0.203178638154838,0.203178638154838,-0.187377257542254,TRUE,0.587032857341018,1.00103483607982,-0.261430673570067,FALSE,0.394380647816304,1.00103566692871,0.0971442701637353,TRUE,0.633592126024972,1.0011878765734,-0.352030916058001,FALSE,0.473834685972279,1.0009870658624
327,"rand=1-1_rate=3_ROB=L_UH_Bias=Rct20_NRE20-35","1-1",3,"L_UH","Rct20_NRE20-35",0.182321556793955,0.182321556793955,0.182321556793955,0.182321556793955,0.182321556793955,0.300104592450338,0.201265661179461,0.201265661179461,-0.128112155019566,TRUE,0.641832716181162,1.00101186317496,-0.174576372762148,TRUE,0.477132265359948,1.00099361703658,-0.200564142183972,TRUE,1.57496241070358,1.00101811754105,-0.169032605005675,TRUE,0.562091943050357,1.001056164984
328,"rand=1-1_rate=3_ROB=L_UH_Bias=Rct20_NRE20-35","1-1",3,"L_UH","Rct20_NRE20-35",0.182321556793955,0.182321556793955,0.182321556793955,0.182321556793955,0.182321556793955,0.300104592450338,0.221199669460487,0.221199669460487,-0.0576604482152578,TRUE,0.464260473607789,1.00104444612401,-0.0858674442063787,TRUE,0.277856637342283,1.00098603377595,-0.00279827603546123,TRUE,0.726796272384221,1.00101915083285,-0.100368175695335,TRUE,0.330649832844321,1.00102405234881
329,"rand=1-1_rate=3_ROB=L_UH_Bias=Rct20_NRE20-35","1-1",3,"L_UH","Rct20_NRE20-35",0.182321556793955,0.182321556793955,0.182321556793955,0.182321556793955,0.182321556793955,0.300104592450338,0.203780916900798,0.203780916900798,-0.347618892060536,FALSE,0.690364091528042,1.00138773600256,-0.319122262880133,FALSE,0.453150027732582,1.00100722549262,-0.396176534741071,TRUE,1.19588353361614,1.00098715609749,-0.299990068544117,FALSE,0.53614928777312,1.00098622809066
330,"rand=1-1_rate=3_ROB=L_UH_Bias=Rct20_NRE20-35","1-1",3,"L_UH","Rct20_NRE20-35",0.182321556793955,0.182321556793955,0.182321556793955,0.182321556793955,0.182321556793955,0.300104592450338,0.208458091609716,0.208458091609716,-0.065565319233972,TRUE,0.558540393679956,1.00100351708173,-0.150667870705223,TRUE,0.40293241822649,1.00106494839108,0.0763044233573142,TRUE,0.651518509460881,1.00100039515648,-0.208818509826021,TRUE,0.529860168166355,1.00100203217708
331,"rand=1-1_rate=3_ROB=L_UH_Bias=Rct20_NRE20-35","1-1",3,"L_UH","Rct20_NRE20-35",0.182321556793955,0.182321556793955,0.182321556793955,0.182321556793955,0.182321556793955,0.300104592450338,0.205359872778736,0.205359872778736,-0.214647453869192,TRUE,0.604742784275823,1.00109031011421,-0.258202666578059,FALSE,0.393348711163359,1.0009898572354,-0.381247995655281,TRUE,1.76493688011957,1.00099837191469,-0.234989342569796,FALSE,0.396016002937122,1.00098988123884
332,"rand=1-1_rate=3_ROB=L_UH_Bias=Rct20_NRE20-35","1-1",3,"L_UH","Rct20_NRE20-35",0.182321556793955,0.182321556793955,0.182321556793955,0.182321556793955,0.182321556793955,0.300104592450338,0.215023409579163,0.215023409579163,-0.322097324238502,FALSE,0.650148117626804,1.00120411985897,-0.259969136034616,FALSE,0.382711574320144,1.00098731869106,-0.672625790936159,FALSE,1.09841741460329,1.00098780760428,-0.185173976956485,TRUE,0.417576928586124,1.00100489582113
333,"rand=1-1_rate=3_ROB=L_UH_Bias=Rct20_NRE20-35","1-1",3,"L_UH","Rct20_NRE20-35",0.182321556793955,0.182321556793955,0.182321556793955,0.182321556793955,0.182321556793955,0.300104592450338,0.20484439926178,0.20484439926178,-0.222961186239647,TRUE,0.533819674780489,1.00100174753711,-0.185425161042784,FALSE,0.290117546999333,1.00101747024871,-0.132014220998428,TRUE,1.6466841148811,1.00098885617065,-0.19889444664766,FALSE,0.285162609837181,1.00098602354497
334,"rand=1-1_rate=3_ROB=L_UH_Bias=Rct20_NRE20-35","1-1",3,"L_UH","Rct20_NRE20-35",0.182321556793955,0.182321556793955,0.182321556793955,0.182321556793955,0.182321556793955,0.300104592450338,0.205257684194148,0.205257684194148,-0.25741574614304,TRUE,0.659954544606617,1.00098675946858,-0.209562367345,FALSE,0.435623760033952,1.00105797224756,-0.525757647913924,FALSE,1.02427861076957,1.00101867847987,-0.142233599562839,TRUE,0.500413745104632,1.00100092257877
335,"rand=1-1_rate=3_ROB=L_UH_Bias=Rct20_NRE20-35","1-1",3,"L_UH","Rct20_NRE20-35",0.182321556793955,0.182321556793955,0.182321556793955,0.182321556793955,0.182321556793955,0.300104592450338,0.209008661802455,0.209008661802455,-0.313348417059057,FALSE,0.629345893097567,1.00098677880496,-0.390633539084786,FALSE,0.435567136004881,1.00098599260021,-0.273475797817218,TRUE,0.980786048100378,1.00114619447681,-0.416384222466433,FALSE,0.53250170217335,1.00105425569328
336,"rand=1-1_rate=3_ROB=L_UH_Bias=Rct20_NRE20-35","1-1",3,"L_UH","Rct20_NRE20-35",0.182321556793955,0.182321556793955,0.182321556793955,0.182321556793955,0.182321556793955,0.300104592450338,0.201065005006067,0.201065005006067,-0.36648179610114,FALSE,0.687126094185195,1.0009865189322,-0.233484701421281,FALSE,0.435856630436571,1.00098603893187,-0.103034340442653,TRUE,1.66527047495196,1.00099307055533,-0.263574817900929,FALSE,0.444828529861369,1.00099208502051
337,"rand=1-1_rate=3_ROB=L_UH_Bias=Rct20_NRE20-35","1-1",3,"L_UH","Rct20_NRE20-35",0.182321556793955,0.182321556793955,0.182321556793955,0.182321556793955,0.182321556793955,0.300104592450338,0.206814853404299,0.206814853404299,-0.23182363885832,TRUE,0.554862758009486,1.00098723913664,-0.193166424823256,FALSE,0.339678518124219,1.00099158289287,-0.25125094412612,TRUE,0.783348392378266,1.00098639010017,-0.183250316284011,TRUE,0.422047952062206,1.00100097963602
338,"rand=1-1_rate=3_ROB=L_UH_Bias=Rct20_NRE20-35","1-1",3,"L_UH","Rct20_NRE20-35",0.182321556793955,0.182321556793955,0.182321556793955,0.182321556793955,0.182321556793955,0.300104592450338,0.208550367022694,0.208550367022694,-0.232677586043648,TRUE,0.607428028666638,1.00098751286811,-0.22019817328823,FALSE,0.384137156720325,1.0009860358121,-0.529572407200511,FALSE,1.32933520317633,1.00098617775505,-0.162035927099926,TRUE,0.411122009697553,1.00098935485528
339,"rand=1-1_rate=3_ROB=L_UH_Bias=Rct20_NRE20-35","1-1",3,"L_UH","Rct20_NRE20-35",0.182321556793955,0.182321556793955,0.182321556793955,0.182321556793955,0.182321556793955,0.300104592450338,0.190917052364573,0.190917052364573,-0.0961498576319819,TRUE,0.513873238099889,1.00102377591536,-0.112103142814667,TRUE,0.329973265115657,1.00100694474391,-0.093234812729923,TRUE,0.791897944434008,1.00117563238625,-0.114551295342331,TRUE,0.395757538797987,1.00099865312021
340,"rand=1-1_rate=3_ROB=L_UH_Bias=Rct20_NRE20-35","1-1",3,"L_UH","Rct20_NRE20-35",0.182321556793955,0.182321556793955,0.182321556793955,0.182321556793955,0.182321556793955,0.300104592450338,0.204332955500935,0.204332955500935,-0.211545953277303,TRUE,0.575515936966892,1.00100631245855,-0.219166504180149,FALSE,0.376939843487585,1.0009997029346,-0.0459055092836558,TRUE,0.798828926926627,1.00105922483692,-0.2583399830202,FALSE,0.459809928189145,1.00102043562315
341,"rand=1-1_rate=3_ROB=L_UH_Bias=Rct20_NRE20-35","1-1",3,"L_UH","Rct20_NRE20-35",0.182321556793955,0.182321556793955,0.182321556793955,0.182321556793955,0.182321556793955,0.300104592450338,0.211382650056221,0.211382650056221,-0.229459263673987,TRUE,0.553168121609594,1.00099409228913,-0.214133049047382,FALSE,0.306125851121355,1.00099079191674,-0.178404930018897,TRUE,1.18920648503944,1.00106435751434,-0.217758009327834,FALSE,0.332299697652566,1.00098716437916
342,"rand=1-1_rate=3_ROB=L_UH_Bias=Rct20_NRE20-35","1-1",3,"L_UH","Rct20_NRE20-35",0.182321556793955,0.182321556793955,0.182321556793955,0.182321556793955,0.182321556793955,0.300104592450338,0.192914549358004,0.192914549358004,-0.122891471177258,TRUE,0.626405638255263,1.00099000036368,-0.162744641785628,TRUE,0.455772452956677,1.00103291943259,-0.483803621452587,FALSE,1.08620991356912,1.00098612338865,-0.0876412991452076,TRUE,0.529107829264672,1.0009927456038
343,"rand=1-1_rate=3_ROB=L_UH_Bias=Rct20_NRE20-35","1-1",3,"L_UH","Rct20_NRE20-35",0.182321556793955,0.182321556793955,0.182321556793955,0.182321556793955,0.182321556793955,0.300104592450338,0.191504901247065,0.191504901247065,-0.248144779539771,TRUE,0.630735274506724,1.00114941268742,-0.332456356212052,FALSE,0.460193087398481,1.00098676917495,-0.124480023028064,TRUE,0.837255286617045,1.00172425287905,-0.386321618171698,FALSE,0.594793514046354,1.00099301892972
344,"rand=1-1_rate=3_ROB=L_UH_Bias=Rct20_NRE20-35","1-1",3,"L_UH","Rct20_NRE20-35",0.182321556793955,0.182321556793955,0.182321556793955,0.182321556793955,0.182321556793955,0.300104592450338,0.212972916339391,0.212972916339391,-0.257558922752176,TRUE,0.624433066643902,1.00100954985587,-0.233043954774012,FALSE,0.386506552991633,1.00099050250815,-0.0362541001844565,TRUE,0.979831273559247,1.00104893065688,-0.277912636905089,FALSE,0.450322844432881,1.00099241390688
345,"rand=1-1_rate=3_ROB=L_UH_Bias=Rct20_NRE20-35","1-1",3,"L_UH","Rct20_NRE20-35",0.182321556793955,0.182321556793955,0.182321556793955,0.182321556793955,0.182321556793955,0.300104592450338,0.207827575477449,0.207827575477449,-0.274243298431482,FALSE,0.597698442856454,1.00102665772948,-0.269461519381922,FALSE,0.377021516680599,1.00102282750832,-0.248601848307568,TRUE,0.983829272339985,1.00101156681962,-0.274982976437192,FALSE,0.444841046331488,1.00098803236229
346,"rand=1-1_rate=3_ROB=L_UH_Bias=Rct20_NRE20-35","1-1",3,"L_UH","Rct20_NRE20-35",0.182321556793955,0.182321556793955,0.182321556793955,0.182321556793955,0.182321556793955,0.300104592450338,0.207995037081445,0.207995037081445,-0.168591730024148,TRUE,0.534038833899435,1.00113787990678,-0.152878659609115,FALSE,0.309423306891843,1.00098604425888,-0.182715459255138,TRUE,0.93198933773004,1.00133279546821,-0.147947982085191,TRUE,0.35912765051824,1.00098752933633
347,"rand=1-1_rate=3_ROB=L_UH_Bias=Rct20_NRE20-35","1-1",3,"L_UH","Rct20_NRE20-35",0.182321556793955,0.182321556793955,0.182321556793955,0.182321556793955,0.182321556793955,0.300104592450338,0.201324541566317,0.201324541566317,-0.204903755707945,TRUE,0.599867748064155,1.00098900104443,-0.231155666438159,FALSE,0.399891988193942,1.00101197614443,-0.227986351801019,TRUE,1.08079615049322,1.00099389017343,-0.231575450854229,FALSE,0.470933119725767,1.00098745469399
348,"rand=1-1_rate=3_ROB=L_UH_Bias=Rct20_NRE20-35","1-1",3,"L_UH","Rct20_NRE20-35",0.182321556793955,0.182321556793955,0.182321556793955,0.182321556793955,0.182321556793955,0.300104592450338,0.205739510212489,0.205739510212489,-0.184870683163252,TRUE,0.645873002356271,1.00101526848683,-0.24030960660027,FALSE,0.43811054419933,1.00101390764701,-0.0311670603750676,TRUE,1.0445281212723,1.00098599895021,-0.29843398812322,FALSE,0.521856785853603,1.00099161348576
349,"rand=1-1_rate=3_ROB=L_UH_Bias=Rct20_NRE20-35","1-1",3,"L_UH","Rct20_NRE20-35",0.182321556793955,0.182321556793955,0.182321556793955,0.182321556793955,0.182321556793955,0.300104592450338,0.206903367648746,0.206903367648746,-0.158121852576887,TRUE,0.633104528589403,1.00098816148539,-0.216314906858274,FALSE,0.451826570155465,1.00098804736453,0.0177592244436575,TRUE,0.863807466810321,1.00119375609258,-0.287955543675141,FALSE,0.56683929846037,1.00100949774184
350,"rand=1-1_rate=3_ROB=L_UH_Bias=Rct20_NRE20-35","1-1",3,"L_UH","Rct20_NRE20-35",0.182321556793955,0.182321556793955,0.182321556793955,0.182321556793955,0.182321556793955,0.300104592450338,0.19391169644588,0.19391169644588,-0.248048863276438,TRUE,0.568601901226241,1.00098616147879,-0.274011975778858,FALSE,0.340626840604978,1.00100233937012,-0.379452419404176,TRUE,1.24598874387205,1.00105786131151,-0.25724667463326,FALSE,0.374619372025548,1.00101606317935
351,"rand=1-1_rate=3_ROB=L_UH_Bias=Rct20_NRE20-35","1-1",3,"L_UH","Rct20_NRE20-35",0.182321556793955,0.182321556793955,0.182321556793955,0.182321556793955,0.182321556793955,0.300104592450338,0.195091312623152,0.195091312623152,-0.135783481684963,TRUE,0.543638946306676,1.00098966841092,-0.186507121652971,FALSE,0.354729836976237,1.00099099915929,-0.227315232143106,TRUE,1.17610029193084,1.00098663151064,-0.178836021898291,TRUE,0.397513274270062,1.00100237032731
352,"rand=1-1_rate=3_ROB=L_UH_Bias=Rct20_NRE20-35","1-1",3,"L_UH","Rct20_NRE20-35",0.182321556793955,0.182321556793955,0.182321556793955,0.182321556793955,0.182321556793955,0.300104592450338,0.197954830720751,0.197954830720751,-0.302256296656057,FALSE,0.611848326020473,1.00100449312301,-0.267541807297818,FALSE,0.371686131206631,1.00099795101792,-0.157539034763052,TRUE,1.21507486923793,1.00108004496989,-0.28965413857497,FALSE,0.418045795989999,1.00100425101934
353,"rand=1-1_rate=3_ROB=L_UH_Bias=Rct20_NRE20-35","1-1",3,"L_UH","Rct20_NRE20-35",0.182321556793955,0.182321556793955,0.182321556793955,0.182321556793955,0.182321556793955,0.300104592450338,0.19617888392643,0.19617888392643,-0.277045488804511,TRUE,0.695209899170544,1.00100647563094,-0.264426203176803,FALSE,0.452854237088838,1.00100855991046,-0.385687662995736,TRUE,1.54916125160802,1.00109879179278,-0.236446123258445,FALSE,0.49829835372568,1.00101975623904
354,"rand=1-1_rate=3_ROB=L_UH_Bias=Rct20_NRE20-35","1-1",3,"L_UH","Rct20_NRE20-35",0.182321556793955,0.182321556793955,0.182321556793955,0.182321556793955,0.182321556793955,0.300104592450338,0.213603011577868,0.213603011577868,-0.00751056294542507,TRUE,0.447065350967475,1.00103052648374,-0.0173316655502229,TRUE,0.252582325863958,1.00098692896037,0.00240655156040903,TRUE,0.743308823058702,1.00117048079972,-0.0209622963668226,TRUE,0.293151155552627,1.00099222413894
355,"rand=1-1_rate=3_ROB=L_UH_Bias=Rct20_NRE20-35","1-1",3,"L_UH","Rct20_NRE20-35",0.182321556793955,0.182321556793955,0.182321556793955,0.182321556793955,0.182321556793955,0.300104592450338,0.203636426534202,0.203636426534202,-0.23999482548471,TRUE,0.601717012806159,1.0009884222824,-0.18429904780051,FALSE,0.379817352814905,1.00099591023219,-0.590035788105356,FALSE,1.32288904998764,1.0014601831566,-0.111976075468886,TRUE,0.392878302618438,1.00099929650178
356,"rand=1-1_rate=3_ROB=L_UH_Bias=Rct20_NRE20-35","1-1",3,"L_UH","Rct20_NRE20-35",0.182321556793955,0.182321556793955,0.182321556793955,0.182321556793955,0.182321556793955,0.300104592450338,0.201816784359488,0.201816784359488,-0.271485146438596,FALSE,0.603913817260517,1.00104428034895,-0.248586760272488,FALSE,0.389012201949577,1.00101939474375,-0.289683146274948,TRUE,0.95041811953844,1.00100574630755,-0.242687782344616,FALSE,0.469300826404811,1.00099514756944
357,"rand=1-1_rate=3_ROB=L_UH_Bias=Rct20_NRE20-35","1-1",3,"L_UH","Rct20_NRE20-35",0.182321556793955,0.182321556793955,0.182321556793955,0.182321556793955,0.182321556793955,0.300104592450338,0.195529615119745,0.195529615119745,-0.215868750260178,TRUE,0.628303424122818,1.00099219767854,-0.285029416993018,FALSE,0.478159747270235,1.00098599217151,0.0761045072911406,TRUE,0.962179803741144,1.00101020970831,-0.400363408631748,FALSE,0.568825058791196,1.00099312688894
358,"rand=1-1_rate=3_ROB=L_UH_Bias=Rct20_NRE20-35","1-1",3,"L_UH","Rct20_NRE20-35",0.182321556793955,0.182321556793955,0.182321556793955,0.182321556793955,0.182321556793955,0.300104592450338,0.192877841149571,0.192877841149571,-0.218240773698579,TRUE,0.570240633092573,1.00098606655097,-0.246318755651219,FALSE,0.359048968619585,1.00099465625027,-0.350797450897562,TRUE,1.06831742985965,1.00101782097363,-0.227334132143209,FALSE,0.416144072804039,1.00098658323887
359,"rand=1-1_rate=3_ROB=L_UH_Bias=Rct20_NRE20-35","1-1",3,"L_UH","Rct20_NRE20-35",0.182321556793955,0.182321556793955,0.182321556793955,0.182321556793955,0.182321556793955,0.300104592450338,0.202192403204391,0.202192403204391,-0.138685772934107,TRUE,0.4927217704557,1.00105574632201,-0.215513555690257,FALSE,0.318763919015145,1.00101192607463,-0.206602312866741,TRUE,0.981106928893825,1.00106632759648,-0.218105130099033,FALSE,0.376578103973783,1.0009920666176
360,"rand=1-1_rate=3_ROB=L_UH_Bias=Rct20_NRE20-35","1-1",3,"L_UH","Rct20_NRE20-35",0.182321556793955,0.182321556793955,0.182321556793955,0.182321556793955,0.182321556793955,0.300104592450338,0.186157538552408,0.186157538552408,-0.322158944774874,FALSE,0.700961475618348,1.00100029716222,-0.34601616872553,FALSE,0.530208690864417,1.00098987779656,-0.440871118467369,TRUE,1.06826113435287,1.00099242478022,-0.326206213491644,FALSE,0.667727637171938,1.00098607675193
361,"rand=1-1_rate=3_ROB=L_UH_Bias=Rct20_NRE20-35","1-1",3,"L_UH","Rct20_NRE20-35",0.182321556793955,0.182321556793955,0.182321556793955,0.182321556793955,0.182321556793955,0.300104592450338,0.203286542101472,0.203286542101472,0.043830593489796,TRUE,0.453048494770493,1.00134585569357,-0.126887319822447,TRUE,0.425454172257107,1.00098672715525,0.0986465019325522,TRUE,0.784368169598689,1.00102149491201,-0.19156518387924,TRUE,0.540144448135523,1.00098807915248
362,"rand=1-1_rate=3_ROB=L_UH_Bias=Rct20_NRE20-35","1-1",3,"L_UH","Rct20_NRE20-35",0.182321556793955,0.182321556793955,0.182321556793955,0.182321556793955,0.182321556793955,0.300104592450338,0.199668605474838,0.199668605474838,-0.107270206780044,TRUE,0.528067037270673,1.00098722499874,-0.221742086379948,FALSE,0.441648020020255,1.00098990850528,-0.254149451891532,TRUE,1.12343358101199,1.00119430178632,-0.214222885085862,TRUE,0.535101156206369,1.00098601997295
363,"rand=1-1_rate=3_ROB=L_UH_Bias=Rct20_NRE20-35","1-1",3,"L_UH","Rct20_NRE20-35",0.182321556793955,0.182321556793955,0.182321556793955,0.182321556793955,0.182321556793955,0.300104592450338,0.215743312097631,0.215743312097631,-0.311612127078752,FALSE,0.593150011302462,1.00118791226603,-0.259423493659497,FALSE,0.320741484256998,1.00100493193797,-0.528785315318061,FALSE,1.32396485735864,1.00099725174849,-0.222049786910342,FALSE,0.333595727664375,1.00098599904315
364,"rand=1-1_rate=3_ROB=L_UH_Bias=Rct20_NRE20-35","1-1",3,"L_UH","Rct20_NRE20-35",0.182321556793955,0.182321556793955,0.182321556793955,0.182321556793955,0.182321556793955,0.300104592450338,0.189753708871399,0.189753708871399,-0.279598405308634,FALSE,0.567114732086024,1.0010784544319,-0.238765378762909,FALSE,0.319054613732972,1.00102090468304,-0.476373682336779,TRUE,1.42081714123675,1.00105409740795,-0.205277263352221,FALSE,0.33742244512677,1.00102939865777
365,"rand=1-1_rate=3_ROB=L_UH_Bias=Rct20_NRE20-35","1-1",3,"L_UH","Rct20_NRE20-35",0.182321556793955,0.182321556793955,0.182321556793955,0.182321556793955,0.182321556793955,0.300104592450338,0.203659515721375,0.203659515721375,-0.0632459645019381,TRUE,0.458210116314481,1.00110912818397,-0.103451577042489,TRUE,0.300304706555009,1.00100888188598,-0.0365026110285644,TRUE,0.843149206553762,1.00104172915504,-0.116184385653612,TRUE,0.348467136388501,1.00099177475017
366,"rand=1-1_rate=3_ROB=L_UH_Bias=Rct20_NRE20-35","1-1",3,"L_UH","Rct20_NRE20-35",0.182321556793955,0.182321556793955,0.182321556793955,0.182321556793955,0.182321556793955,0.300104592450338,0.209509141729058,0.209509141729058,-0.259021996422696,TRUE,0.628581066220333,1.00118466203655,-0.254920196469813,FALSE,0.417461991347191,1.0010202917192,-0.398519823698147,TRUE,0.963973822843914,1.00099247312874,-0.225816415957445,TRUE,0.515760780694548,1.0009892850976
367,"rand=1-1_rate=3_ROB=L_UH_Bias=Rct20_NRE20-35","1-1",3,"L_UH","Rct20_NRE20-35",0.182321556793955,0.182321556793955,0.182321556793955,0.182321556793955,0.182321556793955,0.300104592450338,0.213271467004256,0.213271467004256,-0.594295291635484,FALSE,0.751173801543503,1.00100437412823,-0.460331516012993,FALSE,0.430256573263577,1.00099092025998,-0.858248602079608,FALSE,1.44959396158918,1.00187159683247,-0.395267844092333,FALSE,0.462609759776401,1.00100174597915
368,"rand=1-1_rate=3_ROB=L_UH_Bias=Rct20_NRE20-35","1-1",3,"L_UH","Rct20_NRE20-35",0.182321556793955,0.182321556793955,0.182321556793955,0.182321556793955,0.182321556793955,0.300104592450338,0.208690308694079,0.208690308694079,-0.168627500890455,TRUE,0.628369669866709,1.00099931957288,-0.278722975414832,FALSE,0.470711169214013,1.000985992177,-0.0119431925064,TRUE,0.743221199681022,1.00101204401408,-0.354804992996273,FALSE,0.614984524286563,1.00098636428554
369,"rand=1-1_rate=3_ROB=L_UH_Bias=Rct20_NRE20-35","1-1",3,"L_UH","Rct20_NRE20-35",0.182321556793955,0.182321556793955,0.182321556793955,0.182321556793955,0.182321556793955,0.300104592450338,0.19754777242782,0.19754777242782,-0.143553895742022,TRUE,0.52846126980073,1.00121070028796,-0.214867866630641,FALSE,0.380117873459515,1.00098952233622,-0.189589986578467,TRUE,0.792010784416339,1.00098610282721,-0.220023127186191,FALSE,0.475630529840084,1.00100175477216
370,"rand=1-1_rate=3_ROB=L_UH_Bias=Rct20_NRE20-35","1-1",3,"L_UH","Rct20_NRE20-35",0.182321556793955,0.182321556793955,0.182321556793955,0.182321556793955,0.182321556793955,0.300104592450338,0.205761889861394,0.205761889861394,-0.225032169201039,TRUE,0.608155816680853,1.00108426840643,-0.308462397714586,FALSE,0.410757719494851,1.00098920279489,-0.149732557467893,TRUE,1.11344912764981,1.00098639155456,-0.34203956111607,FALSE,0.48687917618568,1.00099099799717
371,"rand=1-1_rate=3_ROB=L_UH_Bias=Rct20_NRE20-35","1-1",3,"L_UH","Rct20_NRE20-35",0.182321556793955,0.182321556793955,0.182321556793955,0.182321556793955,0.182321556793955,0.300104592450338,0.215463143834892,0.215463143834892,-0.174979341356252,TRUE,0.634174088780559,1.00100065452881,-0.202249486408833,TRUE,0.492721904952549,1.00100511991878,-0.134633509179868,TRUE,0.80968825754968,1.00098861147058,-0.222179615487583,TRUE,0.657359721997708,1.00098662277972
372,"rand=1-1_rate=3_ROB=L_UH_Bias=Rct20_NRE20-35","1-1",3,"L_UH","Rct20_NRE20-35",0.182321556793955,0.182321556793955,0.182321556793955,0.182321556793955,0.182321556793955,0.300104592450338,0.19556211888364,0.19556211888364,-0.383966968810699,FALSE,0.654826385456712,1.00100244966874,-0.308285815982504,FALSE,0.410325259864464,1.00103265497446,-0.227427434102115,TRUE,0.968701445411119,1.0010214184442,-0.326075206981325,FALSE,0.492247831618235,1.00099410461379
373,"rand=1-1_rate=3_ROB=L_UH_Bias=Rct20_NRE20-35","1-1",3,"L_UH","Rct20_NRE20-35",0.182321556793955,0.182321556793955,0.182321556793955,0.182321556793955,0.182321556793955,0.300104592450338,0.18786164268505,0.18786164268505,-0.125563001799261,TRUE,0.545804907088116,1.00107925411651,-0.157445618192372,TRUE,0.346471374193197,1.00098791417227,-0.148645692001533,TRUE,1.03345336454015,1.00104139243688,-0.159972599895724,TRUE,0.399022568578006,1.00114295292101
374,"rand=1-1_rate=3_ROB=L_UH_Bias=Rct20_NRE20-35","1-1",3,"L_UH","Rct20_NRE20-35",0.182321556793955,0.182321556793955,0.182321556793955,0.182321556793955,0.182321556793955,0.300104592450338,0.191796484858317,0.191796484858317,-0.319575994536638,FALSE,0.647288554357447,1.0013117698904,-0.268342967405763,FALSE,0.416109283982486,1.00107222571384,-0.332880511266907,TRUE,1.07913633385008,1.00100631243797,-0.253474501684632,FALSE,0.491689162083753,1.00098683575039
375,"rand=1-1_rate=3_ROB=L_UH_Bias=Rct20_NRE20-35","1-1",3,"L_UH","Rct20_NRE20-35",0.182321556793955,0.182321556793955,0.182321556793955,0.182321556793955,0.182321556793955,0.300104592450338,0.196140422886094,0.196140422886094,-0.110939261613604,TRUE,0.494759347559701,1.0010540975905,-0.13662870699517,TRUE,0.301780200262763,1.00099101617114,-0.200972970731935,TRUE,0.949830315245284,1.00125095375744,-0.127475634285177,TRUE,0.342544403636347,1.00098727786995
376,"rand=1-1_rate=3_ROB=L_UH_Bias=Rct20_NRE20-35","1-1",3,"L_UH","Rct20_NRE20-35",0.182321556793955,0.182321556793955,0.182321556793955,0.182321556793955,0.182321556793955,0.300104592450338,0.21810393794167,0.21810393794167,-0.164118980536641,TRUE,0.649766845573222,1.00104243256844,-0.188761510422454,TRUE,0.455025284718067,1.00102703086096,-0.0273568123704899,TRUE,1.06549953569806,1.00098605886484,-0.237109230021313,TRUE,0.566781349775089,1.00098598994123
377,"rand=1-1_rate=3_ROB=L_UH_Bias=Rct20_NRE20-35","1-1",3,"L_UH","Rct20_NRE20-35",0.182321556793955,0.182321556793955,0.182321556793955,0.182321556793955,0.182321556793955,0.300104592450338,0.195265452939344,0.195265452939344,-0.0488433878900854,TRUE,0.456882333414109,1.00098604687134,-0.160788169358806,FALSE,0.332740404414441,1.00100656626022,-0.0174572933702803,TRUE,0.951411447593144,1.00099376616014,-0.188032178281606,FALSE,0.379279252205109,1.00098667393846
378,"rand=1-1_rate=3_ROB=L_UH_Bias=Rct20_NRE20-35","1-1",3,"L_UH","Rct20_NRE20-35",0.182321556793955,0.182321556793955,0.182321556793955,0.182321556793955,0.182321556793955,0.300104592450338,0.215487486581069,0.215487486581069,-0.26859901257641,FALSE,0.589134516570772,1.00098617059811,-0.305032844966795,FALSE,0.390533604751633,1.00099347137159,-0.407594652681526,FALSE,0.907850187158483,1.00126431993426,-0.284724325467953,FALSE,0.479964085913227,1.00098659204995
379,"rand=1-1_rate=3_ROB=L_UH_Bias=Rct20_NRE20-35","1-1",3,"L_UH","Rct20_NRE20-35",0.182321556793955,0.182321556793955,0.182321556793955,0.182321556793955,0.182321556793955,0.300104592450338,0.192480530510627,0.192480530510627,-0.26152540209668,FALSE,0.513958283566642,1.0010288168099,-0.294003562148517,FALSE,0.240970120314582,1.00100007225416,-0.0242852809358804,TRUE,0.788477349665512,1.00125517791025,-0.322771006931138,FALSE,0.256164820691857,1.00099280060107
380,"rand=1-1_rate=3_ROB=L_UH_Bias=Rct20_NRE20-35","1-1",3,"L_UH","Rct20_NRE20-35",0.182321556793955,0.182321556793955,0.182321556793955,0.182321556793955,0.182321556793955,0.300104592450338,0.20218907577071,0.20218907577071,-0.278166464775103,FALSE,0.59382195260281,1.00114356148773,-0.311416217594067,FALSE,0.367995218074709,1.00098765490212,-0.22216216591036,TRUE,0.913600480844017,1.00099002948813,-0.327704097167402,FALSE,0.441179886753002,1.00103293231538
381,"rand=1-1_rate=3_ROB=L_UH_Bias=Rct20_NRE20-35","1-1",3,"L_UH","Rct20_NRE20-35",0.182321556793955,0.182321556793955,0.182321556793955,0.182321556793955,0.182321556793955,0.300104592450338,0.187258023578557,0.187258023578557,-0.129791316715919,TRUE,0.56471414267516,1.00098642311673,-0.253946121593589,FALSE,0.416200677839085,1.00105453310117,0.102854424471983,TRUE,0.64028184074764,1.00100883955346,-0.364068719407831,FALSE,0.509758516194806,1.00099930519403
382,"rand=1-1_rate=3_ROB=L_UH_Bias=Rct20_NRE20-35","1-1",3,"L_UH","Rct20_NRE20-35",0.182321556793955,0.182321556793955,0.182321556793955,0.182321556793955,0.182321556793955,0.300104592450338,0.209267666299551,0.209267666299551,-0.375113617408155,FALSE,0.685690026766727,1.00098604878147,-0.339277391501402,FALSE,0.427165173621496,1.00098690841777,-0.203524099882141,TRUE,1.15122221571839,1.00098691369951,-0.368305019395617,FALSE,0.495679590291232,1.00101510425062
383,"rand=1-1_rate=3_ROB=L_UH_Bias=Rct20_NRE20-35","1-1",3,"L_UH","Rct20_NRE20-35",0.182321556793955,0.182321556793955,0.182321556793955,0.182321556793955,0.182321556793955,0.300104592450338,0.205905848193253,0.205905848193253,-0.208373163687736,TRUE,0.614552032867366,1.00100286584759,-0.170677248120678,TRUE,0.385795311415366,1.00099255128783,-0.176564875533373,TRUE,1.27458234679361,1.00100275621446,-0.169277107141931,TRUE,0.425276038642445,1.00100924794925
384,"rand=1-1_rate=3_ROB=L_UH_Bias=Rct20_NRE20-35","1-1",3,"L_UH","Rct20_NRE20-35",0.182321556793955,0.182321556793955,0.182321556793955,0.182321556793955,0.182321556793955,0.300104592450338,0.192064732516321,0.192064732516321,0.0461367493190307,TRUE,0.470310339041196,1.00098704543035,-0.0688557002710222,TRUE,0.374822840280226,1.00098817142615,-0.0873066488024892,TRUE,1.23463996816645,1.00098608581738,-0.06503028394154,TRUE,0.421119727088902,1.00098974134229
385,"rand=1-1_rate=3_ROB=L_UH_Bias=Rct20_NRE20-35","1-1",3,"L_UH","Rct20_NRE20-35",0.182321556793955,0.182321556793955,0.182321556793955,0.182321556793955,0.182321556793955,0.300104592450338,0.185586243804008,0.185586243804008,-0.13256559223563,TRUE,0.571554562609972,1.00101831131432,-0.211210111845163,TRUE,0.498723690617597,1.00099771191464,-0.174230592238557,TRUE,1.19515487645258,1.00098709340801,-0.217880232004325,TRUE,0.614827224238405,1.00098746642858
386,"rand=1-1_rate=3_ROB=L_UH_Bias=Rct20_NRE20-35","1-1",3,"L_UH","Rct20_NRE20-35",0.182321556793955,0.182321556793955,0.182321556793955,0.182321556793955,0.182321556793955,0.300104592450338,0.206534827382064,0.206534827382064,-0.413483679789264,FALSE,0.68147199309276,1.00100393811684,-0.416965287212616,FALSE,0.40094280008829,1.00099251495141,-0.238977101842524,TRUE,1.30800883551186,1.00107191158855,-0.455882820420675,FALSE,0.450668249702341,1.00099119672376
387,"rand=1-1_rate=3_ROB=L_UH_Bias=Rct20_NRE20-35","1-1",3,"L_UH","Rct20_NRE20-35",0.182321556793955,0.182321556793955,0.182321556793955,0.182321556793955,0.182321556793955,0.300104592450338,0.195769042096246,0.195769042096246,-0.319422773114044,TRUE,0.772351175505613,1.00106715907705,-0.40178956360612,FALSE,0.576146931488341,1.00100822301576,-0.195934710881316,TRUE,1.41386173741184,1.00098601639893,-0.465321611351438,FALSE,0.700489159422992,1.00109180872321
388,"rand=1-1_rate=3_ROB=L_UH_Bias=Rct20_NRE20-35","1-1",3,"L_UH","Rct20_NRE20-35",0.182321556793955,0.182321556793955,0.182321556793955,0.182321556793955,0.182321556793955,0.300104592450338,0.187377789007595,0.187377789007595,-0.228796007852156,TRUE,0.614565508191332,1.00098692808928,-0.254960537884104,FALSE,0.419462280952318,1.00099686051665,-0.0322729211258468,TRUE,1.51043992177721,1.00100132319545,-0.296386590146049,FALSE,0.440499727671604,1.0009904490386
389,"rand=1-1_rate=3_ROB=L_UH_Bias=Rct20_NRE20-35","1-1",3,"L_UH","Rct20_NRE20-35",0.182321556793955,0.182321556793955,0.182321556793955,0.182321556793955,0.182321556793955,0.300104592450338,0.199358819320277,0.199358819320277,-0.230983331789169,TRUE,0.561937111831626,1.00114175949197,-0.356304313164479,FALSE,0.372085995493698,1.00102972141652,-0.0107954175174665,TRUE,0.676202906167958,1.00105759371817,-0.428988682734292,FALSE,0.443392688341133,1.00100363213658
390,"rand=1-1_rate=3_ROB=L_UH_Bias=Rct20_NRE20-35","1-1",3,"L_UH","Rct20_NRE20-35",0.182321556793955,0.182321556793955,0.182321556793955,0.182321556793955,0.182321556793955,0.300104592450338,0.216161941714344,0.216161941714344,-0.185245264089804,TRUE,0.53005631399885,1.00114415431136,-0.240478213084344,FALSE,0.347293455364724,1.00108277145221,0.0328053016521723,TRUE,0.912543414192896,1.00100914221148,-0.293862611889097,FALSE,0.391397471882473,1.00099125180642
391,"rand=1-1_rate=3_ROB=L_UH_Bias=Rct20_NRE20-35","1-1",3,"L_UH","Rct20_NRE20-35",0.182321556793955,0.182321556793955,0.182321556793955,0.182321556793955,0.182321556793955,0.300104592450338,0.21104831433271,0.21104831433271,-0.0436964410511205,TRUE,0.470895650047814,1.00099201963744,-0.0644814029169176,TRUE,0.269874867069526,1.00100172343881,0.0310841604700568,TRUE,0.864275591777234,1.00104971032713,-0.0793842279508918,TRUE,0.300474758815577,1.00098620463125
392,"rand=1-1_rate=3_ROB=L_UH_Bias=Rct20_NRE20-35","1-1",3,"L_UH","Rct20_NRE20-35",0.182321556793955,0.182321556793955,0.182321556793955,0.182321556793955,0.182321556793955,0.300104592450338,0.194574376900073,0.194574376900073,-0.369242814247131,FALSE,0.568473768192802,1.00102584351994,-0.371269317333749,FALSE,0.277710270454353,1.00101054042732,-0.265190519402654,TRUE,1.04230874061498,1.00112077816729,-0.383184419821911,FALSE,0.305177858142959,1.00103070644686
393,"rand=1-1_rate=3_ROB=L_UH_Bias=Rct20_NRE20-35","1-1",3,"L_UH","Rct20_NRE20-35",0.182321556793955,0.182321556793955,0.182321556793955,0.182321556793955,0.182321556793955,0.300104592450338,0.20445575687695,0.20445575687695,-0.214668673418722,TRUE,0.591057127976112,1.00098902677194,-0.249001205431894,FALSE,0.403390742015637,1.00098750177964,-0.237713913675101,TRUE,0.937117045920635,1.00130654433938,-0.250716724031547,FALSE,0.497977905418245,1.00100287740725
394,"rand=1-1_rate=3_ROB=L_UH_Bias=Rct20_NRE20-35","1-1",3,"L_UH","Rct20_NRE20-35",0.182321556793955,0.182321556793955,0.182321556793955,0.182321556793955,0.182321556793955,0.300104592450338,0.177291298792329,0.177291298792329,-0.0131820278233588,TRUE,0.512071419665987,1.0012138553186,-0.0368956139543879,TRUE,0.326983907406379,1.0009952683373,-0.515302462727016,FALSE,1.17331536665022,1.00100990105121,0.0400792124181933,TRUE,0.32194411992731,1.0009981917724
395,"rand=1-1_rate=3_ROB=L_UH_Bias=Rct20_NRE20-35","1-1",3,"L_UH","Rct20_NRE20-35",0.182321556793955,0.182321556793955,0.182321556793955,0.182321556793955,0.182321556793955,0.300104592450338,0.201210868627968,0.201210868627968,-0.0195817499837714,TRUE,0.523741520264738,1.00098896979742,-0.0829316697985814,TRUE,0.385918567903068,1.00099303473597,-0.169204742386449,TRUE,1.22149728631327,1.00098779915197,-0.0630783857603343,TRUE,0.439761862100885,1.00099575198263
396,"rand=1-1_rate=3_ROB=L_UH_Bias=Rct20_NRE20-35","1-1",3,"L_UH","Rct20_NRE20-35",0.182321556793955,0.182321556793955,0.182321556793955,0.182321556793955,0.182321556793955,0.300104592450338,0.213584560469563,0.213584560469563,-0.307175839741719,FALSE,0.641574055179984,1.00117751420673,-0.297423530790259,FALSE,0.403089254278575,1.00099219164351,-0.40582417382095,TRUE,1.30754500604742,1.00100361693799,-0.273885063956575,FALSE,0.450422304885301,1.00098861308207
397,"rand=1-1_rate=3_ROB=L_UH_Bias=Rct20_NRE20-35","1-1",3,"L_UH","Rct20_NRE20-35",0.182321556793955,0.182321556793955,0.182321556793955,0.182321556793955,0.182321556793955,0.300104592450338,0.190852202785699,0.190852202785699,-0.123340965770949,TRUE,0.542260435029094,1.00099194536716,-0.199663721876149,FALSE,0.397921330425379,1.0010028722825,-0.0881034013785327,TRUE,0.762113980755613,1.00098961160075,-0.228525865530247,FALSE,0.505774778401274,1.0009866523456
398,"rand=1-1_rate=3_ROB=L_UH_Bias=Rct20_NRE20-35","1-1",3,"L_UH","Rct20_NRE20-35",0.182321556793955,0.182321556793955,0.182321556793955,0.182321556793955,0.182321556793955,0.300104592450338,0.197444488970083,0.197444488970083,-0.040348046400791,TRUE,0.474698160217575,1.00105142984566,-0.0375188215990163,TRUE,0.28645945907793,1.00099474722382,-0.0587853905601876,TRUE,0.74160948718776,1.00120996592885,-0.0344402599854683,TRUE,0.340825483136939,1.00103718449884
399,"rand=1-1_rate=3_ROB=L_UH_Bias=Rct20_NRE20-35","1-1",3,"L_UH","Rct20_NRE20-35",0.182321556793955,0.182321556793955,0.182321556793955,0.182321556793955,0.182321556793955,0.300104592450338,0.203781475422788,0.203781475422788,-0.278626279834231,FALSE,0.588908249434698,1.00117443575676,-0.302777554892533,FALSE,0.363906994322968,1.00100612238995,-0.248343497145513,TRUE,0.982624176982501,1.0010707191793,-0.312891859929818,FALSE,0.426395785914337,1.00101146137284
400,"rand=1-1_rate=3_ROB=L_UH_Bias=Rct20_NRE20-35","1-1",3,"L_UH","Rct20_NRE20-35",0.182321556793955,0.182321556793955,0.182321556793955,0.182321556793955,0.182321556793955,0.300104592450338,0.202782134160481,0.202782134160481,-0.184925293096131,TRUE,0.531297281060276,1.00146456852621,-0.212134598331139,FALSE,0.329583560341682,1.00103794334282,-0.421943745562529,TRUE,1.13692308331915,1.00099741288863,-0.180647282830595,FALSE,0.361162771823937,1.00100655007237
401,"rand=1-1_rate=3_ROB=L_UH_Bias=Rct20_NRE20-35","1-1",3,"L_UH","Rct20_NRE20-35",0.182321556793955,0.182321556793955,0.182321556793955,0.182321556793955,0.182321556793955,0.300104592450338,0.192385259070073,0.192385259070073,-0.323788895989969,FALSE,0.590112963179308,1.00100224740619,-0.361151588560734,FALSE,0.375381169861278,1.00103609429835,-0.364594728862182,TRUE,0.940540855329961,1.00115013972997,-0.360675605525406,FALSE,0.456816307028867,1.00098670137688
402,"rand=1-1_rate=3_ROB=L_UH_Bias=Rct20_NRE20-35","1-1",3,"L_UH","Rct20_NRE20-35",0.182321556793955,0.182321556793955,0.182321556793955,0.182321556793955,0.182321556793955,0.300104592450338,0.208505186584124,0.208505186584124,-0.294382631931134,FALSE,0.577051803833343,1.0010125775894,-0.299452440682943,FALSE,0.352225966004752,1.00099115852972,-0.296173215351001,TRUE,0.940803460409172,1.0012512278078,-0.301359821014007,FALSE,0.415039314693727,1.00099365097396
403,"rand=1-1_rate=3_ROB=L_UH_Bias=Rct20_NRE20-35","1-1",3,"L_UH","Rct20_NRE20-35",0.182321556793955,0.182321556793955,0.182321556793955,0.182321556793955,0.182321556793955,0.300104592450338,0.188331246449713,0.188331246449713,-0.0929210198865564,TRUE,0.606827532610691,1.00104769336958,-0.117118431349476,TRUE,0.42947167661544,1.00098608153755,-0.00404190240854985,TRUE,0.962491781180652,1.00101051622344,-0.14770831909884,TRUE,0.533198742635028,1.00102964749447
404,"rand=1-1_rate=3_ROB=L_UH_Bias=Rct20_NRE20-35","1-1",3,"L_UH","Rct20_NRE20-35",0.182321556793955,0.182321556793955,0.182321556793955,0.182321556793955,0.182321556793955,0.300104592450338,0.208323379496186,0.208323379496186,-0.102727177017061,TRUE,0.548109844658649,1.00098642379744,-0.132252753607808,TRUE,0.349252653269208,1.00101301403456,-0.217773448622134,TRUE,1.60377961262595,1.00098601132107,-0.119905373385728,TRUE,0.368255557469288,1.000996499397
405,"rand=1-1_rate=3_ROB=L_UH_Bias=Rct20_NRE20-35","1-1",3,"L_UH","Rct20_NRE20-35",0.182321556793955,0.182321556793955,0.182321556793955,0.182321556793955,0.182321556793955,0.300104592450338,0.195990946143629,0.195990946143629,-0.185933314204878,TRUE,0.616099738541546,1.001024815273,-0.209381329380109,FALSE,0.423791721360554,1.00098924781038,-0.105498879010971,TRUE,0.978749197273246,1.00109662704489,-0.233459392814559,FALSE,0.515048798061942,1.00101321827558
406,"rand=1-1_rate=3_ROB=L_UH_Bias=Rct20_NRE20-35","1-1",3,"L_UH","Rct20_NRE20-35",0.182321556793955,0.182321556793955,0.182321556793955,0.182321556793955,0.182321556793955,0.300104592450338,0.200404611422843,0.200404611422843,-0.244105152073266,TRUE,0.634523825376992,1.0011001408522,-0.336813627673457,FALSE,0.45021858385799,1.00100939426787,0.0157838383281839,TRUE,0.6526092274808,1.00103899403534,-0.429905459772147,FALSE,0.578304125388328,1.00098787180578
407,"rand=1-1_rate=3_ROB=L_UH_Bias=Rct20_NRE20-35","1-1",3,"L_UH","Rct20_NRE20-35",0.182321556793955,0.182321556793955,0.182321556793955,0.182321556793955,0.182321556793955,0.300104592450338,0.193228006749409,0.193228006749409,-0.252444896196412,TRUE,0.634169329035883,1.00098600574642,-0.2863470986129,FALSE,0.447450646981088,1.00099742812624,-0.136075099103596,TRUE,0.83853293672804,1.00102462836793,-0.327340071394395,FALSE,0.56997082135309,1.00099770993999
408,"rand=1-1_rate=3_ROB=L_UH_Bias=Rct20_NRE20-35","1-1",3,"L_UH","Rct20_NRE20-35",0.182321556793955,0.182321556793955,0.182321556793955,0.182321556793955,0.182321556793955,0.300104592450338,0.183315946065783,0.18473506481464,-0.245644423839714,TRUE,0.631852239559161,1.00099872122241,-0.246608155822176,FALSE,0.420728667023843,1.00098611775403,-0.765863163986123,FALSE,1.34470096928688,1.00099678688992,-0.151037396359033,TRUE,0.426760376893103,1.00099206243607
409,"rand=1-1_rate=3_ROB=L_UH_Bias=Rct20_NRE20-35","1-1",3,"L_UH","Rct20_NRE20-35",0.182321556793955,0.182321556793955,0.182321556793955,0.182321556793955,0.182321556793955,0.300104592450338,0.188114601318015,0.188114601318015,-0.282230721490297,FALSE,0.629208343183946,1.00100816053008,-0.233966611130096,FALSE,0.421295941838286,1.00105513548727,-0.1934643920054,TRUE,0.940698025052959,1.00100165689822,-0.245594540490356,FALSE,0.527988238845604,1.00098913211597
410,"rand=1-1_rate=3_ROB=L_UH_Bias=Rct20_NRE20-35","1-1",3,"L_UH","Rct20_NRE20-35",0.182321556793955,0.182321556793955,0.182321556793955,0.182321556793955,0.182321556793955,0.300104592450338,0.20996458800145,0.20996458800145,-0.306068201828244,FALSE,0.600413358682494,1.00100849492538,-0.314030922244913,FALSE,0.375412923505076,1.00099510898701,-0.238223340256131,TRUE,0.825964686558723,1.00125701271459,-0.328399073172103,FALSE,0.467134294228451,1.00098884539014
411,"rand=1-1_rate=3_ROB=L_UH_Bias=Rct20_NRE20-35","1-1",3,"L_UH","Rct20_NRE20-35",0.182321556793955,0.182321556793955,0.182321556793955,0.182321556793955,0.182321556793955,0.300104592450338,0.192559908113661,0.192559908113661,-0.198463629856493,TRUE,0.567467665787689,1.00120270637387,-0.25242214768894,FALSE,0.371090040668639,1.00098604525758,-0.0933536312857861,TRUE,0.747492406389806,1.00117604684228,-0.28291889980744,FALSE,0.463335062756801,1.0009867589984
412,"rand=1-1_rate=3_ROB=L_UH_Bias=Rct20_NRE20-35","1-1",3,"L_UH","Rct20_NRE20-35",0.182321556793955,0.182321556793955,0.182321556793955,0.182321556793955,0.182321556793955,0.300104592450338,0.209866306004732,0.209866306004732,-0.0518510871023017,TRUE,0.49504145083719,1.00098731849444,-0.0667038703967548,TRUE,0.363405020913653,1.00104219493186,-0.151842582824892,TRUE,1.29948756505132,1.00098902805569,-0.0483585086228977,TRUE,0.404137789197581,1.00099231356183
413,"rand=1-1_rate=3_ROB=L_UH_Bias=Rct20_NRE20-35","1-1",3,"L_UH","Rct20_NRE20-35",0.182321556793955,0.182321556793955,0.182321556793955,0.182321556793955,0.182321556793955,0.300104592450338,0.195198195538861,0.195198195538861,-0.354545470381942,FALSE,0.763791782044452,1.00102959072965,-0.281216021730634,FALSE,0.487211985605511,1.00100281992355,-0.653686924064213,TRUE,2.1098546473218,1.00105299774399,-0.201375633481722,TRUE,0.48487054067897,1.00098644480678
414,"rand=1-1_rate=3_ROB=L_UH_Bias=Rct20_NRE20-35","1-1",3,"L_UH","Rct20_NRE20-35",0.182321556793955,0.182321556793955,0.182321556793955,0.182321556793955,0.182321556793955,0.300104592450338,0.208230921032401,0.208230921032401,-0.200530459878611,TRUE,0.559482322348823,1.00099535436875,-0.18796969838592,FALSE,0.394200258153576,1.00104799899054,-0.21104744452381,TRUE,0.840750648387381,1.00098604071874,-0.184916985665268,TRUE,0.495456691924807,1.00098674475536
415,"rand=1-1_rate=3_ROB=L_UH_Bias=Rct20_NRE20-35","1-1",3,"L_UH","Rct20_NRE20-35",0.182321556793955,0.182321556793955,0.182321556793955,0.182321556793955,0.182321556793955,0.300104592450338,0.196956751151168,0.196956751151168,-0.151521246477853,TRUE,0.573718186833989,1.00099135113327,-0.219128117741015,FALSE,0.402395084002877,1.00099619011058,0.0339508393869116,TRUE,0.728844859899001,1.00109969209375,-0.282583971719819,FALSE,0.494449006569372,1.00106633567011
416,"rand=1-1_rate=3_ROB=L_UH_Bias=Rct20_NRE20-35","1-1",3,"L_UH","Rct20_NRE20-35",0.182321556793955,0.182321556793955,0.182321556793955,0.182321556793955,0.182321556793955,0.300104592450338,0.213639869668455,0.213639869668455,-0.305567461387546,FALSE,0.604570992917497,1.00098627897945,-0.336570018152673,FALSE,0.37016537889175,1.00099319093039,-0.175685608344644,TRUE,1.08430168044462,1.00102532213894,-0.365510621398716,FALSE,0.421316589737959,1.00137667415768
417,"rand=1-1_rate=3_ROB=L_UH_Bias=Rct20_NRE20-35","1-1",3,"L_UH","Rct20_NRE20-35",0.182321556793955,0.182321556793955,0.182321556793955,0.182321556793955,0.182321556793955,0.300104592450338,0.20061127915802,0.20061127915802,-0.0318108023014316,TRUE,0.515702743803689,1.00105721408769,-0.0752965447484157,TRUE,0.377389112918278,1.001024783369,0.0771488178679623,TRUE,0.625723377340212,1.00099248489767,-0.117473592804792,TRUE,0.486231742207142,1.00098608121217
418,"rand=1-1_rate=3_ROB=L_UH_Bias=Rct20_NRE20-35","1-1",3,"L_UH","Rct20_NRE20-35",0.182321556793955,0.182321556793955,0.182321556793955,0.182321556793955,0.182321556793955,0.300104592450338,0.188105787624874,0.188105787624874,-0.297028394460735,FALSE,0.547407562182255,1.00099924526033,-0.305871445049871,FALSE,0.31838779311276,1.00098746940675,-0.441080605760866,FALSE,0.96002143820544,1.00116415582832,-0.285231073928782,FALSE,0.362184642287662,1.0010378464097
419,"rand=1-1_rate=3_ROB=L_UH_Bias=Rct20_NRE20-35","1-1",3,"L_UH","Rct20_NRE20-35",0.182321556793955,0.182321556793955,0.182321556793955,0.182321556793955,0.182321556793955,0.300104592450338,0.190592470274529,0.190592470274529,-0.253331537025562,TRUE,0.658319409962416,1.00120615452237,-0.269450828885178,FALSE,0.460244756830484,1.00099543417118,-0.225520834857483,TRUE,1.32265325005847,1.00100340618483,-0.282468714044581,FALSE,0.543564965892276,1.00102213120954
420,"rand=1-1_rate=3_ROB=L_UH_Bias=Rct20_NRE20-35","1-1",3,"L_UH","Rct20_NRE20-35",0.182321556793955,0.182321556793955,0.182321556793955,0.182321556793955,0.182321556793955,0.300104592450338,0.198860275489606,0.198860275489606,-0.126946602654482,TRUE,0.514430874431865,1.00098604420591,-0.184851417488458,FALSE,0.317113787679571,1.00100181011457,0.0168531322884494,TRUE,0.745981171796436,1.00103681808999,-0.222182920788684,FALSE,0.373893734849752,1.00098727704817
421,"rand=1-1_rate=3_ROB=L_UH_Bias=Rct20_NRE20-35","1-1",3,"L_UH","Rct20_NRE20-35",0.182321556793955,0.182321556793955,0.182321556793955,0.182321556793955,0.182321556793955,0.300104592450338,0.193379101014666,0.193379101014666,-0.378605346500612,FALSE,0.652759717520929,1.00101088204159,-0.354739024319027,FALSE,0.381811992921555,1.00098896162797,-0.303945408692687,TRUE,1.32873051702565,1.0009910081322,-0.36689344388207,FALSE,0.420079242917273,1.0009883825185
422,"rand=1-1_rate=3_ROB=L_UH_Bias=Rct20_NRE20-35","1-1",3,"L_UH","Rct20_NRE20-35",0.182321556793955,0.182321556793955,0.182321556793955,0.182321556793955,0.182321556793955,0.300104592450338,0.211189429478648,0.211189429478648,-0.247398560310366,TRUE,0.653051554361547,1.00098810585374,-0.176073661361744,FALSE,0.383544041425574,1.00098779391934,-0.552699848374892,TRUE,1.43024272513874,1.00110197464374,-0.105443498784191,TRUE,0.391158531147968,1.00098664530465
423,"rand=1-1_rate=3_ROB=L_UH_Bias=Rct20_NRE20-35","1-1",3,"L_UH","Rct20_NRE20-35",0.182321556793955,0.182321556793955,0.182321556793955,0.182321556793955,0.182321556793955,0.300104592450338,0.205548645817153,0.205548645817153,-0.175078179415407,TRUE,0.531087449359809,1.00102421904613,-0.230683486617803,FALSE,0.3630208125217,1.00100101488739,-0.181332382213198,TRUE,0.885501218108954,1.00099137762268,-0.241445101274652,FALSE,0.437647633239347,1.00099012985035
424,"rand=1-1_rate=3_ROB=L_UH_Bias=Rct20_NRE20-35","1-1",3,"L_UH","Rct20_NRE20-35",0.182321556793955,0.182321556793955,0.182321556793955,0.182321556793955,0.182321556793955,0.300104592450338,0.193455250953669,0.193455250953669,-0.425953657544079,FALSE,0.636018197516919,1.00098625236882,-0.353830782350677,FALSE,0.388265248792416,1.00100319245204,-0.30735317299934,TRUE,0.992957019535749,1.00099040188587,-0.364998129246339,FALSE,0.46657703204886,1.00098936337095
425,"rand=1-1_rate=3_ROB=L_UH_Bias=Rct20_NRE20-35","1-1",3,"L_UH","Rct20_NRE20-35",0.182321556793955,0.182321556793955,0.182321556793955,0.182321556793955,0.182321556793955,0.300104592450338,0.19147985620595,0.19147985620595,-0.148994705218391,TRUE,0.519757829942808,1.00125332220229,-0.23821716324445,FALSE,0.364250447313434,1.00100996652574,-0.243270498597297,TRUE,0.910821391534119,1.00099261742953,-0.238203943794021,FALSE,0.437341486314662,1.00104276387192
426,"rand=1-1_rate=3_ROB=L_UH_Bias=Rct20_NRE20-35","1-1",3,"L_UH","Rct20_NRE20-35",0.182321556793955,0.182321556793955,0.182321556793955,0.182321556793955,0.182321556793955,0.300104592450338,0.189102971834249,0.189102971834249,-0.0486034079187325,TRUE,0.486013587984534,1.00106884242396,-0.0955513405237283,TRUE,0.312732371839137,1.00102298218789,-0.115490354519656,TRUE,0.987077821089922,1.0011167738023,-0.0916323632395608,TRUE,0.354304294990694,1.00098616328538
427,"rand=1-1_rate=3_ROB=L_UH_Bias=Rct20_NRE20-35","1-1",3,"L_UH","Rct20_NRE20-35",0.182321556793955,0.182321556793955,0.182321556793955,0.182321556793955,0.182321556793955,0.300104592450338,0.201384824849824,0.201384824849824,-0.249419598917445,TRUE,0.635801314872198,1.00107976225509,-0.228323857355157,FALSE,0.450694351801856,1.00098599712716,-0.228014227553707,TRUE,0.896842675428279,1.00100136681797,-0.225450024310803,TRUE,0.567648486349091,1.00098785544828
428,"rand=1-1_rate=3_ROB=L_UH_Bias=Rct20_NRE20-35","1-1",3,"L_UH","Rct20_NRE20-35",0.182321556793955,0.182321556793955,0.182321556793955,0.182321556793955,0.182321556793955,0.300104592450338,0.187347083835967,0.187347083835967,-0.103560591665923,TRUE,0.54629792678638,1.00110508955832,-0.100971631505635,TRUE,0.333697836791002,1.0009922427267,0.0432758776620984,TRUE,0.874498524848445,1.00119954021414,-0.130768401523234,TRUE,0.385903144859259,1.0009916179311
429,"rand=1-1_rate=3_ROB=L_UH_Bias=Rct20_NRE20-35","1-1",3,"L_UH","Rct20_NRE20-35",0.182321556793955,0.182321556793955,0.182321556793955,0.182321556793955,0.182321556793955,0.300104592450338,0.200204764426301,0.200204764426301,-0.149265509984145,TRUE,0.548562615041117,1.00123846789468,-0.185694561074745,FALSE,0.364137418920383,1.00098946360118,-0.189227151459746,TRUE,1.16677822479033,1.00099503630265,-0.18560986335022,TRUE,0.413390232666204,1.00098611375744
430,"rand=1-1_rate=3_ROB=L_UH_Bias=Rct20_NRE20-35","1-1",3,"L_UH","Rct20_NRE20-35",0.182321556793955,0.182321556793955,0.182321556793955,0.182321556793955,0.182321556793955,0.300104592450338,0.208734952645352,0.208734952645352,-0.114557382051108,TRUE,0.488182960400894,1.00099484735517,-0.219944381594787,FALSE,0.34413454010365,1.00100739718639,-0.121486027523041,TRUE,0.824418635661842,1.00130888582677,-0.238917714393676,FALSE,0.415012547077035,1.0010011669899
431,"rand=1-1_rate=3_ROB=L_UH_Bias=Rct20_NRE20-35","1-1",3,"L_UH","Rct20_NRE20-35",0.182321556793955,0.182321556793955,0.182321556793955,0.182321556793955,0.182321556793955,0.300104592450338,0.195034178999093,0.195034178999093,-0.166990372793016,TRUE,0.572425996215395,1.00098623443884,-0.197256440350864,FALSE,0.402570926656091,1.00104283011681,-0.0347785360238397,TRUE,0.722021726750369,1.00099670381582,-0.23846915941646,FALSE,0.518276336757287,1.00098722254252
432,"rand=1-1_rate=3_ROB=L_UH_Bias=Rct20_NRE20-35","1-1",3,"L_UH","Rct20_NRE20-35",0.182321556793955,0.182321556793955,0.182321556793955,0.182321556793955,0.182321556793955,0.300104592450338,0.202934595708802,0.202934595708802,-0.299154677853461,FALSE,0.639501018147371,1.00109567761088,-0.230481395565816,FALSE,0.40655046645448,1.0009868797125,-0.435370637160698,TRUE,1.1742183253975,1.00171232224614,-0.192543248979195,TRUE,0.463635208933739,1.0009861355649
433,"rand=1-1_rate=3_ROB=L_UH_Bias=Rct20_NRE20-35","1-1",3,"L_UH","Rct20_NRE20-35",0.182321556793955,0.182321556793955,0.182321556793955,0.182321556793955,0.182321556793955,0.300104592450338,0.218647128427971,0.218647128427971,-0.16979158760447,TRUE,0.636316159415221,1.00102391987791,-0.142420005542438,TRUE,0.416224241215821,1.00099621348712,0.0568072147338152,TRUE,1.01763094745676,1.00098862209877,-0.194571821297092,TRUE,0.495639614601023,1.0010023100558
434,"rand=1-1_rate=3_ROB=L_UH_Bias=Rct20_NRE20-35","1-1",3,"L_UH","Rct20_NRE20-35",0.182321556793955,0.182321556793955,0.182321556793955,0.182321556793955,0.182321556793955,0.300104592450338,0.194924167850605,0.194924167850605,-0.128812583264688,TRUE,0.522712023863733,1.0010042221906,-0.155451343285961,TRUE,0.341231504574567,1.00108649257118,-0.143626143399349,TRUE,0.869536837673221,1.00109405150443,-0.157751782770916,TRUE,0.409781379400543,1.0010035270706
435,"rand=1-1_rate=3_ROB=L_UH_Bias=Rct20_NRE20-35","1-1",3,"L_UH","Rct20_NRE20-35",0.182321556793955,0.182321556793955,0.182321556793955,0.182321556793955,0.182321556793955,0.300104592450338,0.190342096588114,0.190342096588114,-0.0995535981675599,TRUE,0.589415374390801,1.0010025653075,-0.218197831076567,TRUE,0.482307220542734,1.00099613044242,0.0256134266351683,TRUE,0.673146738901779,1.00107356894115,-0.296114007000695,FALSE,0.651803906047761,1.0010255024993
436,"rand=1-1_rate=3_ROB=L_UH_Bias=Rct20_NRE20-35","1-1",3,"L_UH","Rct20_NRE20-35",0.182321556793955,0.182321556793955,0.182321556793955,0.182321556793955,0.182321556793955,0.300104592450338,0.198344167482556,0.198344167482556,-0.187559726818988,TRUE,0.606420054427205,1.00113293714313,-0.23542955775617,FALSE,0.432319799344687,1.00101117543616,-0.663675036431171,FALSE,1.78512429697305,1.00098599996871,-0.153155967684844,TRUE,0.430467276374086,1.00102576101046
437,"rand=1-1_rate=3_ROB=L_UH_Bias=Rct20_NRE20-35","1-1",3,"L_UH","Rct20_NRE20-35",0.182321556793955,0.182321556793955,0.182321556793955,0.182321556793955,0.182321556793955,0.300104592450338,0.20934288508032,0.20934288508032,-0.0324813317319776,TRUE,0.51156380710331,1.00102370428043,-0.115967340207683,TRUE,0.342512053699688,1.00107644748796,0.102565165646811,TRUE,0.66397432533588,1.00115503105609,-0.163726662099571,TRUE,0.420429810895314,1.00098696851625
438,"rand=1-1_rate=3_ROB=L_UH_Bias=Rct20_NRE20-35","1-1",3,"L_UH","Rct20_NRE20-35",0.182321556793955,0.182321556793955,0.182321556793955,0.182321556793955,0.182321556793955,0.300104592450338,0.193864267256496,0.193864267256496,-0.0947040667472159,TRUE,0.539301825386278,1.00109871915203,-0.111421796527194,TRUE,0.37554094708524,1.00113247492488,-0.205759171280945,TRUE,0.876033377993448,1.00101504919819,-0.0915915317905056,TRUE,0.456158941873032,1.00099311230159
439,"rand=1-1_rate=3_ROB=L_UH_Bias=Rct20_NRE20-35","1-1",3,"L_UH","Rct20_NRE20-35",0.182321556793955,0.182321556793955,0.182321556793955,0.182321556793955,0.182321556793955,0.300104592450338,0.202941115918324,0.202941115918324,-0.219201320852755,TRUE,0.586511041725528,1.00119531523833,-0.287646911515181,FALSE,0.447631318196887,1.00098692017718,-0.215084240681337,TRUE,0.805773031976278,1.00098639391631,-0.303253318849328,FALSE,0.586529919137864,1.00100794677909
440,"rand=1-1_rate=3_ROB=L_UH_Bias=Rct20_NRE20-35","1-1",3,"L_UH","Rct20_NRE20-35",0.182321556793955,0.182321556793955,0.182321556793955,0.182321556793955,0.182321556793955,0.300104592450338,0.201801542309323,0.201801542309323,-0.250703269714931,TRUE,0.613352314891017,1.00102682603607,-0.260818323422305,FALSE,0.403945730536327,1.00099378667249,-0.185658227843118,TRUE,0.864218543350499,1.00101824139737,-0.277139340064668,FALSE,0.501564612312771,1.00104045115918
441,"rand=1-1_rate=3_ROB=L_UH_Bias=Rct20_NRE20-35","1-1",3,"L_UH","Rct20_NRE20-35",0.182321556793955,0.182321556793955,0.182321556793955,0.182321556793955,0.182321556793955,0.300104592450338,0.195816475631071,0.195816475631071,-0.145527021309667,TRUE,0.568839050978003,1.00100601231332,-0.121876980424743,TRUE,0.351511734213683,1.00101089563001,-0.264600254517802,TRUE,1.40827713080915,1.00105555905589,-0.0956594567846296,TRUE,0.376639785307067,1.00100455442032
442,"rand=1-1_rate=3_ROB=L_UH_Bias=Rct20_NRE20-35","1-1",3,"L_UH","Rct20_NRE20-35",0.182321556793955,0.182321556793955,0.182321556793955,0.182321556793955,0.182321556793955,0.300104592450338,0.203739532872988,0.203739532872988,-0.372808985289536,FALSE,0.660389396232868,1.00107799734902,-0.285951771171727,FALSE,0.433839482445274,1.00098988988998,-0.282197811696979,TRUE,0.924762221314344,1.0011963526234,-0.281535063921703,FALSE,0.538856141201094,1.00100125100618
443,"rand=1-1_rate=3_ROB=L_UH_Bias=Rct20_NRE20-35","1-1",3,"L_UH","Rct20_NRE20-35",0.182321556793955,0.182321556793955,0.182321556793955,0.182321556793955,0.182321556793955,0.300104592450338,0.189014026006652,0.189014026006652,-0.240984763865518,TRUE,0.605746830849477,1.00111384278069,-0.329900006375982,FALSE,0.416795109920728,1.00100778063962,-0.124903175739256,TRUE,0.782991573520938,1.00101722729483,-0.375686588074639,FALSE,0.516297805000329,1.00099315225113
444,"rand=1-1_rate=3_ROB=L_UH_Bias=Rct20_NRE20-35","1-1",3,"L_UH","Rct20_NRE20-35",0.182321556793955,0.182321556793955,0.182321556793955,0.182321556793955,0.182321556793955,0.300104592450338,0.178176162267517,0.178176162267517,-0.17740613593682,TRUE,0.620999245208431,1.00102972558693,-0.275136493360419,FALSE,0.481940527208069,1.0009913488446,-0.294720410439186,TRUE,1.35156125524663,1.00111266675966,-0.2705689919147,FALSE,0.574533111334926,1.0009887376788
445,"rand=1-1_rate=3_ROB=L_UH_Bias=Rct20_NRE20-35","1-1",3,"L_UH","Rct20_NRE20-35",0.182321556793955,0.182321556793955,0.182321556793955,0.182321556793955,0.182321556793955,0.300104592450338,0.203608659316859,0.203608659316859,-0.0201093068511755,TRUE,0.521126905034919,1.00100789264866,-0.128426447884613,TRUE,0.406318426616437,1.00100261168981,0.0871966963890094,TRUE,0.65611130729791,1.00209003246323,-0.184758896977531,TRUE,0.533466720933731,1.0009864883146
446,"rand=1-1_rate=3_ROB=L_UH_Bias=Rct20_NRE20-35","1-1",3,"L_UH","Rct20_NRE20-35",0.182321556793955,0.182321556793955,0.182321556793955,0.182321556793955,0.182321556793955,0.300104592450338,0.197387840265613,0.197387840265613,-0.240065682017718,TRUE,0.534574867081102,1.00102785270689,-0.187952812374872,FALSE,0.333797741912662,1.00103257628974,-0.395723255789411,TRUE,1.11700378333522,1.00119860573687,-0.154913017745734,TRUE,0.366812832201009,1.0009862343482
447,"rand=1-1_rate=3_ROB=L_UH_Bias=Rct20_NRE20-35","1-1",3,"L_UH","Rct20_NRE20-35",0.182321556793955,0.182321556793955,0.182321556793955,0.182321556793955,0.182321556793955,0.300104592450338,0.192283487976061,0.192283487976061,-0.107727262673526,TRUE,0.53462047042021,1.00107033590188,-0.126797167229837,TRUE,0.336672603654169,1.00101207805991,-0.333832694184308,TRUE,1.73086314640031,1.00098622621346,-0.0946049895426884,TRUE,0.335502913391891,1.00099058185147
448,"rand=1-1_rate=3_ROB=L_UH_Bias=Rct20_NRE20-35","1-1",3,"L_UH","Rct20_NRE20-35",0.182321556793955,0.182321556793955,0.182321556793955,0.182321556793955,0.182321556793955,0.300104592450338,0.202344966947185,0.202344966947185,-0.23983874350082,FALSE,0.54107179973393,1.00099481883089,-0.307976306572363,FALSE,0.333519713043767,1.00098627141728,-0.336480814295524,TRUE,1.37945498383664,1.00100874096732,-0.305099173130162,FALSE,0.369741484658636,1.00101769420685
449,"rand=1-1_rate=3_ROB=L_UH_Bias=Rct20_NRE20-35","1-1",3,"L_UH","Rct20_NRE20-35",0.182321556793955,0.182321556793955,0.182321556793955,0.182321556793955,0.182321556793955,0.300104592450338,0.207456724185549,0.207456724185549,-0.240868774257902,TRUE,0.591207853749874,1.00098843051133,-0.25868505733769,FALSE,0.38720067152042,1.00101579076706,-0.351769654622905,TRUE,0.942855058214872,1.00105930883768,-0.23873429441234,FALSE,0.468034326799106,1.00101649523659
450,"rand=1-1_rate=3_ROB=L_UH_Bias=Rct20_NRE20-35","1-1",3,"L_UH","Rct20_NRE20-35",0.182321556793955,0.182321556793955,0.182321556793955,0.182321556793955,0.182321556793955,0.300104592450338,0.189879920497496,0.189879920497496,-0.247734688374839,TRUE,0.565093917858725,1.00103926301201,-0.317875253231031,FALSE,0.36164146435249,1.00117343351178,-0.678185770227062,FALSE,1.65919963926231,1.00098939263003,-0.263088028380053,FALSE,0.357265616027449,1.00099103412253
451,"rand=1-1_rate=3_ROB=L_UH_Bias=Rct20_NRE20-35","1-1",3,"L_UH","Rct20_NRE20-35",0.182321556793955,0.182321556793955,0.182321556793955,0.182321556793955,0.182321556793955,0.300104592450338,0.201157664634001,0.201157664634001,-0.239643958110919,TRUE,0.637920325626522,1.00098607831381,-0.18487968603459,TRUE,0.417342539958044,1.00099306396533,-0.295451629647155,TRUE,0.964186241339433,1.00098730474847,-0.160265218815389,TRUE,0.510449311214023,1.00100462803922
452,"rand=1-1_rate=3_ROB=L_UH_Bias=Rct20_NRE20-35","1-1",3,"L_UH","Rct20_NRE20-35",0.182321556793955,0.182321556793955,0.182321556793955,0.182321556793955,0.182321556793955,0.300104592450338,0.192153437678711,0.192153437678711,-0.024523922410572,TRUE,0.44328035135519,1.00105073445431,-0.120439138528583,TRUE,0.302852707918067,1.00102320955816,-0.00211432071507578,TRUE,0.720046261476687,1.00099474637446,-0.142075273760405,TRUE,0.360249802692211,1.00098667430174
453,"rand=1-1_rate=3_ROB=L_UH_Bias=Rct20_NRE20-35","1-1",3,"L_UH","Rct20_NRE20-35",0.182321556793955,0.182321556793955,0.182321556793955,0.182321556793955,0.182321556793955,0.300104592450338,0.197607002797198,0.197607002797198,-0.294453688281633,TRUE,0.771258000328747,1.00101916101816,-0.363679526421974,FALSE,0.579550587458579,1.00099302499059,-0.421471206714253,TRUE,2.25504429470697,1.00099520586043,-0.356257397106385,FALSE,0.629727531875625,1.0009886642648
454,"rand=1-1_rate=3_ROB=L_UH_Bias=Rct20_NRE20-35","1-1",3,"L_UH","Rct20_NRE20-35",0.182321556793955,0.182321556793955,0.182321556793955,0.182321556793955,0.182321556793955,0.300104592450338,0.210941808330449,0.210941808330449,-0.197343243607468,TRUE,0.603716197964769,1.00099674772399,-0.236261727981388,FALSE,0.441900358745387,1.00098600111242,-0.121994494679058,TRUE,0.79401905925314,1.00120115857493,-0.266126287163192,FALSE,0.576282590764559,1.00098697029755
455,"rand=1-1_rate=3_ROB=L_UH_Bias=Rct20_NRE20-35","1-1",3,"L_UH","Rct20_NRE20-35",0.182321556793955,0.182321556793955,0.182321556793955,0.182321556793955,0.182321556793955,0.300104592450338,0.206609289647418,0.206609289647418,-0.143995140135625,TRUE,0.52470994037685,1.00105675125409,-0.147428264786844,TRUE,0.334994545117154,1.00100943108733,-0.238343167972418,TRUE,1.0771294382415,1.00099256569176,-0.130436148173079,TRUE,0.377435986434059,1.00098796378879
456,"rand=1-1_rate=3_ROB=L_UH_Bias=Rct20_NRE20-35","1-1",3,"L_UH","Rct20_NRE20-35",0.182321556793955,0.182321556793955,0.182321556793955,0.182321556793955,0.182321556793955,0.300104592450338,0.20766422427349,0.20766422427349,-0.26384755892909,TRUE,0.648536839372428,1.00100853544397,-0.230640234146775,FALSE,0.440731572156861,1.00099728182942,-0.461751721290848,FALSE,1.00800925913529,1.00098639830938,-0.177893739739632,TRUE,0.526682740637656,1.00098622007242
457,"rand=1-1_rate=3_ROB=L_UH_Bias=Rct20_NRE20-35","1-1",3,"L_UH","Rct20_NRE20-35",0.182321556793955,0.182321556793955,0.182321556793955,0.182321556793955,0.182321556793955,0.300104592450338,0.209661963698473,0.209661963698473,-0.104123798655177,TRUE,0.5128508801483,1.00125086071697,-0.248126360605797,FALSE,0.424695254760099,1.00099253515145,-0.493613118133591,TRUE,1.59338476069322,1.00098816820682,-0.195178992467402,TRUE,0.454967347519989,1.00098977095727
458,"rand=1-1_rate=3_ROB=L_UH_Bias=Rct20_NRE20-35","1-1",3,"L_UH","Rct20_NRE20-35",0.182321556793955,0.182321556793955,0.182321556793955,0.182321556793955,0.182321556793955,0.300104592450338,0.209627006386134,0.209627006386134,-0.32932202812136,FALSE,0.563059024977916,1.0010751986886,-0.263736146983855,FALSE,0.350425377987202,1.00102578068399,-0.277244294959673,TRUE,0.8691744477597,1.00148509760156,-0.262158669821427,FALSE,0.423755534128486,1.00098883901887
459,"rand=1-1_rate=3_ROB=L_UH_Bias=Rct20_NRE20-35","1-1",3,"L_UH","Rct20_NRE20-35",0.182321556793955,0.182321556793955,0.182321556793955,0.182321556793955,0.182321556793955,0.300104592450338,0.215752426579443,0.215752426579443,-0.189070373709039,TRUE,0.595489151804836,1.00099395396498,-0.332680995531665,FALSE,0.526589532565586,1.00102133771199,-0.201382672925031,TRUE,0.986716836581672,1.00099228553047,-0.376826495406587,FALSE,0.686240643759791,1.00099307535998
460,"rand=1-1_rate=3_ROB=L_UH_Bias=Rct20_NRE20-35","1-1",3,"L_UH","Rct20_NRE20-35",0.182321556793955,0.182321556793955,0.182321556793955,0.182321556793955,0.182321556793955,0.300104592450338,0.195999174896152,0.195999174896152,-0.099603026732481,TRUE,0.593323780925079,1.00098830672186,-0.104798336483183,TRUE,0.401781480606785,1.00099940149208,-0.0238086289176616,TRUE,1.61108088831149,1.00098646760974,-0.122897211012882,TRUE,0.415448651354955,1.00103750133506
461,"rand=1-1_rate=3_ROB=L_UH_Bias=Rct20_NRE20-35","1-1",3,"L_UH","Rct20_NRE20-35",0.182321556793955,0.182321556793955,0.182321556793955,0.182321556793955,0.182321556793955,0.300104592450338,0.20303811776496,0.20303811776496,-0.172547324833948,TRUE,0.606988797474591,1.00104979661774,-0.141908293236703,TRUE,0.373177906357656,1.00104703975029,-0.317969420518939,TRUE,1.23275001247914,1.0009859963902,-0.10977156133411,TRUE,0.411258872246613,1.00101136637569
462,"rand=1-1_rate=3_ROB=L_UH_Bias=Rct20_NRE20-35","1-1",3,"L_UH","Rct20_NRE20-35",0.182321556793955,0.182321556793955,0.182321556793955,0.182321556793955,0.182321556793955,0.300104592450338,0.20179576288745,0.20179576288745,-0.280978877874689,FALSE,0.627874573623173,1.0009885184695,-0.205793910991305,FALSE,0.397412622507458,1.00103970103279,-0.294841562486031,TRUE,1.02925406458414,1.00100361109228,-0.186877873622854,TRUE,0.46930553436512,1.00106245151619
463,"rand=1-1_rate=3_ROB=L_UH_Bias=Rct20_NRE20-35","1-1",3,"L_UH","Rct20_NRE20-35",0.182321556793955,0.182321556793955,0.182321556793955,0.182321556793955,0.182321556793955,0.300104592450338,0.210868959179756,0.210868959179756,-0.265631903763487,FALSE,0.586754580262599,1.00098892639024,-0.349081925456202,FALSE,0.388050956310551,1.00098631707239,-0.223618193927659,TRUE,0.914039199626659,1.00101503378985,-0.37432695873459,FALSE,0.470941553819784,1.00104467978692
464,"rand=1-1_rate=3_ROB=L_UH_Bias=Rct20_NRE20-35","1-1",3,"L_UH","Rct20_NRE20-35",0.182321556793955,0.182321556793955,0.182321556793955,0.182321556793955,0.182321556793955,0.300104592450338,0.208747311974952,0.208747311974952,-0.15395460230733,TRUE,0.556555002200966,1.00103724071585,-0.215410450915621,FALSE,0.414020450199898,1.00103366506136,-0.174825478629302,TRUE,1.07816452186924,1.00107013423546,-0.224376431511691,FALSE,0.490550013019412,1.00098690746323
465,"rand=1-1_rate=3_ROB=L_UH_Bias=Rct20_NRE20-35","1-1",3,"L_UH","Rct20_NRE20-35",0.182321556793955,0.182321556793955,0.182321556793955,0.182321556793955,0.182321556793955,0.300104592450338,0.195466603179288,0.195466603179288,-0.108496242721718,TRUE,0.494088096324233,1.00098605578359,-0.0827784271621117,TRUE,0.291530805333439,1.00103105440825,-0.123927132326369,TRUE,0.861104378552785,1.00102163040465,-0.0744803382707209,TRUE,0.335769833563424,1.00100558975752
466,"rand=1-1_rate=3_ROB=L_UH_Bias=Rct20_NRE20-35","1-1",3,"L_UH","Rct20_NRE20-35",0.182321556793955,0.182321556793955,0.182321556793955,0.182321556793955,0.182321556793955,0.300104592450338,0.204480185943525,0.204480185943525,-0.20404464530981,TRUE,0.539034868189583,1.00104127269035,-0.288149725220215,FALSE,0.45296059379465,1.00098602533484,-0.0908868426597984,TRUE,1.19278122644692,1.0010165330185,-0.338384022924828,FALSE,0.530054932652113,1.00100569412351
467,"rand=1-1_rate=3_ROB=L_UH_Bias=Rct20_NRE20-35","1-1",3,"L_UH","Rct20_NRE20-35",0.182321556793955,0.182321556793955,0.182321556793955,0.182321556793955,0.182321556793955,0.300104592450338,0.20040240046535,0.20040240046535,-0.361637318993401,FALSE,0.680003464641814,1.00100741954366,-0.359536763541754,FALSE,0.489048494769294,1.00102208101193,-0.253049881518739,TRUE,1.01831842493309,1.00099850067942,-0.39034102878504,FALSE,0.611435058942655,1.00098871659614
468,"rand=1-1_rate=3_ROB=L_UH_Bias=Rct20_NRE20-35","1-1",3,"L_UH","Rct20_NRE20-35",0.182321556793955,0.182321556793955,0.182321556793955,0.182321556793955,0.182321556793955,0.300104592450338,0.209327095792342,0.209327095792342,-0.233826042848205,TRUE,0.569074539826531,1.00099960827651,-0.237613557091429,FALSE,0.345438732621114,1.00099457266674,-0.131693196508406,TRUE,0.875626210242472,1.00100909761836,-0.25762492486658,FALSE,0.405284882699945,1.00099539509723
469,"rand=1-1_rate=3_ROB=L_UH_Bias=Rct20_NRE20-35","1-1",3,"L_UH","Rct20_NRE20-35",0.182321556793955,0.182321556793955,0.182321556793955,0.182321556793955,0.182321556793955,0.300104592450338,0.185753036771514,0.185753036771514,-0.274741201437803,FALSE,0.578513455846174,1.0009873608545,-0.361843382850295,FALSE,0.453759845943826,1.00100396547537,-0.245416671997087,TRUE,1.58214546574353,1.0009971485793,-0.394712652423436,FALSE,0.529297321681612,1.00098935677921
470,"rand=1-1_rate=3_ROB=L_UH_Bias=Rct20_NRE20-35","1-1",3,"L_UH","Rct20_NRE20-35",0.182321556793955,0.182321556793955,0.182321556793955,0.182321556793955,0.182321556793955,0.300104592450338,0.207141629286647,0.207141629286647,-0.178836077240285,TRUE,0.573029919496391,1.0010437280036,-0.160601033071719,FALSE,0.345651430160467,1.00098921739036,-0.11192020129134,TRUE,1.42988917947801,1.00098601751019,-0.174142618292255,FALSE,0.357177224348944,1.00100005395599
471,"rand=1-1_rate=3_ROB=L_UH_Bias=Rct20_NRE20-35","1-1",3,"L_UH","Rct20_NRE20-35",0.182321556793955,0.182321556793955,0.182321556793955,0.182321556793955,0.182321556793955,0.300104592450338,0.223359891834606,0.223359891834606,-0.325579232393674,FALSE,0.567980121514744,1.00100083189693,-0.306834860846803,FALSE,0.310175096639065,1.00102833596904,-0.404484281732757,TRUE,1.09969399687202,1.00113090726737,-0.294041265975429,FALSE,0.33961440097686,1.00099327146413
472,"rand=1-1_rate=3_ROB=L_UH_Bias=Rct20_NRE20-35","1-1",3,"L_UH","Rct20_NRE20-35",0.182321556793955,0.182321556793955,0.182321556793955,0.182321556793955,0.182321556793955,0.300104592450338,0.212208933931497,0.212208933931497,-0.0269057991505179,TRUE,0.484688411884855,1.00099483363598,-0.124556496628238,TRUE,0.342272051280558,1.00100608653143,0.0100373703154436,TRUE,0.832464702256654,1.00112927876812,-0.153271837467871,TRUE,0.409844764215271,1.0010102325147
473,"rand=1-1_rate=3_ROB=L_UH_Bias=Rct20_NRE20-35","1-1",3,"L_UH","Rct20_NRE20-35",0.182321556793955,0.182321556793955,0.182321556793955,0.182321556793955,0.182321556793955,0.300104592450338,0.193288516055201,0.193288516055201,-0.175586436930885,TRUE,0.484989428457201,1.00107168677817,-0.273468158991779,FALSE,0.401075289050162,1.00099593560374,-0.307787024591164,TRUE,0.914636210703963,1.00101822829519,-0.265625114418184,FALSE,0.492704061082322,1.00099275128304
474,"rand=1-1_rate=3_ROB=L_UH_Bias=Rct20_NRE20-35","1-1",3,"L_UH","Rct20_NRE20-35",0.182321556793955,0.182321556793955,0.182321556793955,0.182321556793955,0.182321556793955,0.300104592450338,0.197678144558583,0.197678144558583,-0.136623229141811,TRUE,0.582988916640573,1.00104304347467,-0.186403714140401,TRUE,0.432966738418993,1.00100666417893,-0.140788106599842,TRUE,1.04116923568539,1.00098906865963,-0.199645342949458,TRUE,0.524333921629678,1.00099075696848
475,"rand=1-1_rate=3_ROB=L_UH_Bias=Rct20_NRE20-35","1-1",3,"L_UH","Rct20_NRE20-35",0.182321556793955,0.182321556793955,0.182321556793955,0.182321556793955,0.182321556793955,0.300104592450338,0.191870056217281,0.191870056217281,-0.0633084128944013,TRUE,0.50194648589149,1.00098740236609,-0.114616963268589,TRUE,0.403128977857641,1.00102603039541,-0.215771380229644,TRUE,0.880664669071346,1.00119239782332,-0.0931523866358395,TRUE,0.496467326164784,1.00111942432421
476,"rand=1-1_rate=3_ROB=L_UH_Bias=Rct20_NRE20-35","1-1",3,"L_UH","Rct20_NRE20-35",0.182321556793955,0.182321556793955,0.182321556793955,0.182321556793955,0.182321556793955,0.300104592450338,0.188709078953031,0.188709078953031,-0.289260044521207,FALSE,0.513388717433861,1.0012682455613,-0.331371640694129,FALSE,0.33452115611267,1.0009940040986,-0.315054416075928,TRUE,0.959723762088648,1.00111461845322,-0.334148458941744,FALSE,0.390634557828629,1.00100196795279
477,"rand=1-1_rate=3_ROB=L_UH_Bias=Rct20_NRE20-35","1-1",3,"L_UH","Rct20_NRE20-35",0.182321556793955,0.182321556793955,0.182321556793955,0.182321556793955,0.182321556793955,0.300104592450338,0.207663437230502,0.207663437230502,-0.373832753013661,FALSE,0.591955799840298,1.0010823929517,-0.375518869292634,FALSE,0.324253869858817,1.00102001729523,-0.188080545086598,TRUE,1.06595368195974,1.00114376778158,-0.404966023196158,FALSE,0.358680580599414,1.00098723621735
478,"rand=1-1_rate=3_ROB=L_UH_Bias=Rct20_NRE20-35","1-1",3,"L_UH","Rct20_NRE20-35",0.182321556793955,0.182321556793955,0.182321556793955,0.182321556793955,0.182321556793955,0.300104592450338,0.192997541628588,0.192997541628588,-0.174833232546936,TRUE,0.580909726170543,1.00102937699664,-0.168557892312118,TRUE,0.375662956903209,1.00098627848614,-0.0916607624408132,TRUE,0.983289662879888,1.00098687479012,-0.184445957073377,TRUE,0.444780794084763,1.00099265487857
479,"rand=1-1_rate=3_ROB=L_UH_Bias=Rct20_NRE20-35","1-1",3,"L_UH","Rct20_NRE20-35",0.182321556793955,0.182321556793955,0.182321556793955,0.182321556793955,0.182321556793955,0.300104592450338,0.19866980188174,0.19866980188174,-0.0998292841004274,TRUE,0.580585588098915,1.00109647833539,-0.150029840580694,TRUE,0.427440207852057,1.00099214921817,-0.0932332704066903,TRUE,1.1048095829362,1.00103817543959,-0.165233148863017,TRUE,0.511619053275218,1.0009859927107
480,"rand=1-1_rate=3_ROB=L_UH_Bias=Rct20_NRE20-35","1-1",3,"L_UH","Rct20_NRE20-35",0.182321556793955,0.182321556793955,0.182321556793955,0.182321556793955,0.182321556793955,0.300104592450338,0.186640380043747,0.186640380043747,-0.257995744937165,TRUE,0.75469526407805,1.00098879964027,-0.28652043765856,FALSE,0.531620277651519,1.0009860112837,-0.420769316417376,TRUE,1.70530584315014,1.00098909772419,-0.249278178792324,TRUE,0.605573142445162,1.00099896397891
481,"rand=1-1_rate=3_ROB=L_UH_Bias=Rct20_NRE20-35","1-1",3,"L_UH","Rct20_NRE20-35",0.182321556793955,0.182321556793955,0.182321556793955,0.182321556793955,0.182321556793955,0.300104592450338,0.214169945292547,0.214169945292547,-0.306307228831464,FALSE,0.610191804910202,1.00121113996902,-0.282604614912666,FALSE,0.371128301844913,1.00098601323149,-0.375017339495972,TRUE,1.04381002382179,1.00119467666509,-0.26846435519989,FALSE,0.427843455463532,1.00103263082504
482,"rand=1-1_rate=3_ROB=L_UH_Bias=Rct20_NRE20-35","1-1",3,"L_UH","Rct20_NRE20-35",0.182321556793955,0.182321556793955,0.182321556793955,0.182321556793955,0.182321556793955,0.300104592450338,0.208037912869654,0.208037912869654,-0.168409713465961,TRUE,0.579043495319219,1.00099517684938,-0.233501693931283,FALSE,0.422189678607656,1.00102613193689,-0.207815235442294,TRUE,0.938588960043857,1.001068818351,-0.235001115265705,FALSE,0.521920923581575,1.00098693394959
483,"rand=1-1_rate=3_ROB=L_UH_Bias=Rct20_NRE20-35","1-1",3,"L_UH","Rct20_NRE20-35",0.182321556793955,0.182321556793955,0.182321556793955,0.182321556793955,0.182321556793955,0.300104592450338,0.198062764636354,0.198062764636354,-0.0669350403938587,TRUE,0.529521222269983,1.00120434908525,-0.0900476137227562,TRUE,0.320642546634963,1.00098882515735,-0.405213156428339,TRUE,1.33556829956376,1.00098764368967,-0.0361959004028061,TRUE,0.320923632286093,1.00098670953199
484,"rand=1-1_rate=3_ROB=L_UH_Bias=Rct20_NRE20-35","1-1",3,"L_UH","Rct20_NRE20-35",0.182321556793955,0.182321556793955,0.182321556793955,0.182321556793955,0.182321556793955,0.300104592450338,0.196394590030335,0.196394590030335,-0.223512382412509,TRUE,0.572405462352086,1.0010387621337,-0.186040954228809,FALSE,0.355653401205862,1.00102404368691,-0.276245549055921,TRUE,0.888521318350883,1.00099055746917,-0.170170184044166,TRUE,0.426985853845532,1.00105772946321
485,"rand=1-1_rate=3_ROB=L_UH_Bias=Rct20_NRE20-35","1-1",3,"L_UH","Rct20_NRE20-35",0.182321556793955,0.182321556793955,0.182321556793955,0.182321556793955,0.182321556793955,0.300104592450338,0.203815792262631,0.203815792262631,-0.193925945890445,TRUE,0.544374034362076,1.00108151618417,-0.171836594309345,FALSE,0.31411418954864,1.00098620568931,-0.213454941532698,TRUE,0.941861252057725,1.00155980594354,-0.165176812507283,TRUE,0.360818949807315,1.00098646597524
486,"rand=1-1_rate=3_ROB=L_UH_Bias=Rct20_NRE20-35","1-1",3,"L_UH","Rct20_NRE20-35",0.182321556793955,0.182321556793955,0.182321556793955,0.182321556793955,0.182321556793955,0.300104592450338,0.177668616174367,0.177668616174367,-0.137465101228041,TRUE,0.509240251469935,1.0009872911833,-0.0996137175423966,TRUE,0.303450779990114,1.00098659573744,-0.207801883337034,TRUE,0.907065445611725,1.00099303771805,-0.079582557679772,TRUE,0.344015889229473,1.00099101252864
487,"rand=1-1_rate=3_ROB=L_UH_Bias=Rct20_NRE20-35","1-1",3,"L_UH","Rct20_NRE20-35",0.182321556793955,0.182321556793955,0.182321556793955,0.182321556793955,0.182321556793955,0.300104592450338,0.192905908187729,0.192905908187729,-0.112332439810596,TRUE,0.579996045558974,1.001017389986,-0.240791471907899,FALSE,0.436821330448721,1.00100046412741,-0.844737984102002,FALSE,2.3939051715282,1.00098991258346,-0.137279037509425,TRUE,0.369849465385847,1.00101248932731
488,"rand=1-1_rate=3_ROB=L_UH_Bias=Rct20_NRE20-35","1-1",3,"L_UH","Rct20_NRE20-35",0.182321556793955,0.182321556793955,0.182321556793955,0.182321556793955,0.182321556793955,0.300104592450338,0.20127729486202,0.20127729486202,-0.26766444546799,FALSE,0.555047585678668,1.00099515937842,-0.323344038762275,FALSE,0.34168675228785,1.00100882392395,-0.225948667642307,TRUE,1.04059138190246,1.00102333862519,-0.340195501277476,FALSE,0.386781789435701,1.00098644666279
489,"rand=1-1_rate=3_ROB=L_UH_Bias=Rct20_NRE20-35","1-1",3,"L_UH","Rct20_NRE20-35",0.182321556793955,0.182321556793955,0.182321556793955,0.182321556793955,0.182321556793955,0.300104592450338,0.207886722005899,0.207886722005899,-0.370076546781019,FALSE,0.584098065352106,1.00105217386073,-0.319436676348537,FALSE,0.305076745994779,1.00104564811277,-0.31348762148308,TRUE,0.968491838562807,1.00139227973513,-0.320019460882397,FALSE,0.35026528520526,1.00099248032459
490,"rand=1-1_rate=3_ROB=L_UH_Bias=Rct20_NRE20-35","1-1",3,"L_UH","Rct20_NRE20-35",0.182321556793955,0.182321556793955,0.182321556793955,0.182321556793955,0.182321556793955,0.300104592450338,0.19381842042742,0.19381842042742,-0.29862199305448,FALSE,0.655102319792805,1.00100887022689,-0.457165968372574,FALSE,0.569142647961644,1.00099911512367,-0.263055236111625,TRUE,0.860362485914719,1.00100833546229,-0.512416096577937,FALSE,0.765345673287802,1.0009893534723
491,"rand=1-1_rate=3_ROB=L_UH_Bias=Rct20_NRE20-35","1-1",3,"L_UH","Rct20_NRE20-35",0.182321556793955,0.182321556793955,0.182321556793955,0.182321556793955,0.182321556793955,0.300104592450338,0.211648292094051,0.211648292094051,-0.0989017135096768,TRUE,0.521153725380463,1.00103854389391,-0.140420652006997,TRUE,0.336874105825787,1.00099314382622,-0.190941881981782,TRUE,1.07259103390751,1.00102460521495,-0.131439407607854,TRUE,0.38092512357428,1.00107175820476
492,"rand=1-1_rate=3_ROB=L_UH_Bias=Rct20_NRE20-35","1-1",3,"L_UH","Rct20_NRE20-35",0.182321556793955,0.182321556793955,0.182321556793955,0.182321556793955,0.182321556793955,0.300104592450338,0.180074098615148,0.180074098615148,-0.00939329916870646,TRUE,0.51398242628684,1.00105550509307,-0.126577724463809,TRUE,0.444331499466526,1.00098865632388,0.0326494936188753,TRUE,0.675843186039977,1.00104880034401,-0.175232190200563,TRUE,0.598041137995347,1.00099509199824
493,"rand=1-1_rate=3_ROB=L_UH_Bias=Rct20_NRE20-35","1-1",3,"L_UH","Rct20_NRE20-35",0.182321556793955,0.182321556793955,0.182321556793955,0.182321556793955,0.182321556793955,0.300104592450338,0.207914520304395,0.207914520304395,-0.385228023892211,FALSE,0.597912581038911,1.00101182719828,-0.440971113264626,FALSE,0.371169545417758,1.00098912214788,-0.294746709866846,TRUE,0.979098271305256,1.00099036715299,-0.465348744450915,FALSE,0.435349241589375,1.00100543021629
494,"rand=1-1_rate=3_ROB=L_UH_Bias=Rct20_NRE20-35","1-1",3,"L_UH","Rct20_NRE20-35",0.182321556793955,0.182321556793955,0.182321556793955,0.182321556793955,0.182321556793955,0.300104592450338,0.186338377477614,0.186338377477614,-0.355090229111612,FALSE,0.606305941324151,1.00107101674317,-0.422218087532385,FALSE,0.416209497284724,1.00100247923562,-0.306841032158431,TRUE,1.03950576165863,1.00098622029975,-0.445263580398788,FALSE,0.498556424727934,1.00099542536367
495,"rand=1-1_rate=3_ROB=L_UH_Bias=Rct20_NRE20-35","1-1",3,"L_UH","Rct20_NRE20-35",0.182321556793955,0.182321556793955,0.182321556793955,0.182321556793955,0.182321556793955,0.300104592450338,0.191276341527315,0.191276341527315,-0.441805124795705,FALSE,0.767033196239465,1.00099924566048,-0.348395665482695,FALSE,0.499358927878202,1.00098673944691,-0.626865419891359,TRUE,1.7162650809081,1.00098611597306,-0.286197668872233,FALSE,0.541532240402929,1.0009915586856
496,"rand=1-1_rate=3_ROB=L_UH_Bias=Rct20_NRE20-35","1-1",3,"L_UH","Rct20_NRE20-35",0.182321556793955,0.182321556793955,0.182321556793955,0.182321556793955,0.182321556793955,0.300104592450338,0.208702521673901,0.208702521673901,-0.205382726451566,TRUE,0.586191445881147,1.00103313145431,-0.300877277649674,FALSE,0.397283792149907,1.00099113230198,-0.110449236370752,TRUE,1.10211027887158,1.00099217682042,-0.342637209616506,FALSE,0.456057989856397,1.00098717330189
497,"rand=1-1_rate=3_ROB=L_UH_Bias=Rct20_NRE20-35","1-1",3,"L_UH","Rct20_NRE20-35",0.182321556793955,0.182321556793955,0.182321556793955,0.182321556793955,0.182321556793955,0.300104592450338,0.217229246687986,0.217229246687986,-0.197248041715691,TRUE,0.615916969650665,1.0011468811965,-0.233890080613597,FALSE,0.452925048765381,1.00098839381241,-0.491894782525351,FALSE,0.990668904226564,1.00104218759139,-0.176728997927388,TRUE,0.538255401530497,1.00101118732003
498,"rand=1-1_rate=3_ROB=L_UH_Bias=Rct20_NRE20-35","1-1",3,"L_UH","Rct20_NRE20-35",0.182321556793955,0.182321556793955,0.182321556793955,0.182321556793955,0.182321556793955,0.300104592450338,0.194914748972325,0.194914748972325,-0.0873688571726652,TRUE,0.469131577727409,1.00100162310187,-0.10151412299478,TRUE,0.301316797711727,1.00099320196051,-0.199275830596046,TRUE,0.756935388622269,1.00109712269422,-0.0828462364975029,TRUE,0.361236026765531,1.00098944528244
499,"rand=1-1_rate=3_ROB=L_UH_Bias=Rct20_NRE20-35","1-1",3,"L_UH","Rct20_NRE20-35",0.182321556793955,0.182321556793955,0.182321556793955,0.182321556793955,0.182321556793955,0.300104592450338,0.192698965857935,0.192698965857935,-0.161225705957551,TRUE,0.664933755003626,1.00098832990416,-0.156544894814791,TRUE,0.470050439676264,1.00099408729687,-0.321579687400165,TRUE,1.15013296159698,1.00098832427419,-0.117841766200816,TRUE,0.56192425529697,1.00105241930198
500,"rand=1-1_rate=3_ROB=L_UH_Bias=Rct20_NRE20-35","1-1",3,"L_UH","Rct20_NRE20-35",0.182321556793955,0.182321556793955,0.182321556793955,0.182321556793955,0.182321556793955,0.300104592450338,0.203917224790311,0.203917224790311,-0.14520163061523,TRUE,0.534466746880552,1.00105468931975,-0.148173880023083,TRUE,0.339296863881161,1.00098865518967,-0.291378364343045,TRUE,1.03750890688523,1.00115948712725,-0.120622927270574,TRUE,0.382764151845419,1.00098618881536
501,"rand=1-1_rate=3_ROB=L_UH_Bias=Rct20_NRE20-35","1-1",3,"L_UH","Rct20_NRE20-35",0.182321556793955,0.182321556793955,0.182321556793955,0.182321556793955,0.182321556793955,0.300104592450338,0.201753508272628,0.201753508272628,-0.18483845170576,TRUE,0.529238642411261,1.0010989910548,-0.194175042294485,FALSE,0.343782893040637,1.0010238641302,-0.255127701316488,TRUE,1.01737043107695,1.00100417247043,-0.181559633099678,TRUE,0.393353162649572,1.00100198997364
502,"rand=1-1_rate=3_ROB=L_UH_Bias=Rct20_NRE20-35","1-1",3,"L_UH","Rct20_NRE20-35",0.182321556793955,0.182321556793955,0.182321556793955,0.182321556793955,0.182321556793955,0.300104592450338,0.197744794000445,0.197744794000445,-0.221317154527022,TRUE,0.508203840368654,1.00112671492844,-0.302984767050382,FALSE,0.309469798904871,1.00100470497252,-0.17800984181203,TRUE,0.777135420326138,1.00127441550623,-0.323530257928401,FALSE,0.371700652280217,1.00098694298131
503,"rand=1-1_rate=3_ROB=L_UH_Bias=Rct20_NRE20-35","1-1",3,"L_UH","Rct20_NRE20-35",0.182321556793955,0.182321556793955,0.182321556793955,0.182321556793955,0.182321556793955,0.300104592450338,0.193807094538519,0.193807094538519,-0.269227532182282,FALSE,0.608655985664536,1.00186408778999,-0.284827577949922,FALSE,0.403977093166566,1.00099509980228,-0.173933346898196,TRUE,0.858632265471229,1.00105795447385,-0.308860778178767,FALSE,0.502495489202291,1.00098728694802
504,"rand=1-1_rate=3_ROB=L_UH_Bias=Rct20_NRE20-35","1-1",3,"L_UH","Rct20_NRE20-35",0.182321556793955,0.182321556793955,0.182321556793955,0.182321556793955,0.182321556793955,0.300104592450338,0.212537865309465,0.212537865309465,-0.290040505573435,FALSE,0.589155535220877,1.00110188197998,-0.274587443608814,FALSE,0.375551067777731,1.00117085617914,-0.211577383475075,TRUE,0.781290646324136,1.00161317593983,-0.285913011909847,FALSE,0.471309096353811,1.00099259403082
505,"rand=1-1_rate=3_ROB=L_UH_Bias=Rct20_NRE20-35","1-1",3,"L_UH","Rct20_NRE20-35",0.182321556793955,0.182321556793955,0.182321556793955,0.182321556793955,0.182321556793955,0.300104592450338,0.210920029523861,0.210920029523861,-0.296726903647937,FALSE,0.618118402232839,1.0010067192028,-0.340293582098242,FALSE,0.392175379860181,1.00106087688629,-0.527654993505879,FALSE,1.28647666677882,1.00102597792095,-0.307157645302171,FALSE,0.438211407279111,1.00099086611156
506,"rand=1-1_rate=3_ROB=L_UH_Bias=Rct20_NRE20-35","1-1",3,"L_UH","Rct20_NRE20-35",0.182321556793955,0.182321556793955,0.182321556793955,0.182321556793955,0.182321556793955,0.300104592450338,0.204053247049894,0.204053247049894,-0.215443189701678,TRUE,0.604309058665494,1.00118182267021,-0.27336606517935,FALSE,0.431010065702853,1.00101180605775,-0.0889043700645946,TRUE,0.78682584595382,1.00098700621378,-0.317926120695015,FALSE,0.5484759433797,1.00098598993868
507,"rand=1-1_rate=3_ROB=L_UH_Bias=Rct20_NRE20-35","1-1",3,"L_UH","Rct20_NRE20-35",0.182321556793955,0.182321556793955,0.182321556793955,0.182321556793955,0.182321556793955,0.300104592450338,0.192067054296519,0.192067054296519,-0.217410391485473,TRUE,0.596748039498237,1.0010894048111,-0.248937964070819,FALSE,0.426980022444313,1.00100171944592,-0.127654480091169,TRUE,0.789088565666587,1.00112456382183,-0.275412484353149,FALSE,0.551169881873798,1.0009871762822
508,"rand=1-1_rate=3_ROB=L_UH_Bias=Rct20_NRE20-35","1-1",3,"L_UH","Rct20_NRE20-35",0.182321556793955,0.182321556793955,0.182321556793955,0.182321556793955,0.182321556793955,0.300104592450338,0.189065392923095,0.189065392923095,-0.173263476499026,TRUE,0.524887289803946,1.00103572616428,-0.220466238267365,FALSE,0.335756148902098,1.00099581820082,-0.0629189559151775,TRUE,0.775911347711245,1.00103138234839,-0.253999635992056,FALSE,0.397765923649647,1.00110407161154
509,"rand=1-1_rate=3_ROB=L_UH_Bias=Rct20_NRE20-35","1-1",3,"L_UH","Rct20_NRE20-35",0.182321556793955,0.182321556793955,0.182321556793955,0.182321556793955,0.182321556793955,0.300104592450338,0.194837965702628,0.194837965702628,0.0332613005959064,TRUE,0.409307871590272,1.00100179608139,-0.0527693126004734,TRUE,0.270863292351917,1.00099681823126,-0.0345881779366104,TRUE,0.915868870509762,1.00108671376578,-0.0562417976368177,TRUE,0.304531217705595,1.00101682278847
510,"rand=1-1_rate=3_ROB=L_UH_Bias=Rct20_NRE20-35","1-1",3,"L_UH","Rct20_NRE20-35",0.182321556793955,0.182321556793955,0.182321556793955,0.182321556793955,0.182321556793955,0.300104592450338,0.211162142563571,0.211162142563571,-0.14748858666682,TRUE,0.467356294550704,1.00108594443915,-0.193279402609568,FALSE,0.24397895148456,1.00099926342259,-0.249060195032784,TRUE,1.07767967027152,1.00119896323151,-0.18845213981042,FALSE,0.262792708445552,1.00101345081591
511,"rand=1-1_rate=3_ROB=L_UH_Bias=Rct20_NRE20-35","1-1",3,"L_UH","Rct20_NRE20-35",0.182321556793955,0.182321556793955,0.182321556793955,0.182321556793955,0.182321556793955,0.300104592450338,0.209658066231039,0.209658066231039,-0.540700027815424,FALSE,0.794427260099935,1.00100973752601,-0.457803316510374,FALSE,0.509165173209527,1.00099972153693,-0.625607429280356,FALSE,1.38393650573186,1.00106293705747,-0.424115620275042,FALSE,0.59900667129172,1.00100198102433
512,"rand=1-1_rate=3_ROB=L_UH_Bias=Rct20_NRE20-35","1-1",3,"L_UH","Rct20_NRE20-35",0.182321556793955,0.182321556793955,0.182321556793955,0.182321556793955,0.182321556793955,0.300104592450338,0.198615825748446,0.198615825748446,-0.27910148172907,TRUE,0.645250386713586,1.00104916998191,-0.271049427282258,FALSE,0.413370433293252,1.00099493329695,-0.356638755269524,TRUE,1.32012025766898,1.00098762686791,-0.253356042617898,FALSE,0.466953309660585,1.00099663492211
513,"rand=1-1_rate=3_ROB=L_UH_Bias=Rct20_NRE20-35","1-1",3,"L_UH","Rct20_NRE20-35",0.182321556793955,0.182321556793955,0.182321556793955,0.182321556793955,0.182321556793955,0.300104592450338,0.208692214618213,0.208692214618213,-0.224701296680057,TRUE,0.537981852642225,1.00105123471536,-0.253460554185361,FALSE,0.298284526040753,1.00099201616721,-0.0348530018008371,TRUE,0.923734748464018,1.00104140515485,-0.288520742223463,FALSE,0.329144269467544,1.00099175736527
514,"rand=1-1_rate=3_ROB=L_UH_Bias=Rct20_NRE20-35","1-1",3,"L_UH","Rct20_NRE20-35",0.182321556793955,0.182321556793955,0.182321556793955,0.182321556793955,0.182321556793955,0.300104592450338,0.195214589059775,0.195214589059775,-0.20512324807577,TRUE,0.661401153905187,1.0009903980457,-0.231976959770437,FALSE,0.464258194222671,1.00100445982666,-0.312914527745084,TRUE,1.30389794907672,1.0010650726543,-0.213070847236922,TRUE,0.542804597337073,1.00102626811761
515,"rand=1-1_rate=3_ROB=L_UH_Bias=Rct20_NRE20-35","1-1",3,"L_UH","Rct20_NRE20-35",0.182321556793955,0.182321556793955,0.182321556793955,0.182321556793955,0.182321556793955,0.300104592450338,0.21280948830895,0.21280948830895,-0.0593803572360436,TRUE,0.483386372902903,1.00104906985343,-0.138175601142527,TRUE,0.361953117237782,1.00100431766735,-0.0941402926606487,TRUE,0.983927604597192,1.000989254739,-0.148213511610517,TRUE,0.420388179051286,1.00099167553311
516,"rand=1-1_rate=3_ROB=L_UH_Bias=Rct20_NRE20-35","1-1",3,"L_UH","Rct20_NRE20-35",0.182321556793955,0.182321556793955,0.182321556793955,0.182321556793955,0.182321556793955,0.300104592450338,0.222120358899561,0.222120358899561,-0.372646387549724,FALSE,0.640949431397145,1.0009906973872,-0.378336531622981,FALSE,0.414910216071377,1.00100458424829,-0.632485154127486,FALSE,1.06882988092142,1.00101814359109,-0.329767745334226,FALSE,0.478782517925733,1.00099686971197
517,"rand=1-1_rate=3_ROB=L_UH_Bias=Rct20_NRE20-35","1-1",3,"L_UH","Rct20_NRE20-35",0.182321556793955,0.182321556793955,0.182321556793955,0.182321556793955,0.182321556793955,0.300104592450338,0.195645580055271,0.195645580055271,-0.154517385659832,TRUE,0.621339317123265,1.00108538814627,-0.129348375075582,TRUE,0.422624948267843,1.00098621737369,-0.131070038506343,TRUE,1.16027128127099,1.00098770781671,-0.128044648167015,TRUE,0.505478123619501,1.00099765530803
518,"rand=1-1_rate=3_ROB=L_UH_Bias=Rct20_NRE20-35","1-1",3,"L_UH","Rct20_NRE20-35",0.182321556793955,0.182321556793955,0.182321556793955,0.182321556793955,0.182321556793955,0.300104592450338,0.211613286180311,0.211613286180311,-0.30053090867741,FALSE,0.60831259540436,1.00098753692971,-0.349260960380262,FALSE,0.439806126884745,1.00103450109484,-0.408929988799949,TRUE,1.05374957857389,1.00100140280242,-0.337158724796168,FALSE,0.530416149382978,1.00102688314705
519,"rand=1-1_rate=3_ROB=L_UH_Bias=Rct20_NRE20-35","1-1",3,"L_UH","Rct20_NRE20-35",0.182321556793955,0.182321556793955,0.182321556793955,0.182321556793955,0.182321556793955,0.300104592450338,0.192987591761591,0.192987591761591,-0.0973653314736831,TRUE,0.502667201551159,1.00116777876476,-0.146244551195257,TRUE,0.343295103237171,1.00100591185347,-0.198334329997293,TRUE,0.793062504188159,1.00098893308894,-0.134676659019715,TRUE,0.418062805694894,1.00107498607187
520,"rand=1-1_rate=3_ROB=L_UH_Bias=Rct20_NRE20-35","1-1",3,"L_UH","Rct20_NRE20-35",0.182321556793955,0.182321556793955,0.182321556793955,0.182321556793955,0.182321556793955,0.300104592450338,0.198902954649363,0.198902954649363,-0.445289604449026,FALSE,0.677772049001325,1.00111575483859,-0.402200502082895,FALSE,0.432294207897841,1.00098609293332,-0.398039445952372,TRUE,1.00206958996363,1.0010861971101,-0.401532378245377,FALSE,0.531248097907249,1.00098687985097
521,"rand=1-1_rate=3_ROB=L_UH_Bias=Rct20_NRE20-35","1-1",3,"L_UH","Rct20_NRE20-35",0.182321556793955,0.182321556793955,0.182321556793955,0.182321556793955,0.182321556793955,0.300104592450338,0.189276527744557,0.189276527744557,-0.215510546887561,TRUE,0.480662318706091,1.00103470636474,-0.145837988036542,FALSE,0.250870116906796,1.00098621421001,-0.455704464702074,FALSE,0.989368136527155,1.00101742168072,-0.109225665922893,TRUE,0.261013703964577,1.00098662019482
522,"rand=1-1_rate=3_ROB=L_UH_Bias=Rct20_NRE20-35","1-1",3,"L_UH","Rct20_NRE20-35",0.182321556793955,0.182321556793955,0.182321556793955,0.182321556793955,0.182321556793955,0.300104592450338,0.193255861912674,0.193255861912674,-0.189554478936253,TRUE,0.611356106540893,1.00099668966919,-0.111651157744621,TRUE,0.368820185881591,1.0009912997641,-0.420968345184524,TRUE,1.08436440371234,1.00159843433286,-0.0562740121031489,TRUE,0.406647994858671,1.00098672642572
523,"rand=1-1_rate=3_ROB=L_UH_Bias=Rct20_NRE20-35","1-1",3,"L_UH","Rct20_NRE20-35",0.182321556793955,0.182321556793955,0.182321556793955,0.182321556793955,0.182321556793955,0.300104592450338,0.182473965057326,0.182473965057326,-0.0607589412566112,TRUE,0.50493954461852,1.00098890703903,-0.116174277052403,TRUE,0.340247070275084,1.00098601762854,-0.102193015917024,TRUE,0.785769972859685,1.00099314492585,-0.119024522981465,TRUE,0.415169253884427,1.00098931168407
524,"rand=1-1_rate=3_ROB=L_UH_Bias=Rct20_NRE20-35","1-1",3,"L_UH","Rct20_NRE20-35",0.182321556793955,0.182321556793955,0.182321556793955,0.182321556793955,0.182321556793955,0.300104592450338,0.191329392716696,0.191329392716696,-0.256376278363823,TRUE,0.632730332019932,1.00099462449076,-0.264952857478394,FALSE,0.444124987923312,1.00105131965577,-0.352869153323259,TRUE,1.1729518393915,1.00102077722188,-0.245088210408506,FALSE,0.527279638601981,1.0010202487777
525,"rand=1-1_rate=3_ROB=L_UH_Bias=Rct20_NRE20-35","1-1",3,"L_UH","Rct20_NRE20-35",0.182321556793955,0.182321556793955,0.182321556793955,0.182321556793955,0.182321556793955,0.300104592450338,0.212938167058726,0.212938167058726,-0.187631389468045,TRUE,0.471287245911257,1.00116369255768,-0.257023853749628,FALSE,0.262161094478683,1.00099710620052,-0.22443709654474,TRUE,0.828020497485295,1.00101982098741,-0.261976555669011,FALSE,0.299997057101024,1.00099419721396
526,"rand=1-1_rate=3_ROB=L_UH_Bias=Rct20_NRE20-35","1-1",3,"L_UH","Rct20_NRE20-35",0.182321556793955,0.182321556793955,0.182321556793955,0.182321556793955,0.182321556793955,0.300104592450338,0.199611410683736,0.199611410683736,-0.163572493674875,TRUE,0.508716982879111,1.00098900541782,-0.119137906528941,TRUE,0.262202173054401,1.00109210011536,-0.185665481332935,TRUE,1.32671849066721,1.00101633816465,-0.105888989886961,TRUE,0.273714047969112,1.00099055911172
527,"rand=1-1_rate=3_ROB=L_UH_Bias=Rct20_NRE20-35","1-1",3,"L_UH","Rct20_NRE20-35",0.182321556793955,0.182321556793955,0.182321556793955,0.182321556793955,0.182321556793955,0.300104592450338,0.210292496809619,0.210292496809619,-0.0784918693440695,TRUE,0.502946678542505,1.00098606320951,-0.169611012900457,FALSE,0.337904015630681,1.00104457925849,-0.0422300519389549,TRUE,1.10894506145308,1.00099218201507,-0.196409749976254,FALSE,0.382011493833307,1.00099740696974
528,"rand=1-1_rate=3_ROB=L_UH_Bias=Rct20_NRE20-35","1-1",3,"L_UH","Rct20_NRE20-35",0.182321556793955,0.182321556793955,0.182321556793955,0.182321556793955,0.182321556793955,0.300104592450338,0.18720223669358,0.18720223669358,-0.121916649600036,TRUE,0.55212669077417,1.00098907547847,-0.123838381561506,TRUE,0.348572000022251,1.00098956575836,-0.0585822539075243,TRUE,1.01271263621075,1.00100766253952,-0.136739478971317,TRUE,0.40861561846845,1.00103407300523
529,"rand=1-1_rate=3_ROB=L_UH_Bias=Rct20_NRE20-35","1-1",3,"L_UH","Rct20_NRE20-35",0.182321556793955,0.182321556793955,0.182321556793955,0.182321556793955,0.182321556793955,0.300104592450338,0.197025746219532,0.197025746219532,-0.200007969458043,TRUE,0.528241386113896,1.000993684836,-0.225092202295335,FALSE,0.340989583415381,1.0010295614019,-0.422193139611025,TRUE,1.28798396181026,1.00100858248756,-0.195545834554383,FALSE,0.368635107449278,1.00098975315819
530,"rand=1-1_rate=3_ROB=L_UH_Bias=Rct20_NRE20-35","1-1",3,"L_UH","Rct20_NRE20-35",0.182321556793955,0.182321556793955,0.182321556793955,0.182321556793955,0.182321556793955,0.300104592450338,0.18127518276854,0.18127518276854,-0.386248915924834,FALSE,0.66597079030506,1.00103107506786,-0.26083212069481,FALSE,0.407148753339196,1.00099332906905,-0.433607406848098,TRUE,1.27817384159582,1.00126931885036,-0.228140416362087,FALSE,0.458836269735058,1.00099359667572
531,"rand=1-1_rate=3_ROB=L_UH_Bias=Rct20_NRE20-35","1-1",3,"L_UH","Rct20_NRE20-35",0.182321556793955,0.182321556793955,0.182321556793955,0.182321556793955,0.182321556793955,0.300104592450338,0.204423041801392,0.204423041801392,-0.184491468605855,TRUE,0.492279773955911,1.00109646891944,-0.211873329697206,FALSE,0.306698581323581,1.00111825377637,-0.0358477093668494,TRUE,0.752866360755047,1.0014400210218,-0.241227554932776,FALSE,0.364001878941619,1.00099084190531
532,"rand=1-1_rate=3_ROB=L_UH_Bias=Rct20_NRE20-35","1-1",3,"L_UH","Rct20_NRE20-35",0.182321556793955,0.182321556793955,0.182321556793955,0.182321556793955,0.182321556793955,0.300104592450338,0.212889396141596,0.212889396141596,-0.12422078656192,TRUE,0.537783352474239,1.00098810286703,-0.189095878141191,FALSE,0.372366099498426,1.00099528574725,0.0261449115823209,TRUE,0.646749248182897,1.0014929109745,-0.24170643501135,FALSE,0.484410023329913,1.00098728875422
533,"rand=1-1_rate=3_ROB=L_UH_Bias=Rct20_NRE20-35","1-1",3,"L_UH","Rct20_NRE20-35",0.182321556793955,0.182321556793955,0.182321556793955,0.182321556793955,0.182321556793955,0.300104592450338,0.187240201381561,0.187240201381561,-0.121236873003354,TRUE,0.510738566564287,1.00106196747418,-0.0899335384478228,TRUE,0.300470074856855,1.00101496634508,-0.348144420051578,TRUE,0.904399711992955,1.00126993470299,-0.0467473027576548,TRUE,0.331518062165903,1.00099457642877
534,"rand=1-1_rate=3_ROB=L_UH_Bias=Rct20_NRE20-35","1-1",3,"L_UH","Rct20_NRE20-35",0.182321556793955,0.182321556793955,0.182321556793955,0.182321556793955,0.182321556793955,0.300104592450338,0.193139895844688,0.193139895844688,-0.200887015170862,TRUE,0.50914061555261,1.0009888516909,-0.207612832996646,FALSE,0.2824977255279,1.00100727168575,-0.433940245722262,TRUE,1.48031114026311,1.00107467232044,-0.182261099224609,FALSE,0.290273048310019,1.00098878409443
535,"rand=1-1_rate=3_ROB=L_UH_Bias=Rct20_NRE20-35","1-1",3,"L_UH","Rct20_NRE20-35",0.182321556793955,0.182321556793955,0.182321556793955,0.182321556793955,0.182321556793955,0.300104592450338,0.200413395995789,0.200413395995789,-0.202813927055963,TRUE,0.562210788012346,1.00110068698283,-0.292359149732873,FALSE,0.446209839343648,1.00100616269172,-0.275382120643308,TRUE,1.1861768466457,1.00099622251866,-0.294991727598412,FALSE,0.527947046785511,1.00100362039081
536,"rand=1-1_rate=3_ROB=L_UH_Bias=Rct20_NRE20-35","1-1",3,"L_UH","Rct20_NRE20-35",0.182321556793955,0.182321556793955,0.182321556793955,0.182321556793955,0.182321556793955,0.300104592450338,0.182918474476778,0.182918474476778,-0.0690180538780436,TRUE,0.483362363830341,1.00108583712111,-0.128782307383464,TRUE,0.338054632572405,1.00098934763403,-0.0219802331907977,TRUE,0.641439110116041,1.00104824372015,-0.156247693546525,TRUE,0.435626548662685,1.0009982152371
537,"rand=1-1_rate=3_ROB=L_UH_Bias=Rct20_NRE20-35","1-1",3,"L_UH","Rct20_NRE20-35",0.182321556793955,0.182321556793955,0.182321556793955,0.182321556793955,0.182321556793955,0.300104592450338,0.209688580404461,0.209688580404461,-0.16555184828175,TRUE,0.52963752014113,1.00100292960488,-0.231373977431287,FALSE,0.318653225266701,1.00100543570468,-0.113049535985377,TRUE,1.12447373190304,1.00098905723971,-0.254088972062723,FALSE,0.346652078973135,1.00099133061311
538,"rand=1-1_rate=3_ROB=L_UH_Bias=Rct20_NRE20-35","1-1",3,"L_UH","Rct20_NRE20-35",0.182321556793955,0.182321556793955,0.182321556793955,0.182321556793955,0.182321556793955,0.300104592450338,0.194202917084066,0.194202917084066,-0.222118359159403,TRUE,0.673643971788392,1.00099399351109,-0.25360219269632,FALSE,0.514560690573236,1.00099602425467,-0.488363261366677,FALSE,1.12585677554207,1.00098656174918,-0.195111461726649,TRUE,0.621835159694419,1.00098887070934
539,"rand=1-1_rate=3_ROB=L_UH_Bias=Rct20_NRE20-35","1-1",3,"L_UH","Rct20_NRE20-35",0.182321556793955,0.182321556793955,0.182321556793955,0.182321556793955,0.182321556793955,0.300104592450338,0.208440592345635,0.208440592345635,-0.345695566325056,FALSE,0.652162799000534,1.0010513831983,-0.411720051214914,FALSE,0.44646020088339,1.00098623570972,-0.203250667816836,TRUE,0.908005549413798,1.00103327456396,-0.46438016488583,FALSE,0.548817236949622,1.00098656431287
540,"rand=1-1_rate=3_ROB=L_UH_Bias=Rct20_NRE20-35","1-1",3,"L_UH","Rct20_NRE20-35",0.182321556793955,0.182321556793955,0.182321556793955,0.182321556793955,0.182321556793955,0.300104592450338,0.202913897986276,0.202913897986276,-0.12852724687289,TRUE,0.543116838967721,1.00100054449922,-0.123980771461289,TRUE,0.34849505428251,1.00099727297509,-0.194386118534476,TRUE,0.865448814636157,1.00208209271679,-0.108564464465487,TRUE,0.419705103718324,1.00098702285539
541,"rand=1-1_rate=3_ROB=L_UH_Bias=Rct20_NRE20-35","1-1",3,"L_UH","Rct20_NRE20-35",0.182321556793955,0.182321556793955,0.182321556793955,0.182321556793955,0.182321556793955,0.300104592450338,0.198175952353612,0.198175952353612,-0.436076583025739,FALSE,0.729102264083083,1.00098657482116,-0.452686121809196,FALSE,0.507386103571387,1.00099234772714,-0.429945250345695,TRUE,1.17272078418228,1.00131625695268,-0.453453130839888,FALSE,0.61955141060408,1.00098895770876
542,"rand=1-1_rate=3_ROB=L_UH_Bias=Rct20_NRE20-35","1-1",3,"L_UH","Rct20_NRE20-35",0.182321556793955,0.182321556793955,0.182321556793955,0.182321556793955,0.182321556793955,0.300104592450338,0.217124932661773,0.217124932661773,-0.23973995760833,TRUE,0.622943775713819,1.0009864928579,-0.316407692632054,FALSE,0.474105664381272,1.00099820224361,-0.427140233798192,TRUE,1.20284437301569,1.00141402031988,-0.292510558300359,FALSE,0.567116109614887,1.00098599028405
543,"rand=1-1_rate=3_ROB=L_UH_Bias=Rct20_NRE20-35","1-1",3,"L_UH","Rct20_NRE20-35",0.182321556793955,0.182321556793955,0.182321556793955,0.182321556793955,0.182321556793955,0.300104592450338,0.202750868623762,0.202750868623762,-0.357526856689629,FALSE,0.611363720483942,1.00110029416789,-0.386229293016412,FALSE,0.391186315761847,1.00100327935692,-0.132275920087515,TRUE,0.881516907500928,1.00104475806243,-0.438576092310613,FALSE,0.458268285077306,1.00099758714097
544,"rand=1-1_rate=3_ROB=L_UH_Bias=Rct20_NRE20-35","1-1",3,"L_UH","Rct20_NRE20-35",0.182321556793955,0.182321556793955,0.182321556793955,0.182321556793955,0.182321556793955,0.300104592450338,0.190316804264025,0.190316804264025,-0.212153449379338,TRUE,0.595411651344761,1.00104303757588,-0.246732555418276,FALSE,0.398960182270242,1.00105746215944,0.034820562181048,TRUE,0.79435527227917,1.00099948812157,-0.325066572264616,FALSE,0.48098974457297,1.00108711234754
545,"rand=1-1_rate=3_ROB=L_UH_Bias=Rct20_NRE20-35","1-1",3,"L_UH","Rct20_NRE20-35",0.182321556793955,0.182321556793955,0.182321556793955,0.182321556793955,0.182321556793955,0.300104592450338,0.204909110550587,0.204909110550587,-0.332371462390763,FALSE,0.651331413464327,1.00119440188987,-0.228265585166491,FALSE,0.397496172990456,1.00100393933183,-0.627678583891261,FALSE,1.10809319996165,1.00129980899042,-0.155842615032542,TRUE,0.439267418325466,1.00100844864326
546,"rand=1-1_rate=3_ROB=L_UH_Bias=Rct20_NRE20-35","1-1",3,"L_UH","Rct20_NRE20-35",0.182321556793955,0.182321556793955,0.182321556793955,0.182321556793955,0.182321556793955,0.300104592450338,0.192856174028693,0.192856174028693,-0.315243799190151,FALSE,0.601798849658769,1.00115776708711,-0.343903851780693,FALSE,0.43048819598572,1.00101743310987,-0.149602440424107,TRUE,0.934559521593093,1.00131163790873,-0.390906285023331,FALSE,0.534474194599335,1.0010006471717
547,"rand=1-1_rate=3_ROB=L_UH_Bias=Rct20_NRE20-35","1-1",3,"L_UH","Rct20_NRE20-35",0.182321556793955,0.182321556793955,0.182321556793955,0.182321556793955,0.182321556793955,0.300104592450338,0.201992821901462,0.201992821901462,-0.0898780483760835,TRUE,0.53054982153255,1.00111728819337,-0.0833763810408947,TRUE,0.349753295730689,1.00102604129452,-0.104970129661211,TRUE,0.81494668155918,1.00099852400486,-0.076418640096062,TRUE,0.424205247195165,1.00099183290133
548,"rand=1-1_rate=3_ROB=L_UH_Bias=Rct20_NRE20-35","1-1",3,"L_UH","Rct20_NRE20-35",0.182321556793955,0.182321556793955,0.182321556793955,0.182321556793955,0.182321556793955,0.300104592450338,0.214972527168597,0.214972527168597,-0.186745332374896,TRUE,0.629417054809053,1.0009866104617,-0.30668950792131,FALSE,0.444304733357994,1.00108085446376,0.0209546159576288,TRUE,0.73863771756746,1.00100395416953,-0.401865997996346,FALSE,0.552103278985369,1.00100185701337
549,"rand=1-1_rate=3_ROB=L_UH_Bias=Rct20_NRE20-35","1-1",3,"L_UH","Rct20_NRE20-35",0.182321556793955,0.182321556793955,0.182321556793955,0.182321556793955,0.182321556793955,0.300104592450338,0.206960640295094,0.206960640295094,-0.178796307139928,TRUE,0.566968675238543,1.00104740381631,-0.226493143955052,FALSE,0.407918255474166,1.0009920933606,-0.146621370380286,TRUE,0.9576403332222,1.00106867197749,-0.247686199828265,FALSE,0.503309243422635,1.0009860391028
550,"rand=1-1_rate=3_ROB=L_UH_Bias=Rct20_NRE20-35","1-1",3,"L_UH","Rct20_NRE20-35",0.182321556793955,0.182321556793955,0.182321556793955,0.182321556793955,0.182321556793955,0.300104592450338,0.203496034188233,0.203496034188233,-0.23364567096224,TRUE,0.561265722426633,1.00108853096445,-0.288618802170969,FALSE,0.362904801067832,1.00103043658112,-0.353131555915739,TRUE,1.16084599242719,1.00098613648261,-0.278443789322103,FALSE,0.407143693424629,1.00098606322387
551,"rand=1-1_rate=3_ROB=L_UH_Bias=Rct20_NRE20-35","1-1",3,"L_UH","Rct20_NRE20-35",0.182321556793955,0.182321556793955,0.182321556793955,0.182321556793955,0.182321556793955,0.300104592450338,0.201124992285131,0.201124992285131,-0.233789111750329,TRUE,0.692850147757145,1.00101134478543,-0.228894091024449,FALSE,0.436033157339187,1.00098800563821,-0.565467050448293,TRUE,1.82622615551884,1.00101290861625,-0.156305589353868,TRUE,0.428088049058305,1.00098605789824
552,"rand=1-1_rate=3_ROB=L_UH_Bias=Rct20_NRE20-35","1-1",3,"L_UH","Rct20_NRE20-35",0.182321556793955,0.182321556793955,0.182321556793955,0.182321556793955,0.182321556793955,0.300104592450338,0.210139355940552,0.210139355940552,-0.0968191955401652,TRUE,0.483025375505681,1.00110865923565,-0.158481603158105,FALSE,0.307796421329275,1.0010060505368,-0.163333889938124,TRUE,0.873021608936678,1.00099642788319,-0.158911304878945,TRUE,0.361613143933926,1.00098869592718
553,"rand=1-1_rate=3_ROB=L_UH_Bias=Rct20_NRE20-35","1-1",3,"L_UH","Rct20_NRE20-35",0.182321556793955,0.182321556793955,0.182321556793955,0.182321556793955,0.182321556793955,0.300104592450338,0.183621804545303,0.183621804545303,-0.313282872240515,FALSE,0.616037007408884,1.00099596874224,-0.312551845283873,FALSE,0.362894501226346,1.00099691484298,-0.486699964452409,TRUE,1.66614390338354,1.00104446606417,-0.287901095925875,FALSE,0.380258731826889,1.00106168090398
554,"rand=1-1_rate=3_ROB=L_UH_Bias=Rct20_NRE20-35","1-1",3,"L_UH","Rct20_NRE20-35",0.182321556793955,0.182321556793955,0.182321556793955,0.182321556793955,0.182321556793955,0.300104592450338,0.228457569482761,0.228457569482761,-0.262382993525621,TRUE,0.626381236305616,1.00098627949555,-0.267537908655718,FALSE,0.452205813264962,1.00099519688142,-0.267827856461206,TRUE,0.919200927141934,1.00126845489359,-0.268731678936309,FALSE,0.566259356533594,1.00098768975714
555,"rand=1-1_rate=3_ROB=L_UH_Bias=Rct20_NRE20-35","1-1",3,"L_UH","Rct20_NRE20-35",0.182321556793955,0.182321556793955,0.182321556793955,0.182321556793955,0.182321556793955,0.300104592450338,0.190007314419894,0.190007314419894,-0.23971194901673,TRUE,0.620310496234184,1.00100143696762,-0.17765391874619,TRUE,0.414716668713676,1.001107752456,-0.261295093778334,TRUE,1.1142335584318,1.00098667163331,-0.157107903162476,TRUE,0.488435719343004,1.0011005022558
556,"rand=1-1_rate=3_ROB=L_UH_Bias=Rct20_NRE20-35","1-1",3,"L_UH","Rct20_NRE20-35",0.182321556793955,0.182321556793955,0.182321556793955,0.182321556793955,0.182321556793955,0.300104592450338,0.217313442856042,0.217313442856042,-0.338338906208737,FALSE,0.664493058959974,1.00098852207957,-0.384744691300069,FALSE,0.439957236257196,1.00098991667961,-0.239785576146861,TRUE,1.12357157985944,1.00104220175823,-0.418252704440685,FALSE,0.522422572923579,1.00109076627227
557,"rand=1-1_rate=3_ROB=L_UH_Bias=Rct20_NRE20-35","1-1",3,"L_UH","Rct20_NRE20-35",0.182321556793955,0.182321556793955,0.182321556793955,0.182321556793955,0.182321556793955,0.300104592450338,0.210270698894648,0.210270698894648,-0.382527789233708,FALSE,0.669410436390725,1.00100785380631,-0.424851385879903,FALSE,0.398964986532341,1.00099060303217,-0.111490759944006,TRUE,1.38213818013648,1.00099882792493,-0.492002146068917,FALSE,0.405097372945877,1.00099109297337
558,"rand=1-1_rate=3_ROB=L_UH_Bias=Rct20_NRE20-35","1-1",3,"L_UH","Rct20_NRE20-35",0.182321556793955,0.182321556793955,0.182321556793955,0.182321556793955,0.182321556793955,0.300104592450338,0.192536677698665,0.192536677698665,-0.27314782819959,FALSE,0.579648067812075,1.00099371084569,-0.297752932469743,FALSE,0.355445558719679,1.0009949656083,-0.233524948507642,TRUE,0.951539525455561,1.00100468467913,-0.311088054015054,FALSE,0.418521281884884,1.0009873131131
559,"rand=1-1_rate=3_ROB=L_UH_Bias=Rct20_NRE20-35","1-1",3,"L_UH","Rct20_NRE20-35",0.182321556793955,0.182321556793955,0.182321556793955,0.182321556793955,0.182321556793955,0.300104592450338,0.201237672690078,0.201237672690078,-0.422645473822492,FALSE,0.651869094070268,1.00122957609322,-0.455854742231884,FALSE,0.410967947236551,1.00100074065057,-0.292441078334101,TRUE,0.858642894658425,1.00104884098003,-0.489169228378223,FALSE,0.508184098835079,1.00099914564057
560,"rand=1-1_rate=3_ROB=L_UH_Bias=Rct20_NRE20-35","1-1",3,"L_UH","Rct20_NRE20-35",0.182321556793955,0.182321556793955,0.182321556793955,0.182321556793955,0.182321556793955,0.300104592450338,0.206501585857705,0.206501585857705,-0.0971276088885755,TRUE,0.53673632979815,1.00102515548846,-0.133736939648735,TRUE,0.356572696166245,1.00098979220759,-0.424911566651547,TRUE,1.15981879413034,1.00146595215646,-0.0814468701171096,TRUE,0.383224088276034,1.00100722472403
561,"rand=1-1_rate=3_ROB=L_UH_Bias=Rct20_NRE20-35","1-1",3,"L_UH","Rct20_NRE20-35",0.182321556793955,0.182321556793955,0.182321556793955,0.182321556793955,0.182321556793955,0.300104592450338,0.199207849083435,0.199207849083435,-0.18690835966265,TRUE,0.57702598978176,1.00099642344401,-0.308123019069037,FALSE,0.419792642457282,1.00103269075106,0.0516052742913172,TRUE,0.764873434956737,1.00102474985589,-0.396343635044983,FALSE,0.504413266839846,1.00100877211897
562,"rand=1-1_rate=3_ROB=L_UH_Bias=Rct20_NRE20-35","1-1",3,"L_UH","Rct20_NRE20-35",0.182321556793955,0.182321556793955,0.182321556793955,0.182321556793955,0.182321556793955,0.300104592450338,0.198729942188655,0.198729942188655,-0.31810287259311,FALSE,0.626632642467847,1.00113094355837,-0.328374663058642,FALSE,0.457118679226376,1.00098905664881,-0.407571847593694,TRUE,1.19847892267403,1.00101854520006,-0.31610764092973,FALSE,0.545971041721003,1.00099196372136
563,"rand=1-1_rate=3_ROB=L_UH_Bias=Rct20_NRE20-35","1-1",3,"L_UH","Rct20_NRE20-35",0.182321556793955,0.182321556793955,0.182321556793955,0.182321556793955,0.182321556793955,0.300104592450338,0.204948116703424,0.204948116703424,-0.17719602440473,TRUE,0.586553169405973,1.0011192856471,-0.276046876024594,FALSE,0.432292638731837,1.00099662997334,-0.218366175505327,TRUE,1.1244150766817,1.0010898341449,-0.287107795205235,FALSE,0.513652806594974,1.00098603448734
564,"rand=1-1_rate=3_ROB=L_UH_Bias=Rct20_NRE20-35","1-1",3,"L_UH","Rct20_NRE20-35",0.182321556793955,0.182321556793955,0.182321556793955,0.182321556793955,0.182321556793955,0.300104592450338,0.215368390330537,0.215368390330537,-0.235923055253786,TRUE,0.58851697948274,1.00109095039642,-0.261316082366216,FALSE,0.377537185074873,1.00101817513067,-0.0776591450326767,TRUE,0.818304336173344,1.00117442410189,-0.299184834980883,FALSE,0.456831032377869,1.00100530938607
565,"rand=1-1_rate=3_ROB=L_UH_Bias=Rct20_NRE20-35","1-1",3,"L_UH","Rct20_NRE20-35",0.182321556793955,0.182321556793955,0.182321556793955,0.182321556793955,0.182321556793955,0.300104592450338,0.19565196578406,0.19565196578406,-0.223844166314997,TRUE,0.583038658273595,1.00116968870669,-0.223005580272004,FALSE,0.355831621344229,1.00104243475666,-0.0958528322344598,TRUE,0.8949051571668,1.00104762434369,-0.249061546819857,FALSE,0.417597128480681,1.00100453770675
566,"rand=1-1_rate=3_ROB=L_UH_Bias=Rct20_NRE20-35","1-1",3,"L_UH","Rct20_NRE20-35",0.182321556793955,0.182321556793955,0.182321556793955,0.182321556793955,0.182321556793955,0.300104592450338,0.204212211354475,0.204212211354475,-0.28461990335121,FALSE,0.581264614389046,1.00099007276464,-0.315016510847067,FALSE,0.389170308887818,1.00099117556335,-0.236671638487223,TRUE,0.919056541983525,1.00100945102766,-0.332527509228419,FALSE,0.473898732457455,1.00099085264223
567,"rand=1-1_rate=3_ROB=L_UH_Bias=Rct20_NRE20-35","1-1",3,"L_UH","Rct20_NRE20-35",0.182321556793955,0.182321556793955,0.182321556793955,0.182321556793955,0.182321556793955,0.300104592450338,0.216376013385276,0.216376013385276,-0.0813917603679368,TRUE,0.532009501592387,1.00107742871627,-0.140614462462785,TRUE,0.40249768013881,1.00104474561576,-0.0107640217140192,TRUE,0.81569463405024,1.00098643599328,-0.179095205226565,TRUE,0.507149667146185,1.00098615526308
568,"rand=1-1_rate=3_ROB=L_UH_Bias=Rct20_NRE20-35","1-1",3,"L_UH","Rct20_NRE20-35",0.182321556793955,0.182321556793955,0.182321556793955,0.182321556793955,0.182321556793955,0.300104592450338,0.206825302511326,0.206825302511326,-0.206018883828237,TRUE,0.583210152625148,1.0010408037847,-0.234383408942199,FALSE,0.40136367439343,1.00101015378882,-0.301098822140826,TRUE,0.898065628689457,1.00099119554949,-0.221021781794605,TRUE,0.496015769685806,1.00100065081339
569,"rand=1-1_rate=3_ROB=L_UH_Bias=Rct20_NRE20-35","1-1",3,"L_UH","Rct20_NRE20-35",0.182321556793955,0.182321556793955,0.182321556793955,0.182321556793955,0.182321556793955,0.300104592450338,0.205155881733718,0.205155881733718,-0.393483503391652,FALSE,0.645697193296105,1.00102042713446,-0.363741500581649,FALSE,0.380534274835118,1.00100134176318,-0.409039714004385,TRUE,1.46382922317125,1.00100981089796,-0.354160635868925,FALSE,0.409808033907179,1.0009864827555
570,"rand=1-1_rate=3_ROB=L_UH_Bias=Rct20_NRE20-35","1-1",3,"L_UH","Rct20_NRE20-35",0.182321556793955,0.182321556793955,0.182321556793955,0.182321556793955,0.182321556793955,0.300104592450338,0.214104469398176,0.214104469398176,-0.233992566731207,TRUE,0.539884338188463,1.00113065837325,-0.268099667571306,FALSE,0.31094780988701,1.00098601371724,-0.184051474203145,TRUE,0.871284651263198,1.00112640779999,-0.279952816350984,FALSE,0.359810713421107,1.00102251103624
571,"rand=1-1_rate=3_ROB=L_UH_Bias=Rct20_NRE20-35","1-1",3,"L_UH","Rct20_NRE20-35",0.182321556793955,0.182321556793955,0.182321556793955,0.182321556793955,0.182321556793955,0.300104592450338,0.210325098547739,0.210325098547739,-0.183321208986187,TRUE,0.640389813201115,1.00113779632773,-0.249225112060122,FALSE,0.517438457185661,1.00099912480668,-0.0465352663652039,TRUE,0.806234129504612,1.00100145079183,-0.31337551396178,FALSE,0.698833196937674,1.00101272551312
572,"rand=1-1_rate=3_ROB=L_UH_Bias=Rct20_NRE20-35","1-1",3,"L_UH","Rct20_NRE20-35",0.182321556793955,0.182321556793955,0.182321556793955,0.182321556793955,0.182321556793955,0.300104592450338,0.201304439089913,0.201304439089913,0.0159735205095805,TRUE,0.364970188729996,1.00098619748408,-0.0328763747756826,TRUE,0.17082449383123,1.00099154274818,0.0834855541464227,TRUE,0.601160525397303,1.0010141094775,-0.0429431607112298,TRUE,0.190868508878052,1.00098769643253
573,"rand=1-1_rate=3_ROB=L_UH_Bias=Rct20_NRE20-35","1-1",3,"L_UH","Rct20_NRE20-35",0.182321556793955,0.182321556793955,0.182321556793955,0.182321556793955,0.182321556793955,0.300104592450338,0.208916745732358,0.208916745732358,-0.351468913220331,FALSE,0.608775601243406,1.00099320470643,-0.461449611156729,FALSE,0.368882694991478,1.00099625008109,-0.0856431019537713,TRUE,0.868417444169517,1.00099208460413,-0.523246201964305,FALSE,0.413973887167878,1.00100815469264
574,"rand=1-1_rate=3_ROB=L_UH_Bias=Rct20_NRE20-35","1-1",3,"L_UH","Rct20_NRE20-35",0.182321556793955,0.182321556793955,0.182321556793955,0.182321556793955,0.182321556793955,0.300104592450338,0.207339447477861,0.207339447477861,-0.258480262584324,TRUE,0.605369664268053,1.00112427241467,-0.266045995380008,FALSE,0.408054938159088,1.00103858878143,-0.243147675627698,TRUE,0.872038587073649,1.00140265179809,-0.268761702246056,FALSE,0.50778635029148,1.0009900527295
575,"rand=1-1_rate=3_ROB=L_UH_Bias=Rct20_NRE20-35","1-1",3,"L_UH","Rct20_NRE20-35",0.182321556793955,0.182321556793955,0.182321556793955,0.182321556793955,0.182321556793955,0.300104592450338,0.218689508764699,0.218689508764699,-0.137961869698614,TRUE,0.477717366958017,1.00112421986228,-0.202416784215607,FALSE,0.301295617381959,1.00099767643231,-0.264447071165663,TRUE,1.03168889431442,1.00109904071159,-0.191868824245283,FALSE,0.340620732123027,1.00100393161111
576,"rand=1-1_rate=3_ROB=L_UH_Bias=Rct20_NRE20-35","1-1",3,"L_UH","Rct20_NRE20-35",0.182321556793955,0.182321556793955,0.182321556793955,0.182321556793955,0.182321556793955,0.300104592450338,0.208719411396435,0.208719411396435,-0.226821968322167,TRUE,0.555944685846674,1.0010271696339,-0.314357200932062,FALSE,0.424487639318428,1.00099927524673,-0.0262784546339385,TRUE,0.877546746263545,1.00098928242755,-0.384982030613857,FALSE,0.510485651523079,1.00098770776084
577,"rand=1-1_rate=3_ROB=L_UH_Bias=Rct20_NRE20-35","1-1",3,"L_UH","Rct20_NRE20-35",0.182321556793955,0.182321556793955,0.182321556793955,0.182321556793955,0.182321556793955,0.300104592450338,0.200878631914302,0.200878631914302,-0.248175652828124,TRUE,0.582595972526296,1.00098683313351,-0.352609031747092,FALSE,0.410834725601597,1.00098751097528,-0.264190572227593,TRUE,0.923417626497351,1.00129479295188,-0.368601959357627,FALSE,0.501144212976024,1.0010711375568
578,"rand=1-1_rate=3_ROB=L_UH_Bias=Rct20_NRE20-35","1-1",3,"L_UH","Rct20_NRE20-35",0.182321556793955,0.182321556793955,0.182321556793955,0.182321556793955,0.182321556793955,0.300104592450338,0.178379790843722,0.178379790843722,-0.267048814470821,FALSE,0.533806809015875,1.00099670028757,-0.245854412055738,FALSE,0.272316295208763,1.0009886775688,-0.571974382969009,FALSE,1.07899144687978,1.00099744941638,-0.210360986972141,FALSE,0.286181592459449,1.00098599229762
579,"rand=1-1_rate=3_ROB=L_UH_Bias=Rct20_NRE20-35","1-1",3,"L_UH","Rct20_NRE20-35",0.182321556793955,0.182321556793955,0.182321556793955,0.182321556793955,0.182321556793955,0.300104592450338,0.199490010147735,0.199490010147735,-0.21918621988146,TRUE,0.562237249768126,1.00102927160644,-0.18150074761909,FALSE,0.323682338767926,1.00099276122546,-0.181464701977132,TRUE,0.8497989892662,1.00098620244918,-0.182287934046437,FALSE,0.385351519613111,1.00098721204393
580,"rand=1-1_rate=3_ROB=L_UH_Bias=Rct20_NRE20-35","1-1",3,"L_UH","Rct20_NRE20-35",0.182321556793955,0.182321556793955,0.182321556793955,0.182321556793955,0.182321556793955,0.300104592450338,0.211124649444111,0.211124649444111,-0.155654359412245,TRUE,0.542740209093476,1.00107691910529,-0.1641348235499,FALSE,0.347719792051166,1.00098623839664,-0.229605189879234,TRUE,0.876008931952782,1.00102337031933,-0.152877643713174,TRUE,0.424935464162594,1.00108656014332
581,"rand=1-1_rate=3_ROB=L_UH_Bias=Rct20_NRE20-35","1-1",3,"L_UH","Rct20_NRE20-35",0.182321556793955,0.182321556793955,0.182321556793955,0.182321556793955,0.182321556793955,0.300104592450338,0.201696139126785,0.201696139126785,-0.283743698333718,FALSE,0.629715639861346,1.00104053031609,-0.274533016997435,FALSE,0.395183195550661,1.00103601037349,-0.190586112906513,TRUE,1.00498404185558,1.00101024397472,-0.290812132185859,FALSE,0.467844268757953,1.00107398278448
582,"rand=1-1_rate=3_ROB=L_UH_Bias=Rct20_NRE20-35","1-1",3,"L_UH","Rct20_NRE20-35",0.182321556793955,0.182321556793955,0.182321556793955,0.182321556793955,0.182321556793955,0.300104592450338,0.201097396586004,0.201097396586004,-0.33578602184575,FALSE,0.547902121601174,1.00099095763355,-0.336257393622179,FALSE,0.275754517333358,1.00099145724315,-0.485515452283362,TRUE,1.45460447897084,1.00098947833763,-0.321391680439254,FALSE,0.282525092722561,1.00099698869037
583,"rand=1-1_rate=3_ROB=L_UH_Bias=Rct20_NRE20-35","1-1",3,"L_UH","Rct20_NRE20-35",0.182321556793955,0.182321556793955,0.182321556793955,0.182321556793955,0.182321556793955,0.300104592450338,0.213762595964158,0.213762595964158,-0.28319104451921,FALSE,0.630564200620892,1.00109705280342,-0.236316827161327,FALSE,0.404661637722268,1.00105766659275,-0.151433739701844,TRUE,0.862217535468988,1.00134123624687,-0.254807354668363,FALSE,0.49618966535886,1.0009860066317
584,"rand=1-1_rate=3_ROB=L_UH_Bias=Rct20_NRE20-35","1-1",3,"L_UH","Rct20_NRE20-35",0.182321556793955,0.182321556793955,0.182321556793955,0.182321556793955,0.182321556793955,0.300104592450338,0.202616774123806,0.202616774123806,-0.25177153966957,FALSE,0.57302595657687,1.00101078092952,-0.243902880693182,FALSE,0.339449168919588,1.00098610423169,-0.150262542321852,TRUE,0.90244651702718,1.00102012154961,-0.260911846295652,FALSE,0.403407279354628,1.00099794346379
585,"rand=1-1_rate=3_ROB=L_UH_Bias=Rct20_NRE20-35","1-1",3,"L_UH","Rct20_NRE20-35",0.182321556793955,0.182321556793955,0.182321556793955,0.182321556793955,0.182321556793955,0.300104592450338,0.206989121884747,0.206989121884747,-0.150751111681165,TRUE,0.543037629125114,1.00110723547318,-0.2085444005002,FALSE,0.384174994230924,1.00101676483608,-0.396103712490213,FALSE,0.937345454630893,1.00099400524115,-0.169245857125562,TRUE,0.45706459421394,1.00099498231095
586,"rand=1-1_rate=3_ROB=L_UH_Bias=Rct20_NRE20-35","1-1",3,"L_UH","Rct20_NRE20-35",0.182321556793955,0.182321556793955,0.182321556793955,0.182321556793955,0.182321556793955,0.300104592450338,0.204458051932152,0.204458051932152,-0.149012082493213,TRUE,0.556789403174207,1.0009938595822,-0.171024922302408,FALSE,0.364322645253346,1.00103254199684,-0.131287612122958,TRUE,0.823709248035034,1.00106253577131,-0.179682455777295,TRUE,0.447663331940107,1.00100950943122
587,"rand=1-1_rate=3_ROB=L_UH_Bias=Rct20_NRE20-35","1-1",3,"L_UH","Rct20_NRE20-35",0.182321556793955,0.182321556793955,0.182321556793955,0.182321556793955,0.182321556793955,0.300104592450338,0.207739803764385,0.207739803764385,-0.221522598890473,TRUE,0.571211805795099,1.00105780507025,-0.251243659086779,FALSE,0.373690432511776,1.00098624170748,-0.192518856492919,TRUE,0.863324938949912,1.00102132253755,-0.264825133561101,FALSE,0.455854704995026,1.00099636845509
588,"rand=1-1_rate=3_ROB=L_UH_Bias=Rct20_NRE20-35","1-1",3,"L_UH","Rct20_NRE20-35",0.182321556793955,0.182321556793955,0.182321556793955,0.182321556793955,0.182321556793955,0.300104592450338,0.193727757029227,0.193727757029227,-0.154446866904302,TRUE,0.496001662463348,1.00101056997226,-0.146575134975425,TRUE,0.371443371750239,1.00100750997121,-0.490534139880884,FALSE,1.06120094762738,1.00099719038978,-0.0776898906763253,TRUE,0.401126795339979,1.0009875874434
589,"rand=1-1_rate=3_ROB=L_UH_Bias=Rct20_NRE20-35","1-1",3,"L_UH","Rct20_NRE20-35",0.182321556793955,0.182321556793955,0.182321556793955,0.182321556793955,0.182321556793955,0.300104592450338,0.197628650146556,0.197628650146556,-0.283262576198461,FALSE,0.571101683101189,1.00113823886941,-0.164149949532562,FALSE,0.34608511542594,1.00099034743456,-0.167269761518784,TRUE,0.890369700086772,1.00122101597693,-0.163798362219329,TRUE,0.411172414414247,1.00099942631303
590,"rand=1-1_rate=3_ROB=L_UH_Bias=Rct20_NRE20-35","1-1",3,"L_UH","Rct20_NRE20-35",0.182321556793955,0.182321556793955,0.182321556793955,0.182321556793955,0.182321556793955,0.300104592450338,0.191188042722716,0.191188042722716,-0.255870858926699,FALSE,0.56884879951675,1.00105869609198,-0.196710594791721,FALSE,0.334163662021297,1.00099861379327,-0.26044266329668,TRUE,0.926200818793032,1.00105559999846,-0.184454838318414,FALSE,0.388813448571888,1.00100685066581
591,"rand=1-1_rate=3_ROB=L_UH_Bias=Rct20_NRE20-35","1-1",3,"L_UH","Rct20_NRE20-35",0.182321556793955,0.182321556793955,0.182321556793955,0.182321556793955,0.182321556793955,0.300104592450338,0.189020177600219,0.189020177600219,-0.274859024314018,TRUE,0.633094344859071,1.00119619119399,-0.25431988428645,FALSE,0.415636284102819,1.00098895771785,-0.319807835444443,TRUE,1.11033421694391,1.00099689682944,-0.23969542002865,FALSE,0.48723072259836,1.00099679256315
592,"rand=1-1_rate=3_ROB=L_UH_Bias=Rct20_NRE20-35","1-1",3,"L_UH","Rct20_NRE20-35",0.182321556793955,0.182321556793955,0.182321556793955,0.182321556793955,0.182321556793955,0.300104592450338,0.207013418311929,0.207013418311929,-0.1795575741963,TRUE,0.572231794931758,1.0012288717803,-0.175631476719054,TRUE,0.409285012991435,1.00098875897242,-0.234732677561556,TRUE,0.750029307900697,1.00111740922759,-0.16060621031912,TRUE,0.537789048415357,1.00099655447339
593,"rand=1-1_rate=3_ROB=L_UH_Bias=Rct20_NRE20-35","1-1",3,"L_UH","Rct20_NRE20-35",0.182321556793955,0.182321556793955,0.182321556793955,0.182321556793955,0.182321556793955,0.300104592450338,0.205545081347267,0.205545081347267,-0.34182970407202,FALSE,0.611249293612804,1.00102831333049,-0.273086480911243,FALSE,0.375699171538573,1.00103083803226,-0.223005442136683,TRUE,0.827567933612969,1.0010550018368,-0.279373307456468,FALSE,0.465684267002137,1.00102464200546
594,"rand=1-1_rate=3_ROB=L_UH_Bias=Rct20_NRE20-35","1-1",3,"L_UH","Rct20_NRE20-35",0.182321556793955,0.182321556793955,0.182321556793955,0.182321556793955,0.182321556793955,0.300104592450338,0.206590284977885,0.206590284977885,-0.242389746091393,TRUE,0.554754164759931,1.0009865548531,-0.228647607341911,FALSE,0.341379373814235,1.00098613062195,-0.139322920115275,TRUE,0.797230319064157,1.00103761302903,-0.247273498830256,FALSE,0.41088896959246,1.00098767310207
595,"rand=1-1_rate=3_ROB=L_UH_Bias=Rct20_NRE20-35","1-1",3,"L_UH","Rct20_NRE20-35",0.182321556793955,0.182321556793955,0.182321556793955,0.182321556793955,0.182321556793955,0.300104592450338,0.200209902090259,0.200209902090259,-0.0582033371589104,TRUE,0.476121777876068,1.00102981876596,-0.129232198951527,TRUE,0.31464090468968,1.00099967064183,0.0639803131183703,TRUE,0.602451637286528,1.00108777692098,-0.174410130707738,TRUE,0.39089648373627,1.00101244796381
596,"rand=1-1_rate=3_ROB=L_UH_Bias=Rct20_NRE20-35","1-1",3,"L_UH","Rct20_NRE20-35",0.182321556793955,0.182321556793955,0.182321556793955,0.182321556793955,0.182321556793955,0.300104592450338,0.196853178901806,0.196853178901806,-0.0709541833249803,TRUE,0.483563140307695,1.00112485222899,-0.152158486849661,TRUE,0.347091541686552,1.00098805475754,-0.251583701866984,TRUE,0.996491080773706,1.00100226296802,-0.132527993466309,TRUE,0.400603400092372,1.00099500199688
597,"rand=1-1_rate=3_ROB=L_UH_Bias=Rct20_NRE20-35","1-1",3,"L_UH","Rct20_NRE20-35",0.182321556793955,0.182321556793955,0.182321556793955,0.182321556793955,0.182321556793955,0.300104592450338,0.189502019767358,0.189502019767358,-0.256503955533763,FALSE,0.577641179192772,1.00106150960544,-0.286292806368129,FALSE,0.402491039293397,1.00100467903822,-0.00876369088428919,TRUE,0.861370965537122,1.00100678637488,-0.359199896516927,FALSE,0.477400992076825,1.00098935779188
598,"rand=1-1_rate=3_ROB=L_UH_Bias=Rct20_NRE20-35","1-1",3,"L_UH","Rct20_NRE20-35",0.182321556793955,0.182321556793955,0.182321556793955,0.182321556793955,0.182321556793955,0.300104592450338,0.201360836122094,0.201360836122094,-0.100751716924382,TRUE,0.513027360530443,1.00104221563165,-0.128038834567337,TRUE,0.313248782178759,1.00098674066156,-0.23687705961135,TRUE,1.23338658919107,1.00106691201039,-0.109579792861146,TRUE,0.339125767725798,1.00103236880677
599,"rand=1-1_rate=3_ROB=L_UH_Bias=Rct20_NRE20-35","1-1",3,"L_UH","Rct20_NRE20-35",0.182321556793955,0.182321556793955,0.182321556793955,0.182321556793955,0.182321556793955,0.300104592450338,0.204829826004319,0.204829826004319,-0.226238835497034,TRUE,0.665276912691375,1.00110761982045,-0.171573292372706,TRUE,0.420409107364281,1.00098620435552,-0.591513809166494,FALSE,1.02726115497833,1.00111060788425,-0.0850116914633701,TRUE,0.471812839944195,1.00100091102413
600,"rand=1-1_rate=3_ROB=L_UH_Bias=Rct20_NRE20-35","1-1",3,"L_UH","Rct20_NRE20-35",0.182321556793955,0.182321556793955,0.182321556793955,0.182321556793955,0.182321556793955,0.300104592450338,0.195617727028353,0.195617727028353,-0.105456365642097,TRUE,0.550174198617389,1.00106260499532,-0.121153268499592,TRUE,0.368183499056943,1.00098599387207,-0.430286316787494,TRUE,1.49256518935554,1.00101110980734,-0.0606143548291485,TRUE,0.372622222721383,1.00112089710786
601,"rand=1-1_rate=3_ROB=L_UH_Bias=Rct20_NRE20-35","1-1",3,"L_UH","Rct20_NRE20-35",0.182321556793955,0.182321556793955,0.182321556793955,0.182321556793955,0.182321556793955,0.300104592450338,0.198218237575823,0.198218237575823,-0.403021145876026,FALSE,0.764599604665894,1.00098860263163,-0.376298806765145,FALSE,0.533602024389559,1.00105018758003,-0.217817114345647,TRUE,0.991676327803203,1.00100725691782,-0.420971114588507,FALSE,0.680507200648473,1.00101862296605
602,"rand=1-1_rate=3_ROB=L_UH_Bias=Rct20_NRE20-35","1-1",3,"L_UH","Rct20_NRE20-35",0.182321556793955,0.182321556793955,0.182321556793955,0.182321556793955,0.182321556793955,0.300104592450338,0.2029049441246,0.2029049441246,0.0269181357105077,TRUE,0.475762522111413,1.00108588687088,-0.035386621955755,TRUE,0.358662675744672,1.00098660636533,-0.149128326963843,TRUE,0.962381600169541,1.00133112405434,-0.0109992850325069,TRUE,0.415201313022503,1.00101962796432
603,"rand=1-1_rate=3_ROB=L_UH_Bias=Rct20_NRE20-35","1-1",3,"L_UH","Rct20_NRE20-35",0.182321556793955,0.182321556793955,0.182321556793955,0.182321556793955,0.182321556793955,0.300104592450338,0.187581441831624,0.187581441831624,-0.128005459923735,TRUE,0.47427284095816,1.00098751418143,-0.249165819188172,FALSE,0.367226561999911,1.0010038538346,0.00310185929050533,TRUE,0.826668043883826,1.00102604931232,-0.300272191567432,FALSE,0.434550031844609,1.00099471246339
604,"rand=1-1_rate=3_ROB=L_UH_Bias=Rct20_NRE20-35","1-1",3,"L_UH","Rct20_NRE20-35",0.182321556793955,0.182321556793955,0.182321556793955,0.182321556793955,0.182321556793955,0.300104592450338,0.201343370110608,0.201343370110608,-0.235857751923078,TRUE,0.551906470078293,1.00117029438649,-0.180108451908408,FALSE,0.310517909734826,1.00100026280578,-0.244561738333968,TRUE,0.903961242402262,1.00118761842911,-0.171854131011806,FALSE,0.360276875784531,1.00103989886231
605,"rand=1-1_rate=3_ROB=L_UH_Bias=Rct20_NRE20-35","1-1",3,"L_UH","Rct20_NRE20-35",0.182321556793955,0.182321556793955,0.182321556793955,0.182321556793955,0.182321556793955,0.300104592450338,0.209625426202673,0.209625426202673,-0.357893857498248,FALSE,0.630206769223137,1.00120810140044,-0.296421901990117,FALSE,0.392701120380678,1.00098801650307,-0.259409951850668,TRUE,0.874816617982127,1.0014079807898,-0.303101679305591,FALSE,0.484594720050846,1.00100849561302
606,"rand=1-1_rate=3_ROB=L_UH_Bias=Rct20_NRE20-35","1-1",3,"L_UH","Rct20_NRE20-35",0.182321556793955,0.182321556793955,0.182321556793955,0.182321556793955,0.182321556793955,0.300104592450338,0.190776576604546,0.190776576604546,-0.0747891805444911,TRUE,0.524215039076289,1.00121259355417,-0.120028073555134,TRUE,0.351908374007577,1.00107902672292,-0.0986767462337046,TRUE,0.855956314942509,1.00119627203163,-0.123546788630793,TRUE,0.41999545726029,1.00099368971349
607,"rand=1-1_rate=3_ROB=L_UH_Bias=Rct20_NRE20-35","1-1",3,"L_UH","Rct20_NRE20-35",0.182321556793955,0.182321556793955,0.182321556793955,0.182321556793955,0.182321556793955,0.300104592450338,0.204189279297143,0.204189279297143,-0.238974017349983,TRUE,0.566570071589352,1.00101295721288,-0.251857937913665,FALSE,0.338983924139841,1.0009864204398,-0.194711605516395,TRUE,0.911529939354439,1.00103422062456,-0.260671131601074,FALSE,0.3978338659631,1.00098654405115
608,"rand=1-1_rate=3_ROB=L_UH_Bias=Rct20_NRE20-35","1-1",3,"L_UH","Rct20_NRE20-35",0.182321556793955,0.182321556793955,0.182321556793955,0.182321556793955,0.182321556793955,0.300104592450338,0.20832601266316,0.20832601266316,-0.115665977709665,TRUE,0.63582696359882,1.00099021991885,-0.149717139956458,TRUE,0.475516354093515,1.00105041619727,-0.255357987793613,TRUE,1.1896816967311,1.00100191501751,-0.123452077258731,TRUE,0.576682782143289,1.00102688555885
609,"rand=1-1_rate=3_ROB=L_UH_Bias=Rct20_NRE20-35","1-1",3,"L_UH","Rct20_NRE20-35",0.182321556793955,0.182321556793955,0.182321556793955,0.182321556793955,0.182321556793955,0.300104592450338,0.186595200552212,0.186595200552212,-0.260902835734693,TRUE,0.622028067938795,1.00099089397198,-0.300126945245783,FALSE,0.405841591150317,1.0009921521917,-0.0223409768392213,TRUE,0.792432435383809,1.0010330437421,-0.36589961151376,FALSE,0.490123725838664,1.00106171920669
610,"rand=1-1_rate=3_ROB=L_UH_Bias=Rct20_NRE20-35","1-1",3,"L_UH","Rct20_NRE20-35",0.182321556793955,0.182321556793955,0.182321556793955,0.182321556793955,0.182321556793955,0.300104592450338,0.223546607761837,0.223546607761837,-0.261914580829897,TRUE,0.635051743743179,1.00108129787903,-0.283012675448084,FALSE,0.449309145281168,1.00104253972658,-0.309582599030213,TRUE,0.923910088216901,1.00108020485974,-0.281124859374479,FALSE,0.569011185232465,1.00099509090065
611,"rand=1-1_rate=3_ROB=L_UH_Bias=Rct20_NRE20-35","1-1",3,"L_UH","Rct20_NRE20-35",0.182321556793955,0.182321556793955,0.182321556793955,0.182321556793955,0.182321556793955,0.300104592450338,0.201120971683534,0.201120971683534,-0.0374460994771648,TRUE,0.557594398625326,1.00114731072964,-0.214300711793583,TRUE,0.49908862536885,1.00098830711867,0.162107582492446,TRUE,0.603857016280635,1.00104509685854,-0.345960111349646,FALSE,0.666035174114611,1.00099847551553
612,"rand=1-1_rate=3_ROB=L_UH_Bias=Rct20_NRE20-35","1-1",3,"L_UH","Rct20_NRE20-35",0.182321556793955,0.182321556793955,0.182321556793955,0.182321556793955,0.182321556793955,0.300104592450338,0.19347929340147,0.19347929340147,-0.238703352165446,TRUE,0.5517191421188,1.000987070139,-0.199331708082559,FALSE,0.34951498809132,1.00109530990239,-0.106748691329395,TRUE,0.909205313348725,1.00106451018191,-0.219047522019925,FALSE,0.418309365673678,1.00098729722771
613,"rand=1-1_rate=3_ROB=L_UH_Bias=Rct20_NRE20-35","1-1",3,"L_UH","Rct20_NRE20-35",0.182321556793955,0.182321556793955,0.182321556793955,0.182321556793955,0.182321556793955,0.300104592450338,0.213085147058305,0.213085147058305,-0.170254869565483,TRUE,0.508593613472998,1.00123266262388,-0.212657113617801,FALSE,0.340114557227189,1.00099782595696,-0.227857242698999,TRUE,0.811397522270671,1.0009893041696,-0.209344064936058,FALSE,0.413926122753536,1.0010050178335
614,"rand=1-1_rate=3_ROB=L_UH_Bias=Rct20_NRE20-35","1-1",3,"L_UH","Rct20_NRE20-35",0.182321556793955,0.182321556793955,0.182321556793955,0.182321556793955,0.182321556793955,0.300104592450338,0.195901921078145,0.195901921078145,-0.177290641616969,TRUE,0.629420513632622,1.0010541933815,-0.224828077958735,FALSE,0.439784028078522,1.00099830516396,-0.263941642930636,TRUE,1.39695598076771,1.00099904473706,-0.21561829487813,TRUE,0.507307074656714,1.0009866609918
615,"rand=1-1_rate=3_ROB=L_UH_Bias=Rct20_NRE20-35","1-1",3,"L_UH","Rct20_NRE20-35",0.182321556793955,0.182321556793955,0.182321556793955,0.182321556793955,0.182321556793955,0.300104592450338,0.195723481238235,0.195723481238235,-0.208500028330629,TRUE,0.528261509441079,1.00099494278636,-0.191071973388302,FALSE,0.317999369197375,1.00100967783493,-0.314443105834429,TRUE,0.981692529984094,1.00100105059557,-0.171331012722773,FALSE,0.362994795917013,1.00114763400921
616,"rand=1-1_rate=3_ROB=L_UH_Bias=Rct20_NRE20-35","1-1",3,"L_UH","Rct20_NRE20-35",0.182321556793955,0.182321556793955,0.182321556793955,0.182321556793955,0.182321556793955,0.300104592450338,0.205510500163303,0.205510500163303,0.00184701874024296,TRUE,0.481628884547656,1.0012604987911,-0.112865598871542,TRUE,0.424421469177725,1.00098705224605,-0.0275505167791366,TRUE,0.668537737708244,1.00197269731309,-0.138380891428389,TRUE,0.575188467992163,1.00099908353001
617,"rand=1-1_rate=3_ROB=L_UH_Bias=Rct20_NRE20-35","1-1",3,"L_UH","Rct20_NRE20-35",0.182321556793955,0.182321556793955,0.182321556793955,0.182321556793955,0.182321556793955,0.300104592450338,0.192045696452778,0.192045696452778,-0.266984534470752,FALSE,0.557428433519618,1.00099341888461,-0.246686044857111,FALSE,0.306779156978694,1.00098893953077,-0.234120551788012,TRUE,1.21569439760318,1.00101939144991,-0.247725696940892,FALSE,0.335807699586361,1.00099790146266
618,"rand=1-1_rate=3_ROB=L_UH_Bias=Rct20_NRE20-35","1-1",3,"L_UH","Rct20_NRE20-35",0.182321556793955,0.182321556793955,0.182321556793955,0.182321556793955,0.182321556793955,0.300104592450338,0.189840098059478,0.189840098059478,-0.0429105575687363,TRUE,0.442229663018112,1.00110023244473,-0.0757676152373254,TRUE,0.2811851231183,1.00105632583118,-0.247086651589667,TRUE,0.817973120872237,1.00101037276858,-0.0485331190846465,TRUE,0.326314622593708,1.00102805814526
619,"rand=1-1_rate=3_ROB=L_UH_Bias=Rct20_NRE20-35","1-1",3,"L_UH","Rct20_NRE20-35",0.182321556793955,0.182321556793955,0.182321556793955,0.182321556793955,0.182321556793955,0.300104592450338,0.204177779124658,0.204177779124658,-0.214622047415093,TRUE,0.554159221146048,1.00116146345916,-0.245320948466015,FALSE,0.39110640319221,1.00099212413041,-0.385896177168858,TRUE,1.30800137873532,1.00098671884371,-0.216942516336997,FALSE,0.436959493748482,1.00104064860084
620,"rand=1-1_rate=3_ROB=L_UH_Bias=Rct20_NRE20-35","1-1",3,"L_UH","Rct20_NRE20-35",0.182321556793955,0.182321556793955,0.182321556793955,0.182321556793955,0.182321556793955,0.300104592450338,0.183084436760367,0.183084436760367,-0.140403634868591,TRUE,0.578702216968532,1.00098619731652,-0.182290363100533,FALSE,0.372493978589741,1.00105160265234,-0.0215724334549079,TRUE,1.08683965491179,1.0009988633009,-0.221701405055177,FALSE,0.424020764872741,1.0009867865879
621,"rand=1-1_rate=3_ROB=L_UH_Bias=Rct20_NRE20-35","1-1",3,"L_UH","Rct20_NRE20-35",0.182321556793955,0.182321556793955,0.182321556793955,0.182321556793955,0.182321556793955,0.300104592450338,0.209725665280107,0.209725665280107,-0.128871109369671,TRUE,0.475665562894535,1.00100435304938,-0.177332808319711,FALSE,0.291695592761361,1.00098782026592,-0.316325533891161,TRUE,0.99168892695761,1.00112564782198,-0.156660669809815,FALSE,0.318469447675796,1.00098697205633
622,"rand=1-1_rate=3_ROB=L_UH_Bias=Rct20_NRE20-35","1-1",3,"L_UH","Rct20_NRE20-35",0.182321556793955,0.182321556793955,0.182321556793955,0.182321556793955,0.182321556793955,0.300104592450338,0.192899932776221,0.192899932776221,-0.213999000579615,TRUE,0.657161124764409,1.00098782900139,-0.218413105578233,FALSE,0.454889519955591,1.00098812668409,-0.409915779400906,TRUE,1.21758352773537,1.00105526529186,-0.172880276906431,TRUE,0.52539299675228,1.00098607938197
623,"rand=1-1_rate=3_ROB=L_UH_Bias=Rct20_NRE20-35","1-1",3,"L_UH","Rct20_NRE20-35",0.182321556793955,0.182321556793955,0.182321556793955,0.182321556793955,0.182321556793955,0.300104592450338,0.197272102066845,0.197272102066845,-0.33705283349891,FALSE,0.646753586002139,1.00098816143927,-0.326785704712301,FALSE,0.369394192231523,1.00098988002532,-0.0967611159422048,TRUE,1.28192662953188,1.00109726023182,-0.370773499167797,FALSE,0.392355279476284,1.0009872512409
624,"rand=1-1_rate=3_ROB=L_UH_Bias=Rct20_NRE20-35","1-1",3,"L_UH","Rct20_NRE20-35",0.182321556793955,0.182321556793955,0.182321556793955,0.182321556793955,0.182321556793955,0.300104592450338,0.208815102557514,0.208815102557514,-0.181925718220458,TRUE,0.687942987134048,1.00100021630494,-0.136140627358494,TRUE,0.479422450113861,1.00099428312896,-0.194283818784414,TRUE,1.23369806874702,1.00103466048225,-0.119894636708603,TRUE,0.579312723602735,1.00105079219026
625,"rand=1-1_rate=3_ROB=L_UH_Bias=Rct20_NRE20-35","1-1",3,"L_UH","Rct20_NRE20-35",0.182321556793955,0.182321556793955,0.182321556793955,0.182321556793955,0.182321556793955,0.300104592450338,0.198161727386487,0.198161727386487,-0.294222506361063,FALSE,0.606662707758419,1.00102986241951,-0.309595660340246,FALSE,0.396102191388893,1.00102963050249,-0.418998826789073,TRUE,1.13001599939275,1.00107164242353,-0.286547061428895,FALSE,0.464097653205291,1.00098869991567
626,"rand=1-1_rate=3_ROB=L_UH_Bias=Rct20_NRE20-35","1-1",3,"L_UH","Rct20_NRE20-35",0.182321556793955,0.182321556793955,0.182321556793955,0.182321556793955,0.182321556793955,0.300104592450338,0.207834303295196,0.207834303295196,-0.380391759426272,FALSE,0.611393130572613,1.00111398146998,-0.357473000320804,FALSE,0.402971718009916,1.00104600487762,-0.323534733361827,TRUE,1.13385203812869,1.00102252961062,-0.365346944313713,FALSE,0.474400700708989,1.00099549632797
627,"rand=1-1_rate=3_ROB=L_UH_Bias=Rct20_NRE20-35","1-1",3,"L_UH","Rct20_NRE20-35",0.182321556793955,0.182321556793955,0.182321556793955,0.182321556793955,0.182321556793955,0.300104592450338,0.201320481234399,0.201320481234399,-0.0895439669942537,TRUE,0.569545798439941,1.00108420400148,-0.129165181194989,TRUE,0.449255804952941,1.00099679031733,-0.179786545661823,TRUE,0.78594208725001,1.00107901303082,-0.11594235830892,TRUE,0.596728490567169,1.00099127388216
628,"rand=1-1_rate=3_ROB=L_UH_Bias=Rct20_NRE20-35","1-1",3,"L_UH","Rct20_NRE20-35",0.182321556793955,0.182321556793955,0.182321556793955,0.182321556793955,0.182321556793955,0.300104592450338,0.206234395616704,0.206234395616704,-0.201940458537381,TRUE,0.535965331075496,1.0010239031912,-0.181878654068111,FALSE,0.310486478074187,1.00100294528285,-0.235593731930121,TRUE,0.847988237528256,1.00122316712512,-0.17304463559156,FALSE,0.3690440954661,1.00101414636881
629,"rand=1-1_rate=3_ROB=L_UH_Bias=Rct20_NRE20-35","1-1",3,"L_UH","Rct20_NRE20-35",0.182321556793955,0.182321556793955,0.182321556793955,0.182321556793955,0.182321556793955,0.300104592450338,0.211606795758682,0.211606795758682,-0.101000148041714,TRUE,0.540071757961261,1.00104279378256,-0.238071597158273,FALSE,0.474055230015317,1.000989447529,-0.0063440143948732,TRUE,0.654384599647083,1.00114213762857,-0.311936951545989,FALSE,0.655640264949283,1.00099244395321
630,"rand=1-1_rate=3_ROB=L_UH_Bias=Rct20_NRE20-35","1-1",3,"L_UH","Rct20_NRE20-35",0.182321556793955,0.182321556793955,0.182321556793955,0.182321556793955,0.182321556793955,0.300104592450338,0.185377976076574,0.185377976076574,-0.176317947678301,TRUE,0.526252898509206,1.00099096155981,-0.167856037553944,FALSE,0.31566823748727,1.00099767523979,-0.136633975786885,TRUE,0.813782042787959,1.00098717516363,-0.174796471661299,FALSE,0.371401817469227,1.00098599131286
631,"rand=1-1_rate=3_ROB=L_UH_Bias=Rct20_NRE20-35","1-1",3,"L_UH","Rct20_NRE20-35",0.182321556793955,0.182321556793955,0.182321556793955,0.182321556793955,0.182321556793955,0.300104592450338,0.18513397076322,0.18513397076322,-0.208783726121838,TRUE,0.55072954694505,1.00099960316801,-0.240308351379402,FALSE,0.374235851885749,1.00098701061738,-0.206988329829737,TRUE,0.90014495996358,1.001383275234,-0.24498261016423,FALSE,0.452383872760039,1.00098671454054
632,"rand=1-1_rate=3_ROB=L_UH_Bias=Rct20_NRE20-35","1-1",3,"L_UH","Rct20_NRE20-35",0.182321556793955,0.182321556793955,0.182321556793955,0.182321556793955,0.182321556793955,0.300104592450338,0.204873612163616,0.204873612163616,-0.347348607900935,FALSE,0.625947938072916,1.00098730283694,-0.309585263673018,FALSE,0.34419799403132,1.00099603290714,-0.582844951298046,FALSE,1.25216627114174,1.0011450115715,-0.269599120229994,FALSE,0.365114413485051,1.0010025372011
633,"rand=1-1_rate=3_ROB=L_UH_Bias=Rct20_NRE20-35","1-1",3,"L_UH","Rct20_NRE20-35",0.182321556793955,0.182321556793955,0.182321556793955,0.182321556793955,0.182321556793955,0.300104592450338,0.213912732769458,0.213912732769458,-0.241569483693289,TRUE,0.645702361540096,1.00106889053793,-0.318638455290056,FALSE,0.484298429870091,1.00098608671519,-0.154334896758914,TRUE,0.8744797364042,1.00099138962948,-0.363389502528618,FALSE,0.621255578370254,1.00101270494699
634,"rand=1-1_rate=3_ROB=L_UH_Bias=Rct20_NRE20-35","1-1",3,"L_UH","Rct20_NRE20-35",0.182321556793955,0.182321556793955,0.182321556793955,0.182321556793955,0.182321556793955,0.300104592450338,0.206604270875214,0.206604270875214,-0.138561560682606,TRUE,0.502319352684503,1.00098719313998,-0.0946348865487343,TRUE,0.286405463709254,1.000985990269,-0.255691922888004,TRUE,1.1583475318194,1.00104882993412,-0.0691637945299832,TRUE,0.30033305142049,1.00099150040404
635,"rand=1-1_rate=3_ROB=L_UH_Bias=Rct20_NRE20-35","1-1",3,"L_UH","Rct20_NRE20-35",0.182321556793955,0.182321556793955,0.182321556793955,0.182321556793955,0.182321556793955,0.300104592450338,0.189052663074763,0.189052663074763,-0.155699440148399,TRUE,0.51942324636198,1.00098639330606,-0.138061923552492,FALSE,0.300753822915134,1.00098605129516,-0.414491355815729,TRUE,1.2400462155063,1.00102302003766,-0.0979191217521527,TRUE,0.314634396541295,1.00102278056621
636,"rand=1-1_rate=3_ROB=L_UH_Bias=Rct20_NRE20-35","1-1",3,"L_UH","Rct20_NRE20-35",0.182321556793955,0.182321556793955,0.182321556793955,0.182321556793955,0.182321556793955,0.300104592450338,0.210232828099105,0.210232828099105,-0.288633257540825,FALSE,0.513687182272809,1.00098815511827,-0.305878527271116,FALSE,0.263243375214655,1.00098626781505,-0.457635764642309,FALSE,0.964327370667587,1.00103588774161,-0.288580853792435,FALSE,0.290525902340172,1.00099949537203
637,"rand=1-1_rate=3_ROB=L_UH_Bias=Rct20_NRE20-35","1-1",3,"L_UH","Rct20_NRE20-35",0.182321556793955,0.182321556793955,0.182321556793955,0.182321556793955,0.182321556793955,0.300104592450338,0.218112763869394,0.218112763869394,-0.0976072350595187,TRUE,0.563682053326377,1.00098622259962,-0.100148824572353,TRUE,0.387874319495549,1.00098843489057,-0.138212119769816,TRUE,0.83927538220381,1.00098886659023,-0.0909921945770689,TRUE,0.489219006286605,1.00104984829666
638,"rand=1-1_rate=3_ROB=L_UH_Bias=Rct20_NRE20-35","1-1",3,"L_UH","Rct20_NRE20-35",0.182321556793955,0.182321556793955,0.182321556793955,0.182321556793955,0.182321556793955,0.300104592450338,0.200573976192645,0.200573976192645,-0.191164971253255,TRUE,0.542364568573406,1.00102133688343,-0.258705300913885,FALSE,0.318035408132675,1.00101319218355,-0.00284642006893243,TRUE,0.735260219223857,1.00130979048866,-0.305152592249774,FALSE,0.364878200685391,1.00100580278001
639,"rand=1-1_rate=3_ROB=L_UH_Bias=Rct20_NRE20-35","1-1",3,"L_UH","Rct20_NRE20-35",0.182321556793955,0.182321556793955,0.182321556793955,0.182321556793955,0.182321556793955,0.300104592450338,0.209996661602424,0.209996661602424,-0.295248991534518,TRUE,0.722100071444404,1.0010048729779,-0.322730289049144,FALSE,0.495277795780455,1.00099302920174,-0.395805325136265,TRUE,1.53184107868044,1.00109423881974,-0.304062848960247,FALSE,0.570039482788347,1.00098710813577
640,"rand=1-1_rate=3_ROB=L_UH_Bias=Rct20_NRE20-35","1-1",3,"L_UH","Rct20_NRE20-35",0.182321556793955,0.182321556793955,0.182321556793955,0.182321556793955,0.182321556793955,0.300104592450338,0.189865761365929,0.189865761365929,-0.18820905605645,TRUE,0.552303745187575,1.00125699319572,-0.331252921933834,FALSE,0.424228304917775,1.00099590137875,-0.083753520779873,TRUE,0.756469472158952,1.00100065255201,-0.394443748918074,FALSE,0.541576750895575,1.00098621751366
641,"rand=1-1_rate=3_ROB=L_UH_Bias=Rct20_NRE20-35","1-1",3,"L_UH","Rct20_NRE20-35",0.182321556793955,0.182321556793955,0.182321556793955,0.182321556793955,0.182321556793955,0.300104592450338,0.194826748712885,0.194826748712885,-0.190613984860079,TRUE,0.62270343963358,1.00100645103474,-0.268103854257878,FALSE,0.445157004689325,1.00098775603361,-0.199865071383514,TRUE,1.68849649887819,1.0009892309196,-0.28435566741998,FALSE,0.481707295400464,1.00098706489452
642,"rand=1-1_rate=3_ROB=L_UH_Bias=Rct20_NRE20-35","1-1",3,"L_UH","Rct20_NRE20-35",0.182321556793955,0.182321556793955,0.182321556793955,0.182321556793955,0.182321556793955,0.300104592450338,0.216346249358709,0.216346249358709,-0.292275733529991,FALSE,0.606001691376149,1.00101466710554,-0.305980802505365,FALSE,0.385383931009593,1.00098616075392,-0.288764542975047,TRUE,0.965438765333153,1.00111081345358,-0.308092236433627,FALSE,0.46206470477182,1.00100314690641
643,"rand=1-1_rate=3_ROB=L_UH_Bias=Rct20_NRE20-35","1-1",3,"L_UH","Rct20_NRE20-35",0.182321556793955,0.182321556793955,0.182321556793955,0.182321556793955,0.182321556793955,0.300104592450338,0.203586541765644,0.203586541765644,-0.0274372083265162,TRUE,0.487387391029906,1.00099455746804,-0.0885760841909313,TRUE,0.363211814874334,1.00101852447367,0.0286224636222209,TRUE,0.744733623076426,1.00115789046183,-0.121443512298179,TRUE,0.462524933513125,1.00098783630943
644,"rand=1-1_rate=3_ROB=L_UH_Bias=Rct20_NRE20-35","1-1",3,"L_UH","Rct20_NRE20-35",0.182321556793955,0.182321556793955,0.182321556793955,0.182321556793955,0.182321556793955,0.300104592450338,0.189459731753568,0.189459731753568,-0.12436502986343,TRUE,0.52769626625032,1.0010021118369,-0.182091246040974,FALSE,0.351800840100253,1.00104587424255,0.0260390130676055,TRUE,0.701499053382894,1.00150540420897,-0.228693412972594,FALSE,0.43017431783996,1.00098615595454
645,"rand=1-1_rate=3_ROB=L_UH_Bias=Rct20_NRE20-35","1-1",3,"L_UH","Rct20_NRE20-35",0.182321556793955,0.182321556793955,0.182321556793955,0.182321556793955,0.182321556793955,0.300104592450338,0.192046230096243,0.192046230096243,-0.253265017573356,TRUE,0.581363220641438,1.00100852587012,-0.349508791391641,FALSE,0.496138484743829,1.00098779123367,-0.598096068420807,FALSE,1.31410686202559,1.00099082021225,-0.288768715769077,FALSE,0.570750000394368,1.00099625286799
646,"rand=1-1_rate=3_ROB=L_UH_Bias=Rct20_NRE20-35","1-1",3,"L_UH","Rct20_NRE20-35",0.182321556793955,0.182321556793955,0.182321556793955,0.182321556793955,0.182321556793955,0.300104592450338,0.203422636891241,0.203422636891241,-0.249239920631382,TRUE,0.694836510315574,1.00101510557759,-0.39418209074961,FALSE,0.560057011024923,1.0010038784908,-0.215955181952889,TRUE,1.23040168006468,1.00102005713764,-0.446412482964795,FALSE,0.695374156098189,1.00100459723739
647,"rand=1-1_rate=3_ROB=L_UH_Bias=Rct20_NRE20-35","1-1",3,"L_UH","Rct20_NRE20-35",0.182321556793955,0.182321556793955,0.182321556793955,0.182321556793955,0.182321556793955,0.300104592450338,0.203367374350554,0.203367374350554,-0.1946729390357,TRUE,0.608531740959353,1.0010022273932,-0.215453696892046,FALSE,0.393917607705875,1.00100172487907,-0.0469662662827681,TRUE,1.22714022867522,1.00098633824821,-0.250998986145295,FALSE,0.438772509842278,1.00098672417087
648,"rand=1-1_rate=3_ROB=L_UH_Bias=Rct20_NRE20-35","1-1",3,"L_UH","Rct20_NRE20-35",0.182321556793955,0.182321556793955,0.182321556793955,0.182321556793955,0.182321556793955,0.300104592450338,0.213024841845962,0.213024841845962,-0.302091722203806,FALSE,0.618028240610862,1.00103862490445,-0.364831356904133,FALSE,0.379924710453087,1.00101576264203,-0.200775568628343,TRUE,1.17069391302832,1.00099898309456,-0.398929971074253,FALSE,0.432920991643363,1.00101701357026
649,"rand=1-1_rate=3_ROB=L_UH_Bias=Rct20_NRE20-35","1-1",3,"L_UH","Rct20_NRE20-35",0.182321556793955,0.182321556793955,0.182321556793955,0.182321556793955,0.182321556793955,0.300104592450338,0.194867869856337,0.194867869856337,-0.188740531884863,TRUE,0.550267290210301,1.00102523260618,-0.220702932441099,FALSE,0.35068042145429,1.00104192475828,-0.226143617228202,TRUE,0.862747768280788,1.00099156443201,-0.22028364977276,FALSE,0.430537687363373,1.00099790612438
650,"rand=1-1_rate=3_ROB=L_UH_Bias=Rct20_NRE20-35","1-1",3,"L_UH","Rct20_NRE20-35",0.182321556793955,0.182321556793955,0.182321556793955,0.182321556793955,0.182321556793955,0.300104592450338,0.202611851600251,0.202611851600251,-0.360985759888507,FALSE,0.635592022138133,1.00099483252977,-0.328056093179864,FALSE,0.417126701543952,1.0010234163899,-0.297446486565182,TRUE,1.06981968403843,1.00098768447286,-0.334648411219127,FALSE,0.49466561564998,1.0009957879079
651,"rand=1-1_rate=3_ROB=L_UH_Bias=Rct20_NRE20-35","1-1",3,"L_UH","Rct20_NRE20-35",0.182321556793955,0.182321556793955,0.182321556793955,0.182321556793955,0.182321556793955,0.300104592450338,0.194292305739443,0.194292305739443,-0.0738285169219202,TRUE,0.544032154808641,1.00132324753305,-0.167933276380272,TRUE,0.440025749439034,1.00098885864057,-0.00445909053445326,TRUE,0.710014999279818,1.00099571960835,-0.219089442474618,TRUE,0.58416662355402,1.00099477223592
652,"rand=1-1_rate=3_ROB=L_UH_Bias=Rct20_NRE20-35","1-1",3,"L_UH","Rct20_NRE20-35",0.182321556793955,0.182321556793955,0.182321556793955,0.182321556793955,0.182321556793955,0.300104592450338,0.192936519706603,0.192936519706603,-0.353043557236485,FALSE,0.609553032881504,1.00105703016297,-0.319840885977476,FALSE,0.336093636605772,1.0009911275192,-0.567726395757862,TRUE,1.51063916671574,1.00099604524431,-0.285687263994298,FALSE,0.366224870841665,1.0009897489746
653,"rand=1-1_rate=3_ROB=L_UH_Bias=Rct20_NRE20-35","1-1",3,"L_UH","Rct20_NRE20-35",0.182321556793955,0.182321556793955,0.182321556793955,0.182321556793955,0.182321556793955,0.300104592450338,0.202545122806641,0.202545122806641,-0.303709940619392,FALSE,0.558437211334666,1.00102557922934,-0.296290726928838,FALSE,0.320490395460774,1.0010225176537,-0.13187176267408,TRUE,0.757722051072165,1.0011073577966,-0.32408293945924,FALSE,0.386074408912253,1.000992955213
654,"rand=1-1_rate=3_ROB=L_UH_Bias=Rct20_NRE20-35","1-1",3,"L_UH","Rct20_NRE20-35",0.182321556793955,0.182321556793955,0.182321556793955,0.182321556793955,0.182321556793955,0.300104592450338,0.202444795080494,0.202444795080494,-0.139477710133296,TRUE,0.555556244368032,1.00100422623411,-0.267262928534949,FALSE,0.457380190813329,1.00100865230103,-0.822060149623723,FALSE,2.13981115835371,1.00102688136514,-0.15899883161793,TRUE,0.415840663239306,1.00107023620375
655,"rand=1-1_rate=3_ROB=L_UH_Bias=Rct20_NRE20-35","1-1",3,"L_UH","Rct20_NRE20-35",0.182321556793955,0.182321556793955,0.182321556793955,0.182321556793955,0.182321556793955,0.300104592450338,0.209771640032543,0.209771640032543,-0.142773648354586,TRUE,0.565981850750171,1.00098706085257,-0.143067543349464,TRUE,0.374381706698877,1.00104497880905,-0.163912294748716,TRUE,0.944188047982239,1.00110295942379,-0.140721990248565,TRUE,0.450119754760019,1.00100565652286
656,"rand=1-1_rate=3_ROB=L_UH_Bias=Rct20_NRE20-35","1-1",3,"L_UH","Rct20_NRE20-35",0.182321556793955,0.182321556793955,0.182321556793955,0.182321556793955,0.182321556793955,0.300104592450338,0.201091575046697,0.201091575046697,-0.0915546244157825,TRUE,0.521535496194937,1.00110947919285,-0.0434318484302543,TRUE,0.286748580811028,1.00098789775576,-0.264636596620423,TRUE,1.2620189732596,1.00121691640225,-0.00976175118096623,TRUE,0.292862887661873,1.00102098846323
657,"rand=1-1_rate=3_ROB=L_UH_Bias=Rct20_NRE20-35","1-1",3,"L_UH","Rct20_NRE20-35",0.182321556793955,0.182321556793955,0.182321556793955,0.182321556793955,0.182321556793955,0.300104592450338,0.213928843051182,0.213928843051182,-0.371399579719579,FALSE,0.65874150382974,1.00100724104017,-0.389567343978771,FALSE,0.421709854030319,1.00102117671302,-0.402928951006349,TRUE,1.21704340007123,1.00107018893076,-0.384652689903229,FALSE,0.491265837476839,1.00098608778994
658,"rand=1-1_rate=3_ROB=L_UH_Bias=Rct20_NRE20-35","1-1",3,"L_UH","Rct20_NRE20-35",0.182321556793955,0.182321556793955,0.182321556793955,0.182321556793955,0.182321556793955,0.300104592450338,0.206870771035869,0.206870771035869,-0.0937111351884889,TRUE,0.481484962273179,1.00108222387456,-0.182564063363101,FALSE,0.299593414987116,1.00101228712945,0.0999572870743413,TRUE,0.681993383494332,1.00106519224606,-0.236598487308521,FALSE,0.342797875729111,1.00098599322856
659,"rand=1-1_rate=3_ROB=L_UH_Bias=Rct20_NRE20-35","1-1",3,"L_UH","Rct20_NRE20-35",0.182321556793955,0.182321556793955,0.182321556793955,0.182321556793955,0.182321556793955,0.300104592450338,0.184281900543359,0.184281900543359,-0.182506886423947,TRUE,0.684107364256207,1.00098599444782,-0.249994083035587,FALSE,0.52437246385198,1.00098729208099,-0.17948236277585,TRUE,1.14878494075972,1.000988830831,-0.267369885357123,TRUE,0.659852435052068,1.00098602756812
660,"rand=1-1_rate=3_ROB=L_UH_Bias=Rct20_NRE20-35","1-1",3,"L_UH","Rct20_NRE20-35",0.182321556793955,0.182321556793955,0.182321556793955,0.182321556793955,0.182321556793955,0.300104592450338,0.213400317852851,0.213400317852851,-0.226525189085538,TRUE,0.560761281984141,1.00104137370534,-0.259600717809871,FALSE,0.402890479372993,1.00098767645865,0.00540130134893924,TRUE,0.93059033096872,1.00103840291316,-0.322666925705833,FALSE,0.469943424228294,1.00098680743845
661,"rand=1-1_rate=3_ROB=L_UH_Bias=Rct20_NRE20-35","1-1",3,"L_UH","Rct20_NRE20-35",0.182321556793955,0.182321556793955,0.182321556793955,0.182321556793955,0.182321556793955,0.300104592450338,0.202895774562268,0.202895774562268,-0.135087733071833,TRUE,0.554281191818593,1.00109187656255,-0.158506348443801,TRUE,0.339817302107941,1.00100698696818,0.0117321198172764,TRUE,1.13510081212122,1.00099794764651,-0.189255791602926,FALSE,0.375513438380865,1.0009859982241
662,"rand=1-1_rate=3_ROB=L_UH_Bias=Rct20_NRE20-35","1-1",3,"L_UH","Rct20_NRE20-35",0.182321556793955,0.182321556793955,0.182321556793955,0.182321556793955,0.182321556793955,0.300104592450338,0.205623272810409,0.205623272810409,-0.245836688330457,TRUE,0.559447997534073,1.0010347016092,-0.219189601050211,FALSE,0.340414600452609,1.00098600113534,-0.175328200691713,TRUE,0.790859760439277,1.00131850768399,-0.225453779960025,FALSE,0.418499763390663,1.00101178298479
663,"rand=1-1_rate=3_ROB=L_UH_Bias=Rct20_NRE20-35","1-1",3,"L_UH","Rct20_NRE20-35",0.182321556793955,0.182321556793955,0.182321556793955,0.182321556793955,0.182321556793955,0.300104592450338,0.208080009686153,0.208080009686153,-0.192708751065838,TRUE,0.585166951824203,1.00098679454766,-0.271917925377451,FALSE,0.386043595585728,1.00100027175438,-0.0201095864300236,TRUE,1.01498219103901,1.00108953450729,-0.326710145061391,FALSE,0.440093811634941,1.0009905644745
664,"rand=1-1_rate=3_ROB=L_UH_Bias=Rct20_NRE20-35","1-1",3,"L_UH","Rct20_NRE20-35",0.182321556793955,0.182321556793955,0.182321556793955,0.182321556793955,0.182321556793955,0.300104592450338,0.213658368764649,0.213658368764649,-0.318454567773479,FALSE,0.627833177411894,1.0009888970136,-0.371985450800455,FALSE,0.380205680367605,1.00113071204873,0.0500276877745504,TRUE,0.852264604294842,1.00105132677897,-0.463649978301117,FALSE,0.396553092534658,1.00099342189722
665,"rand=1-1_rate=3_ROB=L_UH_Bias=Rct20_NRE20-35","1-1",3,"L_UH","Rct20_NRE20-35",0.182321556793955,0.182321556793955,0.182321556793955,0.182321556793955,0.182321556793955,0.300104592450338,0.205753960286443,0.205753960286443,-0.359276834236245,FALSE,0.618201551907569,1.00100212444244,-0.288128344726396,FALSE,0.442934611072556,1.00099053767442,-0.415523715061874,TRUE,1.81994642028494,1.00101025593699,-0.260245141905827,FALSE,0.477984678978635,1.00098629958039
666,"rand=1-1_rate=3_ROB=L_UH_Bias=Rct20_NRE20-35","1-1",3,"L_UH","Rct20_NRE20-35",0.182321556793955,0.182321556793955,0.182321556793955,0.182321556793955,0.182321556793955,0.300104592450338,0.193727019760016,0.193727019760016,-0.0678063757636467,TRUE,0.517135156009923,1.00099490967721,-0.133630064742164,TRUE,0.380119964035467,1.00101819385941,-0.218629967857764,TRUE,0.917645759119008,1.00099167239385,-0.116421441764646,TRUE,0.463555587161954,1.00099652957145
667,"rand=1-1_rate=3_ROB=L_UH_Bias=Rct20_NRE20-35","1-1",3,"L_UH","Rct20_NRE20-35",0.182321556793955,0.182321556793955,0.182321556793955,0.182321556793955,0.182321556793955,0.300104592450338,0.217324463522682,0.217324463522682,-0.235531306281179,TRUE,0.60791622114929,1.00101380448483,-0.291322500858293,FALSE,0.418241418246816,1.00098610447771,-0.0785105951290681,TRUE,0.805882188701429,1.00098788879094,-0.348252511732383,FALSE,0.51680608648915,1.00099816107288
668,"rand=1-1_rate=3_ROB=L_UH_Bias=Rct20_NRE20-35","1-1",3,"L_UH","Rct20_NRE20-35",0.182321556793955,0.182321556793955,0.182321556793955,0.182321556793955,0.182321556793955,0.300104592450338,0.196089581289695,0.196089581289695,-0.060713267280774,TRUE,0.473841626139232,1.00100496725523,-0.0932377925412093,TRUE,0.282192791110481,1.00098628986871,0.0360690825651475,TRUE,0.706238983775665,1.00099248242224,-0.116147342757287,TRUE,0.332207961582063,1.00098625130261
669,"rand=1-1_rate=3_ROB=L_UH_Bias=Rct20_NRE20-35","1-1",3,"L_UH","Rct20_NRE20-35",0.182321556793955,0.182321556793955,0.182321556793955,0.182321556793955,0.182321556793955,0.300104592450338,0.193466992996236,0.193466992996236,-0.0889301060165781,TRUE,0.529132809637568,1.00103791995215,-0.0525587556056037,TRUE,0.316264595163671,1.00098606510433,-0.140498157607519,TRUE,1.16613971908284,1.00113813182875,-0.036073679180755,TRUE,0.349941287570746,1.0011134245035
670,"rand=1-1_rate=3_ROB=L_UH_Bias=Rct20_NRE20-35","1-1",3,"L_UH","Rct20_NRE20-35",0.182321556793955,0.182321556793955,0.182321556793955,0.182321556793955,0.182321556793955,0.300104592450338,0.193954864285968,0.193954864285968,-0.260876931374972,TRUE,0.587832362558653,1.00099994370759,-0.213918817276908,FALSE,0.377572068304509,1.00100122741208,-0.00487226782962158,TRUE,0.691933344092696,1.00122965242861,-0.267072451350652,FALSE,0.4731865535786,1.00102774677447
671,"rand=1-1_rate=3_ROB=L_UH_Bias=Rct20_NRE20-35","1-1",3,"L_UH","Rct20_NRE20-35",0.182321556793955,0.182321556793955,0.182321556793955,0.182321556793955,0.182321556793955,0.300104592450338,0.217886606607842,0.217886606607842,-0.00552000159517929,TRUE,0.46304061876079,1.00098672103409,-0.126879177723314,TRUE,0.356838880011111,1.00098864280463,0.073042806333281,TRUE,0.802221675003656,1.00103681308317,-0.174036826564237,TRUE,0.433888187626806,1.00099271874265
672,"rand=1-1_rate=3_ROB=L_UH_Bias=Rct20_NRE20-35","1-1",3,"L_UH","Rct20_NRE20-35",0.182321556793955,0.182321556793955,0.182321556793955,0.182321556793955,0.182321556793955,0.300104592450338,0.206906732115096,0.206906732115096,-0.22554169516327,TRUE,0.639755815173149,1.00111803465328,-0.273067655647254,FALSE,0.454438821617499,1.0010503503856,-0.0485804155823595,TRUE,0.94699674458439,1.00102996144856,-0.335743538680649,FALSE,0.56180673127959,1.00102665078818
673,"rand=1-1_rate=3_ROB=L_UH_Bias=Rct20_NRE20-35","1-1",3,"L_UH","Rct20_NRE20-35",0.182321556793955,0.182321556793955,0.182321556793955,0.182321556793955,0.182321556793955,0.300104592450338,0.20924863914036,0.20924863914036,-0.196221521418281,TRUE,0.595904615206933,1.00098747778645,-0.252777157638907,FALSE,0.439980830478156,1.00102055549725,-0.0789655736563946,TRUE,0.734770332138128,1.00102066861371,-0.30478087612308,FALSE,0.577015685407944,1.00103449290887
674,"rand=1-1_rate=3_ROB=L_UH_Bias=Rct20_NRE20-35","1-1",3,"L_UH","Rct20_NRE20-35",0.182321556793955,0.182321556793955,0.182321556793955,0.182321556793955,0.182321556793955,0.300104592450338,0.200796372625695,0.200796372625695,-0.0622195260992575,TRUE,0.503050248173559,1.00107360831908,-0.087867130022717,TRUE,0.326653717972496,1.00101603135767,-0.260146456564208,TRUE,0.846299518077078,1.0011627106759,-0.0546500544420301,TRUE,0.384118657728371,1.00098930077122
675,"rand=1-1_rate=3_ROB=L_UH_Bias=Rct20_NRE20-35","1-1",3,"L_UH","Rct20_NRE20-35",0.182321556793955,0.182321556793955,0.182321556793955,0.182321556793955,0.182321556793955,0.300104592450338,0.200575251316736,0.200575251316736,-0.367759124353101,FALSE,0.571605509325817,1.00098669978025,-0.37058329637752,FALSE,0.316393208074222,1.00101997528527,-0.543790279091322,FALSE,1.27864062828014,1.00121761766294,-0.349743582153722,FALSE,0.340091280010648,1.0009909960605
676,"rand=1-1_rate=3_ROB=L_UH_Bias=Rct20_NRE20-35","1-1",3,"L_UH","Rct20_NRE20-35",0.182321556793955,0.182321556793955,0.182321556793955,0.182321556793955,0.182321556793955,0.300104592450338,0.184736960696769,0.184736960696769,-0.198231033255445,TRUE,0.598119321048979,1.00099759850271,-0.250394719013286,FALSE,0.408005126363054,1.0009860938964,-0.0740906720077328,TRUE,0.947511940960906,1.00109906972495,-0.293957113375297,FALSE,0.491304515107639,1.0010093719512
677,"rand=1-1_rate=3_ROB=L_UH_Bias=Rct20_NRE20-35","1-1",3,"L_UH","Rct20_NRE20-35",0.182321556793955,0.182321556793955,0.182321556793955,0.182321556793955,0.182321556793955,0.300104592450338,0.216757983710949,0.216757983710949,-0.283246985559062,TRUE,0.693503735157024,1.00106319696505,-0.25467898696959,FALSE,0.510622814819189,1.00100152188095,-0.313161250674179,TRUE,1.05662004493312,1.00102375017204,-0.245093911196007,TRUE,0.650953932383233,1.00100721012221
678,"rand=1-1_rate=3_ROB=L_UH_Bias=Rct20_NRE20-35","1-1",3,"L_UH","Rct20_NRE20-35",0.182321556793955,0.182321556793955,0.182321556793955,0.182321556793955,0.182321556793955,0.300104592450338,0.193947341007787,0.193947341007787,-0.324452087396398,FALSE,0.584046063816174,1.0009862961639,-0.289035784878026,FALSE,0.335287394599587,1.00098662125954,-0.382174204077214,TRUE,1.01819498362702,1.00140224188238,-0.274603346209965,FALSE,0.384450619408257,1.00099441229344
679,"rand=1-1_rate=3_ROB=L_UH_Bias=Rct20_NRE20-35","1-1",3,"L_UH","Rct20_NRE20-35",0.182321556793955,0.182321556793955,0.182321556793955,0.182321556793955,0.182321556793955,0.300104592450338,0.199386442795889,0.199386442795889,-0.427581776968024,FALSE,0.642266043304094,1.00099759628948,-0.380432733334973,FALSE,0.391171601854744,1.00098622166937,-0.514735393254036,FALSE,1.03277726170251,1.00099210653915,-0.356362368778028,FALSE,0.467828097775661,1.00101592799091
680,"rand=1-1_rate=3_ROB=L_UH_Bias=Rct20_NRE20-35","1-1",3,"L_UH","Rct20_NRE20-35",0.182321556793955,0.182321556793955,0.182321556793955,0.182321556793955,0.182321556793955,0.300104592450338,0.200940449055553,0.200940449055553,-0.356677959043076,FALSE,0.705067816709845,1.00103241191329,-0.31429520617559,FALSE,0.442619928357778,1.00100211353581,-0.60234378493118,TRUE,1.64991882930233,1.00100437419173,-0.256401589551936,FALSE,0.463440642440089,1.00098897077128
681,"rand=1-1_rate=3_ROB=L_UH_Bias=Rct20_NRE20-35","1-1",3,"L_UH","Rct20_NRE20-35",0.182321556793955,0.182321556793955,0.182321556793955,0.182321556793955,0.182321556793955,0.300104592450338,0.207323244826843,0.207323244826843,-0.240129957911177,TRUE,0.638058778618194,1.00099439065547,-0.248330367081263,FALSE,0.409219421983359,1.00100222823589,-0.277586621270436,TRUE,1.67959481339347,1.00098714209876,-0.237858812282934,FALSE,0.432476087951598,1.00100355155626
682,"rand=1-1_rate=3_ROB=L_UH_Bias=Rct20_NRE20-35","1-1",3,"L_UH","Rct20_NRE20-35",0.182321556793955,0.182321556793955,0.182321556793955,0.182321556793955,0.182321556793955,0.300104592450338,0.194312589128853,0.194312589128853,-0.195923796309507,TRUE,0.529746118092695,1.00098605233272,-0.229987055179639,FALSE,0.326078490876596,1.00099078559752,0.0124784783119523,TRUE,0.681933798523983,1.00101468569745,-0.281014424084332,FALSE,0.384371160196499,1.00102579642601
683,"rand=1-1_rate=3_ROB=L_UH_Bias=Rct20_NRE20-35","1-1",3,"L_UH","Rct20_NRE20-35",0.182321556793955,0.182321556793955,0.182321556793955,0.182321556793955,0.182321556793955,0.300104592450338,0.211440703667665,0.211440703667665,-0.263508621455812,TRUE,0.622419974427509,1.00107820918603,-0.299607273796943,FALSE,0.365653618199664,1.00099280613364,-0.0378920407068246,TRUE,1.04867136698174,1.00098605467952,-0.354509654466026,FALSE,0.40266491236182,1.00098610807453
684,"rand=1-1_rate=3_ROB=L_UH_Bias=Rct20_NRE20-35","1-1",3,"L_UH","Rct20_NRE20-35",0.182321556793955,0.182321556793955,0.182321556793955,0.182321556793955,0.182321556793955,0.300104592450338,0.211506985047747,0.211506985047747,-0.146619667083666,TRUE,0.545577723494216,1.00099579835626,-0.115651253513282,TRUE,0.357582404728232,1.00101317174905,-0.0403733547494327,TRUE,0.689781977517082,1.0011601642566,-0.131669898368857,TRUE,0.456434503710656,1.00106997146223
685,"rand=1-1_rate=3_ROB=L_UH_Bias=Rct20_NRE20-35","1-1",3,"L_UH","Rct20_NRE20-35",0.182321556793955,0.182321556793955,0.182321556793955,0.182321556793955,0.182321556793955,0.300104592450338,0.201640528200792,0.201640528200792,-0.192690965159485,TRUE,0.551902062305411,1.00099032855304,-0.181692526086265,FALSE,0.325616087880058,1.00100992050192,-0.158434625100326,TRUE,1.05139111838772,1.00102651180036,-0.185640182308503,FALSE,0.363856979538486,1.00100217388581
686,"rand=1-1_rate=3_ROB=L_UH_Bias=Rct20_NRE20-35","1-1",3,"L_UH","Rct20_NRE20-35",0.182321556793955,0.182321556793955,0.182321556793955,0.182321556793955,0.182321556793955,0.300104592450338,0.198774100505047,0.198774100505047,-0.159968669597825,TRUE,0.530426212949813,1.00099202271327,-0.259735995187906,FALSE,0.414337470838683,1.0010189035735,-0.294839017219073,TRUE,0.854866079315203,1.00100350626176,-0.252288782884101,FALSE,0.51999454558812,1.00099495229042
687,"rand=1-1_rate=3_ROB=L_UH_Bias=Rct20_NRE20-35","1-1",3,"L_UH","Rct20_NRE20-35",0.182321556793955,0.182321556793955,0.182321556793955,0.182321556793955,0.182321556793955,0.300104592450338,0.21286424339865,0.21286424339865,-0.0369564794906483,TRUE,0.477243434419393,1.00109434960039,-0.074185779566353,TRUE,0.347288256575752,1.00098837540566,-0.00455229221759357,TRUE,0.764378204600354,1.0010000826115,-0.0915507959619366,TRUE,0.42521632728765,1.00103427941195
688,"rand=1-1_rate=3_ROB=L_UH_Bias=Rct20_NRE20-35","1-1",3,"L_UH","Rct20_NRE20-35",0.182321556793955,0.182321556793955,0.182321556793955,0.182321556793955,0.182321556793955,0.300104592450338,0.203777323345313,0.203777323345313,-0.206042380130992,TRUE,0.554753810370241,1.00098819219422,-0.262201793554621,FALSE,0.3542972154426,1.00098652584861,-0.524502027097696,FALSE,1.20978944759207,1.00144077125292,-0.219464777028742,FALSE,0.382016498892697,1.00098605119815
689,"rand=1-1_rate=3_ROB=L_UH_Bias=Rct20_NRE20-35","1-1",3,"L_UH","Rct20_NRE20-35",0.182321556793955,0.182321556793955,0.182321556793955,0.182321556793955,0.182321556793955,0.300104592450338,0.196748202007082,0.196748202007082,-0.311153692884584,FALSE,0.664274184638616,1.0010115566388,-0.348239440640708,FALSE,0.463323315234914,1.00098889884686,-0.345825124388516,TRUE,1.28682009677319,1.0009970446315,-0.347063743345245,FALSE,0.54154164276937,1.00098665467296
690,"rand=1-1_rate=3_ROB=L_UH_Bias=Rct20_NRE20-35","1-1",3,"L_UH","Rct20_NRE20-35",0.182321556793955,0.182321556793955,0.182321556793955,0.182321556793955,0.182321556793955,0.300104592450338,0.218372747096086,0.218372747096086,-0.153347960011334,TRUE,0.433451098743058,1.00110563485566,-0.181063244261126,FALSE,0.174243538472572,1.00098728780672,-0.216840784302456,TRUE,0.873162456139564,1.00104334248961,-0.179205865214371,FALSE,0.185378102139601,1.00130292402984
691,"rand=1-1_rate=3_ROB=L_UH_Bias=Rct20_NRE20-35","1-1",3,"L_UH","Rct20_NRE20-35",0.182321556793955,0.182321556793955,0.182321556793955,0.182321556793955,0.182321556793955,0.300104592450338,0.189027270185773,0.189027270185773,-0.196594215164544,TRUE,0.544045792898956,1.00113340293407,-0.295049378214707,FALSE,0.379982626309272,1.00099157052996,-0.0324447647507149,TRUE,0.661361291450457,1.00178371041998,-0.361327046676097,FALSE,0.477205804140987,1.00099566187185
692,"rand=1-1_rate=3_ROB=L_UH_Bias=Rct20_NRE20-35","1-1",3,"L_UH","Rct20_NRE20-35",0.182321556793955,0.182321556793955,0.182321556793955,0.182321556793955,0.182321556793955,0.300104592450338,0.201918531831858,0.201918531831858,-0.185181855215662,TRUE,0.593069200200253,1.00100788358554,-0.157011548267195,TRUE,0.376544571230079,1.00099259505963,-0.391875880308693,TRUE,0.996004523160623,1.00103220342699,-0.108889549359709,TRUE,0.438826910563797,1.00098952205528
693,"rand=1-1_rate=3_ROB=L_UH_Bias=Rct20_NRE20-35","1-1",3,"L_UH","Rct20_NRE20-35",0.182321556793955,0.182321556793955,0.182321556793955,0.182321556793955,0.182321556793955,0.300104592450338,0.198078045804889,0.198078045804889,-0.126222028142693,TRUE,0.571852866571463,1.00100602655254,-0.218864452525775,FALSE,0.416108090913871,1.00098667114786,-0.352354695673821,TRUE,1.54819242219157,1.00100206951736,-0.188654690205545,TRUE,0.453297464944921,1.00104943150246
694,"rand=1-1_rate=3_ROB=L_UH_Bias=Rct20_NRE20-35","1-1",3,"L_UH","Rct20_NRE20-35",0.182321556793955,0.182321556793955,0.182321556793955,0.182321556793955,0.182321556793955,0.300104592450338,0.191209990720295,0.191209990720295,-0.239158366215694,FALSE,0.527731979374755,1.00098649912058,-0.259572532395304,FALSE,0.280973624556815,1.00101723490019,-0.161041660274495,TRUE,1.08642324019259,1.0009945086854,-0.273472888640987,FALSE,0.302832533965447,1.00103517063677
695,"rand=1-1_rate=3_ROB=L_UH_Bias=Rct20_NRE20-35","1-1",3,"L_UH","Rct20_NRE20-35",0.182321556793955,0.182321556793955,0.182321556793955,0.182321556793955,0.182321556793955,0.300104592450338,0.200735716740426,0.200735716740426,-0.233832557866539,TRUE,0.633858792573157,1.00099742191462,-0.156863293334055,TRUE,0.402782598643308,1.00099423197348,-0.33398370379886,TRUE,1.00219525642404,1.00100626651141,-0.119326734511223,TRUE,0.477642575926702,1.00102076501099
696,"rand=1-1_rate=3_ROB=L_UH_Bias=Rct20_NRE20-35","1-1",3,"L_UH","Rct20_NRE20-35",0.182321556793955,0.182321556793955,0.182321556793955,0.182321556793955,0.182321556793955,0.300104592450338,0.220665618403884,0.220665618403884,-0.348950870079232,FALSE,0.683259527577892,1.0010446074325,-0.325899350390731,FALSE,0.496055145174966,1.00099545247691,-0.565020510144756,FALSE,1.09817901235426,1.0011497816769,-0.269237530008927,FALSE,0.599544116961718,1.00098674564848
697,"rand=1-1_rate=3_ROB=L_UH_Bias=Rct20_NRE20-35","1-1",3,"L_UH","Rct20_NRE20-35",0.182321556793955,0.182321556793955,0.182321556793955,0.182321556793955,0.182321556793955,0.300104592450338,0.205971756117135,0.205971756117135,-0.167405441788213,TRUE,0.498632107329056,1.00099817234755,-0.176782222575315,FALSE,0.343296376069002,1.00098974355104,-0.193496206399219,TRUE,0.808115101162571,1.00098665129204,-0.175271231119789,TRUE,0.418758423501895,1.0009862573577
698,"rand=1-1_rate=3_ROB=L_UH_Bias=Rct20_NRE20-35","1-1",3,"L_UH","Rct20_NRE20-35",0.182321556793955,0.182321556793955,0.182321556793955,0.182321556793955,0.182321556793955,0.300104592450338,0.200736927681353,0.200736927681353,-0.245980021148766,TRUE,0.605862987294006,1.00102177164179,-0.217227936585527,FALSE,0.394628330393795,1.00102553209525,-0.195475983377636,TRUE,0.782902915669731,1.0010691141777,-0.222477896206894,TRUE,0.498878542306956,1.00098607269036
699,"rand=1-1_rate=3_ROB=L_UH_Bias=Rct20_NRE20-35","1-1",3,"L_UH","Rct20_NRE20-35",0.182321556793955,0.182321556793955,0.182321556793955,0.182321556793955,0.182321556793955,0.300104592450338,0.199649229346011,0.199649229346011,-0.392855264645353,FALSE,0.66512292689247,1.00099930819529,-0.331436099520118,FALSE,0.452063966556561,1.00105312689699,-0.573073549679898,TRUE,1.83926291279938,1.00107456402138,-0.283908350596956,FALSE,0.487357955583039,1.00098805555313
700,"rand=1-1_rate=3_ROB=L_UH_Bias=Rct20_NRE20-35","1-1",3,"L_UH","Rct20_NRE20-35",0.182321556793955,0.182321556793955,0.182321556793955,0.182321556793955,0.182321556793955,0.300104592450338,0.192538915203081,0.192538915203081,-0.271667635242011,FALSE,0.613928001588586,1.0009929109593,-0.274623352017518,FALSE,0.401638124608327,1.0010071825528,-0.370269275463174,TRUE,0.993574838460662,1.00098634561334,-0.2545858001777,FALSE,0.479638929871773,1.00114863665331
701,"rand=1-1_rate=3_ROB=L_UH_Bias=Rct20_NRE20-35","1-1",3,"L_UH","Rct20_NRE20-35",0.182321556793955,0.182321556793955,0.182321556793955,0.182321556793955,0.182321556793955,0.300104592450338,0.19009908279853,0.19009908279853,-0.119051649297691,TRUE,0.448763977577433,1.00102238525775,-0.0790069894215935,TRUE,0.242523812442275,1.00102200613175,-0.139354436338567,TRUE,0.783834984942672,1.00098661321095,-0.0693871102983763,TRUE,0.278187668326842,1.00099256008747
702,"rand=1-1_rate=3_ROB=L_UH_Bias=Rct20_NRE20-35","1-1",3,"L_UH","Rct20_NRE20-35",0.182321556793955,0.182321556793955,0.182321556793955,0.182321556793955,0.182321556793955,0.300104592450338,0.18574935972387,0.18574935972387,-0.443658905587554,FALSE,0.683022520678183,1.00155329562727,-0.310602239740524,FALSE,0.445932201966944,1.00099716456484,-0.453759979257362,FALSE,1.02397720172104,1.0020270415241,-0.274915996309178,FALSE,0.539323260559446,1.00099695606598
703,"rand=1-1_rate=3_ROB=L_UH_Bias=Rct20_NRE20-35","1-1",3,"L_UH","Rct20_NRE20-35",0.182321556793955,0.182321556793955,0.182321556793955,0.182321556793955,0.182321556793955,0.300104592450338,0.189284530509397,0.189284530509397,-0.540343252479057,FALSE,0.715426812912419,1.00099436740768,-0.379020319250251,FALSE,0.454159795481207,1.00104495088839,-0.602552251081387,FALSE,1.26533016326822,1.00100351311018,-0.332769399688967,FALSE,0.525717175448397,1.00098600541189
704,"rand=1-1_rate=3_ROB=L_UH_Bias=Rct20_NRE20-35","1-1",3,"L_UH","Rct20_NRE20-35",0.182321556793955,0.182321556793955,0.182321556793955,0.182321556793955,0.182321556793955,0.300104592450338,0.206111120459988,0.206111120459988,-0.325914601631068,FALSE,0.612814373169622,1.00099609288925,-0.283312125421916,FALSE,0.402003931622278,1.00099611085311,-0.410443389940714,FALSE,1.00738720456542,1.00107970665464,-0.256831625532942,FALSE,0.475311059217312,1.00099061627875
705,"rand=1-1_rate=3_ROB=L_UH_Bias=Rct20_NRE20-35","1-1",3,"L_UH","Rct20_NRE20-35",0.182321556793955,0.182321556793955,0.182321556793955,0.182321556793955,0.182321556793955,0.300104592450338,0.194735435094436,0.194735435094436,-0.332616662363089,FALSE,0.574437831645936,1.00102521848577,-0.262405454789642,FALSE,0.337639687596599,1.00098993696432,-0.472526426321105,TRUE,1.77582883280539,1.00099032597142,-0.23653343184689,FALSE,0.347500411120447,1.00102198023176
706,"rand=1-1_rate=3_ROB=L_UH_Bias=Rct20_NRE20-35","1-1",3,"L_UH","Rct20_NRE20-35",0.182321556793955,0.182321556793955,0.182321556793955,0.182321556793955,0.182321556793955,0.300104592450338,0.208933167844487,0.208933167844487,-0.21219397900135,TRUE,0.515753887637717,1.00113025455582,-0.289261961951162,FALSE,0.270665517923036,1.00102317850614,-0.00197173010680718,TRUE,0.802208440416529,1.00098743762767,-0.326744375348597,FALSE,0.290723943932476,1.00107615883035
707,"rand=1-1_rate=3_ROB=L_UH_Bias=Rct20_NRE20-35","1-1",3,"L_UH","Rct20_NRE20-35",0.182321556793955,0.182321556793955,0.182321556793955,0.182321556793955,0.182321556793955,0.300104592450338,0.189284048139533,0.189284048139533,-0.242333858566454,TRUE,0.646623076559263,1.00101579430072,-0.165452613070237,TRUE,0.402360835430568,1.00103512535882,-0.239878705568064,TRUE,1.62024422985935,1.00103963085278,-0.143963970290296,TRUE,0.4160959690502,1.00105298268902
708,"rand=1-1_rate=3_ROB=L_UH_Bias=Rct20_NRE20-35","1-1",3,"L_UH","Rct20_NRE20-35",0.182321556793955,0.182321556793955,0.182321556793955,0.182321556793955,0.182321556793955,0.300104592450338,0.200412782763303,0.200412782763303,-0.0788838412916,TRUE,0.49056993186171,1.00101824421164,-0.128942936861251,TRUE,0.324235881170426,1.00100886679762,-0.116289661579589,TRUE,0.766623776515863,1.00098599737233,-0.131705104208679,TRUE,0.392739500742127,1.00099057932096
709,"rand=1-1_rate=3_ROB=L_UH_Bias=Rct20_NRE20-35","1-1",3,"L_UH","Rct20_NRE20-35",0.182321556793955,0.182321556793955,0.182321556793955,0.182321556793955,0.182321556793955,0.300104592450338,0.201978992756675,0.201978992756675,-0.0762032721767223,TRUE,0.499266068407883,1.00102308488566,-0.0990880046775362,TRUE,0.314858233397384,1.00101358788743,-0.109219261768689,TRUE,0.893782459845899,1.00098601068908,-0.0965256170390503,TRUE,0.364057254718228,1.00099975471203
710,"rand=1-1_rate=3_ROB=L_UH_Bias=Rct20_NRE20-35","1-1",3,"L_UH","Rct20_NRE20-35",0.182321556793955,0.182321556793955,0.182321556793955,0.182321556793955,0.182321556793955,0.300104592450338,0.212262744708709,0.212262744708709,-0.0654419073090782,TRUE,0.467190508072177,1.00103235891298,-0.0896401023958409,TRUE,0.306082546014384,1.00098634746009,-0.111220776079889,TRUE,0.986420089482564,1.00106876974636,-0.0871049447692409,TRUE,0.344719477367719,1.00101999563191
711,"rand=1-1_rate=3_ROB=L_UH_Bias=Rct20_NRE20-35","1-1",3,"L_UH","Rct20_NRE20-35",0.182321556793955,0.182321556793955,0.182321556793955,0.182321556793955,0.182321556793955,0.300104592450338,0.21774811063232,0.21774811063232,-0.196272267618663,TRUE,0.558256465214229,1.00100451312841,-0.165549746637778,TRUE,0.361978921257427,1.00099281548123,-0.256851517350387,TRUE,0.86475049528019,1.0009949094074,-0.14496884067568,TRUE,0.437424362356229,1.00098599255206
712,"rand=1-1_rate=3_ROB=L_UH_Bias=Rct20_NRE20-35","1-1",3,"L_UH","Rct20_NRE20-35",0.182321556793955,0.182321556793955,0.182321556793955,0.182321556793955,0.182321556793955,0.300104592450338,0.196983963833085,0.196983963833085,-0.245032331828638,TRUE,0.568460312353127,1.00108405440195,-0.30754677220807,FALSE,0.358015438696932,1.00098773244009,-0.0898603223669852,TRUE,0.805172839515182,1.00099971566856,-0.353430239485604,FALSE,0.428638391792845,1.00099569770669
713,"rand=1-1_rate=3_ROB=L_UH_Bias=Rct20_NRE20-35","1-1",3,"L_UH","Rct20_NRE20-35",0.182321556793955,0.182321556793955,0.182321556793955,0.182321556793955,0.182321556793955,0.300104592450338,0.211334839657821,0.211334839657821,-0.519378624788756,FALSE,0.74630581668729,1.00100552403915,-0.3949946573368,FALSE,0.46127135178412,1.00098899335243,-0.50036096595531,TRUE,1.36558723974044,1.00100171455873,-0.371818301096043,FALSE,0.530627752432821,1.00098603416948
714,"rand=1-1_rate=3_ROB=L_UH_Bias=Rct20_NRE20-35","1-1",3,"L_UH","Rct20_NRE20-35",0.182321556793955,0.182321556793955,0.182321556793955,0.182321556793955,0.182321556793955,0.300104592450338,0.19770254626449,0.19770254626449,-0.303969180904025,FALSE,0.672958968848571,1.00099395506049,-0.313016054117586,FALSE,0.446008996428227,1.00098733948625,-0.496572687209484,TRUE,1.40284217812991,1.00100470158058,-0.274892426227358,FALSE,0.499753638097203,1.00102275266035
715,"rand=1-1_rate=3_ROB=L_UH_Bias=Rct20_NRE20-35","1-1",3,"L_UH","Rct20_NRE20-35",0.182321556793955,0.182321556793955,0.182321556793955,0.182321556793955,0.182321556793955,0.300104592450338,0.205510051319559,0.205510051319559,-0.337777448476537,FALSE,0.659414199844751,1.00099340863909,-0.33486210209415,FALSE,0.421899161600799,1.00099020552293,-0.432860558196316,TRUE,1.15245280937718,1.00138809576494,-0.314844626142434,FALSE,0.498292033506629,1.00100370757393
716,"rand=1-1_rate=3_ROB=L_UH_Bias=Rct20_NRE20-35","1-1",3,"L_UH","Rct20_NRE20-35",0.182321556793955,0.182321556793955,0.182321556793955,0.182321556793955,0.182321556793955,0.300104592450338,0.194470798950839,0.194470798950839,-0.161456666299757,TRUE,0.622273866606093,1.00099060194846,-0.204798010356105,TRUE,0.445190955402009,1.00105439175236,-0.0219273612519462,TRUE,0.756348774694609,1.00100710110878,-0.259868213972849,FALSE,0.586854803453735,1.00102094750162
717,"rand=1-1_rate=3_ROB=L_UH_Bias=Rct20_NRE20-35","1-1",3,"L_UH","Rct20_NRE20-35",0.182321556793955,0.182321556793955,0.182321556793955,0.182321556793955,0.182321556793955,0.300104592450338,0.199738981791911,0.199738981791911,-0.245199183296244,TRUE,0.59106692760974,1.00099410547406,-0.162130887450095,TRUE,0.397787161931489,1.00099364238725,-0.354401214923736,TRUE,1.02598841188254,1.00099710807433,-0.1216005136428,TRUE,0.466973477737864,1.00100636703387
718,"rand=1-1_rate=3_ROB=L_UH_Bias=Rct20_NRE20-35","1-1",3,"L_UH","Rct20_NRE20-35",0.182321556793955,0.182321556793955,0.182321556793955,0.182321556793955,0.182321556793955,0.300104592450338,0.205682051398525,0.205682051398525,-0.223220792780841,TRUE,0.553619134767123,1.00141748861264,-0.316753357642181,FALSE,0.387726788094187,1.00098648378983,-0.148699060547796,TRUE,0.875327828624668,1.00114742263794,-0.354397069632103,FALSE,0.470953071684198,1.00098785811528
719,"rand=1-1_rate=3_ROB=L_UH_Bias=Rct20_NRE20-35","1-1",3,"L_UH","Rct20_NRE20-35",0.182321556793955,0.182321556793955,0.182321556793955,0.182321556793955,0.182321556793955,0.300104592450338,0.203927023118376,0.203927023118376,-0.19253581799485,TRUE,0.591570973268696,1.00103330778873,-0.261132560469023,FALSE,0.391924095351514,1.00100970380354,-0.0927086197291613,TRUE,1.40305608834226,1.00099614211303,-0.301309849746415,FALSE,0.420614736648789,1.0010063481666
720,"rand=1-1_rate=3_ROB=L_UH_Bias=Rct20_NRE20-35","1-1",3,"L_UH","Rct20_NRE20-35",0.182321556793955,0.182321556793955,0.182321556793955,0.182321556793955,0.182321556793955,0.300104592450338,0.188213719253216,0.188213719253216,-0.160414854983606,TRUE,0.661662212104042,1.00110254507483,-0.264359808331549,FALSE,0.438731566405208,1.00099649793364,0.143156722016478,TRUE,0.577346049704963,1.0010059512894,-0.391928220722912,FALSE,0.550981491896029,1.00099693398215
721,"rand=1-1_rate=3_ROB=L_UH_Bias=Rct20_NRE20-35","1-1",3,"L_UH","Rct20_NRE20-35",0.182321556793955,0.182321556793955,0.182321556793955,0.182321556793955,0.182321556793955,0.300104592450338,0.207058471279264,0.207058471279264,-0.22468641325191,TRUE,0.558939471187731,1.00098738809219,-0.214281115903856,FALSE,0.331531571576667,1.00098802601143,-0.039606975726646,TRUE,0.818072057318681,1.00098946954725,-0.245111107261341,FALSE,0.386294662677264,1.00101374037128
722,"rand=1-1_rate=3_ROB=L_UH_Bias=Rct20_NRE20-35","1-1",3,"L_UH","Rct20_NRE20-35",0.182321556793955,0.182321556793955,0.182321556793955,0.182321556793955,0.182321556793955,0.300104592450338,0.185733275207359,0.185733275207359,-0.199455915962624,TRUE,0.620504234631333,1.00101480040447,-0.271311520324637,FALSE,0.444614825116175,1.00100819273601,-0.230280825332559,TRUE,1.16525927056785,1.00102955527219,-0.280053984626012,FALSE,0.532902362323221,1.00100930690258
723,"rand=1-1_rate=3_ROB=L_UH_Bias=Rct20_NRE20-35","1-1",3,"L_UH","Rct20_NRE20-35",0.182321556793955,0.182321556793955,0.182321556793955,0.182321556793955,0.182321556793955,0.300104592450338,0.211111441619891,0.211111441619891,-0.264626571718392,TRUE,0.712965364189704,1.00099692121529,-0.186740596398444,TRUE,0.505080541028355,1.00107835215468,0.0211764721790448,TRUE,0.98625788987347,1.00111387053105,-0.258595182077326,TRUE,0.650004666755662,1.00104199294796
724,"rand=1-1_rate=3_ROB=L_UH_Bias=Rct20_NRE20-35","1-1",3,"L_UH","Rct20_NRE20-35",0.182321556793955,0.182321556793955,0.182321556793955,0.182321556793955,0.182321556793955,0.300104592450338,0.211725063089456,0.211725063089456,-0.198674886911239,TRUE,0.596293511362347,1.00099040597322,-0.181190165507184,FALSE,0.390791213251675,1.00101921859221,-0.342152653385013,TRUE,0.937121359058187,1.00119155456745,-0.144559974741382,TRUE,0.472654933840875,1.00104498790832
725,"rand=1-1_rate=3_ROB=L_UH_Bias=Rct20_NRE20-35","1-1",3,"L_UH","Rct20_NRE20-35",0.182321556793955,0.182321556793955,0.182321556793955,0.182321556793955,0.182321556793955,0.300104592450338,0.217751527091514,0.217751527091514,-0.204179552026035,TRUE,0.585610227930902,1.00112822679991,-0.234082642151816,FALSE,0.444494951723043,1.00100348122534,0.313973756352549,TRUE,0.670588950191929,1.00112486543822,-0.389305557619239,FALSE,0.454398511983533,1.00098980752614
726,"rand=1-1_rate=3_ROB=L_UH_Bias=Rct20_NRE20-35","1-1",3,"L_UH","Rct20_NRE20-35",0.182321556793955,0.182321556793955,0.182321556793955,0.182321556793955,0.182321556793955,0.300104592450338,0.202041689145358,0.202041689145358,-0.15114985050528,TRUE,0.516613216434265,1.00110886706568,-0.166989320332885,FALSE,0.334943296443309,1.00100539164232,-0.12006184179288,TRUE,0.786059993088499,1.00098938218564,-0.177569603271061,TRUE,0.40387983608965,1.00108563087242
727,"rand=1-1_rate=3_ROB=L_UH_Bias=Rct20_NRE20-35","1-1",3,"L_UH","Rct20_NRE20-35",0.182321556793955,0.182321556793955,0.182321556793955,0.182321556793955,0.182321556793955,0.300104592450338,0.23177543020766,0.23177543020766,-0.118670589570421,TRUE,0.512215841123491,1.00100133766147,-0.288208344653281,FALSE,0.447954662301662,1.00099179825624,0.0102092389728107,TRUE,0.649311866966692,1.00138207910653,-0.383024050303829,FALSE,0.586350929690246,1.00100417143073
728,"rand=1-1_rate=3_ROB=L_UH_Bias=Rct20_NRE20-35","1-1",3,"L_UH","Rct20_NRE20-35",0.182321556793955,0.182321556793955,0.182321556793955,0.182321556793955,0.182321556793955,0.300104592450338,0.196218988013729,0.196218988013729,-0.197594259183258,TRUE,0.628595634753675,1.00110846781205,-0.243387110964896,FALSE,0.464989127249042,1.00099205316981,-0.379974024791442,TRUE,1.05705342511409,1.00098627381645,-0.216800338649873,TRUE,0.562621360865435,1.00098636232698
729,"rand=1-1_rate=3_ROB=L_UH_Bias=Rct20_NRE20-35","1-1",3,"L_UH","Rct20_NRE20-35",0.182321556793955,0.182321556793955,0.182321556793955,0.182321556793955,0.182321556793955,0.300104592450338,0.190014507802913,0.190014507802913,-0.0531330026417467,TRUE,0.453387151581926,1.00110232627344,-0.125456563645807,TRUE,0.31379562771181,1.00102017755916,-0.0441197209158868,TRUE,0.732385364648779,1.00102354271488,-0.140870894793044,TRUE,0.386316765975685,1.00098809472673
730,"rand=1-1_rate=3_ROB=L_UH_Bias=Rct20_NRE20-35","1-1",3,"L_UH","Rct20_NRE20-35",0.182321556793955,0.182321556793955,0.182321556793955,0.182321556793955,0.182321556793955,0.300104592450338,0.215086987727643,0.215086987727643,-0.118568897035478,TRUE,0.576667347156855,1.00098602226003,-0.175940844180933,TRUE,0.40048574292796,1.00098758624573,-0.0424926295836445,TRUE,0.889015515514205,1.00118141626805,-0.20955612863651,TRUE,0.489405729490341,1.00098838289256
731,"rand=1-1_rate=3_ROB=L_UH_Bias=Rct20_NRE20-35","1-1",3,"L_UH","Rct20_NRE20-35",0.182321556793955,0.182321556793955,0.182321556793955,0.182321556793955,0.182321556793955,0.300104592450338,0.208793151404577,0.208793151404577,-0.238186324914607,TRUE,0.578292137932715,1.00106923879625,-0.215947868864992,FALSE,0.344006523695545,1.0009863635859,-0.155068598208355,TRUE,0.872084070544872,1.001027718466,-0.228094257364357,FALSE,0.414194803542845,1.00102125114716
732,"rand=1-1_rate=3_ROB=L_UH_Bias=Rct20_NRE20-35","1-1",3,"L_UH","Rct20_NRE20-35",0.182321556793955,0.182321556793955,0.182321556793955,0.182321556793955,0.182321556793955,0.300104592450338,0.210039287959471,0.210039287959471,-0.281131765760824,TRUE,0.707153693111811,1.0013249142531,-0.276840163599586,FALSE,0.520999101728443,1.00098924351372,-0.532485452101122,FALSE,1.12695026940562,1.00106266950313,-0.210569213995548,TRUE,0.628542200012147,1.0010004429904
733,"rand=1-1_rate=3_ROB=L_UH_Bias=Rct20_NRE20-35","1-1",3,"L_UH","Rct20_NRE20-35",0.182321556793955,0.182321556793955,0.182321556793955,0.182321556793955,0.182321556793955,0.300104592450338,0.198070432282981,0.198070432282981,-0.300697373455946,TRUE,0.724824243377466,1.00099014991423,-0.275773508579499,FALSE,0.512043179341095,1.00099292346966,-0.176917262812507,TRUE,1.19862177027174,1.00098728795027,-0.302662658014769,FALSE,0.641481732562939,1.00098606717384
734,"rand=1-1_rate=3_ROB=L_UH_Bias=Rct20_NRE20-35","1-1",3,"L_UH","Rct20_NRE20-35",0.182321556793955,0.182321556793955,0.182321556793955,0.182321556793955,0.182321556793955,0.300104592450338,0.220789141103542,0.220789141103542,-0.212303162346993,TRUE,0.508687765405447,1.0011005966596,-0.211608398823941,FALSE,0.262093654911279,1.00099687520894,-0.234324627536423,TRUE,0.941236615602038,1.00173057087873,-0.208756886015216,FALSE,0.293382644236984,1.00100303512741
735,"rand=1-1_rate=3_ROB=L_UH_Bias=Rct20_NRE20-35","1-1",3,"L_UH","Rct20_NRE20-35",0.182321556793955,0.182321556793955,0.182321556793955,0.182321556793955,0.182321556793955,0.300104592450338,0.202835956681112,0.202835956681112,-0.136637203177807,TRUE,0.602587085271151,1.00100726174305,-0.119300011025107,TRUE,0.406835311234262,1.00105717872661,0.0023532269813703,TRUE,0.86653849431596,1.00114938065719,-0.15181214853588,TRUE,0.505462859850137,1.00099390335751
736,"rand=1-1_rate=3_ROB=L_UH_Bias=Rct20_NRE20-35","1-1",3,"L_UH","Rct20_NRE20-35",0.182321556793955,0.182321556793955,0.182321556793955,0.182321556793955,0.182321556793955,0.300104592450338,0.189631724434995,0.189631724434995,-0.182166754134095,TRUE,0.593146495176192,1.00098736130499,-0.182446783376554,FALSE,0.367661272152769,1.00101890552656,-0.140940720530782,TRUE,1.4909497517344,1.00099869759557,-0.194009386407869,FALSE,0.403918721418959,1.00098801580251
737,"rand=1-1_rate=3_ROB=L_UH_Bias=Rct20_NRE20-35","1-1",3,"L_UH","Rct20_NRE20-35",0.182321556793955,0.182321556793955,0.182321556793955,0.182321556793955,0.182321556793955,0.300104592450338,0.197352007761068,0.197352007761068,-0.0442843092123297,TRUE,0.527940096387984,1.00101337480508,-0.0973221278081826,TRUE,0.413697472226584,1.00102875543221,0.00426115993529375,TRUE,0.635607217456653,1.001487414501,-0.124789287242078,TRUE,0.564020705722391,1.00098788452934
738,"rand=1-1_rate=3_ROB=L_UH_Bias=Rct20_NRE20-35","1-1",3,"L_UH","Rct20_NRE20-35",0.182321556793955,0.182321556793955,0.182321556793955,0.182321556793955,0.182321556793955,0.300104592450338,0.193552291143281,0.193552291143281,-0.43277578034416,FALSE,0.624804548365196,1.00098654650304,-0.327436744860827,FALSE,0.401225707907913,1.00100580097571,-0.378976969227328,TRUE,1.49226037711073,1.00116781193619,-0.316054880031257,FALSE,0.433813909217055,1.00098638813182
739,"rand=1-1_rate=3_ROB=L_UH_Bias=Rct20_NRE20-35","1-1",3,"L_UH","Rct20_NRE20-35",0.182321556793955,0.182321556793955,0.182321556793955,0.182321556793955,0.182321556793955,0.300104592450338,0.210414503431695,0.210414503431695,-0.225375044023252,FALSE,0.491167949175355,1.00109003689226,-0.149204099171857,FALSE,0.26818617811151,1.00099341780094,-0.234610065580805,TRUE,0.894162751140287,1.00105216725067,-0.139125787877991,TRUE,0.300780389223871,1.00099007241572
740,"rand=1-1_rate=3_ROB=L_UH_Bias=Rct20_NRE20-35","1-1",3,"L_UH","Rct20_NRE20-35",0.182321556793955,0.182321556793955,0.182321556793955,0.182321556793955,0.182321556793955,0.300104592450338,0.198494020639191,0.198494020639191,-0.209341457946812,TRUE,0.671381964064844,1.0009897764216,-0.197607666253067,TRUE,0.490595671065731,1.00099790176839,-0.388534163864649,TRUE,1.23631718037171,1.00099281893261,-0.143827789731168,TRUE,0.578594908884007,1.00098720195723
741,"rand=1-1_rate=3_ROB=L_UH_Bias=Rct20_NRE20-35","1-1",3,"L_UH","Rct20_NRE20-35",0.182321556793955,0.182321556793955,0.182321556793955,0.182321556793955,0.182321556793955,0.300104592450338,0.190998015245117,0.190998015245117,-0.0503578479746398,TRUE,0.492066117104521,1.00113761861985,-0.141834827004937,TRUE,0.362731083400814,1.00099314240818,0.0189098081381842,TRUE,0.633967674558566,1.00148857001509,-0.182595557722715,TRUE,0.470102740787534,1.0010003176959
742,"rand=1-1_rate=3_ROB=L_UH_Bias=Rct20_NRE20-35","1-1",3,"L_UH","Rct20_NRE20-35",0.182321556793955,0.182321556793955,0.182321556793955,0.182321556793955,0.182321556793955,0.300104592450338,0.191617011185009,0.191617011185009,-0.144294201721694,TRUE,0.542792949672001,1.00118480796817,-0.18129066221874,FALSE,0.350432321898779,1.00120345308048,-0.0435643721379975,TRUE,0.796052348875642,1.00108351676047,-0.208117776835116,FALSE,0.42219166475464,1.00100826088616
743,"rand=1-1_rate=3_ROB=L_UH_Bias=Rct20_NRE20-35","1-1",3,"L_UH","Rct20_NRE20-35",0.182321556793955,0.182321556793955,0.182321556793955,0.182321556793955,0.182321556793955,0.300104592450338,0.21490114210693,0.21490114210693,-0.125113981641022,TRUE,0.589342268817433,1.00101016464292,-0.192165388118658,FALSE,0.409626957722449,1.001023878375,-0.146742940415671,TRUE,1.22219071449611,1.00104434771817,-0.203920813570355,TRUE,0.473246044603858,1.00107085177163
744,"rand=1-1_rate=3_ROB=L_UH_Bias=Rct20_NRE20-35","1-1",3,"L_UH","Rct20_NRE20-35",0.182321556793955,0.182321556793955,0.182321556793955,0.182321556793955,0.182321556793955,0.300104592450338,0.210669782850693,0.210669782850693,-0.287830997575316,FALSE,0.526025300677315,1.00099053422009,-0.219319822840195,FALSE,0.287241779700927,1.00099827400285,-0.244765411163692,TRUE,0.936988920403039,1.00103892679377,-0.215634566859365,FALSE,0.32682054914236,1.00098686095412
745,"rand=1-1_rate=3_ROB=L_UH_Bias=Rct20_NRE20-35","1-1",3,"L_UH","Rct20_NRE20-35",0.182321556793955,0.182321556793955,0.182321556793955,0.182321556793955,0.182321556793955,0.300104592450338,0.227170333181287,0.227170333181287,-0.327847202745562,FALSE,0.567852870348392,1.00108934644466,-0.272169417426642,FALSE,0.318919883120884,1.00099137630175,-0.565284395103649,FALSE,1.22062939851867,1.00105621251818,-0.237946448315565,FALSE,0.340818472484139,1.00098702622483
746,"rand=1-1_rate=3_ROB=L_UH_Bias=Rct20_NRE20-35","1-1",3,"L_UH","Rct20_NRE20-35",0.182321556793955,0.182321556793955,0.182321556793955,0.182321556793955,0.182321556793955,0.300104592450338,0.198096998948168,0.198096998948168,-0.280853836486014,FALSE,0.54106792732383,1.00110697898325,-0.353549715636792,FALSE,0.39298559233983,1.00099790080597,-0.460120358440685,FALSE,1.01599477136996,1.00105368408053,-0.334435627425319,FALSE,0.466619106171501,1.00098625460365
747,"rand=1-1_rate=3_ROB=L_UH_Bias=Rct20_NRE20-35","1-1",3,"L_UH","Rct20_NRE20-35",0.182321556793955,0.182321556793955,0.182321556793955,0.182321556793955,0.182321556793955,0.300104592450338,0.214518754322645,0.214518754322645,-0.212458253001038,TRUE,0.563223360446185,1.00122806583891,-0.292015759014867,FALSE,0.426800794737152,1.00099266264588,-0.15710180423667,TRUE,0.855712993488992,1.00100419728461,-0.328347467350838,FALSE,0.540693259193208,1.00101694962482
748,"rand=1-1_rate=3_ROB=L_UH_Bias=Rct20_NRE20-35","1-1",3,"L_UH","Rct20_NRE20-35",0.182321556793955,0.182321556793955,0.182321556793955,0.182321556793955,0.182321556793955,0.300104592450338,0.211629776869686,0.211629776869686,-0.218414992826998,TRUE,0.612473530642455,1.00098644912188,-0.28401205211285,FALSE,0.465125836934492,1.00104958330438,-0.0850449694813191,TRUE,1.20083335949398,1.00098601124283,-0.340280360190436,FALSE,0.545239866318789,1.00100850521395
749,"rand=1-1_rate=3_ROB=L_UH_Bias=Rct20_NRE20-35","1-1",3,"L_UH","Rct20_NRE20-35",0.182321556793955,0.182321556793955,0.182321556793955,0.182321556793955,0.182321556793955,0.300104592450338,0.206646894889646,0.206646894889646,-0.216045585314816,TRUE,0.564238247875592,1.0009862189997,-0.204227147670871,FALSE,0.348788649301802,1.00106240063262,-0.181652396507497,TRUE,0.887295513515188,1.00147548851441,-0.207710421545252,FALSE,0.418231896825393,1.00100984934901
750,"rand=1-1_rate=3_ROB=L_UH_Bias=Rct20_NRE20-35","1-1",3,"L_UH","Rct20_NRE20-35",0.182321556793955,0.182321556793955,0.182321556793955,0.182321556793955,0.182321556793955,0.300104592450338,0.204198372841367,0.204198372841367,-0.185807395827635,TRUE,0.573424598215798,1.0010315865188,-0.197257015345609,FALSE,0.409304663012749,1.00099855545131,-0.281062068981995,TRUE,0.904330730194892,1.0010510151888,-0.182351869417486,TRUE,0.500347188152627,1.00101118660065
751,"rand=1-1_rate=3_ROB=L_UH_Bias=Rct20_NRE20-35","1-1",3,"L_UH","Rct20_NRE20-35",0.182321556793955,0.182321556793955,0.182321556793955,0.182321556793955,0.182321556793955,0.300104592450338,0.198726942738643,0.198726942738643,-0.0657787191159569,TRUE,0.532261290141037,1.00100960198132,-0.0777277355369907,TRUE,0.364598044106648,1.0009961180929,-0.0497173769599777,TRUE,0.875876952193038,1.00098750928074,-0.0860599006653879,TRUE,0.445993584343282,1.00099011351434
752,"rand=1-1_rate=3_ROB=L_UH_Bias=Rct20_NRE20-35","1-1",3,"L_UH","Rct20_NRE20-35",0.182321556793955,0.182321556793955,0.182321556793955,0.182321556793955,0.182321556793955,0.300104592450338,0.203359808973658,0.203359808973658,-0.13989325638224,TRUE,0.587116232604336,1.00118749683973,-0.161988402551397,TRUE,0.421629079737154,1.00099581916419,0.0667852318241947,TRUE,0.663549936117186,1.00116009495115,-0.22731769350838,TRUE,0.548821625009988,1.00105919636051
753,"rand=1-1_rate=3_ROB=L_UH_Bias=Rct20_NRE20-35","1-1",3,"L_UH","Rct20_NRE20-35",0.182321556793955,0.182321556793955,0.182321556793955,0.182321556793955,0.182321556793955,0.300104592450338,0.195731163224019,0.195731163224019,-0.0804213478694225,TRUE,0.469662816784741,1.00101035681271,-0.153417191245488,FALSE,0.271305151047395,1.0011132041043,0.108817035480552,TRUE,0.818040870381751,1.00109472323869,-0.193208534220183,FALSE,0.290524996788084,1.00099128506731
754,"rand=1-1_rate=3_ROB=L_UH_Bias=Rct20_NRE20-35","1-1",3,"L_UH","Rct20_NRE20-35",0.182321556793955,0.182321556793955,0.182321556793955,0.182321556793955,0.182321556793955,0.300104592450338,0.195658688296189,0.195658688296189,-0.234084241258616,TRUE,0.60324292465667,1.00103861696116,-0.259067989453689,FALSE,0.403751040304648,1.00100723696574,-0.257471853031057,TRUE,1.07401072778634,1.00099895043516,-0.258994382596143,FALSE,0.486010570655805,1.00098762863597
755,"rand=1-1_rate=3_ROB=L_UH_Bias=Rct20_NRE20-35","1-1",3,"L_UH","Rct20_NRE20-35",0.182321556793955,0.182321556793955,0.182321556793955,0.182321556793955,0.182321556793955,0.300104592450338,0.192743948374996,0.192743948374996,0.0163681554665009,TRUE,0.445154117784908,1.00100465011418,-0.231707924071548,TRUE,0.528552685172728,1.00105479778597,-0.143333688602014,TRUE,0.993139925463123,1.00101138007967,-0.264612698178733,TRUE,0.697179009955114,1.00101746033237
756,"rand=1-1_rate=3_ROB=L_UH_Bias=Rct20_NRE20-35","1-1",3,"L_UH","Rct20_NRE20-35",0.182321556793955,0.182321556793955,0.182321556793955,0.182321556793955,0.182321556793955,0.300104592450338,0.207282431083558,0.207282431083558,-0.348607103175308,FALSE,0.626267474282051,1.00106660856562,-0.299681575860301,FALSE,0.388700591155374,1.00101278669451,-0.423871903241987,TRUE,1.14138317639022,1.00098819572547,-0.274606711498434,FALSE,0.449311743367305,1.00098632597029
757,"rand=1-1_rate=3_ROB=L_UH_Bias=Rct20_NRE20-35","1-1",3,"L_UH","Rct20_NRE20-35",0.182321556793955,0.182321556793955,0.182321556793955,0.182321556793955,0.182321556793955,0.300104592450338,0.174408304985803,0.174408304985803,-0.0550797302454025,TRUE,0.548481111821833,1.00102210478376,-0.0509475975449405,TRUE,0.370109985479424,1.00098849144583,-0.185232364713092,TRUE,1.05176924512877,1.00112910073647,-0.0212402612773182,TRUE,0.431561619578557,1.00103584282219
758,"rand=1-1_rate=3_ROB=L_UH_Bias=Rct20_NRE20-35","1-1",3,"L_UH","Rct20_NRE20-35",0.182321556793955,0.182321556793955,0.182321556793955,0.182321556793955,0.182321556793955,0.300104592450338,0.188061466204488,0.188061466204488,-0.366017595389796,FALSE,0.648992901338312,1.00101404620564,-0.31149923707718,FALSE,0.442439632783098,1.00098718808712,-0.254237640765657,TRUE,0.914365744009467,1.00110036247896,-0.326795477245548,FALSE,0.557584813576039,1.00099770217499
759,"rand=1-1_rate=3_ROB=L_UH_Bias=Rct20_NRE20-35","1-1",3,"L_UH","Rct20_NRE20-35",0.182321556793955,0.182321556793955,0.182321556793955,0.182321556793955,0.182321556793955,0.300104592450338,0.196858357859522,0.196858357859522,-0.086256966159683,TRUE,0.514089212243387,1.00123387261371,-0.0931702813126039,TRUE,0.33751464556915,1.0010015374804,-0.340157122839702,TRUE,1.01400379207725,1.00106454562249,-0.0479096269272996,TRUE,0.372139232425863,1.00100449955332
760,"rand=1-1_rate=3_ROB=L_UH_Bias=Rct20_NRE20-35","1-1",3,"L_UH","Rct20_NRE20-35",0.182321556793955,0.182321556793955,0.182321556793955,0.182321556793955,0.182321556793955,0.300104592450338,0.198134814507244,0.198134814507244,-0.334705290003223,FALSE,0.549254441333024,1.0009877195297,-0.359735568014453,FALSE,0.286012896758333,1.00108843003539,-0.365253139191692,TRUE,1.1083243336108,1.00100373976484,-0.359784045625549,FALSE,0.310936111041732,1.00105955323964
761,"rand=1-1_rate=3_ROB=L_UH_Bias=Rct20_NRE20-35","1-1",3,"L_UH","Rct20_NRE20-35",0.182321556793955,0.182321556793955,0.182321556793955,0.182321556793955,0.182321556793955,0.300104592450338,0.205488403329161,0.205488403329161,-0.262163462028297,FALSE,0.578690803532042,1.00099129454757,-0.324727199724328,FALSE,0.363622452503056,1.00102402216316,-0.252061177824887,TRUE,1.18196029345887,1.0009882231821,-0.337531752934606,FALSE,0.413563438177446,1.00101211300572
762,"rand=1-1_rate=3_ROB=L_UH_Bias=Rct20_NRE20-35","1-1",3,"L_UH","Rct20_NRE20-35",0.182321556793955,0.182321556793955,0.182321556793955,0.182321556793955,0.182321556793955,0.300104592450338,0.197212785561876,0.197212785561876,-0.12734147181061,TRUE,0.43716318108104,1.00100835637794,-0.1855090539437,FALSE,0.194709523369466,1.00117290287124,0.0367932920268785,TRUE,0.713261448563434,1.00099807427266,-0.206182155647785,FALSE,0.206717933573118,1.00099352594581
763,"rand=1-1_rate=3_ROB=L_UH_Bias=Rct20_NRE20-35","1-1",3,"L_UH","Rct20_NRE20-35",0.182321556793955,0.182321556793955,0.182321556793955,0.182321556793955,0.182321556793955,0.300104592450338,0.178013138830786,0.178013138830786,-0.105819285988669,TRUE,0.607705892044435,1.00098833947771,-0.0922290316916972,TRUE,0.396210848954279,1.00103752418565,0.194689357453101,TRUE,0.896455879819048,1.00100311969174,-0.176129857937666,TRUE,0.454554148774913,1.00105276013058
764,"rand=1-1_rate=3_ROB=L_UH_Bias=Rct20_NRE20-35","1-1",3,"L_UH","Rct20_NRE20-35",0.182321556793955,0.182321556793955,0.182321556793955,0.182321556793955,0.182321556793955,0.300104592450338,0.222481381674534,0.222481381674534,-0.284787759955863,FALSE,0.509168536121755,1.00099120383498,-0.292232916752234,FALSE,0.253809470031694,1.00100027806388,-0.301377326634622,TRUE,0.863949592762893,1.00122929587889,-0.291936198355847,FALSE,0.287884423435302,1.00098631801455
765,"rand=1-1_rate=3_ROB=L_UH_Bias=Rct20_NRE20-35","1-1",3,"L_UH","Rct20_NRE20-35",0.182321556793955,0.182321556793955,0.182321556793955,0.182321556793955,0.182321556793955,0.300104592450338,0.18802903736117,0.18802903736117,-0.203551482496108,TRUE,0.647414556811656,1.00100095860497,-0.298509106092443,FALSE,0.509963031965186,1.00098623822698,-0.139426517795342,TRUE,1.11104103594659,1.00099096541403,-0.346995106707723,FALSE,0.630048016982798,1.00100439571152
766,"rand=1-1_rate=3_ROB=L_UH_Bias=Rct20_NRE20-35","1-1",3,"L_UH","Rct20_NRE20-35",0.182321556793955,0.182321556793955,0.182321556793955,0.182321556793955,0.182321556793955,0.300104592450338,0.195377565337077,0.195377565337077,-0.243875262043221,TRUE,0.578882361132131,1.00113397269106,-0.225275203698652,FALSE,0.349222939201629,1.00101378397601,-0.396909057095954,TRUE,1.24622797910065,1.00112436383408,-0.195953364329612,FALSE,0.381530283788468,1.00098655161198
767,"rand=1-1_rate=3_ROB=L_UH_Bias=Rct20_NRE20-35","1-1",3,"L_UH","Rct20_NRE20-35",0.182321556793955,0.182321556793955,0.182321556793955,0.182321556793955,0.182321556793955,0.300104592450338,0.203081781231891,0.203081781231891,-0.166108579600539,TRUE,0.470504774712661,1.00108077902862,-0.282001015167692,FALSE,0.272961156540829,1.00098867873308,0.0391019228006749,TRUE,0.812396621969397,1.00105720206527,-0.325590931026327,FALSE,0.302393601707294,1.00099497732707
768,"rand=1-1_rate=3_ROB=L_UH_Bias=Rct20_NRE20-35","1-1",3,"L_UH","Rct20_NRE20-35",0.182321556793955,0.182321556793955,0.182321556793955,0.182321556793955,0.182321556793955,0.300104592450338,0.197401439061404,0.197401439061404,-0.0944218513369517,TRUE,0.492862466608985,1.00102014922049,-0.232213900841844,FALSE,0.406681455796985,1.00098694355635,-0.0528138773028322,TRUE,0.740918867732218,1.00126421375358,-0.272763105263757,FALSE,0.523440587097307,1.00099030499349
769,"rand=1-1_rate=3_ROB=L_UH_Bias=Rct20_NRE20-35","1-1",3,"L_UH","Rct20_NRE20-35",0.182321556793955,0.182321556793955,0.182321556793955,0.182321556793955,0.182321556793955,0.300104592450338,0.190379759922747,0.190379759922747,-0.154872805416632,TRUE,0.466872101493922,1.0010743144051,-0.204958856291029,FALSE,0.24793784366956,1.0009861666849,-0.0744016946253705,TRUE,0.767507968907161,1.00104858946949,-0.22094021718131,FALSE,0.279348869523025,1.00099474665392
770,"rand=1-1_rate=3_ROB=L_UH_Bias=Rct20_NRE20-35","1-1",3,"L_UH","Rct20_NRE20-35",0.182321556793955,0.182321556793955,0.182321556793955,0.182321556793955,0.182321556793955,0.300104592450338,0.199314941772022,0.199314941772022,-0.110432383647489,TRUE,0.502249720969397,1.00108757220237,-0.118494537688122,TRUE,0.306439830907589,1.00104079752439,-0.244608815781115,TRUE,0.865114661997171,1.00098655739915,-0.0967504825022638,TRUE,0.355537542060659,1.00098894844539
771,"rand=1-1_rate=3_ROB=L_UH_Bias=Rct20_NRE20-35","1-1",3,"L_UH","Rct20_NRE20-35",0.182321556793955,0.182321556793955,0.182321556793955,0.182321556793955,0.182321556793955,0.300104592450338,0.193780582202821,0.193780582202821,-0.204659281733502,TRUE,0.520190015758629,1.00099159110666,-0.280114995174281,FALSE,0.296001696874708,1.00098684064818,-0.0716670743164074,TRUE,0.906130129896117,1.00099381854773,-0.311938440420751,FALSE,0.330875343603631,1.00098707061701
772,"rand=1-1_rate=3_ROB=L_UH_Bias=Rct20_NRE20-35","1-1",3,"L_UH","Rct20_NRE20-35",0.182321556793955,0.182321556793955,0.182321556793955,0.182321556793955,0.182321556793955,0.300104592450338,0.214891122785815,0.214891122785815,-0.270826773863366,FALSE,0.578790571826439,1.000991992531,-0.322470689660451,FALSE,0.363562614873549,1.00098660106642,-0.162216971907916,TRUE,0.775966940130728,1.00112972867309,-0.352715403358332,FALSE,0.44867506701673,1.00101367454833
773,"rand=1-1_rate=3_ROB=L_UH_Bias=Rct20_NRE20-35","1-1",3,"L_UH","Rct20_NRE20-35",0.182321556793955,0.182321556793955,0.182321556793955,0.182321556793955,0.182321556793955,0.300104592450338,0.206156668627664,0.206156668627664,-0.172656688861824,TRUE,0.560962223334922,1.00099719076249,-0.328486259470586,FALSE,0.459610987126712,1.00101444420799,-0.0464321710236952,TRUE,0.865957592511028,1.00101089499433,-0.403185089959206,FALSE,0.568304550578858,1.00098618923824
774,"rand=1-1_rate=3_ROB=L_UH_Bias=Rct20_NRE20-35","1-1",3,"L_UH","Rct20_NRE20-35",0.182321556793955,0.182321556793955,0.182321556793955,0.182321556793955,0.182321556793955,0.300104592450338,0.207520258163646,0.207520258163646,-0.159121286944705,TRUE,0.615033423816988,1.00101039094027,-0.154820661292475,TRUE,0.398625065675143,1.00101660462081,-0.149489511102412,TRUE,1.30569468914318,1.00102532604744,-0.154773869308438,TRUE,0.449473250240932,1.00101875613942
775,"rand=1-1_rate=3_ROB=L_UH_Bias=Rct20_NRE20-35","1-1",3,"L_UH","Rct20_NRE20-35",0.182321556793955,0.182321556793955,0.182321556793955,0.182321556793955,0.182321556793955,0.300104592450338,0.186510692578764,0.186510692578764,-0.208257766691388,TRUE,0.540371511990878,1.00114192495665,-0.175812470943015,FALSE,0.330244990419039,1.00100288259579,-0.216869368997321,TRUE,0.830069312551956,1.00159387151712,-0.16788890659661,TRUE,0.39650640972233,1.00099371455719
776,"rand=1-1_rate=3_ROB=L_UH_Bias=Rct20_NRE20-35","1-1",3,"L_UH","Rct20_NRE20-35",0.182321556793955,0.182321556793955,0.182321556793955,0.182321556793955,0.182321556793955,0.300104592450338,0.213874374497481,0.213874374497481,-0.348576981589537,FALSE,0.616442142996543,1.00100438832308,-0.303129219571246,FALSE,0.361883651562829,1.00098624407055,-0.474430364381607,FALSE,0.986704398615071,1.00135623269984,-0.278416680875003,FALSE,0.423670109737051,1.0010463053614
777,"rand=1-1_rate=3_ROB=L_UH_Bias=Rct20_NRE20-35","1-1",3,"L_UH","Rct20_NRE20-35",0.182321556793955,0.182321556793955,0.182321556793955,0.182321556793955,0.182321556793955,0.300104592450338,0.192128765385138,0.192128765385138,-0.274130173448881,TRUE,0.671644598016164,1.000986088076,-0.228504230890979,FALSE,0.442204054126219,1.00099883546117,-0.254946825673772,TRUE,1.20227203385724,1.00099938380298,-0.221478542469,TRUE,0.514976004158202,1.00098842223542
778,"rand=1-1_rate=3_ROB=L_UH_Bias=Rct20_NRE20-35","1-1",3,"L_UH","Rct20_NRE20-35",0.182321556793955,0.182321556793955,0.182321556793955,0.182321556793955,0.182321556793955,0.300104592450338,0.218529607019612,0.218529607019612,-0.210028426424282,TRUE,0.589652996956084,1.00098690505609,-0.320777397675643,FALSE,0.471938617713273,1.00105753422226,-0.23167329427027,TRUE,0.841159949237357,1.00102307201805,-0.349769128372695,FALSE,0.619886304899171,1.00098786830932
779,"rand=1-1_rate=3_ROB=L_UH_Bias=Rct20_NRE20-35","1-1",3,"L_UH","Rct20_NRE20-35",0.182321556793955,0.182321556793955,0.182321556793955,0.182321556793955,0.182321556793955,0.300104592450338,0.202806297180887,0.202806297180887,-0.233206398475301,TRUE,0.533967435449997,1.0010105493071,-0.227185914333289,FALSE,0.292832514980184,1.00102070685333,-0.304604490654865,TRUE,0.955468080003237,1.00105514175783,-0.216671483969864,FALSE,0.329544712877869,1.00103312364956
780,"rand=1-1_rate=3_ROB=L_UH_Bias=Rct20_NRE20-35","1-1",3,"L_UH","Rct20_NRE20-35",0.182321556793955,0.182321556793955,0.182321556793955,0.182321556793955,0.182321556793955,0.300104592450338,0.191898298813456,0.191975927505742,-0.2935761681375,FALSE,0.627678696228386,1.00098864790458,-0.290370288814116,FALSE,0.448215826313624,1.00104223623108,-0.76029310835996,FALSE,1.62531263591753,1.00109808898671,-0.204356572721059,TRUE,0.455430313146349,1.00100810900755
781,"rand=1-1_rate=3_ROB=L_UH_Bias=Rct20_NRE20-35","1-1",3,"L_UH","Rct20_NRE20-35",0.182321556793955,0.182321556793955,0.182321556793955,0.182321556793955,0.182321556793955,0.300104592450338,0.208085079553407,0.208085079553407,-0.287935663689464,FALSE,0.593312496997985,1.00100879984055,-0.258277818627792,FALSE,0.334861512229057,1.00100837385161,-0.16852028476347,TRUE,1.89986708387604,1.0009954155099,-0.268387103447226,FALSE,0.326850963606536,1.00103971967978
782,"rand=1-1_rate=3_ROB=L_UH_Bias=Rct20_NRE20-35","1-1",3,"L_UH","Rct20_NRE20-35",0.182321556793955,0.182321556793955,0.182321556793955,0.182321556793955,0.182321556793955,0.300104592450338,0.213623642335348,0.213623642335348,-0.168671352120502,TRUE,0.56617850685705,1.00103724085588,-0.219319755518456,FALSE,0.349851795971377,1.0009884814524,-0.58566683451095,TRUE,1.53781155993756,1.00101351884946,-0.160585903119386,FALSE,0.345468124837064,1.00099167808688
783,"rand=1-1_rate=3_ROB=L_UH_Bias=Rct20_NRE20-35","1-1",3,"L_UH","Rct20_NRE20-35",0.182321556793955,0.182321556793955,0.182321556793955,0.182321556793955,0.182321556793955,0.300104592450338,0.195275393635813,0.195275393635813,-0.21910490798925,TRUE,0.501948260022707,1.00099706870173,-0.257066526033545,FALSE,0.327992663431974,1.00105376651474,-0.248051419945883,TRUE,0.885420666096799,1.00099254511947,-0.259765877604323,FALSE,0.386119817605953,1.00098615275372
784,"rand=1-1_rate=3_ROB=L_UH_Bias=Rct20_NRE20-35","1-1",3,"L_UH","Rct20_NRE20-35",0.182321556793955,0.182321556793955,0.182321556793955,0.182321556793955,0.182321556793955,0.300104592450338,0.205019231651726,0.205019231651726,-0.209186584165427,TRUE,0.623669035204267,1.00099700448919,-0.230791972657522,FALSE,0.454536991193734,1.00101338558094,-0.264241840728454,TRUE,1.07383754145544,1.00100201218233,-0.223762062609527,TRUE,0.542062994896452,1.00099369413981
785,"rand=1-1_rate=3_ROB=L_UH_Bias=Rct20_NRE20-35","1-1",3,"L_UH","Rct20_NRE20-35",0.182321556793955,0.182321556793955,0.182321556793955,0.182321556793955,0.182321556793955,0.300104592450338,0.210357122539942,0.210357122539942,-0.187869051845014,TRUE,0.574070503534283,1.00103631774829,-0.180915074103898,FALSE,0.363186683889444,1.0010252172578,-0.130588837889566,TRUE,0.970014204480276,1.00105115859866,-0.192732858158201,TRUE,0.431947924211522,1.00104049778028
786,"rand=1-1_rate=3_ROB=L_UH_Bias=Rct20_NRE20-35","1-1",3,"L_UH","Rct20_NRE20-35",0.182321556793955,0.182321556793955,0.182321556793955,0.182321556793955,0.182321556793955,0.300104592450338,0.182752420460663,0.182752420460663,-0.0847979264430772,TRUE,0.431998541230123,1.00143149747358,-0.124586577153478,FALSE,0.194178292246457,1.00099830323005,-0.0668048301272168,TRUE,0.936028681980847,1.00103031496081,-0.132138197629643,FALSE,0.205899266937419,1.00098925412773
787,"rand=1-1_rate=3_ROB=L_UH_Bias=Rct20_NRE20-35","1-1",3,"L_UH","Rct20_NRE20-35",0.182321556793955,0.182321556793955,0.182321556793955,0.182321556793955,0.182321556793955,0.300104592450338,0.195056431751793,0.195056431751793,-0.190024384764296,TRUE,0.518018684038122,1.00140705716536,-0.180937874323411,FALSE,0.294333550861684,1.00098603757241,-0.0968386054796773,TRUE,0.822182912536117,1.00118389928274,-0.192176759374219,FALSE,0.34550775902944,1.00118070939307
788,"rand=1-1_rate=3_ROB=L_UH_Bias=Rct20_NRE20-35","1-1",3,"L_UH","Rct20_NRE20-35",0.182321556793955,0.182321556793955,0.182321556793955,0.182321556793955,0.182321556793955,0.300104592450338,0.212908857378108,0.212908857378108,-0.374228493462165,FALSE,0.631122309302028,1.00098634220909,-0.36806545505514,FALSE,0.375320281505273,1.00099833837758,-0.506994319402511,TRUE,1.27518574417179,1.00113849630686,-0.343673663263501,FALSE,0.414213729625592,1.00099115051003
789,"rand=1-1_rate=3_ROB=L_UH_Bias=Rct20_NRE20-35","1-1",3,"L_UH","Rct20_NRE20-35",0.182321556793955,0.182321556793955,0.182321556793955,0.182321556793955,0.182321556793955,0.300104592450338,0.200372898680015,0.200372898680015,-0.317303285570311,FALSE,0.617725030528163,1.00102339610121,-0.245375749410305,FALSE,0.357023881918444,1.00099152261927,-0.548453976434174,FALSE,1.20145461462403,1.00101963432293,-0.197519234353623,FALSE,0.389175983253457,1.00103192796996
790,"rand=1-1_rate=3_ROB=L_UH_Bias=Rct20_NRE20-35","1-1",3,"L_UH","Rct20_NRE20-35",0.182321556793955,0.182321556793955,0.182321556793955,0.182321556793955,0.182321556793955,0.300104592450338,0.197551210149769,0.197551210149769,-0.151426053518345,TRUE,0.501452539808826,1.00101465766813,-0.140546953957957,FALSE,0.284080742231168,1.00105340522244,-0.0646297604532995,TRUE,0.755251944587019,1.00099453331355,-0.153999768183469,TRUE,0.331521106977167,1.00100613246989
791,"rand=1-1_rate=3_ROB=L_UH_Bias=Rct20_NRE20-35","1-1",3,"L_UH","Rct20_NRE20-35",0.182321556793955,0.182321556793955,0.182321556793955,0.182321556793955,0.182321556793955,0.300104592450338,0.189439959329951,0.189439959329951,-0.298783986520645,FALSE,0.573735626847974,1.00099006763846,-0.211960963095507,FALSE,0.349259270441876,1.00099386779664,-0.305401022142639,TRUE,0.879800504869199,1.00104343214722,-0.192831703849028,FALSE,0.416508800054374,1.00100018357782
792,"rand=1-1_rate=3_ROB=L_UH_Bias=Rct20_NRE20-35","1-1",3,"L_UH","Rct20_NRE20-35",0.182321556793955,0.182321556793955,0.182321556793955,0.182321556793955,0.182321556793955,0.300104592450338,0.203225646972775,0.203225646972775,-0.436435431179452,FALSE,0.690004122198524,1.00098599112967,-0.403070286085242,FALSE,0.418741475711266,1.00099341315704,-0.616086942135291,FALSE,1.46596442167233,1.00108522263426,-0.368461330071024,FALSE,0.459267834400539,1.00103367300203
793,"rand=1-1_rate=3_ROB=L_UH_Bias=Rct20_NRE20-35","1-1",3,"L_UH","Rct20_NRE20-35",0.182321556793955,0.182321556793955,0.182321556793955,0.182321556793955,0.182321556793955,0.300104592450338,0.224019252351275,0.224019252351275,-0.255896229050475,FALSE,0.530221305168185,1.00101221034859,-0.372659173190978,FALSE,0.412053504563991,1.00103418487749,-0.482861400515486,FALSE,1.30207309155722,1.00109315920503,-0.348848882965296,FALSE,0.47196921362366,1.00098963491607
794,"rand=1-1_rate=3_ROB=L_UH_Bias=Rct20_NRE20-35","1-1",3,"L_UH","Rct20_NRE20-35",0.182321556793955,0.182321556793955,0.182321556793955,0.182321556793955,0.182321556793955,0.300104592450338,0.223683144539908,0.223683144539908,-0.245794086977447,FALSE,0.530060383011914,1.00114635970758,-0.33290055219257,FALSE,0.337452786092874,1.00098599173597,-0.304502809535525,TRUE,0.843367208743082,1.00098599739826,-0.339139417597274,FALSE,0.406560662038031,1.00100906289054
795,"rand=1-1_rate=3_ROB=L_UH_Bias=Rct20_NRE20-35","1-1",3,"L_UH","Rct20_NRE20-35",0.182321556793955,0.182321556793955,0.182321556793955,0.182321556793955,0.182321556793955,0.300104592450338,0.203695277515707,0.203695277515707,-0.12254411820017,TRUE,0.555675763764372,1.00098852313069,-0.0943334998066969,TRUE,0.372300499834643,1.00101095660058,-0.147285547156833,TRUE,0.788220060523875,1.00098611438146,-0.082009520485405,TRUE,0.464836866148639,1.00100638032016
796,"rand=1-1_rate=3_ROB=L_UH_Bias=Rct20_NRE20-35","1-1",3,"L_UH","Rct20_NRE20-35",0.182321556793955,0.182321556793955,0.182321556793955,0.182321556793955,0.182321556793955,0.300104592450338,0.20798478918559,0.20798478918559,-0.173762783608697,TRUE,0.50278064640367,1.00102783265449,-0.159549617910266,FALSE,0.273969436734089,1.00103220504557,-0.142647295682673,TRUE,0.823126187457992,1.00115377266571,-0.162530576297729,FALSE,0.313259592611316,1.00098605963551
797,"rand=1-1_rate=3_ROB=L_UH_Bias=Rct20_NRE20-35","1-1",3,"L_UH","Rct20_NRE20-35",0.182321556793955,0.182321556793955,0.182321556793955,0.182321556793955,0.182321556793955,0.300104592450338,0.208456859638692,0.208456859638692,-0.184527875213758,TRUE,0.582345510523065,1.00107349077889,-0.183610367564173,FALSE,0.375471055355147,1.00109598828821,-0.301286923791422,TRUE,0.968326098547381,1.00136350524751,-0.160565522189752,TRUE,0.443377125263927,1.00101471904947
798,"rand=1-1_rate=3_ROB=L_UH_Bias=Rct20_NRE20-35","1-1",3,"L_UH","Rct20_NRE20-35",0.182321556793955,0.182321556793955,0.182321556793955,0.182321556793955,0.182321556793955,0.300104592450338,0.198767464845696,0.198767464845696,-0.0480420973432738,TRUE,0.495336052915073,1.00109526190809,-0.17001619672645,TRUE,0.373728125126462,1.00100782175963,0.16458076437304,TRUE,0.610158589798574,1.00135635697407,-0.262428522818465,FALSE,0.452107567047142,1.00100010739925
799,"rand=1-1_rate=3_ROB=L_UH_Bias=Rct20_NRE20-35","1-1",3,"L_UH","Rct20_NRE20-35",0.182321556793955,0.182321556793955,0.182321556793955,0.182321556793955,0.182321556793955,0.300104592450338,0.197490371925304,0.197490371925304,-0.35064477780713,FALSE,0.639026274455271,1.00105706001705,-0.343816153780554,FALSE,0.434587087389463,1.00099405909775,-0.310933022038716,TRUE,0.918743027585553,1.00136017425789,-0.353658923503866,FALSE,0.54433368568685,1.00100506310191
800,"rand=1-1_rate=3_ROB=L_UH_Bias=Rct20_NRE20-35","1-1",3,"L_UH","Rct20_NRE20-35",0.182321556793955,0.182321556793955,0.182321556793955,0.182321556793955,0.182321556793955,0.300104592450338,0.205199293305536,0.205199293305536,-0.01731399768043,TRUE,0.492946332150012,1.00101910169494,-0.10337237429818,TRUE,0.374939469771179,1.00103381669994,0.0810998131631446,TRUE,0.632309755316798,1.00117819376755,-0.152291830328769,TRUE,0.488912905106053,1.00099021672754
801,"rand=1-1_rate=3_ROB=L_UH_Bias=Rct20_NRE20-35","1-1",3,"L_UH","Rct20_NRE20-35",0.182321556793955,0.182321556793955,0.182321556793955,0.182321556793955,0.182321556793955,0.300104592450338,0.211897801501206,0.211897801501206,-0.409034092853351,FALSE,0.679912268421624,1.00098601621275,-0.342222924545681,FALSE,0.412957828761165,1.0010237841655,-0.570340329101122,FALSE,1.19346571379095,1.00106314458314,-0.298387543687233,FALSE,0.469339544401793,1.00098739683856
802,"rand=1-1_rate=3_ROB=L_UH_Bias=Rct20_NRE20-35","1-1",3,"L_UH","Rct20_NRE20-35",0.182321556793955,0.182321556793955,0.182321556793955,0.182321556793955,0.182321556793955,0.300104592450338,0.217836564710891,0.217836564710891,-0.366982936755026,FALSE,0.626612722575912,1.00100025693494,-0.43903297801345,FALSE,0.416916588299202,1.00099510614048,-0.258106211778219,TRUE,1.01905353387899,1.00101654420263,-0.476476479293443,FALSE,0.49443488303978,1.00099324056594
803,"rand=1-1_rate=3_ROB=L_UH_Bias=Rct20_NRE20-35","1-1",3,"L_UH","Rct20_NRE20-35",0.182321556793955,0.182321556793955,0.182321556793955,0.182321556793955,0.182321556793955,0.300104592450338,0.202692490010074,0.202692490010074,-0.124642587330607,TRUE,0.53659432502161,1.00105385439784,-0.241534607411506,FALSE,0.448004613361221,1.00099608742209,-0.0805874299222473,TRUE,0.831268848938523,1.00115711711085,-0.28704565672585,FALSE,0.568711616423617,1.00099811902523
804,"rand=1-1_rate=3_ROB=L_UH_Bias=Rct20_NRE20-35","1-1",3,"L_UH","Rct20_NRE20-35",0.182321556793955,0.182321556793955,0.182321556793955,0.182321556793955,0.182321556793955,0.300104592450338,0.197993516139983,0.197993516139983,-0.447222240260689,FALSE,0.68687097863853,1.00112968866299,-0.46217784705961,FALSE,0.411493125399175,1.00099563169673,-0.372461567479621,TRUE,1.29481712542889,1.0009871450629,-0.480791482350425,FALSE,0.469077487958656,1.00101372831584
805,"rand=1-1_rate=3_ROB=L_UH_Bias=Rct20_NRE20-35","1-1",3,"L_UH","Rct20_NRE20-35",0.182321556793955,0.182321556793955,0.182321556793955,0.182321556793955,0.182321556793955,0.300104592450338,0.186942187401052,0.186942187401052,-0.120812245280786,TRUE,0.499273628371966,1.00132459730244,-0.148592708913796,FALSE,0.297708640791392,1.00099958965348,-0.160520790508285,TRUE,0.860205273896856,1.00106757860886,-0.145379936690288,TRUE,0.351201704794866,1.00099007726987
806,"rand=1-1_rate=3_ROB=L_UH_Bias=Rct20_NRE20-35","1-1",3,"L_UH","Rct20_NRE20-35",0.182321556793955,0.182321556793955,0.182321556793955,0.182321556793955,0.182321556793955,0.300104592450338,0.202705737895978,0.202705737895978,-0.266987579385031,TRUE,0.602736812785656,1.0010203886391,-0.370634006180975,FALSE,0.427873870357772,1.00099317507123,-0.568992672264696,TRUE,1.53430581129609,1.00098601325478,-0.331513039887911,FALSE,0.469591665582156,1.00100023792323
807,"rand=1-1_rate=3_ROB=L_UH_Bias=Rct20_NRE20-35","1-1",3,"L_UH","Rct20_NRE20-35",0.182321556793955,0.182321556793955,0.182321556793955,0.182321556793955,0.182321556793955,0.300104592450338,0.202934853324809,0.202934853324809,-0.284634979307112,FALSE,0.548249689690053,1.00100009215652,-0.218243058100246,FALSE,0.269975387214427,1.00099682234428,-0.420817347381487,TRUE,1.12197283831961,1.00124701646022,-0.196486032417018,FALSE,0.285663403505867,1.00100877433572
808,"rand=1-1_rate=3_ROB=L_UH_Bias=Rct20_NRE20-35","1-1",3,"L_UH","Rct20_NRE20-35",0.182321556793955,0.182321556793955,0.182321556793955,0.182321556793955,0.182321556793955,0.300104592450338,0.202922490364309,0.202922490364309,-0.105736029264353,TRUE,0.441502596843858,1.00106236800371,-0.178208873197069,FALSE,0.247572063336327,1.00099342580621,0.0359458130483906,TRUE,0.705477191336013,1.00101395880773,-0.206039409001154,FALSE,0.280969124884039,1.00101733625778
809,"rand=1-1_rate=3_ROB=L_UH_Bias=Rct20_NRE20-35","1-1",3,"L_UH","Rct20_NRE20-35",0.182321556793955,0.182321556793955,0.182321556793955,0.182321556793955,0.182321556793955,0.300104592450338,0.212462295049939,0.212462295049939,-0.166215788492031,TRUE,0.54859402585048,1.00111180462476,-0.178781591839334,FALSE,0.345894445575659,1.00106583608133,-0.0997153562014537,TRUE,1.1578325137154,1.00105581391666,-0.192867934487193,FALSE,0.385272460329025,1.0009901744655
810,"rand=1-1_rate=3_ROB=L_UH_Bias=Rct20_NRE20-35","1-1",3,"L_UH","Rct20_NRE20-35",0.182321556793955,0.182321556793955,0.182321556793955,0.182321556793955,0.182321556793955,0.300104592450338,0.198264063356752,0.198264063356752,-0.281634732198441,FALSE,0.535277161740326,1.00106235480963,-0.331752184199362,FALSE,0.307003854657711,1.00100796542668,-0.419268376677886,TRUE,1.1941645628634,1.00101180906286,-0.317468620267645,FALSE,0.336356926207292,1.00098623446123
811,"rand=1-1_rate=3_ROB=L_UH_Bias=Rct20_NRE20-35","1-1",3,"L_UH","Rct20_NRE20-35",0.182321556793955,0.182321556793955,0.182321556793955,0.182321556793955,0.182321556793955,0.300104592450338,0.202408851036248,0.202408851036248,-0.150163454714433,TRUE,0.588076704833052,1.00105835601207,-0.21881488401875,FALSE,0.426147823426713,1.00101801030886,0.0202456118182158,TRUE,0.793152786743842,1.00110716289935,-0.286142633766574,FALSE,0.532455036165247,1.00099946549255
812,"rand=1-1_rate=3_ROB=L_UH_Bias=Rct20_NRE20-35","1-1",3,"L_UH","Rct20_NRE20-35",0.182321556793955,0.182321556793955,0.182321556793955,0.182321556793955,0.182321556793955,0.300104592450338,0.198511098481437,0.198511098481437,-0.229994914190714,TRUE,0.52242770082002,1.00106225803157,-0.186257480167953,FALSE,0.276459898869825,1.00100212812759,-0.176063340448998,TRUE,0.938943319600698,1.00113734178622,-0.18645187961903,FALSE,0.310150375576788,1.00103912477569
813,"rand=1-1_rate=3_ROB=L_UH_Bias=Rct20_NRE20-35","1-1",3,"L_UH","Rct20_NRE20-35",0.182321556793955,0.182321556793955,0.182321556793955,0.182321556793955,0.182321556793955,0.300104592450338,0.200001338703707,0.200001338703707,-0.212474832398712,TRUE,0.593171947660385,1.00100235497224,-0.363526670765858,FALSE,0.443652050131685,1.00099659463705,0.0611270444578591,TRUE,0.628290527303652,1.00099238344752,-0.484941055521394,FALSE,0.537957708466443,1.00101952399643
814,"rand=1-1_rate=3_ROB=L_UH_Bias=Rct20_NRE20-35","1-1",3,"L_UH","Rct20_NRE20-35",0.182321556793955,0.182321556793955,0.182321556793955,0.182321556793955,0.182321556793955,0.300104592450338,0.189957496998467,0.189957496998467,0.0276430613933534,TRUE,0.504981225959435,1.00105566995561,-0.0593980603617776,TRUE,0.439168034942044,1.0009869067117,-0.0260444768003985,TRUE,0.814889972356878,1.00120570563067,-0.0612808474000359,TRUE,0.568642111189424,1.0009862996129
815,"rand=1-1_rate=3_ROB=L_UH_Bias=Rct20_NRE20-35","1-1",3,"L_UH","Rct20_NRE20-35",0.182321556793955,0.182321556793955,0.182321556793955,0.182321556793955,0.182321556793955,0.300104592450338,0.195392202263938,0.195392202263938,-0.221426813822962,TRUE,0.651369203225529,1.00106691424877,-0.241894442832788,FALSE,0.443786397352343,1.00098611822055,0.145030019868529,TRUE,0.977559002327375,1.00098599363172,-0.343900259640543,FALSE,0.503598250643937,1.00098961372586
816,"rand=1-1_rate=3_ROB=L_UH_Bias=Rct20_NRE20-35","1-1",3,"L_UH","Rct20_NRE20-35",0.182321556793955,0.182321556793955,0.182321556793955,0.182321556793955,0.182321556793955,0.300104592450338,0.211716307646825,0.211716307646825,-0.246831555985755,TRUE,0.61184729070601,1.00109407105979,-0.320675289289175,FALSE,0.425320194038705,1.00098785372541,-0.237414226987268,TRUE,1.6411312371461,1.0009953413413,-0.339847228852156,FALSE,0.460411501847075,1.00099161121106
817,"rand=1-1_rate=3_ROB=L_UH_Bias=Rct20_NRE20-35","1-1",3,"L_UH","Rct20_NRE20-35",0.182321556793955,0.182321556793955,0.182321556793955,0.182321556793955,0.182321556793955,0.300104592450338,0.214240532906146,0.214240532906146,-0.279137699824439,FALSE,0.626379355405169,1.00119363281249,-0.279067056089524,FALSE,0.43536143625721,1.00099798804631,-0.459582081982969,TRUE,1.36164344115326,1.00098781921818,-0.238809619700882,FALSE,0.496327910956541,1.00101477269117
818,"rand=1-1_rate=3_ROB=L_UH_Bias=Rct20_NRE20-35","1-1",3,"L_UH","Rct20_NRE20-35",0.182321556793955,0.182321556793955,0.182321556793955,0.182321556793955,0.182321556793955,0.300104592450338,0.202426386679768,0.202426386679768,-0.147276529070058,TRUE,0.460365303565734,1.00099467457876,-0.212003480457362,FALSE,0.263067633175383,1.000986092007,-0.110835990719076,TRUE,0.802881290160683,1.00106430553437,-0.225736690293117,FALSE,0.302922391600434,1.00101239906091
819,"rand=1-1_rate=3_ROB=L_UH_Bias=Rct20_NRE20-35","1-1",3,"L_UH","Rct20_NRE20-35",0.182321556793955,0.182321556793955,0.182321556793955,0.182321556793955,0.182321556793955,0.300104592450338,0.209853166982829,0.209853166982829,-0.0595650465858339,TRUE,0.499450311561197,1.00098970978527,-0.0636283037422432,TRUE,0.33438719500579,1.00105053634147,-0.0893163164391788,TRUE,0.716259012313239,1.00101744501119,-0.0564739693743983,TRUE,0.417342992042397,1.00099023181657
820,"rand=1-1_rate=3_ROB=L_UH_Bias=Rct20_NRE20-35","1-1",3,"L_UH","Rct20_NRE20-35",0.182321556793955,0.182321556793955,0.182321556793955,0.182321556793955,0.182321556793955,0.300104592450338,0.200096365728989,0.200096365728989,-0.1320762153615,TRUE,0.492982824645955,1.00101290481718,-0.146806524932972,FALSE,0.265103887648586,1.00098603007947,-0.0229649348853613,TRUE,0.920350188017906,1.00105106514858,-0.166940400039517,FALSE,0.293970713881075,1.00099141332731
821,"rand=1-1_rate=3_ROB=L_UH_Bias=Rct20_NRE20-35","1-1",3,"L_UH","Rct20_NRE20-35",0.182321556793955,0.182321556793955,0.182321556793955,0.182321556793955,0.182321556793955,0.300104592450338,0.215174195055332,0.215174195055332,-0.146966972376787,TRUE,0.51446614812714,1.00100034043905,-0.292592513597588,FALSE,0.382038879140955,1.00100189959299,0.00730606579509641,TRUE,0.614899081113463,1.00100240420616,-0.367741820579842,FALSE,0.484504836763361,1.00098638676657
822,"rand=1-1_rate=3_ROB=L_UH_Bias=Rct20_NRE20-35","1-1",3,"L_UH","Rct20_NRE20-35",0.182321556793955,0.182321556793955,0.182321556793955,0.182321556793955,0.182321556793955,0.300104592450338,0.209285718616934,0.209285718616934,-0.322328921193378,FALSE,0.655421878538331,1.00099693632266,-0.24000761617279,FALSE,0.395593888138191,1.00103587845241,-0.534619007817273,FALSE,1.08235895606966,1.00100590187633,-0.185022208408018,TRUE,0.448189280320125,1.00103169338329
823,"rand=1-1_rate=3_ROB=L_UH_Bias=Rct20_NRE20-35","1-1",3,"L_UH","Rct20_NRE20-35",0.182321556793955,0.182321556793955,0.182321556793955,0.182321556793955,0.182321556793955,0.300104592450338,0.179008432752124,0.179008432752124,-0.254321011230176,TRUE,0.588404161201905,1.00152641459154,-0.244587037511395,FALSE,0.376761068085644,1.00098606924039,-0.241271190517731,TRUE,0.863484734847707,1.00120665221031,-0.243813784706359,FALSE,0.465192800301637,1.00098631453238
824,"rand=1-1_rate=3_ROB=L_UH_Bias=Rct20_NRE20-35","1-1",3,"L_UH","Rct20_NRE20-35",0.182321556793955,0.182321556793955,0.182321556793955,0.182321556793955,0.182321556793955,0.300104592450338,0.197194026565018,0.197194026565018,-0.294453053582888,FALSE,0.609104954494122,1.00098608893486,-0.324154536587609,FALSE,0.386571432127378,1.00107616948004,-0.536711866189013,TRUE,1.33493520317098,1.00114008365429,-0.286872199818023,FALSE,0.421563167702255,1.00099411360768
825,"rand=1-1_rate=3_ROB=L_UH_Bias=Rct20_NRE20-35","1-1",3,"L_UH","Rct20_NRE20-35",0.182321556793955,0.182321556793955,0.182321556793955,0.182321556793955,0.182321556793955,0.300104592450338,0.196054935655146,0.196054935655146,-0.2007224353962,TRUE,0.586782853228519,1.00132655685691,-0.321582430201739,FALSE,0.414414907289582,1.00100702536226,-0.115685895457521,TRUE,0.944890118921074,1.00105975474989,-0.370537229279897,FALSE,0.495515492003816,1.0010274919533
826,"rand=1-1_rate=3_ROB=L_UH_Bias=Rct20_NRE20-35","1-1",3,"L_UH","Rct20_NRE20-35",0.182321556793955,0.182321556793955,0.182321556793955,0.182321556793955,0.182321556793955,0.300104592450338,0.196292585813387,0.196292585813387,-0.183798870040687,TRUE,0.555791356829803,1.00102604415114,-0.2533467854432,FALSE,0.395725532313074,1.00100148752314,-0.0830759697301606,TRUE,0.778807619842384,1.00153119898323,-0.294246551137562,FALSE,0.490486703676427,1.00098694043072
827,"rand=1-1_rate=3_ROB=L_UH_Bias=Rct20_NRE20-35","1-1",3,"L_UH","Rct20_NRE20-35",0.182321556793955,0.182321556793955,0.182321556793955,0.182321556793955,0.182321556793955,0.300104592450338,0.20949031458165,0.20949031458165,-0.0764660476157997,TRUE,0.527296338536538,1.00099642866134,-0.12945456937808,TRUE,0.360963787575377,1.00104576664706,-0.115723552878367,TRUE,1.0059408659656,1.00098654564574,-0.129891746792209,TRUE,0.421422773849335,1.00101583575375
828,"rand=1-1_rate=3_ROB=L_UH_Bias=Rct20_NRE20-35","1-1",3,"L_UH","Rct20_NRE20-35",0.182321556793955,0.182321556793955,0.182321556793955,0.182321556793955,0.182321556793955,0.300104592450338,0.216540512247912,0.216540512247912,-0.312377719722838,FALSE,0.566749125814415,1.00100316898205,-0.367353764451793,FALSE,0.384964340087266,1.00099272429179,-0.249571354425488,TRUE,1.30016236911109,1.00099698676407,-0.391126774834121,FALSE,0.424609245965724,1.0010063782491
829,"rand=1-1_rate=3_ROB=L_UH_Bias=Rct20_NRE20-35","1-1",3,"L_UH","Rct20_NRE20-35",0.182321556793955,0.182321556793955,0.182321556793955,0.182321556793955,0.182321556793955,0.300104592450338,0.204069215433058,0.204069215433058,-0.221598163827536,TRUE,0.559741216250378,1.00114728745489,-0.274688210179932,FALSE,0.358076901426319,1.00104565845188,-0.221328325987391,TRUE,1.09866252352901,1.0010918529693,-0.285735811762611,FALSE,0.404539297649481,1.00102586475526
830,"rand=1-1_rate=3_ROB=L_UH_Bias=Rct20_NRE20-35","1-1",3,"L_UH","Rct20_NRE20-35",0.182321556793955,0.182321556793955,0.182321556793955,0.182321556793955,0.182321556793955,0.300104592450338,0.196594909118726,0.196594909118726,-0.248960359624823,TRUE,0.59811509966628,1.00125901024944,-0.297854978030759,FALSE,0.411469099960337,1.00099860780194,-0.49656885269486,FALSE,1.1534278156944,1.00112595973409,-0.260846403790455,FALSE,0.478089262636145,1.00098606379267
831,"rand=1-1_rate=3_ROB=L_UH_Bias=Rct20_NRE20-35","1-1",3,"L_UH","Rct20_NRE20-35",0.182321556793955,0.182321556793955,0.182321556793955,0.182321556793955,0.182321556793955,0.300104592450338,0.217569522617112,0.217569522617112,-0.251260280075038,TRUE,0.675510993900501,1.00101727940572,-0.318149643865814,FALSE,0.52180448434921,1.00098746454452,-0.359961309205909,TRUE,1.48011172456188,1.00102288438312,-0.304907771290134,FALSE,0.612114959164925,1.00104526033849
832,"rand=1-1_rate=3_ROB=L_UH_Bias=Rct20_NRE20-35","1-1",3,"L_UH","Rct20_NRE20-35",0.182321556793955,0.182321556793955,0.182321556793955,0.182321556793955,0.182321556793955,0.300104592450338,0.198927645110964,0.198927645110964,-0.28888603896365,FALSE,0.572578719059351,1.0009860581245,-0.382137684936015,FALSE,0.36311179436915,1.00103005672772,-0.302756270359335,TRUE,1.32284710812679,1.00112038501,-0.398810553407057,FALSE,0.395543922616642,1.00098605652649
833,"rand=1-1_rate=3_ROB=L_UH_Bias=Rct20_NRE20-35","1-1",3,"L_UH","Rct20_NRE20-35",0.182321556793955,0.182321556793955,0.182321556793955,0.182321556793955,0.182321556793955,0.300104592450338,0.20210026866542,0.20210026866542,0.0235204535676455,TRUE,0.534074763884263,1.00110835872271,-0.0639658260386102,TRUE,0.396833866712137,1.00102424929906,0.169385409909445,TRUE,0.616652210435735,1.00121117238107,-0.133445996155586,TRUE,0.513518654946177,1.00099898532341
834,"rand=1-1_rate=3_ROB=L_UH_Bias=Rct20_NRE20-35","1-1",3,"L_UH","Rct20_NRE20-35",0.182321556793955,0.182321556793955,0.182321556793955,0.182321556793955,0.182321556793955,0.300104592450338,0.194954015753211,0.194954015753211,-0.273479489155296,TRUE,0.6260872802187,1.0009890978234,-0.266809853098537,FALSE,0.347960620925532,1.00099103581302,0.0532155693941273,TRUE,1.03999373406841,1.00098857317357,-0.333277307900539,FALSE,0.367479237242665,1.00100686087242
835,"rand=1-1_rate=3_ROB=L_UH_Bias=Rct20_NRE20-35","1-1",3,"L_UH","Rct20_NRE20-35",0.182321556793955,0.182321556793955,0.182321556793955,0.182321556793955,0.182321556793955,0.300104592450338,0.203332652870072,0.203332652870072,-0.114769961571837,TRUE,0.482734219738019,1.00109353011143,-0.0677022140241132,TRUE,0.261616584463946,1.00101599776206,-0.197510622808341,TRUE,0.865813088609838,1.00098669110383,-0.047772987822047,TRUE,0.29005895668782,1.00099797900255
836,"rand=1-1_rate=3_ROB=L_UH_Bias=Rct20_NRE20-35","1-1",3,"L_UH","Rct20_NRE20-35",0.182321556793955,0.182321556793955,0.182321556793955,0.182321556793955,0.182321556793955,0.300104592450338,0.197138969423526,0.197138969423526,-0.109902218722063,TRUE,0.516969509064539,1.00103306013469,-0.144481810823601,TRUE,0.347819693209018,1.00098829860621,-0.299643565076129,TRUE,0.931674575873929,1.00100233874368,-0.112455429849703,TRUE,0.406603756138908,1.00099069119375
837,"rand=1-1_rate=3_ROB=L_UH_Bias=Rct20_NRE20-35","1-1",3,"L_UH","Rct20_NRE20-35",0.182321556793955,0.182321556793955,0.182321556793955,0.182321556793955,0.182321556793955,0.300104592450338,0.182620595931786,0.182620595931786,-0.384707453993239,FALSE,0.743766284375662,1.00110152114329,-0.34323831264045,FALSE,0.46814439229512,1.00099712583202,-0.0238061057839132,TRUE,1.17257919708204,1.00098598994734,-0.42315696617121,FALSE,0.535916262770985,1.00098897745467
838,"rand=1-1_rate=3_ROB=L_UH_Bias=Rct20_NRE20-35","1-1",3,"L_UH","Rct20_NRE20-35",0.182321556793955,0.182321556793955,0.182321556793955,0.182321556793955,0.182321556793955,0.300104592450338,0.213533239453043,0.213533239453043,-0.190349156847411,TRUE,0.560246571427381,1.0010935315964,-0.182453878225426,FALSE,0.356450593527381,1.00100943658538,-0.0944922296390871,TRUE,0.740894235277415,1.00119495650992,-0.200269298605622,TRUE,0.443108533173952,1.00100584998909
839,"rand=1-1_rate=3_ROB=L_UH_Bias=Rct20_NRE20-35","1-1",3,"L_UH","Rct20_NRE20-35",0.182321556793955,0.182321556793955,0.182321556793955,0.182321556793955,0.182321556793955,0.300104592450338,0.192503537004695,0.192503537004695,-0.0250573246922328,TRUE,0.526296904651353,1.00098705122235,-0.086183461413923,TRUE,0.395167062708252,1.00099205895475,0.0473971855813197,TRUE,0.687457636481599,1.00099892978276,-0.123440585385933,TRUE,0.519452785294103,1.00099592090559
840,"rand=1-1_rate=3_ROB=L_UH_Bias=Rct20_NRE20-35","1-1",3,"L_UH","Rct20_NRE20-35",0.182321556793955,0.182321556793955,0.182321556793955,0.182321556793955,0.182321556793955,0.300104592450338,0.180632643341591,0.180632643341591,-0.0445428356839574,TRUE,0.496844332985306,1.00101150104827,-0.0452764044487604,TRUE,0.313848049498515,1.00106201502681,0.115130269140973,TRUE,0.686969219264122,1.00099155308444,-0.0793555686468157,TRUE,0.380069470686767,1.00099219373131
841,"rand=1-1_rate=3_ROB=L_UH_Bias=Rct20_NRE20-35","1-1",3,"L_UH","Rct20_NRE20-35",0.182321556793955,0.182321556793955,0.182321556793955,0.182321556793955,0.182321556793955,0.300104592450338,0.212375650765888,0.212375650765888,0.0413266586196408,TRUE,0.427469308650031,1.00102123931703,-0.0546253225453917,TRUE,0.309179599819044,1.00106056904282,0.109804758347181,TRUE,0.697858108763348,1.0009943094945,-0.0905277858035216,TRUE,0.368759440623905,1.00100351563334
842,"rand=1-1_rate=3_ROB=L_UH_Bias=Rct20_NRE20-35","1-1",3,"L_UH","Rct20_NRE20-35",0.182321556793955,0.182321556793955,0.182321556793955,0.182321556793955,0.182321556793955,0.300104592450338,0.213455032029432,0.213455032029432,-0.250030414678136,TRUE,0.602902059941862,1.00106253673365,-0.190094157367704,FALSE,0.380768005597651,1.00099553467426,-0.239299174525524,TRUE,1.1102336219487,1.00110662535581,-0.177169442979259,TRUE,0.443953944244383,1.00099158336148
843,"rand=1-1_rate=3_ROB=L_UH_Bias=Rct20_NRE20-35","1-1",3,"L_UH","Rct20_NRE20-35",0.182321556793955,0.182321556793955,0.182321556793955,0.182321556793955,0.182321556793955,0.300104592450338,0.193361447365892,0.193361447365892,-0.214412959787389,TRUE,0.584342799987511,1.00099333640869,-0.212295503769719,FALSE,0.370081324164498,1.00099329481198,-0.281557246199867,TRUE,0.920125858099176,1.00098712851508,-0.19747944637747,TRUE,0.445588493617877,1.00100935093851
844,"rand=1-1_rate=3_ROB=L_UH_Bias=Rct20_NRE20-35","1-1",3,"L_UH","Rct20_NRE20-35",0.182321556793955,0.182321556793955,0.182321556793955,0.182321556793955,0.182321556793955,0.300104592450338,0.193864861589113,0.193864861589113,-0.0279664844550542,TRUE,0.529789333999096,1.00098692469398,-0.0738767166413075,TRUE,0.39027760904234,1.00108172582789,-0.0999152934634815,TRUE,1.57723049633126,1.00101918951738,-0.0725164483297669,TRUE,0.417849981972319,1.00099658210601
845,"rand=1-1_rate=3_ROB=L_UH_Bias=Rct20_NRE20-35","1-1",3,"L_UH","Rct20_NRE20-35",0.182321556793955,0.182321556793955,0.182321556793955,0.182321556793955,0.182321556793955,0.300104592450338,0.197823105830316,0.197823105830316,-0.210423584577188,TRUE,0.652392500932754,1.00103206205872,-0.296239554972382,FALSE,0.507618527518767,1.00105043330524,-0.481366602675838,TRUE,1.31104938319144,1.00112898761147,-0.253874788763416,TRUE,0.601757873554411,1.00099932622321
846,"rand=1-1_rate=3_ROB=L_UH_Bias=Rct20_NRE20-35","1-1",3,"L_UH","Rct20_NRE20-35",0.182321556793955,0.182321556793955,0.182321556793955,0.182321556793955,0.182321556793955,0.300104592450338,0.196243162287254,0.196243162287254,-0.265266791502198,FALSE,0.545322597133109,1.00099360621958,-0.3963973989927,FALSE,0.41488021592508,1.00106601343764,-0.280365587326314,TRUE,1.19293127236704,1.0009911830481,-0.419171459150233,FALSE,0.473446715984008,1.00102144288804
847,"rand=1-1_rate=3_ROB=L_UH_Bias=Rct20_NRE20-35","1-1",3,"L_UH","Rct20_NRE20-35",0.182321556793955,0.182321556793955,0.182321556793955,0.182321556793955,0.182321556793955,0.300104592450338,0.199695709758016,0.199695709758016,-0.221102355737321,TRUE,0.500165786221187,1.00102255787253,-0.29935449626792,FALSE,0.324998177330243,1.00099549954623,0.0187790547510011,TRUE,0.727294341056168,1.00103515659596,-0.354902745782269,FALSE,0.372004800200723,1.00102366929925
848,"rand=1-1_rate=3_ROB=L_UH_Bias=Rct20_NRE20-35","1-1",3,"L_UH","Rct20_NRE20-35",0.182321556793955,0.182321556793955,0.182321556793955,0.182321556793955,0.182321556793955,0.300104592450338,0.207950451744164,0.207950451744164,-0.231045592928297,TRUE,0.579836932413841,1.00099704317408,-0.268013370535189,FALSE,0.343575868274397,1.00108988465436,-0.180323712379394,TRUE,1.36608450928472,1.00099130315638,-0.288802633905412,FALSE,0.3677607643641,1.00100716367644
849,"rand=1-1_rate=3_ROB=L_UH_Bias=Rct20_NRE20-35","1-1",3,"L_UH","Rct20_NRE20-35",0.182321556793955,0.182321556793955,0.182321556793955,0.182321556793955,0.182321556793955,0.300104592450338,0.193696868495565,0.193696868495565,-0.253776480619729,TRUE,0.656898693176551,1.00098905750374,-0.224655230982747,FALSE,0.413376472454654,1.00099018256595,-0.56007597599197,FALSE,1.33641987207389,1.0010521934017,-0.156426177609022,TRUE,0.437791432746501,1.00098841935556
850,"rand=1-1_rate=3_ROB=L_UH_Bias=Rct20_NRE20-35","1-1",3,"L_UH","Rct20_NRE20-35",0.182321556793955,0.182321556793955,0.182321556793955,0.182321556793955,0.182321556793955,0.300104592450338,0.219351981644641,0.219351981644641,-0.222278367270641,TRUE,0.650253921400438,1.00103752792592,-0.239913760053569,FALSE,0.527524744907476,1.0010063451427,-0.397113618688937,TRUE,0.986940354923581,1.00098617878137,-0.198257693841983,TRUE,0.667574168621787,1.00099433414634
851,"rand=1-1_rate=3_ROB=L_UH_Bias=Rct20_NRE20-35","1-1",3,"L_UH","Rct20_NRE20-35",0.182321556793955,0.182321556793955,0.182321556793955,0.182321556793955,0.182321556793955,0.300104592450338,0.213732197573585,0.213732197573585,-0.182785153905148,TRUE,0.506338715853362,1.00101150077724,-0.246188187059534,FALSE,0.348660313692804,1.00099870986858,-0.460245752368671,FALSE,1.07773123823631,1.00107095115453,-0.20721539094143,FALSE,0.389192564907443,1.00101168112237
852,"rand=1-1_rate=3_ROB=L_UH_Bias=Rct20_NRE20-35","1-1",3,"L_UH","Rct20_NRE20-35",0.182321556793955,0.182321556793955,0.182321556793955,0.182321556793955,0.182321556793955,0.300104592450338,0.201103633555938,0.201103633555938,-0.220417208350272,TRUE,0.514384065674746,1.00122322070004,-0.217297231588977,FALSE,0.285216325496777,1.00099524595654,-0.259590420127088,TRUE,0.88842664413024,1.0009915279677,-0.211317670745774,FALSE,0.323587191621616,1.00098795255622
853,"rand=1-1_rate=3_ROB=L_UH_Bias=Rct20_NRE20-35","1-1",3,"L_UH","Rct20_NRE20-35",0.182321556793955,0.182321556793955,0.182321556793955,0.182321556793955,0.182321556793955,0.300104592450338,0.20843955684241,0.20843955684241,0.0707239109380817,TRUE,0.493126340857226,1.00104901418066,0.0013870613829714,TRUE,0.423833133075342,1.00100180265219,-0.0828410231318899,TRUE,1.20324522566306,1.00102105382766,0.0289263120259955,TRUE,0.508229893789182,1.00102030890457
854,"rand=1-1_rate=3_ROB=L_UH_Bias=Rct20_NRE20-35","1-1",3,"L_UH","Rct20_NRE20-35",0.182321556793955,0.182321556793955,0.182321556793955,0.182321556793955,0.182321556793955,0.300104592450338,0.199645611147943,0.199645611147943,-0.373730838310112,FALSE,0.683875729335839,1.00115676301537,-0.352505937868875,FALSE,0.435110187436068,1.00101987545461,-0.328422873221817,TRUE,1.20659135054096,1.0017300500349,-0.357809385309347,FALSE,0.519604460966695,1.00099683506182
855,"rand=1-1_rate=3_ROB=L_UH_Bias=Rct20_NRE20-35","1-1",3,"L_UH","Rct20_NRE20-35",0.182321556793955,0.182321556793955,0.182321556793955,0.182321556793955,0.182321556793955,0.300104592450338,0.202796641526086,0.202796641526086,-0.112230130840858,TRUE,0.568217672693743,1.00110770718342,-0.141621745174146,TRUE,0.419716221182467,1.0010042111433,-0.157197586086628,TRUE,0.766382895230624,1.00192778782671,-0.138814354962038,TRUE,0.551937119332823,1.00099948268572
856,"rand=1-1_rate=3_ROB=L_UH_Bias=Rct20_NRE20-35","1-1",3,"L_UH","Rct20_NRE20-35",0.182321556793955,0.182321556793955,0.182321556793955,0.182321556793955,0.182321556793955,0.300104592450338,0.185765181926552,0.185765181926552,-0.147632186893147,TRUE,0.541277696838748,1.00099918735031,-0.0949134822845996,TRUE,0.340689430844876,1.00098680857186,-0.25953953663114,TRUE,0.806784513694142,1.00099058620704,-0.059514415710586,TRUE,0.408872825440073,1.00098673507978
857,"rand=1-1_rate=3_ROB=L_UH_Bias=Rct20_NRE20-35","1-1",3,"L_UH","Rct20_NRE20-35",0.182321556793955,0.182321556793955,0.182321556793955,0.182321556793955,0.182321556793955,0.300104592450338,0.185016567503526,0.185016567503526,-0.200271350605459,TRUE,0.55739641909865,1.00102974248769,-0.150779081787069,TRUE,0.334000856585331,1.00098603173193,-0.0522523212975399,TRUE,0.758603494365596,1.00101016739927,-0.169357711413845,TRUE,0.403594582858711,1.00098745627413
858,"rand=1-1_rate=3_ROB=L_UH_Bias=Rct20_NRE20-35","1-1",3,"L_UH","Rct20_NRE20-35",0.182321556793955,0.182321556793955,0.182321556793955,0.182321556793955,0.182321556793955,0.300104592450338,0.193825517971493,0.193825517971493,-0.316365242189617,FALSE,0.529946997733045,1.00108905856904,-0.443364579610851,FALSE,0.355618891923909,1.00101660098119,-0.218673963226351,TRUE,0.933577237567162,1.00127477463064,-0.478976858258382,FALSE,0.412314607539888,1.00099405057321
859,"rand=1-1_rate=3_ROB=L_UH_Bias=Rct20_NRE20-35","1-1",3,"L_UH","Rct20_NRE20-35",0.182321556793955,0.182321556793955,0.182321556793955,0.182321556793955,0.182321556793955,0.300104592450338,0.203676345231637,0.203676345231637,-0.132110363121297,TRUE,0.544846499705966,1.00110877574778,-0.146992023420013,TRUE,0.342116239232863,1.00104439549735,-0.0983472092279793,TRUE,0.832720661156087,1.00098599234265,-0.156709067674786,TRUE,0.413898342922445,1.00098686876696
860,"rand=1-1_rate=3_ROB=L_UH_Bias=Rct20_NRE20-35","1-1",3,"L_UH","Rct20_NRE20-35",0.182321556793955,0.182321556793955,0.182321556793955,0.182321556793955,0.182321556793955,0.300104592450338,0.205875520142167,0.205875520142167,-0.262901995403234,TRUE,0.648811932271535,1.00098678775034,-0.20601104983829,FALSE,0.402463749818828,1.00099299943167,-0.347753988572553,TRUE,1.36218611024944,1.00098713109859,-0.174322930245941,TRUE,0.444657550091249,1.00099760594626
861,"rand=1-1_rate=3_ROB=L_UH_Bias=Rct20_NRE20-35","1-1",3,"L_UH","Rct20_NRE20-35",0.182321556793955,0.182321556793955,0.182321556793955,0.182321556793955,0.182321556793955,0.300104592450338,0.194687446578631,0.194687446578631,-0.12027814593772,TRUE,0.440815712481207,1.00102752358064,-0.158052781902712,FALSE,0.209796607101325,1.00103311456165,-0.0370442904475625,TRUE,0.83123889732325,1.00106627288708,-0.171972408866486,FALSE,0.224992854029679,1.00103244522748
862,"rand=1-1_rate=3_ROB=L_UH_Bias=Rct20_NRE20-35","1-1",3,"L_UH","Rct20_NRE20-35",0.182321556793955,0.182321556793955,0.182321556793955,0.182321556793955,0.182321556793955,0.300104592450338,0.183736959929752,0.183736959929752,-0.218347435699811,TRUE,0.615673833837558,1.00108878278034,-0.203377764224161,FALSE,0.421156709872325,1.00103827609933,-0.214628469942103,TRUE,1.04139688054816,1.00099546967814,-0.197801485154292,TRUE,0.510704212748391,1.0009921424336
863,"rand=1-1_rate=3_ROB=L_UH_Bias=Rct20_NRE20-35","1-1",3,"L_UH","Rct20_NRE20-35",0.182321556793955,0.182321556793955,0.182321556793955,0.182321556793955,0.182321556793955,0.300104592450338,0.200206083029349,0.200206083029349,-0.206724515136945,TRUE,0.693855468142444,1.0010417844182,-0.279700102555665,FALSE,0.551910292651335,1.00099570946179,-0.174489174684964,TRUE,1.18585736308241,1.00104088556305,-0.309122273027657,FALSE,0.698933106071408,1.0009881746012
864,"rand=1-1_rate=3_ROB=L_UH_Bias=Rct20_NRE20-35","1-1",3,"L_UH","Rct20_NRE20-35",0.182321556793955,0.182321556793955,0.182321556793955,0.182321556793955,0.182321556793955,0.300104592450338,0.210616659634534,0.210616659634534,-0.0928238595126352,TRUE,0.508087667967208,1.00102322654185,-0.0703897120456205,TRUE,0.328009228708191,1.00099116792118,-0.0855103804164881,TRUE,0.792546859419686,1.00104406276512,-0.0692141813296423,TRUE,0.39768170113645,1.00098890322329
865,"rand=1-1_rate=3_ROB=L_UH_Bias=Rct20_NRE20-35","1-1",3,"L_UH","Rct20_NRE20-35",0.182321556793955,0.182321556793955,0.182321556793955,0.182321556793955,0.182321556793955,0.300104592450338,0.197736255424766,0.197736255424766,-0.452894980680143,FALSE,0.614480166609745,1.0009878604515,-0.361080139389267,FALSE,0.33603456975622,1.00100218004524,-0.552428656887926,TRUE,1.72887991826679,1.0009912862228,-0.339721649077782,FALSE,0.342855877786991,1.00100140837527
866,"rand=1-1_rate=3_ROB=L_UH_Bias=Rct20_NRE20-35","1-1",3,"L_UH","Rct20_NRE20-35",0.182321556793955,0.182321556793955,0.182321556793955,0.182321556793955,0.182321556793955,0.300104592450338,0.206370404432793,0.206370404432793,-0.177070398563866,TRUE,0.527070817867058,1.00099545993267,-0.271429199337915,FALSE,0.343105538466414,1.00101875252604,-0.149232809672125,TRUE,1.08340506503089,1.00098925620837,-0.293523000114634,FALSE,0.384345295693442,1.0010076379428
867,"rand=1-1_rate=3_ROB=L_UH_Bias=Rct20_NRE20-35","1-1",3,"L_UH","Rct20_NRE20-35",0.182321556793955,0.182321556793955,0.182321556793955,0.182321556793955,0.182321556793955,0.300104592450338,0.187976649152391,0.187976649152391,-0.156100379542942,TRUE,0.589279063339724,1.0011130654984,-0.16557628052535,TRUE,0.41268044837366,1.00101546863969,-0.255692411860954,TRUE,0.993429791306204,1.00098766655803,-0.142193683825324,TRUE,0.497192193927848,1.0009869711695
868,"rand=1-1_rate=3_ROB=L_UH_Bias=Rct20_NRE20-35","1-1",3,"L_UH","Rct20_NRE20-35",0.182321556793955,0.182321556793955,0.182321556793955,0.182321556793955,0.182321556793955,0.300104592450338,0.223382630068002,0.223382630068002,-0.00630789877340954,TRUE,0.473441280757746,1.00098599334457,-0.151180011449862,TRUE,0.361948003806411,1.00098683106594,0.349627522363089,FALSE,0.455205894363221,1.00126818650857,-0.283659940911693,FALSE,0.381960757367802,1.00098599439711
869,"rand=1-1_rate=3_ROB=L_UH_Bias=Rct20_NRE20-35","1-1",3,"L_UH","Rct20_NRE20-35",0.182321556793955,0.182321556793955,0.182321556793955,0.182321556793955,0.182321556793955,0.300104592450338,0.200297514677785,0.200297514677785,-0.15263171122127,TRUE,0.545109893196163,1.00101457038981,-0.150658118630092,TRUE,0.344632038012667,1.0009860852851,-0.182999496673776,TRUE,0.932804634121516,1.00107672942423,-0.1442777030169,TRUE,0.401961338504828,1.00108221788673
870,"rand=1-1_rate=3_ROB=L_UH_Bias=Rct20_NRE20-35","1-1",3,"L_UH","Rct20_NRE20-35",0.182321556793955,0.182321556793955,0.182321556793955,0.182321556793955,0.182321556793955,0.300104592450338,0.211091509300643,0.211091509300643,-0.136380492858543,TRUE,0.56472531452834,1.00098625247785,-0.177215924886443,FALSE,0.366809889321197,1.00104271169927,0.0290382200998763,TRUE,0.751507937925655,1.00099385308837,-0.227476318281766,FALSE,0.447836814613117,1.00098605421234
871,"rand=1-1_rate=3_ROB=L_UH_Bias=Rct20_NRE20-35","1-1",3,"L_UH","Rct20_NRE20-35",0.182321556793955,0.182321556793955,0.182321556793955,0.182321556793955,0.182321556793955,0.300104592450338,0.208010663867568,0.208010663867568,-0.316620027377757,FALSE,0.736490425699354,1.00100362704622,-0.390202984187761,FALSE,0.559462543847595,1.00110173505629,-0.432920384081182,TRUE,1.89969057459825,1.00098623117597,-0.382462247930996,FALSE,0.638760113820107,1.00100700519581
872,"rand=1-1_rate=3_ROB=L_UH_Bias=Rct20_NRE20-35","1-1",3,"L_UH","Rct20_NRE20-35",0.182321556793955,0.182321556793955,0.182321556793955,0.182321556793955,0.182321556793955,0.300104592450338,0.199021622487163,0.199021622487163,-0.325938871687284,FALSE,0.652341738414368,1.001290650534,-0.281707102844872,FALSE,0.438120013254944,1.0009863945991,-0.485766607073897,FALSE,1.00341572631964,1.00099610291084,-0.240863130041573,FALSE,0.531864078214122,1.00099490996631
873,"rand=1-1_rate=3_ROB=L_UH_Bias=Rct20_NRE20-35","1-1",3,"L_UH","Rct20_NRE20-35",0.182321556793955,0.182321556793955,0.182321556793955,0.182321556793955,0.182321556793955,0.300104592450338,0.207980698571358,0.207980698571358,-0.24663348233281,TRUE,0.616664957400945,1.00102709226493,-0.322752423184955,FALSE,0.423475450633041,1.00103002239048,-0.298931045720103,TRUE,1.40041703702922,1.00098872918704,-0.327296588712146,FALSE,0.47565289992765,1.00101297068828
874,"rand=1-1_rate=3_ROB=L_UH_Bias=Rct20_NRE20-35","1-1",3,"L_UH","Rct20_NRE20-35",0.182321556793955,0.182321556793955,0.182321556793955,0.182321556793955,0.182321556793955,0.300104592450338,0.193345692156083,0.193345692156083,-0.20332270398631,TRUE,0.536290621359709,1.00102592900437,-0.184887895288296,FALSE,0.294705913419663,1.00105263837715,-0.419269346526818,TRUE,1.13370656751956,1.00140450008899,-0.155429044146219,FALSE,0.321830045707598,1.00098924574744
875,"rand=1-1_rate=3_ROB=L_UH_Bias=Rct20_NRE20-35","1-1",3,"L_UH","Rct20_NRE20-35",0.182321556793955,0.182321556793955,0.182321556793955,0.182321556793955,0.182321556793955,0.300104592450338,0.198858129527505,0.198858129527505,-0.414399771749382,FALSE,0.630412336678552,1.00105487160627,-0.373924530505541,FALSE,0.336987204664548,1.00099653536894,-0.511582876387791,TRUE,1.67665765131312,1.00099962780973,-0.354320136826721,FALSE,0.341379963789822,1.00102868713957
876,"rand=1-1_rate=3_ROB=L_UH_Bias=Rct20_NRE20-35","1-1",3,"L_UH","Rct20_NRE20-35",0.182321556793955,0.182321556793955,0.182321556793955,0.182321556793955,0.182321556793955,0.300104592450338,0.213387449609919,0.213387449609919,-0.0823340440636247,TRUE,0.542288945224212,1.00107664578818,-0.168095735850718,TRUE,0.377951761318839,1.00098619485896,0.0442734686965019,TRUE,0.680004921299927,1.00136512186129,-0.220970448318129,FALSE,0.478487152277375,1.00098894227594
877,"rand=1-1_rate=3_ROB=L_UH_Bias=Rct20_NRE20-35","1-1",3,"L_UH","Rct20_NRE20-35",0.182321556793955,0.182321556793955,0.182321556793955,0.182321556793955,0.182321556793955,0.300104592450338,0.198604969518664,0.198604969518664,-0.172880624865885,TRUE,0.568272659553724,1.00101098499133,-0.187395939597798,FALSE,0.372395523018215,1.00098915610677,0.0589520916290335,TRUE,0.745393737761687,1.0012497366592,-0.251476595743004,FALSE,0.44710326678567,1.00099124765648
878,"rand=1-1_rate=3_ROB=L_UH_Bias=Rct20_NRE20-35","1-1",3,"L_UH","Rct20_NRE20-35",0.182321556793955,0.182321556793955,0.182321556793955,0.182321556793955,0.182321556793955,0.300104592450338,0.197568024262017,0.197568024262017,-0.162582537531758,TRUE,0.591484363099824,1.0009886074409,-0.199456217453885,FALSE,0.403095273099234,1.00098632350181,-0.199513588406129,TRUE,1.11199093772703,1.00106926906075,-0.202393833153372,TRUE,0.477072784092517,1.00104328502969
879,"rand=1-1_rate=3_ROB=L_UH_Bias=Rct20_NRE20-35","1-1",3,"L_UH","Rct20_NRE20-35",0.182321556793955,0.182321556793955,0.182321556793955,0.182321556793955,0.182321556793955,0.300104592450338,0.206497417511667,0.206497417511667,-0.45296903996541,FALSE,0.642473290221526,1.00099963658216,-0.439960876841242,FALSE,0.369507510034712,1.00098601127049,-0.26104049561014,TRUE,0.973558441171929,1.00122896270782,-0.471592149405462,FALSE,0.42560681893262,1.0010280946525
880,"rand=1-1_rate=3_ROB=L_UH_Bias=Rct20_NRE20-35","1-1",3,"L_UH","Rct20_NRE20-35",0.182321556793955,0.182321556793955,0.182321556793955,0.182321556793955,0.182321556793955,0.300104592450338,0.207675013794847,0.207675013794847,-0.223776943919777,TRUE,0.517333581103821,1.00099425274108,-0.244792153507218,FALSE,0.254795208618981,1.0009869762868,-0.18820776214951,TRUE,1.40389176435093,1.00102303528412,-0.249777162822656,FALSE,0.265047850845733,1.00099840126572
881,"rand=1-1_rate=3_ROB=L_UH_Bias=Rct20_NRE20-35","1-1",3,"L_UH","Rct20_NRE20-35",0.182321556793955,0.182321556793955,0.182321556793955,0.182321556793955,0.182321556793955,0.300104592450338,0.190585177969615,0.190585177969615,-0.324448057953095,FALSE,0.702049279009892,1.001137036593,-0.337590472536985,FALSE,0.428699282322585,1.00098700614123,-0.00647077251840789,TRUE,0.978761263389568,1.00098643650648,-0.416764956125385,FALSE,0.487633242706411,1.00101582479192
882,"rand=1-1_rate=3_ROB=L_UH_Bias=Rct20_NRE20-35","1-1",3,"L_UH","Rct20_NRE20-35",0.182321556793955,0.182321556793955,0.182321556793955,0.182321556793955,0.182321556793955,0.300104592450338,0.211239671086289,0.211239671086289,-0.0122750431804652,TRUE,0.433003426280234,1.00099454406541,-0.0819072749583576,TRUE,0.258234589923286,1.001039531364,0.0972249706080149,TRUE,0.604041292923444,1.00121707870745,-0.112039301022752,TRUE,0.302512168640442,1.00104675786435
883,"rand=1-1_rate=3_ROB=L_UH_Bias=Rct20_NRE20-35","1-1",3,"L_UH","Rct20_NRE20-35",0.182321556793955,0.182321556793955,0.182321556793955,0.182321556793955,0.182321556793955,0.300104592450338,0.213716600824278,0.213716600824278,-0.159597071992085,TRUE,0.54121377866527,1.00106521916287,-0.23182815096807,FALSE,0.370326759876,1.00098683956964,-0.225232947066417,TRUE,1.16809862070991,1.00106398275297,-0.235482220303814,FALSE,0.416771829585217,1.000999356767
884,"rand=1-1_rate=3_ROB=L_UH_Bias=Rct20_NRE20-35","1-1",3,"L_UH","Rct20_NRE20-35",0.182321556793955,0.182321556793955,0.182321556793955,0.182321556793955,0.182321556793955,0.300104592450338,0.171714307780991,0.171714307780991,-0.292158367360872,FALSE,0.604869041150319,1.00099745575098,-0.260687170649255,FALSE,0.358499866650607,1.00098774459517,-0.45700202332167,TRUE,1.14069484201935,1.00114414402765,-0.231758699663336,FALSE,0.394004385628892,1.00099703761582
885,"rand=1-1_rate=3_ROB=L_UH_Bias=Rct20_NRE20-35","1-1",3,"L_UH","Rct20_NRE20-35",0.182321556793955,0.182321556793955,0.182321556793955,0.182321556793955,0.182321556793955,0.300104592450338,0.207364933756445,0.207364933756445,-0.19112472190269,TRUE,0.492673019141019,1.0010977456798,-0.294669727596962,FALSE,0.298751639783491,1.00103236832755,-0.0182373272578362,TRUE,0.700866021935153,1.00145713359613,-0.338637242147486,FALSE,0.341344385318794,1.00104068494631
886,"rand=1-1_rate=3_ROB=L_UH_Bias=Rct20_NRE20-35","1-1",3,"L_UH","Rct20_NRE20-35",0.182321556793955,0.182321556793955,0.182321556793955,0.182321556793955,0.182321556793955,0.300104592450338,0.209504182956813,0.209504182956813,-0.2075286032493,TRUE,0.536500585435772,1.00118925725927,-0.269560011659495,FALSE,0.37223671753807,1.00098989322806,-0.161658944708369,TRUE,0.907020014416557,1.00104334722431,-0.29231006440559,FALSE,0.448081774806216,1.0009864885922
887,"rand=1-1_rate=3_ROB=L_UH_Bias=Rct20_NRE20-35","1-1",3,"L_UH","Rct20_NRE20-35",0.182321556793955,0.182321556793955,0.182321556793955,0.182321556793955,0.182321556793955,0.300104592450338,0.213257996798307,0.213257996798307,-0.0880266201055016,TRUE,0.520637897357695,1.00117466115804,-0.0912134124413539,TRUE,0.325174300504414,1.00101081769796,-0.151566163098484,TRUE,0.948429634740613,1.00098754128643,-0.0811709420541076,TRUE,0.375444021210654,1.00099507896208
888,"rand=1-1_rate=3_ROB=L_UH_Bias=Rct20_NRE20-35","1-1",3,"L_UH","Rct20_NRE20-35",0.182321556793955,0.182321556793955,0.182321556793955,0.182321556793955,0.182321556793955,0.300104592450338,0.191831269480814,0.191831269480814,-0.282466465460464,TRUE,0.661043193621723,1.00098912903454,-0.263911485717156,FALSE,0.445448602988319,1.00099020135904,-0.33735000299529,TRUE,1.38873787752027,1.00101306433783,-0.246569710595419,FALSE,0.50917401894011,1.00104682352822
889,"rand=1-1_rate=3_ROB=L_UH_Bias=Rct20_NRE20-35","1-1",3,"L_UH","Rct20_NRE20-35",0.182321556793955,0.182321556793955,0.182321556793955,0.182321556793955,0.182321556793955,0.300104592450338,0.193606645020028,0.193606645020028,-0.292870581790302,FALSE,0.567025639832156,1.00098608910726,-0.265682916436903,FALSE,0.308587682188632,1.00101078540055,-0.271329402317573,TRUE,1.1145130943672,1.00098605655342,-0.264817422832642,FALSE,0.340299508420745,1.00101384578791
890,"rand=1-1_rate=3_ROB=L_UH_Bias=Rct20_NRE20-35","1-1",3,"L_UH","Rct20_NRE20-35",0.182321556793955,0.182321556793955,0.182321556793955,0.182321556793955,0.182321556793955,0.300104592450338,0.20064870843763,0.20064870843763,-0.387429138818814,FALSE,0.66493541287339,1.0010243573026,-0.358916829852281,FALSE,0.451777397786099,1.00098666612897,-0.24598672418461,TRUE,0.762872141962049,1.00144467723052,-0.384667315177333,FALSE,0.601888856387796,1.00099726528298
891,"rand=1-1_rate=3_ROB=L_UH_Bias=Rct20_NRE20-35","1-1",3,"L_UH","Rct20_NRE20-35",0.182321556793955,0.182321556793955,0.182321556793955,0.182321556793955,0.182321556793955,0.300104592450338,0.192144668085677,0.192144668085677,-0.209167638328222,TRUE,0.569126340933552,1.00102284727778,-0.165884780160472,FALSE,0.318754954526334,1.00099762685241,-0.491324431330025,FALSE,1.07654031419233,1.00126567124137,-0.117239548547673,TRUE,0.344774566713553,1.00099701787953
892,"rand=1-1_rate=3_ROB=L_UH_Bias=Rct20_NRE20-35","1-1",3,"L_UH","Rct20_NRE20-35",0.182321556793955,0.182321556793955,0.182321556793955,0.182321556793955,0.182321556793955,0.300104592450338,0.197595887633805,0.197595887633805,-0.202316270869737,TRUE,0.586306280212432,1.0010086221744,-0.121508354398717,TRUE,0.352594983542233,1.00098715188857,-0.350134062730935,TRUE,1.37967163642154,1.00099804797789,-0.081294051306452,TRUE,0.382755111100423,1.00099067367957
893,"rand=1-1_rate=3_ROB=L_UH_Bias=Rct20_NRE20-35","1-1",3,"L_UH","Rct20_NRE20-35",0.182321556793955,0.182321556793955,0.182321556793955,0.182321556793955,0.182321556793955,0.300104592450338,0.183286752207636,0.183286752207636,-0.236908092582061,TRUE,0.554365605808475,1.00107415715576,-0.270017647738549,FALSE,0.393967836758661,1.00106046273404,-0.342860045312922,TRUE,1.05996422809581,1.00105463005841,-0.254017925407457,FALSE,0.465480491412337,1.0009873928665
894,"rand=1-1_rate=3_ROB=L_UH_Bias=Rct20_NRE20-35","1-1",3,"L_UH","Rct20_NRE20-35",0.182321556793955,0.182321556793955,0.182321556793955,0.182321556793955,0.182321556793955,0.300104592450338,0.214478230154904,0.214478230154904,-0.313729024458033,FALSE,0.647683867289868,1.0009862346107,-0.307263886396547,FALSE,0.411063045272696,1.00105488352246,-0.0645695917417579,TRUE,1.09502579500498,1.0010063794484,-0.364118695184186,FALSE,0.465463349560125,1.00099257009413
895,"rand=1-1_rate=3_ROB=L_UH_Bias=Rct20_NRE20-35","1-1",3,"L_UH","Rct20_NRE20-35",0.182321556793955,0.182321556793955,0.182321556793955,0.182321556793955,0.182321556793955,0.300104592450338,0.196133324568118,0.196133324568118,-0.130723453112406,TRUE,0.589577997131029,1.00104968385374,-0.200190405933369,FALSE,0.423964036197721,1.00100166258677,-0.0264054421237785,TRUE,0.828952778579313,1.00115818595865,-0.248413118295801,FALSE,0.532257343881657,1.0009880374926
896,"rand=1-1_rate=3_ROB=L_UH_Bias=Rct20_NRE20-35","1-1",3,"L_UH","Rct20_NRE20-35",0.182321556793955,0.182321556793955,0.182321556793955,0.182321556793955,0.182321556793955,0.300104592450338,0.218830934872165,0.218830934872165,-0.199124156447392,TRUE,0.597469767096146,1.00098762449553,-0.221477045025662,FALSE,0.397855712109728,1.00098673817589,-0.294426859522021,TRUE,1.09173101893895,1.00100682200013,-0.204377733565504,TRUE,0.46764717621977,1.00098645777362
897,"rand=1-1_rate=3_ROB=L_UH_Bias=Rct20_NRE20-35","1-1",3,"L_UH","Rct20_NRE20-35",0.182321556793955,0.182321556793955,0.182321556793955,0.182321556793955,0.182321556793955,0.300104592450338,0.194431414419934,0.194431414419934,-0.210617002324038,TRUE,0.603699631635747,1.0009894548175,-0.255118792299104,FALSE,0.380962403633633,1.00098606752401,0.0300588018129364,TRUE,0.792814682033043,1.00114591285439,-0.3180814895972,FALSE,0.453205018020398,1.00099228897697
898,"rand=1-1_rate=3_ROB=L_UH_Bias=Rct20_NRE20-35","1-1",3,"L_UH","Rct20_NRE20-35",0.182321556793955,0.182321556793955,0.182321556793955,0.182321556793955,0.182321556793955,0.300104592450338,0.206105327231901,0.206105327231901,-0.0826015188622786,TRUE,0.448400152403792,1.00100028537652,-0.141603953636015,TRUE,0.382908411884636,1.0009864694109,0.00567520078742412,TRUE,0.726414715803532,1.00102037957338,-0.180443817171408,TRUE,0.4889697111514,1.00104695637531
899,"rand=1-1_rate=3_ROB=L_UH_Bias=Rct20_NRE20-35","1-1",3,"L_UH","Rct20_NRE20-35",0.182321556793955,0.182321556793955,0.182321556793955,0.182321556793955,0.182321556793955,0.300104592450338,0.197931043178476,0.197931043178476,-0.101090947518411,TRUE,0.576136430831281,1.00098900588236,-0.153410671228358,TRUE,0.428548658645667,1.00099696752555,0.0467416225040919,TRUE,0.921807977163809,1.00098601670854,-0.209796259543418,TRUE,0.525452221877233,1.00098691338012
900,"rand=1-1_rate=3_ROB=L_UH_Bias=Rct20_NRE20-35","1-1",3,"L_UH","Rct20_NRE20-35",0.182321556793955,0.182321556793955,0.182321556793955,0.182321556793955,0.182321556793955,0.300104592450338,0.200286948142385,0.200286948142385,-0.331937900538099,FALSE,0.679596820336392,1.00118954275534,-0.200866190606681,FALSE,0.38420332926015,1.00099911511615,-0.716247530448491,FALSE,1.24528934736764,1.0012943026401,-0.115326537831746,TRUE,0.391661032230607,1.00099070283262
901,"rand=1-1_rate=3_ROB=L_UH_Bias=Rct20_NRE20-35","1-1",3,"L_UH","Rct20_NRE20-35",0.182321556793955,0.182321556793955,0.182321556793955,0.182321556793955,0.182321556793955,0.300104592450338,0.204682918965366,0.204682918965366,-0.212105225745117,TRUE,0.606390453367907,1.00104302012884,-0.234937466933703,FALSE,0.401694286358672,1.00098682211826,-0.235170303204782,TRUE,1.27179105634957,1.00101766305306,-0.235713734583752,FALSE,0.456420704207668,1.00098683703894
902,"rand=1-1_rate=3_ROB=L_UH_Bias=Rct20_NRE20-35","1-1",3,"L_UH","Rct20_NRE20-35",0.182321556793955,0.182321556793955,0.182321556793955,0.182321556793955,0.182321556793955,0.300104592450338,0.188223639616322,0.188223639616322,-0.13607976469027,TRUE,0.583271961537107,1.00098602808235,-0.150643690074093,TRUE,0.37835639741634,1.00106935968578,0.132448576997958,TRUE,0.668280675413656,1.00121014325323,-0.229021463050384,FALSE,0.458796439042325,1.00112936027814
903,"rand=1-1_rate=3_ROB=L_UH_Bias=Rct20_NRE20-35","1-1",3,"L_UH","Rct20_NRE20-35",0.182321556793955,0.182321556793955,0.182321556793955,0.182321556793955,0.182321556793955,0.300104592450338,0.202954164562933,0.202954164562933,-0.20034962755928,TRUE,0.601853220975975,1.00111576376292,-0.176214464419661,FALSE,0.40103691549622,1.00108661564437,-0.568799878055352,FALSE,1.0475658654763,1.00125692818369,-0.0939164886123236,TRUE,0.445218918437794,1.00099131268649
904,"rand=1-1_rate=3_ROB=L_UH_Bias=Rct20_NRE20-35","1-1",3,"L_UH","Rct20_NRE20-35",0.182321556793955,0.182321556793955,0.182321556793955,0.182321556793955,0.182321556793955,0.300104592450338,0.196244231360592,0.196244231360592,-0.130532084465795,TRUE,0.590230957678021,1.00100266253877,-0.246266447935707,FALSE,0.467986082283284,1.0009887632113,-0.0730066781015375,TRUE,1.24821133749664,1.00100328609811,-0.294696917287566,FALSE,0.556601103877215,1.00100089165584
905,"rand=1-1_rate=3_ROB=L_UH_Bias=Rct20_NRE20-35","1-1",3,"L_UH","Rct20_NRE20-35",0.182321556793955,0.182321556793955,0.182321556793955,0.182321556793955,0.182321556793955,0.300104592450338,0.208910225459208,0.208910225459208,-0.222954859922801,TRUE,0.656416977610237,1.00114533534584,-0.193969993975381,TRUE,0.517903547269026,1.00098990828586,-0.242948550505504,TRUE,0.829963334972996,1.00102223570661,-0.178067599782833,TRUE,0.690232426847155,1.0009982812209
906,"rand=1-1_rate=3_ROB=L_UH_Bias=Rct20_NRE20-35","1-1",3,"L_UH","Rct20_NRE20-35",0.182321556793955,0.182321556793955,0.182321556793955,0.182321556793955,0.182321556793955,0.300104592450338,0.197969234958263,0.197969234958263,-0.29950417863464,FALSE,0.543881652615015,1.00111048380834,-0.334776074753151,FALSE,0.29612836617473,1.00098604129993,-0.448064331130626,TRUE,1.36584984018658,1.00117696359514,-0.322472828160445,FALSE,0.313568498326786,1.00104025685575
907,"rand=1-1_rate=3_ROB=L_UH_Bias=Rct20_NRE20-35","1-1",3,"L_UH","Rct20_NRE20-35",0.182321556793955,0.182321556793955,0.182321556793955,0.182321556793955,0.182321556793955,0.300104592450338,0.190238521597244,0.190238521597244,-0.289835481476158,FALSE,0.529124606141638,1.00099010807829,-0.231823446897452,FALSE,0.287363371011986,1.00098856509329,-0.139512381645229,TRUE,0.81182621112519,1.00101018852494,-0.244252476837068,FALSE,0.331633703648224,1.00098608522626
908,"rand=1-1_rate=3_ROB=L_UH_Bias=Rct20_NRE20-35","1-1",3,"L_UH","Rct20_NRE20-35",0.182321556793955,0.182321556793955,0.182321556793955,0.182321556793955,0.182321556793955,0.300104592450338,0.203361393255355,0.203361393255355,-0.403733534766983,FALSE,0.688056966703336,1.00112037620743,-0.499884292674908,FALSE,0.417303580079232,1.0009895795175,-0.0839077507837385,TRUE,1.11189404043854,1.00099653401081,-0.574833438519526,FALSE,0.458971788726319,1.00101613999625
909,"rand=1-1_rate=3_ROB=L_UH_Bias=Rct20_NRE20-35","1-1",3,"L_UH","Rct20_NRE20-35",0.182321556793955,0.182321556793955,0.182321556793955,0.182321556793955,0.182321556793955,0.300104592450338,0.203692488729782,0.203692488729782,-0.245716154166963,TRUE,0.590001571044349,1.00116026811948,-0.219889047082688,FALSE,0.353643315787852,1.00099069893462,-0.337390324462268,TRUE,1.21575887561025,1.00098824668786,-0.197815271931697,FALSE,0.393571530271088,1.00098743416825
910,"rand=1-1_rate=3_ROB=L_UH_Bias=Rct20_NRE20-35","1-1",3,"L_UH","Rct20_NRE20-35",0.182321556793955,0.182321556793955,0.182321556793955,0.182321556793955,0.182321556793955,0.300104592450338,0.196689366620871,0.196689366620871,-0.243526757278281,TRUE,0.57085593940178,1.00100973685429,-0.157841218803697,FALSE,0.336044639458471,1.00098633989058,-0.160210036452495,TRUE,1.34139625239483,1.00100725287717,-0.157569407131821,TRUE,0.357649686736681,1.00099264061349
911,"rand=1-1_rate=3_ROB=L_UH_Bias=Rct20_NRE20-35","1-1",3,"L_UH","Rct20_NRE20-35",0.182321556793955,0.182321556793955,0.182321556793955,0.182321556793955,0.182321556793955,0.300104592450338,0.192007779067425,0.192007779067425,-0.165681599102795,TRUE,0.561549023731896,1.00104448578762,-0.167483582375431,TRUE,0.378100956763071,1.00099244154751,-0.193888513140008,TRUE,0.893001366403668,1.00122434244786,-0.161208035164539,TRUE,0.457635327877092,1.00098614149535
912,"rand=1-1_rate=3_ROB=L_UH_Bias=Rct20_NRE20-35","1-1",3,"L_UH","Rct20_NRE20-35",0.182321556793955,0.182321556793955,0.182321556793955,0.182321556793955,0.182321556793955,0.300104592450338,0.203533842169189,0.203533842169189,-0.255403353520532,FALSE,0.553746142650023,1.00100525625218,-0.16591108428893,FALSE,0.312551683255936,1.00098739407512,-0.150427295370573,TRUE,0.904471198392434,1.00099610088108,-0.168806082436108,TRUE,0.364318429986153,1.00098721279483
913,"rand=1-1_rate=3_ROB=L_UH_Bias=Rct20_NRE20-35","1-1",3,"L_UH","Rct20_NRE20-35",0.182321556793955,0.182321556793955,0.182321556793955,0.182321556793955,0.182321556793955,0.300104592450338,0.203860380004096,0.203860380004096,-0.124342821408695,TRUE,0.526242536562128,1.00106535284794,-0.0801039568548148,TRUE,0.351060217101886,1.00100427850837,-0.211309360837072,TRUE,0.869595214282029,1.00109374993178,-0.0555129605922908,TRUE,0.418070477630851,1.00098617317736
914,"rand=1-1_rate=3_ROB=L_UH_Bias=Rct20_NRE20-35","1-1",3,"L_UH","Rct20_NRE20-35",0.182321556793955,0.182321556793955,0.182321556793955,0.182321556793955,0.182321556793955,0.300104592450338,0.18705748272575,0.18705748272575,-0.161956891119907,TRUE,0.593668132227791,1.00108931288114,-0.173922634254706,TRUE,0.405933545612623,1.00098885124052,-0.158860364296523,TRUE,0.956516611050058,1.00110343369461,-0.179938182411314,TRUE,0.494474066291203,1.00098613403188
915,"rand=1-1_rate=3_ROB=L_UH_Bias=Rct20_NRE20-35","1-1",3,"L_UH","Rct20_NRE20-35",0.182321556793955,0.182321556793955,0.182321556793955,0.182321556793955,0.182321556793955,0.300104592450338,0.200837165289285,0.200837165289285,-0.0845247606463075,TRUE,0.591998054192515,1.00098916834688,-0.10022068738008,TRUE,0.402488921599348,1.00098620695959,-0.2966018462169,TRUE,1.25766632971199,1.00098813841392,-0.0552865732871171,TRUE,0.449192223317631,1.00101344438388
916,"rand=1-1_rate=3_ROB=L_UH_Bias=Rct20_NRE20-35","1-1",3,"L_UH","Rct20_NRE20-35",0.182321556793955,0.182321556793955,0.182321556793955,0.182321556793955,0.182321556793955,0.300104592450338,0.20212641240082,0.20212641240082,-0.224348439770162,TRUE,0.622758839485624,1.00110208243838,-0.214446277246166,FALSE,0.412572723876444,1.00102128546743,-0.202762624704322,TRUE,1.03377547338018,1.00127764923599,-0.216262942106386,TRUE,0.501825991353245,1.0009934454546
917,"rand=1-1_rate=3_ROB=L_UH_Bias=Rct20_NRE20-35","1-1",3,"L_UH","Rct20_NRE20-35",0.182321556793955,0.182321556793955,0.182321556793955,0.182321556793955,0.182321556793955,0.300104592450338,0.198952508410404,0.198952508410404,-0.290370266556904,FALSE,0.586383748409219,1.00098692069926,-0.192211379187736,FALSE,0.351521497488518,1.0010188906316,-0.0230133837379096,TRUE,1.10324589085555,1.00099481535653,-0.225866774746814,FALSE,0.388984832343528,1.00099820358388
918,"rand=1-1_rate=3_ROB=L_UH_Bias=Rct20_NRE20-35","1-1",3,"L_UH","Rct20_NRE20-35",0.182321556793955,0.182321556793955,0.182321556793955,0.182321556793955,0.182321556793955,0.300104592450338,0.197038896812216,0.197038896812216,-0.221748295936882,TRUE,0.599773340034821,1.00122365727905,-0.210373298548475,FALSE,0.409121804311801,1.00102632265989,-0.454380653179076,FALSE,0.984679566375719,1.00153153937812,-0.158181651952354,TRUE,0.487791427130087,1.00104704761129
919,"rand=1-1_rate=3_ROB=L_UH_Bias=Rct20_NRE20-35","1-1",3,"L_UH","Rct20_NRE20-35",0.182321556793955,0.182321556793955,0.182321556793955,0.182321556793955,0.182321556793955,0.300104592450338,0.189100557428993,0.190147320014932,-0.142374014740977,TRUE,0.581481348021388,1.00098607308094,-0.217088476743867,FALSE,0.444072471358082,1.00099064537518,-0.311993462142398,TRUE,0.934894737186816,1.00110289991077,-0.195481191259145,TRUE,0.559722154748122,1.00099613684035
920,"rand=1-1_rate=3_ROB=L_UH_Bias=Rct20_NRE20-35","1-1",3,"L_UH","Rct20_NRE20-35",0.182321556793955,0.182321556793955,0.182321556793955,0.182321556793955,0.182321556793955,0.300104592450338,0.223481526223065,0.223481526223065,-0.448477933177889,FALSE,0.639220439708998,1.00103792942491,-0.550799081622673,FALSE,0.423128744119084,1.00099231422357,-0.353286432122531,TRUE,1.28446527222606,1.00099684527111,-0.588339617059447,FALSE,0.471183789113523,1.00116029934048
921,"rand=1-1_rate=3_ROB=L_UH_Bias=Rct20_NRE20-35","1-1",3,"L_UH","Rct20_NRE20-35",0.182321556793955,0.182321556793955,0.182321556793955,0.182321556793955,0.182321556793955,0.300104592450338,0.191248815384848,0.191248815384848,-0.469818240824522,FALSE,0.63116836589587,1.00099569070073,-0.33877934817339,FALSE,0.369158683835873,1.00098927404699,-0.393983094049619,TRUE,0.996016951106654,1.00104455686447,-0.329049455869625,FALSE,0.430908282272448,1.0010060307084
922,"rand=1-1_rate=3_ROB=L_UH_Bias=Rct20_NRE20-35","1-1",3,"L_UH","Rct20_NRE20-35",0.182321556793955,0.182321556793955,0.182321556793955,0.182321556793955,0.182321556793955,0.300104592450338,0.177246311350265,0.177246311350265,-0.107233929946676,TRUE,0.581931442371319,1.00098612798863,-0.123728971345491,TRUE,0.381969174031673,1.00102336942366,0.152700474744277,TRUE,0.800561091652014,1.00111962784988,-0.204632852374729,FALSE,0.445865571952763,1.00100323582173
923,"rand=1-1_rate=3_ROB=L_UH_Bias=Rct20_NRE20-35","1-1",3,"L_UH","Rct20_NRE20-35",0.182321556793955,0.182321556793955,0.182321556793955,0.182321556793955,0.182321556793955,0.300104592450338,0.207401699312352,0.207401699312352,-0.283758995946722,FALSE,0.564799891129994,1.0010484721197,-0.326280855007822,FALSE,0.361629414240736,1.00098616975525,-0.112407983915733,TRUE,0.72017998919898,1.00114025124391,-0.371506345564758,FALSE,0.445843703152971,1.00098615773423
924,"rand=1-1_rate=3_ROB=L_UH_Bias=Rct20_NRE20-35","1-1",3,"L_UH","Rct20_NRE20-35",0.182321556793955,0.182321556793955,0.182321556793955,0.182321556793955,0.182321556793955,0.300104592450338,0.209242186069846,0.209242186069846,0.0642617345541783,TRUE,0.444657153859276,1.00108425802807,0.0068451301634983,TRUE,0.296196702180576,1.00098651414024,0.0432371136517851,TRUE,0.844600936672431,1.00108475073113,-0.00143385527239381,TRUE,0.346403932453055,1.00102750040195
925,"rand=1-1_rate=3_ROB=L_UH_Bias=Rct20_NRE20-35","1-1",3,"L_UH","Rct20_NRE20-35",0.182321556793955,0.182321556793955,0.182321556793955,0.182321556793955,0.182321556793955,0.300104592450338,0.195862407127761,0.195862407127761,-0.266758682719054,FALSE,0.545086348063226,1.00104363306262,-0.24123625771355,FALSE,0.38648484239469,1.00100127315033,-0.0309500087320087,TRUE,0.818966142234703,1.00099428294721,-0.29015911947235,FALSE,0.471229754385516,1.00098599016024
926,"rand=1-1_rate=3_ROB=L_UH_Bias=Rct20_NRE20-35","1-1",3,"L_UH","Rct20_NRE20-35",0.182321556793955,0.182321556793955,0.182321556793955,0.182321556793955,0.182321556793955,0.300104592450338,0.185481061602751,0.185481061602751,-0.263338596511151,TRUE,0.679910745678684,1.0010344360572,-0.265770390341486,FALSE,0.441018728386664,1.00102784715132,-0.614094108581325,TRUE,2.20747447992332,1.00100988561984,-0.208112850839246,FALSE,0.428548766076021,1.00098602381327
927,"rand=1-1_rate=3_ROB=L_UH_Bias=Rct20_NRE20-35","1-1",3,"L_UH","Rct20_NRE20-35",0.182321556793955,0.182321556793955,0.182321556793955,0.182321556793955,0.182321556793955,0.300104592450338,0.198832892233346,0.198832892233346,-0.148976311567232,TRUE,0.506923189587693,1.00098652495331,-0.179752271880254,FALSE,0.291260342370616,1.00098956772603,-0.195304980150694,TRUE,0.964427226907522,1.0010255115623,-0.177946016275423,FALSE,0.326563350784806,1.00099490016708
928,"rand=1-1_rate=3_ROB=L_UH_Bias=Rct20_NRE20-35","1-1",3,"L_UH","Rct20_NRE20-35",0.182321556793955,0.182321556793955,0.182321556793955,0.182321556793955,0.182321556793955,0.300104592450338,0.209767100901859,0.209767100901859,-0.260992253094231,FALSE,0.572355854185806,1.00099408052658,-0.275295441868753,FALSE,0.332785458443701,1.00098617287579,-0.0678344146297543,TRUE,0.77553348916601,1.00104619110291,-0.311726112127912,FALSE,0.391695472211391,1.00099090694315
929,"rand=1-1_rate=3_ROB=L_UH_Bias=Rct20_NRE20-35","1-1",3,"L_UH","Rct20_NRE20-35",0.182321556793955,0.182321556793955,0.182321556793955,0.182321556793955,0.182321556793955,0.300104592450338,0.211587311384438,0.211587311384438,-0.175879076241426,TRUE,0.468749598065246,1.00148697655486,-0.239412110933795,FALSE,0.261720868272663,1.00105176335082,-0.256885803812134,TRUE,0.885563590812049,1.00133203549261,-0.237920304790185,FALSE,0.296582230329416,1.00099450512867
930,"rand=1-1_rate=3_ROB=L_UH_Bias=Rct20_NRE20-35","1-1",3,"L_UH","Rct20_NRE20-35",0.182321556793955,0.182321556793955,0.182321556793955,0.182321556793955,0.182321556793955,0.300104592450338,0.217476703825067,0.217476703825067,-0.131283172819987,TRUE,0.536813887288139,1.00099572708848,-0.170790957795112,FALSE,0.363404278353307,1.00098941244205,-0.111214892213642,TRUE,0.923271537570392,1.00108673006962,-0.181364630646964,TRUE,0.439142034490223,1.0010112321714
931,"rand=1-1_rate=3_ROB=L_UH_Bias=Rct20_NRE20-35","1-1",3,"L_UH","Rct20_NRE20-35",0.182321556793955,0.182321556793955,0.182321556793955,0.182321556793955,0.182321556793955,0.300104592450338,0.209842692193558,0.209842692193558,-0.197919750452261,TRUE,0.569539422992297,1.00101753140917,-0.224864262023021,FALSE,0.36813224677287,1.00100260558722,-0.322105969838847,TRUE,0.992656464388276,1.00118942804618,-0.205707452507166,FALSE,0.432849430746044,1.00098938997224
932,"rand=1-1_rate=3_ROB=L_UH_Bias=Rct20_NRE20-35","1-1",3,"L_UH","Rct20_NRE20-35",0.182321556793955,0.182321556793955,0.182321556793955,0.182321556793955,0.182321556793955,0.300104592450338,0.203419026332294,0.203419026332294,-0.255615056846553,TRUE,0.601968714875625,1.00103481123873,-0.235931447589728,FALSE,0.342425862361878,1.00100872176096,0.0194932636583387,TRUE,1.12820664833659,1.00098822613164,-0.281399111886797,FALSE,0.364486656998058,1.00101282730893
933,"rand=1-1_rate=3_ROB=L_UH_Bias=Rct20_NRE20-35","1-1",3,"L_UH","Rct20_NRE20-35",0.182321556793955,0.182321556793955,0.182321556793955,0.182321556793955,0.182321556793955,0.300104592450338,0.206516445184984,0.206516445184984,-0.151893140896336,TRUE,0.536027689753949,1.00101541197642,-0.148309170801037,FALSE,0.327555826355365,1.00103871984241,-0.38612611243388,TRUE,1.07337547203757,1.00110599422434,-0.107430985075097,TRUE,0.355539924323753,1.00098604026859
934,"rand=1-1_rate=3_ROB=L_UH_Bias=Rct20_NRE20-35","1-1",3,"L_UH","Rct20_NRE20-35",0.182321556793955,0.182321556793955,0.182321556793955,0.182321556793955,0.182321556793955,0.300104592450338,0.209418520777912,0.209418520777912,-0.269069579238038,FALSE,0.535461184156887,1.00098778877289,-0.281085945252025,FALSE,0.343043260261749,1.00098926744441,-0.189504069262455,TRUE,1.09343917734641,1.00099410286609,-0.297413256708731,FALSE,0.385671861617831,1.00098753434845
935,"rand=1-1_rate=3_ROB=L_UH_Bias=Rct20_NRE20-35","1-1",3,"L_UH","Rct20_NRE20-35",0.182321556793955,0.182321556793955,0.182321556793955,0.182321556793955,0.182321556793955,0.300104592450338,0.201567172484229,0.201567172484229,-0.170112402055577,TRUE,0.492153731376472,1.00099633401152,-0.234299293728829,FALSE,0.321784395392854,1.00101937467934,-0.045889463242575,TRUE,0.900364102191182,1.00098640512545,-0.268015721090619,FALSE,0.367367323245991,1.00100540326694
936,"rand=1-1_rate=3_ROB=L_UH_Bias=Rct20_NRE20-35","1-1",3,"L_UH","Rct20_NRE20-35",0.182321556793955,0.182321556793955,0.182321556793955,0.182321556793955,0.182321556793955,0.300104592450338,0.213710963146736,0.213710963146736,-0.173640037521848,TRUE,0.58193236851483,1.00109037671697,-0.278703307340219,FALSE,0.428868255664279,1.00099264292925,0.0477417117975235,TRUE,0.726664452508684,1.00100541357653,-0.373393569388498,FALSE,0.527907857331716,1.00101206501363
937,"rand=1-1_rate=3_ROB=L_UH_Bias=Rct20_NRE20-35","1-1",3,"L_UH","Rct20_NRE20-35",0.182321556793955,0.182321556793955,0.182321556793955,0.182321556793955,0.182321556793955,0.300104592450338,0.195344431391638,0.195344431391638,-0.256445333240693,TRUE,0.690767772673267,1.00099633764683,-0.240541361809706,FALSE,0.434492022239052,1.00098722211185,0.0562971484447052,TRUE,1.23981998219763,1.00104851818137,-0.322128487927897,FALSE,0.467623989862911,1.00098636219158
938,"rand=1-1_rate=3_ROB=L_UH_Bias=Rct20_NRE20-35","1-1",3,"L_UH","Rct20_NRE20-35",0.182321556793955,0.182321556793955,0.182321556793955,0.182321556793955,0.182321556793955,0.300104592450338,0.20306675983992,0.20306675983992,-0.184370447164953,TRUE,0.544436585930581,1.00098761029118,-0.182588359006929,FALSE,0.357282756800752,1.00101291977731,-0.246394198710971,TRUE,0.864854652401493,1.00103749987828,-0.166525752209769,TRUE,0.434498951724516,1.00110647742908
939,"rand=1-1_rate=3_ROB=L_UH_Bias=Rct20_NRE20-35","1-1",3,"L_UH","Rct20_NRE20-35",0.182321556793955,0.182321556793955,0.182321556793955,0.182321556793955,0.182321556793955,0.300104592450338,0.178576106960727,0.178576106960727,-0.206516840654623,TRUE,0.596717740937798,1.00135375688609,-0.244423305123349,FALSE,0.412246410353127,1.00100994670617,-0.146093426524963,TRUE,0.827380285006798,1.0009863626697,-0.267225856974005,FALSE,0.518855732720904,1.00100897610287
940,"rand=1-1_rate=3_ROB=L_UH_Bias=Rct20_NRE20-35","1-1",3,"L_UH","Rct20_NRE20-35",0.182321556793955,0.182321556793955,0.182321556793955,0.182321556793955,0.182321556793955,0.300104592450338,0.213533517359398,0.213533517359398,-0.163655322664068,TRUE,0.569827703235413,1.00100723218497,-0.19433004510375,FALSE,0.384048375807991,1.00100442598289,-0.0325930125171934,TRUE,0.955081858107125,1.00125955522455,-0.229980729789102,FALSE,0.458863324872543,1.00101123284139
941,"rand=1-1_rate=3_ROB=L_UH_Bias=Rct20_NRE20-35","1-1",3,"L_UH","Rct20_NRE20-35",0.182321556793955,0.182321556793955,0.182321556793955,0.182321556793955,0.182321556793955,0.300104592450338,0.209188668197134,0.209188668197134,-0.0632192522031263,TRUE,0.540182154095041,1.00100475760071,-0.162311569992204,TRUE,0.483274339308268,1.00098600539865,0.085658434660243,TRUE,0.791468953382566,1.0012286451502,-0.249016717913015,TRUE,0.634395091043715,1.00101647192213
942,"rand=1-1_rate=3_ROB=L_UH_Bias=Rct20_NRE20-35","1-1",3,"L_UH","Rct20_NRE20-35",0.182321556793955,0.182321556793955,0.182321556793955,0.182321556793955,0.182321556793955,0.300104592450338,0.191103440223,0.191103440223,-0.0526093988235878,TRUE,0.506186008032321,1.00105636274809,-0.126599706927952,TRUE,0.367318438881704,1.00103151414027,-0.113798681751057,TRUE,0.943517709344573,1.00101691101522,-0.129319692132811,TRUE,0.444334894608617,1.0011127310166
943,"rand=1-1_rate=3_ROB=L_UH_Bias=Rct20_NRE20-35","1-1",3,"L_UH","Rct20_NRE20-35",0.182321556793955,0.182321556793955,0.182321556793955,0.182321556793955,0.182321556793955,0.300104592450338,0.196162240687341,0.196162240687341,-0.200602879821495,TRUE,0.5146282046093,1.00149357099388,-0.165428684583317,FALSE,0.270989692305238,1.00098982731795,-0.509742796866202,FALSE,1.09745044163341,1.0024747319641,-0.123812949123381,TRUE,0.282883353155787,1.00098874761951
944,"rand=1-1_rate=3_ROB=L_UH_Bias=Rct20_NRE20-35","1-1",3,"L_UH","Rct20_NRE20-35",0.182321556793955,0.182321556793955,0.182321556793955,0.182321556793955,0.182321556793955,0.300104592450338,0.186315858625082,0.186315858625082,-0.236656452998206,TRUE,0.599096000679043,1.0009904060951,-0.180523730598476,FALSE,0.382738157742855,1.00103956495519,-0.179325143384222,TRUE,0.885240438144524,1.00102927793373,-0.180054201054401,TRUE,0.466288519020922,1.00098902869623
945,"rand=1-1_rate=3_ROB=L_UH_Bias=Rct20_NRE20-35","1-1",3,"L_UH","Rct20_NRE20-35",0.182321556793955,0.182321556793955,0.182321556793955,0.182321556793955,0.182321556793955,0.300104592450338,0.201156274865126,0.201156274865126,-0.298797672148887,FALSE,0.677699210348162,1.00104923567222,-0.429407846350128,FALSE,0.561717162287436,1.00111004646718,-0.508282997852578,FALSE,1.21720553443566,1.00099098207677,-0.410308725020863,FALSE,0.707054613456578,1.00102770531605
946,"rand=1-1_rate=3_ROB=L_UH_Bias=Rct20_NRE20-35","1-1",3,"L_UH","Rct20_NRE20-35",0.182321556793955,0.182321556793955,0.182321556793955,0.182321556793955,0.182321556793955,0.300104592450338,0.196507317773638,0.196507317773638,-0.139708748024976,TRUE,0.500494001265039,1.00155328686099,-0.255872788463401,FALSE,0.35303455434051,1.00099790141859,0.0794584095180442,TRUE,0.636859145191402,1.00108422265585,-0.333822097812663,FALSE,0.41576932910064,1.00098694459163
947,"rand=1-1_rate=3_ROB=L_UH_Bias=Rct20_NRE20-35","1-1",3,"L_UH","Rct20_NRE20-35",0.182321556793955,0.182321556793955,0.182321556793955,0.182321556793955,0.182321556793955,0.300104592450338,0.224820681886193,0.224820681886193,-0.200803427814708,TRUE,0.580328797704224,1.00118984621907,-0.37780038699025,FALSE,0.473023710029088,1.00099279544987,-0.0255153004927977,TRUE,0.722228944036142,1.00122646567335,-0.484401057881585,FALSE,0.600238229053421,1.0009990701131
948,"rand=1-1_rate=3_ROB=L_UH_Bias=Rct20_NRE20-35","1-1",3,"L_UH","Rct20_NRE20-35",0.182321556793955,0.182321556793955,0.182321556793955,0.182321556793955,0.182321556793955,0.300104592450338,0.211764709375711,0.211764709375711,-0.247720820842431,FALSE,0.545592709018358,1.0009870108296,-0.282343843651245,FALSE,0.30172603522903,1.00099668185987,-0.187823731655697,TRUE,0.993301274713265,1.00098619311283,-0.296513734646398,FALSE,0.339932605819811,1.00099606423284
949,"rand=1-1_rate=3_ROB=L_UH_Bias=Rct20_NRE20-35","1-1",3,"L_UH","Rct20_NRE20-35",0.182321556793955,0.182321556793955,0.182321556793955,0.182321556793955,0.182321556793955,0.300104592450338,0.206498582394974,0.206498582394974,-0.212248922856528,TRUE,0.607380949395397,1.00098979997003,-0.268272432082404,FALSE,0.41697759661833,1.00098679561592,-0.310188076699037,TRUE,1.56537839098391,1.00098812459904,-0.26107309574694,FALSE,0.446484908500516,1.00098634700399
950,"rand=1-1_rate=3_ROB=L_UH_Bias=Rct20_NRE20-35","1-1",3,"L_UH","Rct20_NRE20-35",0.182321556793955,0.182321556793955,0.182321556793955,0.182321556793955,0.182321556793955,0.300104592450338,0.214448333658145,0.214448333658145,-0.281171665402479,FALSE,0.596807667364222,1.00098662585959,-0.266420228224114,FALSE,0.351887690840699,1.00099349941703,-0.145152106633051,TRUE,1.02752197245949,1.00124741578536,-0.289969621871745,FALSE,0.404520418861777,1.00101133197103
951,"rand=1-1_rate=3_ROB=L_UH_Bias=Rct20_NRE20-35","1-1",3,"L_UH","Rct20_NRE20-35",0.182321556793955,0.182321556793955,0.182321556793955,0.182321556793955,0.182321556793955,0.300104592450338,0.201883312784162,0.201883312784162,-0.178436543402648,TRUE,0.606971939953104,1.00098967643178,-0.180753762079402,TRUE,0.40188960337428,1.00099601011203,-0.149667189659683,TRUE,1.11433937853443,1.00098675270174,-0.188466326453771,TRUE,0.473586761187889,1.00102020501472
952,"rand=1-1_rate=3_ROB=L_UH_Bias=Rct20_NRE20-35","1-1",3,"L_UH","Rct20_NRE20-35",0.182321556793955,0.182321556793955,0.182321556793955,0.182321556793955,0.182321556793955,0.300104592450338,0.209886819797218,0.209886819797218,-0.224073333411589,TRUE,0.542085094311928,1.00119527913724,-0.270324608150766,FALSE,0.346419016804031,1.00103004505379,-0.364791169840097,TRUE,1.07545229680019,1.00108933597236,-0.255232763818023,FALSE,0.397153545981862,1.0009946930658
953,"rand=1-1_rate=3_ROB=L_UH_Bias=Rct20_NRE20-35","1-1",3,"L_UH","Rct20_NRE20-35",0.182321556793955,0.182321556793955,0.182321556793955,0.182321556793955,0.182321556793955,0.300104592450338,0.211947094557705,0.211947094557705,-0.137644707772754,TRUE,0.54400129854259,1.00099668803532,-0.202616538245085,FALSE,0.388843103948221,1.00098601321038,-0.230534011647385,TRUE,0.966487061334652,1.00099947401769,-0.197963601446363,TRUE,0.466474751344475,1.00098872326074
954,"rand=1-1_rate=3_ROB=L_UH_Bias=Rct20_NRE20-35","1-1",3,"L_UH","Rct20_NRE20-35",0.182321556793955,0.182321556793955,0.182321556793955,0.182321556793955,0.182321556793955,0.300104592450338,0.199619536262323,0.199619536262323,-0.364135159356741,FALSE,0.617010639323773,1.00100934298318,-0.267473595400354,FALSE,0.362031049406517,1.00098680981328,-0.438064194118521,TRUE,1.07959806035728,1.00098935560937,-0.237235213841424,FALSE,0.407050458875956,1.00100291915171
955,"rand=1-1_rate=3_ROB=L_UH_Bias=Rct20_NRE20-35","1-1",3,"L_UH","Rct20_NRE20-35",0.182321556793955,0.182321556793955,0.182321556793955,0.182321556793955,0.182321556793955,0.300104592450338,0.211957288549993,0.211957288549993,-0.373348467810664,FALSE,0.62511644958966,1.0010719837551,-0.342040548703504,FALSE,0.391101130339689,1.00099035602818,-0.401064923031662,TRUE,0.947591029836559,1.0011137187338,-0.33147034573348,FALSE,0.481416537841586,1.00098797566689
956,"rand=1-1_rate=3_ROB=L_UH_Bias=Rct20_NRE20-35","1-1",3,"L_UH","Rct20_NRE20-35",0.182321556793955,0.182321556793955,0.182321556793955,0.182321556793955,0.182321556793955,0.300104592450338,0.195886389433398,0.195886389433398,-0.013654303555696,TRUE,0.44605364050392,1.0009906479022,-0.0544962893524399,TRUE,0.254259191202993,1.00098820299888,0.103662764634395,TRUE,0.674317949182487,1.0010338867151,-0.0787305431355785,TRUE,0.292364228508644,1.0010270216808
957,"rand=1-1_rate=3_ROB=L_UH_Bias=Rct20_NRE20-35","1-1",3,"L_UH","Rct20_NRE20-35",0.182321556793955,0.182321556793955,0.182321556793955,0.182321556793955,0.182321556793955,0.300104592450338,0.205404868756255,0.205404868756255,-0.222570927634485,TRUE,0.562766493701125,1.00098936071789,-0.339825594545501,FALSE,0.418802466774886,1.00099174442484,-0.0446594771217204,TRUE,0.879258357754142,1.00098981357487,-0.416465133622751,FALSE,0.498001253251388,1.000990239778
958,"rand=1-1_rate=3_ROB=L_UH_Bias=Rct20_NRE20-35","1-1",3,"L_UH","Rct20_NRE20-35",0.182321556793955,0.182321556793955,0.182321556793955,0.182321556793955,0.182321556793955,0.300104592450338,0.213453042651029,0.213453042651029,-0.347269166963358,FALSE,0.635542491454471,1.00107735741113,-0.303416348519691,FALSE,0.356880028327503,1.00099058858199,-0.67091031278316,TRUE,2.01919189998107,1.00099494515372,-0.25700281967343,FALSE,0.348096909471671,1.00098599219726
959,"rand=1-1_rate=3_ROB=L_UH_Bias=Rct20_NRE20-35","1-1",3,"L_UH","Rct20_NRE20-35",0.182321556793955,0.182321556793955,0.182321556793955,0.182321556793955,0.182321556793955,0.300104592450338,0.200293731711837,0.200293731711837,-0.119232396757117,TRUE,0.564480328816442,1.00104147678433,-0.12381278795109,TRUE,0.405747311257878,1.00105008187226,0.0461572903357954,TRUE,0.991560716879905,1.00100223576547,-0.168784756051029,TRUE,0.487804258673028,1.00103429352529
960,"rand=1-1_rate=3_ROB=L_UH_Bias=Rct20_NRE20-35","1-1",3,"L_UH","Rct20_NRE20-35",0.182321556793955,0.182321556793955,0.182321556793955,0.182321556793955,0.182321556793955,0.300104592450338,0.183919064372924,0.183919064372924,-0.238479172947493,TRUE,0.615222910866548,1.00098608907489,-0.263400129059082,FALSE,0.417710229620202,1.00102786340864,-0.134719575758689,TRUE,1.13469326911963,1.0010140358026,-0.293786004089721,FALSE,0.497736524906197,1.00099045998411
961,"rand=1-1_rate=3_ROB=L_UH_Bias=Rct20_NRE20-35","1-1",3,"L_UH","Rct20_NRE20-35",0.182321556793955,0.182321556793955,0.182321556793955,0.182321556793955,0.182321556793955,0.300104592450338,0.201506361747111,0.201559515935243,-0.33999784954331,FALSE,0.597931755564167,1.00104821450818,-0.33611316726746,FALSE,0.367885753128693,1.00102070150378,-0.599905445454537,FALSE,1.35216135898208,1.0010968288792,-0.292808304386061,FALSE,0.404934689704319,1.00100407627893
962,"rand=1-1_rate=3_ROB=L_UH_Bias=Rct20_NRE20-35","1-1",3,"L_UH","Rct20_NRE20-35",0.182321556793955,0.182321556793955,0.182321556793955,0.182321556793955,0.182321556793955,0.300104592450338,0.19713789377828,0.19713789377828,-0.0873472296566908,TRUE,0.492746342527232,1.00098603507279,-0.117155444685784,TRUE,0.346390132375507,1.00111760238878,-0.123426872891311,TRUE,0.863206874643571,1.00101960108759,-0.115667490511691,TRUE,0.410605816974716,1.00098713242907
963,"rand=1-1_rate=3_ROB=L_UH_Bias=Rct20_NRE20-35","1-1",3,"L_UH","Rct20_NRE20-35",0.182321556793955,0.182321556793955,0.182321556793955,0.182321556793955,0.182321556793955,0.300104592450338,0.188869814127386,0.188869814127386,-0.061384732563263,TRUE,0.533621539740396,1.00099144255032,-0.134336449763256,TRUE,0.392243611783083,1.00098781728329,0.100360694101817,TRUE,0.630569493286679,1.000986228718,-0.199364773144118,TRUE,0.508445775483847,1.00100318472815
964,"rand=1-1_rate=3_ROB=L_UH_Bias=Rct20_NRE20-35","1-1",3,"L_UH","Rct20_NRE20-35",0.182321556793955,0.182321556793955,0.182321556793955,0.182321556793955,0.182321556793955,0.300104592450338,0.192758476291126,0.192758476291126,-0.386108759897989,FALSE,0.681648580730879,1.00104051694168,-0.399184033114445,FALSE,0.444468191960681,1.00098613852019,-0.364089543637951,TRUE,1.06829560626082,1.00181517346575,-0.410068632349099,FALSE,0.540034810059016,1.00098603041196
965,"rand=1-1_rate=3_ROB=L_UH_Bias=Rct20_NRE20-35","1-1",3,"L_UH","Rct20_NRE20-35",0.182321556793955,0.182321556793955,0.182321556793955,0.182321556793955,0.182321556793955,0.300104592450338,0.206839766691486,0.206839766691486,-0.427947173880518,FALSE,0.696222747879562,1.0010738754193,-0.425464405229641,FALSE,0.437388235972398,1.00099485008427,-0.656586030740188,FALSE,1.59505684672596,1.001018743201,-0.383898067792903,FALSE,0.475949556419224,1.00098615520767
966,"rand=1-1_rate=3_ROB=L_UH_Bias=Rct20_NRE20-35","1-1",3,"L_UH","Rct20_NRE20-35",0.182321556793955,0.182321556793955,0.182321556793955,0.182321556793955,0.182321556793955,0.300104592450338,0.198010475226731,0.198010475226731,-0.184641910070396,TRUE,0.58453957975002,1.00103949230513,-0.171957408764305,TRUE,0.379967032388482,1.00100074053597,-0.0198174219988043,TRUE,0.825732285725853,1.00099134280543,-0.206387529107288,TRUE,0.460390521357171,1.00103827446305
967,"rand=1-1_rate=3_ROB=L_UH_Bias=Rct20_NRE20-35","1-1",3,"L_UH","Rct20_NRE20-35",0.182321556793955,0.182321556793955,0.182321556793955,0.182321556793955,0.182321556793955,0.300104592450338,0.208982756045455,0.208982756045455,-0.0787797507844672,TRUE,0.571794605607618,1.00147880713292,-0.184161992976444,TRUE,0.439940406561755,1.00098790454396,0.00763099304275738,TRUE,0.787424917285863,1.00112377732371,-0.239494210152449,TRUE,0.566183516477168,1.00098690162587
968,"rand=1-1_rate=3_ROB=L_UH_Bias=Rct20_NRE20-35","1-1",3,"L_UH","Rct20_NRE20-35",0.182321556793955,0.182321556793955,0.182321556793955,0.182321556793955,0.182321556793955,0.300104592450338,0.222105696839361,0.222105696839361,-0.385977442986657,FALSE,0.725281848560378,1.00114855632175,-0.341940497465335,FALSE,0.474589149057471,1.00105919087538,-0.47756339315656,TRUE,1.12202537959689,1.00104389854474,-0.316358308549164,FALSE,0.572699967767104,1.00105341248437
969,"rand=1-1_rate=3_ROB=L_UH_Bias=Rct20_NRE20-35","1-1",3,"L_UH","Rct20_NRE20-35",0.182321556793955,0.182321556793955,0.182321556793955,0.182321556793955,0.182321556793955,0.300104592450338,0.207814894952275,0.207814894952275,-0.314260702249829,FALSE,0.703683898950934,1.00102918715965,-0.259058301313474,FALSE,0.471076585122413,1.00098809311702,-0.109976651030714,TRUE,1.19770566723423,1.00104796807431,-0.297612757473059,FALSE,0.550848984177906,1.00098794664042
970,"rand=1-1_rate=3_ROB=L_UH_Bias=Rct20_NRE20-35","1-1",3,"L_UH","Rct20_NRE20-35",0.182321556793955,0.182321556793955,0.182321556793955,0.182321556793955,0.182321556793955,0.300104592450338,0.200539380051171,0.200539380051171,-0.213460133296316,TRUE,0.552021043122524,1.00099363066729,-0.268059627279088,FALSE,0.360566388694176,1.0009861970973,-0.158602505339692,TRUE,1.12278138086757,1.00098603157444,-0.290209903861099,FALSE,0.411095433732752,1.0010113743457
971,"rand=1-1_rate=3_ROB=L_UH_Bias=Rct20_NRE20-35","1-1",3,"L_UH","Rct20_NRE20-35",0.182321556793955,0.182321556793955,0.182321556793955,0.182321556793955,0.182321556793955,0.300104592450338,0.189581192319226,0.189581192319226,-0.112097038507031,TRUE,0.542965841564384,1.00098634368215,-0.144022955094717,TRUE,0.355389089690839,1.00102483159223,-0.0777439533243989,TRUE,1.02874475031459,1.00113939554699,-0.159778955922876,TRUE,0.409506102134801,1.00099793280099
972,"rand=1-1_rate=3_ROB=L_UH_Bias=Rct20_NRE20-35","1-1",3,"L_UH","Rct20_NRE20-35",0.182321556793955,0.182321556793955,0.182321556793955,0.182321556793955,0.182321556793955,0.300104592450338,0.210801774282454,0.210801774282454,-0.153476131280476,TRUE,0.581129107279392,1.0010702110326,-0.186874703332796,FALSE,0.383920620197678,1.0009862058823,-0.406813316189206,TRUE,1.4748947304926,1.00100865051075,-0.142272921749239,TRUE,0.404711562640147,1.00099152129756
973,"rand=1-1_rate=3_ROB=L_UH_Bias=Rct20_NRE20-35","1-1",3,"L_UH","Rct20_NRE20-35",0.182321556793955,0.182321556793955,0.182321556793955,0.182321556793955,0.182321556793955,0.300104592450338,0.192937614238464,0.192937614238464,-0.0929075825302172,TRUE,0.503165601195393,1.00105003404873,-0.0872268116327939,TRUE,0.298202181987475,1.0010076995822,0.0681595933849766,TRUE,0.825321317077629,1.0014219434224,-0.116704191166674,TRUE,0.341383630631921,1.00104346726449
974,"rand=1-1_rate=3_ROB=L_UH_Bias=Rct20_NRE20-35","1-1",3,"L_UH","Rct20_NRE20-35",0.182321556793955,0.182321556793955,0.182321556793955,0.182321556793955,0.182321556793955,0.300104592450338,0.183937839827762,0.183937839827762,-0.200443531624699,TRUE,0.633858694454597,1.00102800889431,-0.180909601934923,TRUE,0.437313172041171,1.0009924512915,-0.322385638556199,TRUE,1.15739694004938,1.00101246700465,-0.143363263160197,TRUE,0.514098590422562,1.00101299949906
975,"rand=1-1_rate=3_ROB=L_UH_Bias=Rct20_NRE20-35","1-1",3,"L_UH","Rct20_NRE20-35",0.182321556793955,0.182321556793955,0.182321556793955,0.182321556793955,0.182321556793955,0.300104592450338,0.199576184949756,0.199576184949756,-0.070245789759481,TRUE,0.496447255428225,1.00102555462521,-0.144118873560932,TRUE,0.318096439955804,1.00099347658036,0.119243570812325,TRUE,0.688520563390182,1.00098605418867,-0.200128072801037,FALSE,0.364482034187414,1.00100653846802
976,"rand=1-1_rate=3_ROB=L_UH_Bias=Rct20_NRE20-35","1-1",3,"L_UH","Rct20_NRE20-35",0.182321556793955,0.182321556793955,0.182321556793955,0.182321556793955,0.182321556793955,0.300104592450338,0.203764308175423,0.203764308175423,-0.290947406439539,FALSE,0.632606108805201,1.0012174776442,-0.413656103389244,FALSE,0.414027353719232,1.00098604643586,-0.168710237140513,TRUE,1.49559716527805,1.00117493375314,-0.46859368339109,FALSE,0.440175563674326,1.00101065801553
977,"rand=1-1_rate=3_ROB=L_UH_Bias=Rct20_NRE20-35","1-1",3,"L_UH","Rct20_NRE20-35",0.182321556793955,0.182321556793955,0.182321556793955,0.182321556793955,0.182321556793955,0.300104592450338,0.189705978832959,0.189705978832959,-0.299455639400994,TRUE,0.696607137447433,1.00098602695877,-0.360024467965995,FALSE,0.499809756190254,1.00099347984378,-0.13425935235905,TRUE,1.22748120376456,1.00103134446811,-0.423686966274272,FALSE,0.595363617319503,1.00109936438041
978,"rand=1-1_rate=3_ROB=L_UH_Bias=Rct20_NRE20-35","1-1",3,"L_UH","Rct20_NRE20-35",0.182321556793955,0.182321556793955,0.182321556793955,0.182321556793955,0.182321556793955,0.300104592450338,0.20587724637115,0.20587724637115,-0.164799115855768,TRUE,0.509251363174289,1.00119048259227,-0.139332613256222,FALSE,0.2912944884257,1.00104432741594,-0.160326457592704,TRUE,0.763820421167399,1.00130214786398,-0.135632566110299,TRUE,0.350391347416288,1.00107563087889
979,"rand=1-1_rate=3_ROB=L_UH_Bias=Rct20_NRE20-35","1-1",3,"L_UH","Rct20_NRE20-35",0.182321556793955,0.182321556793955,0.182321556793955,0.182321556793955,0.182321556793955,0.300104592450338,0.201402532216617,0.201402532216617,-0.298806761789841,FALSE,0.606591008263983,1.0011104118429,-0.280028775754757,FALSE,0.390328935007082,1.0009859968336,-0.321531491942229,TRUE,0.897308123756849,1.00101048034712,-0.271229358845922,FALSE,0.481759865002774,1.0009887565145
980,"rand=1-1_rate=3_ROB=L_UH_Bias=Rct20_NRE20-35","1-1",3,"L_UH","Rct20_NRE20-35",0.182321556793955,0.182321556793955,0.182321556793955,0.182321556793955,0.182321556793955,0.300104592450338,0.204311266979369,0.204311266979369,-0.293640584024596,FALSE,0.581163660312675,1.00099134225163,-0.348187866448482,FALSE,0.367522855299665,1.00105879860529,-0.0621870347586249,TRUE,0.775221597813106,1.00110623716408,-0.403973430248006,FALSE,0.442522856761075,1.00098943610792
981,"rand=1-1_rate=3_ROB=L_UH_Bias=Rct20_NRE20-35","1-1",3,"L_UH","Rct20_NRE20-35",0.182321556793955,0.182321556793955,0.182321556793955,0.182321556793955,0.182321556793955,0.300104592450338,0.201462263397495,0.201462263397495,-0.300578776486661,FALSE,0.582363911548488,1.00104352020548,-0.325456523504539,FALSE,0.365495784815455,1.00099429657772,-0.263230964317243,TRUE,0.846421897080792,1.00104723965369,-0.33812150809545,FALSE,0.452877134504554,1.00103545057779
982,"rand=1-1_rate=3_ROB=L_UH_Bias=Rct20_NRE20-35","1-1",3,"L_UH","Rct20_NRE20-35",0.182321556793955,0.182321556793955,0.182321556793955,0.182321556793955,0.182321556793955,0.300104592450338,0.207925529299172,0.207925529299172,-0.317009322558855,FALSE,0.664405698457532,1.00121948221304,-0.298542439241311,FALSE,0.443319035759932,1.00101424036447,-0.484997397627113,FALSE,1.09701447389775,1.00100754136424,-0.261107500715194,FALSE,0.521656463999946,1.0009895472269
983,"rand=1-1_rate=3_ROB=L_UH_Bias=Rct20_NRE20-35","1-1",3,"L_UH","Rct20_NRE20-35",0.182321556793955,0.182321556793955,0.182321556793955,0.182321556793955,0.182321556793955,0.300104592450338,0.21532275371918,0.21532275371918,-0.374038903633178,FALSE,0.62975894627173,1.00107612794023,-0.411047842208752,FALSE,0.386429761883508,1.00098787033032,-0.867004967236615,FALSE,1.35978238251277,1.00108490871942,-0.349561578131668,FALSE,0.401544385074254,1.00098632038131
984,"rand=1-1_rate=3_ROB=L_UH_Bias=Rct20_NRE20-35","1-1",3,"L_UH","Rct20_NRE20-35",0.182321556793955,0.182321556793955,0.182321556793955,0.182321556793955,0.182321556793955,0.300104592450338,0.202977534306845,0.202977534306845,-0.198527659790327,TRUE,0.557207720647785,1.00100635692679,-0.21809160683404,FALSE,0.367044054920123,1.00105239642647,-0.230139230771934,TRUE,0.794029775406197,1.00101845029118,-0.216616359092822,FALSE,0.461523979677406,1.0010018489691
985,"rand=1-1_rate=3_ROB=L_UH_Bias=Rct20_NRE20-35","1-1",3,"L_UH","Rct20_NRE20-35",0.182321556793955,0.182321556793955,0.182321556793955,0.182321556793955,0.182321556793955,0.300104592450338,0.193123754804553,0.193123754804553,-0.164111071629597,TRUE,0.551606487424027,1.00098939314315,-0.174802574954119,FALSE,0.34464939399697,1.00108734475927,-0.0999857345453548,TRUE,0.790219393964998,1.00113638908055,-0.190101603009496,TRUE,0.423184104157673,1.0010121718008
986,"rand=1-1_rate=3_ROB=L_UH_Bias=Rct20_NRE20-35","1-1",3,"L_UH","Rct20_NRE20-35",0.182321556793955,0.182321556793955,0.182321556793955,0.182321556793955,0.182321556793955,0.300104592450338,0.187030795597806,0.187030795597806,-0.267026525568483,TRUE,0.624458019111106,1.0010140637505,-0.229319347985928,FALSE,0.403977768044293,1.00100481295417,-0.0953293782337554,TRUE,0.895276553799537,1.00103742368079,-0.260849434262481,FALSE,0.487333080281282,1.00099508457166
987,"rand=1-1_rate=3_ROB=L_UH_Bias=Rct20_NRE20-35","1-1",3,"L_UH","Rct20_NRE20-35",0.182321556793955,0.182321556793955,0.182321556793955,0.182321556793955,0.182321556793955,0.300104592450338,0.193670005964919,0.193670005964919,-0.323734338279963,FALSE,0.623100114506946,1.00102083559449,-0.26133759921024,FALSE,0.360526446344707,1.00099157962532,-0.532138349547431,FALSE,1.14682415225799,1.00125833136044,-0.216932441287139,FALSE,0.399031686805835,1.00098729483129
988,"rand=1-1_rate=3_ROB=L_UH_Bias=Rct20_NRE20-35","1-1",3,"L_UH","Rct20_NRE20-35",0.182321556793955,0.182321556793955,0.182321556793955,0.182321556793955,0.182321556793955,0.300104592450338,0.213018493463414,0.213018493463414,-0.074729013012969,TRUE,0.47840395816396,1.00100888642939,-0.118092501053947,TRUE,0.278763419315816,1.0010586659158,-0.215604129025241,TRUE,1.35228744333286,1.00101919737694,-0.102852193864848,TRUE,0.283686838770366,1.0010045597279
989,"rand=1-1_rate=3_ROB=L_UH_Bias=Rct20_NRE20-35","1-1",3,"L_UH","Rct20_NRE20-35",0.182321556793955,0.182321556793955,0.182321556793955,0.182321556793955,0.182321556793955,0.300104592450338,0.204412194435524,0.204412194435524,-0.150704782327136,TRUE,0.46445359153291,1.00103778019287,-0.215074034425817,FALSE,0.334851766681837,1.00100874166563,-0.194508623862092,TRUE,0.814760318157646,1.0013787258523,-0.219489151206589,FALSE,0.405295280222852,1.00101479015006
990,"rand=1-1_rate=3_ROB=L_UH_Bias=Rct20_NRE20-35","1-1",3,"L_UH","Rct20_NRE20-35",0.182321556793955,0.182321556793955,0.182321556793955,0.182321556793955,0.182321556793955,0.300104592450338,0.194235529074223,0.194235529074223,-0.343679836140443,FALSE,0.585123708648394,1.0009863934363,-0.34827065385854,FALSE,0.35223438441835,1.00102200607015,-0.319659436210521,TRUE,0.881974718765053,1.0009998535387,-0.354598714697457,FALSE,0.418817723138498,1.00098813089895
991,"rand=1-1_rate=3_ROB=L_UH_Bias=Rct20_NRE20-35","1-1",3,"L_UH","Rct20_NRE20-35",0.182321556793955,0.182321556793955,0.182321556793955,0.182321556793955,0.182321556793955,0.300104592450338,0.193912388666664,0.193912388666664,-0.444159063609449,FALSE,0.674563335228632,1.00107956253821,-0.296244013227724,FALSE,0.397025074813524,1.00099870310507,-0.582778700256983,FALSE,1.0896795486815,1.00162023987118,-0.244084125281701,FALSE,0.450856251725624,1.00098618527793
992,"rand=1-1_rate=3_ROB=L_UH_Bias=Rct20_NRE20-35","1-1",3,"L_UH","Rct20_NRE20-35",0.182321556793955,0.182321556793955,0.182321556793955,0.182321556793955,0.182321556793955,0.300104592450338,0.184137183484224,0.184137183484224,-0.222517322300062,TRUE,0.558310985636971,1.00100502584797,-0.312511158025323,FALSE,0.41509861752378,1.00099794109845,-0.10714721895593,TRUE,0.772281010699585,1.00143214136107,-0.365844463565618,FALSE,0.52774142386317,1.00098730111811
993,"rand=1-1_rate=3_ROB=L_UH_Bias=Rct20_NRE20-35","1-1",3,"L_UH","Rct20_NRE20-35",0.182321556793955,0.182321556793955,0.182321556793955,0.182321556793955,0.182321556793955,0.300104592450338,0.205865065957056,0.205865065957056,-0.353550141813062,FALSE,0.656991772436349,1.00120861148892,-0.357278344077827,FALSE,0.429484623351944,1.00101780050243,-0.313423764194789,TRUE,1.19297831932892,1.00120574920919,-0.36825638843548,FALSE,0.499861690471853,1.00099151235409
994,"rand=1-1_rate=3_ROB=L_UH_Bias=Rct20_NRE20-35","1-1",3,"L_UH","Rct20_NRE20-35",0.182321556793955,0.182321556793955,0.182321556793955,0.182321556793955,0.182321556793955,0.300104592450338,0.203393275531747,0.203393275531747,-0.270129988982058,FALSE,0.524040937883181,1.00098735045051,-0.205499432961276,FALSE,0.326996396427204,1.00098664695544,-0.282382734481591,TRUE,1.11567367630351,1.00102640459204,-0.192375369016377,FALSE,0.366067272934319,1.00100611381719
995,"rand=1-1_rate=3_ROB=L_UH_Bias=Rct20_NRE20-35","1-1",3,"L_UH","Rct20_NRE20-35",0.182321556793955,0.182321556793955,0.182321556793955,0.182321556793955,0.182321556793955,0.300104592450338,0.200436261872333,0.200436261872333,-0.253628583497066,TRUE,0.581422734168031,1.0014269309691,-0.303155112119323,FALSE,0.388672346295427,1.0009867190409,-0.165696580415632,TRUE,0.824251590741252,1.00147611775371,-0.334524378884741,FALSE,0.48394802230526,1.00098617714251
996,"rand=1-1_rate=3_ROB=L_UH_Bias=Rct20_NRE20-35","1-1",3,"L_UH","Rct20_NRE20-35",0.182321556793955,0.182321556793955,0.182321556793955,0.182321556793955,0.182321556793955,0.300104592450338,0.219766765190887,0.219766765190887,-0.184395531021511,TRUE,0.658734681264621,1.00098773039497,-0.289704851243511,FALSE,0.561840523040114,1.00100644687891,-0.109332274956928,TRUE,0.949433777649044,1.00104509087022,-0.345790402796867,FALSE,0.74713983745424,1.00098600017045
997,"rand=1-1_rate=3_ROB=L_UH_Bias=Rct20_NRE20-35","1-1",3,"L_UH","Rct20_NRE20-35",0.182321556793955,0.182321556793955,0.182321556793955,0.182321556793955,0.182321556793955,0.300104592450338,0.189529464889752,0.189529464889752,-0.345322737946755,FALSE,0.63982570228812,1.00113040268133,-0.30157346907242,FALSE,0.402106963077506,1.00101256723802,-0.367779510915769,TRUE,1.10519283609558,1.00100535529038,-0.287993077061569,FALSE,0.471398444402887,1.00101339737362
998,"rand=1-1_rate=3_ROB=L_UH_Bias=Rct20_NRE20-35","1-1",3,"L_UH","Rct20_NRE20-35",0.182321556793955,0.182321556793955,0.182321556793955,0.182321556793955,0.182321556793955,0.300104592450338,0.191863864028269,0.191863864028269,-0.217212980891194,TRUE,0.572453072828801,1.00151064508842,-0.280733892374195,FALSE,0.42927869098709,1.00098800256265,-0.479207522552335,FALSE,0.962956512342447,1.00103038833328,-0.240213091904986,FALSE,0.524399162065115,1.0009899928119
999,"rand=1-1_rate=3_ROB=L_UH_Bias=Rct20_NRE20-35","1-1",3,"L_UH","Rct20_NRE20-35",0.182321556793955,0.182321556793955,0.182321556793955,0.182321556793955,0.182321556793955,0.300104592450338,0.228172390101244,0.228172390101244,-0.37511881366401,FALSE,0.667359905654036,1.00100907380537,-0.30224421871219,FALSE,0.409827524225062,1.00103548513842,-0.25461786687428,TRUE,1.17054377205534,1.0009925098414,-0.314000595809413,FALSE,0.484281991310261,1.00099508904712
1000,"rand=1-1_rate=3_ROB=L_UH_Bias=Rct20_NRE20-35","1-1",3,"L_UH","Rct20_NRE20-35",0.182321556793955,0.182321556793955,0.182321556793955,0.182321556793955,0.182321556793955,0.300104592450338,0.198063834577714,0.198063834577714,-0.178039945219457,TRUE,0.514278225288589,1.00111378942276,-0.152078660133755,FALSE,0.305564032675187,1.0009897140993,-0.355978668356061,TRUE,0.975773183099459,1.00189941016345,-0.120549814025854,TRUE,0.344533232108571,1.00100661361445
