"sim","scenario","Rand","Nrct_rate","ROB_srt","bias_pattern","low_rct","unclear_rct","high_rct","low_obs","unclear_obs","high_obs","mean_true_bias","mean_abs_true_bias","bias","coverage","CIw","Rhat","bias_naive","coverage_naive","CIw_naive","R_naive","bias_rct_est","coverage_rct","CIw_rct","R_rct","bias_obs_est","coverage_obs","CIw_obs","R_rct.1"
1,"rand=1-2_rate=2_ROB=LH_Bias=Rct20_NRE20-35","1-2",2,"LH","Rct20_NRE20-35",0.182321556793955,0.182321556793955,0.182321556793955,0.182321556793955,0.182321556793955,0.300104592450338,0.193026909813478,0.193026909813478,-0.400245561174605,FALSE,0.725424138316016,1.00132686713546,-0.258941350079581,FALSE,0.414750686462608,1.00099588023344,-0.258383873486602,TRUE,0.778912063239944,1.00107093723693,-0.260606166119685,FALSE,0.554418080828019,1.00100318197456
2,"rand=1-2_rate=2_ROB=LH_Bias=Rct20_NRE20-35","1-2",2,"LH","Rct20_NRE20-35",0.182321556793955,0.182321556793955,0.182321556793955,0.182321556793955,0.182321556793955,0.300104592450338,0.216862677690804,0.216862677690804,-0.250772194087829,TRUE,0.610343651374507,1.00112005201914,-0.284287791753993,FALSE,0.386232876777364,1.00098733845971,-0.208006689776854,TRUE,0.707489654714981,1.00099996584023,-0.310497524616232,FALSE,0.51527856038426,1.00098676859624
3,"rand=1-2_rate=2_ROB=LH_Bias=Rct20_NRE20-35","1-2",2,"LH","Rct20_NRE20-35",0.182321556793955,0.182321556793955,0.182321556793955,0.182321556793955,0.182321556793955,0.300104592450338,0.209105972452991,0.209105972452991,-0.0249360758033492,TRUE,0.62973151617261,1.00120496565725,-0.249524607131253,TRUE,0.573879296999434,1.00100972800483,0.010826580107528,TRUE,0.582143708020149,1.00123756092336,-0.406631487902544,TRUE,0.994099003535298,1.00099692383029
4,"rand=1-2_rate=2_ROB=LH_Bias=Rct20_NRE20-35","1-2",2,"LH","Rct20_NRE20-35",0.182321556793955,0.182321556793955,0.182321556793955,0.182321556793955,0.182321556793955,0.300104592450338,0.223913581345292,0.223913581345292,-0.172126454252402,TRUE,0.724455506423148,1.00100705898,-0.288207631829534,FALSE,0.518301545313482,1.00102305385112,-0.0146035603737087,TRUE,0.718401597119628,1.00150824805568,-0.445576824510303,FALSE,0.729378691931182,1.0009937606746
5,"rand=1-2_rate=2_ROB=LH_Bias=Rct20_NRE20-35","1-2",2,"LH","Rct20_NRE20-35",0.182321556793955,0.182321556793955,0.182321556793955,0.182321556793955,0.182321556793955,0.300104592450338,0.237405138818735,0.237405138818735,0.0330719356854049,TRUE,0.538648319292711,1.00111981337886,-0.179548742474372,TRUE,0.46947419691328,1.00098600235778,-0.288138823356484,TRUE,1.20401009134276,1.00098599408006,-0.138234436406018,TRUE,0.547095251248211,1.00100253114358
6,"rand=1-2_rate=2_ROB=LH_Bias=Rct20_NRE20-35","1-2",2,"LH","Rct20_NRE20-35",0.182321556793955,0.182321556793955,0.182321556793955,0.182321556793955,0.182321556793955,0.300104592450338,0.225032592100684,0.225032592100684,-0.453982478898121,FALSE,0.696761772302653,1.00137225145173,-0.429044846221745,FALSE,0.407525978330801,1.00099116785235,-0.396776477198193,FALSE,0.805375652071884,1.00109487469381,-0.437100889239369,FALSE,0.538402009422735,1.00099689773459
7,"rand=1-2_rate=2_ROB=LH_Bias=Rct20_NRE20-35","1-2",2,"LH","Rct20_NRE20-35",0.182321556793955,0.182321556793955,0.182321556793955,0.182321556793955,0.182321556793955,0.300104592450338,0.214906970424022,0.214906970424022,-0.355328460369092,FALSE,0.599086591905966,1.00099437844011,-0.332188101003497,FALSE,0.309426886911165,1.00099745177619,-0.243908375621634,TRUE,0.81737818207393,1.0010563340915,-0.350175153567529,FALSE,0.363643904813067,1.00104227937371
8,"rand=1-2_rate=2_ROB=LH_Bias=Rct20_NRE20-35","1-2",2,"LH","Rct20_NRE20-35",0.182321556793955,0.182321556793955,0.182321556793955,0.182321556793955,0.182321556793955,0.300104592450338,0.208358908627927,0.208358908627927,-0.258940389254616,FALSE,0.582072459043205,1.00106968773628,-0.381680918208538,FALSE,0.404990765101046,1.00102628372029,-0.387533181907205,TRUE,0.954623228828969,1.00098599034002,-0.378275915027743,FALSE,0.488787596150393,1.00100103007846
9,"rand=1-2_rate=2_ROB=LH_Bias=Rct20_NRE20-35","1-2",2,"LH","Rct20_NRE20-35",0.182321556793955,0.182321556793955,0.182321556793955,0.182321556793955,0.182321556793955,0.300104592450338,0.203717774846639,0.203717774846639,-0.177458445330321,TRUE,0.604615781291093,1.00104190184679,-0.238130526050348,FALSE,0.40100618926693,1.00099063497784,-0.23510854337117,TRUE,0.742804044161173,1.00120245711605,-0.239041997307905,TRUE,0.539232896272411,1.00099316685122
10,"rand=1-2_rate=2_ROB=LH_Bias=Rct20_NRE20-35","1-2",2,"LH","Rct20_NRE20-35",0.182321556793955,0.182321556793955,0.182321556793955,0.182321556793955,0.182321556793955,0.300104592450338,0.202302158164721,0.202302158164721,-0.195991102973632,TRUE,0.510845916658751,1.00102238525011,-0.325373742518814,FALSE,0.36277701866366,1.00099437635925,-0.349337962687471,FALSE,0.787067563939556,1.00115796214059,-0.319679648828215,FALSE,0.467896843539044,1.00100161215089
11,"rand=1-2_rate=2_ROB=LH_Bias=Rct20_NRE20-35","1-2",2,"LH","Rct20_NRE20-35",0.182321556793955,0.182321556793955,0.182321556793955,0.182321556793955,0.182321556793955,0.300104592450338,0.21701851265498,0.21701851265498,-0.415237028159743,FALSE,0.770123206020913,1.00099842521667,-0.334909236352573,FALSE,0.461105601376782,1.00098789272724,-0.429336777202264,FALSE,0.92520602032892,1.00099494901929,-0.299448829440599,FALSE,0.605527603351574,1.00098881798425
12,"rand=1-2_rate=2_ROB=LH_Bias=Rct20_NRE20-35","1-2",2,"LH","Rct20_NRE20-35",0.182321556793955,0.182321556793955,0.182321556793955,0.182321556793955,0.182321556793955,0.300104592450338,0.202998708884431,0.202998708884431,-0.167892736699023,TRUE,0.574988624396005,1.00100450788903,-0.216367128506479,FALSE,0.36821142064175,1.00098696197557,-0.120790397572192,TRUE,0.677245011044561,1.00165462685891,-0.248746388008695,FALSE,0.496921435871131,1.00098599339429
13,"rand=1-2_rate=2_ROB=LH_Bias=Rct20_NRE20-35","1-2",2,"LH","Rct20_NRE20-35",0.182321556793955,0.182321556793955,0.182321556793955,0.182321556793955,0.182321556793955,0.300104592450338,0.202546388442962,0.202546388442962,-0.0828055871642197,TRUE,0.494660552936391,1.00101844032158,-0.249863134687663,FALSE,0.418704908162475,1.00099018531339,0.0260031703300679,TRUE,0.68492698575837,1.0010550171267,-0.364164564455822,FALSE,0.520036294730416,1.00100006562577
14,"rand=1-2_rate=2_ROB=LH_Bias=Rct20_NRE20-35","1-2",2,"LH","Rct20_NRE20-35",0.182321556793955,0.182321556793955,0.182321556793955,0.182321556793955,0.182321556793955,0.300104592450338,0.20262900272224,0.20262900272224,-0.316073450378327,FALSE,0.635272538197218,1.00114805477284,-0.441592228964704,FALSE,0.444222537438803,1.00100957882376,-0.262452844487747,TRUE,0.688692433759393,1.00108665327832,-0.508975022843879,FALSE,0.628135965343055,1.0009892013406
15,"rand=1-2_rate=2_ROB=LH_Bias=Rct20_NRE20-35","1-2",2,"LH","Rct20_NRE20-35",0.182321556793955,0.182321556793955,0.182321556793955,0.182321556793955,0.182321556793955,0.300104592450338,0.209232970628319,0.209232970628319,-0.2280507570146,TRUE,0.688990486751507,1.00098874069789,-0.225490256514348,FALSE,0.458137958323327,1.00100652294077,-0.34558034283855,TRUE,0.935264625309215,1.00100465261152,-0.170498270322331,TRUE,0.596880293538563,1.00100021050088
16,"rand=1-2_rate=2_ROB=LH_Bias=Rct20_NRE20-35","1-2",2,"LH","Rct20_NRE20-35",0.182321556793955,0.182321556793955,0.182321556793955,0.182321556793955,0.182321556793955,0.300104592450338,0.214182846229148,0.214182846229148,-0.180100679550439,TRUE,0.68637922866614,1.00114266593753,-0.218130383280212,TRUE,0.489756421591272,1.00098600844535,-0.207595645662413,TRUE,0.783445144103406,1.00117447748838,-0.225270481636455,TRUE,0.699401703730898,1.00098817092764
17,"rand=1-2_rate=2_ROB=LH_Bias=Rct20_NRE20-35","1-2",2,"LH","Rct20_NRE20-35",0.182321556793955,0.182321556793955,0.182321556793955,0.182321556793955,0.182321556793955,0.300104592450338,0.200318322333369,0.200318322333369,-0.304496890494781,FALSE,0.630320118231291,1.00103591894842,-0.358412498588628,FALSE,0.369193031729357,1.00107662961732,-0.0800346297211085,TRUE,0.594283966955227,1.00180719629415,-0.453761813133643,FALSE,0.475702476426012,1.00099045961549
18,"rand=1-2_rate=2_ROB=LH_Bias=Rct20_NRE20-35","1-2",2,"LH","Rct20_NRE20-35",0.182321556793955,0.182321556793955,0.182321556793955,0.182321556793955,0.182321556793955,0.300104592450338,0.204334821574656,0.204334821574656,-0.309591307378281,FALSE,0.676523012061813,1.00098636283227,-0.372342180679358,FALSE,0.434374169017955,1.00098856012094,-0.278360360376317,TRUE,0.892497894725973,1.00109927960269,-0.40606575203935,FALSE,0.545842287889265,1.00102828614155
19,"rand=1-2_rate=2_ROB=LH_Bias=Rct20_NRE20-35","1-2",2,"LH","Rct20_NRE20-35",0.182321556793955,0.182321556793955,0.182321556793955,0.182321556793955,0.182321556793955,0.300104592450338,0.220518254330787,0.220518254330787,-0.183779454792869,TRUE,0.649573973485279,1.00112735815438,-0.349076566431805,FALSE,0.51287706988332,1.00102338237705,-0.102001774474485,TRUE,0.719046039961597,1.00101480614306,-0.464738371688277,FALSE,0.729026151380497,1.00100606713257
20,"rand=1-2_rate=2_ROB=LH_Bias=Rct20_NRE20-35","1-2",2,"LH","Rct20_NRE20-35",0.182321556793955,0.182321556793955,0.182321556793955,0.182321556793955,0.182321556793955,0.300104592450338,0.189239064341908,0.189239064341908,-0.297274720972262,FALSE,0.681359806821478,1.00102270046632,-0.22300657642676,FALSE,0.420128404683802,1.00098723719231,-0.392677560216904,FALSE,0.710952594752038,1.00100017268457,-0.162210472455652,TRUE,0.600079518854722,1.00099859577052
21,"rand=1-2_rate=2_ROB=LH_Bias=Rct20_NRE20-35","1-2",2,"LH","Rct20_NRE20-35",0.182321556793955,0.182321556793955,0.182321556793955,0.182321556793955,0.182321556793955,0.300104592450338,0.212162573248993,0.212162573248993,-0.472965309685986,FALSE,0.758765262998708,1.00113026424246,-0.498161767617767,FALSE,0.474172617524429,1.00105828345838,-0.339022522300835,TRUE,0.984511352547312,1.00099248624823,-0.552043561171331,FALSE,0.605752640449903,1.00100111062165
22,"rand=1-2_rate=2_ROB=LH_Bias=Rct20_NRE20-35","1-2",2,"LH","Rct20_NRE20-35",0.182321556793955,0.182321556793955,0.182321556793955,0.182321556793955,0.182321556793955,0.300104592450338,0.214304799435126,0.214304799435126,-0.100383134839761,TRUE,0.617823764223407,1.0011232912445,-0.174113301961763,TRUE,0.430836250631597,1.0010004939653,-0.0596817863563761,TRUE,0.707873176759936,1.001020799354,-0.226977102179601,TRUE,0.610169148978783,1.00107518529234
23,"rand=1-2_rate=2_ROB=LH_Bias=Rct20_NRE20-35","1-2",2,"LH","Rct20_NRE20-35",0.182321556793955,0.182321556793955,0.182321556793955,0.182321556793955,0.182321556793955,0.300104592450338,0.223492444126143,0.223492444126143,-0.279013389475548,FALSE,0.629120104765338,1.00125540386037,-0.404601649541625,FALSE,0.463598543332064,1.00100845211692,-0.442959906215846,FALSE,0.783854017288089,1.00099843752935,-0.387916027507271,FALSE,0.671388736694645,1.00098770804514
24,"rand=1-2_rate=2_ROB=LH_Bias=Rct20_NRE20-35","1-2",2,"LH","Rct20_NRE20-35",0.182321556793955,0.182321556793955,0.182321556793955,0.182321556793955,0.182321556793955,0.300104592450338,0.207589064626588,0.207589064626588,-0.125411281897722,TRUE,0.507523047344636,1.00099161166621,-0.200574150386121,FALSE,0.304253581982624,1.00108514881987,-0.323822110311867,TRUE,0.790143575610731,1.00104703506142,-0.175407734004805,FALSE,0.365304262351151,1.00098989636313
25,"rand=1-2_rate=2_ROB=LH_Bias=Rct20_NRE20-35","1-2",2,"LH","Rct20_NRE20-35",0.182321556793955,0.182321556793955,0.182321556793955,0.182321556793955,0.182321556793955,0.300104592450338,0.215120697428966,0.215120697428966,-0.319491744696546,FALSE,0.623797135321144,1.00123017912697,-0.281604813594377,FALSE,0.339012746709373,1.00098767851625,-0.501148023879636,FALSE,0.858871093008231,1.00099162326731,-0.23046694801641,FALSE,0.393052609071856,1.00099052420844
26,"rand=1-2_rate=2_ROB=LH_Bias=Rct20_NRE20-35","1-2",2,"LH","Rct20_NRE20-35",0.182321556793955,0.182321556793955,0.182321556793955,0.182321556793955,0.182321556793955,0.300104592450338,0.210045525376552,0.210045525376552,-0.36486635988769,FALSE,0.742143631462559,1.00110570075113,-0.391487123249242,FALSE,0.507195011557288,1.00102063786338,-0.410089179848651,FALSE,0.806781816382458,1.00100719582484,-0.381326537090532,FALSE,0.744190200576558,1.00100274774576
27,"rand=1-2_rate=2_ROB=LH_Bias=Rct20_NRE20-35","1-2",2,"LH","Rct20_NRE20-35",0.182321556793955,0.182321556793955,0.182321556793955,0.182321556793955,0.182321556793955,0.300104592450338,0.226638582535475,0.226638582535475,-0.342529649067326,FALSE,0.687752875316807,1.00157447464561,-0.33428771197032,FALSE,0.40596256443529,1.00100037858007,-0.187162457118937,TRUE,0.742325153812957,1.00159510476843,-0.384879991937665,FALSE,0.538170067830896,1.00098769513462
28,"rand=1-2_rate=2_ROB=LH_Bias=Rct20_NRE20-35","1-2",2,"LH","Rct20_NRE20-35",0.182321556793955,0.182321556793955,0.182321556793955,0.182321556793955,0.182321556793955,0.300104592450338,0.219133864138779,0.219133864138779,-0.253474686083169,TRUE,0.644274468121614,1.00100443803466,-0.377118490838211,FALSE,0.476175992361788,1.00100931370934,-0.187124643820807,TRUE,0.660826943636493,1.00098716386311,-0.467042422135259,FALSE,0.722906563490008,1.00099671131968
29,"rand=1-2_rate=2_ROB=LH_Bias=Rct20_NRE20-35","1-2",2,"LH","Rct20_NRE20-35",0.182321556793955,0.182321556793955,0.182321556793955,0.182321556793955,0.182321556793955,0.300104592450338,0.199831560719528,0.199831560719528,-0.29381021598697,TRUE,0.762615599817727,1.00099012777648,-0.226258007740023,FALSE,0.464264936914132,1.00099287800499,-0.276472598723115,TRUE,0.899693465473415,1.00111818226609,-0.205888066062844,TRUE,0.616635267495936,1.00098635177209
30,"rand=1-2_rate=2_ROB=LH_Bias=Rct20_NRE20-35","1-2",2,"LH","Rct20_NRE20-35",0.182321556793955,0.182321556793955,0.182321556793955,0.182321556793955,0.182321556793955,0.300104592450338,0.214942349039828,0.214942349039828,-0.407127914313593,FALSE,0.823359129169303,1.00108840547804,-0.494138767177098,FALSE,0.600440973828073,1.00101095769196,-0.286075865344102,TRUE,0.876619333228142,1.00103251080924,-0.601497321700719,FALSE,0.882057974436749,1.00101771717055
31,"rand=1-2_rate=2_ROB=LH_Bias=Rct20_NRE20-35","1-2",2,"LH","Rct20_NRE20-35",0.182321556793955,0.182321556793955,0.182321556793955,0.182321556793955,0.182321556793955,0.300104592450338,0.207806239862697,0.207806239862697,-0.223889614659977,TRUE,0.683304925188856,1.00098600948079,-0.23013552797607,FALSE,0.430726706027102,1.00100320535277,-0.302594574656506,TRUE,0.961911634448121,1.00101300387116,-0.202611696019641,TRUE,0.536432019754113,1.00101894628506
32,"rand=1-2_rate=2_ROB=LH_Bias=Rct20_NRE20-35","1-2",2,"LH","Rct20_NRE20-35",0.182321556793955,0.182321556793955,0.182321556793955,0.182321556793955,0.182321556793955,0.300104592450338,0.20755736802065,0.20755736802065,-0.363469323968551,FALSE,0.728644368766878,1.00102067086567,-0.518635818765697,FALSE,0.554877984512839,1.00098982718446,-0.592299131742875,FALSE,0.948064018516389,1.0011052471558,-0.480466564801983,FALSE,0.772512344982708,1.00102186923242
33,"rand=1-2_rate=2_ROB=LH_Bias=Rct20_NRE20-35","1-2",2,"LH","Rct20_NRE20-35",0.182321556793955,0.182321556793955,0.182321556793955,0.182321556793955,0.182321556793955,0.300104592450338,0.212958923195021,0.212958923195021,-0.328562852770121,FALSE,0.652967503792916,1.00122105233789,-0.349977445001538,FALSE,0.385920717869487,1.00102088571718,-0.477898778840593,FALSE,0.878095063447165,1.00098623257853,-0.315262575222615,FALSE,0.481113075935313,1.00098750648491
34,"rand=1-2_rate=2_ROB=LH_Bias=Rct20_NRE20-35","1-2",2,"LH","Rct20_NRE20-35",0.182321556793955,0.182321556793955,0.182321556793955,0.182321556793955,0.182321556793955,0.300104592450338,0.198765202707143,0.198765202707143,-0.150134304696234,TRUE,0.576802679234407,1.00098650625114,-0.247184153937186,FALSE,0.399305023823475,1.00099012587549,-0.115615292457546,TRUE,0.941354016487245,1.00114708309651,-0.291683983883437,FALSE,0.466477589333862,1.00098710649633
35,"rand=1-2_rate=2_ROB=LH_Bias=Rct20_NRE20-35","1-2",2,"LH","Rct20_NRE20-35",0.182321556793955,0.182321556793955,0.182321556793955,0.182321556793955,0.182321556793955,0.300104592450338,0.222111538061627,0.222111538061627,-0.335456999461136,FALSE,0.672023958828086,1.00103846735766,-0.355663972185215,FALSE,0.420654786072574,1.0009946041809,-0.30230150664408,TRUE,0.852349330049155,1.0010346395294,-0.374147703871188,FALSE,0.552099628621126,1.00098664618593
36,"rand=1-2_rate=2_ROB=LH_Bias=Rct20_NRE20-35","1-2",2,"LH","Rct20_NRE20-35",0.182321556793955,0.182321556793955,0.182321556793955,0.182321556793955,0.182321556793955,0.300104592450338,0.221516294934178,0.221516294934178,-0.195577026387941,TRUE,0.584264633926527,1.00102201582855,-0.297877381404562,FALSE,0.383881315416104,1.0009912703495,-0.155123003973549,TRUE,0.778791110010753,1.00141648703648,-0.347315429355719,FALSE,0.478660764406753,1.00102581145161
37,"rand=1-2_rate=2_ROB=LH_Bias=Rct20_NRE20-35","1-2",2,"LH","Rct20_NRE20-35",0.182321556793955,0.182321556793955,0.182321556793955,0.182321556793955,0.182321556793955,0.300104592450338,0.201913733655591,0.201913733655591,0.0242667372068947,TRUE,0.471282178472536,1.00102056993712,-0.101661306243766,TRUE,0.353931242561205,1.00099023027019,0.0182298035791116,TRUE,0.660717110987403,1.00104036213497,-0.144580638946002,TRUE,0.464169037442931,1.00098897722029
38,"rand=1-2_rate=2_ROB=LH_Bias=Rct20_NRE20-35","1-2",2,"LH","Rct20_NRE20-35",0.182321556793955,0.182321556793955,0.182321556793955,0.182321556793955,0.182321556793955,0.300104592450338,0.21332869978567,0.21332869978567,-0.140202230883876,TRUE,0.556116630544103,1.00102315206727,-0.215267387480155,FALSE,0.335151278034597,1.00103490890276,0.130539478726905,TRUE,0.455760745810818,1.00109623594861,-0.328059157719623,FALSE,0.396049363662786,1.00104437267024
39,"rand=1-2_rate=2_ROB=LH_Bias=Rct20_NRE20-35","1-2",2,"LH","Rct20_NRE20-35",0.182321556793955,0.182321556793955,0.182321556793955,0.182321556793955,0.182321556793955,0.300104592450338,0.211943166129524,0.211943166129524,-0.266042527519054,FALSE,0.563310724331416,1.0009904151387,-0.21258324997022,FALSE,0.290183991455615,1.00110591109827,-0.436329684416241,FALSE,0.820082137959943,1.00117366927465,-0.166865201572833,FALSE,0.323583296812529,1.00102320312618
40,"rand=1-2_rate=2_ROB=LH_Bias=Rct20_NRE20-35","1-2",2,"LH","Rct20_NRE20-35",0.182321556793955,0.182321556793955,0.182321556793955,0.182321556793955,0.182321556793955,0.300104592450338,0.200336976942354,0.200336976942354,-0.30060027239892,FALSE,0.66310748578159,1.00098895122838,-0.401216162972645,FALSE,0.468169328654171,1.00100150334016,-0.489042150291128,FALSE,0.906832784071634,1.00117189724841,-0.369694063560131,FALSE,0.624726864058247,1.0010131568674
41,"rand=1-2_rate=2_ROB=LH_Bias=Rct20_NRE20-35","1-2",2,"LH","Rct20_NRE20-35",0.182321556793955,0.182321556793955,0.182321556793955,0.182321556793955,0.182321556793955,0.300104592450338,0.207393288658257,0.207393288658257,-0.2807616253606,TRUE,0.733995379348568,1.00100435636731,-0.26226346056849,FALSE,0.47947660446553,1.00101680458609,-0.418179772618082,FALSE,0.900310707404303,1.00128112358113,-0.198007830848779,TRUE,0.623748493776824,1.00106650294102
42,"rand=1-2_rate=2_ROB=LH_Bias=Rct20_NRE20-35","1-2",2,"LH","Rct20_NRE20-35",0.182321556793955,0.182321556793955,0.182321556793955,0.182321556793955,0.182321556793955,0.300104592450338,0.201994322815639,0.201994322815639,-0.238200318554625,TRUE,0.714536115324648,1.00128258284705,-0.242699035109893,FALSE,0.478423286434459,1.00098603108186,-0.299082967520179,TRUE,0.730425076039169,1.00104615530591,-0.228364459987058,TRUE,0.710349317960473,1.00098642180728
43,"rand=1-2_rate=2_ROB=LH_Bias=Rct20_NRE20-35","1-2",2,"LH","Rct20_NRE20-35",0.182321556793955,0.182321556793955,0.182321556793955,0.182321556793955,0.182321556793955,0.300104592450338,0.211127546096428,0.211127546096428,-0.278997090627075,TRUE,0.668680960798138,1.00109228507737,-0.193406585452931,FALSE,0.360184527961646,1.00098701521891,-0.193726673025987,TRUE,0.815515729862348,1.00101637928488,-0.192617921165959,TRUE,0.444010540024909,1.00098914081563
44,"rand=1-2_rate=2_ROB=LH_Bias=Rct20_NRE20-35","1-2",2,"LH","Rct20_NRE20-35",0.182321556793955,0.182321556793955,0.182321556793955,0.182321556793955,0.182321556793955,0.300104592450338,0.22173677799147,0.22173677799147,-0.203476651083447,TRUE,0.680477179452086,1.00098787125507,-0.291769032544209,FALSE,0.477390205068728,1.00110039649564,-0.401864193074996,TRUE,1.0363674188712,1.00099138162075,-0.251441026994473,TRUE,0.602051997170675,1.00099063678917
45,"rand=1-2_rate=2_ROB=LH_Bias=Rct20_NRE20-35","1-2",2,"LH","Rct20_NRE20-35",0.182321556793955,0.182321556793955,0.182321556793955,0.182321556793955,0.182321556793955,0.300104592450338,0.230087154176729,0.230087154176729,-0.164597945913891,TRUE,0.675819740974217,1.0009999238109,-0.24857907546907,FALSE,0.465260246088149,1.0010915056063,-0.392885220895545,TRUE,1.16256205469177,1.00109937316526,-0.191998859785101,TRUE,0.554296622837573,1.00098599434792
46,"rand=1-2_rate=2_ROB=LH_Bias=Rct20_NRE20-35","1-2",2,"LH","Rct20_NRE20-35",0.182321556793955,0.182321556793955,0.182321556793955,0.182321556793955,0.182321556793955,0.300104592450338,0.206603792282825,0.206603792282825,-0.223749789702725,TRUE,0.730414663968213,1.00098940437466,-0.295115069146376,FALSE,0.496809355166506,1.00102165078435,-0.10848162426502,TRUE,0.899730917055607,1.00101287502924,-0.385542126547069,FALSE,0.664598606508269,1.00098932805701
47,"rand=1-2_rate=2_ROB=LH_Bias=Rct20_NRE20-35","1-2",2,"LH","Rct20_NRE20-35",0.182321556793955,0.182321556793955,0.182321556793955,0.182321556793955,0.182321556793955,0.300104592450338,0.205797541790928,0.205797541790928,-0.559204978675779,FALSE,0.809676842432671,1.0010343749941,-0.438380892396576,FALSE,0.527558758841224,1.00099171352098,-0.596834382087701,FALSE,1.13361419114772,1.00122135136919,-0.374347712305611,FALSE,0.660455952970484,1.00098770871293
48,"rand=1-2_rate=2_ROB=LH_Bias=Rct20_NRE20-35","1-2",2,"LH","Rct20_NRE20-35",0.182321556793955,0.182321556793955,0.182321556793955,0.182321556793955,0.182321556793955,0.300104592450338,0.21405157632411,0.21405157632411,-0.243987182317663,FALSE,0.516400107405111,1.00110553839658,-0.320483525808325,FALSE,0.25214410059441,1.00105591512378,-0.163283452209249,TRUE,0.775061643541749,1.0014094473918,-0.345608718867216,FALSE,0.263968644214919,1.00118171004078
49,"rand=1-2_rate=2_ROB=LH_Bias=Rct20_NRE20-35","1-2",2,"LH","Rct20_NRE20-35",0.182321556793955,0.182321556793955,0.182321556793955,0.182321556793955,0.182321556793955,0.300104592450338,0.230546947388827,0.230546947388827,-0.446122692339317,FALSE,0.721315345397016,1.00120815428896,-0.450623758424421,FALSE,0.458591070953907,1.00099626183277,-0.371713613391621,FALSE,0.709336785283136,1.001075580841,-0.475165201771542,FALSE,0.674579150069478,1.00100172882632
50,"rand=1-2_rate=2_ROB=LH_Bias=Rct20_NRE20-35","1-2",2,"LH","Rct20_NRE20-35",0.182321556793955,0.182321556793955,0.182321556793955,0.182321556793955,0.182321556793955,0.300104592450338,0.218395510287688,0.218395510287688,-0.392922016082337,FALSE,0.713120822849343,1.00098837202476,-0.365447387256909,FALSE,0.42921572788553,1.00101311319669,-0.122159376632988,TRUE,0.643902177741458,1.00183078053009,-0.463704653629394,FALSE,0.602445256355427,1.00099908431517
51,"rand=1-2_rate=2_ROB=LH_Bias=Rct20_NRE20-35","1-2",2,"LH","Rct20_NRE20-35",0.182321556793955,0.182321556793955,0.182321556793955,0.182321556793955,0.182321556793955,0.300104592450338,0.210862100185772,0.210862100185772,-0.0805514559741967,TRUE,0.575423626510512,1.00105921192379,-0.141239839158688,TRUE,0.400433450074328,1.00099076165498,-0.0526622962036356,TRUE,0.640656510670839,1.00098599071587,-0.179080522952162,TRUE,0.571646745596059,1.00099921386079
52,"rand=1-2_rate=2_ROB=LH_Bias=Rct20_NRE20-35","1-2",2,"LH","Rct20_NRE20-35",0.182321556793955,0.182321556793955,0.182321556793955,0.182321556793955,0.182321556793955,0.300104592450338,0.224020366229225,0.224020366229225,-0.230865534297423,TRUE,0.578697963964722,1.00102078757409,-0.263550474081341,FALSE,0.34481580822813,1.00101326823709,-0.39901125472571,FALSE,0.847496900208398,1.00101908629588,-0.226212516835494,FALSE,0.408474711220687,1.00099245512937
53,"rand=1-2_rate=2_ROB=LH_Bias=Rct20_NRE20-35","1-2",2,"LH","Rct20_NRE20-35",0.182321556793955,0.182321556793955,0.182321556793955,0.182321556793955,0.182321556793955,0.300104592450338,0.19383942778451,0.19383942778451,-0.101445885132716,TRUE,0.604867860427578,1.00135855375035,-0.191006502448339,TRUE,0.417159869282538,1.00100096472936,0.121385803628299,TRUE,0.488871795984291,1.00117903667159,-0.337797009070246,FALSE,0.598704580159577,1.00098599423451
54,"rand=1-2_rate=2_ROB=LH_Bias=Rct20_NRE20-35","1-2",2,"LH","Rct20_NRE20-35",0.182321556793955,0.182321556793955,0.182321556793955,0.182321556793955,0.182321556793955,0.300104592450338,0.204503182655874,0.204503182655874,-0.523111189264847,FALSE,0.790401785410323,1.00118086957743,-0.455280533371364,FALSE,0.462102509502865,1.0009932657991,-0.357252954062089,FALSE,0.732908812432418,1.00118071037923,-0.49512935088126,FALSE,0.676677405216901,1.00099930234661
55,"rand=1-2_rate=2_ROB=LH_Bias=Rct20_NRE20-35","1-2",2,"LH","Rct20_NRE20-35",0.182321556793955,0.182321556793955,0.182321556793955,0.182321556793955,0.182321556793955,0.300104592450338,0.197810207057781,0.197810207057781,-0.246346318782452,TRUE,0.58251672488404,1.00107459126367,-0.269997193704025,FALSE,0.329483564852458,1.00101953789724,-0.0845664596575857,TRUE,0.766640552704565,1.00110922153,-0.317486764249872,FALSE,0.378966222480741,1.00099192476093
56,"rand=1-2_rate=2_ROB=LH_Bias=Rct20_NRE20-35","1-2",2,"LH","Rct20_NRE20-35",0.182321556793955,0.182321556793955,0.182321556793955,0.182321556793955,0.182321556793955,0.300104592450338,0.201126025552432,0.201126025552432,-0.238005618218603,TRUE,0.703590079022654,1.00106210769182,-0.171937896374404,TRUE,0.434555361341721,1.00098817556512,-0.339005711266696,TRUE,0.947015325427859,1.00111027391142,-0.10837001829058,TRUE,0.531628430141847,1.00100286548657
57,"rand=1-2_rate=2_ROB=LH_Bias=Rct20_NRE20-35","1-2",2,"LH","Rct20_NRE20-35",0.182321556793955,0.182321556793955,0.182321556793955,0.182321556793955,0.182321556793955,0.300104592450338,0.206580459673241,0.206580459673241,-0.266265756128482,TRUE,0.653186628417174,1.00101494523634,-0.36846458582969,FALSE,0.468370358958184,1.00101143074529,-0.430802924228803,FALSE,0.850917133341332,1.00111580846789,-0.349916125567605,FALSE,0.652222458160215,1.00099040026387
58,"rand=1-2_rate=2_ROB=LH_Bias=Rct20_NRE20-35","1-2",2,"LH","Rct20_NRE20-35",0.182321556793955,0.182321556793955,0.182321556793955,0.182321556793955,0.182321556793955,0.300104592450338,0.208578313735799,0.208578313735799,-0.165626354949718,TRUE,0.568258502996249,1.00105800105446,-0.192257417563136,FALSE,0.337745840106829,1.00105157291877,-0.114347909424391,TRUE,0.669992925501774,1.0010009115005,-0.219191457637763,FALSE,0.436167750714279,1.00101442878008
59,"rand=1-2_rate=2_ROB=LH_Bias=Rct20_NRE20-35","1-2",2,"LH","Rct20_NRE20-35",0.182321556793955,0.182321556793955,0.182321556793955,0.182321556793955,0.182321556793955,0.300104592450338,0.208026534569418,0.208026534569418,-0.0952019230888335,TRUE,0.569135066734772,1.00105164852503,-0.328038759739731,FALSE,0.528820992725471,1.00099127144624,-0.0995096786825251,TRUE,0.645863092748749,1.00098629408319,-0.440061484388634,FALSE,0.838348922741828,1.000991245226
60,"rand=1-2_rate=2_ROB=LH_Bias=Rct20_NRE20-35","1-2",2,"LH","Rct20_NRE20-35",0.182321556793955,0.182321556793955,0.182321556793955,0.182321556793955,0.182321556793955,0.300104592450338,0.209580614939232,0.209580614939232,-0.338098859335694,FALSE,0.623759808734635,1.00113726618526,-0.423047164059827,FALSE,0.369065370730965,1.00099013188304,-0.0890401635620477,TRUE,0.606306622960389,1.00127104460537,-0.521416448661185,FALSE,0.437559697496535,1.00100853718469
61,"rand=1-2_rate=2_ROB=LH_Bias=Rct20_NRE20-35","1-2",2,"LH","Rct20_NRE20-35",0.182321556793955,0.182321556793955,0.182321556793955,0.182321556793955,0.182321556793955,0.300104592450338,0.217547115279612,0.217547115279612,-0.1805418343672,TRUE,0.65907355179491,1.00114620761432,-0.308744598868576,FALSE,0.483565002602372,1.00102537328009,-0.520597085534115,FALSE,1.11403523292271,1.00111468524049,-0.230668900510886,TRUE,0.568204924151356,1.00098621402593
62,"rand=1-2_rate=2_ROB=LH_Bias=Rct20_NRE20-35","1-2",2,"LH","Rct20_NRE20-35",0.182321556793955,0.182321556793955,0.182321556793955,0.182321556793955,0.182321556793955,0.300104592450338,0.217363203467146,0.217363203467146,-0.13167193884154,TRUE,0.572987964209365,1.00116697151055,-0.266875318000905,FALSE,0.398785709463064,1.0010172326288,-0.201805932552944,TRUE,0.677978994498714,1.00113005415938,-0.288794893351107,FALSE,0.561419191224817,1.00101915120579
63,"rand=1-2_rate=2_ROB=LH_Bias=Rct20_NRE20-35","1-2",2,"LH","Rct20_NRE20-35",0.182321556793955,0.182321556793955,0.182321556793955,0.182321556793955,0.182321556793955,0.300104592450338,0.217696115498786,0.217696115498786,-0.137708048530986,TRUE,0.67336828314898,1.00098870663848,-0.240020319920086,FALSE,0.487499509630535,1.00098654420819,-0.323415131380055,TRUE,1.26285038450267,1.0009933800963,-0.208858543937318,TRUE,0.548302777996975,1.00098805647729
64,"rand=1-2_rate=2_ROB=LH_Bias=Rct20_NRE20-35","1-2",2,"LH","Rct20_NRE20-35",0.182321556793955,0.182321556793955,0.182321556793955,0.182321556793955,0.182321556793955,0.300104592450338,0.199606785859373,0.199606785859373,-0.221802681446955,TRUE,0.660295632440488,1.00099646006915,-0.284411486890635,FALSE,0.430142757757744,1.00099622928717,-0.309186979284112,TRUE,0.92244352848065,1.00109049132734,-0.272609428914463,FALSE,0.549820260558908,1.00098836936242
65,"rand=1-2_rate=2_ROB=LH_Bias=Rct20_NRE20-35","1-2",2,"LH","Rct20_NRE20-35",0.182321556793955,0.182321556793955,0.182321556793955,0.182321556793955,0.182321556793955,0.300104592450338,0.199029058822769,0.199029058822769,-0.179498398551037,TRUE,0.572433743470321,1.00099344988052,-0.237013241743892,FALSE,0.35453078863316,1.00099968799256,-0.259741381457679,TRUE,0.801139107561483,1.00210123444769,-0.229733072431254,FALSE,0.445394348004012,1.00098669766917
66,"rand=1-2_rate=2_ROB=LH_Bias=Rct20_NRE20-35","1-2",2,"LH","Rct20_NRE20-35",0.182321556793955,0.182321556793955,0.182321556793955,0.182321556793955,0.182321556793955,0.300104592450338,0.198653326858944,0.198653326858944,-0.118495549187186,TRUE,0.587181275461003,1.00103324220753,-0.140159432940496,TRUE,0.381928305264022,1.00103574611591,-0.0371395712685645,TRUE,0.650048854231324,1.00122207862582,-0.18943315272267,TRUE,0.528254406340087,1.00101008012402
67,"rand=1-2_rate=2_ROB=LH_Bias=Rct20_NRE20-35","1-2",2,"LH","Rct20_NRE20-35",0.182321556793955,0.182321556793955,0.182321556793955,0.182321556793955,0.182321556793955,0.300104592450338,0.219634696157756,0.219634696157756,-0.250561100481334,TRUE,0.647889393007339,1.00101539759657,-0.156283275306007,TRUE,0.40563304941366,1.00099208119374,-0.337933914484578,FALSE,0.768241226499718,1.00101070436904,-0.0883164578777278,TRUE,0.543525565092055,1.00098599148929
68,"rand=1-2_rate=2_ROB=LH_Bias=Rct20_NRE20-35","1-2",2,"LH","Rct20_NRE20-35",0.182321556793955,0.182321556793955,0.182321556793955,0.182321556793955,0.182321556793955,0.300104592450338,0.204725299244918,0.204725299244918,-0.226570290116948,TRUE,0.735326362550094,1.00103878332365,-0.313608657273335,FALSE,0.537390053452438,1.00101316922662,-0.337018076778484,TRUE,0.83122436564481,1.00108206885605,-0.288891088845211,TRUE,0.791028663948732,1.00108731812981
69,"rand=1-2_rate=2_ROB=LH_Bias=Rct20_NRE20-35","1-2",2,"LH","Rct20_NRE20-35",0.182321556793955,0.182321556793955,0.182321556793955,0.182321556793955,0.182321556793955,0.300104592450338,0.204229194780992,0.204229194780992,-0.258961968318823,TRUE,0.624238367320709,1.00098840913571,-0.341228996078682,FALSE,0.349110572890021,1.00102381647417,-0.135681976667592,TRUE,0.89067148492494,1.00099077313841,-0.404980469285561,FALSE,0.376317239169996,1.00099236212657
70,"rand=1-2_rate=2_ROB=LH_Bias=Rct20_NRE20-35","1-2",2,"LH","Rct20_NRE20-35",0.182321556793955,0.182321556793955,0.182321556793955,0.182321556793955,0.182321556793955,0.300104592450338,0.217346919209476,0.217346919209476,-0.244343988495722,TRUE,0.681058509847618,1.00099962513666,-0.161538248828198,TRUE,0.422254452681273,1.00104003218686,-0.244883781507029,TRUE,0.832897417302116,1.00120422564633,-0.132133329884317,TRUE,0.564445944300551,1.00100584723919
71,"rand=1-2_rate=2_ROB=LH_Bias=Rct20_NRE20-35","1-2",2,"LH","Rct20_NRE20-35",0.182321556793955,0.182321556793955,0.182321556793955,0.182321556793955,0.182321556793955,0.300104592450338,0.20527529131521,0.20527529131521,-0.136161247712185,TRUE,0.587525489404729,1.00103109078683,-0.224030434471969,FALSE,0.436184087903532,1.00099868101858,0.0912855694532718,TRUE,0.634777787641304,1.00158272282847,-0.384647461906606,FALSE,0.550467760105702,1.00105640302748
72,"rand=1-2_rate=2_ROB=LH_Bias=Rct20_NRE20-35","1-2",2,"LH","Rct20_NRE20-35",0.182321556793955,0.182321556793955,0.182321556793955,0.182321556793955,0.182321556793955,0.300104592450338,0.212037796492591,0.212037796492591,-0.152465214160411,TRUE,0.609092274235181,1.00110879547081,-0.194022294153946,FALSE,0.391870990920701,1.00100102873158,-0.0666590170580574,TRUE,0.681665558406329,1.00100433664945,-0.241074188062727,FALSE,0.533430637119324,1.00098965213273
73,"rand=1-2_rate=2_ROB=LH_Bias=Rct20_NRE20-35","1-2",2,"LH","Rct20_NRE20-35",0.182321556793955,0.182321556793955,0.182321556793955,0.182321556793955,0.182321556793955,0.300104592450338,0.218156893701766,0.218156893701766,-0.0413075955025886,TRUE,0.582110856094713,1.00108714953411,-0.138475875136614,TRUE,0.447497395817498,1.00099071670984,-0.0151448426649732,TRUE,0.600672860653483,1.00098674243489,-0.193789633963669,TRUE,0.701615721809965,1.00100793761367
74,"rand=1-2_rate=2_ROB=LH_Bias=Rct20_NRE20-35","1-2",2,"LH","Rct20_NRE20-35",0.182321556793955,0.182321556793955,0.182321556793955,0.182321556793955,0.182321556793955,0.300104592450338,0.208139260433446,0.208139260433446,-0.223949703062604,TRUE,0.634146775866449,1.00100179064478,-0.229494513018956,FALSE,0.368183836619522,1.00100606479031,-0.154923097462347,TRUE,0.913376287743526,1.00098616049206,-0.255888573198548,FALSE,0.440356542643814,1.0010026725311
75,"rand=1-2_rate=2_ROB=LH_Bias=Rct20_NRE20-35","1-2",2,"LH","Rct20_NRE20-35",0.182321556793955,0.182321556793955,0.182321556793955,0.182321556793955,0.182321556793955,0.300104592450338,0.200737662926708,0.200737662926708,-0.0437085640916994,TRUE,0.610117206308879,1.00101871729281,-0.0670885189583781,TRUE,0.41496854986871,1.00099298642588,0.0534932602633995,TRUE,0.805526488228767,1.00098613999744,-0.126575218883751,TRUE,0.549176368121859,1.00102746300477
76,"rand=1-2_rate=2_ROB=LH_Bias=Rct20_NRE20-35","1-2",2,"LH","Rct20_NRE20-35",0.182321556793955,0.182321556793955,0.182321556793955,0.182321556793955,0.182321556793955,0.300104592450338,0.222331052664888,0.222331052664888,-0.113524734031238,TRUE,0.532673730014851,1.00126393576648,-0.255202302195561,FALSE,0.389178569789288,1.00104425139363,-0.119600894738303,TRUE,0.557335137648555,1.00138962622185,-0.306702915942034,FALSE,0.591985634564183,1.00098707020289
77,"rand=1-2_rate=2_ROB=LH_Bias=Rct20_NRE20-35","1-2",2,"LH","Rct20_NRE20-35",0.182321556793955,0.182321556793955,0.182321556793955,0.182321556793955,0.182321556793955,0.300104592450338,0.222471555029416,0.222471555029416,-0.0919150999445564,TRUE,0.505354976407925,1.00117096253295,-0.251696655784206,FALSE,0.406787726918554,1.00098632162747,-0.073120494717053,TRUE,0.565750284759876,1.00100789811971,-0.327350797576412,FALSE,0.61059255367216,1.00098937206824
78,"rand=1-2_rate=2_ROB=LH_Bias=Rct20_NRE20-35","1-2",2,"LH","Rct20_NRE20-35",0.182321556793955,0.182321556793955,0.182321556793955,0.182321556793955,0.182321556793955,0.300104592450338,0.204671223943383,0.204671223943383,-0.0204058842199983,TRUE,0.508463824808725,1.00104721391756,-0.106394553693359,TRUE,0.362082009123772,1.00099611642268,0.0382610010099615,TRUE,0.519952171401572,1.00122624981207,-0.16849911174643,TRUE,0.533250529454253,1.00098879092277
79,"rand=1-2_rate=2_ROB=LH_Bias=Rct20_NRE20-35","1-2",2,"LH","Rct20_NRE20-35",0.182321556793955,0.182321556793955,0.182321556793955,0.182321556793955,0.182321556793955,0.300104592450338,0.228868964846048,0.228868964846048,-0.372181824232311,TRUE,0.910473759484641,1.00099321707462,-0.374584431482013,FALSE,0.559791889609957,1.00098780226762,0.1016457483981,TRUE,0.565627644823064,1.00104410356115,-0.703159609700786,FALSE,0.666066016569051,1.00100127580076
80,"rand=1-2_rate=2_ROB=LH_Bias=Rct20_NRE20-35","1-2",2,"LH","Rct20_NRE20-35",0.182321556793955,0.182321556793955,0.182321556793955,0.182321556793955,0.182321556793955,0.300104592450338,0.227634335381644,0.227634335381644,-0.196441437755731,TRUE,0.50761091807953,1.00113220538544,-0.264797399154282,FALSE,0.325036218310736,1.00102354600267,-0.25656770632957,TRUE,0.926318870885577,1.00134142495554,-0.264973518083754,FALSE,0.368377495747784,1.00098604017122
81,"rand=1-2_rate=2_ROB=LH_Bias=Rct20_NRE20-35","1-2",2,"LH","Rct20_NRE20-35",0.182321556793955,0.182321556793955,0.182321556793955,0.182321556793955,0.182321556793955,0.300104592450338,0.214573546175502,0.214573546175502,-0.213558191123607,TRUE,0.623995752404878,1.00099582033897,-0.218308160126324,FALSE,0.377183028903226,1.00101946435564,-0.191623720976553,TRUE,0.856161689785872,1.00098627332849,-0.225922237210773,FALSE,0.471573901543679,1.00098892195815
82,"rand=1-2_rate=2_ROB=LH_Bias=Rct20_NRE20-35","1-2",2,"LH","Rct20_NRE20-35",0.182321556793955,0.182321556793955,0.182321556793955,0.182321556793955,0.182321556793955,0.300104592450338,0.216663599963421,0.216663599963421,-0.133302606386146,TRUE,0.592739179725341,1.00098973527066,-0.169520112612107,TRUE,0.380959452727614,1.00113991945489,-0.0902854601438439,TRUE,0.707754986290129,1.00100077773226,-0.19817899990743,TRUE,0.516057621389391,1.00098663227004
83,"rand=1-2_rate=2_ROB=LH_Bias=Rct20_NRE20-35","1-2",2,"LH","Rct20_NRE20-35",0.182321556793955,0.182321556793955,0.182321556793955,0.182321556793955,0.182321556793955,0.300104592450338,0.222894390485008,0.222894390485008,-0.179794501433014,TRUE,0.607068329640611,1.00104509002288,-0.233761070526709,FALSE,0.391574320726177,1.00099040985343,-0.288931672246634,TRUE,0.788708691763198,1.00098700670303,-0.213847958043107,TRUE,0.514973805655534,1.00099843635124
84,"rand=1-2_rate=2_ROB=LH_Bias=Rct20_NRE20-35","1-2",2,"LH","Rct20_NRE20-35",0.182321556793955,0.182321556793955,0.182321556793955,0.182321556793955,0.182321556793955,0.300104592450338,0.234857498461607,0.234857498461607,-0.288254704630982,TRUE,0.707991957483038,1.00099237351599,-0.41461360522789,FALSE,0.523890101826507,1.00099891537862,-0.218340546038004,TRUE,0.898954174170138,1.00121223430923,-0.507279865387183,FALSE,0.707959884456902,1.0009861267086
85,"rand=1-2_rate=2_ROB=LH_Bias=Rct20_NRE20-35","1-2",2,"LH","Rct20_NRE20-35",0.182321556793955,0.182321556793955,0.182321556793955,0.182321556793955,0.182321556793955,0.300104592450338,0.218946539238306,0.218946539238306,-0.182143979252057,TRUE,0.637822099751063,1.00101262854419,-0.224914348689511,FALSE,0.405626818610916,1.00098600550367,0.0115011592830623,TRUE,0.829607852010461,1.00103782730309,-0.308934289240872,FALSE,0.457476726484405,1.0010106646889
86,"rand=1-2_rate=2_ROB=LH_Bias=Rct20_NRE20-35","1-2",2,"LH","Rct20_NRE20-35",0.182321556793955,0.182321556793955,0.182321556793955,0.182321556793955,0.182321556793955,0.300104592450338,0.188347702687653,0.188347702687653,-0.146994661266124,TRUE,0.556720168598999,1.00111519722523,-0.218440028930003,FALSE,0.376713750744301,1.00099112358976,-0.198203185039939,TRUE,0.636688764198347,1.00216828545122,-0.228979281528338,TRUE,0.541210884540359,1.00099629116102
87,"rand=1-2_rate=2_ROB=LH_Bias=Rct20_NRE20-35","1-2",2,"LH","Rct20_NRE20-35",0.182321556793955,0.182321556793955,0.182321556793955,0.182321556793955,0.182321556793955,0.300104592450338,0.231975542589597,0.231975542589597,-0.341859222915403,FALSE,0.639391197444148,1.00104177734205,-0.332444415015006,FALSE,0.349816585549811,1.00098640598305,-0.348543395806942,TRUE,0.856167073474431,1.00128918454288,-0.329675340876962,FALSE,0.426029115586583,1.0010522166833
88,"rand=1-2_rate=2_ROB=LH_Bias=Rct20_NRE20-35","1-2",2,"LH","Rct20_NRE20-35",0.182321556793955,0.182321556793955,0.182321556793955,0.182321556793955,0.182321556793955,0.300104592450338,0.216053372474287,0.216053372474287,-0.0354289631917946,TRUE,0.565759010761803,1.00102008843818,-0.205773324483701,TRUE,0.48393769786647,1.00098765051184,0.0832768856545378,TRUE,0.508469579720295,1.00417542678822,-0.369901269614429,FALSE,0.795383709625598,1.00100341615363
89,"rand=1-2_rate=2_ROB=LH_Bias=Rct20_NRE20-35","1-2",2,"LH","Rct20_NRE20-35",0.182321556793955,0.182321556793955,0.182321556793955,0.182321556793955,0.182321556793955,0.300104592450338,0.205537103714958,0.205537103714958,-0.181289009063938,TRUE,0.66468697480759,1.00099137963546,-0.222944758714436,FALSE,0.441201342341832,1.00099989895,-0.24460920790579,TRUE,0.879677542248937,1.00120993585255,-0.214480752122419,TRUE,0.583416434927565,1.00098601553116
90,"rand=1-2_rate=2_ROB=LH_Bias=Rct20_NRE20-35","1-2",2,"LH","Rct20_NRE20-35",0.182321556793955,0.182321556793955,0.182321556793955,0.182321556793955,0.182321556793955,0.300104592450338,0.228701933777738,0.228701933777738,-0.173668925957514,TRUE,0.582579453586242,1.00098979895301,-0.164736555116065,FALSE,0.337152793576093,1.00099453224834,-0.119710144269451,TRUE,0.662731748611178,1.00114068752911,-0.180674607915044,TRUE,0.445424863997222,1.00098601290854
91,"rand=1-2_rate=2_ROB=LH_Bias=Rct20_NRE20-35","1-2",2,"LH","Rct20_NRE20-35",0.182321556793955,0.182321556793955,0.182321556793955,0.182321556793955,0.182321556793955,0.300104592450338,0.201013760374508,0.201013760374508,0.047044550443157,TRUE,0.452739897881569,1.00110991818637,-0.077556481047576,TRUE,0.322600518631569,1.00103500966635,-0.0526952082063783,TRUE,0.703201604708411,1.00099194958324,-0.0861643012268363,TRUE,0.407395004554728,1.00098608605213
92,"rand=1-2_rate=2_ROB=LH_Bias=Rct20_NRE20-35","1-2",2,"LH","Rct20_NRE20-35",0.182321556793955,0.182321556793955,0.182321556793955,0.182321556793955,0.182321556793955,0.300104592450338,0.219560743063226,0.219560743063226,-0.233845552902381,TRUE,0.784667998476464,1.0009874115519,-0.251270549822141,TRUE,0.561001936119225,1.00099639222348,-0.0845704039738531,TRUE,0.649822899191432,1.00098707974801,-0.345470956061052,TRUE,0.961108473912044,1.00100478963782
93,"rand=1-2_rate=2_ROB=LH_Bias=Rct20_NRE20-35","1-2",2,"LH","Rct20_NRE20-35",0.182321556793955,0.182321556793955,0.182321556793955,0.182321556793955,0.182321556793955,0.300104592450338,0.209245583915104,0.209245583915104,-0.0432986558927859,TRUE,0.563774069759421,1.00098679072604,-0.169707908082951,TRUE,0.46297200113001,1.0009897872643,0.0280013012449143,TRUE,0.540641117076312,1.00108467955638,-0.281393293830461,TRUE,0.751665760563031,1.00098632897011
94,"rand=1-2_rate=2_ROB=LH_Bias=Rct20_NRE20-35","1-2",2,"LH","Rct20_NRE20-35",0.182321556793955,0.182321556793955,0.182321556793955,0.182321556793955,0.182321556793955,0.300104592450338,0.199564577547276,0.199564577547276,-0.253154127728576,TRUE,0.672657988206543,1.0009911096306,-0.335172405382897,FALSE,0.439011759087755,1.00100982440868,-0.25259940724603,TRUE,1.00700606232586,1.00099879847824,-0.369794868002288,FALSE,0.516257930751526,1.0009862254953
95,"rand=1-2_rate=2_ROB=LH_Bias=Rct20_NRE20-35","1-2",2,"LH","Rct20_NRE20-35",0.182321556793955,0.182321556793955,0.182321556793955,0.182321556793955,0.182321556793955,0.300104592450338,0.229340954329262,0.229340954329262,-0.138058771778954,TRUE,0.538722056573615,1.00099654892675,-0.211494727092693,FALSE,0.348202545945214,1.00102846439976,0.0423241055639237,TRUE,0.592341003603237,1.00126902619938,-0.295793440788096,FALSE,0.431468753651802,1.00098630881158
96,"rand=1-2_rate=2_ROB=LH_Bias=Rct20_NRE20-35","1-2",2,"LH","Rct20_NRE20-35",0.182321556793955,0.182321556793955,0.182321556793955,0.182321556793955,0.182321556793955,0.300104592450338,0.231203061253374,0.231203061253374,-0.163261081216279,TRUE,0.482440359768826,1.00102407939956,-0.222807252610635,FALSE,0.258157263309305,1.00098669020148,-0.294125340542542,TRUE,0.841070454605215,1.0010381171313,-0.213041410991557,FALSE,0.292306592321746,1.00099390215733
97,"rand=1-2_rate=2_ROB=LH_Bias=Rct20_NRE20-35","1-2",2,"LH","Rct20_NRE20-35",0.182321556793955,0.182321556793955,0.182321556793955,0.182321556793955,0.182321556793955,0.300104592450338,0.220626993760617,0.220626993760617,-0.142145003870682,TRUE,0.492301818942796,1.00100137407307,-0.22015215701214,FALSE,0.272742669852021,1.00099314632785,-0.0461209821265087,TRUE,0.558307363728372,1.00099492944456,-0.256687874568832,FALSE,0.34853154634412,1.00100129535775
98,"rand=1-2_rate=2_ROB=LH_Bias=Rct20_NRE20-35","1-2",2,"LH","Rct20_NRE20-35",0.182321556793955,0.182321556793955,0.182321556793955,0.182321556793955,0.182321556793955,0.300104592450338,0.207991724910241,0.207991724910241,-0.134017874865312,TRUE,0.650195918600224,1.00102214421417,-0.257380841521391,FALSE,0.532047422921995,1.00102650050188,-0.261366248993231,TRUE,0.697578601531438,1.0010566172527,-0.250715179628063,TRUE,0.867441754560774,1.00107510684029
99,"rand=1-2_rate=2_ROB=LH_Bias=Rct20_NRE20-35","1-2",2,"LH","Rct20_NRE20-35",0.182321556793955,0.182321556793955,0.182321556793955,0.182321556793955,0.182321556793955,0.300104592450338,0.198413631600091,0.198413631600091,-0.423842255780853,FALSE,0.774439729050836,1.00100249058248,-0.335743954111024,FALSE,0.504089773587624,1.00106647537741,-0.398726052116263,FALSE,0.856398599958373,1.0009934095717,-0.310865828432094,TRUE,0.718879759339436,1.0010425023781
100,"rand=1-2_rate=2_ROB=LH_Bias=Rct20_NRE20-35","1-2",2,"LH","Rct20_NRE20-35",0.182321556793955,0.182321556793955,0.182321556793955,0.182321556793955,0.182321556793955,0.300104592450338,0.200202936872189,0.200202936872189,-0.231298100098844,TRUE,0.702068502678661,1.00114219690993,-0.290219241768563,FALSE,0.479505462805959,1.00098745692719,-0.392468061485397,FALSE,0.834467299386332,1.00101522310205,-0.243191220940458,TRUE,0.660325532080153,1.00098701817802
101,"rand=1-2_rate=2_ROB=LH_Bias=Rct20_NRE20-35","1-2",2,"LH","Rct20_NRE20-35",0.182321556793955,0.182321556793955,0.182321556793955,0.182321556793955,0.182321556793955,0.300104592450338,0.180814991731518,0.180814991731518,-0.310689759393352,TRUE,0.782454755036206,1.0009869566666,-0.257356443595374,FALSE,0.475628674718426,1.00102584219226,-0.328229330894907,TRUE,1.15995644847316,1.0009904432254,-0.226740223589682,TRUE,0.568115081898475,1.00099162367445
102,"rand=1-2_rate=2_ROB=LH_Bias=Rct20_NRE20-35","1-2",2,"LH","Rct20_NRE20-35",0.182321556793955,0.182321556793955,0.182321556793955,0.182321556793955,0.182321556793955,0.300104592450338,0.215228113831241,0.215228113831241,-0.102625539638813,TRUE,0.527127353705142,1.00110234289356,-0.183635284275072,FALSE,0.35726877918664,1.00103613852286,-0.0370487767058074,TRUE,0.557739331722993,1.00100425776686,-0.237757100149774,FALSE,0.509242738059221,1.00106976049591
103,"rand=1-2_rate=2_ROB=LH_Bias=Rct20_NRE20-35","1-2",2,"LH","Rct20_NRE20-35",0.182321556793955,0.182321556793955,0.182321556793955,0.182321556793955,0.182321556793955,0.300104592450338,0.225650664263764,0.225650664263764,-0.350632819503094,FALSE,0.697610348276106,1.00099428648969,-0.348906638110195,FALSE,0.447359123984228,1.00098885019124,-0.323986782013567,FALSE,0.745208699204211,1.00102083773338,-0.356447043730527,FALSE,0.642563511962212,1.00107869198495
104,"rand=1-2_rate=2_ROB=LH_Bias=Rct20_NRE20-35","1-2",2,"LH","Rct20_NRE20-35",0.182321556793955,0.182321556793955,0.182321556793955,0.182321556793955,0.182321556793955,0.300104592450338,0.217764737170524,0.217764737170524,-0.172371545403839,TRUE,0.560155179700466,1.00099624067214,-0.231070889267193,FALSE,0.311352400085201,1.00106772827382,-0.0895129040292941,TRUE,0.764445679133621,1.00102193506664,-0.270073277990003,FALSE,0.362402118701972,1.00098925981843
105,"rand=1-2_rate=2_ROB=LH_Bias=Rct20_NRE20-35","1-2",2,"LH","Rct20_NRE20-35",0.182321556793955,0.182321556793955,0.182321556793955,0.182321556793955,0.182321556793955,0.300104592450338,0.224640675102736,0.224640675102736,-0.0443766604284399,TRUE,0.563019013778237,1.00106596981385,-0.276527554903845,FALSE,0.515132598624167,1.00099128447201,-0.163484088330591,TRUE,0.930147610805885,1.0009917736407,-0.329788756588022,FALSE,0.713464842191841,1.00099465474456
106,"rand=1-2_rate=2_ROB=LH_Bias=Rct20_NRE20-35","1-2",2,"LH","Rct20_NRE20-35",0.182321556793955,0.182321556793955,0.182321556793955,0.182321556793955,0.182321556793955,0.300104592450338,0.209849626235683,0.209849626235683,-0.0975544111422426,TRUE,0.564325306181016,1.00100443232819,-0.122023290955354,TRUE,0.369754901490961,1.00101197230327,-0.148165028230812,TRUE,0.627805242115447,1.00180133136329,-0.110746172502429,TRUE,0.523796216788679,1.00100413662548
107,"rand=1-2_rate=2_ROB=LH_Bias=Rct20_NRE20-35","1-2",2,"LH","Rct20_NRE20-35",0.182321556793955,0.182321556793955,0.182321556793955,0.182321556793955,0.182321556793955,0.300104592450338,0.217093491675261,0.217093491675261,-0.23732030317731,TRUE,0.652416531286759,1.00106422358337,-0.260490066160238,FALSE,0.428810843867716,1.0010763796565,-0.370006403080285,FALSE,0.808075101428619,1.00114327260799,-0.220188593505699,TRUE,0.578790094325182,1.0010138297473
108,"rand=1-2_rate=2_ROB=LH_Bias=Rct20_NRE20-35","1-2",2,"LH","Rct20_NRE20-35",0.182321556793955,0.182321556793955,0.182321556793955,0.182321556793955,0.182321556793955,0.300104592450338,0.191573166485997,0.191573166485997,-0.18669040340884,TRUE,0.560244954559958,1.00099812387872,-0.153120724011739,FALSE,0.314247184892327,1.00104766065362,-0.24446959765008,TRUE,0.697031731361759,1.00105469410281,-0.131516814319791,TRUE,0.401159744764434,1.00103277889279
109,"rand=1-2_rate=2_ROB=LH_Bias=Rct20_NRE20-35","1-2",2,"LH","Rct20_NRE20-35",0.182321556793955,0.182321556793955,0.182321556793955,0.182321556793955,0.182321556793955,0.300104592450338,0.206811470078529,0.206811470078529,0.0539588763897636,TRUE,0.551802930682162,1.00100153197741,-0.196309516144441,TRUE,0.534069885157746,1.00106073159626,-0.312576186272535,TRUE,1.11727928273232,1.00100146132764,-0.142131457422253,TRUE,0.68640561503278,1.00098751375605
110,"rand=1-2_rate=2_ROB=LH_Bias=Rct20_NRE20-35","1-2",2,"LH","Rct20_NRE20-35",0.182321556793955,0.182321556793955,0.182321556793955,0.182321556793955,0.182321556793955,0.300104592450338,0.197772560074721,0.197772560074721,-0.493197699335722,FALSE,0.804028070662213,1.00098639397172,-0.391901535961032,FALSE,0.51317349853243,1.00106840085986,-0.633855048586158,FALSE,0.865594850144132,1.0010349889257,-0.29456594685867,TRUE,0.727499038673113,1.00098693617228
111,"rand=1-2_rate=2_ROB=LH_Bias=Rct20_NRE20-35","1-2",2,"LH","Rct20_NRE20-35",0.182321556793955,0.182321556793955,0.182321556793955,0.182321556793955,0.182321556793955,0.300104592450338,0.238078989855082,0.238078989855082,-0.00297983198062779,TRUE,0.47631972733632,1.00130023941024,-0.151976331690712,TRUE,0.383820919954509,1.00098718611384,0.0755637779836057,TRUE,0.500731374801119,1.00098678390608,-0.255683462912335,FALSE,0.562570017707341,1.00098824297833
112,"rand=1-2_rate=2_ROB=LH_Bias=Rct20_NRE20-35","1-2",2,"LH","Rct20_NRE20-35",0.182321556793955,0.182321556793955,0.182321556793955,0.182321556793955,0.182321556793955,0.300104592450338,0.217509927572693,0.217509927572693,-0.296046122882259,FALSE,0.606413005944666,1.00143910326197,-0.344128600328366,FALSE,0.340741188859934,1.00099341970603,-0.024999714512022,TRUE,0.590186658228479,1.00099221772232,-0.432192120916835,FALSE,0.404263343657584,1.00098954894636
113,"rand=1-2_rate=2_ROB=LH_Bias=Rct20_NRE20-35","1-2",2,"LH","Rct20_NRE20-35",0.182321556793955,0.182321556793955,0.182321556793955,0.182321556793955,0.182321556793955,0.300104592450338,0.214326647489813,0.214326647489813,-0.131452407386,TRUE,0.564541390021833,1.00099394682636,-0.262631469045802,FALSE,0.412562537420125,1.00099959059845,0.0812511365968102,TRUE,0.591743266214227,1.00128374974418,-0.404211616363285,FALSE,0.497547033331878,1.00101012739745
114,"rand=1-2_rate=2_ROB=LH_Bias=Rct20_NRE20-35","1-2",2,"LH","Rct20_NRE20-35",0.182321556793955,0.182321556793955,0.182321556793955,0.182321556793955,0.182321556793955,0.300104592450338,0.20813339644684,0.20813339644684,-0.191473975130468,TRUE,0.645779467721677,1.00105632294005,-0.322606471552438,FALSE,0.443199506354769,1.00100635151266,-0.0211684381613648,TRUE,0.586035834092218,1.00106319893288,-0.456654597730308,FALSE,0.61305141090427,1.00098631891679
115,"rand=1-2_rate=2_ROB=LH_Bias=Rct20_NRE20-35","1-2",2,"LH","Rct20_NRE20-35",0.182321556793955,0.182321556793955,0.182321556793955,0.182321556793955,0.182321556793955,0.300104592450338,0.217130671539878,0.217130671539878,-0.174325082020564,TRUE,0.540299539937641,1.00107694340916,-0.154568380404846,FALSE,0.299815299655196,1.00100565567922,-0.103645785061155,TRUE,0.645215956181337,1.00122006767686,-0.168092336052645,TRUE,0.380670458872877,1.00099083759932
116,"rand=1-2_rate=2_ROB=LH_Bias=Rct20_NRE20-35","1-2",2,"LH","Rct20_NRE20-35",0.182321556793955,0.182321556793955,0.182321556793955,0.182321556793955,0.182321556793955,0.300104592450338,0.223314936939912,0.223314936939912,-0.197913935231018,TRUE,0.721019482917826,1.00106758621118,-0.388056274781677,FALSE,0.647721115153753,1.00099222125808,-0.172198761334057,TRUE,0.804573883113228,1.00098954592284,-0.543127599566414,FALSE,1.09010284513088,1.00099118333675
117,"rand=1-2_rate=2_ROB=LH_Bias=Rct20_NRE20-35","1-2",2,"LH","Rct20_NRE20-35",0.182321556793955,0.182321556793955,0.182321556793955,0.182321556793955,0.182321556793955,0.300104592450338,0.214203581259263,0.214203581259263,-0.151378757981243,TRUE,0.592932033239424,1.00098628795594,-0.0775309546265908,TRUE,0.316857177142296,1.00099290523974,-0.315339483784888,TRUE,0.844914277583508,1.00135857918042,-0.0180650829365949,TRUE,0.341424855898184,1.00098681017382
118,"rand=1-2_rate=2_ROB=LH_Bias=Rct20_NRE20-35","1-2",2,"LH","Rct20_NRE20-35",0.182321556793955,0.182321556793955,0.182321556793955,0.182321556793955,0.182321556793955,0.300104592450338,0.198282601955899,0.198282601955899,-0.0607058392098501,TRUE,0.517424432016972,1.00099887368725,-0.192206281622127,TRUE,0.413254122830671,1.00098667197395,-0.0238857583518806,TRUE,0.660275922312672,1.00107750041327,-0.274444741195153,FALSE,0.581322939564474,1.0009882709047
119,"rand=1-2_rate=2_ROB=LH_Bias=Rct20_NRE20-35","1-2",2,"LH","Rct20_NRE20-35",0.182321556793955,0.182321556793955,0.182321556793955,0.182321556793955,0.182321556793955,0.300104592450338,0.22124649226902,0.22124649226902,-0.0887956871944227,TRUE,0.612368985200385,1.00114225286013,-0.246929403888656,FALSE,0.47489688015945,1.00098651885549,-0.0587269564069632,TRUE,0.610631171760362,1.00099581931242,-0.33891327068468,FALSE,0.732710444496923,1.00101779959909
120,"rand=1-2_rate=2_ROB=LH_Bias=Rct20_NRE20-35","1-2",2,"LH","Rct20_NRE20-35",0.182321556793955,0.182321556793955,0.182321556793955,0.182321556793955,0.182321556793955,0.300104592450338,0.199731934939852,0.199731934939852,-0.241485100657076,TRUE,0.554158249854435,1.00105631312076,-0.246717260115972,FALSE,0.289152455767928,1.00100922592538,-0.122788486077293,TRUE,0.632041092119825,1.00123900070098,-0.271784093450603,FALSE,0.35630899886653,1.0009862290779
121,"rand=1-2_rate=2_ROB=LH_Bias=Rct20_NRE20-35","1-2",2,"LH","Rct20_NRE20-35",0.182321556793955,0.182321556793955,0.182321556793955,0.182321556793955,0.182321556793955,0.300104592450338,0.203432470242633,0.203432470242633,-0.17165910167905,TRUE,0.640439104879397,1.00103859963313,-0.13574581730159,TRUE,0.392647236748458,1.0009900220571,-0.265453998120064,TRUE,0.780880440273955,1.00107056924666,-0.0906071873994108,TRUE,0.507170597153623,1.00098707998895
122,"rand=1-2_rate=2_ROB=LH_Bias=Rct20_NRE20-35","1-2",2,"LH","Rct20_NRE20-35",0.182321556793955,0.182321556793955,0.182321556793955,0.182321556793955,0.182321556793955,0.300104592450338,0.21835030590051,0.21835030590051,-0.121836954279288,TRUE,0.567592856939699,1.00100923793315,-0.243051987326239,FALSE,0.431758209407786,1.00099057073426,-0.211354062135726,TRUE,0.968351162126871,1.00098605827145,-0.256863412548016,FALSE,0.546910052740554,1.00100775283719
123,"rand=1-2_rate=2_ROB=LH_Bias=Rct20_NRE20-35","1-2",2,"LH","Rct20_NRE20-35",0.182321556793955,0.182321556793955,0.182321556793955,0.182321556793955,0.182321556793955,0.300104592450338,0.21858312232497,0.21858312232497,0.0560866078091679,TRUE,0.477419684002191,1.00102356039915,-0.0231372570906834,TRUE,0.330962207831554,1.00103050820294,0.192249185880715,TRUE,0.455558421979212,1.00110083796554,-0.118271044041739,TRUE,0.454651453058536,1.00098599704277
124,"rand=1-2_rate=2_ROB=LH_Bias=Rct20_NRE20-35","1-2",2,"LH","Rct20_NRE20-35",0.182321556793955,0.182321556793955,0.182321556793955,0.182321556793955,0.182321556793955,0.300104592450338,0.233094522140704,0.233094522140704,-0.243408305181111,FALSE,0.533703690400764,1.00119667273299,-0.218298131334452,FALSE,0.276739864950934,1.00103570209513,-0.188876561135582,TRUE,0.723200407022722,1.00098836009341,-0.224948623644114,FALSE,0.324186890807052,1.00099649782515
125,"rand=1-2_rate=2_ROB=LH_Bias=Rct20_NRE20-35","1-2",2,"LH","Rct20_NRE20-35",0.182321556793955,0.182321556793955,0.182321556793955,0.182321556793955,0.182321556793955,0.300104592450338,0.219949921806392,0.219949921806392,-0.284017282837639,TRUE,0.66022186962248,1.00166820307031,-0.412905668982105,FALSE,0.467821898387357,1.00099813753385,-0.188927841150975,TRUE,0.659267601112873,1.00099689502468,-0.512689468494301,FALSE,0.685571408708614,1.00099005903384
126,"rand=1-2_rate=2_ROB=LH_Bias=Rct20_NRE20-35","1-2",2,"LH","Rct20_NRE20-35",0.182321556793955,0.182321556793955,0.182321556793955,0.182321556793955,0.182321556793955,0.300104592450338,0.192386551684543,0.192386551684543,-0.273112879924822,FALSE,0.493140577069556,1.00099215197809,-0.227093266839665,FALSE,0.228738976864925,1.00101746915016,-0.0878283716363346,TRUE,0.645288261074579,1.00105823452823,-0.246088141821005,FALSE,0.251485158044474,1.001050696375
127,"rand=1-2_rate=2_ROB=LH_Bias=Rct20_NRE20-35","1-2",2,"LH","Rct20_NRE20-35",0.182321556793955,0.182321556793955,0.182321556793955,0.182321556793955,0.182321556793955,0.300104592450338,0.203149914368401,0.203149914368401,-0.26011203895942,TRUE,0.788574705807426,1.00102071482089,-0.366108009983878,FALSE,0.604368081836561,1.00101070082783,-0.254707698539754,TRUE,1.22717598550239,1.00098608906191,-0.424685795312571,FALSE,0.771829110169554,1.00099625861345
128,"rand=1-2_rate=2_ROB=LH_Bias=Rct20_NRE20-35","1-2",2,"LH","Rct20_NRE20-35",0.182321556793955,0.182321556793955,0.182321556793955,0.182321556793955,0.182321556793955,0.300104592450338,0.197146974441031,0.197146974441031,-0.25579304516603,TRUE,0.676746636987809,1.00104252773193,-0.348402486492392,FALSE,0.530544518175064,1.00098600627532,-0.228815931689776,TRUE,0.668930561217316,1.00101842253567,-0.418579710884215,FALSE,0.846082738397391,1.00099462431691
129,"rand=1-2_rate=2_ROB=LH_Bias=Rct20_NRE20-35","1-2",2,"LH","Rct20_NRE20-35",0.182321556793955,0.182321556793955,0.182321556793955,0.182321556793955,0.182321556793955,0.300104592450338,0.216367656228859,0.216367656228859,-0.10273644761656,TRUE,0.630513834293759,1.00098609158773,-0.202839478301079,TRUE,0.501232646405246,1.00100046807624,-0.103724352817622,TRUE,0.65993689431562,1.001279271481,-0.252512908160577,TRUE,0.805727897683342,1.00099047754915
130,"rand=1-2_rate=2_ROB=LH_Bias=Rct20_NRE20-35","1-2",2,"LH","Rct20_NRE20-35",0.182321556793955,0.182321556793955,0.182321556793955,0.182321556793955,0.182321556793955,0.300104592450338,0.216346719601714,0.216346719601714,-0.241708781543159,TRUE,0.614225974794792,1.00101329767643,-0.221004816093488,FALSE,0.372460147386229,1.00102933588319,-0.214910134324057,TRUE,0.675922019529161,1.00099870289897,-0.222257964502047,TRUE,0.508686251679424,1.00100070892663
131,"rand=1-2_rate=2_ROB=LH_Bias=Rct20_NRE20-35","1-2",2,"LH","Rct20_NRE20-35",0.182321556793955,0.182321556793955,0.182321556793955,0.182321556793955,0.182321556793955,0.300104592450338,0.218265195704546,0.218265195704546,-0.147881308766439,TRUE,0.611403243620319,1.00098965172678,-0.151275441803042,TRUE,0.381748885643208,1.00098651037087,0.0450158756542134,TRUE,0.590836649932649,1.00100516352618,-0.231549495938239,TRUE,0.534478444408034,1.00100850702657
132,"rand=1-2_rate=2_ROB=LH_Bias=Rct20_NRE20-35","1-2",2,"LH","Rct20_NRE20-35",0.182321556793955,0.182321556793955,0.182321556793955,0.182321556793955,0.182321556793955,0.300104592450338,0.213349816505844,0.213349816505844,-0.152965407642065,TRUE,0.568326711108604,1.00125259509876,-0.243336141852117,FALSE,0.365715547870047,1.00098615481791,-0.095020400198812,TRUE,0.653349155325514,1.00216424396018,-0.291033148424646,FALSE,0.485758650045625,1.00099009684521
133,"rand=1-2_rate=2_ROB=LH_Bias=Rct20_NRE20-35","1-2",2,"LH","Rct20_NRE20-35",0.182321556793955,0.182321556793955,0.182321556793955,0.182321556793955,0.182321556793955,0.300104592450338,0.206304278462355,0.206304278462355,-0.356730745193596,FALSE,0.715070074720844,1.00114837811272,-0.272829859549184,FALSE,0.407798308702116,1.00104973541603,-0.421828543131841,FALSE,0.912057635659585,1.00151187999397,-0.2305414773976,TRUE,0.511037136552087,1.00101289582929
134,"rand=1-2_rate=2_ROB=LH_Bias=Rct20_NRE20-35","1-2",2,"LH","Rct20_NRE20-35",0.182321556793955,0.182321556793955,0.182321556793955,0.182321556793955,0.182321556793955,0.300104592450338,0.207009253068092,0.207009253068092,-0.111061374713279,TRUE,0.536554300186823,1.00098600172021,-0.241244633922607,FALSE,0.360371184669603,1.00099940240451,-0.161458528163804,TRUE,0.730416790001176,1.0013034398172,-0.26395922755828,FALSE,0.462890835213905,1.00098598994408
135,"rand=1-2_rate=2_ROB=LH_Bias=Rct20_NRE20-35","1-2",2,"LH","Rct20_NRE20-35",0.182321556793955,0.182321556793955,0.182321556793955,0.182321556793955,0.182321556793955,0.300104592450338,0.222789242223005,0.222789242223005,-0.130713706721716,TRUE,0.689406894705668,1.00101888282263,-0.195520993315969,TRUE,0.480734049646654,1.0009904624249,-0.143325865410714,TRUE,0.943072236049834,1.00100009452254,-0.22275294786177,TRUE,0.644180682137947,1.00098634563793
136,"rand=1-2_rate=2_ROB=LH_Bias=Rct20_NRE20-35","1-2",2,"LH","Rct20_NRE20-35",0.182321556793955,0.182321556793955,0.182321556793955,0.182321556793955,0.182321556793955,0.300104592450338,0.203649095017869,0.203649095017869,-0.209833874588075,TRUE,0.636136924934757,1.00101397551637,-0.266897069797063,FALSE,0.422772225683683,1.00100677046026,0.010324334387411,TRUE,0.565546038485539,1.00138164584118,-0.388275133120552,FALSE,0.593809457395854,1.00099441401239
137,"rand=1-2_rate=2_ROB=LH_Bias=Rct20_NRE20-35","1-2",2,"LH","Rct20_NRE20-35",0.182321556793955,0.182321556793955,0.182321556793955,0.182321556793955,0.182321556793955,0.300104592450338,0.20045225428328,0.20045225428328,-0.236369806189175,TRUE,0.566220429462705,1.00099906756872,-0.22869170669519,FALSE,0.304523534853466,1.00098714157889,-0.158947850901235,TRUE,0.789914692649037,1.00104517026567,-0.243280967105442,FALSE,0.355641530001662,1.00099452386785
138,"rand=1-2_rate=2_ROB=LH_Bias=Rct20_NRE20-35","1-2",2,"LH","Rct20_NRE20-35",0.182321556793955,0.182321556793955,0.182321556793955,0.182321556793955,0.182321556793955,0.300104592450338,0.212366365951158,0.212366365951158,-0.34338112551957,FALSE,0.726223199157891,1.0010958974966,-0.316060120583977,FALSE,0.459725516884847,1.00104497476148,-0.356639636241596,TRUE,0.845511753608862,1.00100851648329,-0.300386291629078,FALSE,0.62010418876818,1.0009908056141
139,"rand=1-2_rate=2_ROB=LH_Bias=Rct20_NRE20-35","1-2",2,"LH","Rct20_NRE20-35",0.182321556793955,0.182321556793955,0.182321556793955,0.182321556793955,0.182321556793955,0.300104592450338,0.204324087642564,0.204324087642564,-0.248537530611397,FALSE,0.540998738662475,1.00133670994156,-0.417436711023541,FALSE,0.427125441109174,1.0009873701606,-0.393388102180116,FALSE,0.866276196430784,1.00098856914781,-0.425377407549164,FALSE,0.552263813874538,1.00099092524019
140,"rand=1-2_rate=2_ROB=LH_Bias=Rct20_NRE20-35","1-2",2,"LH","Rct20_NRE20-35",0.182321556793955,0.182321556793955,0.182321556793955,0.182321556793955,0.182321556793955,0.300104592450338,0.219045037019806,0.219045037019806,-0.2734428943753,TRUE,0.664061681634656,1.00117684296663,-0.332694408499022,FALSE,0.428727185878754,1.00102093022626,-0.08942749549347,TRUE,0.676132640023381,1.00135550227297,-0.431220942561557,FALSE,0.563263572172638,1.00099085739017
141,"rand=1-2_rate=2_ROB=LH_Bias=Rct20_NRE20-35","1-2",2,"LH","Rct20_NRE20-35",0.182321556793955,0.182321556793955,0.182321556793955,0.182321556793955,0.182321556793955,0.300104592450338,0.223974620057397,0.223974620057397,-0.192981293703748,TRUE,0.716525004853123,1.0009867154845,-0.312376042975138,FALSE,0.515320328160256,1.00100894416002,-0.481514888368107,TRUE,1.18471915490013,1.00101086467035,-0.244564044241533,TRUE,0.61488014913018,1.00098766986845
142,"rand=1-2_rate=2_ROB=LH_Bias=Rct20_NRE20-35","1-2",2,"LH","Rct20_NRE20-35",0.182321556793955,0.182321556793955,0.182321556793955,0.182321556793955,0.182321556793955,0.300104592450338,0.208042255482361,0.208042255482361,-0.354966835549339,FALSE,0.568613643786015,1.00100725532259,-0.409853370605864,FALSE,0.310236067186612,1.00108952643633,-0.543689367821735,FALSE,1.04812266143108,1.00112794769405,-0.385782304828648,FALSE,0.325235063478597,1.00102924964462
143,"rand=1-2_rate=2_ROB=LH_Bias=Rct20_NRE20-35","1-2",2,"LH","Rct20_NRE20-35",0.182321556793955,0.182321556793955,0.182321556793955,0.182321556793955,0.182321556793955,0.300104592450338,0.20778509990264,0.20778509990264,-0.213527669864858,TRUE,0.629438121757569,1.00107437588057,-0.286187906727521,FALSE,0.41954530294629,1.00103526192313,-0.126448846708993,TRUE,0.801692078817162,1.00119133120644,-0.346643228389621,FALSE,0.532515763823243,1.00099807827178
144,"rand=1-2_rate=2_ROB=LH_Bias=Rct20_NRE20-35","1-2",2,"LH","Rct20_NRE20-35",0.182321556793955,0.182321556793955,0.182321556793955,0.182321556793955,0.182321556793955,0.300104592450338,0.203635559187763,0.203635559187763,-0.297541242637743,FALSE,0.683506202351753,1.00149437996334,-0.361593886967956,FALSE,0.461585834462182,1.00101571089854,-0.159282869745713,TRUE,0.635689459389628,1.00112187862919,-0.452921175136668,FALSE,0.694095443780185,1.00100796177503
145,"rand=1-2_rate=2_ROB=LH_Bias=Rct20_NRE20-35","1-2",2,"LH","Rct20_NRE20-35",0.182321556793955,0.182321556793955,0.182321556793955,0.182321556793955,0.182321556793955,0.300104592450338,0.219457640823992,0.219457640823992,-0.0997177062828325,TRUE,0.677533581657453,1.00112470836947,-0.226024558208941,TRUE,0.5234018907522,1.00098977302095,-0.297124637301666,TRUE,0.98778196202613,1.00098880432801,-0.193497032431861,TRUE,0.710404539619861,1.00099791063254
146,"rand=1-2_rate=2_ROB=LH_Bias=Rct20_NRE20-35","1-2",2,"LH","Rct20_NRE20-35",0.182321556793955,0.182321556793955,0.182321556793955,0.182321556793955,0.182321556793955,0.300104592450338,0.207825754718351,0.207825754718351,-0.276621033703506,TRUE,0.743122648991742,1.0011094107123,-0.247248546899032,FALSE,0.475358821178339,1.00108046229465,-0.0877131168585308,TRUE,0.642989320396859,1.00102768772592,-0.328480345221446,FALSE,0.719842289274726,1.00098674514642
147,"rand=1-2_rate=2_ROB=LH_Bias=Rct20_NRE20-35","1-2",2,"LH","Rct20_NRE20-35",0.182321556793955,0.182321556793955,0.182321556793955,0.182321556793955,0.182321556793955,0.300104592450338,0.205559143566383,0.205559143566383,-0.158785908665933,TRUE,0.653944633064106,1.00099222152187,-0.258495776116936,FALSE,0.551647017617608,1.00098905217396,0.0140644681405347,TRUE,0.576396139941658,1.00105432695919,-0.456872663487926,FALSE,0.926443276754683,1.00099257224937
148,"rand=1-2_rate=2_ROB=LH_Bias=Rct20_NRE20-35","1-2",2,"LH","Rct20_NRE20-35",0.182321556793955,0.182321556793955,0.182321556793955,0.182321556793955,0.182321556793955,0.300104592450338,0.207514559030162,0.207514559030162,-0.118574486218166,TRUE,0.560140567651787,1.00104205558166,-0.214315849585287,FALSE,0.391526236349549,1.00102418560958,-0.15033440930709,TRUE,0.693961346180988,1.00104999095151,-0.240149482121439,TRUE,0.546657968085514,1.00098735035028
149,"rand=1-2_rate=2_ROB=LH_Bias=Rct20_NRE20-35","1-2",2,"LH","Rct20_NRE20-35",0.182321556793955,0.182321556793955,0.182321556793955,0.182321556793955,0.182321556793955,0.300104592450338,0.206673630231674,0.206673630231674,-0.186873373019636,TRUE,0.535251325825503,1.00224026309814,-0.0858864547802107,TRUE,0.294270474732949,1.00106598348838,-0.324331736548807,FALSE,0.703918011548726,1.00190993788263,-0.0286564618817309,TRUE,0.351440896222229,1.00098704978319
150,"rand=1-2_rate=2_ROB=LH_Bias=Rct20_NRE20-35","1-2",2,"LH","Rct20_NRE20-35",0.182321556793955,0.182321556793955,0.182321556793955,0.182321556793955,0.182321556793955,0.300104592450338,0.184270113573411,0.184270113573411,-0.251011056710432,TRUE,0.690873185311857,1.0013823657369,-0.34918697971062,FALSE,0.527237128447773,1.00103123333065,-0.340447309421448,FALSE,0.773135379621781,1.0023717520591,-0.356919115118608,FALSE,0.803155497440763,1.00099549342473
151,"rand=1-2_rate=2_ROB=LH_Bias=Rct20_NRE20-35","1-2",2,"LH","Rct20_NRE20-35",0.182321556793955,0.182321556793955,0.182321556793955,0.182321556793955,0.182321556793955,0.300104592450338,0.22687223556725,0.22687223556725,-0.0478422670738476,TRUE,0.53506621444531,1.00101390905288,-0.12455880700481,TRUE,0.3613206789393,1.00098642395187,-0.0565208774126049,TRUE,0.737208220642068,1.00115333016497,-0.148037936660444,TRUE,0.479445645172279,1.00108083864573
152,"rand=1-2_rate=2_ROB=LH_Bias=Rct20_NRE20-35","1-2",2,"LH","Rct20_NRE20-35",0.182321556793955,0.182321556793955,0.182321556793955,0.182321556793955,0.182321556793955,0.300104592450338,0.209875892711416,0.209875892711416,-0.12157899303161,TRUE,0.505427365468461,1.00100086506396,-0.2180788821735,FALSE,0.294349215812316,1.00104417428664,-0.0906920561677471,TRUE,0.748673648358002,1.00098635536854,-0.250219683503875,FALSE,0.338292264720225,1.0009901403815
153,"rand=1-2_rate=2_ROB=LH_Bias=Rct20_NRE20-35","1-2",2,"LH","Rct20_NRE20-35",0.182321556793955,0.182321556793955,0.182321556793955,0.182321556793955,0.182321556793955,0.300104592450338,0.217071275385217,0.217071275385217,-0.240279784255792,TRUE,0.569799789123994,1.0010067553293,-0.200507846662846,FALSE,0.30347915001821,1.00103206363085,-0.379020865215454,FALSE,0.821417561627466,1.00154946112923,-0.161800460358868,TRUE,0.356144582656598,1.00101632498066
154,"rand=1-2_rate=2_ROB=LH_Bias=Rct20_NRE20-35","1-2",2,"LH","Rct20_NRE20-35",0.182321556793955,0.182321556793955,0.182321556793955,0.182321556793955,0.182321556793955,0.300104592450338,0.197014020010315,0.197014020010315,-0.122221698358002,TRUE,0.444692200713583,1.00102038316918,-0.120137998877934,FALSE,0.197581747918784,1.00102386565954,-0.11480502501929,TRUE,0.625234164574512,1.00114889132911,-0.119576350086933,FALSE,0.225070479559369,1.00114798533033
155,"rand=1-2_rate=2_ROB=LH_Bias=Rct20_NRE20-35","1-2",2,"LH","Rct20_NRE20-35",0.182321556793955,0.182321556793955,0.182321556793955,0.182321556793955,0.182321556793955,0.300104592450338,0.204193887771513,0.204193887771513,-0.255688766332986,TRUE,0.708954112311512,1.00118456392778,-0.316245848122211,FALSE,0.480658007483891,1.00102354133717,-0.157905480063427,TRUE,0.6880545148313,1.00098623351721,-0.385094544942031,FALSE,0.712867620800476,1.00099847477168
156,"rand=1-2_rate=2_ROB=LH_Bias=Rct20_NRE20-35","1-2",2,"LH","Rct20_NRE20-35",0.182321556793955,0.182321556793955,0.182321556793955,0.182321556793955,0.182321556793955,0.300104592450338,0.212476290687801,0.212476290687801,-0.202224254548098,TRUE,0.6167186182672,1.00114632893678,-0.159178898065201,TRUE,0.344147694509839,1.0009914151115,-0.0957518878662857,TRUE,0.835176092137598,1.001110139197,-0.175338453382101,TRUE,0.412800818107692,1.00100776985603
157,"rand=1-2_rate=2_ROB=LH_Bias=Rct20_NRE20-35","1-2",2,"LH","Rct20_NRE20-35",0.182321556793955,0.182321556793955,0.182321556793955,0.182321556793955,0.182321556793955,0.300104592450338,0.208543307404021,0.208543307404021,-0.135475851073553,TRUE,0.654774445411711,1.00098662124449,-0.230781676462036,FALSE,0.461635194413297,1.00099941951496,-0.0787325495570526,TRUE,0.734394156899493,1.00118225407479,-0.301821281468881,FALSE,0.655959433006218,1.00099251113498
158,"rand=1-2_rate=2_ROB=LH_Bias=Rct20_NRE20-35","1-2",2,"LH","Rct20_NRE20-35",0.182321556793955,0.182321556793955,0.182321556793955,0.182321556793955,0.182321556793955,0.300104592450338,0.198856301781008,0.198856301781008,-0.0849254774590014,TRUE,0.572405353345909,1.00109260954809,-0.241244133225176,FALSE,0.46476860070135,1.00103328664135,-0.239249927382643,TRUE,0.887340666186701,1.00098992858906,-0.241442720989831,TRUE,0.632055539507389,1.00101147789079
159,"rand=1-2_rate=2_ROB=LH_Bias=Rct20_NRE20-35","1-2",2,"LH","Rct20_NRE20-35",0.182321556793955,0.182321556793955,0.182321556793955,0.182321556793955,0.182321556793955,0.300104592450338,0.212227107078637,0.212227107078637,-0.250968203881459,TRUE,0.629811378209905,1.00099139462007,-0.312471958187894,FALSE,0.386985659776879,1.00101174336576,-0.345031547151644,TRUE,0.914422379681346,1.00140588557846,-0.30281717404352,FALSE,0.471797462940049,1.00100588837374
160,"rand=1-2_rate=2_ROB=LH_Bias=Rct20_NRE20-35","1-2",2,"LH","Rct20_NRE20-35",0.182321556793955,0.182321556793955,0.182321556793955,0.182321556793955,0.182321556793955,0.300104592450338,0.200052176781503,0.200052176781503,-0.180050703925649,TRUE,0.596721816997322,1.00098829927298,-0.251982141173622,FALSE,0.395045880189115,1.00099206093236,-0.519353954070318,FALSE,0.98522708179217,1.00099612732779,-0.175892201969758,TRUE,0.437109605856692,1.00100271573332
161,"rand=1-2_rate=2_ROB=LH_Bias=Rct20_NRE20-35","1-2",2,"LH","Rct20_NRE20-35",0.182321556793955,0.182321556793955,0.182321556793955,0.182321556793955,0.182321556793955,0.300104592450338,0.216878334671714,0.216878334671714,-0.417182578775711,FALSE,0.677331078930618,1.00098627854154,-0.48705115930219,FALSE,0.418290767932834,1.00104053374578,-0.333768853129726,TRUE,1.03518329385897,1.00100745458847,-0.532364177582161,FALSE,0.476655413476268,1.00099271899394
162,"rand=1-2_rate=2_ROB=LH_Bias=Rct20_NRE20-35","1-2",2,"LH","Rct20_NRE20-35",0.182321556793955,0.182321556793955,0.182321556793955,0.182321556793955,0.182321556793955,0.300104592450338,0.216190691734896,0.216190691734896,-0.230727496475248,TRUE,0.671363095687366,1.00112940544796,-0.357360809791424,FALSE,0.481320413060499,1.00102644259281,-0.283853133482995,TRUE,0.792314936237533,1.00098600345479,-0.382182449080393,FALSE,0.685642316719479,1.00099714901612
163,"rand=1-2_rate=2_ROB=LH_Bias=Rct20_NRE20-35","1-2",2,"LH","Rct20_NRE20-35",0.182321556793955,0.182321556793955,0.182321556793955,0.182321556793955,0.182321556793955,0.300104592450338,0.200587663607279,0.200587663607279,-0.266395390408452,TRUE,0.622191476761938,1.00101009738549,-0.283419763818219,FALSE,0.367837299500284,1.00098747506636,-0.245719232760853,TRUE,0.793668464380909,1.00137137631165,-0.294864432890827,FALSE,0.460453321182602,1.00098615536903
164,"rand=1-2_rate=2_ROB=LH_Bias=Rct20_NRE20-35","1-2",2,"LH","Rct20_NRE20-35",0.182321556793955,0.182321556793955,0.182321556793955,0.182321556793955,0.182321556793955,0.300104592450338,0.209799952550471,0.209799952550471,-0.18063745968044,TRUE,0.653961921816609,1.00102042298181,-0.297290052270044,FALSE,0.486027774270473,1.00105531989571,-0.255955116097154,TRUE,1.01287857021808,1.001022143314,-0.314175155355809,FALSE,0.629855313968046,1.00098600307725
165,"rand=1-2_rate=2_ROB=LH_Bias=Rct20_NRE20-35","1-2",2,"LH","Rct20_NRE20-35",0.182321556793955,0.182321556793955,0.182321556793955,0.182321556793955,0.182321556793955,0.300104592450338,0.20638294751227,0.20638294751227,-0.170339101573782,TRUE,0.642514097918454,1.00130149760112,-0.309525514937184,FALSE,0.507641026395064,1.00098600808712,-0.00880746681763456,TRUE,0.562120162628744,1.00099318229574,-0.489542762736682,FALSE,0.785701877211134,1.00102466790301
166,"rand=1-2_rate=2_ROB=LH_Bias=Rct20_NRE20-35","1-2",2,"LH","Rct20_NRE20-35",0.182321556793955,0.182321556793955,0.182321556793955,0.182321556793955,0.182321556793955,0.300104592450338,0.211548145914446,0.211548145914446,-0.471148638508997,FALSE,0.86207799921617,1.00099281906576,-0.507138027051051,FALSE,0.600317852178331,1.0010116794659,-0.52189135875367,FALSE,0.995669381573512,1.0010608586445,-0.50031404795333,FALSE,0.877534179422117,1.00099482328336
167,"rand=1-2_rate=2_ROB=LH_Bias=Rct20_NRE20-35","1-2",2,"LH","Rct20_NRE20-35",0.182321556793955,0.182321556793955,0.182321556793955,0.182321556793955,0.182321556793955,0.300104592450338,0.21534648142764,0.21534648142764,-0.210571532797873,TRUE,0.663568035619093,1.0010597073557,-0.254935953107667,FALSE,0.423567263889622,1.00104840483547,-0.00533061605990626,TRUE,0.653263908471691,1.00150211287899,-0.36338194442186,FALSE,0.572434311426675,1.00098863963541
168,"rand=1-2_rate=2_ROB=LH_Bias=Rct20_NRE20-35","1-2",2,"LH","Rct20_NRE20-35",0.182321556793955,0.182321556793955,0.182321556793955,0.182321556793955,0.182321556793955,0.300104592450338,0.218775579453811,0.218775579453811,-0.195546929709553,TRUE,0.613034528504849,1.00120307307647,-0.297363684823206,FALSE,0.448487286512708,1.00099566751359,-0.294176206871349,TRUE,0.776332778656395,1.00100904725882,-0.302134565370254,FALSE,0.633250742318122,1.00098618394286
169,"rand=1-2_rate=2_ROB=LH_Bias=Rct20_NRE20-35","1-2",2,"LH","Rct20_NRE20-35",0.182321556793955,0.182321556793955,0.182321556793955,0.182321556793955,0.182321556793955,0.300104592450338,0.212289656450073,0.212289656450073,-0.100552989260718,TRUE,0.621793632290125,1.00125973534916,-0.131938975142659,TRUE,0.390476234299226,1.00098614333039,-0.128176337028307,TRUE,0.772934906594819,1.00105273789494,-0.130782925831898,TRUE,0.520028838305512,1.00100380271785
170,"rand=1-2_rate=2_ROB=LH_Bias=Rct20_NRE20-35","1-2",2,"LH","Rct20_NRE20-35",0.182321556793955,0.182321556793955,0.182321556793955,0.182321556793955,0.182321556793955,0.300104592450338,0.203117856065896,0.203117856065896,-0.0981831113953671,TRUE,0.519426668965415,1.00099165298644,-0.128314347387725,TRUE,0.301743911461227,1.00101084869622,-0.0412595931331532,TRUE,0.64457182575849,1.00101570795399,-0.150048722097978,TRUE,0.384919070630789,1.00102493923634
171,"rand=1-2_rate=2_ROB=LH_Bias=Rct20_NRE20-35","1-2",2,"LH","Rct20_NRE20-35",0.182321556793955,0.182321556793955,0.182321556793955,0.182321556793955,0.182321556793955,0.300104592450338,0.211938895465036,0.211938895465036,-0.258966203763836,TRUE,0.731028528112992,1.00162175579739,-0.330051022336403,FALSE,0.55469168506178,1.00099026636076,-0.308278399835241,TRUE,0.860429610151779,1.00104809078623,-0.354030551347605,FALSE,0.824823460158349,1.00100203801677
172,"rand=1-2_rate=2_ROB=LH_Bias=Rct20_NRE20-35","1-2",2,"LH","Rct20_NRE20-35",0.182321556793955,0.182321556793955,0.182321556793955,0.182321556793955,0.182321556793955,0.300104592450338,0.2094697811753,0.2094697811753,-0.43816728705797,FALSE,0.783824246470574,1.00111057252706,-0.347498135253149,FALSE,0.460791551063131,1.00100006316659,-0.237144482993264,TRUE,0.956563216340101,1.00099045800918,-0.390287740391132,FALSE,0.590539934725006,1.00101923388245
173,"rand=1-2_rate=2_ROB=LH_Bias=Rct20_NRE20-35","1-2",2,"LH","Rct20_NRE20-35",0.182321556793955,0.182321556793955,0.182321556793955,0.182321556793955,0.182321556793955,0.300104592450338,0.220038998800108,0.220038998800108,-0.296412116876963,FALSE,0.665853549766723,1.00103419779162,-0.253235433067781,FALSE,0.406669047780704,1.00100247363657,-0.248579818588444,TRUE,0.764635444976342,1.00102910246748,-0.256293490930505,FALSE,0.550184646086059,1.00098657341333
174,"rand=1-2_rate=2_ROB=LH_Bias=Rct20_NRE20-35","1-2",2,"LH","Rct20_NRE20-35",0.182321556793955,0.182321556793955,0.182321556793955,0.182321556793955,0.182321556793955,0.300104592450338,0.210817236181732,0.210817236181732,-0.209168733221788,TRUE,0.59966552204092,1.00099728044928,-0.240605860406389,FALSE,0.381364007912241,1.00106359054107,-0.245742445153026,TRUE,0.707250964153589,1.0010125473265,-0.240511499700096,FALSE,0.522757211619695,1.00104689544043
175,"rand=1-2_rate=2_ROB=LH_Bias=Rct20_NRE20-35","1-2",2,"LH","Rct20_NRE20-35",0.182321556793955,0.182321556793955,0.182321556793955,0.182321556793955,0.182321556793955,0.300104592450338,0.216428907144587,0.216428907144587,-0.277289807234252,TRUE,0.722492829988112,1.00117460956,-0.271799191008348,FALSE,0.481874243003711,1.00103728139937,-0.333823521437435,TRUE,0.809962754387132,1.00099872154536,-0.25190863960093,TRUE,0.691860098729401,1.00101561815438
176,"rand=1-2_rate=2_ROB=LH_Bias=Rct20_NRE20-35","1-2",2,"LH","Rct20_NRE20-35",0.182321556793955,0.182321556793955,0.182321556793955,0.182321556793955,0.182321556793955,0.300104592450338,0.218734264916357,0.218734264916357,-0.183569827508394,TRUE,0.515369129544801,1.00125029221307,-0.372091505135102,FALSE,0.449824380105861,1.00100074791928,-0.156812577341591,TRUE,0.700666296263654,1.00104695376955,-0.462438533250821,FALSE,0.633275917938808,1.00099584177634
177,"rand=1-2_rate=2_ROB=LH_Bias=Rct20_NRE20-35","1-2",2,"LH","Rct20_NRE20-35",0.182321556793955,0.182321556793955,0.182321556793955,0.182321556793955,0.182321556793955,0.300104592450338,0.215303956727639,0.215303956727639,-0.310471094292945,FALSE,0.668414481421106,1.00100269967573,-0.395281181261297,FALSE,0.430680435730703,1.00099483449154,-0.519676448020864,FALSE,0.987903819161534,1.00104618090759,-0.355032006196608,FALSE,0.530347385447586,1.00099554503427
178,"rand=1-2_rate=2_ROB=LH_Bias=Rct20_NRE20-35","1-2",2,"LH","Rct20_NRE20-35",0.182321556793955,0.182321556793955,0.182321556793955,0.182321556793955,0.182321556793955,0.300104592450338,0.205785171326639,0.205785171326639,-0.11559291227994,TRUE,0.636141242197976,1.00103546968367,-0.0312247444681086,TRUE,0.44731084868583,1.00099658508775,-0.181915727697751,TRUE,0.626794145069024,1.00179969184621,0.0491631503562683,TRUE,0.670473380155399,1.00100195806048
179,"rand=1-2_rate=2_ROB=LH_Bias=Rct20_NRE20-35","1-2",2,"LH","Rct20_NRE20-35",0.182321556793955,0.182321556793955,0.182321556793955,0.182321556793955,0.182321556793955,0.300104592450338,0.204901536271509,0.204901536271509,-0.206368251425596,TRUE,0.584612188792841,1.00111607374751,-0.291295279113018,FALSE,0.36615596956339,1.00101230617055,-0.257091498794144,TRUE,0.845861382118415,1.00100714723939,-0.301952333063935,FALSE,0.449908340749213,1.00098639684158
180,"rand=1-2_rate=2_ROB=LH_Bias=Rct20_NRE20-35","1-2",2,"LH","Rct20_NRE20-35",0.182321556793955,0.182321556793955,0.182321556793955,0.182321556793955,0.182321556793955,0.300104592450338,0.221121364293366,0.221121364293366,-0.289949062953055,FALSE,0.657472839785952,1.00098855825996,-0.339832742208544,FALSE,0.428100424834475,1.00098610677214,-0.405168340567712,TRUE,1.00095605520895,1.00103079845697,-0.315924917488662,FALSE,0.512145536577383,1.00099246039156
181,"rand=1-2_rate=2_ROB=LH_Bias=Rct20_NRE20-35","1-2",2,"LH","Rct20_NRE20-35",0.182321556793955,0.182321556793955,0.182321556793955,0.182321556793955,0.182321556793955,0.300104592450338,0.226136518278576,0.226136518278576,-0.235027785208679,TRUE,0.649978647784434,1.00099688281433,-0.202381675591615,FALSE,0.405397605615765,1.00098689820842,-0.213988552095299,TRUE,0.692509788273951,1.00109029263695,-0.195510597718172,TRUE,0.56600121807631,1.00098816156039
182,"rand=1-2_rate=2_ROB=LH_Bias=Rct20_NRE20-35","1-2",2,"LH","Rct20_NRE20-35",0.182321556793955,0.182321556793955,0.182321556793955,0.182321556793955,0.182321556793955,0.300104592450338,0.204198622879071,0.204198622879071,-0.0639210738333906,TRUE,0.524811355012283,1.00101858219535,-0.123700457651467,TRUE,0.305235954365259,1.00102436767705,-0.036427021982627,TRUE,0.7618507667512,1.00100079481439,-0.150429034866119,TRUE,0.356991261846106,1.00102954318998
183,"rand=1-2_rate=2_ROB=LH_Bias=Rct20_NRE20-35","1-2",2,"LH","Rct20_NRE20-35",0.182321556793955,0.182321556793955,0.182321556793955,0.182321556793955,0.182321556793955,0.300104592450338,0.208527866295743,0.208527866295743,-0.446172078466507,FALSE,0.703833587035803,1.00117465405821,-0.37121105135651,FALSE,0.408237301058896,1.00100530202618,-0.234778052035648,TRUE,0.772197935056944,1.00099889341,-0.412908059202316,FALSE,0.538532250879482,1.00100344833948
184,"rand=1-2_rate=2_ROB=LH_Bias=Rct20_NRE20-35","1-2",2,"LH","Rct20_NRE20-35",0.182321556793955,0.182321556793955,0.182321556793955,0.182321556793955,0.182321556793955,0.300104592450338,0.211157419977544,0.211157419977544,0.060057986057353,TRUE,0.454401849466925,1.00104294806897,-0.148564985955311,TRUE,0.398073074252022,1.00100025452379,-0.147022303413835,TRUE,0.789202854408613,1.00114733587247,-0.148094572070274,TRUE,0.524011260736611,1.00099723596222
185,"rand=1-2_rate=2_ROB=LH_Bias=Rct20_NRE20-35","1-2",2,"LH","Rct20_NRE20-35",0.182321556793955,0.182321556793955,0.182321556793955,0.182321556793955,0.182321556793955,0.300104592450338,0.20784182040352,0.20784182040352,-0.196267741104426,TRUE,0.522490218039044,1.00133872412374,-0.201523472491923,FALSE,0.272817400371048,1.00103645294127,-0.287459635666125,TRUE,0.746035539695031,1.00129917614952,-0.18689321779409,FALSE,0.326800956201556,1.00100103869977
186,"rand=1-2_rate=2_ROB=LH_Bias=Rct20_NRE20-35","1-2",2,"LH","Rct20_NRE20-35",0.182321556793955,0.182321556793955,0.182321556793955,0.182321556793955,0.182321556793955,0.300104592450338,0.203700078464642,0.203700078464642,-0.392538878647815,FALSE,0.752720791694481,1.00110564000299,-0.401577644552832,FALSE,0.470189916018326,1.00098693016847,-0.381137117031567,TRUE,0.962520619997717,1.00100224460617,-0.410929611137927,FALSE,0.621897205416758,1.00099201216153
187,"rand=1-2_rate=2_ROB=LH_Bias=Rct20_NRE20-35","1-2",2,"LH","Rct20_NRE20-35",0.182321556793955,0.182321556793955,0.182321556793955,0.182321556793955,0.182321556793955,0.300104592450338,0.207604906793547,0.207604906793547,-0.454323675755046,FALSE,0.615245897567187,1.00100193749613,-0.43667882711586,FALSE,0.297962153038872,1.00099259568956,-0.479653487998103,FALSE,0.928922240899787,1.00099420176351,-0.429093926637015,FALSE,0.333341137520037,1.00098622426332
188,"rand=1-2_rate=2_ROB=LH_Bias=Rct20_NRE20-35","1-2",2,"LH","Rct20_NRE20-35",0.182321556793955,0.182321556793955,0.182321556793955,0.182321556793955,0.182321556793955,0.300104592450338,0.203838778955003,0.203838778955003,-0.155494164087739,TRUE,0.687648199934009,1.00105719291952,-0.176906018540162,TRUE,0.456570860920393,1.00099616024123,0.127135191609434,TRUE,0.832519525416267,1.00098666666926,-0.325527510539174,FALSE,0.500942385607018,1.00098932927735
189,"rand=1-2_rate=2_ROB=LH_Bias=Rct20_NRE20-35","1-2",2,"LH","Rct20_NRE20-35",0.182321556793955,0.182321556793955,0.182321556793955,0.182321556793955,0.182321556793955,0.300104592450338,0.18671887586411,0.18671887586411,-0.20130807003034,TRUE,0.604310470384299,1.00098612770997,-0.237168109762933,FALSE,0.438294343447445,1.00100149221654,0.0485119674307394,TRUE,0.877409975232708,1.00105750399124,-0.374108933466374,FALSE,0.417714884674983,1.00100628883604
190,"rand=1-2_rate=2_ROB=LH_Bias=Rct20_NRE20-35","1-2",2,"LH","Rct20_NRE20-35",0.182321556793955,0.182321556793955,0.182321556793955,0.182321556793955,0.182321556793955,0.300104592450338,0.219074254620533,0.219074254620533,-0.178677732931794,TRUE,0.624596209364208,1.00115030819384,-0.190719323537493,FALSE,0.402907816616723,1.00101032377438,-0.282194181281064,TRUE,0.731247321451201,1.00101747614419,-0.149089676861576,TRUE,0.551102808510134,1.00099216024216
191,"rand=1-2_rate=2_ROB=LH_Bias=Rct20_NRE20-35","1-2",2,"LH","Rct20_NRE20-35",0.182321556793955,0.182321556793955,0.182321556793955,0.182321556793955,0.182321556793955,0.300104592450338,0.210298990224243,0.210298990224243,0.052515504024463,TRUE,0.563361758366604,1.00143018105791,-0.0427356070536347,TRUE,0.417003773928029,1.0009868124319,-0.0105185381093682,TRUE,0.723127447591056,1.0010285734571,-0.0568270373560247,TRUE,0.589790523759042,1.00099500957699
192,"rand=1-2_rate=2_ROB=LH_Bias=Rct20_NRE20-35","1-2",2,"LH","Rct20_NRE20-35",0.182321556793955,0.182321556793955,0.182321556793955,0.182321556793955,0.182321556793955,0.300104592450338,0.222539262190413,0.222539262190413,-0.173463616562662,TRUE,0.671848572627566,1.00099249227561,-0.194623263850474,TRUE,0.449131249051553,1.00098956371068,-0.169710573189068,TRUE,0.828090514117488,1.00100714420273,-0.206324416984013,TRUE,0.622785177595392,1.00100293157773
193,"rand=1-2_rate=2_ROB=LH_Bias=Rct20_NRE20-35","1-2",2,"LH","Rct20_NRE20-35",0.182321556793955,0.182321556793955,0.182321556793955,0.182321556793955,0.182321556793955,0.300104592450338,0.234705121613028,0.234705121613028,-0.297534457461881,FALSE,0.665213449861105,1.00107696460814,-0.271146027282856,FALSE,0.412496202589478,1.00098609476499,-0.35332688555561,FALSE,0.740229494946051,1.00258206226486,-0.240580299590294,TRUE,0.575365575496622,1.0010078618415
194,"rand=1-2_rate=2_ROB=LH_Bias=Rct20_NRE20-35","1-2",2,"LH","Rct20_NRE20-35",0.182321556793955,0.182321556793955,0.182321556793955,0.182321556793955,0.182321556793955,0.300104592450338,0.205975861487772,0.205975861487772,-0.177474314312655,TRUE,0.645897493075953,1.00098601648449,-0.153934204475195,TRUE,0.392980579506997,1.00099714489215,-0.185310569522183,TRUE,0.940244765296742,1.00098746289184,-0.142635610028561,TRUE,0.48376819699762,1.00098607748917
195,"rand=1-2_rate=2_ROB=LH_Bias=Rct20_NRE20-35","1-2",2,"LH","Rct20_NRE20-35",0.182321556793955,0.182321556793955,0.182321556793955,0.182321556793955,0.182321556793955,0.300104592450338,0.215008750283984,0.215008750283984,0.041682437581453,TRUE,0.459253300314554,1.00135424278234,-0.0997566182787692,TRUE,0.343822492282778,1.00102476950722,-0.0149758013856145,TRUE,0.541245180026434,1.00098600652265,-0.130467983797849,TRUE,0.516039883594816,1.00099762417004
196,"rand=1-2_rate=2_ROB=LH_Bias=Rct20_NRE20-35","1-2",2,"LH","Rct20_NRE20-35",0.182321556793955,0.182321556793955,0.182321556793955,0.182321556793955,0.182321556793955,0.300104592450338,0.21878849344116,0.21878849344116,-0.442042861979052,FALSE,0.760439827845953,1.00098838546139,-0.422021587353646,FALSE,0.466615721796582,1.00098643402869,-0.499597634607735,FALSE,1.03950036216448,1.00110239806907,-0.392280436954609,FALSE,0.580262160353541,1.00098755209316
197,"rand=1-2_rate=2_ROB=LH_Bias=Rct20_NRE20-35","1-2",2,"LH","Rct20_NRE20-35",0.182321556793955,0.182321556793955,0.182321556793955,0.182321556793955,0.182321556793955,0.300104592450338,0.213854585300106,0.213854585300106,-0.0516975848860379,TRUE,0.604444007265332,1.00099767730874,-0.14231468670796,TRUE,0.461854686679913,1.0009971138264,-0.17415426503948,TRUE,0.703349875258285,1.00106686515532,-0.126055392374139,TRUE,0.681025098595109,1.0009873027784
198,"rand=1-2_rate=2_ROB=LH_Bias=Rct20_NRE20-35","1-2",2,"LH","Rct20_NRE20-35",0.182321556793955,0.182321556793955,0.182321556793955,0.182321556793955,0.182321556793955,0.300104592450338,0.210880363154464,0.210880363154464,-0.111508443016327,TRUE,0.581856402375333,1.00114642834173,-0.0890516308061844,TRUE,0.357626498887676,1.00098641726875,-0.26603172083061,TRUE,0.712924912368108,1.00098636620509,-0.0334730879263943,TRUE,0.460534370945909,1.00099869290176
199,"rand=1-2_rate=2_ROB=LH_Bias=Rct20_NRE20-35","1-2",2,"LH","Rct20_NRE20-35",0.182321556793955,0.182321556793955,0.182321556793955,0.182321556793955,0.182321556793955,0.300104592450338,0.213154821219577,0.213154821219577,-0.117822146222583,TRUE,0.62092441281717,1.00100744399966,-0.259402512267751,FALSE,0.473687256380224,1.00098678400703,-0.155850838830531,TRUE,0.676771525903704,1.00100950796732,-0.303840361390326,TRUE,0.729007378555915,1.00098676556326
200,"rand=1-2_rate=2_ROB=LH_Bias=Rct20_NRE20-35","1-2",2,"LH","Rct20_NRE20-35",0.182321556793955,0.182321556793955,0.182321556793955,0.182321556793955,0.182321556793955,0.300104592450338,0.215659792591824,0.215659792591824,-0.0197291435698863,TRUE,0.499574545681445,1.0009862052372,-0.104654865772717,TRUE,0.340785465582435,1.00098616144244,0.0533600436683731,TRUE,0.504759366411577,1.00112692703078,-0.168369227563723,TRUE,0.491676436355237,1.00099478198426
201,"rand=1-2_rate=2_ROB=LH_Bias=Rct20_NRE20-35","1-2",2,"LH","Rct20_NRE20-35",0.182321556793955,0.182321556793955,0.182321556793955,0.182321556793955,0.182321556793955,0.300104592450338,0.23067912958331,0.23067912958331,-0.142396030475382,TRUE,0.516596567111331,1.00100079543837,-0.255941686460259,FALSE,0.353689029372512,1.00099816315699,-0.107533654675607,TRUE,0.691904198069164,1.00115756644708,-0.299354090708236,FALSE,0.453418582808711,1.00098893568161
202,"rand=1-2_rate=2_ROB=LH_Bias=Rct20_NRE20-35","1-2",2,"LH","Rct20_NRE20-35",0.182321556793955,0.182321556793955,0.182321556793955,0.182321556793955,0.182321556793955,0.300104592450338,0.212051854126613,0.212051854126613,-0.182932622975501,TRUE,0.761227485297297,1.0010031010596,-0.105061475950728,TRUE,0.483118416962285,1.00098800553578,0.148475723606058,TRUE,0.670518888737748,1.00100267424288,-0.274267486735215,TRUE,0.690095819549205,1.001017571864
203,"rand=1-2_rate=2_ROB=LH_Bias=Rct20_NRE20-35","1-2",2,"LH","Rct20_NRE20-35",0.182321556793955,0.182321556793955,0.182321556793955,0.182321556793955,0.182321556793955,0.300104592450338,0.228149402187948,0.228149402187948,-0.297209048448266,FALSE,0.659992739912228,1.00099155259935,-0.312238678885846,FALSE,0.400327060520622,1.00101354392274,-0.49008041288615,FALSE,1.12480165879858,1.00104587662477,-0.260643593515958,FALSE,0.426079391614383,1.00098968686107
204,"rand=1-2_rate=2_ROB=LH_Bias=Rct20_NRE20-35","1-2",2,"LH","Rct20_NRE20-35",0.182321556793955,0.182321556793955,0.182321556793955,0.182321556793955,0.182321556793955,0.300104592450338,0.211899530776654,0.211899530776654,-0.309726382362298,FALSE,0.644142870427113,1.00104923748168,-0.357059505649393,FALSE,0.388195344762212,1.00101644506342,-0.203567821499299,TRUE,0.678763165507706,1.00099167436115,-0.400341992137758,FALSE,0.528149683739945,1.00102162887211
205,"rand=1-2_rate=2_ROB=LH_Bias=Rct20_NRE20-35","1-2",2,"LH","Rct20_NRE20-35",0.182321556793955,0.182321556793955,0.182321556793955,0.182321556793955,0.182321556793955,0.300104592450338,0.210219730494579,0.210219730494579,-0.198051333242813,TRUE,0.67848789344575,1.00098750043914,-0.194863760049329,TRUE,0.426836718428263,1.00098694990972,-0.170425225411059,TRUE,0.795581054774653,1.00102281647748,-0.19973476359655,TRUE,0.585837193192419,1.00098768753285
206,"rand=1-2_rate=2_ROB=LH_Bias=Rct20_NRE20-35","1-2",2,"LH","Rct20_NRE20-35",0.182321556793955,0.182321556793955,0.182321556793955,0.182321556793955,0.182321556793955,0.300104592450338,0.219213276222834,0.219213276222834,-0.0972979496895316,TRUE,0.577355373359674,1.0010397681427,-0.107334372727047,TRUE,0.361420122124798,1.0010160717156,-0.239770596488885,TRUE,0.767780266212192,1.00106518916625,-0.065927390494694,TRUE,0.454295182850946,1.0009910666443
207,"rand=1-2_rate=2_ROB=LH_Bias=Rct20_NRE20-35","1-2",2,"LH","Rct20_NRE20-35",0.182321556793955,0.182321556793955,0.182321556793955,0.182321556793955,0.182321556793955,0.300104592450338,0.214502681915708,0.214502681915708,-0.00730556235904145,TRUE,0.478689885035936,1.00099556983284,-0.195996773951773,FALSE,0.411673521415485,1.00098910662587,-0.212485059875273,TRUE,0.815221561048725,1.00099131941572,-0.187067255363047,TRUE,0.546343815515712,1.0009922493528
208,"rand=1-2_rate=2_ROB=LH_Bias=Rct20_NRE20-35","1-2",2,"LH","Rct20_NRE20-35",0.182321556793955,0.182321556793955,0.182321556793955,0.182321556793955,0.182321556793955,0.300104592450338,0.192416776835349,0.192416776835349,-0.214797139509872,TRUE,0.687941550244181,1.00100411646814,-0.205088587490345,FALSE,0.431062514132299,1.00100594001113,-0.147934699250315,TRUE,0.882144925200395,1.00099852088065,-0.228898119906936,TRUE,0.555633613554726,1.00099966803545
209,"rand=1-2_rate=2_ROB=LH_Bias=Rct20_NRE20-35","1-2",2,"LH","Rct20_NRE20-35",0.182321556793955,0.182321556793955,0.182321556793955,0.182321556793955,0.182321556793955,0.300104592450338,0.194202562287544,0.194202562287544,-0.244442933045445,TRUE,0.577271164776172,1.00098723390814,-0.178356946694804,FALSE,0.312249626597265,1.00100157708369,-0.254781136499921,TRUE,0.782409800451564,1.00111824220307,-0.157536932730003,TRUE,0.370573028222287,1.00104498655791
210,"rand=1-2_rate=2_ROB=LH_Bias=Rct20_NRE20-35","1-2",2,"LH","Rct20_NRE20-35",0.182321556793955,0.182321556793955,0.182321556793955,0.182321556793955,0.182321556793955,0.300104592450338,0.217636683592976,0.217636683592976,-0.055319351294536,TRUE,0.505660054459022,1.00098611375456,-0.240428365560876,FALSE,0.388583817451658,1.0009932349078,-0.219338897126171,TRUE,0.820980928256433,1.00102795327216,-0.247623449826395,FALSE,0.497240432307706,1.00099488328933
211,"rand=1-2_rate=2_ROB=LH_Bias=Rct20_NRE20-35","1-2",2,"LH","Rct20_NRE20-35",0.182321556793955,0.182321556793955,0.182321556793955,0.182321556793955,0.182321556793955,0.300104592450338,0.217731719971752,0.217731719971752,-0.244958635548642,TRUE,0.630344009393448,1.00112639737246,-0.338030236753916,FALSE,0.420859948497662,1.00100724361834,-0.141151637324114,TRUE,0.704089927609306,1.00108131506153,-0.413516276452451,FALSE,0.560113945441591,1.00099570946469
212,"rand=1-2_rate=2_ROB=LH_Bias=Rct20_NRE20-35","1-2",2,"LH","Rct20_NRE20-35",0.182321556793955,0.182321556793955,0.182321556793955,0.182321556793955,0.182321556793955,0.300104592450338,0.225311305876182,0.225311305876182,-0.439550805598583,FALSE,0.735243646237266,1.00101295442908,-0.40799006068766,FALSE,0.432063883552667,1.00098947884498,-0.300720822139545,TRUE,0.828117924486435,1.00109533200066,-0.440296363231309,FALSE,0.569822252460607,1.00099547632319
213,"rand=1-2_rate=2_ROB=LH_Bias=Rct20_NRE20-35","1-2",2,"LH","Rct20_NRE20-35",0.182321556793955,0.182321556793955,0.182321556793955,0.182321556793955,0.182321556793955,0.300104592450338,0.218587480201987,0.218587480201987,0.00898054153675243,TRUE,0.451149572566514,1.00099509324934,-0.0742046999497017,TRUE,0.272279114092602,1.00098709548674,-0.120850791661503,TRUE,0.623803791345598,1.0012583240871,-0.0613974672506401,TRUE,0.347309518155326,1.00099136542323
214,"rand=1-2_rate=2_ROB=LH_Bias=Rct20_NRE20-35","1-2",2,"LH","Rct20_NRE20-35",0.182321556793955,0.182321556793955,0.182321556793955,0.182321556793955,0.182321556793955,0.300104592450338,0.204687227203962,0.204687227203962,-0.022033527360513,TRUE,0.518069007325491,1.00098707357911,-0.108700998138311,TRUE,0.3667353190548,1.00106938880095,0.0156015730926302,TRUE,0.553627324721058,1.00101774371232,-0.153837751474037,TRUE,0.546818579041081,1.00098603787814
215,"rand=1-2_rate=2_ROB=LH_Bias=Rct20_NRE20-35","1-2",2,"LH","Rct20_NRE20-35",0.182321556793955,0.182321556793955,0.182321556793955,0.182321556793955,0.182321556793955,0.300104592450338,0.21573374473305,0.21573374473305,-0.256540910025502,TRUE,0.636163221497633,1.00098708988004,-0.310168400018577,FALSE,0.400700780788532,1.00100120622783,-0.162686390409599,TRUE,0.752484059017153,1.00098915548084,-0.361060842124151,FALSE,0.52128343547874,1.00098887886213
216,"rand=1-2_rate=2_ROB=LH_Bias=Rct20_NRE20-35","1-2",2,"LH","Rct20_NRE20-35",0.182321556793955,0.182321556793955,0.182321556793955,0.182321556793955,0.182321556793955,0.300104592450338,0.198130905215598,0.198130905215598,-0.0420557841286782,TRUE,0.588849244182992,1.00106185283203,-0.262670546596711,FALSE,0.53746432112277,1.00099148514202,-0.169419418621131,TRUE,0.815895161795765,1.00103952915078,-0.299314818058845,TRUE,0.809513186123649,1.00098773621105
217,"rand=1-2_rate=2_ROB=LH_Bias=Rct20_NRE20-35","1-2",2,"LH","Rct20_NRE20-35",0.182321556793955,0.182321556793955,0.182321556793955,0.182321556793955,0.182321556793955,0.300104592450338,0.204767349167897,0.204767349167897,-0.211858487996569,TRUE,0.555672091289336,1.00101960637729,-0.314618578195133,FALSE,0.319007316665835,1.00102488441986,-0.111885818882171,TRUE,0.604650209941885,1.00101939609213,-0.366614170955994,FALSE,0.413020861169825,1.00098786442051
218,"rand=1-2_rate=2_ROB=LH_Bias=Rct20_NRE20-35","1-2",2,"LH","Rct20_NRE20-35",0.182321556793955,0.182321556793955,0.182321556793955,0.182321556793955,0.182321556793955,0.300104592450338,0.222956985641485,0.222956985641485,-0.241554428294992,TRUE,0.59576511611415,1.00102495748822,-0.248323926849855,FALSE,0.348164669181672,1.00102587675006,-0.487264832232767,FALSE,0.921011717990052,1.00104122920214,-0.191144574025562,FALSE,0.382864300306802,1.00098954667875
219,"rand=1-2_rate=2_ROB=LH_Bias=Rct20_NRE20-35","1-2",2,"LH","Rct20_NRE20-35",0.182321556793955,0.182321556793955,0.182321556793955,0.182321556793955,0.182321556793955,0.300104592450338,0.196049417024013,0.196049417024013,-0.135019853589944,TRUE,0.628615241396375,1.00114682103532,-0.170420339210648,TRUE,0.470761646692312,1.00103573178542,-0.151683963925322,TRUE,0.623788725871848,1.00132903202757,-0.183064543092843,TRUE,0.753973521491164,1.00100044100566
220,"rand=1-2_rate=2_ROB=LH_Bias=Rct20_NRE20-35","1-2",2,"LH","Rct20_NRE20-35",0.182321556793955,0.182321556793955,0.182321556793955,0.182321556793955,0.182321556793955,0.300104592450338,0.220116513238649,0.220116513238649,-0.171734590801328,TRUE,0.618015786862773,1.00101129108593,-0.241553651793713,FALSE,0.429432685663182,1.00098793264768,-0.154095451493936,TRUE,0.661332600596181,1.00461642181729,-0.270297598979939,TRUE,0.646918580397761,1.00100279414485
221,"rand=1-2_rate=2_ROB=LH_Bias=Rct20_NRE20-35","1-2",2,"LH","Rct20_NRE20-35",0.182321556793955,0.182321556793955,0.182321556793955,0.182321556793955,0.182321556793955,0.300104592450338,0.203943342010614,0.203943342010614,-0.363241079227101,FALSE,0.606061544472683,1.00098746787799,-0.358673276173431,FALSE,0.332449186396319,1.00099107013545,-0.466012905487877,FALSE,0.775463928684047,1.0017295963094,-0.333103244200033,FALSE,0.406398734374993,1.0009862013676
222,"rand=1-2_rate=2_ROB=LH_Bias=Rct20_NRE20-35","1-2",2,"LH","Rct20_NRE20-35",0.182321556793955,0.182321556793955,0.182321556793955,0.182321556793955,0.182321556793955,0.300104592450338,0.205346554460984,0.205346554460984,-0.15739822353805,TRUE,0.570185161111169,1.00104429340622,-0.221366666656566,FALSE,0.364323439378056,1.00099074801595,-0.0190775481797441,TRUE,0.834886608183338,1.00100214748106,-0.290694084538355,FALSE,0.403351899332608,1.00100098215124
223,"rand=1-2_rate=2_ROB=LH_Bias=Rct20_NRE20-35","1-2",2,"LH","Rct20_NRE20-35",0.182321556793955,0.182321556793955,0.182321556793955,0.182321556793955,0.182321556793955,0.300104592450338,0.204144443919351,0.204144443919351,-0.108973174477588,TRUE,0.648035192149657,1.00100999837573,-0.206357739151739,TRUE,0.500327024059222,1.00100068862735,-0.273534365501495,TRUE,0.817229706229224,1.00098622770614,-0.174967277823818,TRUE,0.726340469717374,1.00099434129395
224,"rand=1-2_rate=2_ROB=LH_Bias=Rct20_NRE20-35","1-2",2,"LH","Rct20_NRE20-35",0.182321556793955,0.182321556793955,0.182321556793955,0.182321556793955,0.182321556793955,0.300104592450338,0.192979598265606,0.192979598265606,-0.170435585386819,TRUE,0.650870850312789,1.00108337317594,-0.197133335912685,FALSE,0.428667640625612,1.00099471234201,-0.206868503930641,TRUE,0.778345427023977,1.00099992189142,-0.189916708363997,TRUE,0.590750231666342,1.0009865899279
225,"rand=1-2_rate=2_ROB=LH_Bias=Rct20_NRE20-35","1-2",2,"LH","Rct20_NRE20-35",0.182321556793955,0.182321556793955,0.182321556793955,0.182321556793955,0.182321556793955,0.300104592450338,0.204778099654916,0.204778099654916,-0.2025168104224,TRUE,0.639685651996007,1.00099308496267,-0.383939534416164,FALSE,0.489275818499758,1.00103195308642,-0.216594865102868,TRUE,0.842001501915444,1.00100889932755,-0.452612120685483,FALSE,0.659998198167868,1.00101866712103
226,"rand=1-2_rate=2_ROB=LH_Bias=Rct20_NRE20-35","1-2",2,"LH","Rct20_NRE20-35",0.182321556793955,0.182321556793955,0.182321556793955,0.182321556793955,0.182321556793955,0.300104592450338,0.202407959736741,0.202407959736741,-0.115107015700275,TRUE,0.578165409164874,1.00159579148011,-0.218410878396847,FALSE,0.406981382324907,1.00099863418502,-0.0828704936877378,TRUE,0.637830366980366,1.0009919597756,-0.271008690954822,FALSE,0.578104019838764,1.00106060576116
227,"rand=1-2_rate=2_ROB=LH_Bias=Rct20_NRE20-35","1-2",2,"LH","Rct20_NRE20-35",0.182321556793955,0.182321556793955,0.182321556793955,0.182321556793955,0.182321556793955,0.300104592450338,0.196916922348316,0.196916922348316,-0.396735832028955,FALSE,0.854596098764791,1.00103890142476,-0.476212148953912,FALSE,0.652853311237169,1.00100595627937,-0.333219651515079,TRUE,0.854787449165737,1.00114474614999,-0.554467796578534,FALSE,1.04936369499718,1.00098711101687
228,"rand=1-2_rate=2_ROB=LH_Bias=Rct20_NRE20-35","1-2",2,"LH","Rct20_NRE20-35",0.182321556793955,0.182321556793955,0.182321556793955,0.182321556793955,0.182321556793955,0.300104592450338,0.20909290565975,0.20909290565975,-0.0340066366450349,TRUE,0.603702285678002,1.00099157365052,-0.173462859449968,TRUE,0.455470701317435,1.00098645939883,-0.346994703864147,FALSE,0.760254080717972,1.00100740982937,-0.107613433248826,TRUE,0.634220086442928,1.00099641953173
229,"rand=1-2_rate=2_ROB=LH_Bias=Rct20_NRE20-35","1-2",2,"LH","Rct20_NRE20-35",0.182321556793955,0.182321556793955,0.182321556793955,0.182321556793955,0.182321556793955,0.300104592450338,0.209946154041639,0.209946154041639,-0.372121052653096,FALSE,0.734749999129912,1.00109012936028,-0.337408640830123,FALSE,0.445707045253545,1.00098728803048,-0.557097159050402,FALSE,0.932287273942233,1.00124641150896,-0.263860764958313,FALSE,0.548174687068205,1.0010177005893
230,"rand=1-2_rate=2_ROB=LH_Bias=Rct20_NRE20-35","1-2",2,"LH","Rct20_NRE20-35",0.182321556793955,0.182321556793955,0.182321556793955,0.182321556793955,0.182321556793955,0.300104592450338,0.221150490260164,0.221150490260164,-0.149021331677899,TRUE,0.626472474708865,1.00099562003359,-0.280840755851026,FALSE,0.476258563371747,1.00100165719152,-0.0536978419979022,TRUE,0.696048650668887,1.00121553932356,-0.397107823828708,FALSE,0.698708340830399,1.00101404943898
231,"rand=1-2_rate=2_ROB=LH_Bias=Rct20_NRE20-35","1-2",2,"LH","Rct20_NRE20-35",0.182321556793955,0.182321556793955,0.182321556793955,0.182321556793955,0.182321556793955,0.300104592450338,0.203012920787571,0.203012920787571,-0.177254454284683,TRUE,0.619244295936324,1.00101650068685,-0.182796419139546,TRUE,0.405958490634437,1.00103299646492,-0.141687350731733,TRUE,0.662980681330719,1.00134169342565,-0.203690740921669,TRUE,0.580835298231213,1.00100535218943
232,"rand=1-2_rate=2_ROB=LH_Bias=Rct20_NRE20-35","1-2",2,"LH","Rct20_NRE20-35",0.182321556793955,0.182321556793955,0.182321556793955,0.182321556793955,0.182321556793955,0.300104592450338,0.228142518074502,0.228142518074502,-0.217300408097715,TRUE,0.685315665587751,1.00127430704274,-0.131845851435753,TRUE,0.428798077352995,1.0009979744037,-0.286159669034209,TRUE,0.781783918146092,1.00105264291372,-0.0676530515999501,TRUE,0.581894007528357,1.00098702814072
233,"rand=1-2_rate=2_ROB=LH_Bias=Rct20_NRE20-35","1-2",2,"LH","Rct20_NRE20-35",0.182321556793955,0.182321556793955,0.182321556793955,0.182321556793955,0.182321556793955,0.300104592450338,0.208746360125624,0.208746360125624,-0.245034280149797,FALSE,0.533936638235875,1.00098617787497,-0.322715793423511,FALSE,0.304193863531913,1.0010129670279,-0.332279788210433,TRUE,0.814036620795219,1.00104337300839,-0.322994461468341,FALSE,0.354799812892027,1.00098638788173
234,"rand=1-2_rate=2_ROB=LH_Bias=Rct20_NRE20-35","1-2",2,"LH","Rct20_NRE20-35",0.182321556793955,0.182321556793955,0.182321556793955,0.182321556793955,0.182321556793955,0.300104592450338,0.200165120359362,0.200165120359362,-0.0603247469088792,TRUE,0.514167834982051,1.00098645028727,-0.0716263254583411,TRUE,0.308085131332766,1.00098874053132,-0.0341467688567931,TRUE,0.591906647503373,1.00134572814647,-0.0829031756622463,TRUE,0.406950127767902,1.00099472634682
235,"rand=1-2_rate=2_ROB=LH_Bias=Rct20_NRE20-35","1-2",2,"LH","Rct20_NRE20-35",0.182321556793955,0.182321556793955,0.182321556793955,0.182321556793955,0.182321556793955,0.300104592450338,0.203943710766452,0.203943710766452,-0.146360915141536,TRUE,0.673704899532984,1.00098628164582,-0.187788614531599,TRUE,0.453912159140387,1.00099251420049,-0.250742253666564,TRUE,0.974284526887581,1.00114075904089,-0.159972379159233,TRUE,0.585886191012204,1.00100895804863
236,"rand=1-2_rate=2_ROB=LH_Bias=Rct20_NRE20-35","1-2",2,"LH","Rct20_NRE20-35",0.182321556793955,0.182321556793955,0.182321556793955,0.182321556793955,0.182321556793955,0.300104592450338,0.220398621481157,0.220398621481157,-0.112398488013034,TRUE,0.554755946051168,1.0014175516828,-0.243878953161592,FALSE,0.428851488632668,1.00102466949038,-0.118042605070765,TRUE,0.575047933227665,1.00098626627224,-0.304594702237875,TRUE,0.705834977031124,1.00098656419822
237,"rand=1-2_rate=2_ROB=LH_Bias=Rct20_NRE20-35","1-2",2,"LH","Rct20_NRE20-35",0.182321556793955,0.182321556793955,0.182321556793955,0.182321556793955,0.182321556793955,0.300104592450338,0.207451458017631,0.207451458017631,-0.205594977338018,TRUE,0.670560483066237,1.00103022531522,-0.216641251400103,FALSE,0.429825512974212,1.0009862252366,-0.0954790208894862,TRUE,0.755260007462953,1.00114432188438,-0.26734760208229,FALSE,0.583190963906083,1.00099754619192
238,"rand=1-2_rate=2_ROB=LH_Bias=Rct20_NRE20-35","1-2",2,"LH","Rct20_NRE20-35",0.182321556793955,0.182321556793955,0.182321556793955,0.182321556793955,0.182321556793955,0.300104592450338,0.218587209969097,0.218587209969097,-0.115845799338726,TRUE,0.548568289567326,1.00099316538118,-0.212094351488766,FALSE,0.376730323014693,1.00101884359379,-0.124193662071143,TRUE,0.658319611100206,1.0010232810045,-0.241222567105167,FALSE,0.517882081530619,1.00099526530663
239,"rand=1-2_rate=2_ROB=LH_Bias=Rct20_NRE20-35","1-2",2,"LH","Rct20_NRE20-35",0.182321556793955,0.182321556793955,0.182321556793955,0.182321556793955,0.182321556793955,0.300104592450338,0.222281622787892,0.222281622787892,-0.261298107236814,TRUE,0.697975365297145,1.00098769533952,-0.23635541968319,FALSE,0.412636498965807,1.00100719335188,-0.331455813079331,TRUE,0.969966466907963,1.00106906553805,-0.197990521140976,TRUE,0.491310649271764,1.0009898842166
240,"rand=1-2_rate=2_ROB=LH_Bias=Rct20_NRE20-35","1-2",2,"LH","Rct20_NRE20-35",0.182321556793955,0.182321556793955,0.182321556793955,0.182321556793955,0.182321556793955,0.300104592450338,0.214118274445607,0.214118274445607,-0.342522590305032,FALSE,0.716037606745286,1.00100114227549,-0.357095224347798,FALSE,0.443960999153104,1.00099995718012,-0.379088395832143,TRUE,1.01103507083096,1.00115085189107,-0.347300781929945,FALSE,0.550987198212146,1.00098600377649
241,"rand=1-2_rate=2_ROB=LH_Bias=Rct20_NRE20-35","1-2",2,"LH","Rct20_NRE20-35",0.182321556793955,0.182321556793955,0.182321556793955,0.182321556793955,0.182321556793955,0.300104592450338,0.220166070928857,0.220166070928857,-0.44104661832137,FALSE,0.776281286226863,1.00104030877529,-0.54834716124493,FALSE,0.576585890193578,1.00098822795772,-0.580181030628023,FALSE,0.878046518525806,1.00134474139157,-0.535700339523082,FALSE,0.878040342447985,1.00100760424949
242,"rand=1-2_rate=2_ROB=LH_Bias=Rct20_NRE20-35","1-2",2,"LH","Rct20_NRE20-35",0.182321556793955,0.182321556793955,0.182321556793955,0.182321556793955,0.182321556793955,0.300104592450338,0.208324261564541,0.208324261564541,-0.249032866755393,TRUE,0.818341339456074,1.00099998696493,-0.215971666477172,TRUE,0.525728332657165,1.00101945188867,-0.166047366575699,TRUE,1.08273347795868,1.00098600416255,-0.244116352127174,TRUE,0.700472149733193,1.0010074312242
243,"rand=1-2_rate=2_ROB=LH_Bias=Rct20_NRE20-35","1-2",2,"LH","Rct20_NRE20-35",0.182321556793955,0.182321556793955,0.182321556793955,0.182321556793955,0.182321556793955,0.300104592450338,0.207352690946359,0.207352690946359,0.004379199097029,TRUE,0.560377011661175,1.00098600993604,-0.141244877014374,TRUE,0.41137365072139,1.00104244513751,0.0720300574150229,TRUE,0.522805108157602,1.00143446022036,-0.2413952353477,TRUE,0.628874669158848,1.00100758818355
244,"rand=1-2_rate=2_ROB=LH_Bias=Rct20_NRE20-35","1-2",2,"LH","Rct20_NRE20-35",0.182321556793955,0.182321556793955,0.182321556793955,0.182321556793955,0.182321556793955,0.300104592450338,0.211672446811179,0.211672446811179,-0.342831150419593,FALSE,0.674461486841454,1.00155464078025,-0.390496532503604,FALSE,0.437840908390353,1.00102076775224,-0.308655588197582,TRUE,0.726833465249203,1.00100934985647,-0.418157588309013,FALSE,0.618206566051942,1.00099083459243
245,"rand=1-2_rate=2_ROB=LH_Bias=Rct20_NRE20-35","1-2",2,"LH","Rct20_NRE20-35",0.182321556793955,0.182321556793955,0.182321556793955,0.182321556793955,0.182321556793955,0.300104592450338,0.217818646406579,0.217818646406579,-0.211748729452821,TRUE,0.698740669091122,1.00099610564247,-0.249561896049247,FALSE,0.460833960703352,1.00106649535759,-0.21373895564531,TRUE,0.859133700037007,1.00109164092866,-0.261884494372315,TRUE,0.631927781862401,1.00099160437516
246,"rand=1-2_rate=2_ROB=LH_Bias=Rct20_NRE20-35","1-2",2,"LH","Rct20_NRE20-35",0.182321556793955,0.182321556793955,0.182321556793955,0.182321556793955,0.182321556793955,0.300104592450338,0.207441912520117,0.207441912520117,-0.18062748164372,TRUE,0.673464849715455,1.00100713010647,-0.226935288904776,FALSE,0.457340398722056,1.00098655457924,-0.234830707989317,TRUE,0.82474489068455,1.00099144920106,-0.227563090653243,TRUE,0.634754776042334,1.0009860567245
247,"rand=1-2_rate=2_ROB=LH_Bias=Rct20_NRE20-35","1-2",2,"LH","Rct20_NRE20-35",0.182321556793955,0.182321556793955,0.182321556793955,0.182321556793955,0.182321556793955,0.300104592450338,0.203899956961681,0.203899956961681,-0.0996489713184459,TRUE,0.618475985779065,1.00098612411615,-0.159654001944361,TRUE,0.456627435922539,1.00119259881325,-0.188267923693097,TRUE,0.695160293723114,1.00104654110636,-0.149177413667256,TRUE,0.693848665111469,1.00100509461881
248,"rand=1-2_rate=2_ROB=LH_Bias=Rct20_NRE20-35","1-2",2,"LH","Rct20_NRE20-35",0.182321556793955,0.182321556793955,0.182321556793955,0.182321556793955,0.182321556793955,0.300104592450338,0.202582361593811,0.202582361593811,-0.142042083573441,TRUE,0.592664998952913,1.00108939198332,-0.137978841919372,TRUE,0.36050376464467,1.0010102712258,0.0811630096325396,TRUE,0.598188230129671,1.00105792526266,-0.225513120581063,FALSE,0.463685768727376,1.00100332670569
249,"rand=1-2_rate=2_ROB=LH_Bias=Rct20_NRE20-35","1-2",2,"LH","Rct20_NRE20-35",0.182321556793955,0.182321556793955,0.182321556793955,0.182321556793955,0.182321556793955,0.300104592450338,0.197952904018473,0.197952904018473,-0.295178198802305,TRUE,0.781817185333331,1.0010038380678,-0.218112209997744,TRUE,0.498177981289284,1.00106341043919,-0.423458233830161,FALSE,1.01515977093437,1.00098599382853,-0.127302341696294,TRUE,0.618716875634921,1.00099051662738
250,"rand=1-2_rate=2_ROB=LH_Bias=Rct20_NRE20-35","1-2",2,"LH","Rct20_NRE20-35",0.182321556793955,0.182321556793955,0.182321556793955,0.182321556793955,0.182321556793955,0.300104592450338,0.19021293306421,0.19021293306421,-0.0621058509781163,TRUE,0.497827702334205,1.00098765896916,-0.164777191531822,FALSE,0.350042268548143,1.00099444194642,-0.0771871117250118,TRUE,0.583104670578292,1.00118129664522,-0.195781481873095,TRUE,0.492030394626394,1.00098652018722
251,"rand=1-2_rate=2_ROB=LH_Bias=Rct20_NRE20-35","1-2",2,"LH","Rct20_NRE20-35",0.182321556793955,0.182321556793955,0.182321556793955,0.182321556793955,0.182321556793955,0.300104592450338,0.2186000844173,0.2186000844173,-0.197609127815546,TRUE,0.607783831527823,1.00118253905789,-0.26872636567876,FALSE,0.37675049321561,1.0009910551348,-0.206416355050856,TRUE,0.809181994421556,1.00106219599399,-0.288680228809065,FALSE,0.477458859058629,1.00100924948699
252,"rand=1-2_rate=2_ROB=LH_Bias=Rct20_NRE20-35","1-2",2,"LH","Rct20_NRE20-35",0.182321556793955,0.182321556793955,0.182321556793955,0.182321556793955,0.182321556793955,0.300104592450338,0.229786468910753,0.229786468910753,-0.113193874704672,TRUE,0.568068976038862,1.0009883813546,-0.220675836975845,FALSE,0.393125952417187,1.0009882295177,-0.0532444149568494,TRUE,0.638580527583416,1.00104518974761,-0.287432280183905,FALSE,0.531211221831112,1.00098826354356
253,"rand=1-2_rate=2_ROB=LH_Bias=Rct20_NRE20-35","1-2",2,"LH","Rct20_NRE20-35",0.182321556793955,0.182321556793955,0.182321556793955,0.182321556793955,0.182321556793955,0.300104592450338,0.226426058062204,0.226426058062204,-0.327968873123612,FALSE,0.698744602132869,1.00100140880957,-0.360617641275573,FALSE,0.486432584099995,1.00103228214173,-0.381456279588049,FALSE,0.698937304368883,1.00107042086614,-0.351250748437403,FALSE,0.754220430073869,1.00099969633339
254,"rand=1-2_rate=2_ROB=LH_Bias=Rct20_NRE20-35","1-2",2,"LH","Rct20_NRE20-35",0.182321556793955,0.182321556793955,0.182321556793955,0.182321556793955,0.182321556793955,0.300104592450338,0.222875975434948,0.222875975434948,-0.113935783024057,TRUE,0.529170984085877,1.00140934098587,-0.226761334661386,FALSE,0.351809757327796,1.00105664777298,0.0237957539560368,TRUE,0.553411215554067,1.00140292266091,-0.316931964081816,FALSE,0.464350663088359,1.00098726357456
255,"rand=1-2_rate=2_ROB=LH_Bias=Rct20_NRE20-35","1-2",2,"LH","Rct20_NRE20-35",0.182321556793955,0.182321556793955,0.182321556793955,0.182321556793955,0.182321556793955,0.300104592450338,0.200809434439829,0.200809434439829,-0.150333488336907,TRUE,0.592643230493925,1.00099078467887,-0.188988823836362,FALSE,0.390459210057227,1.00108692200003,-0.23986064230361,TRUE,0.680839398267288,1.00103820230486,-0.174497436434436,TRUE,0.548607045815122,1.00098676097671
256,"rand=1-2_rate=2_ROB=LH_Bias=Rct20_NRE20-35","1-2",2,"LH","Rct20_NRE20-35",0.182321556793955,0.182321556793955,0.182321556793955,0.182321556793955,0.182321556793955,0.300104592450338,0.225048547123543,0.225048547123543,-0.176699744328786,TRUE,0.648951635135042,1.00103383303089,-0.282482852331197,FALSE,0.441762776440842,1.00104452651996,0.0385035238842842,TRUE,0.617712152868541,1.00129505888203,-0.424777883641428,FALSE,0.566300995734733,1.00098834624035
257,"rand=1-2_rate=2_ROB=LH_Bias=Rct20_NRE20-35","1-2",2,"LH","Rct20_NRE20-35",0.182321556793955,0.182321556793955,0.182321556793955,0.182321556793955,0.182321556793955,0.300104592450338,0.209091485621821,0.209091485621821,-0.1135544622906,TRUE,0.528440856162967,1.00103438066316,-0.215301123073378,FALSE,0.36132076007554,1.0010408255229,-0.0308803279267953,TRUE,0.765003788504726,1.00098881201085,-0.273502369014135,FALSE,0.431234722315965,1.00100980382394
258,"rand=1-2_rate=2_ROB=LH_Bias=Rct20_NRE20-35","1-2",2,"LH","Rct20_NRE20-35",0.182321556793955,0.182321556793955,0.182321556793955,0.182321556793955,0.182321556793955,0.300104592450338,0.21639078122781,0.21639078122781,-0.101051503907705,TRUE,0.589230137527575,1.00109056642378,-0.147409405241737,TRUE,0.381902160196162,1.00098622259591,-0.35206228980217,TRUE,0.935161871685041,1.00122377261148,-0.0863520905483424,TRUE,0.44288524488081,1.00099251586278
259,"rand=1-2_rate=2_ROB=LH_Bias=Rct20_NRE20-35","1-2",2,"LH","Rct20_NRE20-35",0.182321556793955,0.182321556793955,0.182321556793955,0.182321556793955,0.182321556793955,0.300104592450338,0.240794146552924,0.240794146552924,-0.301097930555452,TRUE,0.737591200827851,1.00108980440383,-0.371799596798814,FALSE,0.558625461806011,1.0010733080971,-0.405487385593823,FALSE,0.770515196090665,1.00121951009814,-0.356819682167198,TRUE,0.880456707514693,1.00100882572977
260,"rand=1-2_rate=2_ROB=LH_Bias=Rct20_NRE20-35","1-2",2,"LH","Rct20_NRE20-35",0.182321556793955,0.182321556793955,0.182321556793955,0.182321556793955,0.182321556793955,0.300104592450338,0.19363302143673,0.19363302143673,-0.283589559706358,FALSE,0.640840633922322,1.0012145187696,-0.252405527842213,FALSE,0.350189879848351,1.00100316452099,-0.331909816279457,TRUE,0.804976121910596,1.0009917893398,-0.231369541491005,FALSE,0.434159790193767,1.00098609412102
261,"rand=1-2_rate=2_ROB=LH_Bias=Rct20_NRE20-35","1-2",2,"LH","Rct20_NRE20-35",0.182321556793955,0.182321556793955,0.182321556793955,0.182321556793955,0.182321556793955,0.300104592450338,0.211160817718289,0.211160817718289,-0.356149780614224,FALSE,0.69133124698449,1.00098769012622,-0.387455549880151,FALSE,0.453559259861935,1.0010445016768,-0.381818473193084,FALSE,0.772053627362433,1.00103553148018,-0.386464841653492,FALSE,0.646748997145826,1.0010111016982
262,"rand=1-2_rate=2_ROB=LH_Bias=Rct20_NRE20-35","1-2",2,"LH","Rct20_NRE20-35",0.182321556793955,0.182321556793955,0.182321556793955,0.182321556793955,0.182321556793955,0.300104592450338,0.20173750688115,0.20173750688115,-0.203149935115836,TRUE,0.497307880661088,1.00099226299054,-0.316614714655482,FALSE,0.31038352050873,1.00099934720661,-0.155724203589362,TRUE,0.714703537018637,1.00119724338972,-0.34966186702308,FALSE,0.375337682758189,1.00100130348458
263,"rand=1-2_rate=2_ROB=LH_Bias=Rct20_NRE20-35","1-2",2,"LH","Rct20_NRE20-35",0.182321556793955,0.182321556793955,0.182321556793955,0.182321556793955,0.182321556793955,0.300104592450338,0.216694486039022,0.216694486039022,-0.411858642162016,FALSE,0.782364606511662,1.00098599022489,-0.413739339131975,FALSE,0.512827734027601,1.0009952307975,-0.515400621208486,FALSE,0.857586507141684,1.00099197275254,-0.375340848831176,FALSE,0.738392393232731,1.00099939118819
264,"rand=1-2_rate=2_ROB=LH_Bias=Rct20_NRE20-35","1-2",2,"LH","Rct20_NRE20-35",0.182321556793955,0.182321556793955,0.182321556793955,0.182321556793955,0.182321556793955,0.300104592450338,0.228055624283887,0.228055624283887,0.0081385887423352,TRUE,0.541369693370168,1.00116522532389,-0.202495029084259,TRUE,0.466154535278232,1.0010305466575,-0.0459610819238983,TRUE,0.737208852453954,1.00135215143448,-0.273871310338553,TRUE,0.66007127699835,1.00098610551101
265,"rand=1-2_rate=2_ROB=LH_Bias=Rct20_NRE20-35","1-2",2,"LH","Rct20_NRE20-35",0.182321556793955,0.182321556793955,0.182321556793955,0.182321556793955,0.182321556793955,0.300104592450338,0.199311880203782,0.199311880203782,-0.306269938593806,FALSE,0.659335868842353,1.00101917566866,-0.272133967935741,FALSE,0.381848518890952,1.00101187428656,-0.170804211066884,TRUE,0.636419668936819,1.00109342093947,-0.306482408941409,FALSE,0.543289396348695,1.0009905690893
266,"rand=1-2_rate=2_ROB=LH_Bias=Rct20_NRE20-35","1-2",2,"LH","Rct20_NRE20-35",0.182321556793955,0.182321556793955,0.182321556793955,0.182321556793955,0.182321556793955,0.300104592450338,0.217998356656382,0.217998356656382,-0.275950193368558,FALSE,0.631205679378589,1.00103320180992,-0.301023769379359,FALSE,0.388311999107591,1.00101641912526,-0.306027011432406,TRUE,0.801846157971451,1.00098623615151,-0.29935017488538,FALSE,0.501647216443966,1.00102398774875
267,"rand=1-2_rate=2_ROB=LH_Bias=Rct20_NRE20-35","1-2",2,"LH","Rct20_NRE20-35",0.182321556793955,0.182321556793955,0.182321556793955,0.182321556793955,0.182321556793955,0.300104592450338,0.219166010336769,0.219166010336769,-0.111411263509981,TRUE,0.565044500437621,1.00098815140506,-0.338174953622193,FALSE,0.44859612496416,1.00103883729322,-0.15717243002636,TRUE,0.767926165120125,1.00106087672238,-0.415463989367403,FALSE,0.61043172117667,1.00099027959668
268,"rand=1-2_rate=2_ROB=LH_Bias=Rct20_NRE20-35","1-2",2,"LH","Rct20_NRE20-35",0.182321556793955,0.182321556793955,0.182321556793955,0.182321556793955,0.182321556793955,0.300104592450338,0.199436683503115,0.199436683503115,-0.176286315394195,TRUE,0.606167703502374,1.00101915073225,-0.137870968634255,TRUE,0.394079867682305,1.00098995330736,-0.138806593519085,TRUE,0.622633939253135,1.00149718478927,-0.132878630829772,TRUE,0.583680268984312,1.00099021021581
269,"rand=1-2_rate=2_ROB=LH_Bias=Rct20_NRE20-35","1-2",2,"LH","Rct20_NRE20-35",0.182321556793955,0.182321556793955,0.182321556793955,0.182321556793955,0.182321556793955,0.300104592450338,0.212739940921786,0.212739940921786,-0.248112439031662,TRUE,0.643796843634605,1.0009873707907,-0.319030223529551,FALSE,0.434753598309892,1.0010405010593,-0.20800839295229,TRUE,0.794951071069835,1.00102248554404,-0.366013068676227,FALSE,0.584767035456636,1.00106734907488
270,"rand=1-2_rate=2_ROB=LH_Bias=Rct20_NRE20-35","1-2",2,"LH","Rct20_NRE20-35",0.182321556793955,0.182321556793955,0.182321556793955,0.182321556793955,0.182321556793955,0.300104592450338,0.204866212622514,0.204866212622514,-0.355667716504348,FALSE,0.761886744956276,1.00104551030253,-0.296761818332928,FALSE,0.458478421455971,1.00099608182766,-0.123903839644821,TRUE,0.978675294645957,1.00103225233906,-0.37676946735741,FALSE,0.549754068185748,1.00105399202958
271,"rand=1-2_rate=2_ROB=LH_Bias=Rct20_NRE20-35","1-2",2,"LH","Rct20_NRE20-35",0.182321556793955,0.182321556793955,0.182321556793955,0.182321556793955,0.182321556793955,0.300104592450338,0.197990669814584,0.197990669814584,-0.233770230264932,TRUE,0.779830887802367,1.00104075563317,-0.235330756773233,FALSE,0.530737359585269,1.00100338460427,-0.379286675716618,FALSE,0.854804370654703,1.0011012361464,-0.175574295418512,TRUE,0.770020108488105,1.00098883377816
272,"rand=1-2_rate=2_ROB=LH_Bias=Rct20_NRE20-35","1-2",2,"LH","Rct20_NRE20-35",0.182321556793955,0.182321556793955,0.182321556793955,0.182321556793955,0.182321556793955,0.300104592450338,0.216824071222094,0.216824071222094,-0.251965579890746,TRUE,0.70465943381044,1.00098652301931,-0.273133973472602,FALSE,0.45195099114725,1.00100527447583,-0.459137622877989,FALSE,0.932480389774929,1.00099862664845,-0.205021818893791,TRUE,0.56313766878495,1.0009866225833
273,"rand=1-2_rate=2_ROB=LH_Bias=Rct20_NRE20-35","1-2",2,"LH","Rct20_NRE20-35",0.182321556793955,0.182321556793955,0.182321556793955,0.182321556793955,0.182321556793955,0.300104592450338,0.21469519099389,0.21469519099389,-0.212538518405621,TRUE,0.66569799925687,1.00098619188482,-0.243829892672979,FALSE,0.420956253802378,1.00098681600398,-0.190841955896713,TRUE,0.945764773977133,1.00099521682311,-0.266844244497619,FALSE,0.525131975072847,1.00101785769169
274,"rand=1-2_rate=2_ROB=LH_Bias=Rct20_NRE20-35","1-2",2,"LH","Rct20_NRE20-35",0.182321556793955,0.182321556793955,0.182321556793955,0.182321556793955,0.182321556793955,0.300104592450338,0.228120664476619,0.228120664476619,-0.0956421393449158,TRUE,0.637076083007597,1.00098987146865,-0.199084921434749,TRUE,0.475511104701874,1.00100859464167,-0.118766360453921,TRUE,0.859318357633424,1.00102052702843,-0.238617362130703,TRUE,0.662034852278382,1.00098600199851
275,"rand=1-2_rate=2_ROB=LH_Bias=Rct20_NRE20-35","1-2",2,"LH","Rct20_NRE20-35",0.182321556793955,0.182321556793955,0.182321556793955,0.182321556793955,0.182321556793955,0.300104592450338,0.234634026282066,0.234634026282066,-0.535411215230671,FALSE,0.825578895158143,1.00100737747905,-0.414748447314822,FALSE,0.493367194384657,1.00098610539104,-0.319055902805062,TRUE,0.742593487603223,1.00108844821651,-0.460807037297708,FALSE,0.753284825492168,1.0009902681071
276,"rand=1-2_rate=2_ROB=LH_Bias=Rct20_NRE20-35","1-2",2,"LH","Rct20_NRE20-35",0.182321556793955,0.182321556793955,0.182321556793955,0.182321556793955,0.182321556793955,0.300104592450338,0.216865780737221,0.216865780737221,-0.193611760054548,TRUE,0.704631160527386,1.00098925548935,-0.194285887420968,TRUE,0.479884590010018,1.00102798379742,-0.0743501795140378,TRUE,0.76037817016453,1.0010061141464,-0.256341637049934,TRUE,0.702926070379227,1.00098600831425
277,"rand=1-2_rate=2_ROB=LH_Bias=Rct20_NRE20-35","1-2",2,"LH","Rct20_NRE20-35",0.182321556793955,0.182321556793955,0.182321556793955,0.182321556793955,0.182321556793955,0.300104592450338,0.211488475694004,0.211488475694004,-0.132985814965358,TRUE,0.561941734262349,1.00103139024702,-0.206393588147106,FALSE,0.369085536240251,1.00111131010865,-0.0832220644180834,TRUE,0.683626957712947,1.00110116115936,-0.249259518536189,FALSE,0.486736514482056,1.00101554062287
278,"rand=1-2_rate=2_ROB=LH_Bias=Rct20_NRE20-35","1-2",2,"LH","Rct20_NRE20-35",0.182321556793955,0.182321556793955,0.182321556793955,0.182321556793955,0.182321556793955,0.300104592450338,0.225988175991153,0.225988175991153,-0.0570015653904556,TRUE,0.576945222404192,1.00161490178908,-0.191765422948559,TRUE,0.513872641041211,1.00098648009602,-0.0580826699921142,TRUE,0.555098525104445,1.00116102065669,-0.273070536474638,TRUE,0.914638795806209,1.00098687466071
279,"rand=1-2_rate=2_ROB=LH_Bias=Rct20_NRE20-35","1-2",2,"LH","Rct20_NRE20-35",0.182321556793955,0.182321556793955,0.182321556793955,0.182321556793955,0.182321556793955,0.300104592450338,0.202986336770272,0.202986336770272,-0.309781065217674,TRUE,0.711157803655836,1.00103949628395,-0.315111944860226,FALSE,0.475144136814837,1.00099367534197,-0.404423266517187,FALSE,0.856994500025823,1.0012906987824,-0.276780789208946,TRUE,0.65620007756904,1.00099126460389
280,"rand=1-2_rate=2_ROB=LH_Bias=Rct20_NRE20-35","1-2",2,"LH","Rct20_NRE20-35",0.182321556793955,0.182321556793955,0.182321556793955,0.182321556793955,0.182321556793955,0.300104592450338,0.195432936146352,0.195432936146352,-0.290618989849351,TRUE,0.678103656166661,1.00099023305193,-0.336103164469471,FALSE,0.448515368054114,1.00098602023719,-0.234898773419486,TRUE,0.720882007410322,1.00100308108766,-0.375871690294883,FALSE,0.63605693579933,1.00099445027768
281,"rand=1-2_rate=2_ROB=LH_Bias=Rct20_NRE20-35","1-2",2,"LH","Rct20_NRE20-35",0.182321556793955,0.182321556793955,0.182321556793955,0.182321556793955,0.182321556793955,0.300104592450338,0.211055969114885,0.211055969114885,-0.220290282248254,TRUE,0.67687931296221,1.00099491659612,-0.255875474388529,FALSE,0.447158286111214,1.0009936556635,-0.316740516518206,TRUE,0.842488066202106,1.00107202105258,-0.232145457136459,TRUE,0.598561045455027,1.00099914021747
282,"rand=1-2_rate=2_ROB=LH_Bias=Rct20_NRE20-35","1-2",2,"LH","Rct20_NRE20-35",0.182321556793955,0.182321556793955,0.182321556793955,0.182321556793955,0.182321556793955,0.300104592450338,0.230919959003041,0.230919959003041,-0.115095570084361,TRUE,0.613843401356876,1.00103257454462,-0.271627698147833,FALSE,0.475197408394516,1.00100799553433,-0.0882394912584528,TRUE,0.753307235282239,1.00118537876098,-0.357976532961605,FALSE,0.669875789297174,1.00100458707483
283,"rand=1-2_rate=2_ROB=LH_Bias=Rct20_NRE20-35","1-2",2,"LH","Rct20_NRE20-35",0.182321556793955,0.182321556793955,0.182321556793955,0.182321556793955,0.182321556793955,0.300104592450338,0.207258798124721,0.207258798124721,-0.118010185556139,TRUE,0.615323866037767,1.00100355652627,-0.133151806007406,TRUE,0.40315229598126,1.00100833169121,-0.0425011505460509,TRUE,0.703283736509667,1.00098698585179,-0.166450372737785,TRUE,0.556653965670118,1.00098671177288
284,"rand=1-2_rate=2_ROB=LH_Bias=Rct20_NRE20-35","1-2",2,"LH","Rct20_NRE20-35",0.182321556793955,0.182321556793955,0.182321556793955,0.182321556793955,0.182321556793955,0.300104592450338,0.205865061794468,0.205865061794468,-0.104682220248633,TRUE,0.575919773677639,1.00108065721049,-0.129335346257213,TRUE,0.379933202825991,1.00098896612234,-0.12290376541391,TRUE,0.5981905989218,1.00127820329406,-0.13755136384825,TRUE,0.56921426605019,1.00098721704427
285,"rand=1-2_rate=2_ROB=LH_Bias=Rct20_NRE20-35","1-2",2,"LH","Rct20_NRE20-35",0.182321556793955,0.182321556793955,0.182321556793955,0.182321556793955,0.182321556793955,0.300104592450338,0.207833305723756,0.207833305723756,-0.139663672688919,TRUE,0.546607676333955,1.00127012742703,-0.231282170154858,FALSE,0.355028682147139,1.00098719359237,-0.156773468263127,TRUE,0.630908297436846,1.0013861041558,-0.254412840497623,FALSE,0.501252645628137,1.00098675923864
286,"rand=1-2_rate=2_ROB=LH_Bias=Rct20_NRE20-35","1-2",2,"LH","Rct20_NRE20-35",0.182321556793955,0.182321556793955,0.182321556793955,0.182321556793955,0.182321556793955,0.300104592450338,0.219271298702394,0.219271298702394,-0.145697059714051,TRUE,0.578968741394704,1.00119833685044,-0.118374505074304,TRUE,0.33760672533813,1.00111689565715,0.113709135193306,TRUE,0.517022200721801,1.00119317634123,-0.201449381579855,FALSE,0.436687926114353,1.00098646974857
287,"rand=1-2_rate=2_ROB=LH_Bias=Rct20_NRE20-35","1-2",2,"LH","Rct20_NRE20-35",0.182321556793955,0.182321556793955,0.182321556793955,0.182321556793955,0.182321556793955,0.300104592450338,0.201420771149906,0.201420771149906,-0.295173932817533,FALSE,0.568950485146279,1.0011017199663,-0.245028695456699,FALSE,0.304233638868267,1.00110455352211,-0.013768088041288,TRUE,0.661857129929157,1.00116063405584,-0.303376844916721,FALSE,0.342678526892599,1.0010616432466
288,"rand=1-2_rate=2_ROB=LH_Bias=Rct20_NRE20-35","1-2",2,"LH","Rct20_NRE20-35",0.182321556793955,0.182321556793955,0.182321556793955,0.182321556793955,0.182321556793955,0.300104592450338,0.223336792291308,0.223336792291308,-0.0681174457301112,TRUE,0.526659834521708,1.00098619997502,-0.1703480925271,TRUE,0.383429463503041,1.00098931636528,-0.0792522141486161,TRUE,0.635274340156657,1.00100905071026,-0.199606113328432,TRUE,0.543262059713504,1.00098631771089
289,"rand=1-2_rate=2_ROB=LH_Bias=Rct20_NRE20-35","1-2",2,"LH","Rct20_NRE20-35",0.182321556793955,0.182321556793955,0.182321556793955,0.182321556793955,0.182321556793955,0.300104592450338,0.19317823427708,0.19317823427708,0.00456501859192004,TRUE,0.46095593506891,1.00098810999869,-0.104325803922861,TRUE,0.339377086028277,1.00098732867614,-0.150017217996554,TRUE,0.634982636980289,1.00116328100095,-0.0920120413546928,TRUE,0.463369880860212,1.00099268746604
290,"rand=1-2_rate=2_ROB=LH_Bias=Rct20_NRE20-35","1-2",2,"LH","Rct20_NRE20-35",0.182321556793955,0.182321556793955,0.182321556793955,0.182321556793955,0.182321556793955,0.300104592450338,0.202036810165075,0.202036810165075,-0.505557776876353,FALSE,0.804533095575784,1.00100966141925,-0.444877305623996,FALSE,0.461882778378873,1.00098606144933,-0.333968138914686,TRUE,0.803764072762937,1.00114843162844,-0.484941355000319,FALSE,0.63241467057596,1.00102051899131
291,"rand=1-2_rate=2_ROB=LH_Bias=Rct20_NRE20-35","1-2",2,"LH","Rct20_NRE20-35",0.182321556793955,0.182321556793955,0.182321556793955,0.182321556793955,0.182321556793955,0.300104592450338,0.198163779541737,0.198163779541737,-0.123503591586758,TRUE,0.509464247927315,1.00101995987622,-0.133434498194872,TRUE,0.269983400581473,1.00098612964757,0.0292875804718304,TRUE,0.611445949783077,1.00110919489125,-0.165507162720426,FALSE,0.317680582265325,1.00098610712097
292,"rand=1-2_rate=2_ROB=LH_Bias=Rct20_NRE20-35","1-2",2,"LH","Rct20_NRE20-35",0.182321556793955,0.182321556793955,0.182321556793955,0.182321556793955,0.182321556793955,0.300104592450338,0.201867572499406,0.201867572499406,-0.307515841538186,TRUE,0.716364444183599,1.00119044811064,-0.243772609751328,FALSE,0.432627010209274,1.00101262746464,-0.0361372702962646,TRUE,0.568835835147967,1.00174973884593,-0.338086089112523,FALSE,0.647880409342825,1.00099942485667
293,"rand=1-2_rate=2_ROB=LH_Bias=Rct20_NRE20-35","1-2",2,"LH","Rct20_NRE20-35",0.182321556793955,0.182321556793955,0.182321556793955,0.182321556793955,0.182321556793955,0.300104592450338,0.228914077856691,0.228914077856691,-0.240964137441734,TRUE,0.621619023258058,1.00118343497286,-0.267768119194271,FALSE,0.365068961110668,1.00099689607623,-0.249619986540981,TRUE,0.79806134679526,1.00108590476091,-0.271974355201437,FALSE,0.463793418288858,1.00099087189499
294,"rand=1-2_rate=2_ROB=LH_Bias=Rct20_NRE20-35","1-2",2,"LH","Rct20_NRE20-35",0.182321556793955,0.182321556793955,0.182321556793955,0.182321556793955,0.182321556793955,0.300104592450338,0.198856828393973,0.198856828393973,-0.298938596156162,FALSE,0.589602856570564,1.00113998242323,-0.248419193490559,FALSE,0.30776521950659,1.00101531273936,-0.172142232052793,TRUE,0.73138326863133,1.00109461489436,-0.267464016758314,FALSE,0.367090732157542,1.00099062337848
295,"rand=1-2_rate=2_ROB=LH_Bias=Rct20_NRE20-35","1-2",2,"LH","Rct20_NRE20-35",0.182321556793955,0.182321556793955,0.182321556793955,0.182321556793955,0.182321556793955,0.300104592450338,0.209362698848176,0.209362698848176,-0.0728347919540173,TRUE,0.451401310308074,1.00115643143934,-0.213449533005452,FALSE,0.330433661369749,1.0010080267876,-0.123893782620124,TRUE,0.691501307194799,1.00138254256331,-0.238436416571765,FALSE,0.422812734905376,1.00100802384529
296,"rand=1-2_rate=2_ROB=LH_Bias=Rct20_NRE20-35","1-2",2,"LH","Rct20_NRE20-35",0.182321556793955,0.182321556793955,0.182321556793955,0.182321556793955,0.182321556793955,0.300104592450338,0.192047957527374,0.192047957527374,-0.423657991581089,FALSE,0.738468492951086,1.00116316148794,-0.335248017230987,FALSE,0.463575142425091,1.00100776426432,-0.489719027446081,FALSE,0.834130407963484,1.00107433896069,-0.275758975820537,TRUE,0.628176309932269,1.00103014370766
297,"rand=1-2_rate=2_ROB=LH_Bias=Rct20_NRE20-35","1-2",2,"LH","Rct20_NRE20-35",0.182321556793955,0.182321556793955,0.182321556793955,0.182321556793955,0.182321556793955,0.300104592450338,0.206492763535514,0.206492763535514,-0.268303313701456,FALSE,0.583983815106833,1.00100832863076,-0.278707070995404,FALSE,0.331903187440595,1.0009863807333,-0.221456481906294,TRUE,0.649018738548901,1.00102326006806,-0.298339400044541,FALSE,0.43307852540473,1.00102155023018
298,"rand=1-2_rate=2_ROB=LH_Bias=Rct20_NRE20-35","1-2",2,"LH","Rct20_NRE20-35",0.182321556793955,0.182321556793955,0.182321556793955,0.182321556793955,0.182321556793955,0.300104592450338,0.205789687141382,0.205789687141382,-0.374612138885891,FALSE,0.80755370455035,1.00098668980695,-0.399340881825744,FALSE,0.549847961503299,1.00098863857969,-0.467035376092044,FALSE,1.01809854760179,1.0009860249091,-0.364911769271912,FALSE,0.742321127702295,1.00099344289331
299,"rand=1-2_rate=2_ROB=LH_Bias=Rct20_NRE20-35","1-2",2,"LH","Rct20_NRE20-35",0.182321556793955,0.182321556793955,0.182321556793955,0.182321556793955,0.182321556793955,0.300104592450338,0.206402274801269,0.206402274801269,-0.213274518378005,TRUE,0.631201442091075,1.00098952771613,-0.232641571116095,FALSE,0.398686095011086,1.00099916168389,-0.174903645909649,TRUE,0.753872461479891,1.00102972001466,-0.255118073612322,FALSE,0.535270834181149,1.00100302403328
300,"rand=1-2_rate=2_ROB=LH_Bias=Rct20_NRE20-35","1-2",2,"LH","Rct20_NRE20-35",0.182321556793955,0.182321556793955,0.182321556793955,0.182321556793955,0.182321556793955,0.300104592450338,0.203641109756645,0.203641109756645,-0.126691465010733,TRUE,0.527220637529503,1.00098813404362,-0.137086451062432,TRUE,0.30309553095964,1.00098897608,-0.139655266972879,TRUE,0.736493530754892,1.0016524040701,-0.135454657390069,TRUE,0.362326433490539,1.00101891711708
301,"rand=1-2_rate=2_ROB=LH_Bias=Rct20_NRE20-35","1-2",2,"LH","Rct20_NRE20-35",0.182321556793955,0.182321556793955,0.182321556793955,0.182321556793955,0.182321556793955,0.300104592450338,0.207172521305944,0.207172521305944,-0.0399052773807416,TRUE,0.549964481967787,1.00101646459202,-0.108679330991404,TRUE,0.359872768307074,1.00101128011554,-0.112439586948886,TRUE,0.857544353251366,1.00116002482128,-0.109470683450261,TRUE,0.437949442706616,1.00098940286755
302,"rand=1-2_rate=2_ROB=LH_Bias=Rct20_NRE20-35","1-2",2,"LH","Rct20_NRE20-35",0.182321556793955,0.182321556793955,0.182321556793955,0.182321556793955,0.182321556793955,0.300104592450338,0.219079117143687,0.219079117143687,-0.183241617356436,TRUE,0.647059492825921,1.00115890423878,-0.197912767583394,TRUE,0.44207600163913,1.00099487667405,-0.238308320309472,TRUE,0.717587941487556,1.00098677796443,-0.181520807582918,TRUE,0.641405415044687,1.00100487994434
303,"rand=1-2_rate=2_ROB=LH_Bias=Rct20_NRE20-35","1-2",2,"LH","Rct20_NRE20-35",0.182321556793955,0.182321556793955,0.182321556793955,0.182321556793955,0.182321556793955,0.300104592450338,0.214104688727393,0.214104688727393,-0.0774373574414469,TRUE,0.495125781759044,1.00098778822031,-0.074201406484107,TRUE,0.27091731687224,1.00099877546757,-0.169582946354978,TRUE,0.73010271682663,1.00103693918438,-0.0539113752343008,TRUE,0.317284236995063,1.00099142660457
304,"rand=1-2_rate=2_ROB=LH_Bias=Rct20_NRE20-35","1-2",2,"LH","Rct20_NRE20-35",0.182321556793955,0.182321556793955,0.182321556793955,0.182321556793955,0.182321556793955,0.300104592450338,0.215375251903081,0.215375251903081,-0.0834283451683644,TRUE,0.569784887742573,1.00104715240764,-0.171413645568661,TRUE,0.41351205943145,1.00101625387389,-0.185312584254145,TRUE,0.694091765668644,1.00102445779146,-0.163283987906389,TRUE,0.580837351684542,1.00102684876424
305,"rand=1-2_rate=2_ROB=LH_Bias=Rct20_NRE20-35","1-2",2,"LH","Rct20_NRE20-35",0.182321556793955,0.182321556793955,0.182321556793955,0.182321556793955,0.182321556793955,0.300104592450338,0.204230727644289,0.204230727644289,-0.368084145911512,FALSE,0.668660046503035,1.00112010019028,-0.333138745848897,FALSE,0.387216790179792,1.00098616620207,-0.481396286630621,FALSE,0.928719310738966,1.00102005053726,-0.291373611771617,FALSE,0.46721730982841,1.00100246567471
306,"rand=1-2_rate=2_ROB=LH_Bias=Rct20_NRE20-35","1-2",2,"LH","Rct20_NRE20-35",0.182321556793955,0.182321556793955,0.182321556793955,0.182321556793955,0.182321556793955,0.300104592450338,0.197556678306455,0.197556678306455,-0.283848953230423,TRUE,0.649471843189604,1.00100123920776,-0.251823382720149,FALSE,0.391890091769517,1.00100498377584,-0.293893075488049,TRUE,0.836472218855324,1.00101889130503,-0.235198508594356,FALSE,0.50533108875324,1.00100443420588
307,"rand=1-2_rate=2_ROB=LH_Bias=Rct20_NRE20-35","1-2",2,"LH","Rct20_NRE20-35",0.182321556793955,0.182321556793955,0.182321556793955,0.182321556793955,0.182321556793955,0.300104592450338,0.19407457261074,0.19407457261074,-0.304104504490959,FALSE,0.636223983007026,1.00098613022958,-0.331533861719582,FALSE,0.384090522325488,1.00099183821182,-0.121368644940803,TRUE,0.700082713696705,1.00100069476114,-0.402041393419022,FALSE,0.475448727043398,1.00099482876645
308,"rand=1-2_rate=2_ROB=LH_Bias=Rct20_NRE20-35","1-2",2,"LH","Rct20_NRE20-35",0.182321556793955,0.182321556793955,0.182321556793955,0.182321556793955,0.182321556793955,0.300104592450338,0.190878694665901,0.190878694665901,-0.20005681629928,TRUE,0.563082476896937,1.00098919760931,-0.191029653853645,FALSE,0.319204464602675,1.00117234452431,-0.144286909284895,TRUE,0.658106900449794,1.00107990742634,-0.204164734637861,FALSE,0.416090697775409,1.00101520045583
309,"rand=1-2_rate=2_ROB=LH_Bias=Rct20_NRE20-35","1-2",2,"LH","Rct20_NRE20-35",0.182321556793955,0.182321556793955,0.182321556793955,0.182321556793955,0.182321556793955,0.300104592450338,0.204085139351128,0.204085139351128,-0.170104197349055,TRUE,0.654328450581252,1.00144838776382,-0.215445352004801,FALSE,0.456663586860953,1.0010758845575,-0.137786451243274,TRUE,0.719424666003568,1.00113824126826,-0.25966640411478,TRUE,0.671453538635096,1.00098601347063
310,"rand=1-2_rate=2_ROB=LH_Bias=Rct20_NRE20-35","1-2",2,"LH","Rct20_NRE20-35",0.182321556793955,0.182321556793955,0.182321556793955,0.182321556793955,0.182321556793955,0.300104592450338,0.229016656570284,0.229016656570284,-0.129057277252881,TRUE,0.573874962198628,1.00138009684077,-0.262400396161276,FALSE,0.401862943953881,1.00098662168414,-0.210783474036305,TRUE,0.678822656987434,1.00141366446598,-0.277806246642237,FALSE,0.572809060470429,1.00102675017955
311,"rand=1-2_rate=2_ROB=LH_Bias=Rct20_NRE20-35","1-2",2,"LH","Rct20_NRE20-35",0.182321556793955,0.182321556793955,0.182321556793955,0.182321556793955,0.182321556793955,0.300104592450338,0.202352371913098,0.202352371913098,-0.171064196056875,TRUE,0.502554624218709,1.00099964504164,-0.319385657430718,FALSE,0.383484400360511,1.00099806033889,-0.324611114658664,TRUE,0.809575097314939,1.00103174756955,-0.3187403791368,FALSE,0.493122566064828,1.00100423838782
312,"rand=1-2_rate=2_ROB=LH_Bias=Rct20_NRE20-35","1-2",2,"LH","Rct20_NRE20-35",0.182321556793955,0.182321556793955,0.182321556793955,0.182321556793955,0.182321556793955,0.300104592450338,0.210238747022083,0.210238747022083,-0.267122174508116,FALSE,0.605965233455937,1.00121972142768,-0.35419779679555,FALSE,0.416550878836199,1.00102069293012,-0.302719501688207,TRUE,0.716135850550189,1.00098621688157,-0.372489078344286,FALSE,0.587146577459108,1.00098615533951
313,"rand=1-2_rate=2_ROB=LH_Bias=Rct20_NRE20-35","1-2",2,"LH","Rct20_NRE20-35",0.182321556793955,0.182321556793955,0.182321556793955,0.182321556793955,0.182321556793955,0.300104592450338,0.203195752918245,0.203195752918245,-0.164596298253999,TRUE,0.677728471847561,1.00108690017443,-0.129974441765203,TRUE,0.420894699063544,1.0010584727938,-0.277558703955372,TRUE,1.0627227454486,1.0009860290216,-0.0748944977428232,TRUE,0.478701158242974,1.00099598195997
314,"rand=1-2_rate=2_ROB=LH_Bias=Rct20_NRE20-35","1-2",2,"LH","Rct20_NRE20-35",0.182321556793955,0.182321556793955,0.182321556793955,0.182321556793955,0.182321556793955,0.300104592450338,0.218748941254796,0.218748941254796,-0.388441716697075,FALSE,0.802349356610509,1.00098819661143,-0.312500193823455,FALSE,0.479693400251525,1.00099304124189,-0.152252401918118,TRUE,1.1232012342068,1.00098663259616,-0.387111243094739,FALSE,0.546354452653274,1.00098726874474
315,"rand=1-2_rate=2_ROB=LH_Bias=Rct20_NRE20-35","1-2",2,"LH","Rct20_NRE20-35",0.182321556793955,0.182321556793955,0.182321556793955,0.182321556793955,0.182321556793955,0.300104592450338,0.221104841402436,0.221104841402436,-0.398123112049803,FALSE,0.749848608896189,1.0009914601499,-0.344859245442954,FALSE,0.468278928121728,1.00100254759504,-0.385312613053765,FALSE,0.83239775968423,1.00099587715717,-0.329471741027622,FALSE,0.646522899708042,1.00099034684977
316,"rand=1-2_rate=2_ROB=LH_Bias=Rct20_NRE20-35","1-2",2,"LH","Rct20_NRE20-35",0.182321556793955,0.182321556793955,0.182321556793955,0.182321556793955,0.182321556793955,0.300104592450338,0.202593775291409,0.202593775291409,-0.102601094771624,TRUE,0.539189083063396,1.00111464361539,-0.176801961301004,FALSE,0.354386722900535,1.00099882394594,-0.12596747998013,TRUE,0.775593964717955,1.00098925490399,-0.19469294763951,TRUE,0.445331453436269,1.00100845816086
317,"rand=1-2_rate=2_ROB=LH_Bias=Rct20_NRE20-35","1-2",2,"LH","Rct20_NRE20-35",0.182321556793955,0.182321556793955,0.182321556793955,0.182321556793955,0.182321556793955,0.300104592450338,0.228536399590795,0.228536399590795,-0.140253020248696,TRUE,0.575587316599428,1.00109242436937,-0.176825922124712,FALSE,0.354150740837692,1.00098714656211,-0.0094612402433818,TRUE,0.587992351479794,1.00166621149276,-0.236648647918628,FALSE,0.47556415335411,1.00099173600295
318,"rand=1-2_rate=2_ROB=LH_Bias=Rct20_NRE20-35","1-2",2,"LH","Rct20_NRE20-35",0.182321556793955,0.182321556793955,0.182321556793955,0.182321556793955,0.182321556793955,0.300104592450338,0.198074453149165,0.198074453149165,-0.365039287549547,FALSE,0.758951732851481,1.00098599623122,-0.35013115276451,FALSE,0.457661919884035,1.00100314086039,-0.253111237289026,TRUE,0.957166012842509,1.00112992968851,-0.38660701257387,FALSE,0.574874092271244,1.0010268755108
319,"rand=1-2_rate=2_ROB=LH_Bias=Rct20_NRE20-35","1-2",2,"LH","Rct20_NRE20-35",0.182321556793955,0.182321556793955,0.182321556793955,0.182321556793955,0.182321556793955,0.300104592450338,0.215091617153281,0.215091617153281,-0.436007528833555,FALSE,0.653747363203066,1.00099581672462,-0.400931269543957,FALSE,0.359463712384683,1.00099069698825,-0.139255628552268,TRUE,0.669482054145993,1.00103244872422,-0.477538385782069,FALSE,0.424166328659715,1.00106357975851
320,"rand=1-2_rate=2_ROB=LH_Bias=Rct20_NRE20-35","1-2",2,"LH","Rct20_NRE20-35",0.182321556793955,0.182321556793955,0.182321556793955,0.182321556793955,0.182321556793955,0.300104592450338,0.195025659544543,0.195025659544543,-0.183608209859692,TRUE,0.531387395006644,1.00098669951356,-0.232351690396885,FALSE,0.305983745149016,1.00110153789145,-0.135243939495227,TRUE,0.624199783899066,1.00102140626857,-0.256542178168489,FALSE,0.409975845385486,1.00098632385262
321,"rand=1-2_rate=2_ROB=LH_Bias=Rct20_NRE20-35","1-2",2,"LH","Rct20_NRE20-35",0.182321556793955,0.182321556793955,0.182321556793955,0.182321556793955,0.182321556793955,0.300104592450338,0.227566068083481,0.227566068083481,-0.24018895783648,TRUE,0.648392742184757,1.00106733624821,-0.2615942188797,FALSE,0.390096698685422,1.00099720809025,-0.189253090934293,TRUE,0.962787908911454,1.00108107940502,-0.287564163487928,FALSE,0.46946793972162,1.0009999367396
322,"rand=1-2_rate=2_ROB=LH_Bias=Rct20_NRE20-35","1-2",2,"LH","Rct20_NRE20-35",0.182321556793955,0.182321556793955,0.182321556793955,0.182321556793955,0.182321556793955,0.300104592450338,0.213919371077454,0.213919371077454,-0.287198677440478,TRUE,0.658140651968717,1.00100216341729,-0.263480317799245,FALSE,0.39547395409002,1.00108955861313,-0.204243249047872,TRUE,0.794746147634183,1.00101932819245,-0.285348620332387,FALSE,0.510815410908173,1.00099812416512
323,"rand=1-2_rate=2_ROB=LH_Bias=Rct20_NRE20-35","1-2",2,"LH","Rct20_NRE20-35",0.182321556793955,0.182321556793955,0.182321556793955,0.182321556793955,0.182321556793955,0.300104592450338,0.204392524929133,0.204392524929133,-0.244074809217765,TRUE,0.715204255747543,1.0010367738557,-0.225904888431295,FALSE,0.465574603077156,1.00103332263174,-0.300104399676035,TRUE,0.861393727198018,1.00128814779899,-0.191973990832293,TRUE,0.627766764184121,1.00100771719381
324,"rand=1-2_rate=2_ROB=LH_Bias=Rct20_NRE20-35","1-2",2,"LH","Rct20_NRE20-35",0.182321556793955,0.182321556793955,0.182321556793955,0.182321556793955,0.182321556793955,0.300104592450338,0.19776354013771,0.19776354013771,-0.300331255756802,FALSE,0.685460078749319,1.00112669622693,-0.346477577854802,FALSE,0.456121054670984,1.00102252024131,-0.412979395477995,FALSE,0.792192802524293,1.00111549963934,-0.321157416036268,FALSE,0.653429956826105,1.0009967282103
325,"rand=1-2_rate=2_ROB=LH_Bias=Rct20_NRE20-35","1-2",2,"LH","Rct20_NRE20-35",0.182321556793955,0.182321556793955,0.182321556793955,0.182321556793955,0.182321556793955,0.300104592450338,0.221046893040694,0.221046893040694,-0.135789047592231,TRUE,0.614451632823593,1.00098650334287,-0.219373180038228,FALSE,0.377563097475978,1.00098707071451,-0.178224448206891,TRUE,0.93339252110193,1.00100462076886,-0.237475358316751,FALSE,0.445371142931491,1.00098663066883
326,"rand=1-2_rate=2_ROB=LH_Bias=Rct20_NRE20-35","1-2",2,"LH","Rct20_NRE20-35",0.182321556793955,0.182321556793955,0.182321556793955,0.182321556793955,0.182321556793955,0.300104592450338,0.218524336570514,0.218524336570514,-0.0443902230402553,TRUE,0.4694357972791,1.00098636208072,-0.202683217330499,FALSE,0.377946034241361,1.00099363958646,0.0484530566395187,TRUE,0.539963657726189,1.00123788291138,-0.300667620635227,FALSE,0.52321325099006,1.00099283301423
327,"rand=1-2_rate=2_ROB=LH_Bias=Rct20_NRE20-35","1-2",2,"LH","Rct20_NRE20-35",0.182321556793955,0.182321556793955,0.182321556793955,0.182321556793955,0.182321556793955,0.300104592450338,0.209027335880021,0.209027335880021,-0.124206228435717,TRUE,0.585820846841351,1.00098699473552,-0.204628496199976,TRUE,0.435098565663649,1.00109405233288,-0.0749205890124696,TRUE,0.584099114222716,1.00133549078985,-0.272215796453022,TRUE,0.673835531612248,1.00098704769296
328,"rand=1-2_rate=2_ROB=LH_Bias=Rct20_NRE20-35","1-2",2,"LH","Rct20_NRE20-35",0.182321556793955,0.182321556793955,0.182321556793955,0.182321556793955,0.182321556793955,0.300104592450338,0.231015946956885,0.231015946956885,-0.149677303845349,TRUE,0.510586199862928,1.00099118759393,-0.233872811766439,FALSE,0.313854103853665,1.00100889658691,-0.138386881571879,TRUE,0.740458773003014,1.00123767172557,-0.259294800408164,FALSE,0.377399771149399,1.00098948032121
329,"rand=1-2_rate=2_ROB=LH_Bias=Rct20_NRE20-35","1-2",2,"LH","Rct20_NRE20-35",0.182321556793955,0.182321556793955,0.182321556793955,0.182321556793955,0.182321556793955,0.300104592450338,0.196246422808449,0.196246422808449,-0.195869444718576,TRUE,0.53138365799792,1.00098606894654,-0.257442026724606,FALSE,0.325078427261829,1.00112831717347,-0.270788379602161,TRUE,0.775865757374941,1.00098660959302,-0.255224717006731,FALSE,0.39687764164641,1.00102844254626
330,"rand=1-2_rate=2_ROB=LH_Bias=Rct20_NRE20-35","1-2",2,"LH","Rct20_NRE20-35",0.182321556793955,0.182321556793955,0.182321556793955,0.182321556793955,0.182321556793955,0.300104592450338,0.20791948628946,0.20791948628946,-0.147397003879726,TRUE,0.569531210864247,1.00104330143214,-0.305490393114951,FALSE,0.418391789929159,1.0009973616355,-0.23485304124379,TRUE,0.809881079540378,1.00870082271412,-0.328850844298521,FALSE,0.568208349632772,1.00098615835282
331,"rand=1-2_rate=2_ROB=LH_Bias=Rct20_NRE20-35","1-2",2,"LH","Rct20_NRE20-35",0.182321556793955,0.182321556793955,0.182321556793955,0.182321556793955,0.182321556793955,0.300104592450338,0.197894806006863,0.197894806006863,-0.0952281424895711,TRUE,0.60525544075333,1.00099266463727,-0.0968866890343754,TRUE,0.39982466471136,1.00105778114079,-0.0176479020071951,TRUE,0.599114864847339,1.00110333129574,-0.127404259045004,TRUE,0.598126993184209,1.00098854916305
332,"rand=1-2_rate=2_ROB=LH_Bias=Rct20_NRE20-35","1-2",2,"LH","Rct20_NRE20-35",0.182321556793955,0.182321556793955,0.182321556793955,0.182321556793955,0.182321556793955,0.300104592450338,0.201647101935729,0.201647101935729,-0.408874431263628,FALSE,0.698901264839506,1.00109068878161,-0.364462205572014,FALSE,0.397780441443263,1.00100244098411,-0.407871737422921,FALSE,0.860703617940796,1.00106369583389,-0.350918196511578,FALSE,0.499785944444865,1.00109068427805
333,"rand=1-2_rate=2_ROB=LH_Bias=Rct20_NRE20-35","1-2",2,"LH","Rct20_NRE20-35",0.182321556793955,0.182321556793955,0.182321556793955,0.182321556793955,0.182321556793955,0.300104592450338,0.206140920594451,0.206140920594451,-0.367432066342289,FALSE,0.746098312892358,1.00098605140123,-0.335702689533073,FALSE,0.453148684721502,1.00110316574589,-0.173635763637408,TRUE,0.684699532460546,1.00185497430134,-0.407175946187062,FALSE,0.651253423257238,1.00098861298975
334,"rand=1-2_rate=2_ROB=LH_Bias=Rct20_NRE20-35","1-2",2,"LH","Rct20_NRE20-35",0.182321556793955,0.182321556793955,0.182321556793955,0.182321556793955,0.182321556793955,0.300104592450338,0.205060768606595,0.205060768606595,-0.122778609959095,TRUE,0.481247855426899,1.00105325014622,-0.181790392115175,FALSE,0.273073887428473,1.0011699351631,-0.0505328289939542,TRUE,0.608472050927419,1.00099065374038,-0.211684326862821,FALSE,0.328709766036992,1.00101886127196
335,"rand=1-2_rate=2_ROB=LH_Bias=Rct20_NRE20-35","1-2",2,"LH","Rct20_NRE20-35",0.182321556793955,0.182321556793955,0.182321556793955,0.182321556793955,0.182321556793955,0.300104592450338,0.209488169941084,0.209488169941084,-0.216334012183573,TRUE,0.590244016340761,1.00101159693041,-0.227382392161396,FALSE,0.343820286942399,1.00100296422813,-0.282281671818691,TRUE,0.862677428337146,1.00099181390986,-0.209533150733363,FALSE,0.406764597022755,1.00098901282951
336,"rand=1-2_rate=2_ROB=LH_Bias=Rct20_NRE20-35","1-2",2,"LH","Rct20_NRE20-35",0.182321556793955,0.182321556793955,0.182321556793955,0.182321556793955,0.182321556793955,0.300104592450338,0.208127049456363,0.208127049456363,-0.428329564643976,FALSE,0.853335704103698,1.00100766006317,-0.41930383111356,FALSE,0.568695608097114,1.00100089515597,-0.550435312680972,FALSE,1.04560138664808,1.00105184368289,-0.357689542676404,FALSE,0.760752972514604,1.00103017233117
337,"rand=1-2_rate=2_ROB=LH_Bias=Rct20_NRE20-35","1-2",2,"LH","Rct20_NRE20-35",0.182321556793955,0.182321556793955,0.182321556793955,0.182321556793955,0.182321556793955,0.300104592450338,0.202538723748235,0.202538723748235,-0.280443775879275,TRUE,0.684193966730613,1.00100023527542,-0.309631770930632,FALSE,0.461228649715595,1.00117030352163,-0.27516779623409,TRUE,0.73710850168401,1.00098606266963,-0.328479790179206,FALSE,0.670651310326801,1.00099501324877
338,"rand=1-2_rate=2_ROB=LH_Bias=Rct20_NRE20-35","1-2",2,"LH","Rct20_NRE20-35",0.182321556793955,0.182321556793955,0.182321556793955,0.182321556793955,0.182321556793955,0.300104592450338,0.202273152304953,0.202273152304953,-0.128462820898109,TRUE,0.578348113824147,1.00114590031908,-0.2083017630747,FALSE,0.403304685177241,1.000986614495,-0.114769318964311,TRUE,0.593178861803966,1.0018128925454,-0.249473893893049,TRUE,0.624155178754339,1.00098779133324
339,"rand=1-2_rate=2_ROB=LH_Bias=Rct20_NRE20-35","1-2",2,"LH","Rct20_NRE20-35",0.182321556793955,0.182321556793955,0.182321556793955,0.182321556793955,0.182321556793955,0.300104592450338,0.181592908174933,0.181592908174933,-0.267967269331151,TRUE,0.619297601448906,1.00106115944932,-0.178320154011012,FALSE,0.341830064932894,1.00101641567227,-0.282082506702214,TRUE,0.772041770319212,1.00106894307563,-0.146368985223436,TRUE,0.416526140987936,1.00098796209652
340,"rand=1-2_rate=2_ROB=LH_Bias=Rct20_NRE20-35","1-2",2,"LH","Rct20_NRE20-35",0.182321556793955,0.182321556793955,0.182321556793955,0.182321556793955,0.182321556793955,0.300104592450338,0.198831010685497,0.198831010685497,-0.326555209442639,FALSE,0.681486608282545,1.00131888967786,-0.368192602138548,FALSE,0.435206934548783,1.00107635972948,-0.0922760745845657,TRUE,0.591279881219416,1.00123016219296,-0.482417182015197,FALSE,0.606621275761001,1.0010561358175
341,"rand=1-2_rate=2_ROB=LH_Bias=Rct20_NRE20-35","1-2",2,"LH","Rct20_NRE20-35",0.182321556793955,0.182321556793955,0.182321556793955,0.182321556793955,0.182321556793955,0.300104592450338,0.212046111619851,0.212046111619851,-0.0346017402299152,TRUE,0.710784134205144,1.00100641687004,-0.164502820411311,TRUE,0.527729169724774,1.00099025208788,0.17720836570289,TRUE,0.68303233642726,1.00101225493168,-0.399472851140347,FALSE,0.69858347451328,1.00098880632516
342,"rand=1-2_rate=2_ROB=LH_Bias=Rct20_NRE20-35","1-2",2,"LH","Rct20_NRE20-35",0.182321556793955,0.182321556793955,0.182321556793955,0.182321556793955,0.182321556793955,0.300104592450338,0.225844544103952,0.225844544103952,0.0212668939789813,TRUE,0.458349911534279,1.001018740365,-0.151986565542007,TRUE,0.348081409717633,1.00098649515964,-0.214376650973283,TRUE,0.722491027778246,1.00099399403242,-0.129042841206849,TRUE,0.455364563931685,1.00098867174241
343,"rand=1-2_rate=2_ROB=LH_Bias=Rct20_NRE20-35","1-2",2,"LH","Rct20_NRE20-35",0.182321556793955,0.182321556793955,0.182321556793955,0.182321556793955,0.182321556793955,0.300104592450338,0.193017642169295,0.193017642169295,-0.0749990886315612,TRUE,0.516968607260923,1.00120733813739,-0.191015508267042,FALSE,0.356768612504144,1.00099082500004,-0.0815517308446376,TRUE,0.584760464391757,1.00114712442825,-0.227262743836122,TRUE,0.50922578316266,1.0010594718711
344,"rand=1-2_rate=2_ROB=LH_Bias=Rct20_NRE20-35","1-2",2,"LH","Rct20_NRE20-35",0.182321556793955,0.182321556793955,0.182321556793955,0.182321556793955,0.182321556793955,0.300104592450338,0.193298488905127,0.193298488905127,-0.218994324726865,TRUE,0.637018191486575,1.00098626852826,-0.193176839842508,FALSE,0.399839863479515,1.00098871023913,-0.246564653962515,TRUE,0.775797178557162,1.00113047314642,-0.171603804279925,TRUE,0.537047305875689,1.00098670254054
345,"rand=1-2_rate=2_ROB=LH_Bias=Rct20_NRE20-35","1-2",2,"LH","Rct20_NRE20-35",0.182321556793955,0.182321556793955,0.182321556793955,0.182321556793955,0.182321556793955,0.300104592450338,0.209444374497849,0.209444374497849,-0.226961940434651,TRUE,0.559891390985171,1.0009984074983,-0.244017800638209,FALSE,0.298896162869818,1.00100203074381,-0.0854089554926651,TRUE,0.779643158640901,1.0010089410482,-0.286137355089623,FALSE,0.329241841591422,1.00100191078578
346,"rand=1-2_rate=2_ROB=LH_Bias=Rct20_NRE20-35","1-2",2,"LH","Rct20_NRE20-35",0.182321556793955,0.182321556793955,0.182321556793955,0.182321556793955,0.182321556793955,0.300104592450338,0.203520835745376,0.203520835745376,-0.120273264166623,TRUE,0.589387942692722,1.00102304341838,-0.174868679319824,TRUE,0.378014018726976,1.00099816196259,-0.0869579319755651,TRUE,0.924523455309822,1.00103502484597,-0.204528758263399,FALSE,0.442438392532394,1.00098600296078
347,"rand=1-2_rate=2_ROB=LH_Bias=Rct20_NRE20-35","1-2",2,"LH","Rct20_NRE20-35",0.182321556793955,0.182321556793955,0.182321556793955,0.182321556793955,0.182321556793955,0.300104592450338,0.215066524806387,0.215066524806387,-0.332638984247001,FALSE,0.598316304311633,1.00098904881091,-0.346741766530593,FALSE,0.303183943853314,1.00112511676223,-0.238480934203849,TRUE,0.887264538149991,1.00098673285062,-0.369530508580036,FALSE,0.338573274380735,1.00120704623191
348,"rand=1-2_rate=2_ROB=LH_Bias=Rct20_NRE20-35","1-2",2,"LH","Rct20_NRE20-35",0.182321556793955,0.182321556793955,0.182321556793955,0.182321556793955,0.182321556793955,0.300104592450338,0.210865832079146,0.210865832079146,-0.130070287260541,TRUE,0.548288222406724,1.00099535526828,-0.223906125519951,FALSE,0.35747907674303,1.00107109932,-0.00165036036367772,TRUE,0.662069326160046,1.00098639897328,-0.301832751632055,FALSE,0.435620611483551,1.00098742325578
349,"rand=1-2_rate=2_ROB=LH_Bias=Rct20_NRE20-35","1-2",2,"LH","Rct20_NRE20-35",0.182321556793955,0.182321556793955,0.182321556793955,0.182321556793955,0.182321556793955,0.300104592450338,0.203299912151984,0.203299912151984,-0.31618681895007,FALSE,0.717910256623524,1.00099309060324,-0.286740714557566,FALSE,0.446875957600872,1.00098604425262,-0.56381510224803,FALSE,0.955054139214845,1.00101363421465,-0.1869093050312,TRUE,0.531749770088535,1.00105364678124
350,"rand=1-2_rate=2_ROB=LH_Bias=Rct20_NRE20-35","1-2",2,"LH","Rct20_NRE20-35",0.182321556793955,0.182321556793955,0.182321556793955,0.182321556793955,0.182321556793955,0.300104592450338,0.210737839930159,0.210737839930159,-0.21862679148767,TRUE,0.608247049985222,1.0010065690251,-0.274358077246938,FALSE,0.386709449938371,1.00101714790745,-0.233728940226619,TRUE,0.820936836609399,1.00219193743479,-0.287913088221899,FALSE,0.490831140979871,1.00099468340704
351,"rand=1-2_rate=2_ROB=LH_Bias=Rct20_NRE20-35","1-2",2,"LH","Rct20_NRE20-35",0.182321556793955,0.182321556793955,0.182321556793955,0.182321556793955,0.182321556793955,0.300104592450338,0.219816027266707,0.219816027266707,-0.162551476522471,TRUE,0.672605960233841,1.00105288479543,-0.222177954449682,FALSE,0.46968359874598,1.00105161240321,-0.451589234263926,FALSE,0.788752194308759,1.00100310317326,-0.122843756207075,TRUE,0.65039901538412,1.00100677800967
352,"rand=1-2_rate=2_ROB=LH_Bias=Rct20_NRE20-35","1-2",2,"LH","Rct20_NRE20-35",0.182321556793955,0.182321556793955,0.182321556793955,0.182321556793955,0.182321556793955,0.300104592450338,0.199885109794347,0.199885109794347,-0.141485237920278,TRUE,0.593982864553964,1.0010225505215,-0.166535399989555,TRUE,0.377525593712801,1.00104932479215,-0.180684199496269,TRUE,0.845978912309771,1.00106125802556,-0.161792871572026,TRUE,0.467288688176296,1.00106734142358
353,"rand=1-2_rate=2_ROB=LH_Bias=Rct20_NRE20-35","1-2",2,"LH","Rct20_NRE20-35",0.182321556793955,0.182321556793955,0.182321556793955,0.182321556793955,0.182321556793955,0.300104592450338,0.209499093025128,0.209499093025128,0.0142835566248445,TRUE,0.527435799365213,1.0010238652675,-0.0940370546269407,TRUE,0.436609047006407,1.0009999174083,0.0403214019693594,TRUE,0.629399854042911,1.00101055466829,-0.172629144384857,TRUE,0.661580324473331,1.00102670843689
354,"rand=1-2_rate=2_ROB=LH_Bias=Rct20_NRE20-35","1-2",2,"LH","Rct20_NRE20-35",0.182321556793955,0.182321556793955,0.182321556793955,0.182321556793955,0.182321556793955,0.300104592450338,0.209582773402865,0.209582773402865,-0.189940017094341,TRUE,0.669285734503669,1.00099198720611,-0.222297553685068,FALSE,0.430900094626817,1.00098952481711,-0.478518229288534,TRUE,1.24428188459967,1.00099032196299,-0.134014299671147,TRUE,0.439466867552017,1.00107215155087
355,"rand=1-2_rate=2_ROB=LH_Bias=Rct20_NRE20-35","1-2",2,"LH","Rct20_NRE20-35",0.182321556793955,0.182321556793955,0.182321556793955,0.182321556793955,0.182321556793955,0.300104592450338,0.207988956379956,0.207988956379956,-0.264902593744782,TRUE,0.680882968409517,1.00098607050923,-0.298068449712624,FALSE,0.43975532322826,1.00098660859797,-0.0934906556149253,TRUE,0.688462451442498,1.00114746585299,-0.389770564586145,FALSE,0.599768569719764,1.00104206538027
356,"rand=1-2_rate=2_ROB=LH_Bias=Rct20_NRE20-35","1-2",2,"LH","Rct20_NRE20-35",0.182321556793955,0.182321556793955,0.182321556793955,0.182321556793955,0.182321556793955,0.300104592450338,0.207642197420418,0.207642197420418,-0.185656718128141,TRUE,0.592379626474306,1.00110955179536,-0.358354394118939,FALSE,0.491965214167147,1.00098855289041,-0.104247876008808,TRUE,0.61019905696075,1.00113125478033,-0.482727138366768,FALSE,0.776355357986928,1.00100713240241
357,"rand=1-2_rate=2_ROB=LH_Bias=Rct20_NRE20-35","1-2",2,"LH","Rct20_NRE20-35",0.182321556793955,0.182321556793955,0.182321556793955,0.182321556793955,0.182321556793955,0.300104592450338,0.191228254300468,0.191228254300468,-0.283820341277753,TRUE,0.710503014931276,1.00116429029529,-0.437512148839895,FALSE,0.509720718038563,1.00098783783514,-0.337209704591669,TRUE,1.01606294405881,1.00101437306514,-0.478944403130083,FALSE,0.664321066246958,1.00098814607531
358,"rand=1-2_rate=2_ROB=LH_Bias=Rct20_NRE20-35","1-2",2,"LH","Rct20_NRE20-35",0.182321556793955,0.182321556793955,0.182321556793955,0.182321556793955,0.182321556793955,0.300104592450338,0.2136759400011,0.2136759400011,-0.128721967512726,TRUE,0.563714001843561,1.00105044041094,-0.232090275697427,FALSE,0.405426436860668,1.00101713166385,-0.12858348721838,TRUE,0.672840448287458,1.00106032339595,-0.271230228056884,FALSE,0.555961155775565,1.00099288138914
359,"rand=1-2_rate=2_ROB=LH_Bias=Rct20_NRE20-35","1-2",2,"LH","Rct20_NRE20-35",0.182321556793955,0.182321556793955,0.182321556793955,0.182321556793955,0.182321556793955,0.300104592450338,0.220211998145107,0.220211998145107,-0.310506461303215,TRUE,0.772061526542525,1.00102737041772,-0.400089229130397,FALSE,0.607325341346738,1.00100798529723,-0.243274507018259,TRUE,0.76547981969928,1.00106733184353,-0.485840184086538,FALSE,0.971181965296757,1.00099561086958
360,"rand=1-2_rate=2_ROB=LH_Bias=Rct20_NRE20-35","1-2",2,"LH","Rct20_NRE20-35",0.182321556793955,0.182321556793955,0.182321556793955,0.182321556793955,0.182321556793955,0.300104592450338,0.212061597255549,0.212061597255549,-0.168961129379639,TRUE,0.603918627672587,1.00101196914129,-0.112372307212912,TRUE,0.33290005016636,1.00101213193336,-0.0917938636713724,TRUE,0.710644044075094,1.00099403142965,-0.119442952918367,TRUE,0.423961146615435,1.00098920886954
361,"rand=1-2_rate=2_ROB=LH_Bias=Rct20_NRE20-35","1-2",2,"LH","Rct20_NRE20-35",0.182321556793955,0.182321556793955,0.182321556793955,0.182321556793955,0.182321556793955,0.300104592450338,0.198836248409598,0.198836248409598,-0.225303475789001,TRUE,0.697331272731283,1.00102627694401,-0.176714761198798,FALSE,0.407256224837001,1.00100468115167,-0.629104467064689,FALSE,0.993740034457767,1.00104458822124,-0.0395813452366729,TRUE,0.370623599635428,1.00098817681246
362,"rand=1-2_rate=2_ROB=LH_Bias=Rct20_NRE20-35","1-2",2,"LH","Rct20_NRE20-35",0.182321556793955,0.182321556793955,0.182321556793955,0.182321556793955,0.182321556793955,0.300104592450338,0.19593697771711,0.19593697771711,-0.186310152126481,TRUE,0.627429529993166,1.00100803500955,-0.156868611546883,TRUE,0.377779931870897,1.0010274005635,-0.280051723753234,TRUE,0.754873634217627,1.00104680980177,-0.114247462047392,TRUE,0.487713690024758,1.00106187283703
363,"rand=1-2_rate=2_ROB=LH_Bias=Rct20_NRE20-35","1-2",2,"LH","Rct20_NRE20-35",0.182321556793955,0.182321556793955,0.182321556793955,0.182321556793955,0.182321556793955,0.300104592450338,0.210228403179854,0.210228403179854,-0.195633241948221,TRUE,0.635025775475743,1.00099254027824,-0.228716065202117,FALSE,0.392830261695903,1.00098622840932,-0.314155251720347,TRUE,1.06005457611535,1.00099471091599,-0.196076792212688,TRUE,0.444664472705655,1.00102878017334
364,"rand=1-2_rate=2_ROB=LH_Bias=Rct20_NRE20-35","1-2",2,"LH","Rct20_NRE20-35",0.182321556793955,0.182321556793955,0.182321556793955,0.182321556793955,0.182321556793955,0.300104592450338,0.217236221743493,0.217236221743493,-0.1186567138413,TRUE,0.535314451422352,1.00098611435584,-0.157019646064738,FALSE,0.321416678648764,1.00110898884971,-0.163164363028594,TRUE,0.706571975926534,1.00105721214795,-0.154739075638998,TRUE,0.411752358735954,1.00099993748446
365,"rand=1-2_rate=2_ROB=LH_Bias=Rct20_NRE20-35","1-2",2,"LH","Rct20_NRE20-35",0.182321556793955,0.182321556793955,0.182321556793955,0.182321556793955,0.182321556793955,0.300104592450338,0.217913019084205,0.217913019084205,-0.0571056540627608,TRUE,0.487021547395902,1.00102371504058,-0.138733284614727,FALSE,0.310173903040426,1.00104709497785,-0.311431473052505,FALSE,0.713773304929696,1.00102754096743,-0.0935315717279559,TRUE,0.378389663185605,1.00105983078019
366,"rand=1-2_rate=2_ROB=LH_Bias=Rct20_NRE20-35","1-2",2,"LH","Rct20_NRE20-35",0.182321556793955,0.182321556793955,0.182321556793955,0.182321556793955,0.182321556793955,0.300104592450338,0.228007120306086,0.228007120306086,-0.4392935699167,FALSE,0.698772788327497,1.00100630270258,-0.385884412110357,FALSE,0.414641532203298,1.00098626149179,-0.449952113837446,FALSE,0.834021065505341,1.00099162730588,-0.362627900469695,FALSE,0.546882131014524,1.00102243526649
367,"rand=1-2_rate=2_ROB=LH_Bias=Rct20_NRE20-35","1-2",2,"LH","Rct20_NRE20-35",0.182321556793955,0.182321556793955,0.182321556793955,0.182321556793955,0.182321556793955,0.300104592450338,0.204475338944287,0.204475338944287,-0.161142677598518,TRUE,0.695164502930644,1.00114492926655,-0.155192291358982,TRUE,0.431211639378772,1.00098979925609,0.101056782848118,TRUE,0.549502730822174,1.00107337784883,-0.295793842674986,FALSE,0.626702266593095,1.0009909281705
368,"rand=1-2_rate=2_ROB=LH_Bias=Rct20_NRE20-35","1-2",2,"LH","Rct20_NRE20-35",0.182321556793955,0.182321556793955,0.182321556793955,0.182321556793955,0.182321556793955,0.300104592450338,0.205642453341824,0.205642453341824,-0.109642727276315,TRUE,0.604271771901327,1.00102679547796,-0.195257810443222,FALSE,0.386875826519679,1.00098612771941,-0.10988428654283,TRUE,0.802005441626665,1.00100215533672,-0.229897533080222,FALSE,0.495334053606477,1.00100614130742
369,"rand=1-2_rate=2_ROB=LH_Bias=Rct20_NRE20-35","1-2",2,"LH","Rct20_NRE20-35",0.182321556793955,0.182321556793955,0.182321556793955,0.182321556793955,0.182321556793955,0.300104592450338,0.208299088320035,0.208299088320035,-0.175340293334207,TRUE,0.632251254871738,1.00100361983735,-0.10523230043745,TRUE,0.400140168004853,1.00103167397737,-0.208629871669433,TRUE,0.807651891865128,1.0009874677192,-0.0590112730817807,TRUE,0.521681561962147,1.00109106335525
370,"rand=1-2_rate=2_ROB=LH_Bias=Rct20_NRE20-35","1-2",2,"LH","Rct20_NRE20-35",0.182321556793955,0.182321556793955,0.182321556793955,0.182321556793955,0.182321556793955,0.300104592450338,0.221791060811731,0.221791060811731,-0.346675583367577,FALSE,0.709663631783927,1.00114037951288,-0.357405827981012,FALSE,0.490722296096999,1.00102092813322,-0.0973729049218577,TRUE,0.63925191053343,1.00100273002684,-0.491497109207642,FALSE,0.726421905267038,1.00098609582313
371,"rand=1-2_rate=2_ROB=LH_Bias=Rct20_NRE20-35","1-2",2,"LH","Rct20_NRE20-35",0.182321556793955,0.182321556793955,0.182321556793955,0.182321556793955,0.182321556793955,0.300104592450338,0.218591508803562,0.218591508803562,-0.179431560362884,TRUE,0.564920148837494,1.00111315268851,-0.255407430070553,FALSE,0.359349981013669,1.00099179780498,-0.230183214892407,TRUE,0.77566362837015,1.00099758436986,-0.263075191131037,FALSE,0.457176143119549,1.00098637529492
372,"rand=1-2_rate=2_ROB=LH_Bias=Rct20_NRE20-35","1-2",2,"LH","Rct20_NRE20-35",0.182321556793955,0.182321556793955,0.182321556793955,0.182321556793955,0.182321556793955,0.300104592450338,0.20303072268259,0.20303072268259,-0.073985284262349,TRUE,0.726055365415619,1.00102203061742,-0.0983451209987529,TRUE,0.510277302385303,1.00099613535059,-0.0597038922085549,TRUE,0.884551912063825,1.00108737412818,-0.122206768302976,TRUE,0.739132754163646,1.00098905259119
373,"rand=1-2_rate=2_ROB=LH_Bias=Rct20_NRE20-35","1-2",2,"LH","Rct20_NRE20-35",0.182321556793955,0.182321556793955,0.182321556793955,0.182321556793955,0.182321556793955,0.300104592450338,0.221279728207823,0.221279728207823,-0.271864792911456,TRUE,0.611957112873747,1.00101297550192,-0.38684459406364,FALSE,0.390749562843026,1.00103973420115,-0.177996399187167,TRUE,0.65490562599706,1.0011575709957,-0.452718675795855,FALSE,0.519825022462212,1.00099199878425
374,"rand=1-2_rate=2_ROB=LH_Bias=Rct20_NRE20-35","1-2",2,"LH","Rct20_NRE20-35",0.182321556793955,0.182321556793955,0.182321556793955,0.182321556793955,0.182321556793955,0.300104592450338,0.215229871662943,0.215229871662943,-0.184636978490299,TRUE,0.665586845247535,1.00100383725402,-0.224735532399696,FALSE,0.448781378761222,1.00099589328843,-0.301364322013022,TRUE,0.714928234651558,1.00099041384932,-0.199698371995116,TRUE,0.665470193696106,1.00098599007269
375,"rand=1-2_rate=2_ROB=LH_Bias=Rct20_NRE20-35","1-2",2,"LH","Rct20_NRE20-35",0.182321556793955,0.182321556793955,0.182321556793955,0.182321556793955,0.182321556793955,0.300104592450338,0.213478618838186,0.213478618838186,-0.137857789572733,TRUE,0.603598512981074,1.00108868456632,-0.235203054871142,FALSE,0.421240270649546,1.00098658483306,-0.0813864422214543,TRUE,0.655862290264452,1.00130589998531,-0.294978757179211,FALSE,0.600407806883112,1.00099344420937
376,"rand=1-2_rate=2_ROB=LH_Bias=Rct20_NRE20-35","1-2",2,"LH","Rct20_NRE20-35",0.182321556793955,0.182321556793955,0.182321556793955,0.182321556793955,0.182321556793955,0.300104592450338,0.227252777819415,0.227252777819415,-0.118586966519839,TRUE,0.553079238404887,1.00121898913314,-0.155833483928737,TRUE,0.352753420710028,1.0009972043532,-0.108310964433164,TRUE,0.622591601999298,1.00098887302634,-0.174767739076695,TRUE,0.500617006712081,1.00098932870965
377,"rand=1-2_rate=2_ROB=LH_Bias=Rct20_NRE20-35","1-2",2,"LH","Rct20_NRE20-35",0.182321556793955,0.182321556793955,0.182321556793955,0.182321556793955,0.182321556793955,0.300104592450338,0.19787257518504,0.19787257518504,-0.322730916357665,FALSE,0.728252429992488,1.00114296606354,-0.22288002271375,FALSE,0.439108602096016,1.00100404040542,-0.315748049180443,TRUE,0.962799373997073,1.00120773460812,-0.189654648909044,TRUE,0.552800064338839,1.00101205823283
378,"rand=1-2_rate=2_ROB=LH_Bias=Rct20_NRE20-35","1-2",2,"LH","Rct20_NRE20-35",0.182321556793955,0.182321556793955,0.182321556793955,0.182321556793955,0.182321556793955,0.300104592450338,0.190277240246523,0.190277240246523,-0.0805393140761008,TRUE,0.632564341404644,1.00100679175041,-0.191113960119208,TRUE,0.492526218580734,1.00098871946906,-0.0168531475626683,TRUE,0.866480310516087,1.00110503472535,-0.289080842795232,TRUE,0.662838869710998,1.00098654315922
379,"rand=1-2_rate=2_ROB=LH_Bias=Rct20_NRE20-35","1-2",2,"LH","Rct20_NRE20-35",0.182321556793955,0.182321556793955,0.182321556793955,0.182321556793955,0.182321556793955,0.300104592450338,0.204350530535168,0.204350530535168,-0.346145840283014,FALSE,0.702228123608795,1.00116795456307,-0.451939384745869,FALSE,0.497055183097341,1.00102614097581,-0.383058643993022,TRUE,0.899677988744776,1.00104744763771,-0.481392835083514,FALSE,0.680029388991056,1.00099341927622
380,"rand=1-2_rate=2_ROB=LH_Bias=Rct20_NRE20-35","1-2",2,"LH","Rct20_NRE20-35",0.182321556793955,0.182321556793955,0.182321556793955,0.182321556793955,0.182321556793955,0.300104592450338,0.226105853457642,0.226105853457642,-0.195193511785242,TRUE,0.610899593680342,1.00099855762079,-0.228417343534686,FALSE,0.374898077925909,1.00099616075937,0.0141554545473395,TRUE,0.737664517998522,1.00102987285058,-0.323371591873374,FALSE,0.43037617013785,1.00098872644551
381,"rand=1-2_rate=2_ROB=LH_Bias=Rct20_NRE20-35","1-2",2,"LH","Rct20_NRE20-35",0.182321556793955,0.182321556793955,0.182321556793955,0.182321556793955,0.182321556793955,0.300104592450338,0.203955229729325,0.203955229729325,-0.151858896441424,TRUE,0.5237066991651,1.0009909804154,-0.268295068191637,FALSE,0.366112539009267,1.00100151194118,-0.0711628493388496,TRUE,0.773724380958698,1.00115475808124,-0.332388366242652,FALSE,0.444620140182313,1.00098715795162
382,"rand=1-2_rate=2_ROB=LH_Bias=Rct20_NRE20-35","1-2",2,"LH","Rct20_NRE20-35",0.182321556793955,0.182321556793955,0.182321556793955,0.182321556793955,0.182321556793955,0.300104592450338,0.216939429765263,0.216939429765263,-0.418194072018854,FALSE,0.717291305241917,1.00101073948217,-0.263837646405437,FALSE,0.470327419587468,1.00108861638163,-0.497193265946192,FALSE,0.887145092372827,1.00122502593241,-0.173794158945471,TRUE,0.607857005537447,1.00098895524672
383,"rand=1-2_rate=2_ROB=LH_Bias=Rct20_NRE20-35","1-2",2,"LH","Rct20_NRE20-35",0.182321556793955,0.182321556793955,0.182321556793955,0.182321556793955,0.182321556793955,0.300104592450338,0.212378676123821,0.212378676123821,-0.335941217417635,FALSE,0.735175826502151,1.00098623842107,-0.4264062503159,FALSE,0.48484176549888,1.00099569130616,-0.21352562807211,TRUE,0.786370644683802,1.00139978775005,-0.517179214196458,FALSE,0.659714124069279,1.00098599682606
384,"rand=1-2_rate=2_ROB=LH_Bias=Rct20_NRE20-35","1-2",2,"LH","Rct20_NRE20-35",0.182321556793955,0.182321556793955,0.182321556793955,0.182321556793955,0.182321556793955,0.300104592450338,0.20798479947061,0.20798479947061,-0.306398592373234,FALSE,0.661912257057443,1.00103503394732,-0.339754783026782,FALSE,0.422530208195481,1.00113310250274,-0.240259712471504,TRUE,0.693359403213853,1.00098644794738,-0.382296443958399,FALSE,0.607678175812039,1.00098807205064
385,"rand=1-2_rate=2_ROB=LH_Bias=Rct20_NRE20-35","1-2",2,"LH","Rct20_NRE20-35",0.182321556793955,0.182321556793955,0.182321556793955,0.182321556793955,0.182321556793955,0.300104592450338,0.197113113415579,0.197113113415579,-0.0857876509713273,TRUE,0.540753216410568,1.00098745925637,-0.235739350629807,FALSE,0.443410214335413,1.00099820135814,0.00536039368854702,TRUE,0.63572599711184,1.00143683919567,-0.353655297522397,FALSE,0.617150197812378,1.00104614501578
386,"rand=1-2_rate=2_ROB=LH_Bias=Rct20_NRE20-35","1-2",2,"LH","Rct20_NRE20-35",0.182321556793955,0.182321556793955,0.182321556793955,0.182321556793955,0.182321556793955,0.300104592450338,0.211557630018144,0.211557630018144,-0.221519139519885,TRUE,0.494173243938287,1.00120258850791,-0.244208789230788,FALSE,0.239861814028627,1.0010112637106,-0.376376281849664,TRUE,0.961110051486954,1.00098608546436,-0.22691291211633,FALSE,0.244318533828076,1.00105358958199
387,"rand=1-2_rate=2_ROB=LH_Bias=Rct20_NRE20-35","1-2",2,"LH","Rct20_NRE20-35",0.182321556793955,0.182321556793955,0.182321556793955,0.182321556793955,0.182321556793955,0.300104592450338,0.214355478436607,0.214355478436607,-0.0559838612600918,TRUE,0.586998528517988,1.00111545633829,-0.160250038722184,TRUE,0.429714993526592,1.00100743201031,0.0194121368503641,TRUE,0.756429649350662,1.00099865944354,-0.239747294209182,TRUE,0.566224728994673,1.00100617277898
388,"rand=1-2_rate=2_ROB=LH_Bias=Rct20_NRE20-35","1-2",2,"LH","Rct20_NRE20-35",0.182321556793955,0.182321556793955,0.182321556793955,0.182321556793955,0.182321556793955,0.300104592450338,0.211257344892579,0.211257344892579,-0.39007834764701,FALSE,0.663134459901606,1.00128968974061,-0.287564837616169,FALSE,0.391203461771407,1.0009871758361,-0.391075454990721,FALSE,0.768100643864938,1.00139265939326,-0.254181000126829,FALSE,0.52747396887899,1.00099763914464
389,"rand=1-2_rate=2_ROB=LH_Bias=Rct20_NRE20-35","1-2",2,"LH","Rct20_NRE20-35",0.182321556793955,0.182321556793955,0.182321556793955,0.182321556793955,0.182321556793955,0.300104592450338,0.204690481557457,0.204690481557457,-0.389148858001096,FALSE,0.755361718429582,1.00108145038914,-0.459745680875824,FALSE,0.517366483147212,1.001057987058,-0.39704677156978,FALSE,0.785449326491496,1.00116181081384,-0.475822855202437,FALSE,0.780473688930611,1.00099229477008
390,"rand=1-2_rate=2_ROB=LH_Bias=Rct20_NRE20-35","1-2",2,"LH","Rct20_NRE20-35",0.182321556793955,0.182321556793955,0.182321556793955,0.182321556793955,0.182321556793955,0.300104592450338,0.200508743965399,0.200508743965399,-0.34188148019428,FALSE,0.704250393582938,1.00111345561514,-0.373571720514065,FALSE,0.481593220215178,1.00099977227105,-0.279792309880885,TRUE,0.671212899177328,1.00158165201196,-0.417124959968802,FALSE,0.770923526516059,1.0009902876228
391,"rand=1-2_rate=2_ROB=LH_Bias=Rct20_NRE20-35","1-2",2,"LH","Rct20_NRE20-35",0.182321556793955,0.182321556793955,0.182321556793955,0.182321556793955,0.182321556793955,0.300104592450338,0.22873184635153,0.22873184635153,-0.235127666664524,TRUE,0.685167047668905,1.00099927484538,-0.267787771110312,FALSE,0.441478605223347,1.00108456960447,-0.177998314308704,TRUE,0.816368111112909,1.00098665858861,-0.309166313858289,FALSE,0.594605166540866,1.00098823703913
392,"rand=1-2_rate=2_ROB=LH_Bias=Rct20_NRE20-35","1-2",2,"LH","Rct20_NRE20-35",0.182321556793955,0.182321556793955,0.182321556793955,0.182321556793955,0.182321556793955,0.300104592450338,0.216169547178658,0.216169547178658,-0.256579859587253,TRUE,0.60899692814445,1.00101868489048,-0.346623961019103,FALSE,0.418353242143381,1.00098931452416,-0.325683647712246,FALSE,0.720820817112289,1.00105511312561,-0.358429964023396,FALSE,0.594979105248274,1.00099112885037
393,"rand=1-2_rate=2_ROB=LH_Bias=Rct20_NRE20-35","1-2",2,"LH","Rct20_NRE20-35",0.182321556793955,0.182321556793955,0.182321556793955,0.182321556793955,0.182321556793955,0.300104592450338,0.206566090340052,0.206566090340052,-0.379429416219027,FALSE,0.614274733584869,1.00101477868518,-0.303377992830504,FALSE,0.328185488674724,1.00099167927546,-0.0582133173437134,TRUE,0.657287173049421,1.00163626644702,-0.374590293659002,FALSE,0.366225896316518,1.00098682075331
394,"rand=1-2_rate=2_ROB=LH_Bias=Rct20_NRE20-35","1-2",2,"LH","Rct20_NRE20-35",0.182321556793955,0.182321556793955,0.182321556793955,0.182321556793955,0.182321556793955,0.300104592450338,0.214145480771671,0.214145480771671,-0.223201902433773,TRUE,0.64943066976892,1.00099537694343,-0.191229441407294,FALSE,0.393566402942258,1.00100737837507,-0.0140803488740908,TRUE,0.629408694829148,1.00112368467608,-0.256742315967626,FALSE,0.539489449147209,1.00104667525765
395,"rand=1-2_rate=2_ROB=LH_Bias=Rct20_NRE20-35","1-2",2,"LH","Rct20_NRE20-35",0.182321556793955,0.182321556793955,0.182321556793955,0.182321556793955,0.182321556793955,0.300104592450338,0.217278014958837,0.217278014958837,-0.0535798855992791,TRUE,0.634582598468248,1.00109658467503,-0.100333315107717,TRUE,0.4501833194449,1.00100478770682,-0.0172893067198128,TRUE,0.734986983781282,1.00099000270206,-0.153734943187636,TRUE,0.649084476302508,1.00103177907915
396,"rand=1-2_rate=2_ROB=LH_Bias=Rct20_NRE20-35","1-2",2,"LH","Rct20_NRE20-35",0.182321556793955,0.182321556793955,0.182321556793955,0.182321556793955,0.182321556793955,0.300104592450338,0.233092723066178,0.233092723066178,-0.419365805275303,FALSE,0.787136172495989,1.00099960728801,-0.4285800971997,FALSE,0.530991224867661,1.00099044898875,-0.360089689669382,FALSE,0.802794532593877,1.00101613114831,-0.452445086083037,FALSE,0.785342305608303,1.00099174741954
397,"rand=1-2_rate=2_ROB=LH_Bias=Rct20_NRE20-35","1-2",2,"LH","Rct20_NRE20-35",0.182321556793955,0.182321556793955,0.182321556793955,0.182321556793955,0.182321556793955,0.300104592450338,0.228860186957274,0.228860186957274,-0.541540979318692,FALSE,0.804883889829527,1.00103529923212,-0.415401069873998,FALSE,0.473535996273544,1.00100574403682,-0.160141438738334,TRUE,0.993149248545408,1.00099705859577,-0.519960241330563,FALSE,0.544199920500847,1.00102853664822
398,"rand=1-2_rate=2_ROB=LH_Bias=Rct20_NRE20-35","1-2",2,"LH","Rct20_NRE20-35",0.182321556793955,0.182321556793955,0.182321556793955,0.182321556793955,0.182321556793955,0.300104592450338,0.220531574215679,0.220531574215679,-0.143127066681085,TRUE,0.634183597593298,1.00098779599682,-0.197521245706547,FALSE,0.42479645240539,1.00100192957207,-0.281313279858733,TRUE,1.03141931470817,1.00100733423599,-0.169551708503803,TRUE,0.508935945145382,1.00098615999489
399,"rand=1-2_rate=2_ROB=LH_Bias=Rct20_NRE20-35","1-2",2,"LH","Rct20_NRE20-35",0.182321556793955,0.182321556793955,0.182321556793955,0.182321556793955,0.182321556793955,0.300104592450338,0.210807140389424,0.210807140389424,-0.325288472909963,FALSE,0.692955953166139,1.00105927044653,-0.362339794905529,FALSE,0.467640609722064,1.00099003793912,-0.239691059133733,TRUE,0.6734853519349,1.00129232872105,-0.404839909569587,FALSE,0.696322071041603,1.00098665407627
400,"rand=1-2_rate=2_ROB=LH_Bias=Rct20_NRE20-35","1-2",2,"LH","Rct20_NRE20-35",0.182321556793955,0.182321556793955,0.182321556793955,0.182321556793955,0.182321556793955,0.300104592450338,0.223069597830743,0.223069597830743,-0.283329205891713,TRUE,0.65653599612824,1.00129124084011,-0.228923746232846,FALSE,0.424366709026089,1.00098976476544,-0.28510465367289,TRUE,0.692812896583957,1.00098718294622,-0.203104126546287,TRUE,0.616952888894907,1.00099552938728
401,"rand=1-2_rate=2_ROB=LH_Bias=Rct20_NRE20-35","1-2",2,"LH","Rct20_NRE20-35",0.182321556793955,0.182321556793955,0.182321556793955,0.182321556793955,0.182321556793955,0.300104592450338,0.211744308205047,0.211744308205047,-0.313451490044448,FALSE,0.638127450232227,1.00099742116447,-0.351895555079478,FALSE,0.401644130744726,1.00099622815337,-0.259814689901533,TRUE,0.72676981663002,1.00101047809494,-0.387311318353248,FALSE,0.546190212088654,1.00100212501797
402,"rand=1-2_rate=2_ROB=LH_Bias=Rct20_NRE20-35","1-2",2,"LH","Rct20_NRE20-35",0.182321556793955,0.182321556793955,0.182321556793955,0.182321556793955,0.182321556793955,0.300104592450338,0.206552562030318,0.206552562030318,-0.199411909490741,TRUE,0.56672206345976,1.00101545185908,-0.301182249294538,FALSE,0.383438030390209,1.00100548634888,-0.17723865260462,TRUE,0.782337857676811,1.00102936619694,-0.345586817950047,FALSE,0.486484064805137,1.00098599370117
403,"rand=1-2_rate=2_ROB=LH_Bias=Rct20_NRE20-35","1-2",2,"LH","Rct20_NRE20-35",0.182321556793955,0.182321556793955,0.182321556793955,0.182321556793955,0.182321556793955,0.300104592450338,0.193908525497648,0.193908525497648,-0.47233820750268,FALSE,0.719930323268555,1.00098729760729,-0.467828515140478,FALSE,0.415237049644104,1.00098832723852,-0.455941404002269,FALSE,0.972411326334322,1.00112004098279,-0.471666724438868,FALSE,0.510417743433389,1.00098959042396
404,"rand=1-2_rate=2_ROB=LH_Bias=Rct20_NRE20-35","1-2",2,"LH","Rct20_NRE20-35",0.182321556793955,0.182321556793955,0.182321556793955,0.182321556793955,0.182321556793955,0.300104592450338,0.219984657107456,0.219984657107456,-0.252452748047604,TRUE,0.841904694093779,1.0012155121488,-0.241148100664732,TRUE,0.565881825954359,1.00099183041773,-0.399115160970897,FALSE,0.94257427511324,1.00109789015495,-0.167264444968282,TRUE,0.804354724663924,1.00101009826208
405,"rand=1-2_rate=2_ROB=LH_Bias=Rct20_NRE20-35","1-2",2,"LH","Rct20_NRE20-35",0.182321556793955,0.182321556793955,0.182321556793955,0.182321556793955,0.182321556793955,0.300104592450338,0.217581359255739,0.217581359255739,-0.197566996195208,TRUE,0.583919178302486,1.00098631906273,-0.114533381748501,TRUE,0.349510265762938,1.00100487644557,-0.0374781366188714,TRUE,0.620584410534997,1.0011776541217,-0.143847951381837,TRUE,0.474356361032881,1.00098613499554
406,"rand=1-2_rate=2_ROB=LH_Bias=Rct20_NRE20-35","1-2",2,"LH","Rct20_NRE20-35",0.182321556793955,0.182321556793955,0.182321556793955,0.182321556793955,0.182321556793955,0.300104592450338,0.212221850694888,0.212221850694888,-0.248286510320755,TRUE,0.822382130045468,1.00100707932166,-0.328237131318123,FALSE,0.585011543667318,1.00103739418435,-0.575940787279819,FALSE,1.05017100868102,1.00102514627485,-0.221680457755102,TRUE,0.765447168424161,1.0009981362672
407,"rand=1-2_rate=2_ROB=LH_Bias=Rct20_NRE20-35","1-2",2,"LH","Rct20_NRE20-35",0.182321556793955,0.182321556793955,0.182321556793955,0.182321556793955,0.182321556793955,0.300104592450338,0.219061809231113,0.219061809231113,-0.204208375103477,TRUE,0.644248188092011,1.00099609723815,-0.247546624296487,FALSE,0.415062100624609,1.00098646622723,-0.343165090299248,TRUE,0.871362278101779,1.00128990237344,-0.215541163993079,TRUE,0.524384312859534,1.00101896165667
408,"rand=1-2_rate=2_ROB=LH_Bias=Rct20_NRE20-35","1-2",2,"LH","Rct20_NRE20-35",0.182321556793955,0.182321556793955,0.182321556793955,0.182321556793955,0.182321556793955,0.300104592450338,0.220561994461128,0.220561994461128,-0.0807049755029101,TRUE,0.549857835004919,1.0013153320469,-0.065976960047905,TRUE,0.339471127859219,1.00098741629966,-0.180606592480827,TRUE,0.683348239681862,1.00101042588989,-0.0301684930464574,TRUE,0.441354106432196,1.00100043219089
409,"rand=1-2_rate=2_ROB=LH_Bias=Rct20_NRE20-35","1-2",2,"LH","Rct20_NRE20-35",0.182321556793955,0.182321556793955,0.182321556793955,0.182321556793955,0.182321556793955,0.300104592450338,0.209202496762525,0.209202496762525,-0.0529600215196555,TRUE,0.551318010162044,1.00098622823774,-0.174178768807108,TRUE,0.415067489900002,1.00099005507367,-0.105173840291364,TRUE,0.619138198620077,1.0010467382468,-0.19839479406027,TRUE,0.631171896589985,1.00099641521558
410,"rand=1-2_rate=2_ROB=LH_Bias=Rct20_NRE20-35","1-2",2,"LH","Rct20_NRE20-35",0.182321556793955,0.182321556793955,0.182321556793955,0.182321556793955,0.182321556793955,0.300104592450338,0.226917000368219,0.226917000368219,-0.351187999672539,FALSE,0.638829615931395,1.00099547758055,-0.44217780891045,FALSE,0.382278776919879,1.00101764636482,-0.174157078331789,TRUE,0.819269299830625,1.0009888625672,-0.513934063817412,FALSE,0.441045650795007,1.00099077416038
411,"rand=1-2_rate=2_ROB=LH_Bias=Rct20_NRE20-35","1-2",2,"LH","Rct20_NRE20-35",0.182321556793955,0.182321556793955,0.182321556793955,0.182321556793955,0.182321556793955,0.300104592450338,0.194334308220091,0.194334308220091,-0.217264208874193,TRUE,0.677569477727964,1.00113789127749,-0.280835438191576,FALSE,0.474684466031582,1.00099220574157,-0.0084318109023569,TRUE,0.677734748591717,1.00101400359736,-0.413882900406991,FALSE,0.659117781187966,1.0009892403199
412,"rand=1-2_rate=2_ROB=LH_Bias=Rct20_NRE20-35","1-2",2,"LH","Rct20_NRE20-35",0.182321556793955,0.182321556793955,0.182321556793955,0.182321556793955,0.182321556793955,0.300104592450338,0.222404262557542,0.222404262557542,-0.19968776429705,TRUE,0.571776722637065,1.0010266398527,-0.220610324686549,FALSE,0.336614406194188,1.00099142588394,-0.259730091949222,TRUE,0.770132771915841,1.00110957742765,-0.208050407010006,FALSE,0.423386559925138,1.00098743217214
413,"rand=1-2_rate=2_ROB=LH_Bias=Rct20_NRE20-35","1-2",2,"LH","Rct20_NRE20-35",0.182321556793955,0.182321556793955,0.182321556793955,0.182321556793955,0.182321556793955,0.300104592450338,0.225071014091686,0.225071014091686,0.013346606565769,TRUE,0.534344198244699,1.00098977412304,-0.167971373527812,TRUE,0.452604987227028,1.00098610205639,-0.230844941060051,TRUE,0.753629497042788,1.00107122712194,-0.132722699592419,TRUE,0.640262866829934,1.00101780833776
414,"rand=1-2_rate=2_ROB=LH_Bias=Rct20_NRE20-35","1-2",2,"LH","Rct20_NRE20-35",0.182321556793955,0.182321556793955,0.182321556793955,0.182321556793955,0.182321556793955,0.300104592450338,0.20673032685546,0.20673032685546,-0.254318340499907,TRUE,0.64639440795791,1.00110153617529,-0.326013238962191,FALSE,0.421383283400735,1.00099698582644,-0.169893649824948,TRUE,0.789765523402244,1.00103280214149,-0.385979636110585,FALSE,0.542730701574442,1.00098646467654
415,"rand=1-2_rate=2_ROB=LH_Bias=Rct20_NRE20-35","1-2",2,"LH","Rct20_NRE20-35",0.182321556793955,0.182321556793955,0.182321556793955,0.182321556793955,0.182321556793955,0.300104592450338,0.23442163369622,0.23442163369622,-0.0257088037705595,TRUE,0.57309755222648,1.0011357980526,-0.133750019638014,TRUE,0.401350839629981,1.00105341705722,0.0170770847777394,TRUE,0.81306147611478,1.00103587054383,-0.197559370800579,TRUE,0.501918811438589,1.00101537622494
416,"rand=1-2_rate=2_ROB=LH_Bias=Rct20_NRE20-35","1-2",2,"LH","Rct20_NRE20-35",0.182321556793955,0.182321556793955,0.182321556793955,0.182321556793955,0.182321556793955,0.300104592450338,0.220316034840672,0.220316034840672,-0.273519842636401,TRUE,0.69059734127062,1.00102848018479,-0.373192102908023,FALSE,0.489137798028118,1.00098627773238,-0.374386845418784,FALSE,0.794861806876898,1.00098866665035,-0.375480542141435,FALSE,0.700663109340634,1.00106453931018
417,"rand=1-2_rate=2_ROB=LH_Bias=Rct20_NRE20-35","1-2",2,"LH","Rct20_NRE20-35",0.182321556793955,0.182321556793955,0.182321556793955,0.182321556793955,0.182321556793955,0.300104592450338,0.231008847246469,0.231008847246469,-0.140754692854098,TRUE,0.563219869425495,1.00099485629884,-0.219120377044685,FALSE,0.376742047062644,1.00100366856995,-0.104367214885967,TRUE,0.642081504076933,1.00108124818681,-0.260151175220844,FALSE,0.526262793355703,1.0010842746349
418,"rand=1-2_rate=2_ROB=LH_Bias=Rct20_NRE20-35","1-2",2,"LH","Rct20_NRE20-35",0.182321556793955,0.182321556793955,0.182321556793955,0.182321556793955,0.182321556793955,0.300104592450338,0.196028917035001,0.196028917035001,-0.222713816428843,TRUE,0.642274127296148,1.00107448742229,-0.181591640888971,FALSE,0.398414277965565,1.00100514540851,-0.318453138019911,TRUE,0.799129151101729,1.00109070544255,-0.132060664764159,TRUE,0.513056020588238,1.0009875672287
419,"rand=1-2_rate=2_ROB=LH_Bias=Rct20_NRE20-35","1-2",2,"LH","Rct20_NRE20-35",0.182321556793955,0.182321556793955,0.182321556793955,0.182321556793955,0.182321556793955,0.300104592450338,0.220857125185306,0.220857125185306,-0.161154993029185,TRUE,0.538474572477366,1.0009866906891,-0.25638017440576,FALSE,0.334792337548349,1.00124413603535,-0.121458202926552,TRUE,0.650838040386595,1.00122632142174,-0.294591500389559,FALSE,0.432234825306908,1.00101441983615
420,"rand=1-2_rate=2_ROB=LH_Bias=Rct20_NRE20-35","1-2",2,"LH","Rct20_NRE20-35",0.182321556793955,0.182321556793955,0.182321556793955,0.182321556793955,0.182321556793955,0.300104592450338,0.223321921515574,0.223321921515574,-0.240063786857177,TRUE,0.656928646903591,1.00098605870153,-0.307361648178168,FALSE,0.446716538233561,1.00098917588572,-0.448736035198976,FALSE,0.846771233082496,1.00105785364877,-0.25579744996471,TRUE,0.597649177968277,1.00100627708464
421,"rand=1-2_rate=2_ROB=LH_Bias=Rct20_NRE20-35","1-2",2,"LH","Rct20_NRE20-35",0.182321556793955,0.182321556793955,0.182321556793955,0.182321556793955,0.182321556793955,0.300104592450338,0.188799853075899,0.188799853075899,-0.123945318002807,TRUE,0.521590927804189,1.00105169902139,-0.251244105177497,FALSE,0.392321656118644,1.00098734863417,-0.172793087269425,TRUE,0.75362098382256,1.00105038102526,-0.281216872163104,FALSE,0.521984348664738,1.00098614582946
422,"rand=1-2_rate=2_ROB=LH_Bias=Rct20_NRE20-35","1-2",2,"LH","Rct20_NRE20-35",0.182321556793955,0.182321556793955,0.182321556793955,0.182321556793955,0.182321556793955,0.300104592450338,0.208734396141241,0.208734396141241,-0.2031328845866,TRUE,0.597419567892237,1.00099659284376,-0.145647678499092,TRUE,0.345147809596032,1.00100494503885,-0.272435512112979,TRUE,0.732029919375043,1.00107117869638,-0.107059504854516,TRUE,0.444172109850755,1.00100585399973
423,"rand=1-2_rate=2_ROB=LH_Bias=Rct20_NRE20-35","1-2",2,"LH","Rct20_NRE20-35",0.182321556793955,0.182321556793955,0.182321556793955,0.182321556793955,0.182321556793955,0.300104592450338,0.215555552089293,0.215555552089293,-0.29194713267395,TRUE,0.679502678464978,1.00098683168899,-0.283865980141295,FALSE,0.404359682010664,1.00099914552914,-0.114521928127936,TRUE,0.799479457949082,1.00098894028736,-0.347794466365121,FALSE,0.498647942282174,1.00098610248025
424,"rand=1-2_rate=2_ROB=LH_Bias=Rct20_NRE20-35","1-2",2,"LH","Rct20_NRE20-35",0.182321556793955,0.182321556793955,0.182321556793955,0.182321556793955,0.182321556793955,0.300104592450338,0.205519642169678,0.205519642169678,-0.265278322726027,TRUE,0.652575371382529,1.0009973972127,-0.323061069097807,FALSE,0.413005244486837,1.00098651037708,-0.128310431622397,TRUE,0.644186397301725,1.00113064509217,-0.392651712394752,FALSE,0.576303300587272,1.00098874794181
425,"rand=1-2_rate=2_ROB=LH_Bias=Rct20_NRE20-35","1-2",2,"LH","Rct20_NRE20-35",0.182321556793955,0.182321556793955,0.182321556793955,0.182321556793955,0.182321556793955,0.300104592450338,0.194723147208011,0.194723147208011,-0.283136396361925,TRUE,0.733226209365435,1.00098923717192,-0.215816231535484,FALSE,0.468592110930538,1.0009859900708,-0.111151956878369,TRUE,0.624299095631882,1.00099865826375,-0.278102983143935,TRUE,0.737262175040006,1.00100179241323
426,"rand=1-2_rate=2_ROB=LH_Bias=Rct20_NRE20-35","1-2",2,"LH","Rct20_NRE20-35",0.182321556793955,0.182321556793955,0.182321556793955,0.182321556793955,0.182321556793955,0.300104592450338,0.213800124990291,0.213800124990291,-0.194933874472455,TRUE,0.621930255391933,1.00103009494961,-0.297632009495953,FALSE,0.400214804458835,1.00098649426534,0.00808049386174947,TRUE,0.604148870435569,1.00109232469787,-0.419784899941745,FALSE,0.494853154741372,1.00099266682761
427,"rand=1-2_rate=2_ROB=LH_Bias=Rct20_NRE20-35","1-2",2,"LH","Rct20_NRE20-35",0.182321556793955,0.182321556793955,0.182321556793955,0.182321556793955,0.182321556793955,0.300104592450338,0.223062924014349,0.223062924014349,-0.361421936397635,FALSE,0.709216348099602,1.00100998403228,-0.434610310693314,FALSE,0.459183013660449,1.00101177929198,-0.324476378543481,TRUE,0.952030421322161,1.00098629519335,-0.477771283716779,FALSE,0.579428790869661,1.00098917600274
428,"rand=1-2_rate=2_ROB=LH_Bias=Rct20_NRE20-35","1-2",2,"LH","Rct20_NRE20-35",0.182321556793955,0.182321556793955,0.182321556793955,0.182321556793955,0.182321556793955,0.300104592450338,0.208821709162793,0.208821709162793,-0.249017794343466,TRUE,0.772973602239721,1.00099154769171,-0.270161231595418,FALSE,0.511729984501296,1.00118612181703,-0.197077042409598,TRUE,1.14860797886725,1.000987076749,-0.303062838808704,FALSE,0.644268111634182,1.00098726835628
429,"rand=1-2_rate=2_ROB=LH_Bias=Rct20_NRE20-35","1-2",2,"LH","Rct20_NRE20-35",0.182321556793955,0.182321556793955,0.182321556793955,0.182321556793955,0.182321556793955,0.300104592450338,0.212339604959656,0.212339604959656,-0.192812375409048,TRUE,0.641268775149815,1.00098658735612,-0.187115328154372,TRUE,0.417645773771481,1.00099485255369,-0.273781353877119,TRUE,0.766846743704231,1.00098636224669,-0.151369605783448,TRUE,0.570423120965601,1.00100442526696
430,"rand=1-2_rate=2_ROB=LH_Bias=Rct20_NRE20-35","1-2",2,"LH","Rct20_NRE20-35",0.182321556793955,0.182321556793955,0.182321556793955,0.182321556793955,0.182321556793955,0.300104592450338,0.203835659597943,0.203835659597943,-0.0390177547117669,TRUE,0.578129226298104,1.0010007285322,-0.142117604825859,TRUE,0.401858370520767,1.00098604912503,-0.199106382895206,TRUE,0.882346684152711,1.00098601503415,-0.119244898853173,TRUE,0.500350866383168,1.00099266119893
431,"rand=1-2_rate=2_ROB=LH_Bias=Rct20_NRE20-35","1-2",2,"LH","Rct20_NRE20-35",0.182321556793955,0.182321556793955,0.182321556793955,0.182321556793955,0.182321556793955,0.300104592450338,0.218123205355834,0.218123205355834,-0.137386810458358,TRUE,0.50869657668441,1.0012601049648,-0.100528509667131,TRUE,0.265238324953247,1.00107183250672,-0.184983267490612,TRUE,0.665795579150726,1.00148102593532,-0.0799419684935889,TRUE,0.329423581610801,1.00098846339418
432,"rand=1-2_rate=2_ROB=LH_Bias=Rct20_NRE20-35","1-2",2,"LH","Rct20_NRE20-35",0.182321556793955,0.182321556793955,0.182321556793955,0.182321556793955,0.182321556793955,0.300104592450338,0.210516186476244,0.210516186476244,-0.110031211258547,TRUE,0.5973549465079,1.0010376833612,-0.237217621403607,FALSE,0.463796127089613,1.00101540968211,-0.0520646458078873,TRUE,0.584029467659934,1.00107926621984,-0.326895521111089,FALSE,0.739671385057252,1.0010307011591
433,"rand=1-2_rate=2_ROB=LH_Bias=Rct20_NRE20-35","1-2",2,"LH","Rct20_NRE20-35",0.182321556793955,0.182321556793955,0.182321556793955,0.182321556793955,0.182321556793955,0.300104592450338,0.219653118798132,0.219653118798132,-0.147181747772153,TRUE,0.656126090682193,1.00098687106676,-0.226753140999711,FALSE,0.456014881754533,1.0010265190025,-0.335128626776684,TRUE,1.09749028042959,1.00101823905074,-0.188279043667203,TRUE,0.549158822474514,1.00098649154795
434,"rand=1-2_rate=2_ROB=LH_Bias=Rct20_NRE20-35","1-2",2,"LH","Rct20_NRE20-35",0.182321556793955,0.182321556793955,0.182321556793955,0.182321556793955,0.182321556793955,0.300104592450338,0.215013690031178,0.215013690031178,-0.115519740131901,TRUE,0.597140878021375,1.00099438774186,-0.196244708246924,FALSE,0.399564762570564,1.00099592078879,-0.338209870878408,TRUE,0.888698865480878,1.00100498375345,-0.148496926031538,TRUE,0.493482142885741,1.00100601394899
435,"rand=1-2_rate=2_ROB=LH_Bias=Rct20_NRE20-35","1-2",2,"LH","Rct20_NRE20-35",0.182321556793955,0.182321556793955,0.182321556793955,0.182321556793955,0.182321556793955,0.300104592450338,0.216155478967502,0.216155478967502,-0.216561454717829,TRUE,0.673540394417663,1.00100905596367,-0.311048237765422,FALSE,0.470569567192577,1.00098701309456,-0.255149159505289,TRUE,0.891706245662735,1.00101958828806,-0.336553743190137,FALSE,0.625674283358124,1.00100308370502
436,"rand=1-2_rate=2_ROB=LH_Bias=Rct20_NRE20-35","1-2",2,"LH","Rct20_NRE20-35",0.182321556793955,0.182321556793955,0.182321556793955,0.182321556793955,0.182321556793955,0.300104592450338,0.221430140676205,0.221430140676205,-0.0191730319349173,TRUE,0.576466426972978,1.0009933758852,-0.0631099092820859,TRUE,0.39263451572783,1.00098685972986,-0.0163364699880308,TRUE,0.693389751955677,1.00108797291009,-0.0814146808196758,TRUE,0.548126645776246,1.00098729812097
437,"rand=1-2_rate=2_ROB=LH_Bias=Rct20_NRE20-35","1-2",2,"LH","Rct20_NRE20-35",0.182321556793955,0.182321556793955,0.182321556793955,0.182321556793955,0.182321556793955,0.300104592450338,0.204156667871278,0.204156667871278,-0.151524731518873,TRUE,0.564105517068275,1.00102280909292,-0.185123931019678,FALSE,0.345626762553705,1.00101310051835,-0.0830931451098398,TRUE,0.724425927540747,1.00228072982267,-0.216164561321415,FALSE,0.439581074712622,1.00099190055635
438,"rand=1-2_rate=2_ROB=LH_Bias=Rct20_NRE20-35","1-2",2,"LH","Rct20_NRE20-35",0.182321556793955,0.182321556793955,0.182321556793955,0.182321556793955,0.182321556793955,0.300104592450338,0.19328581157808,0.19328581157808,-0.196495823659091,TRUE,0.655070159345041,1.00110365881457,-0.308893449838633,FALSE,0.43949396607255,1.0010111741008,-0.00478520034000396,TRUE,0.557585938469398,1.00138849741349,-0.439456371399478,FALSE,0.624693785127597,1.00101723916006
439,"rand=1-2_rate=2_ROB=LH_Bias=Rct20_NRE20-35","1-2",2,"LH","Rct20_NRE20-35",0.182321556793955,0.182321556793955,0.182321556793955,0.182321556793955,0.182321556793955,0.300104592450338,0.203881649090286,0.203881649090286,-0.500098333315847,FALSE,0.83982692755957,1.00099044327285,-0.458695307206821,FALSE,0.523563948673424,1.00105397021598,-0.558695683511704,FALSE,1.18202316300614,1.00098621993009,-0.422545676192479,FALSE,0.655806448863335,1.000986019625
440,"rand=1-2_rate=2_ROB=LH_Bias=Rct20_NRE20-35","1-2",2,"LH","Rct20_NRE20-35",0.182321556793955,0.182321556793955,0.182321556793955,0.182321556793955,0.182321556793955,0.300104592450338,0.202735813436276,0.202735813436276,-0.107189401174126,TRUE,0.545013004199962,1.00100909975069,-0.160601002802506,TRUE,0.35233737425335,1.00100131534115,-0.184061859396571,TRUE,0.709589548841788,1.00110228772089,-0.152401302007518,TRUE,0.461610666523077,1.00101193662625
441,"rand=1-2_rate=2_ROB=LH_Bias=Rct20_NRE20-35","1-2",2,"LH","Rct20_NRE20-35",0.182321556793955,0.182321556793955,0.182321556793955,0.182321556793955,0.182321556793955,0.300104592450338,0.197043866272339,0.197043866272339,-0.065884287469048,TRUE,0.597505666798813,1.00100342289951,-0.192895797173635,TRUE,0.468200602186785,1.00098850295434,-0.0412672528154459,TRUE,0.63184547121442,1.00100327736206,-0.267509120481773,TRUE,0.71874344871173,1.00102213634878
442,"rand=1-2_rate=2_ROB=LH_Bias=Rct20_NRE20-35","1-2",2,"LH","Rct20_NRE20-35",0.182321556793955,0.182321556793955,0.182321556793955,0.182321556793955,0.182321556793955,0.300104592450338,0.203699801124259,0.203699801124259,-0.230991619715572,TRUE,0.571192907029915,1.0011656851574,-0.178139832694532,FALSE,0.314492364009049,1.00100357479179,-0.100112357090362,TRUE,0.639407765855288,1.00100069452526,-0.201234248379651,FALSE,0.402417654033356,1.00098706277287
443,"rand=1-2_rate=2_ROB=LH_Bias=Rct20_NRE20-35","1-2",2,"LH","Rct20_NRE20-35",0.182321556793955,0.182321556793955,0.182321556793955,0.182321556793955,0.182321556793955,0.300104592450338,0.214280675140103,0.214280675140103,-0.153339253058165,TRUE,0.574133099347038,1.00098657260137,-0.215272663883966,FALSE,0.369331186874791,1.00099056451973,-0.348900304748182,TRUE,0.862576497862735,1.00171451683035,-0.177182444666212,TRUE,0.447364545176312,1.00098825370631
444,"rand=1-2_rate=2_ROB=LH_Bias=Rct20_NRE20-35","1-2",2,"LH","Rct20_NRE20-35",0.182321556793955,0.182321556793955,0.182321556793955,0.182321556793955,0.182321556793955,0.300104592450338,0.223820336447728,0.223820336447728,-0.28383744049731,TRUE,0.725641231363786,1.00106278046015,-0.27764825374228,FALSE,0.462683320614782,1.00105015261608,-0.078360811288622,TRUE,0.624537366099224,1.00161936836078,-0.368895417839696,FALSE,0.679949082768421,1.00098740245163
445,"rand=1-2_rate=2_ROB=LH_Bias=Rct20_NRE20-35","1-2",2,"LH","Rct20_NRE20-35",0.182321556793955,0.182321556793955,0.182321556793955,0.182321556793955,0.182321556793955,0.300104592450338,0.220187006340987,0.220187006340987,-0.16994615584604,TRUE,0.493539194765281,1.00111456645214,-0.232129302620355,FALSE,0.288565679825053,1.00100044548458,-0.210646417615278,TRUE,0.666739901474079,1.00098666603818,-0.235326168419625,FALSE,0.358782875473662,1.00098898764103
446,"rand=1-2_rate=2_ROB=LH_Bias=Rct20_NRE20-35","1-2",2,"LH","Rct20_NRE20-35",0.182321556793955,0.182321556793955,0.182321556793955,0.182321556793955,0.182321556793955,0.300104592450338,0.197274539660763,0.197274539660763,-0.1231278016329,TRUE,0.590228714901305,1.00098663698047,-0.275115254254503,FALSE,0.476458956677574,1.00098798450879,-0.31142399607256,TRUE,0.921641685301604,1.000986157017,-0.261193570496519,TRUE,0.642223603716839,1.00100086496185
447,"rand=1-2_rate=2_ROB=LH_Bias=Rct20_NRE20-35","1-2",2,"LH","Rct20_NRE20-35",0.182321556793955,0.182321556793955,0.182321556793955,0.182321556793955,0.182321556793955,0.300104592450338,0.182278382339893,0.182278382339893,-0.0485173468223257,TRUE,0.514383128513301,1.00100700876032,-0.0745883845801467,TRUE,0.31527498494378,1.00105344462925,0.060744990281361,TRUE,0.565181935873554,1.00105748256832,-0.120145580187595,TRUE,0.415618468140766,1.0009867050092
448,"rand=1-2_rate=2_ROB=LH_Bias=Rct20_NRE20-35","1-2",2,"LH","Rct20_NRE20-35",0.182321556793955,0.182321556793955,0.182321556793955,0.182321556793955,0.182321556793955,0.300104592450338,0.218768411283408,0.218768411283408,-0.328812352407267,FALSE,0.717574700645973,1.00112423828901,-0.254365691170544,FALSE,0.38452305254889,1.00099400921057,-0.434946503662409,FALSE,0.932814457504313,1.0009943037233,-0.201525032857935,TRUE,0.450185883244117,1.00101674380777
449,"rand=1-2_rate=2_ROB=LH_Bias=Rct20_NRE20-35","1-2",2,"LH","Rct20_NRE20-35",0.182321556793955,0.182321556793955,0.182321556793955,0.182321556793955,0.182321556793955,0.300104592450338,0.212825537387976,0.212825537387976,-0.160897528789055,TRUE,0.594352804596424,1.00098648706913,-0.218901953667583,FALSE,0.386707694378166,1.00099866307089,-0.121421080854744,TRUE,0.812109311363102,1.00111728790157,-0.256753513138305,FALSE,0.488586591926929,1.00100997043421
450,"rand=1-2_rate=2_ROB=LH_Bias=Rct20_NRE20-35","1-2",2,"LH","Rct20_NRE20-35",0.182321556793955,0.182321556793955,0.182321556793955,0.182321556793955,0.182321556793955,0.300104592450338,0.206386816165029,0.206386816165029,-0.060649524173813,TRUE,0.553641290722498,1.00099775626244,-0.13062465302341,TRUE,0.377418783446442,1.00099356163368,-0.20895540593311,TRUE,0.729468484852657,1.00102017339992,-0.101259777999617,TRUE,0.505080562646595,1.00101740412834
451,"rand=1-2_rate=2_ROB=LH_Bias=Rct20_NRE20-35","1-2",2,"LH","Rct20_NRE20-35",0.182321556793955,0.182321556793955,0.182321556793955,0.182321556793955,0.182321556793955,0.300104592450338,0.20794825940564,0.20794825940564,-0.0981245277604159,TRUE,0.640960326693983,1.00116307291248,-0.252499371281092,FALSE,0.468580266610382,1.00101422740705,0.0572665799576798,TRUE,0.58485453344758,1.0010450180911,-0.398979830507194,FALSE,0.669506161989729,1.00100556467305
452,"rand=1-2_rate=2_ROB=LH_Bias=Rct20_NRE20-35","1-2",2,"LH","Rct20_NRE20-35",0.182321556793955,0.182321556793955,0.182321556793955,0.182321556793955,0.182321556793955,0.300104592450338,0.225330373455702,0.225330373455702,-0.0550173230610389,TRUE,0.546675836303279,1.00109544229885,-0.153251635209077,TRUE,0.394371435143574,1.00098642153006,-0.0844962825494433,TRUE,0.641132346169184,1.0013968747306,-0.181898534462919,TRUE,0.563883108059294,1.00100324888759
453,"rand=1-2_rate=2_ROB=LH_Bias=Rct20_NRE20-35","1-2",2,"LH","Rct20_NRE20-35",0.182321556793955,0.182321556793955,0.182321556793955,0.182321556793955,0.182321556793955,0.300104592450338,0.209832774718567,0.209832774718567,-0.183124812583932,TRUE,0.604819225022188,1.00113389278447,-0.24662367560712,FALSE,0.380645394495382,1.00099727211335,-0.339974691289912,TRUE,1.21749313434075,1.00099318376141,-0.221384521375425,FALSE,0.397227510424713,1.00098600428167
454,"rand=1-2_rate=2_ROB=LH_Bias=Rct20_NRE20-35","1-2",2,"LH","Rct20_NRE20-35",0.182321556793955,0.182321556793955,0.182321556793955,0.182321556793955,0.182321556793955,0.300104592450338,0.220341847883259,0.220341847883259,-0.122877780330067,TRUE,0.606294630742276,1.00113229968352,-0.28803989650108,FALSE,0.50026534119811,1.00099020832229,-0.216252655532156,TRUE,0.809065121313722,1.00101927205722,-0.319483902945786,FALSE,0.723368729250975,1.00099163834192
455,"rand=1-2_rate=2_ROB=LH_Bias=Rct20_NRE20-35","1-2",2,"LH","Rct20_NRE20-35",0.182321556793955,0.182321556793955,0.182321556793955,0.182321556793955,0.182321556793955,0.300104592450338,0.21362282772534,0.21362282772534,-0.340061573142966,FALSE,0.610860972169913,1.00109701052051,-0.363335407888746,FALSE,0.330224875152816,1.0010065606627,-0.216069330256106,TRUE,0.685771896873721,1.00125408384188,-0.402347852956343,FALSE,0.415094425144515,1.00098639401375
456,"rand=1-2_rate=2_ROB=LH_Bias=Rct20_NRE20-35","1-2",2,"LH","Rct20_NRE20-35",0.182321556793955,0.182321556793955,0.182321556793955,0.182321556793955,0.182321556793955,0.300104592450338,0.228881070445104,0.228881070445104,-0.297648220427353,TRUE,0.791018941669578,1.00109080250365,-0.350490182760657,FALSE,0.524890995710833,1.0009936913166,-0.272220905456672,TRUE,1.0120918306211,1.00103978196472,-0.386972917755026,FALSE,0.709610623822782,1.00099735800504
457,"rand=1-2_rate=2_ROB=LH_Bias=Rct20_NRE20-35","1-2",2,"LH","Rct20_NRE20-35",0.182321556793955,0.182321556793955,0.182321556793955,0.182321556793955,0.182321556793955,0.300104592450338,0.218137913420391,0.218137913420391,-0.162639763714379,TRUE,0.575009914073697,1.00133184794865,-0.150544880422508,TRUE,0.338502493638702,1.00100123788655,-0.2041616901717,TRUE,0.805064028036014,1.00107131832746,-0.135389407001353,TRUE,0.416560482361631,1.00100168490414
458,"rand=1-2_rate=2_ROB=LH_Bias=Rct20_NRE20-35","1-2",2,"LH","Rct20_NRE20-35",0.182321556793955,0.182321556793955,0.182321556793955,0.182321556793955,0.182321556793955,0.300104592450338,0.198173691987293,0.198173691987293,-0.342998627387856,FALSE,0.59923074716526,1.00106092550167,-0.305143702699291,FALSE,0.303434547230685,1.00098748404129,-0.186617105371773,TRUE,0.667074580296217,1.00114699376902,-0.330196366830758,FALSE,0.371001630268254,1.00101337106319
459,"rand=1-2_rate=2_ROB=LH_Bias=Rct20_NRE20-35","1-2",2,"LH","Rct20_NRE20-35",0.182321556793955,0.182321556793955,0.182321556793955,0.182321556793955,0.182321556793955,0.300104592450338,0.211543871780738,0.211543871780738,-0.313256376635733,FALSE,0.689051850047402,1.00150467869418,-0.25213254266533,FALSE,0.397735638121286,1.00100326629116,-0.246481636114178,TRUE,0.729421254880972,1.00110876302786,-0.259858879126826,FALSE,0.553912738667028,1.00099913367998
460,"rand=1-2_rate=2_ROB=LH_Bias=Rct20_NRE20-35","1-2",2,"LH","Rct20_NRE20-35",0.182321556793955,0.182321556793955,0.182321556793955,0.182321556793955,0.182321556793955,0.300104592450338,0.206895335834149,0.206895335834149,-0.289868307901763,FALSE,0.607679877555092,1.00104164760207,-0.346586172725766,FALSE,0.37046529790047,1.00103581439272,-0.219098862544852,TRUE,0.744353473302076,1.00099764374472,-0.383676610074286,FALSE,0.467592782700568,1.0009980720006
461,"rand=1-2_rate=2_ROB=LH_Bias=Rct20_NRE20-35","1-2",2,"LH","Rct20_NRE20-35",0.182321556793955,0.182321556793955,0.182321556793955,0.182321556793955,0.182321556793955,0.300104592450338,0.220400152072607,0.220400152072607,-0.16893346777845,TRUE,0.603627754633343,1.00099136645319,-0.24130140254931,FALSE,0.439519375976075,1.00098803429022,-0.264662166259913,TRUE,0.669343718043461,1.00098639818404,-0.239209928110525,TRUE,0.670947715904805,1.00098903452383
462,"rand=1-2_rate=2_ROB=LH_Bias=Rct20_NRE20-35","1-2",2,"LH","Rct20_NRE20-35",0.182321556793955,0.182321556793955,0.182321556793955,0.182321556793955,0.182321556793955,0.300104592450338,0.202307534817642,0.202307534817642,-0.10451204240688,TRUE,0.596721760792367,1.00122143960163,-0.159135673989053,TRUE,0.418240397746405,1.00099790982518,-0.135969189756727,TRUE,0.651694218749453,1.00101133824443,-0.164800058661417,TRUE,0.633700425714072,1.00098627239395
463,"rand=1-2_rate=2_ROB=LH_Bias=Rct20_NRE20-35","1-2",2,"LH","Rct20_NRE20-35",0.182321556793955,0.182321556793955,0.182321556793955,0.182321556793955,0.182321556793955,0.300104592450338,0.209214821168508,0.209214821168508,-0.22926821169137,TRUE,0.70836644037637,1.00101593229923,-0.273047260418347,FALSE,0.467405726787642,1.00100569051897,-0.0613154540938869,TRUE,0.85523606328098,1.0010098189962,-0.373701593220991,FALSE,0.600531782508985,1.00101330723713
464,"rand=1-2_rate=2_ROB=LH_Bias=Rct20_NRE20-35","1-2",2,"LH","Rct20_NRE20-35",0.182321556793955,0.182321556793955,0.182321556793955,0.182321556793955,0.182321556793955,0.300104592450338,0.220842398878419,0.220842398878419,-0.266353887875667,FALSE,0.56546986096711,1.00098614510321,-0.319654863260839,FALSE,0.337388381638079,1.00099491833793,-0.366797324941937,FALSE,0.780426954231457,1.00105700929719,-0.309061120396755,FALSE,0.428293347584942,1.00098601009291
465,"rand=1-2_rate=2_ROB=LH_Bias=Rct20_NRE20-35","1-2",2,"LH","Rct20_NRE20-35",0.182321556793955,0.182321556793955,0.182321556793955,0.182321556793955,0.182321556793955,0.300104592450338,0.197603149018695,0.197603149018695,-0.0616228329874473,TRUE,0.52080614273125,1.00116005332053,-0.0562807857504724,TRUE,0.316595700579208,1.00102306689725,-0.0576879440745115,TRUE,0.614445565850851,1.00099012833757,-0.0556362278915052,TRUE,0.421913729363892,1.00098600292826
466,"rand=1-2_rate=2_ROB=LH_Bias=Rct20_NRE20-35","1-2",2,"LH","Rct20_NRE20-35",0.182321556793955,0.182321556793955,0.182321556793955,0.182321556793955,0.182321556793955,0.300104592450338,0.20567311682099,0.20567311682099,-0.352152253182384,FALSE,0.733920718962395,1.00098638655098,-0.29866805824092,FALSE,0.430658488802507,1.0010140636993,-0.19567949905397,TRUE,0.829591944228843,1.00098676743554,-0.338296361159456,FALSE,0.566746060004421,1.00098896015316
467,"rand=1-2_rate=2_ROB=LH_Bias=Rct20_NRE20-35","1-2",2,"LH","Rct20_NRE20-35",0.182321556793955,0.182321556793955,0.182321556793955,0.182321556793955,0.182321556793955,0.300104592450338,0.20890534971921,0.20890534971921,-0.223032601070386,TRUE,0.601300942649665,1.0009883715464,-0.2890120517579,FALSE,0.372530872103435,1.00101594847628,-0.142465414816205,TRUE,0.692432462110073,1.00131274282791,-0.335956722308218,FALSE,0.494597293485081,1.00098746991761
468,"rand=1-2_rate=2_ROB=LH_Bias=Rct20_NRE20-35","1-2",2,"LH","Rct20_NRE20-35",0.182321556793955,0.182321556793955,0.182321556793955,0.182321556793955,0.182321556793955,0.300104592450338,0.19729332267079,0.19729332267079,-0.385576792346282,FALSE,0.747441114795773,1.00099364323249,-0.29447781553206,FALSE,0.406675720199493,1.00099117384461,-0.293405546033287,TRUE,0.853210926421092,1.00131614282619,-0.295637619111775,FALSE,0.524427085904926,1.0010228509215
469,"rand=1-2_rate=2_ROB=LH_Bias=Rct20_NRE20-35","1-2",2,"LH","Rct20_NRE20-35",0.182321556793955,0.182321556793955,0.182321556793955,0.182321556793955,0.182321556793955,0.300104592450338,0.219743401948019,0.219743401948019,-0.085118821947425,TRUE,0.627322350247609,1.00098600584941,-0.220381175507737,TRUE,0.515134863039145,1.0009871948121,-0.153904510223809,TRUE,0.732103924210528,1.00109618367266,-0.271294144571385,TRUE,0.803415794213545,1.00099261276498
470,"rand=1-2_rate=2_ROB=LH_Bias=Rct20_NRE20-35","1-2",2,"LH","Rct20_NRE20-35",0.182321556793955,0.182321556793955,0.182321556793955,0.182321556793955,0.182321556793955,0.300104592450338,0.20459126866194,0.20459126866194,-0.00837796466088148,TRUE,0.625404871642123,1.00106194774748,-0.14957442937902,TRUE,0.509648432695795,1.0010120801029,0.00396212314821398,TRUE,0.980768051265627,1.00099259391346,-0.235103734000154,TRUE,0.677066333116275,1.00103954157556
471,"rand=1-2_rate=2_ROB=LH_Bias=Rct20_NRE20-35","1-2",2,"LH","Rct20_NRE20-35",0.182321556793955,0.182321556793955,0.182321556793955,0.182321556793955,0.182321556793955,0.300104592450338,0.213930083926348,0.213930083926348,-0.342292938868491,FALSE,0.822483090232397,1.00105856561064,-0.36757472570417,FALSE,0.540432905662344,1.00098628043009,-0.391414123214363,TRUE,1.13322786002742,1.00105697237062,-0.357189329796689,FALSE,0.696104580440544,1.00098638345319
472,"rand=1-2_rate=2_ROB=LH_Bias=Rct20_NRE20-35","1-2",2,"LH","Rct20_NRE20-35",0.182321556793955,0.182321556793955,0.182321556793955,0.182321556793955,0.182321556793955,0.300104592450338,0.194677685248377,0.194677685248377,-0.437625275884755,FALSE,0.761729561623257,1.00101074686901,-0.278545610636623,FALSE,0.474055264271478,1.00099407900306,-0.50678006687597,FALSE,1.02807564852017,1.00100194368983,-0.197338118307763,TRUE,0.573101458958241,1.00099310553321
473,"rand=1-2_rate=2_ROB=LH_Bias=Rct20_NRE20-35","1-2",2,"LH","Rct20_NRE20-35",0.182321556793955,0.182321556793955,0.182321556793955,0.182321556793955,0.182321556793955,0.300104592450338,0.204993343061482,0.204993343061482,-0.096857725529266,TRUE,0.506529426347357,1.00104460142628,-0.102597604297803,TRUE,0.278073508348257,1.00098607668342,-0.0782683270582629,TRUE,0.690502205761389,1.00111842197287,-0.110041527760084,TRUE,0.330190709933706,1.00100953014203
474,"rand=1-2_rate=2_ROB=LH_Bias=Rct20_NRE20-35","1-2",2,"LH","Rct20_NRE20-35",0.182321556793955,0.182321556793955,0.182321556793955,0.182321556793955,0.182321556793955,0.300104592450338,0.211886896475247,0.211886896475247,-0.339411891593485,FALSE,0.715599677146165,1.00111283861326,-0.342254365938079,FALSE,0.458691110032852,1.00099068138541,-0.329868814547033,TRUE,0.837050334657069,1.00237982826674,-0.343787197875823,FALSE,0.623038788736096,1.00098899104555
475,"rand=1-2_rate=2_ROB=LH_Bias=Rct20_NRE20-35","1-2",2,"LH","Rct20_NRE20-35",0.182321556793955,0.182321556793955,0.182321556793955,0.182321556793955,0.182321556793955,0.300104592450338,0.203642664095917,0.203642664095917,-0.210092080121468,TRUE,0.585579924104923,1.00100765462777,-0.231027515895233,FALSE,0.34872951031561,1.00098986830729,-0.46819002674597,FALSE,0.884903207972059,1.00098716012786,-0.169900665071321,TRUE,0.39299600585253,1.00110588906373
476,"rand=1-2_rate=2_ROB=LH_Bias=Rct20_NRE20-35","1-2",2,"LH","Rct20_NRE20-35",0.182321556793955,0.182321556793955,0.182321556793955,0.182321556793955,0.182321556793955,0.300104592450338,0.21752260999209,0.21752260999209,-0.0927523595609296,TRUE,0.63713456989152,1.00101381247061,-0.153078433196632,TRUE,0.450762868502234,1.00099230797,-0.115769083794875,TRUE,0.796727741481029,1.00118835078859,-0.171322554156589,TRUE,0.634044246905102,1.00099432938543
477,"rand=1-2_rate=2_ROB=LH_Bias=Rct20_NRE20-35","1-2",2,"LH","Rct20_NRE20-35",0.182321556793955,0.182321556793955,0.182321556793955,0.182321556793955,0.182321556793955,0.300104592450338,0.190541018572245,0.190541018572245,-0.196689468808755,TRUE,0.648952250373615,1.00111357969529,-0.203110330678423,FALSE,0.452072770283897,1.00098642881462,-0.266484116769594,TRUE,0.661638345640709,1.0009905542214,-0.171057042506394,TRUE,0.694574367156945,1.00101886484765
478,"rand=1-2_rate=2_ROB=LH_Bias=Rct20_NRE20-35","1-2",2,"LH","Rct20_NRE20-35",0.182321556793955,0.182321556793955,0.182321556793955,0.182321556793955,0.182321556793955,0.300104592450338,0.197629681348022,0.197629681348022,-0.0132461658116378,TRUE,0.572090353344091,1.00099126248978,-0.0708928277470613,TRUE,0.394575365247432,1.000989933937,-0.0493414982142384,TRUE,0.644667556872997,1.00104298747519,-0.0798696048885341,TRUE,0.582735180534561,1.00099305869971
479,"rand=1-2_rate=2_ROB=LH_Bias=Rct20_NRE20-35","1-2",2,"LH","Rct20_NRE20-35",0.182321556793955,0.182321556793955,0.182321556793955,0.182321556793955,0.182321556793955,0.300104592450338,0.213943238913783,0.213943238913783,-0.170140623619589,TRUE,0.618750239468145,1.00107263915845,-0.225231032216874,FALSE,0.419702713537281,1.00098717697143,-0.253968123124483,TRUE,0.800480336114526,1.00100897652267,-0.21317051784121,TRUE,0.567208370257662,1.00098892253535
480,"rand=1-2_rate=2_ROB=LH_Bias=Rct20_NRE20-35","1-2",2,"LH","Rct20_NRE20-35",0.182321556793955,0.182321556793955,0.182321556793955,0.182321556793955,0.182321556793955,0.300104592450338,0.203930591606216,0.203930591606216,-0.0258071636788604,TRUE,0.487169396066428,1.00099731780183,-0.0557410214462148,TRUE,0.301198750358369,1.00101163048551,0.00142967883313672,TRUE,0.557786939720005,1.00139591514324,-0.0746717496821121,TRUE,0.404879705266409,1.00099095328155
481,"rand=1-2_rate=2_ROB=LH_Bias=Rct20_NRE20-35","1-2",2,"LH","Rct20_NRE20-35",0.182321556793955,0.182321556793955,0.182321556793955,0.182321556793955,0.182321556793955,0.300104592450338,0.212003052701571,0.212003052701571,-0.148926407369782,TRUE,0.575089672627988,1.00113608934285,-0.224061265635136,FALSE,0.395125600965839,1.00099127710278,-0.129793793446931,TRUE,0.649380612726807,1.00104602475467,-0.257524151586688,FALSE,0.564642835202208,1.00098967566422
482,"rand=1-2_rate=2_ROB=LH_Bias=Rct20_NRE20-35","1-2",2,"LH","Rct20_NRE20-35",0.182321556793955,0.182321556793955,0.182321556793955,0.182321556793955,0.182321556793955,0.300104592450338,0.200800356158699,0.200800356158699,-0.286118734690739,TRUE,0.67381863367124,1.00098717751671,-0.256275889868258,FALSE,0.409978187858581,1.00110621287699,-0.0162868615017384,TRUE,0.565797383455889,1.00102291364019,-0.355462990132318,FALSE,0.577511881946946,1.00105631952117
483,"rand=1-2_rate=2_ROB=LH_Bias=Rct20_NRE20-35","1-2",2,"LH","Rct20_NRE20-35",0.182321556793955,0.182321556793955,0.182321556793955,0.182321556793955,0.182321556793955,0.300104592450338,0.197395461660003,0.197395461660003,-0.522038279206031,FALSE,0.839194953324381,1.00176855482759,-0.519641338523422,FALSE,0.547383174934657,1.00098981696247,-0.673231656694436,FALSE,0.942886814519611,1.00375823338158,-0.469368121529823,FALSE,0.780503485095388,1.00099003407558
484,"rand=1-2_rate=2_ROB=LH_Bias=Rct20_NRE20-35","1-2",2,"LH","Rct20_NRE20-35",0.182321556793955,0.182321556793955,0.182321556793955,0.182321556793955,0.182321556793955,0.300104592450338,0.200674574726457,0.200674574726457,-0.0365649725343247,TRUE,0.59769030878926,1.00109210116565,-0.110793358278373,TRUE,0.4252256477813,1.00100055868465,0.224768494836816,TRUE,0.446056685065717,1.00135455797582,-0.29505253972339,FALSE,0.607193155107043,1.001049506028
485,"rand=1-2_rate=2_ROB=LH_Bias=Rct20_NRE20-35","1-2",2,"LH","Rct20_NRE20-35",0.182321556793955,0.182321556793955,0.182321556793955,0.182321556793955,0.182321556793955,0.300104592450338,0.208812875016092,0.208812875016092,-0.0649755488629675,TRUE,0.5995316267611,1.00100906819833,-0.211145327437659,FALSE,0.410915190533439,1.0010019772828,-0.0274058108859345,TRUE,0.731215810129474,1.00125181404915,-0.291386298098566,FALSE,0.532104305405369,1.00098649284313
486,"rand=1-2_rate=2_ROB=LH_Bias=Rct20_NRE20-35","1-2",2,"LH","Rct20_NRE20-35",0.182321556793955,0.182321556793955,0.182321556793955,0.182321556793955,0.182321556793955,0.300104592450338,0.218379768947023,0.218379768947023,-0.385349394914134,FALSE,0.808796776824344,1.00153211901785,-0.338541168360527,FALSE,0.548439439453962,1.00099405021582,-0.423857656005842,FALSE,0.819139501760181,1.00098793517756,-0.306925134972828,TRUE,0.837300070680942,1.00099552798984
487,"rand=1-2_rate=2_ROB=LH_Bias=Rct20_NRE20-35","1-2",2,"LH","Rct20_NRE20-35",0.182321556793955,0.182321556793955,0.182321556793955,0.182321556793955,0.182321556793955,0.300104592450338,0.20535069447553,0.20535069447553,-0.300581267062717,FALSE,0.575345817915873,1.00129073192166,-0.245528964842687,FALSE,0.319167283632064,1.00101018936711,-0.209568054832794,TRUE,0.660272744757049,1.00100587795351,-0.253111655969872,FALSE,0.418706013591019,1.00098912964752
488,"rand=1-2_rate=2_ROB=LH_Bias=Rct20_NRE20-35","1-2",2,"LH","Rct20_NRE20-35",0.182321556793955,0.182321556793955,0.182321556793955,0.182321556793955,0.182321556793955,0.300104592450338,0.213439415677096,0.213439415677096,-0.147842726890112,TRUE,0.589759274547017,1.00182616224514,-0.273993337429499,FALSE,0.460050273410979,1.00098871553232,-0.124997460565332,TRUE,0.634760267472568,1.0010596664333,-0.350053407581322,FALSE,0.704362935995424,1.00107639971835
489,"rand=1-2_rate=2_ROB=LH_Bias=Rct20_NRE20-35","1-2",2,"LH","Rct20_NRE20-35",0.182321556793955,0.182321556793955,0.182321556793955,0.182321556793955,0.182321556793955,0.300104592450338,0.221810786275677,0.221810786275677,-0.186398555566404,TRUE,0.638372226536149,1.00116992388913,-0.241941387669016,FALSE,0.403793756424787,1.0010243032275,-0.013828466921523,TRUE,0.649413669062912,1.001210710696,-0.331291583260609,FALSE,0.536051582217115,1.00099228015004
490,"rand=1-2_rate=2_ROB=LH_Bias=Rct20_NRE20-35","1-2",2,"LH","Rct20_NRE20-35",0.182321556793955,0.182321556793955,0.182321556793955,0.182321556793955,0.182321556793955,0.300104592450338,0.211634662942172,0.211634662942172,-0.143860468976603,TRUE,0.455730930243093,1.00114232656479,-0.237973680191022,FALSE,0.191882995161486,1.00099669997146,-0.197538370266189,TRUE,0.725721169938671,1.0013522003544,-0.242740530259227,FALSE,0.208503905978486,1.00104758670032
491,"rand=1-2_rate=2_ROB=LH_Bias=Rct20_NRE20-35","1-2",2,"LH","Rct20_NRE20-35",0.182321556793955,0.182321556793955,0.182321556793955,0.182321556793955,0.182321556793955,0.300104592450338,0.220450862740418,0.220450862740418,-0.0229309013421499,TRUE,0.485080536742487,1.00161528404239,-0.236694990997584,FALSE,0.456020591583833,1.00101316398341,0.00365387031927888,TRUE,0.61370890257999,1.00101792645656,-0.350419736750315,FALSE,0.668255841047714,1.00099670408656
492,"rand=1-2_rate=2_ROB=LH_Bias=Rct20_NRE20-35","1-2",2,"LH","Rct20_NRE20-35",0.182321556793955,0.182321556793955,0.182321556793955,0.182321556793955,0.182321556793955,0.300104592450338,0.217506680795031,0.217506680795031,-0.0663776472831703,TRUE,0.584403233579352,1.00101317446919,-0.155219440891696,TRUE,0.422060147279092,1.00098628276908,-0.416892434051677,TRUE,1.42282140976699,1.00118219437243,-0.0857505792555451,TRUE,0.403693231737964,1.00098916791126
493,"rand=1-2_rate=2_ROB=LH_Bias=Rct20_NRE20-35","1-2",2,"LH","Rct20_NRE20-35",0.182321556793955,0.182321556793955,0.182321556793955,0.182321556793955,0.182321556793955,0.300104592450338,0.222010601830634,0.222010601830634,-0.0552971624144967,TRUE,0.591246660029412,1.00100293732829,-0.175269510183927,TRUE,0.410808400963236,1.00098711818323,0.0705794288668162,TRUE,0.852169146517748,1.0010587724083,-0.27524808883598,FALSE,0.455467732219424,1.00100980907044
494,"rand=1-2_rate=2_ROB=LH_Bias=Rct20_NRE20-35","1-2",2,"LH","Rct20_NRE20-35",0.182321556793955,0.182321556793955,0.182321556793955,0.182321556793955,0.182321556793955,0.300104592450338,0.21085440341064,0.21085440341064,-0.346063824573841,FALSE,0.688461796542054,1.00149748006484,-0.304500824722651,FALSE,0.404485264709937,1.00098742140402,-0.197028938444437,TRUE,0.761604328271732,1.00099543942424,-0.346012421963515,FALSE,0.535001562007797,1.00098854931323
495,"rand=1-2_rate=2_ROB=LH_Bias=Rct20_NRE20-35","1-2",2,"LH","Rct20_NRE20-35",0.182321556793955,0.182321556793955,0.182321556793955,0.182321556793955,0.182321556793955,0.300104592450338,0.214991309532249,0.214991309532249,-0.177941801308642,TRUE,0.660479274227364,1.00104476947716,-0.262365424068354,FALSE,0.441035501709347,1.00103856588979,-0.0333063664388202,TRUE,0.65011530713892,1.00112326718473,-0.366270896061852,FALSE,0.609236411501315,1.00102964141728
496,"rand=1-2_rate=2_ROB=LH_Bias=Rct20_NRE20-35","1-2",2,"LH","Rct20_NRE20-35",0.182321556793955,0.182321556793955,0.182321556793955,0.182321556793955,0.182321556793955,0.300104592450338,0.229116106290335,0.229116106290335,-0.279765930133681,TRUE,0.655783178922908,1.00101255284167,-0.320816816480192,FALSE,0.403160876321426,1.00098655725708,-0.573369148396854,FALSE,1.03948852747416,1.00121819586252,-0.250432308666484,FALSE,0.449385113104997,1.00106612641569
497,"rand=1-2_rate=2_ROB=LH_Bias=Rct20_NRE20-35","1-2",2,"LH","Rct20_NRE20-35",0.182321556793955,0.182321556793955,0.182321556793955,0.182321556793955,0.182321556793955,0.300104592450338,0.211195656988892,0.211195656988892,-0.266768912853922,FALSE,0.555285886277687,1.00107127004462,-0.329354521799633,FALSE,0.321571164966107,1.00106418326256,-0.367023609345038,FALSE,0.716801075592473,1.00185210441146,-0.321812939299634,FALSE,0.412971001974342,1.00113203196712
498,"rand=1-2_rate=2_ROB=LH_Bias=Rct20_NRE20-35","1-2",2,"LH","Rct20_NRE20-35",0.182321556793955,0.182321556793955,0.182321556793955,0.182321556793955,0.182321556793955,0.300104592450338,0.20504925386566,0.20504925386566,-0.323636943898283,FALSE,0.712766880345159,1.00099502805926,-0.477670258131079,FALSE,0.538716484078533,1.00100938758579,-0.543798165914906,FALSE,1.13461335881279,1.0009950507345,-0.4482994019477,FALSE,0.690217486126652,1.00098604721426
499,"rand=1-2_rate=2_ROB=LH_Bias=Rct20_NRE20-35","1-2",2,"LH","Rct20_NRE20-35",0.182321556793955,0.182321556793955,0.182321556793955,0.182321556793955,0.182321556793955,0.300104592450338,0.209291279579525,0.209291279579525,-0.123729005496642,TRUE,0.591906939971762,1.001092543855,-0.205990612763498,FALSE,0.408328636560541,1.00100348198153,-0.138780301414031,TRUE,0.664426480413746,1.00100086568135,-0.233341841351407,TRUE,0.596975301432322,1.00099772027273
500,"rand=1-2_rate=2_ROB=LH_Bias=Rct20_NRE20-35","1-2",2,"LH","Rct20_NRE20-35",0.182321556793955,0.182321556793955,0.182321556793955,0.182321556793955,0.182321556793955,0.300104592450338,0.212852261882651,0.212852261882651,-0.14417888494117,TRUE,0.595537466370247,1.0010015107028,-0.256458813562696,FALSE,0.407094999200715,1.00099453696126,-0.210096609510236,TRUE,0.724252062462847,1.00123123004514,-0.265413176761025,FALSE,0.562097667345575,1.00105772376454
501,"rand=1-2_rate=2_ROB=LH_Bias=Rct20_NRE20-35","1-2",2,"LH","Rct20_NRE20-35",0.182321556793955,0.182321556793955,0.182321556793955,0.182321556793955,0.182321556793955,0.300104592450338,0.204396959514798,0.204396959514798,-0.106470630120651,TRUE,0.592446378755128,1.00099578804641,-0.0666985088269252,TRUE,0.34795861444856,1.00099536172529,-0.100395464563901,TRUE,0.797494276609748,1.0010555238192,-0.0539201329918477,TRUE,0.424591624707928,1.0009867340743
502,"rand=1-2_rate=2_ROB=LH_Bias=Rct20_NRE20-35","1-2",2,"LH","Rct20_NRE20-35",0.182321556793955,0.182321556793955,0.182321556793955,0.182321556793955,0.182321556793955,0.300104592450338,0.211960920522123,0.211960920522123,-0.195658080414864,TRUE,0.56463328730561,1.00100650109158,-0.32105689284166,FALSE,0.394664139502188,1.00100235883901,-0.249047596077798,TRUE,0.734359985432394,1.00106696656284,-0.343329015165771,FALSE,0.53263066507441,1.00100786318084
503,"rand=1-2_rate=2_ROB=LH_Bias=Rct20_NRE20-35","1-2",2,"LH","Rct20_NRE20-35",0.182321556793955,0.182321556793955,0.182321556793955,0.182321556793955,0.182321556793955,0.300104592450338,0.209984450119635,0.209984450119635,-0.398946323032363,FALSE,0.706339551121396,1.00141665701967,-0.463361183496318,FALSE,0.457533049965616,1.00100205267703,-0.354974614774881,TRUE,0.898509966845824,1.00104056815314,-0.500484155687265,FALSE,0.586626223548245,1.00103029320887
504,"rand=1-2_rate=2_ROB=LH_Bias=Rct20_NRE20-35","1-2",2,"LH","Rct20_NRE20-35",0.182321556793955,0.182321556793955,0.182321556793955,0.182321556793955,0.182321556793955,0.300104592450338,0.200914064638883,0.200914064638883,-0.422907779767748,FALSE,0.765397117959694,1.00163842074757,-0.380774447518881,FALSE,0.455408991211899,1.00100357195148,-0.257528730610276,TRUE,0.703339788199753,1.00100945699843,-0.437838904199125,FALSE,0.670916855297014,1.00099964510481
505,"rand=1-2_rate=2_ROB=LH_Bias=Rct20_NRE20-35","1-2",2,"LH","Rct20_NRE20-35",0.182321556793955,0.182321556793955,0.182321556793955,0.182321556793955,0.182321556793955,0.300104592450338,0.2058707670694,0.2058707670694,-0.289460393803405,TRUE,0.741317220847859,1.00103819832792,-0.230122348940259,FALSE,0.4513232364993,1.00101269320226,-0.264741302830535,TRUE,0.808502932279891,1.00105267264186,-0.214060985206973,TRUE,0.625849519162021,1.00098884173601
506,"rand=1-2_rate=2_ROB=LH_Bias=Rct20_NRE20-35","1-2",2,"LH","Rct20_NRE20-35",0.182321556793955,0.182321556793955,0.182321556793955,0.182321556793955,0.182321556793955,0.300104592450338,0.216837933297999,0.216837933297999,-0.00467317087937325,TRUE,0.471555432621956,1.00109666933053,-0.0964544220029271,TRUE,0.315093267056047,1.0010032649356,-0.0227755285452389,TRUE,0.639115716905525,1.00137428418216,-0.1195338484739,TRUE,0.408773075554327,1.00102743520745
507,"rand=1-2_rate=2_ROB=LH_Bias=Rct20_NRE20-35","1-2",2,"LH","Rct20_NRE20-35",0.182321556793955,0.182321556793955,0.182321556793955,0.182321556793955,0.182321556793955,0.300104592450338,0.207418139458376,0.207418139458376,-0.335079352860711,FALSE,0.764934005836794,1.00109153814067,-0.30198991111749,FALSE,0.483055499647926,1.00100608526795,-0.176809547828548,TRUE,0.97372326779533,1.00098773615433,-0.359713316288699,FALSE,0.633795817667687,1.00099728572885
508,"rand=1-2_rate=2_ROB=LH_Bias=Rct20_NRE20-35","1-2",2,"LH","Rct20_NRE20-35",0.182321556793955,0.182321556793955,0.182321556793955,0.182321556793955,0.182321556793955,0.300104592450338,0.210581831441629,0.210581831441629,-0.292752850725807,TRUE,0.699131797866785,1.00105107716927,-0.329808263259834,FALSE,0.442717701355141,1.00100674662736,-0.0922605573274873,TRUE,0.643876534556371,1.00208646778236,-0.419195898000448,FALSE,0.628449987254652,1.00102158017817
509,"rand=1-2_rate=2_ROB=LH_Bias=Rct20_NRE20-35","1-2",2,"LH","Rct20_NRE20-35",0.182321556793955,0.182321556793955,0.182321556793955,0.182321556793955,0.182321556793955,0.300104592450338,0.22095190079502,0.22095190079502,-0.143476192265043,TRUE,0.577824047091861,1.00098846844273,-0.241775918949677,FALSE,0.403906927825351,1.00105064921057,-0.0772149370713133,TRUE,0.716305751344782,1.00099248598677,-0.307927099127661,FALSE,0.523424285035762,1.00099593767741
510,"rand=1-2_rate=2_ROB=LH_Bias=Rct20_NRE20-35","1-2",2,"LH","Rct20_NRE20-35",0.182321556793955,0.182321556793955,0.182321556793955,0.182321556793955,0.182321556793955,0.300104592450338,0.215979904441477,0.215979904441477,-0.413776070863111,FALSE,0.744942746170606,1.00106180950124,-0.358543590704659,FALSE,0.449486765666437,1.00100209064373,-0.502296046539276,FALSE,1.00062042648027,1.00103681400358,-0.31110585566018,FALSE,0.55926789883502,1.00099732127659
511,"rand=1-2_rate=2_ROB=LH_Bias=Rct20_NRE20-35","1-2",2,"LH","Rct20_NRE20-35",0.182321556793955,0.182321556793955,0.182321556793955,0.182321556793955,0.182321556793955,0.300104592450338,0.204534888254934,0.204534888254934,-0.0561290077504601,TRUE,0.572590907869713,1.00098701109406,-0.11179828467035,TRUE,0.39159174946498,1.0011939439493,-0.0600015080298915,TRUE,0.756837545660868,1.00100192237303,-0.13400449042588,TRUE,0.527348041609671,1.00100653618389
512,"rand=1-2_rate=2_ROB=LH_Bias=Rct20_NRE20-35","1-2",2,"LH","Rct20_NRE20-35",0.182321556793955,0.182321556793955,0.182321556793955,0.182321556793955,0.182321556793955,0.300104592450338,0.210785361127015,0.210785361127015,-0.224503859251567,TRUE,0.682534463068168,1.00111296953083,-0.210282110477277,FALSE,0.462868146724412,1.00098612257427,-0.328505367227402,FALSE,0.771322242089719,1.00212024491355,-0.155217053536839,TRUE,0.667528384864812,1.00099066773799
513,"rand=1-2_rate=2_ROB=LH_Bias=Rct20_NRE20-35","1-2",2,"LH","Rct20_NRE20-35",0.182321556793955,0.182321556793955,0.182321556793955,0.182321556793955,0.182321556793955,0.300104592450338,0.196562794220888,0.196562794220888,-0.264045672733563,TRUE,0.674283790566884,1.00098708451301,-0.334088740244363,FALSE,0.430939037159434,1.00105306590204,-0.35660677210514,TRUE,1.13968650494453,1.00098600800385,-0.326624760296722,FALSE,0.504090530225866,1.00098860344124
514,"rand=1-2_rate=2_ROB=LH_Bias=Rct20_NRE20-35","1-2",2,"LH","Rct20_NRE20-35",0.182321556793955,0.182321556793955,0.182321556793955,0.182321556793955,0.182321556793955,0.300104592450338,0.217747779626084,0.217747779626084,-0.166415120410234,TRUE,0.566174728442991,1.0009897998878,-0.240086475123835,FALSE,0.367949805266342,1.00102785111128,-0.37329464816391,TRUE,1.08336256250176,1.00098611566619,-0.206467958431314,FALSE,0.395533209548144,1.00099139269734
515,"rand=1-2_rate=2_ROB=LH_Bias=Rct20_NRE20-35","1-2",2,"LH","Rct20_NRE20-35",0.182321556793955,0.182321556793955,0.182321556793955,0.182321556793955,0.182321556793955,0.300104592450338,0.199877801921286,0.199877801921286,-0.573056119864887,FALSE,0.812029954534459,1.00101670609795,-0.425308298463435,FALSE,0.517732824349089,1.00098613192807,-0.399243234905482,FALSE,0.792984122176179,1.00121389538192,-0.427569354015598,FALSE,0.778910220444458,1.00100467281916
516,"rand=1-2_rate=2_ROB=LH_Bias=Rct20_NRE20-35","1-2",2,"LH","Rct20_NRE20-35",0.182321556793955,0.182321556793955,0.182321556793955,0.182321556793955,0.182321556793955,0.300104592450338,0.215253964929272,0.215253964929272,-0.278819113370696,TRUE,0.76259650504057,1.00099962245692,-0.319321326983835,FALSE,0.523692543534155,1.00099220945013,-0.322616942731159,TRUE,0.889543596424559,1.00099867086882,-0.314337808959026,TRUE,0.758575036053786,1.00100468815132
517,"rand=1-2_rate=2_ROB=LH_Bias=Rct20_NRE20-35","1-2",2,"LH","Rct20_NRE20-35",0.182321556793955,0.182321556793955,0.182321556793955,0.182321556793955,0.182321556793955,0.300104592450338,0.197093383073354,0.197093383073354,-0.374145962818428,FALSE,0.618191649738133,1.00106162315197,-0.490824271639927,FALSE,0.396546504350331,1.0010155030089,-0.286891930884726,TRUE,0.871859654470357,1.0010408639758,-0.544919844201776,FALSE,0.46349645964068,1.00098777370247
518,"rand=1-2_rate=2_ROB=LH_Bias=Rct20_NRE20-35","1-2",2,"LH","Rct20_NRE20-35",0.182321556793955,0.182321556793955,0.182321556793955,0.182321556793955,0.182321556793955,0.300104592450338,0.211805418951098,0.211805418951098,-0.296083813668499,TRUE,0.717200595188234,1.00098599607567,-0.406340939326111,FALSE,0.502064359723632,1.00101811501291,-0.0751825334554046,TRUE,0.775542589386146,1.00099661360543,-0.563962570702472,FALSE,0.63078732820139,1.00098662895356
519,"rand=1-2_rate=2_ROB=LH_Bias=Rct20_NRE20-35","1-2",2,"LH","Rct20_NRE20-35",0.182321556793955,0.182321556793955,0.182321556793955,0.182321556793955,0.182321556793955,0.300104592450338,0.226598308037522,0.226598308037522,-0.0901403108324255,TRUE,0.503162024829614,1.00099108762703,-0.0900237710665932,TRUE,0.279437494272344,1.00099677473026,-0.0625508305219493,TRUE,0.659178773573993,1.00100238193383,-0.0949921948128896,TRUE,0.347329890322147,1.00111357198087
520,"rand=1-2_rate=2_ROB=LH_Bias=Rct20_NRE20-35","1-2",2,"LH","Rct20_NRE20-35",0.182321556793955,0.182321556793955,0.182321556793955,0.182321556793955,0.182321556793955,0.300104592450338,0.227695111437424,0.227695111437424,-0.491721001825351,FALSE,0.767449459850451,1.00099543306689,-0.485253350139988,FALSE,0.469086199753905,1.00099061651318,-0.552567229269718,FALSE,0.902396389973514,1.00105316936994,-0.469185391065448,FALSE,0.626307472653523,1.00098609140456
521,"rand=1-2_rate=2_ROB=LH_Bias=Rct20_NRE20-35","1-2",2,"LH","Rct20_NRE20-35",0.182321556793955,0.182321556793955,0.182321556793955,0.182321556793955,0.182321556793955,0.300104592450338,0.198821159461531,0.198821159461531,-0.261350300962411,TRUE,0.693602764170091,1.00098639901738,-0.242839587486634,FALSE,0.42210349115697,1.00117250569448,-0.42401633066718,TRUE,1.22466763192939,1.00098622384365,-0.180193010536057,TRUE,0.435927631290446,1.00098618952695
522,"rand=1-2_rate=2_ROB=LH_Bias=Rct20_NRE20-35","1-2",2,"LH","Rct20_NRE20-35",0.182321556793955,0.182321556793955,0.182321556793955,0.182321556793955,0.182321556793955,0.300104592450338,0.21383069914653,0.21383069914653,-0.231864135463434,TRUE,0.627699671174626,1.00129328373821,-0.208304505781243,FALSE,0.390988221894488,1.00102563745973,-0.29179290087476,TRUE,0.769246555707292,1.00098671993654,-0.177784950272558,TRUE,0.517024718544675,1.00099543016539
523,"rand=1-2_rate=2_ROB=LH_Bias=Rct20_NRE20-35","1-2",2,"LH","Rct20_NRE20-35",0.182321556793955,0.182321556793955,0.182321556793955,0.182321556793955,0.182321556793955,0.300104592450338,0.227100878757967,0.227100878757967,-0.391279405908876,FALSE,0.733628603397534,1.00109819154943,-0.381863561703402,FALSE,0.459815154125019,1.00102147711154,-0.427774558167821,FALSE,0.916944051581338,1.00104199851068,-0.362381281329666,FALSE,0.593569230650683,1.0009908709052
524,"rand=1-2_rate=2_ROB=LH_Bias=Rct20_NRE20-35","1-2",2,"LH","Rct20_NRE20-35",0.182321556793955,0.182321556793955,0.182321556793955,0.182321556793955,0.182321556793955,0.300104592450338,0.212270329031673,0.212270329031673,-0.13625869717215,TRUE,0.633072356165187,1.00112522092115,-0.126188945787757,TRUE,0.419960607633617,1.0009884337278,-0.0431819126977258,TRUE,0.58175943512286,1.00101505445878,-0.163771610384083,TRUE,0.654695156531336,1.00099060746571
525,"rand=1-2_rate=2_ROB=LH_Bias=Rct20_NRE20-35","1-2",2,"LH","Rct20_NRE20-35",0.182321556793955,0.182321556793955,0.182321556793955,0.182321556793955,0.182321556793955,0.300104592450338,0.217842638691129,0.217842638691129,-0.387370966892194,FALSE,0.616784498055189,1.00102609385642,-0.217009570400397,FALSE,0.348101679232516,1.00098905101202,-0.259474705580543,TRUE,0.653012103791816,1.00114702921452,-0.2020700105396,TRUE,0.49037380908652,1.00098756398873
526,"rand=1-2_rate=2_ROB=LH_Bias=Rct20_NRE20-35","1-2",2,"LH","Rct20_NRE20-35",0.182321556793955,0.182321556793955,0.182321556793955,0.182321556793955,0.182321556793955,0.300104592450338,0.211256079941823,0.211256079941823,-0.268299830507905,TRUE,0.689812347954157,1.00100818254452,-0.312580372996403,FALSE,0.445004856498648,1.00098781100196,-0.565204495416246,FALSE,0.901226038904802,1.00103541836495,-0.226144371976274,TRUE,0.550775469057619,1.00100598330452
527,"rand=1-2_rate=2_ROB=LH_Bias=Rct20_NRE20-35","1-2",2,"LH","Rct20_NRE20-35",0.182321556793955,0.182321556793955,0.182321556793955,0.182321556793955,0.182321556793955,0.300104592450338,0.188110562955279,0.188110562955279,-0.217156393118385,TRUE,0.51450107280366,1.00103575421767,-0.24609479582116,FALSE,0.251681440535716,1.00111039489672,-0.140784384993905,TRUE,0.65695614218275,1.00100095395946,-0.263297690633295,FALSE,0.298831283308992,1.00100344411042
528,"rand=1-2_rate=2_ROB=LH_Bias=Rct20_NRE20-35","1-2",2,"LH","Rct20_NRE20-35",0.182321556793955,0.182321556793955,0.182321556793955,0.182321556793955,0.182321556793955,0.300104592450338,0.199469532512155,0.199469532512155,-0.110886919034781,TRUE,0.547598708112462,1.00135989506079,-0.147767142748168,TRUE,0.340524560518483,1.00098983156929,-0.0948533932853308,TRUE,0.596856115422767,1.00160326319155,-0.161757329707483,TRUE,0.491647803527062,1.00100926520633
529,"rand=1-2_rate=2_ROB=LH_Bias=Rct20_NRE20-35","1-2",2,"LH","Rct20_NRE20-35",0.182321556793955,0.182321556793955,0.182321556793955,0.182321556793955,0.182321556793955,0.300104592450338,0.219093279563672,0.219093279563672,-0.362391184292947,FALSE,0.834462168125777,1.00103810174317,-0.416209916086297,FALSE,0.572215382297094,1.00098611967283,-0.482127680441818,TRUE,1.19356468857244,1.00099003112104,-0.386770020829603,FALSE,0.736499879343405,1.00104387732911
530,"rand=1-2_rate=2_ROB=LH_Bias=Rct20_NRE20-35","1-2",2,"LH","Rct20_NRE20-35",0.182321556793955,0.182321556793955,0.182321556793955,0.182321556793955,0.182321556793955,0.300104592450338,0.224574927779379,0.224574927779379,-0.0875531614704597,TRUE,0.679776455974416,1.0010606562224,-0.23050101857236,TRUE,0.523132734733334,1.00098833393117,-0.124318979089218,TRUE,1.14142752875595,1.00112983569939,-0.296121858220305,FALSE,0.630101699884079,1.00099714627763
531,"rand=1-2_rate=2_ROB=LH_Bias=Rct20_NRE20-35","1-2",2,"LH","Rct20_NRE20-35",0.182321556793955,0.182321556793955,0.182321556793955,0.182321556793955,0.182321556793955,0.300104592450338,0.204758191127024,0.204758191127024,-0.256279152988971,TRUE,0.631539148910812,1.00122261674404,-0.347711520586218,FALSE,0.443983523719922,1.00099314324918,-0.261485739353389,TRUE,0.711855901647962,1.00205879388138,-0.384834750296592,FALSE,0.654501325225958,1.00098602403933
532,"rand=1-2_rate=2_ROB=LH_Bias=Rct20_NRE20-35","1-2",2,"LH","Rct20_NRE20-35",0.182321556793955,0.182321556793955,0.182321556793955,0.182321556793955,0.182321556793955,0.300104592450338,0.194070754604749,0.194070754604749,-0.0975537612422774,TRUE,0.590778317002543,1.00133117297187,-0.160478952459908,TRUE,0.402223400940476,1.00100545934018,-0.137632286963283,TRUE,0.666126862368229,1.00128801936264,-0.165017979146508,TRUE,0.587958675306875,1.00106345769283
533,"rand=1-2_rate=2_ROB=LH_Bias=Rct20_NRE20-35","1-2",2,"LH","Rct20_NRE20-35",0.182321556793955,0.182321556793955,0.182321556793955,0.182321556793955,0.182321556793955,0.300104592450338,0.189278822189264,0.189278822189264,-0.410617639061663,FALSE,0.729828849675044,1.00100143381014,-0.455506263909937,FALSE,0.469677570244506,1.00116961290375,-0.628755728153888,FALSE,1.01737193918966,1.00098799770933,-0.403839884147407,FALSE,0.58920598699138,1.00099259113279
534,"rand=1-2_rate=2_ROB=LH_Bias=Rct20_NRE20-35","1-2",2,"LH","Rct20_NRE20-35",0.182321556793955,0.182321556793955,0.182321556793955,0.182321556793955,0.182321556793955,0.300104592450338,0.210823197320381,0.210823197320381,-0.297122394943609,FALSE,0.548540657982153,1.00105294827965,-0.314151916354353,FALSE,0.282500711424468,1.00102224731659,-0.458523902964507,FALSE,0.814986476515053,1.00104853536541,-0.29202481413819,FALSE,0.336981999659533,1.00104326744791
535,"rand=1-2_rate=2_ROB=LH_Bias=Rct20_NRE20-35","1-2",2,"LH","Rct20_NRE20-35",0.182321556793955,0.182321556793955,0.182321556793955,0.182321556793955,0.182321556793955,0.300104592450338,0.201409288278735,0.201409288278735,-0.13625549792043,TRUE,0.482808523283446,1.00100623237952,-0.186500744382206,FALSE,0.270816525570726,1.00100063344242,-0.116800327497357,TRUE,0.78414104035753,1.00111989973555,-0.196978298580616,FALSE,0.308771146747112,1.00100112023985
536,"rand=1-2_rate=2_ROB=LH_Bias=Rct20_NRE20-35","1-2",2,"LH","Rct20_NRE20-35",0.182321556793955,0.182321556793955,0.182321556793955,0.182321556793955,0.182321556793955,0.300104592450338,0.209144155281915,0.209144155281915,-0.296256262912599,FALSE,0.660829151757084,1.00098708825865,-0.295344632407356,FALSE,0.404569005852091,1.00099792002759,-0.052697283552857,TRUE,0.537976000275179,1.00115230070437,-0.398467399171901,FALSE,0.582269168559236,1.0009994353352
537,"rand=1-2_rate=2_ROB=LH_Bias=Rct20_NRE20-35","1-2",2,"LH","Rct20_NRE20-35",0.182321556793955,0.182321556793955,0.182321556793955,0.182321556793955,0.182321556793955,0.300104592450338,0.228700036938219,0.228700036938219,-0.175064652634646,TRUE,0.64381870395091,1.00099319024397,-0.241316929075176,FALSE,0.435543469523639,1.00108826339304,-0.103920717644439,TRUE,0.701902154786332,1.00118944995143,-0.30369914128189,FALSE,0.61431902487907,1.00101993304788
538,"rand=1-2_rate=2_ROB=LH_Bias=Rct20_NRE20-35","1-2",2,"LH","Rct20_NRE20-35",0.182321556793955,0.182321556793955,0.182321556793955,0.182321556793955,0.182321556793955,0.300104592450338,0.208741236315106,0.208741236315106,-0.225965321076807,TRUE,0.726691767087308,1.00099785475037,-0.177889740516789,TRUE,0.470107201582979,1.00098676104842,-0.319155566595058,TRUE,0.781263610146517,1.00101614391677,-0.116786690904845,TRUE,0.665368604315274,1.00100632575086
539,"rand=1-2_rate=2_ROB=LH_Bias=Rct20_NRE20-35","1-2",2,"LH","Rct20_NRE20-35",0.182321556793955,0.182321556793955,0.182321556793955,0.182321556793955,0.182321556793955,0.300104592450338,0.220087430436625,0.220087430436625,-0.204061705255904,TRUE,0.711419283571233,1.00140151010711,-0.301536775950734,FALSE,0.525463923361629,1.00103527335879,-0.175915747552161,TRUE,0.684535728624907,1.00098727761342,-0.363598293689818,FALSE,0.838387041228971,1.00099286303049
540,"rand=1-2_rate=2_ROB=LH_Bias=Rct20_NRE20-35","1-2",2,"LH","Rct20_NRE20-35",0.182321556793955,0.182321556793955,0.182321556793955,0.182321556793955,0.182321556793955,0.300104592450338,0.220121682772105,0.220121682772105,-0.145526527283073,TRUE,0.677359407811079,1.00107970726429,-0.217522781435338,TRUE,0.48966416368943,1.00098757167298,-0.233932156969874,TRUE,0.816175390702006,1.00114573276912,-0.205338028336406,TRUE,0.705365860411702,1.00104592338225
541,"rand=1-2_rate=2_ROB=LH_Bias=Rct20_NRE20-35","1-2",2,"LH","Rct20_NRE20-35",0.182321556793955,0.182321556793955,0.182321556793955,0.182321556793955,0.182321556793955,0.300104592450338,0.22602887297677,0.22602887297677,-0.287326181308272,TRUE,0.663711961916612,1.00100118442272,-0.325850519748108,FALSE,0.421559108189638,1.00098729824781,-0.121426075149965,TRUE,0.610125751848656,1.00099465817033,-0.413529667543079,FALSE,0.603786300447591,1.00103113433107
542,"rand=1-2_rate=2_ROB=LH_Bias=Rct20_NRE20-35","1-2",2,"LH","Rct20_NRE20-35",0.182321556793955,0.182321556793955,0.182321556793955,0.182321556793955,0.182321556793955,0.300104592450338,0.197825375374633,0.197825375374633,-0.502323578861918,FALSE,0.853111436420812,1.00101711882077,-0.298052296338338,FALSE,0.48719529767538,1.00099867939698,-0.227441471052551,TRUE,0.931611823649318,1.00103387233103,-0.328746860034732,FALSE,0.653833380188128,1.00098942683616
543,"rand=1-2_rate=2_ROB=LH_Bias=Rct20_NRE20-35","1-2",2,"LH","Rct20_NRE20-35",0.182321556793955,0.182321556793955,0.182321556793955,0.182321556793955,0.182321556793955,0.300104592450338,0.202175152128206,0.202175152128206,-0.271474402435028,TRUE,0.659742590546573,1.00109272812577,-0.264441307147958,FALSE,0.387617432176864,1.00098613822021,-0.139425503943599,TRUE,0.814556852875636,1.00099034290316,-0.30649275604601,FALSE,0.486990070588237,1.00098813447167
544,"rand=1-2_rate=2_ROB=LH_Bias=Rct20_NRE20-35","1-2",2,"LH","Rct20_NRE20-35",0.182321556793955,0.182321556793955,0.182321556793955,0.182321556793955,0.182321556793955,0.300104592450338,0.212979712275044,0.212979712275044,-0.14847244625575,TRUE,0.601029875349296,1.00098816492462,-0.19794916916891,FALSE,0.398117253267158,1.00102296517163,-0.100188207896139,TRUE,0.617104774892953,1.00125888275498,-0.236610461735333,TRUE,0.592558060133882,1.00099545533501
545,"rand=1-2_rate=2_ROB=LH_Bias=Rct20_NRE20-35","1-2",2,"LH","Rct20_NRE20-35",0.182321556793955,0.182321556793955,0.182321556793955,0.182321556793955,0.182321556793955,0.300104592450338,0.213978753830126,0.213978753830126,-0.129170274657206,TRUE,0.670049222094661,1.00098890552944,-0.192240285000637,TRUE,0.484802641350636,1.0010159012695,0.0820496611172941,TRUE,0.69251694677866,1.00102011240716,-0.346568431619604,FALSE,0.668523999609453,1.0010687964494
546,"rand=1-2_rate=2_ROB=LH_Bias=Rct20_NRE20-35","1-2",2,"LH","Rct20_NRE20-35",0.182321556793955,0.182321556793955,0.182321556793955,0.182321556793955,0.182321556793955,0.300104592450338,0.212755572947687,0.212755572947687,-0.157725164835237,TRUE,0.709395019886304,1.00099172736616,-0.260778256097612,FALSE,0.525781813053297,1.00100482454419,-0.406406610462683,FALSE,0.974480101930097,1.00098737120068,-0.190400524070441,TRUE,0.71389112682739,1.0009996058259
547,"rand=1-2_rate=2_ROB=LH_Bias=Rct20_NRE20-35","1-2",2,"LH","Rct20_NRE20-35",0.182321556793955,0.182321556793955,0.182321556793955,0.182321556793955,0.182321556793955,0.300104592450338,0.201547095711853,0.201547095711853,-0.217319733610227,TRUE,0.679186030754006,1.00137472874646,-0.327771205322003,FALSE,0.491535200449107,1.00101498828131,-0.167947282575497,TRUE,0.674665638101669,1.00100181320562,-0.404307850903089,FALSE,0.747460271244589,1.00099320483779
548,"rand=1-2_rate=2_ROB=LH_Bias=Rct20_NRE20-35","1-2",2,"LH","Rct20_NRE20-35",0.182321556793955,0.182321556793955,0.182321556793955,0.182321556793955,0.182321556793955,0.300104592450338,0.20588315550975,0.20588315550975,-0.329270288085148,FALSE,0.690921014767049,1.00098648909177,-0.36427102310509,FALSE,0.412039988514754,1.00113948482817,-0.0491179320148478,TRUE,0.70646293061023,1.00109107014695,-0.473093473647352,FALSE,0.487455324880263,1.00099731330966
549,"rand=1-2_rate=2_ROB=LH_Bias=Rct20_NRE20-35","1-2",2,"LH","Rct20_NRE20-35",0.182321556793955,0.182321556793955,0.182321556793955,0.182321556793955,0.182321556793955,0.300104592450338,0.209471154441213,0.209471154441213,-0.278966494335574,TRUE,0.776947725780117,1.00098664197554,-0.31044913407182,FALSE,0.520316869796149,1.00100469687702,-0.17424823636979,TRUE,0.827449060372107,1.00102709634042,-0.366633512205948,FALSE,0.750841504543837,1.0009960241024
550,"rand=1-2_rate=2_ROB=LH_Bias=Rct20_NRE20-35","1-2",2,"LH","Rct20_NRE20-35",0.182321556793955,0.182321556793955,0.182321556793955,0.182321556793955,0.182321556793955,0.300104592450338,0.210146366177308,0.210146366177308,-0.105319088035142,TRUE,0.52995055783571,1.00109484096512,-0.30191248453053,FALSE,0.437534274915523,1.00109690720661,-0.251222184032903,TRUE,0.888688608831787,1.00098899710895,-0.320103861710751,FALSE,0.573402167093295,1.00098835921652
551,"rand=1-2_rate=2_ROB=LH_Bias=Rct20_NRE20-35","1-2",2,"LH","Rct20_NRE20-35",0.182321556793955,0.182321556793955,0.182321556793955,0.182321556793955,0.182321556793955,0.300104592450338,0.224554415906357,0.224554415906357,-0.117646432877913,TRUE,0.53194649916065,1.0011051557421,-0.207485418828943,FALSE,0.347398342980866,1.00101064983195,-0.153102179455967,TRUE,0.698320381953443,1.0010155883711,-0.2250156475728,FALSE,0.450402786681273,1.00099786388791
552,"rand=1-2_rate=2_ROB=LH_Bias=Rct20_NRE20-35","1-2",2,"LH","Rct20_NRE20-35",0.182321556793955,0.182321556793955,0.182321556793955,0.182321556793955,0.182321556793955,0.300104592450338,0.222448640490379,0.222448640490379,-0.356625814157058,FALSE,0.622757319484095,1.00098682752038,-0.425177932485182,FALSE,0.382860000763187,1.00099421066557,-0.360598580262291,FALSE,0.767776195773392,1.00115944247864,-0.442273038902394,FALSE,0.499698632607736,1.00099411340878
553,"rand=1-2_rate=2_ROB=LH_Bias=Rct20_NRE20-35","1-2",2,"LH","Rct20_NRE20-35",0.182321556793955,0.182321556793955,0.182321556793955,0.182321556793955,0.182321556793955,0.300104592450338,0.211317671113126,0.211317671113126,-0.610460798558019,FALSE,0.928773238145438,1.00103439133683,-0.461132765043438,FALSE,0.561922393948138,1.00112322787171,-0.524490632530117,TRUE,1.4459470988873,1.00102350247049,-0.434073862563542,FALSE,0.65502538655944,1.00108759710457
554,"rand=1-2_rate=2_ROB=LH_Bias=Rct20_NRE20-35","1-2",2,"LH","Rct20_NRE20-35",0.182321556793955,0.182321556793955,0.182321556793955,0.182321556793955,0.182321556793955,0.300104592450338,0.232342121663824,0.232342121663824,-0.085995483086031,TRUE,0.463761531177098,1.00131620661533,-0.16707572771087,FALSE,0.262630874171098,1.00102407942894,-0.062844451472033,TRUE,0.593432737614089,1.00098988452661,-0.189058221384798,FALSE,0.331146515841744,1.001000961381
555,"rand=1-2_rate=2_ROB=LH_Bias=Rct20_NRE20-35","1-2",2,"LH","Rct20_NRE20-35",0.182321556793955,0.182321556793955,0.182321556793955,0.182321556793955,0.182321556793955,0.300104592450338,0.211072770512499,0.211072770512499,-0.180517591730281,TRUE,0.759659018732582,1.00102569362394,-0.285285111436037,FALSE,0.584095154938225,1.00101405785527,-0.223552827928417,TRUE,0.8966721678204,1.00103402089022,-0.316348248211786,TRUE,0.889445832672078,1.00105975585024
556,"rand=1-2_rate=2_ROB=LH_Bias=Rct20_NRE20-35","1-2",2,"LH","Rct20_NRE20-35",0.182321556793955,0.182321556793955,0.182321556793955,0.182321556793955,0.182321556793955,0.300104592450338,0.208475193625247,0.208475193625247,-0.158015229916691,TRUE,0.584311173055576,1.00100068626414,-0.366026521235414,FALSE,0.470530287717532,1.00099910215366,0.0585676474397524,TRUE,0.532299306229927,1.00106016526202,-0.558340285961864,FALSE,0.618629374268598,1.00103442967499
557,"rand=1-2_rate=2_ROB=LH_Bias=Rct20_NRE20-35","1-2",2,"LH","Rct20_NRE20-35",0.182321556793955,0.182321556793955,0.182321556793955,0.182321556793955,0.182321556793955,0.300104592450338,0.22830685928228,0.22830685928228,-0.269329570256657,FALSE,0.606391592125832,1.00103911978828,-0.31748854396196,FALSE,0.360884052528426,1.00098962624712,-0.135124004832226,TRUE,0.736095971468512,1.00110746810916,-0.371686593452996,FALSE,0.43469649138401,1.0009865829435
558,"rand=1-2_rate=2_ROB=LH_Bias=Rct20_NRE20-35","1-2",2,"LH","Rct20_NRE20-35",0.182321556793955,0.182321556793955,0.182321556793955,0.182321556793955,0.182321556793955,0.300104592450338,0.199066745837006,0.199066745837006,-0.191539409228878,TRUE,0.595517719841538,1.00105941466718,-0.177095820130434,FALSE,0.358082925431106,1.00098607300543,-0.24582948599675,TRUE,0.714957296951455,1.00149186470711,-0.154944784543799,TRUE,0.475051635998612,1.00107550695869
559,"rand=1-2_rate=2_ROB=LH_Bias=Rct20_NRE20-35","1-2",2,"LH","Rct20_NRE20-35",0.182321556793955,0.182321556793955,0.182321556793955,0.182321556793955,0.182321556793955,0.300104592450338,0.225560512191974,0.225560512191974,-0.199549725740545,TRUE,0.555110629339738,1.00099432307184,-0.321623004950065,FALSE,0.420210893334111,1.00099502982452,-0.209314628824715,TRUE,0.61639500306627,1.00099012581731,-0.368808838000971,FALSE,0.630159191310838,1.0010236695945
560,"rand=1-2_rate=2_ROB=LH_Bias=Rct20_NRE20-35","1-2",2,"LH","Rct20_NRE20-35",0.182321556793955,0.182321556793955,0.182321556793955,0.182321556793955,0.182321556793955,0.300104592450338,0.210800976095798,0.210800976095798,-0.0942634028756915,TRUE,0.48683825481713,1.00099472671417,-0.168675792780131,FALSE,0.304254235395787,1.00099734214775,-0.203064620062466,TRUE,0.652946669183751,1.00262042206984,-0.157114624264306,TRUE,0.401589827677071,1.00098600862191
561,"rand=1-2_rate=2_ROB=LH_Bias=Rct20_NRE20-35","1-2",2,"LH","Rct20_NRE20-35",0.182321556793955,0.182321556793955,0.182321556793955,0.182321556793955,0.182321556793955,0.300104592450338,0.19319376214849,0.19319376214849,-0.428516743211977,FALSE,0.788821643579689,1.00124788483441,-0.312678455893524,FALSE,0.461918121986347,1.00110474688773,-0.454892001151459,FALSE,1.01039716592558,1.00120807998888,-0.261885525801242,FALSE,0.5744968757321,1.00098627709728
562,"rand=1-2_rate=2_ROB=LH_Bias=Rct20_NRE20-35","1-2",2,"LH","Rct20_NRE20-35",0.182321556793955,0.182321556793955,0.182321556793955,0.182321556793955,0.182321556793955,0.300104592450338,0.218983508054122,0.218983508054122,-0.285092999175447,TRUE,0.651983547344986,1.00100017877944,-0.246141349596361,FALSE,0.402757192435996,1.00110196870522,-0.342192349926276,FALSE,0.737956815388396,1.00172275287495,-0.212140490373661,TRUE,0.555347213660331,1.00103369940546
563,"rand=1-2_rate=2_ROB=LH_Bias=Rct20_NRE20-35","1-2",2,"LH","Rct20_NRE20-35",0.182321556793955,0.182321556793955,0.182321556793955,0.182321556793955,0.182321556793955,0.300104592450338,0.197365335284603,0.197365335284603,-0.131397221417911,TRUE,0.576755626515162,1.00099401446657,-0.255172391009089,FALSE,0.43987840090717,1.00099554472548,-0.150193512854803,TRUE,0.824247140592087,1.00098771829446,-0.29983683305154,FALSE,0.596956432834774,1.00098690606651
564,"rand=1-2_rate=2_ROB=LH_Bias=Rct20_NRE20-35","1-2",2,"LH","Rct20_NRE20-35",0.182321556793955,0.182321556793955,0.182321556793955,0.182321556793955,0.182321556793955,0.300104592450338,0.203062286325351,0.203062286325351,-0.175255270746075,TRUE,0.726036191912017,1.00102730020671,-0.23218679003044,FALSE,0.506127620468951,1.00098600519826,-0.218153220901536,TRUE,0.992609785875312,1.00104891117799,-0.241851662715334,TRUE,0.690273884929366,1.00099460351766
565,"rand=1-2_rate=2_ROB=LH_Bias=Rct20_NRE20-35","1-2",2,"LH","Rct20_NRE20-35",0.182321556793955,0.182321556793955,0.182321556793955,0.182321556793955,0.182321556793955,0.300104592450338,0.226340122714686,0.226340122714686,-0.278527719432874,TRUE,0.669283374381436,1.00136207985733,-0.270220872112259,FALSE,0.409561787900715,1.00103023061949,-0.113725960835011,TRUE,0.696120965755681,1.00102285355172,-0.329784823484399,FALSE,0.560135960853412,1.0009970673056
566,"rand=1-2_rate=2_ROB=LH_Bias=Rct20_NRE20-35","1-2",2,"LH","Rct20_NRE20-35",0.182321556793955,0.182321556793955,0.182321556793955,0.182321556793955,0.182321556793955,0.300104592450338,0.200484276697959,0.200484276697959,-0.200274379565838,TRUE,0.612395864383023,1.00101684800222,-0.115676501705917,TRUE,0.356354650252873,1.00099664101245,-0.186410017567056,TRUE,0.719451270834472,1.00101229628828,-0.0926287541420396,TRUE,0.462702339483751,1.00099746588649
567,"rand=1-2_rate=2_ROB=LH_Bias=Rct20_NRE20-35","1-2",2,"LH","Rct20_NRE20-35",0.182321556793955,0.182321556793955,0.182321556793955,0.182321556793955,0.182321556793955,0.300104592450338,0.214810529086001,0.214810529086001,-0.123004774876676,TRUE,0.54006284234578,1.00099310060035,-0.2402269521668,FALSE,0.412501765418604,1.00102986257079,-0.148314526026929,TRUE,0.735230133608663,1.00109796952402,-0.27944744359038,FALSE,0.565178588939347,1.0009982303188
568,"rand=1-2_rate=2_ROB=LH_Bias=Rct20_NRE20-35","1-2",2,"LH","Rct20_NRE20-35",0.182321556793955,0.182321556793955,0.182321556793955,0.182321556793955,0.182321556793955,0.300104592450338,0.216574438516422,0.216574438516422,-0.313359650323492,FALSE,0.720752057734486,1.00107226080439,-0.366281822705534,FALSE,0.497488088450215,1.00098972031162,-0.228745683189869,TRUE,0.713193478059824,1.00120349171403,-0.42835120929831,FALSE,0.74893059587646,1.00098668106264
569,"rand=1-2_rate=2_ROB=LH_Bias=Rct20_NRE20-35","1-2",2,"LH","Rct20_NRE20-35",0.182321556793955,0.182321556793955,0.182321556793955,0.182321556793955,0.182321556793955,0.300104592450338,0.210458305305235,0.210458305305235,-0.317591771344858,FALSE,0.711342857560769,1.00108547939658,-0.344552901232576,FALSE,0.459559050526314,1.00099401263499,-0.449142432940741,FALSE,1.00296531277975,1.00106908671954,-0.304119943510017,FALSE,0.578323215457254,1.00101454769298
570,"rand=1-2_rate=2_ROB=LH_Bias=Rct20_NRE20-35","1-2",2,"LH","Rct20_NRE20-35",0.182321556793955,0.182321556793955,0.182321556793955,0.182321556793955,0.182321556793955,0.300104592450338,0.212883800709374,0.212883800709374,-0.142013893980458,TRUE,0.531474635156917,1.00117884339392,-0.14505211464204,FALSE,0.290542741816451,1.00099155841478,-0.121432547120121,TRUE,0.731220773102044,1.00117087734086,-0.150124196548675,TRUE,0.348996090250807,1.00098812268
571,"rand=1-2_rate=2_ROB=LH_Bias=Rct20_NRE20-35","1-2",2,"LH","Rct20_NRE20-35",0.182321556793955,0.182321556793955,0.182321556793955,0.182321556793955,0.182321556793955,0.300104592450338,0.211472840085029,0.211472840085029,-0.303845160574588,FALSE,0.664696935337165,1.00099434897765,-0.35123042454003,FALSE,0.412841124742078,1.00099721472529,-0.15000573101892,TRUE,0.793780228090587,1.00098845479353,-0.418271709144412,FALSE,0.518482335023432,1.00098809945492
572,"rand=1-2_rate=2_ROB=LH_Bias=Rct20_NRE20-35","1-2",2,"LH","Rct20_NRE20-35",0.182321556793955,0.182321556793955,0.182321556793955,0.182321556793955,0.182321556793955,0.300104592450338,0.214360517740789,0.214360517740789,-0.177968583316799,TRUE,0.633381187888023,1.00163341495097,-0.120069155276184,TRUE,0.35012104472392,1.00099773518812,-0.285089151887023,TRUE,0.695980463929108,1.00105012884374,-0.0743331267504812,TRUE,0.459552826554677,1.00100657149947
573,"rand=1-2_rate=2_ROB=LH_Bias=Rct20_NRE20-35","1-2",2,"LH","Rct20_NRE20-35",0.182321556793955,0.182321556793955,0.182321556793955,0.182321556793955,0.182321556793955,0.300104592450338,0.230689408016405,0.230689408016405,-0.341473790685463,FALSE,0.654445425940885,1.00113474597665,-0.26932669004181,FALSE,0.392650769258546,1.00101526015215,-0.362125472909601,FALSE,0.735824216735677,1.00126796819795,-0.23935289409905,TRUE,0.545226372069828,1.00104142841071
574,"rand=1-2_rate=2_ROB=LH_Bias=Rct20_NRE20-35","1-2",2,"LH","Rct20_NRE20-35",0.182321556793955,0.182321556793955,0.182321556793955,0.182321556793955,0.182321556793955,0.300104592450338,0.202049703522038,0.202049703522038,-0.249278299432427,TRUE,0.734777017981738,1.00105692271056,-0.246767646847099,FALSE,0.493017053723407,1.00099976033283,-0.382837836895092,FALSE,0.887499466656344,1.00108274391338,-0.185399185321178,TRUE,0.680391079771067,1.00098737986897
575,"rand=1-2_rate=2_ROB=LH_Bias=Rct20_NRE20-35","1-2",2,"LH","Rct20_NRE20-35",0.182321556793955,0.182321556793955,0.182321556793955,0.182321556793955,0.182321556793955,0.300104592450338,0.221615374211001,0.221615374211001,-0.283484722455342,FALSE,0.630346980130782,1.00102508717224,-0.272587590264791,FALSE,0.360802642250449,1.00099961789998,-0.174408291207113,TRUE,0.817257719852992,1.00103559531022,-0.30292961234381,FALSE,0.440581861764471,1.00098754067221
576,"rand=1-2_rate=2_ROB=LH_Bias=Rct20_NRE20-35","1-2",2,"LH","Rct20_NRE20-35",0.182321556793955,0.182321556793955,0.182321556793955,0.182321556793955,0.182321556793955,0.300104592450338,0.202665548055185,0.202665548055185,-0.280521273497985,TRUE,0.672330855836331,1.00100915684495,-0.240743479046656,FALSE,0.399811160694605,1.00103051930934,-0.353189793658817,FALSE,0.761541236865926,1.00101875753601,-0.20476951497155,TRUE,0.539741087449793,1.00099374033653
577,"rand=1-2_rate=2_ROB=LH_Bias=Rct20_NRE20-35","1-2",2,"LH","Rct20_NRE20-35",0.182321556793955,0.182321556793955,0.182321556793955,0.182321556793955,0.182321556793955,0.300104592450338,0.207411234627179,0.207411234627179,-0.247852427610059,TRUE,0.700707200095842,1.00105639336266,-0.240778868693525,FALSE,0.433121057472029,1.00102366948379,-0.253744145365619,TRUE,0.987450305751918,1.00098897661017,-0.235456430170237,TRUE,0.529352828609346,1.00101749676692
578,"rand=1-2_rate=2_ROB=LH_Bias=Rct20_NRE20-35","1-2",2,"LH","Rct20_NRE20-35",0.182321556793955,0.182321556793955,0.182321556793955,0.182321556793955,0.182321556793955,0.300104592450338,0.215294792421575,0.215294792421575,-0.294206953411203,TRUE,0.683120739896053,1.00099273953311,-0.435672556349977,FALSE,0.477359523122291,1.00102224349489,-0.298811149968101,TRUE,0.772959487584466,1.00098616871083,-0.489075422395954,FALSE,0.679617403274839,1.00099469431609
579,"rand=1-2_rate=2_ROB=LH_Bias=Rct20_NRE20-35","1-2",2,"LH","Rct20_NRE20-35",0.182321556793955,0.182321556793955,0.182321556793955,0.182321556793955,0.182321556793955,0.300104592450338,0.208802399791799,0.208802399791799,-0.288085669653932,TRUE,0.693823757239615,1.00098952373084,-0.231846788516199,FALSE,0.414149703631602,1.00098598995033,-0.317159031415338,TRUE,0.855666138670097,1.00101582365228,-0.200672137748891,TRUE,0.535450818313393,1.00098913667183
580,"rand=1-2_rate=2_ROB=LH_Bias=Rct20_NRE20-35","1-2",2,"LH","Rct20_NRE20-35",0.182321556793955,0.182321556793955,0.182321556793955,0.182321556793955,0.182321556793955,0.300104592450338,0.231439088469221,0.231439088469221,-0.321021823507216,TRUE,0.789299587613121,1.0009874279693,-0.382267255508948,FALSE,0.535057624183606,1.00100115660824,-0.429778432832947,TRUE,1.25276930481076,1.00098966324193,-0.359084233137554,FALSE,0.639882941815507,1.00099474074907
581,"rand=1-2_rate=2_ROB=LH_Bias=Rct20_NRE20-35","1-2",2,"LH","Rct20_NRE20-35",0.182321556793955,0.182321556793955,0.182321556793955,0.182321556793955,0.182321556793955,0.300104592450338,0.199258163352292,0.199258163352292,-0.352314015892505,FALSE,0.655912936518882,1.00132876681337,-0.299382882220874,FALSE,0.38804441694365,1.00099956673104,0.000539211441469511,TRUE,0.557389978355468,1.00158133510522,-0.426126953811449,FALSE,0.522575219819597,1.00098657399968
582,"rand=1-2_rate=2_ROB=LH_Bias=Rct20_NRE20-35","1-2",2,"LH","Rct20_NRE20-35",0.182321556793955,0.182321556793955,0.182321556793955,0.182321556793955,0.182321556793955,0.300104592450338,0.216085581598828,0.216085581598828,-0.205513308204984,TRUE,0.595912750849661,1.00136000130068,-0.347592004685721,FALSE,0.449383325525831,1.0009900949524,-0.120934237215536,TRUE,0.622695491724486,1.00101815664555,-0.451288249230188,FALSE,0.66202369313463,1.00098822191282
583,"rand=1-2_rate=2_ROB=LH_Bias=Rct20_NRE20-35","1-2",2,"LH","Rct20_NRE20-35",0.182321556793955,0.182321556793955,0.182321556793955,0.182321556793955,0.182321556793955,0.300104592450338,0.215850598835855,0.215850598835855,-0.118430044489828,TRUE,0.505389935375558,1.00099272325932,-0.172264889654789,FALSE,0.309010751346867,1.0010469583911,-0.139532162723287,TRUE,0.668687712913171,1.00098656623576,-0.180155512453956,FALSE,0.393650137052619,1.00098643731138
584,"rand=1-2_rate=2_ROB=LH_Bias=Rct20_NRE20-35","1-2",2,"LH","Rct20_NRE20-35",0.182321556793955,0.182321556793955,0.182321556793955,0.182321556793955,0.182321556793955,0.300104592450338,0.221002765342072,0.221002765342072,-0.198660676685178,TRUE,0.670669631096663,1.00099349647469,-0.207880285327786,TRUE,0.449307868106921,1.00105113440239,-0.0570338742005021,TRUE,1.09389641683759,1.00104247495202,-0.273173303859054,FALSE,0.463687757090139,1.00100320878023
585,"rand=1-2_rate=2_ROB=LH_Bias=Rct20_NRE20-35","1-2",2,"LH","Rct20_NRE20-35",0.182321556793955,0.182321556793955,0.182321556793955,0.182321556793955,0.182321556793955,0.300104592450338,0.214282543782359,0.214282543782359,-0.268029250172531,TRUE,0.685574998233656,1.00112156550819,-0.248827356314665,FALSE,0.445801073827333,1.00098617881245,-0.124983286443092,TRUE,0.641426150436846,1.00172151132576,-0.296102871451108,FALSE,0.668085330355821,1.00098599566615
586,"rand=1-2_rate=2_ROB=LH_Bias=Rct20_NRE20-35","1-2",2,"LH","Rct20_NRE20-35",0.182321556793955,0.182321556793955,0.182321556793955,0.182321556793955,0.182321556793955,0.300104592450338,0.216560631833554,0.216560631833554,-0.169571308669273,TRUE,0.616610046336404,1.00098778546126,-0.305982335595766,FALSE,0.436142459361599,1.00102103962416,-0.273016889049963,TRUE,0.851066404392704,1.00099811510083,-0.316877190683211,FALSE,0.568877697111411,1.00098716708303
587,"rand=1-2_rate=2_ROB=LH_Bias=Rct20_NRE20-35","1-2",2,"LH","Rct20_NRE20-35",0.182321556793955,0.182321556793955,0.182321556793955,0.182321556793955,0.182321556793955,0.300104592450338,0.229273422827292,0.229273422827292,-0.479593092497785,FALSE,0.80218562296367,1.00101478518566,-0.385378322025119,FALSE,0.514260643351286,1.00099213300669,-0.42379733197292,FALSE,0.841043014485479,1.00122588567875,-0.36666234724864,FALSE,0.748358176298964,1.00098999848035
588,"rand=1-2_rate=2_ROB=LH_Bias=Rct20_NRE20-35","1-2",2,"LH","Rct20_NRE20-35",0.182321556793955,0.182321556793955,0.182321556793955,0.182321556793955,0.182321556793955,0.300104592450338,0.20919947178929,0.20919947178929,0.0208175421525958,TRUE,0.453117084940713,1.00125718848746,-0.103163813912115,TRUE,0.347035994660576,1.00101618343712,0.0300553864976824,TRUE,0.576450323158858,1.00133804193462,-0.153379076183649,TRUE,0.479047677655801,1.0010058266292
589,"rand=1-2_rate=2_ROB=LH_Bias=Rct20_NRE20-35","1-2",2,"LH","Rct20_NRE20-35",0.182321556793955,0.182321556793955,0.182321556793955,0.182321556793955,0.182321556793955,0.300104592450338,0.200895086993009,0.200895086993009,-0.308011692734927,FALSE,0.655922705224856,1.00099220968526,-0.397182576354424,FALSE,0.440319202488114,1.00100446474707,-0.345027572256573,TRUE,0.834247469582767,1.0009955397927,-0.416769493496012,FALSE,0.587120624954443,1.00103972893655
590,"rand=1-2_rate=2_ROB=LH_Bias=Rct20_NRE20-35","1-2",2,"LH","Rct20_NRE20-35",0.182321556793955,0.182321556793955,0.182321556793955,0.182321556793955,0.182321556793955,0.300104592450338,0.208365282165092,0.208365282165092,-0.0793885970599582,TRUE,0.532310659493963,1.0009875576057,-0.140324068917303,TRUE,0.347506095454355,1.00110061041126,-0.0123823585994836,TRUE,0.586867467333087,1.00121526290838,-0.191083919372464,TRUE,0.474062384057128,1.00099349446752
591,"rand=1-2_rate=2_ROB=LH_Bias=Rct20_NRE20-35","1-2",2,"LH","Rct20_NRE20-35",0.182321556793955,0.182321556793955,0.182321556793955,0.182321556793955,0.182321556793955,0.300104592450338,0.220775855611236,0.220775855611236,-0.242760029205425,TRUE,0.651335468523957,1.00112499690592,-0.276048765233616,FALSE,0.413985643474557,1.00099811884761,-0.436275788706391,FALSE,0.844543096047972,1.0011263526061,-0.218407849155514,TRUE,0.536756845808934,1.00100328729067
592,"rand=1-2_rate=2_ROB=LH_Bias=Rct20_NRE20-35","1-2",2,"LH","Rct20_NRE20-35",0.182321556793955,0.182321556793955,0.182321556793955,0.182321556793955,0.182321556793955,0.300104592450338,0.228171385654713,0.228171385654713,-0.512614110811566,FALSE,0.801662427557915,1.00129273749958,-0.468969541920023,FALSE,0.500163696150376,1.00098865005271,-0.471459364940231,FALSE,0.926908670654673,1.00099379523816,-0.470438859670177,FALSE,0.675894635943934,1.00100328433129
593,"rand=1-2_rate=2_ROB=LH_Bias=Rct20_NRE20-35","1-2",2,"LH","Rct20_NRE20-35",0.182321556793955,0.182321556793955,0.182321556793955,0.182321556793955,0.182321556793955,0.300104592450338,0.207830234408057,0.207830234408057,-0.0307293840351284,TRUE,0.56270409419966,1.00098601375982,-0.252140852476259,FALSE,0.544740476896475,1.00104203694864,-0.00858673875327898,TRUE,0.713936346181678,1.00113924094118,-0.407757735295297,FALSE,0.848591688665101,1.00100659094155
594,"rand=1-2_rate=2_ROB=LH_Bias=Rct20_NRE20-35","1-2",2,"LH","Rct20_NRE20-35",0.182321556793955,0.182321556793955,0.182321556793955,0.182321556793955,0.182321556793955,0.300104592450338,0.208984500153053,0.208984500153053,-0.279452473869491,TRUE,0.691359294689805,1.0013450948469,-0.351064224757627,FALSE,0.472463551128207,1.00098599318161,-0.248185653194432,TRUE,0.768367223153031,1.00141506123534,-0.389760115252164,FALSE,0.675621342760384,1.00099755916497
595,"rand=1-2_rate=2_ROB=LH_Bias=Rct20_NRE20-35","1-2",2,"LH","Rct20_NRE20-35",0.182321556793955,0.182321556793955,0.182321556793955,0.182321556793955,0.182321556793955,0.300104592450338,0.229190507661154,0.229190507661154,-0.153251228968004,TRUE,0.612176664017256,1.00100414870203,-0.219138200244852,FALSE,0.387128469960968,1.00103894009748,-0.0395509482202543,TRUE,0.786501255703831,1.00100355879806,-0.28482341669456,FALSE,0.469466049211823,1.00104780590704
596,"rand=1-2_rate=2_ROB=LH_Bias=Rct20_NRE20-35","1-2",2,"LH","Rct20_NRE20-35",0.182321556793955,0.182321556793955,0.182321556793955,0.182321556793955,0.182321556793955,0.300104592450338,0.221711832722584,0.221711832722584,-0.180157419773313,TRUE,0.587658330983696,1.00100876572152,-0.359113118513607,FALSE,0.493397872379167,1.00099641716047,-0.191247429119167,TRUE,0.643024761593117,1.00120771453803,-0.440177582347081,FALSE,0.775277335047461,1.00099691258394
597,"rand=1-2_rate=2_ROB=LH_Bias=Rct20_NRE20-35","1-2",2,"LH","Rct20_NRE20-35",0.182321556793955,0.182321556793955,0.182321556793955,0.182321556793955,0.182321556793955,0.300104592450338,0.212976725514268,0.212976725514268,-0.0874950112768811,TRUE,0.565290621271976,1.00099724988786,-0.196661927674263,TRUE,0.431840352368582,1.00098615529716,-0.00895231405848906,TRUE,0.601895415146879,1.00098746424559,-0.288450316747814,FALSE,0.639136511959523,1.00100333739988
598,"rand=1-2_rate=2_ROB=LH_Bias=Rct20_NRE20-35","1-2",2,"LH","Rct20_NRE20-35",0.182321556793955,0.182321556793955,0.182321556793955,0.182321556793955,0.182321556793955,0.300104592450338,0.210890039352496,0.210890039352496,-0.186211190486246,TRUE,0.678460166431536,1.00107654207609,-0.256429967729165,FALSE,0.506741691229553,1.00106546135788,-0.217633217329129,TRUE,0.71315790711,1.0015227295623,-0.272759339654999,TRUE,0.788344170674007,1.00100171656224
599,"rand=1-2_rate=2_ROB=LH_Bias=Rct20_NRE20-35","1-2",2,"LH","Rct20_NRE20-35",0.182321556793955,0.182321556793955,0.182321556793955,0.182321556793955,0.182321556793955,0.300104592450338,0.205720327796621,0.205720327796621,-0.118197633633925,TRUE,0.631632887809629,1.00100010581278,-0.286324013359033,FALSE,0.51758417859932,1.00100764242184,-0.144574091037406,TRUE,0.765498365999943,1.0009904604343,-0.355846893431819,FALSE,0.788828476459839,1.00098619829624
600,"rand=1-2_rate=2_ROB=LH_Bias=Rct20_NRE20-35","1-2",2,"LH","Rct20_NRE20-35",0.182321556793955,0.182321556793955,0.182321556793955,0.182321556793955,0.182321556793955,0.300104592450338,0.210671137192217,0.210671137192217,-0.194014309279734,TRUE,0.697896520897867,1.0009918901869,-0.222453498724444,FALSE,0.478610058886324,1.00099154530989,-0.475266713612609,FALSE,0.854374560766812,1.00228384075828,-0.115454192288373,TRUE,0.623142518475518,1.00099165147656
601,"rand=1-2_rate=2_ROB=LH_Bias=Rct20_NRE20-35","1-2",2,"LH","Rct20_NRE20-35",0.182321556793955,0.182321556793955,0.182321556793955,0.182321556793955,0.182321556793955,0.300104592450338,0.221342396753766,0.221342396753766,-0.0368934316975222,TRUE,0.535045040940328,1.00101049161554,-0.186203863519894,TRUE,0.40253355246784,1.00100065366909,0.0860313741961439,TRUE,0.491168908514072,1.00144926941505,-0.310404105587282,FALSE,0.599815706608492,1.000985995113
602,"rand=1-2_rate=2_ROB=LH_Bias=Rct20_NRE20-35","1-2",2,"LH","Rct20_NRE20-35",0.182321556793955,0.182321556793955,0.182321556793955,0.182321556793955,0.182321556793955,0.300104592450338,0.20303654170183,0.20303654170183,-0.0563129083328311,TRUE,0.548766272745433,1.00113455881614,-0.107680652868614,TRUE,0.361992889845614,1.0010209540382,0.00989424536404881,TRUE,0.625524199024228,1.00100716723209,-0.15829098353482,TRUE,0.497418372848565,1.00099877032263
603,"rand=1-2_rate=2_ROB=LH_Bias=Rct20_NRE20-35","1-2",2,"LH","Rct20_NRE20-35",0.182321556793955,0.182321556793955,0.182321556793955,0.182321556793955,0.182321556793955,0.300104592450338,0.2096966254587,0.2096966254587,-0.387416220495801,FALSE,0.821927756785439,1.00103946113019,-0.304646437851501,FALSE,0.554999469441064,1.00100356397665,-0.536782869831175,FALSE,0.897461393487654,1.00120545494864,-0.194242418017586,TRUE,0.763166984405603,1.00098779259878
604,"rand=1-2_rate=2_ROB=LH_Bias=Rct20_NRE20-35","1-2",2,"LH","Rct20_NRE20-35",0.182321556793955,0.182321556793955,0.182321556793955,0.182321556793955,0.182321556793955,0.300104592450338,0.229437155255494,0.229437155255494,-0.270088463754291,TRUE,0.748976885375095,1.00138202501942,-0.36931579704958,FALSE,0.541807226035754,1.00100064451226,-0.274671198797038,TRUE,0.838422357195446,1.00120590551107,-0.397267446294933,FALSE,0.793223910591863,1.00099262440661
605,"rand=1-2_rate=2_ROB=LH_Bias=Rct20_NRE20-35","1-2",2,"LH","Rct20_NRE20-35",0.182321556793955,0.182321556793955,0.182321556793955,0.182321556793955,0.182321556793955,0.300104592450338,0.232734022868328,0.232734022868328,-0.0840919039190573,TRUE,0.592770102615004,1.00122283006694,-0.21599314575747,FALSE,0.444406736720244,1.00098803155401,-0.192490891470721,TRUE,0.808383566414753,1.00115198351061,-0.223813388201934,TRUE,0.609798173063919,1.00099776895857
606,"rand=1-2_rate=2_ROB=LH_Bias=Rct20_NRE20-35","1-2",2,"LH","Rct20_NRE20-35",0.182321556793955,0.182321556793955,0.182321556793955,0.182321556793955,0.182321556793955,0.300104592450338,0.234288313945903,0.234288313945903,-0.312787632500081,TRUE,0.826296765424486,1.00098829490762,-0.303016161926457,FALSE,0.56108697690239,1.00101197676274,-0.136130184525306,TRUE,0.737957266599521,1.0011489121251,-0.411758985364796,FALSE,0.896990994116349,1.00100588464768
607,"rand=1-2_rate=2_ROB=LH_Bias=Rct20_NRE20-35","1-2",2,"LH","Rct20_NRE20-35",0.182321556793955,0.182321556793955,0.182321556793955,0.182321556793955,0.182321556793955,0.300104592450338,0.208233798188466,0.208233798188466,-0.133030916931852,TRUE,0.451187120717555,1.00098725839306,-0.245328994029067,FALSE,0.300005951885094,1.00104864475615,-0.339093818629623,TRUE,0.835964863835388,1.0012460439837,-0.22505143089106,FALSE,0.340224012108345,1.00099161007678
608,"rand=1-2_rate=2_ROB=LH_Bias=Rct20_NRE20-35","1-2",2,"LH","Rct20_NRE20-35",0.182321556793955,0.182321556793955,0.182321556793955,0.182321556793955,0.182321556793955,0.300104592450338,0.223338925203949,0.223338925203949,-0.134418392210171,TRUE,0.614990306981721,1.00318704147717,-0.269581993854769,FALSE,0.472672566032239,1.00100642937515,-0.177045195607217,TRUE,0.662358649701628,1.0014911994969,-0.304260963068509,TRUE,0.742797937564782,1.00100722070796
609,"rand=1-2_rate=2_ROB=LH_Bias=Rct20_NRE20-35","1-2",2,"LH","Rct20_NRE20-35",0.182321556793955,0.182321556793955,0.182321556793955,0.182321556793955,0.182321556793955,0.300104592450338,0.214052185853076,0.214052185853076,-0.317467533873033,FALSE,0.620111587969456,1.00099113297902,-0.262618727919353,FALSE,0.331353830518432,1.00098622545266,-0.681472750336372,FALSE,1.08822962029021,1.00126300279408,-0.188002057072318,FALSE,0.314963354110355,1.00099221548169
610,"rand=1-2_rate=2_ROB=LH_Bias=Rct20_NRE20-35","1-2",2,"LH","Rct20_NRE20-35",0.182321556793955,0.182321556793955,0.182321556793955,0.182321556793955,0.182321556793955,0.300104592450338,0.22220805779763,0.22220805779763,-0.196288328493519,TRUE,0.539985918280931,1.00103716279902,-0.255667431758583,FALSE,0.337840548806233,1.0009913585181,-0.278701677979708,TRUE,0.695422994507309,1.00099090328014,-0.250252502789916,FALSE,0.447852862352548,1.00103841181948
611,"rand=1-2_rate=2_ROB=LH_Bias=Rct20_NRE20-35","1-2",2,"LH","Rct20_NRE20-35",0.182321556793955,0.182321556793955,0.182321556793955,0.182321556793955,0.182321556793955,0.300104592450338,0.214671420562279,0.214671420562279,-0.192578103596233,TRUE,0.555476290566456,1.00105063210837,-0.261594888474217,FALSE,0.323278915409318,1.00098617107451,-0.288901469976552,TRUE,0.738582099178274,1.00100552585255,-0.250443420567044,FALSE,0.411069460232965,1.00100485839077
612,"rand=1-2_rate=2_ROB=LH_Bias=Rct20_NRE20-35","1-2",2,"LH","Rct20_NRE20-35",0.182321556793955,0.182321556793955,0.182321556793955,0.182321556793955,0.182321556793955,0.300104592450338,0.197035861078459,0.197035861078459,-0.325772831992051,TRUE,0.779438008130419,1.00107295752744,-0.271438808058632,FALSE,0.528147175798992,1.00098599320444,-0.517205410608012,FALSE,0.893183487383351,1.0009912897862,-0.163305092947647,TRUE,0.711859764328378,1.00099186137762
613,"rand=1-2_rate=2_ROB=LH_Bias=Rct20_NRE20-35","1-2",2,"LH","Rct20_NRE20-35",0.182321556793955,0.182321556793955,0.182321556793955,0.182321556793955,0.182321556793955,0.300104592450338,0.234680974675456,0.234680974675456,-0.225986605955068,TRUE,0.706724782748375,1.00104635904554,-0.3339429195404,FALSE,0.556612655858271,1.0010887825243,-0.375298194837155,FALSE,0.762439072566699,1.00132004840021,-0.306187436542504,TRUE,0.864537398547104,1.0010083470781
614,"rand=1-2_rate=2_ROB=LH_Bias=Rct20_NRE20-35","1-2",2,"LH","Rct20_NRE20-35",0.182321556793955,0.182321556793955,0.182321556793955,0.182321556793955,0.182321556793955,0.300104592450338,0.204368373681871,0.204368373681871,-0.135916150115118,TRUE,0.571410573621751,1.00149382075886,-0.189520921342659,FALSE,0.37909290849936,1.00098641818757,-0.220127928940185,TRUE,0.669045568112225,1.00124373496436,-0.179258724428836,TRUE,0.542039366669879,1.0009961534765
615,"rand=1-2_rate=2_ROB=LH_Bias=Rct20_NRE20-35","1-2",2,"LH","Rct20_NRE20-35",0.182321556793955,0.182321556793955,0.182321556793955,0.182321556793955,0.182321556793955,0.300104592450338,0.198807702468288,0.198807702468288,-0.173483803961889,TRUE,0.57547296239177,1.00098647558321,-0.256155134452197,FALSE,0.397629375968687,1.00115611066866,-0.180662581817199,TRUE,0.655348372542937,1.00204216441028,-0.290251474291016,FALSE,0.57205760197818,1.0009875782252
616,"rand=1-2_rate=2_ROB=LH_Bias=Rct20_NRE20-35","1-2",2,"LH","Rct20_NRE20-35",0.182321556793955,0.182321556793955,0.182321556793955,0.182321556793955,0.182321556793955,0.300104592450338,0.221838718866102,0.221838718866102,0.0922691085556893,TRUE,0.501876493308048,1.00098708549929,-0.0407576830020695,TRUE,0.404857189106173,1.00098641465495,-0.033905943051572,TRUE,0.789951501811288,1.00098981094559,-0.0447416337208755,TRUE,0.545972803141716,1.00099696655312
617,"rand=1-2_rate=2_ROB=LH_Bias=Rct20_NRE20-35","1-2",2,"LH","Rct20_NRE20-35",0.182321556793955,0.182321556793955,0.182321556793955,0.182321556793955,0.182321556793955,0.300104592450338,0.200613248554559,0.200613248554559,-0.188980308293553,TRUE,0.625515424719498,1.00124388918664,-0.25795522694786,FALSE,0.418777410325868,1.00098752346485,-0.252028218193325,TRUE,0.687279891694115,1.00099184259575,-0.257163033849106,TRUE,0.610166918189002,1.00098731846131
618,"rand=1-2_rate=2_ROB=LH_Bias=Rct20_NRE20-35","1-2",2,"LH","Rct20_NRE20-35",0.182321556793955,0.182321556793955,0.182321556793955,0.182321556793955,0.182321556793955,0.300104592450338,0.21635137604632,0.21635137604632,-0.270414787846825,TRUE,0.659658084742422,1.00100623159917,-0.265505041153748,FALSE,0.398684323650201,1.00099651946615,-0.134511258569212,TRUE,1.15804263687491,1.00098792285817,-0.290894275838175,FALSE,0.410050990438533,1.00101411396911
619,"rand=1-2_rate=2_ROB=LH_Bias=Rct20_NRE20-35","1-2",2,"LH","Rct20_NRE20-35",0.182321556793955,0.182321556793955,0.182321556793955,0.182321556793955,0.182321556793955,0.300104592450338,0.202856015070855,0.202856015070855,-0.120194935930499,TRUE,0.690468442197735,1.00098695525164,-0.193828076991925,TRUE,0.475796103977362,1.00098783820788,-0.0848773138068899,TRUE,0.955330101844213,1.00100104030141,-0.249635678035962,TRUE,0.621782901672847,1.00098682660934
620,"rand=1-2_rate=2_ROB=LH_Bias=Rct20_NRE20-35","1-2",2,"LH","Rct20_NRE20-35",0.182321556793955,0.182321556793955,0.182321556793955,0.182321556793955,0.182321556793955,0.300104592450338,0.199658412165831,0.199658412165831,-0.220463500290299,TRUE,0.54783254941627,1.00137131385331,-0.230901018091546,FALSE,0.29563093478597,1.0009906193468,-0.254919734794764,TRUE,0.653940884379823,1.00163908591485,-0.227881888059656,FALSE,0.380701292728981,1.00100049096713
621,"rand=1-2_rate=2_ROB=LH_Bias=Rct20_NRE20-35","1-2",2,"LH","Rct20_NRE20-35",0.182321556793955,0.182321556793955,0.182321556793955,0.182321556793955,0.182321556793955,0.300104592450338,0.205396511171242,0.205396511171242,-0.121369494235178,TRUE,0.609626708025184,1.00098953236705,-0.187500628120722,FALSE,0.413826911901011,1.00099380647643,-0.280060422534376,TRUE,0.897975748204519,1.00108452390046,-0.155712062936603,TRUE,0.517152459115436,1.0010408089493
622,"rand=1-2_rate=2_ROB=LH_Bias=Rct20_NRE20-35","1-2",2,"LH","Rct20_NRE20-35",0.182321556793955,0.182321556793955,0.182321556793955,0.182321556793955,0.182321556793955,0.300104592450338,0.203639050525868,0.203639050525868,-0.178027580251703,TRUE,0.639643552495468,1.0010308067021,-0.146468378131655,TRUE,0.406315251032845,1.00106595873924,-0.329159412067931,TRUE,0.787141264508514,1.00105138556178,-0.0805705108213197,TRUE,0.524318865757295,1.00099471987002
623,"rand=1-2_rate=2_ROB=LH_Bias=Rct20_NRE20-35","1-2",2,"LH","Rct20_NRE20-35",0.182321556793955,0.182321556793955,0.182321556793955,0.182321556793955,0.182321556793955,0.300104592450338,0.208500026086905,0.208500026086905,-0.132669054790867,TRUE,0.657589465877639,1.00099656670041,-0.209444471507483,TRUE,0.472944668037418,1.00101968904844,0.106450992503575,TRUE,0.556224438131269,1.0009865924437,-0.398461503346565,FALSE,0.672242759951025,1.00098862446728
624,"rand=1-2_rate=2_ROB=LH_Bias=Rct20_NRE20-35","1-2",2,"LH","Rct20_NRE20-35",0.182321556793955,0.182321556793955,0.182321556793955,0.182321556793955,0.182321556793955,0.300104592450338,0.201917068282219,0.201917068282219,-0.13188399250989,TRUE,0.585312206665918,1.00143079668346,-0.1122020331122,TRUE,0.365141768538597,1.00101986267814,-0.122351905144931,TRUE,0.672872707706008,1.00098884089658,-0.10719600167865,TRUE,0.503059777585173,1.00098951478896
625,"rand=1-2_rate=2_ROB=LH_Bias=Rct20_NRE20-35","1-2",2,"LH","Rct20_NRE20-35",0.182321556793955,0.182321556793955,0.182321556793955,0.182321556793955,0.182321556793955,0.300104592450338,0.200815046083839,0.200815046083839,-0.293546413854188,TRUE,0.718451756366052,1.00106307224332,-0.331331684801794,FALSE,0.451091721973102,1.00101540377123,-0.487019222594163,TRUE,1.32817719049787,1.00098604712642,-0.279419851342433,FALSE,0.480442227436332,1.00099404371353
626,"rand=1-2_rate=2_ROB=LH_Bias=Rct20_NRE20-35","1-2",2,"LH","Rct20_NRE20-35",0.182321556793955,0.182321556793955,0.182321556793955,0.182321556793955,0.182321556793955,0.300104592450338,0.188516545549705,0.188516545549705,-0.218747533937514,TRUE,0.678317224555219,1.00098699194742,-0.230281671279394,FALSE,0.44142084499762,1.00098599487469,-0.230417890453982,TRUE,0.810768967813468,1.00099646126782,-0.232292997114184,TRUE,0.600710743508999,1.00098667422948
627,"rand=1-2_rate=2_ROB=LH_Bias=Rct20_NRE20-35","1-2",2,"LH","Rct20_NRE20-35",0.182321556793955,0.182321556793955,0.182321556793955,0.182321556793955,0.182321556793955,0.300104592450338,0.207990709582187,0.207990709582187,-0.368679591312953,FALSE,0.70534976764453,1.00106438619468,-0.321530170097473,FALSE,0.416874165721114,1.00098799267463,-0.203787056985385,TRUE,0.743238676729602,1.00113989767606,-0.362456332538399,FALSE,0.56757671746834,1.00101856434567
628,"rand=1-2_rate=2_ROB=LH_Bias=Rct20_NRE20-35","1-2",2,"LH","Rct20_NRE20-35",0.182321556793955,0.182321556793955,0.182321556793955,0.182321556793955,0.182321556793955,0.300104592450338,0.206909101076016,0.206909101076016,-0.107342128864997,TRUE,0.620601305128628,1.00103026973309,-0.184317812842337,TRUE,0.464221998409401,1.00098908316,-0.0452266988623604,TRUE,0.695744275379813,1.00103720712284,-0.263555932792721,TRUE,0.692951720535507,1.00100356454485
629,"rand=1-2_rate=2_ROB=LH_Bias=Rct20_NRE20-35","1-2",2,"LH","Rct20_NRE20-35",0.182321556793955,0.182321556793955,0.182321556793955,0.182321556793955,0.182321556793955,0.300104592450338,0.220051226606831,0.220051226606831,-0.228498807115375,TRUE,0.577770031018178,1.00098599423868,-0.297740361505008,FALSE,0.356540862882484,1.00098614796546,-0.104820119423409,TRUE,0.790424029406988,1.00098700680259,-0.362349295585476,FALSE,0.39418339934501,1.00103568059311
630,"rand=1-2_rate=2_ROB=LH_Bias=Rct20_NRE20-35","1-2",2,"LH","Rct20_NRE20-35",0.182321556793955,0.182321556793955,0.182321556793955,0.182321556793955,0.182321556793955,0.300104592450338,0.228272527724322,0.228272527724322,-0.30976533602656,TRUE,0.727334436733962,1.00102554626704,-0.439578664752326,FALSE,0.512964460946583,1.00103458169882,-0.121483908967831,TRUE,0.698515893973539,1.00098600198842,-0.5859891736924,FALSE,0.713760652250755,1.00099384850695
631,"rand=1-2_rate=2_ROB=LH_Bias=Rct20_NRE20-35","1-2",2,"LH","Rct20_NRE20-35",0.182321556793955,0.182321556793955,0.182321556793955,0.182321556793955,0.182321556793955,0.300104592450338,0.186915405588442,0.186915405588442,-0.372122683231627,FALSE,0.717015936410401,1.00098600782565,-0.350102597366848,FALSE,0.415726119307614,1.00098677175871,-0.364712700926124,TRUE,0.963897804597447,1.00106851151147,-0.344443502574477,FALSE,0.51617033580281,1.00100250255055
632,"rand=1-2_rate=2_ROB=LH_Bias=Rct20_NRE20-35","1-2",2,"LH","Rct20_NRE20-35",0.182321556793955,0.182321556793955,0.182321556793955,0.182321556793955,0.182321556793955,0.300104592450338,0.216272700876778,0.216272700876778,-0.210409622300035,TRUE,0.539230182134087,1.00111688321389,-0.305203805927617,FALSE,0.340516870837999,1.00102758281143,-0.265470767875872,TRUE,0.696425232543952,1.00284198200695,-0.315600008103169,FALSE,0.449990601942414,1.00098684786573
633,"rand=1-2_rate=2_ROB=LH_Bias=Rct20_NRE20-35","1-2",2,"LH","Rct20_NRE20-35",0.182321556793955,0.182321556793955,0.182321556793955,0.182321556793955,0.182321556793955,0.300104592450338,0.209788075600897,0.209788075600897,-0.164538601235959,TRUE,0.639000635867113,1.00128797900358,-0.338489986940767,FALSE,0.53123279781142,1.00100811986165,-0.351948443818479,FALSE,0.764869011031312,1.00127280444807,-0.327434576391548,TRUE,0.832875972405096,1.0009864604774
634,"rand=1-2_rate=2_ROB=LH_Bias=Rct20_NRE20-35","1-2",2,"LH","Rct20_NRE20-35",0.182321556793955,0.182321556793955,0.182321556793955,0.182321556793955,0.182321556793955,0.300104592450338,0.214724088426957,0.214724088426957,-0.303888610702952,FALSE,0.648374994538707,1.00118594662398,-0.271442337749938,FALSE,0.394049266628387,1.00098719240635,-0.277188184439021,TRUE,0.71596545415352,1.00173723665949,-0.270309608464592,FALSE,0.547451617279832,1.00098839669905
635,"rand=1-2_rate=2_ROB=LH_Bias=Rct20_NRE20-35","1-2",2,"LH","Rct20_NRE20-35",0.182321556793955,0.182321556793955,0.182321556793955,0.182321556793955,0.182321556793955,0.300104592450338,0.22087592339704,0.22087592339704,-0.24545781200209,TRUE,0.652053717918249,1.00102741715924,-0.222248201659291,FALSE,0.427988664078177,1.00100941684348,-0.559616142961348,FALSE,1.04832250642073,1.00126369843888,-0.116320168642298,TRUE,0.456385930136949,1.00098604844541
636,"rand=1-2_rate=2_ROB=LH_Bias=Rct20_NRE20-35","1-2",2,"LH","Rct20_NRE20-35",0.182321556793955,0.182321556793955,0.182321556793955,0.182321556793955,0.182321556793955,0.300104592450338,0.220154089613752,0.220154089613752,-0.377366872160296,FALSE,0.815256016632938,1.00112267056671,-0.509586326702278,FALSE,0.598461732852224,1.0009886525069,-0.127727012437471,TRUE,0.676338558681845,1.00099932950186,-0.738452346443107,FALSE,0.883522380883101,1.00100969632811
637,"rand=1-2_rate=2_ROB=LH_Bias=Rct20_NRE20-35","1-2",2,"LH","Rct20_NRE20-35",0.182321556793955,0.182321556793955,0.182321556793955,0.182321556793955,0.182321556793955,0.300104592450338,0.200106472986169,0.200106472986169,-0.0878535049510361,TRUE,0.57089014619445,1.00117311458793,-0.0722957645891302,TRUE,0.365960795886513,1.00105516611196,-0.0757544444653091,TRUE,0.63340560314003,1.00103446561914,-0.070599349262932,TRUE,0.51815745718388,1.00098669705912
638,"rand=1-2_rate=2_ROB=LH_Bias=Rct20_NRE20-35","1-2",2,"LH","Rct20_NRE20-35",0.182321556793955,0.182321556793955,0.182321556793955,0.182321556793955,0.182321556793955,0.300104592450338,0.204723973528532,0.204723973528532,-0.0824124417693048,TRUE,0.575218274360598,1.00124242685451,-0.0505287219264134,TRUE,0.342392104543868,1.00101950442214,-0.354368556643079,FALSE,0.704228530196778,1.0009952400188,0.0411220060911236,TRUE,0.413076774904269,1.00098703735468
639,"rand=1-2_rate=2_ROB=LH_Bias=Rct20_NRE20-35","1-2",2,"LH","Rct20_NRE20-35",0.182321556793955,0.182321556793955,0.182321556793955,0.182321556793955,0.182321556793955,0.300104592450338,0.224816226084493,0.224816226084493,-0.15793965763308,TRUE,0.579113690339133,1.00098692976129,-0.268785750360979,FALSE,0.427143436607676,1.00099440737563,-0.32866239811892,TRUE,0.785190030712891,1.00105092021002,-0.248509907066214,TRUE,0.581866120617739,1.00103029594226
640,"rand=1-2_rate=2_ROB=LH_Bias=Rct20_NRE20-35","1-2",2,"LH","Rct20_NRE20-35",0.182321556793955,0.182321556793955,0.182321556793955,0.182321556793955,0.182321556793955,0.300104592450338,0.217648384231516,0.217648384231516,-0.210822008965343,TRUE,0.670345718268341,1.00099342823554,-0.242824542544027,FALSE,0.433556379964026,1.00102043660379,-0.375042761150133,FALSE,0.893575539849212,1.00105590404905,-0.191679176814291,TRUE,0.549763509708178,1.0010069644116
641,"rand=1-2_rate=2_ROB=LH_Bias=Rct20_NRE20-35","1-2",2,"LH","Rct20_NRE20-35",0.182321556793955,0.182321556793955,0.182321556793955,0.182321556793955,0.182321556793955,0.300104592450338,0.214323121228661,0.214323121228661,-0.164107065650657,TRUE,0.546901003500896,1.0011046488146,-0.206998467138935,FALSE,0.325575476232518,1.00105942777903,-0.0769014807286259,TRUE,0.634227548809917,1.00117391658327,-0.249062548660603,FALSE,0.413187730101454,1.00098603628378
642,"rand=1-2_rate=2_ROB=LH_Bias=Rct20_NRE20-35","1-2",2,"LH","Rct20_NRE20-35",0.182321556793955,0.182321556793955,0.182321556793955,0.182321556793955,0.182321556793955,0.300104592450338,0.21060839325873,0.21060839325873,-0.166557144516704,TRUE,0.703313314812997,1.00098670747676,-0.172091309287411,TRUE,0.447511793528848,1.00098690807788,-0.192955634032365,TRUE,0.938736964169066,1.00103968592121,-0.161803320081254,TRUE,0.572982817462791,1.00104386882458
643,"rand=1-2_rate=2_ROB=LH_Bias=Rct20_NRE20-35","1-2",2,"LH","Rct20_NRE20-35",0.182321556793955,0.182321556793955,0.182321556793955,0.182321556793955,0.182321556793955,0.300104592450338,0.209876706694357,0.209876706694357,-0.166991477346631,TRUE,0.657186243499551,1.00103500867843,-0.200361720411999,TRUE,0.454969683566751,1.00098620678401,-0.064292611676791,TRUE,0.691666422016715,1.00105019132296,-0.272772310651597,TRUE,0.670654700519343,1.00099333239494
644,"rand=1-2_rate=2_ROB=LH_Bias=Rct20_NRE20-35","1-2",2,"LH","Rct20_NRE20-35",0.182321556793955,0.182321556793955,0.182321556793955,0.182321556793955,0.182321556793955,0.300104592450338,0.211649915730653,0.211649915730653,-0.327458410312987,FALSE,0.615705287693267,1.00124260085612,-0.303694889239924,FALSE,0.345165657054813,1.00100436374024,-0.406541455828134,FALSE,0.836029621377667,1.00128186177401,-0.280779150618738,FALSE,0.423824742497602,1.0010137331294
645,"rand=1-2_rate=2_ROB=LH_Bias=Rct20_NRE20-35","1-2",2,"LH","Rct20_NRE20-35",0.182321556793955,0.182321556793955,0.182321556793955,0.182321556793955,0.182321556793955,0.300104592450338,0.199117195094418,0.199117195094418,-0.209771361421922,TRUE,0.594807065178957,1.00099050410219,-0.264350081651583,FALSE,0.367559803946296,1.00098943340342,-0.0154808635992896,TRUE,0.614271070349943,1.00099207052765,-0.342706015596424,FALSE,0.466705839834322,1.00098599044559
646,"rand=1-2_rate=2_ROB=LH_Bias=Rct20_NRE20-35","1-2",2,"LH","Rct20_NRE20-35",0.182321556793955,0.182321556793955,0.182321556793955,0.182321556793955,0.182321556793955,0.300104592450338,0.219540113224006,0.219540113224006,-0.0213543464029464,TRUE,0.521138045697537,1.00099666192484,-0.057079624456724,TRUE,0.325815437349171,1.00098732276174,-0.206301453287172,TRUE,0.706575056678324,1.00098657534125,-0.0131394576852832,TRUE,0.408919758246727,1.00103802996515
647,"rand=1-2_rate=2_ROB=LH_Bias=Rct20_NRE20-35","1-2",2,"LH","Rct20_NRE20-35",0.182321556793955,0.182321556793955,0.182321556793955,0.182321556793955,0.182321556793955,0.300104592450338,0.224664911686487,0.224664911686487,-0.272315476579431,TRUE,0.634053608580315,1.00117731436254,-0.443573696255466,FALSE,0.49237605560371,1.00103583843488,-0.462767384556604,FALSE,0.868291522151789,1.00116515659287,-0.435975434972509,FALSE,0.68667151141647,1.0009918397449
648,"rand=1-2_rate=2_ROB=LH_Bias=Rct20_NRE20-35","1-2",2,"LH","Rct20_NRE20-35",0.182321556793955,0.182321556793955,0.182321556793955,0.182321556793955,0.182321556793955,0.300104592450338,0.203850974533128,0.203850974533128,-0.235754108925718,TRUE,0.62791591597554,1.00124157765891,-0.327391155810105,FALSE,0.438585189435136,1.00102089632342,-0.27132113125256,TRUE,0.725319971526316,1.00106645630788,-0.349244887498858,FALSE,0.632031396757518,1.00103132328814
649,"rand=1-2_rate=2_ROB=LH_Bias=Rct20_NRE20-35","1-2",2,"LH","Rct20_NRE20-35",0.182321556793955,0.182321556793955,0.182321556793955,0.182321556793955,0.182321556793955,0.300104592450338,0.221418174732549,0.221418174732549,-0.481846313502317,FALSE,0.71668576953209,1.00108668327664,-0.35510498235876,FALSE,0.426685438983681,1.00106216430118,-0.613845241157996,FALSE,1.32930774929473,1.00098599115602,-0.289766129922777,FALSE,0.451062731346708,1.00100389064377
650,"rand=1-2_rate=2_ROB=LH_Bias=Rct20_NRE20-35","1-2",2,"LH","Rct20_NRE20-35",0.182321556793955,0.182321556793955,0.182321556793955,0.182321556793955,0.182321556793955,0.300104592450338,0.205583811343476,0.205583811343476,-0.0547016269481706,TRUE,0.55803248806566,1.00120215256607,-0.117982455283303,TRUE,0.394681781569966,1.00100295629274,-0.0987053598457075,TRUE,0.582617356325381,1.00115290361852,-0.117648459216669,TRUE,0.609433056086474,1.00109052236738
651,"rand=1-2_rate=2_ROB=LH_Bias=Rct20_NRE20-35","1-2",2,"LH","Rct20_NRE20-35",0.182321556793955,0.182321556793955,0.182321556793955,0.182321556793955,0.182321556793955,0.300104592450338,0.243352000931195,0.243352000931195,0.0556704218838799,TRUE,0.508822004373321,1.00102969730121,-0.0384323208033799,TRUE,0.389742524113909,1.00099909780467,-0.0122644310917668,TRUE,0.662647930903071,1.00106792938399,-0.0525647185188791,TRUE,0.555258718195089,1.00098636794859
652,"rand=1-2_rate=2_ROB=LH_Bias=Rct20_NRE20-35","1-2",2,"LH","Rct20_NRE20-35",0.182321556793955,0.182321556793955,0.182321556793955,0.182321556793955,0.182321556793955,0.300104592450338,0.202683641438563,0.202683641438563,-0.500368677414972,FALSE,0.709917616890761,1.00098892534193,-0.364123027398469,FALSE,0.396175469531491,1.00100017705154,-0.661137809722792,FALSE,0.967619012663191,1.00109834172035,-0.287002243838714,FALSE,0.459632106821554,1.00099492764982
653,"rand=1-2_rate=2_ROB=LH_Bias=Rct20_NRE20-35","1-2",2,"LH","Rct20_NRE20-35",0.182321556793955,0.182321556793955,0.182321556793955,0.182321556793955,0.182321556793955,0.300104592450338,0.21452937308593,0.21452937308593,-0.279621761720606,TRUE,0.637850689229159,1.00121915851615,-0.202580549678504,FALSE,0.362665370033951,1.00098685122895,-0.0588831225598787,TRUE,0.577610670359891,1.00105140562887,-0.25471970941862,FALSE,0.519656468430343,1.00099970930575
654,"rand=1-2_rate=2_ROB=LH_Bias=Rct20_NRE20-35","1-2",2,"LH","Rct20_NRE20-35",0.182321556793955,0.182321556793955,0.182321556793955,0.182321556793955,0.182321556793955,0.300104592450338,0.224436235954934,0.224436235954934,-0.322307275490979,FALSE,0.661793708257031,1.00098599177141,-0.422040844996677,FALSE,0.434136864366744,1.00098683756514,-0.484325887783329,FALSE,1.08341988800116,1.00107867635327,-0.400967381508941,FALSE,0.523103958440496,1.00099841641408
655,"rand=1-2_rate=2_ROB=LH_Bias=Rct20_NRE20-35","1-2",2,"LH","Rct20_NRE20-35",0.182321556793955,0.182321556793955,0.182321556793955,0.182321556793955,0.182321556793955,0.300104592450338,0.21243743260177,0.21243743260177,-0.504836135699192,FALSE,0.802021590132148,1.00098952199085,-0.493245061851595,FALSE,0.491470508924702,1.00098598993697,-0.40472417153525,FALSE,0.87251797906458,1.00098690225477,-0.534269117235218,FALSE,0.683551152812043,1.00098604634772
656,"rand=1-2_rate=2_ROB=LH_Bias=Rct20_NRE20-35","1-2",2,"LH","Rct20_NRE20-35",0.182321556793955,0.182321556793955,0.182321556793955,0.182321556793955,0.182321556793955,0.300104592450338,0.193523289619029,0.193523289619029,-0.294671442700205,FALSE,0.608277052143853,1.00113202822433,-0.323599177867407,FALSE,0.355825335318398,1.0009868878978,-0.137091473634998,TRUE,0.73932829077367,1.00152986760158,-0.381117948818406,FALSE,0.435671969407641,1.00099147726819
657,"rand=1-2_rate=2_ROB=LH_Bias=Rct20_NRE20-35","1-2",2,"LH","Rct20_NRE20-35",0.182321556793955,0.182321556793955,0.182321556793955,0.182321556793955,0.182321556793955,0.300104592450338,0.213365036843852,0.213365036843852,-0.428374082702208,FALSE,0.884694873899846,1.00102712511884,-0.341897866780991,FALSE,0.542156914663661,1.00099413464094,-0.356038171424025,TRUE,0.904130721032145,1.00101914661724,-0.34460028202852,FALSE,0.783016254420806,1.00099359017134
658,"rand=1-2_rate=2_ROB=LH_Bias=Rct20_NRE20-35","1-2",2,"LH","Rct20_NRE20-35",0.182321556793955,0.182321556793955,0.182321556793955,0.182321556793955,0.182321556793955,0.300104592450338,0.206096121650874,0.206096121650874,-0.280162009113605,TRUE,0.639665021881625,1.00100025564946,-0.331853276950387,FALSE,0.388630972450979,1.00101195244041,-0.147992678326874,TRUE,0.673288379503363,1.00099594428885,-0.393337678819456,FALSE,0.519956745492597,1.00098789398002
659,"rand=1-2_rate=2_ROB=LH_Bias=Rct20_NRE20-35","1-2",2,"LH","Rct20_NRE20-35",0.182321556793955,0.182321556793955,0.182321556793955,0.182321556793955,0.182321556793955,0.300104592450338,0.219929949232035,0.219929949232035,-0.229055521549186,TRUE,0.620562438867371,1.00102629613366,-0.247102285333912,FALSE,0.37940090605583,1.00098781046153,-0.14535411132568,TRUE,0.62253979896377,1.00270913926476,-0.281676136136645,FALSE,0.559927490085325,1.00098708352234
660,"rand=1-2_rate=2_ROB=LH_Bias=Rct20_NRE20-35","1-2",2,"LH","Rct20_NRE20-35",0.182321556793955,0.182321556793955,0.182321556793955,0.182321556793955,0.182321556793955,0.300104592450338,0.207536888505803,0.207536888505803,-0.152939026640065,TRUE,0.614630235651516,1.00111270254027,-0.244028526500375,FALSE,0.416419424398951,1.00102640904555,-0.329893008716486,TRUE,0.810636206918541,1.00105295430874,-0.2121290565856,TRUE,0.545904434962718,1.00098862203903
661,"rand=1-2_rate=2_ROB=LH_Bias=Rct20_NRE20-35","1-2",2,"LH","Rct20_NRE20-35",0.182321556793955,0.182321556793955,0.182321556793955,0.182321556793955,0.182321556793955,0.300104592450338,0.216846306007336,0.216846306007336,-0.184788526023332,TRUE,0.617883061855863,1.00105472468763,-0.186758031771637,FALSE,0.374470222522741,1.00101887540501,-0.271034024269004,TRUE,0.878552365975765,1.00116188517364,-0.161925125015923,TRUE,0.459896605836425,1.00102779166208
662,"rand=1-2_rate=2_ROB=LH_Bias=Rct20_NRE20-35","1-2",2,"LH","Rct20_NRE20-35",0.182321556793955,0.182321556793955,0.182321556793955,0.182321556793955,0.182321556793955,0.300104592450338,0.212513512062115,0.212513512062115,-0.302913260304666,TRUE,0.706367949830133,1.0009890285611,-0.361606890915051,FALSE,0.475709857913176,1.00099006295218,-0.294780646271051,TRUE,0.756609585992766,1.00111831094518,-0.391505378693419,FALSE,0.699443873162066,1.00101783056502
663,"rand=1-2_rate=2_ROB=LH_Bias=Rct20_NRE20-35","1-2",2,"LH","Rct20_NRE20-35",0.182321556793955,0.182321556793955,0.182321556793955,0.182321556793955,0.182321556793955,0.300104592450338,0.197734999583656,0.197734999583656,-0.290884639644864,FALSE,0.621068645495753,1.00099454860747,-0.301590618798272,FALSE,0.368064766870467,1.00102273789502,-0.365633832478181,FALSE,0.815783245403235,1.00118849166211,-0.281608348574801,FALSE,0.458018913718327,1.00099425200274
664,"rand=1-2_rate=2_ROB=LH_Bias=Rct20_NRE20-35","1-2",2,"LH","Rct20_NRE20-35",0.182321556793955,0.182321556793955,0.182321556793955,0.182321556793955,0.182321556793955,0.300104592450338,0.219152132471116,0.219152132471116,-0.0445133682363372,TRUE,0.523788007745944,1.00099622967038,-0.209148891390552,FALSE,0.414781494178882,1.0010713053041,-0.369542299630548,FALSE,0.825253592924168,1.00106011032282,-0.155333274818346,TRUE,0.528316816096227,1.00098682144062
665,"rand=1-2_rate=2_ROB=LH_Bias=Rct20_NRE20-35","1-2",2,"LH","Rct20_NRE20-35",0.182321556793955,0.182321556793955,0.182321556793955,0.182321556793955,0.182321556793955,0.300104592450338,0.207435337758613,0.207435337758613,0.120930738744099,TRUE,0.521881046461439,1.00098647141833,-0.208540863902975,TRUE,0.553250518607752,1.00109348475662,-0.558083621645287,FALSE,1.15666572053216,1.00116724326007,-0.0573596995393388,TRUE,0.623089204649814,1.00098748331252
666,"rand=1-2_rate=2_ROB=LH_Bias=Rct20_NRE20-35","1-2",2,"LH","Rct20_NRE20-35",0.182321556793955,0.182321556793955,0.182321556793955,0.182321556793955,0.182321556793955,0.300104592450338,0.201593270891075,0.201593270891075,-0.270263470887134,TRUE,0.631134884149345,1.00121605117696,-0.236769643833309,FALSE,0.377429893974405,1.00099987435036,-0.157691759633049,TRUE,0.640461336766785,1.00131859827778,-0.265290909545282,FALSE,0.534228555029711,1.00099561695276
667,"rand=1-2_rate=2_ROB=LH_Bias=Rct20_NRE20-35","1-2",2,"LH","Rct20_NRE20-35",0.182321556793955,0.182321556793955,0.182321556793955,0.182321556793955,0.182321556793955,0.300104592450338,0.214584470521593,0.214584470521593,-0.574417354773298,FALSE,0.913335538624255,1.00115306339015,-0.496783572956276,FALSE,0.596463095633545,1.00098600449197,-0.69693920226533,FALSE,1.23066709622823,1.00098661182768,-0.415497077337121,FALSE,0.757384421842108,1.00102539711501
668,"rand=1-2_rate=2_ROB=LH_Bias=Rct20_NRE20-35","1-2",2,"LH","Rct20_NRE20-35",0.182321556793955,0.182321556793955,0.182321556793955,0.182321556793955,0.182321556793955,0.300104592450338,0.215055016614366,0.215055016614366,-0.344438035066835,FALSE,0.808197863015869,1.00102288012515,-0.345950140170015,FALSE,0.537618594201695,1.00102467602019,-0.226066209561029,TRUE,0.87932248301924,1.00099625651279,-0.408826899738636,FALSE,0.765687444345121,1.0010089341656
669,"rand=1-2_rate=2_ROB=LH_Bias=Rct20_NRE20-35","1-2",2,"LH","Rct20_NRE20-35",0.182321556793955,0.182321556793955,0.182321556793955,0.182321556793955,0.182321556793955,0.300104592450338,0.208197947681396,0.208197947681396,-0.185401031183208,TRUE,0.723340512646307,1.00100537759223,-0.251147935666018,FALSE,0.525969906105008,1.00100235035758,-0.223807162120128,TRUE,0.800174768483101,1.00098599446389,-0.268176290758672,TRUE,0.799394224615494,1.00100066988868
670,"rand=1-2_rate=2_ROB=LH_Bias=Rct20_NRE20-35","1-2",2,"LH","Rct20_NRE20-35",0.182321556793955,0.182321556793955,0.182321556793955,0.182321556793955,0.182321556793955,0.300104592450338,0.225388451641117,0.225388451641117,-0.200962492184222,TRUE,0.729976457121543,1.0010856247211,-0.24423336574151,FALSE,0.490694854976,1.00099991101298,-0.0313960161535343,TRUE,0.736073647347788,1.00120098663038,-0.356693339744999,FALSE,0.714009914925636,1.00100170275616
671,"rand=1-2_rate=2_ROB=LH_Bias=Rct20_NRE20-35","1-2",2,"LH","Rct20_NRE20-35",0.182321556793955,0.182321556793955,0.182321556793955,0.182321556793955,0.182321556793955,0.300104592450338,0.197693254182335,0.197693254182335,-0.203333033791061,TRUE,0.53388361863603,1.00098705289781,-0.177405999466713,FALSE,0.275209123559846,1.00098724033434,-0.161000874478562,TRUE,0.784004521348133,1.00099289453397,-0.18064473357711,FALSE,0.305274665354177,1.00101600149745
672,"rand=1-2_rate=2_ROB=LH_Bias=Rct20_NRE20-35","1-2",2,"LH","Rct20_NRE20-35",0.182321556793955,0.182321556793955,0.182321556793955,0.182321556793955,0.182321556793955,0.300104592450338,0.203576643101883,0.203576643101883,-0.161428056145308,TRUE,0.629665948804907,1.00098725535927,-0.140275458887286,TRUE,0.391970843354895,1.00104589773691,-0.130991318915306,TRUE,0.786422457884395,1.00099481019499,-0.144965530226048,TRUE,0.520245221187609,1.00108940535519
673,"rand=1-2_rate=2_ROB=LH_Bias=Rct20_NRE20-35","1-2",2,"LH","Rct20_NRE20-35",0.182321556793955,0.182321556793955,0.182321556793955,0.182321556793955,0.182321556793955,0.300104592450338,0.20122576607634,0.20122576607634,-0.274228733715793,FALSE,0.60783451470468,1.00110802102353,-0.266852109557123,FALSE,0.351998216784438,1.00098647097577,-0.245686740476577,TRUE,0.816098828208276,1.00104107907618,-0.271692142884177,FALSE,0.439596069201764,1.00098766732798
674,"rand=1-2_rate=2_ROB=LH_Bias=Rct20_NRE20-35","1-2",2,"LH","Rct20_NRE20-35",0.182321556793955,0.182321556793955,0.182321556793955,0.182321556793955,0.182321556793955,0.300104592450338,0.213102663532801,0.213102663532801,-0.0717817707765294,TRUE,0.532944621016441,1.00100131939156,-0.185894819678796,FALSE,0.369787145086729,1.00098694755618,-0.166451489894571,TRUE,0.687286235135437,1.00098599015326,-0.193236119094574,TRUE,0.512268294984672,1.00098867015972
675,"rand=1-2_rate=2_ROB=LH_Bias=Rct20_NRE20-35","1-2",2,"LH","Rct20_NRE20-35",0.182321556793955,0.182321556793955,0.182321556793955,0.182321556793955,0.182321556793955,0.300104592450338,0.211794408553694,0.211794408553694,-0.165740105784882,TRUE,0.577470911748712,1.00142785890371,-0.242464128962016,FALSE,0.379719732736472,1.0009933015798,-0.0844262299603782,TRUE,0.607795268743373,1.00171830344509,-0.296373913240765,FALSE,0.530262311513949,1.00099886866477
676,"rand=1-2_rate=2_ROB=LH_Bias=Rct20_NRE20-35","1-2",2,"LH","Rct20_NRE20-35",0.182321556793955,0.182321556793955,0.182321556793955,0.182321556793955,0.182321556793955,0.300104592450338,0.200281100567533,0.200281100567533,-0.103890709615867,TRUE,0.570912739975813,1.00099759505454,-0.11462731503441,TRUE,0.369777880827974,1.0009961878568,-0.229671277695198,TRUE,1.26845296128824,1.00103781970847,-0.0812623668974146,TRUE,0.336144929311516,1.00098675913959
677,"rand=1-2_rate=2_ROB=LH_Bias=Rct20_NRE20-35","1-2",2,"LH","Rct20_NRE20-35",0.182321556793955,0.182321556793955,0.182321556793955,0.182321556793955,0.182321556793955,0.300104592450338,0.215939696218407,0.215939696218407,-0.203414056375444,TRUE,0.644273043301606,1.00108751114273,-0.286007345955128,FALSE,0.450627824009573,1.00098890758963,-0.252747847309975,TRUE,0.973906299878469,1.00107019096089,-0.299932138264008,FALSE,0.581192299960477,1.00098672721028
678,"rand=1-2_rate=2_ROB=LH_Bias=Rct20_NRE20-35","1-2",2,"LH","Rct20_NRE20-35",0.182321556793955,0.182321556793955,0.182321556793955,0.182321556793955,0.182321556793955,0.300104592450338,0.220155273014361,0.220155273014361,-0.124372222167904,TRUE,0.483922941563408,1.00098875163582,-0.208212885663857,FALSE,0.298437232495572,1.00103327714935,-0.121926214558436,TRUE,0.634961535239009,1.00110462039098,-0.230080373781526,FALSE,0.383244148065406,1.00099075637014
679,"rand=1-2_rate=2_ROB=LH_Bias=Rct20_NRE20-35","1-2",2,"LH","Rct20_NRE20-35",0.182321556793955,0.182321556793955,0.182321556793955,0.182321556793955,0.182321556793955,0.300104592450338,0.210222599765796,0.210222599765796,-0.28424328737923,TRUE,0.783203651159856,1.00100138392645,-0.252098379739144,FALSE,0.51970686174118,1.00103066754958,-0.290395810468205,TRUE,1.01283747800682,1.00100194863682,-0.231127337474359,TRUE,0.706952560716483,1.00105869690599
680,"rand=1-2_rate=2_ROB=LH_Bias=Rct20_NRE20-35","1-2",2,"LH","Rct20_NRE20-35",0.182321556793955,0.182321556793955,0.182321556793955,0.182321556793955,0.182321556793955,0.300104592450338,0.216402641973916,0.216402641973916,-0.22432002676421,TRUE,0.631700885231992,1.00107307272969,-0.231146785626089,FALSE,0.417697491284127,1.00099200602327,-0.23528983805793,TRUE,0.646329414590212,1.00142238661134,-0.229648681818638,TRUE,0.621694237871623,1.00104985339903
681,"rand=1-2_rate=2_ROB=LH_Bias=Rct20_NRE20-35","1-2",2,"LH","Rct20_NRE20-35",0.182321556793955,0.182321556793955,0.182321556793955,0.182321556793955,0.182321556793955,0.300104592450338,0.236810036779916,0.236810036779916,-0.173412167104732,TRUE,0.614483348064291,1.00110131981053,-0.197445553650805,FALSE,0.401388917233505,1.0009987130093,-0.210237630682767,TRUE,0.693160037169864,1.00108656558592,-0.197873158491462,TRUE,0.563874923158298,1.00110101397852
682,"rand=1-2_rate=2_ROB=LH_Bias=Rct20_NRE20-35","1-2",2,"LH","Rct20_NRE20-35",0.182321556793955,0.182321556793955,0.182321556793955,0.182321556793955,0.182321556793955,0.300104592450338,0.222753328587764,0.222753328587764,-0.204680803779603,TRUE,0.699292342156563,1.00099179717012,-0.239964971787396,FALSE,0.465255810962036,1.00101589258138,0.0222720662226589,TRUE,0.657426914364245,1.00099935595446,-0.365946230230381,FALSE,0.65489129100104,1.00099788035543
683,"rand=1-2_rate=2_ROB=LH_Bias=Rct20_NRE20-35","1-2",2,"LH","Rct20_NRE20-35",0.182321556793955,0.182321556793955,0.182321556793955,0.182321556793955,0.182321556793955,0.300104592450338,0.225018215216771,0.225018215216771,-0.355450418624872,FALSE,0.702782372592199,1.00099252570392,-0.436334742511269,FALSE,0.440470062731319,1.00099653453373,-0.0964309409771771,TRUE,0.715104370152587,1.00098652556001,-0.559383183328033,FALSE,0.525892564203861,1.00098669952524
684,"rand=1-2_rate=2_ROB=LH_Bias=Rct20_NRE20-35","1-2",2,"LH","Rct20_NRE20-35",0.182321556793955,0.182321556793955,0.182321556793955,0.182321556793955,0.182321556793955,0.300104592450338,0.228776949193191,0.228776949193191,-0.332456783682697,TRUE,0.809732916222121,1.00099473591453,-0.359675673347542,FALSE,0.5496062790165,1.00098767840789,-0.398405983653715,TRUE,1.05539803851986,1.00098626547602,-0.340045119427083,FALSE,0.74207042474618,1.00098677711963
685,"rand=1-2_rate=2_ROB=LH_Bias=Rct20_NRE20-35","1-2",2,"LH","Rct20_NRE20-35",0.182321556793955,0.182321556793955,0.182321556793955,0.182321556793955,0.182321556793955,0.300104592450338,0.197743687937795,0.197743687937795,-0.200257575527486,TRUE,0.754167344772772,1.00098600673375,-0.237457712153152,FALSE,0.512697338481226,1.0009861595009,-0.140087888520183,TRUE,0.944286615312039,1.00098612884914,-0.290515066015082,TRUE,0.700863445672523,1.00098732965727
686,"rand=1-2_rate=2_ROB=LH_Bias=Rct20_NRE20-35","1-2",2,"LH","Rct20_NRE20-35",0.182321556793955,0.182321556793955,0.182321556793955,0.182321556793955,0.182321556793955,0.300104592450338,0.202968660203691,0.202968660203691,-0.164920155816853,TRUE,0.620051032282158,1.00101048064032,-0.268171146551382,FALSE,0.44296059536138,1.00100554345028,-0.261963744139565,TRUE,0.889724097266231,1.00110419585616,-0.270949782219749,FALSE,0.581097499600209,1.0010547464971
687,"rand=1-2_rate=2_ROB=LH_Bias=Rct20_NRE20-35","1-2",2,"LH","Rct20_NRE20-35",0.182321556793955,0.182321556793955,0.182321556793955,0.182321556793955,0.182321556793955,0.300104592450338,0.230268081866841,0.230268081866841,-0.37372166999331,FALSE,0.701745665503281,1.00136100883404,-0.411016123664504,FALSE,0.442457277851853,1.00105125259928,-0.564907020258501,FALSE,0.841752553488403,1.00147043196425,-0.352834773875805,FALSE,0.584027823062986,1.0010049074283
688,"rand=1-2_rate=2_ROB=LH_Bias=Rct20_NRE20-35","1-2",2,"LH","Rct20_NRE20-35",0.182321556793955,0.182321556793955,0.182321556793955,0.182321556793955,0.182321556793955,0.300104592450338,0.222326383869731,0.222326383869731,-0.259596520656452,TRUE,0.675535812361407,1.00105005190448,-0.391202288996538,FALSE,0.486555731434912,1.00099263837157,-0.20685250716871,TRUE,0.677289417126202,1.00101894490806,-0.471738475611768,FALSE,0.729792909140095,1.00100209141913
689,"rand=1-2_rate=2_ROB=LH_Bias=Rct20_NRE20-35","1-2",2,"LH","Rct20_NRE20-35",0.182321556793955,0.182321556793955,0.182321556793955,0.182321556793955,0.182321556793955,0.300104592450338,0.206884257011701,0.206884257011701,-0.200992794325402,TRUE,0.699947418175478,1.00099568073326,-0.29820198887365,FALSE,0.477432035564056,1.00099555038388,-0.0154058329842799,TRUE,0.627258775579547,1.00098621371209,-0.43811231840264,FALSE,0.68222180072545,1.00104115012075
690,"rand=1-2_rate=2_ROB=LH_Bias=Rct20_NRE20-35","1-2",2,"LH","Rct20_NRE20-35",0.182321556793955,0.182321556793955,0.182321556793955,0.182321556793955,0.182321556793955,0.300104592450338,0.221254211548735,0.221254211548735,-0.221731652639293,TRUE,0.558097627362583,1.00105930132466,-0.357107336890635,FALSE,0.38340906516479,1.00099090654187,-0.124478835965625,TRUE,0.615733994336519,1.00104897581289,-0.436858335117292,FALSE,0.517245552361485,1.00099484069801
691,"rand=1-2_rate=2_ROB=LH_Bias=Rct20_NRE20-35","1-2",2,"LH","Rct20_NRE20-35",0.182321556793955,0.182321556793955,0.182321556793955,0.182321556793955,0.182321556793955,0.300104592450338,0.208437518057271,0.208437518057271,-0.192972382776172,TRUE,0.647114003960993,1.0014556164445,-0.210722964126668,FALSE,0.420426120834811,1.00099729218981,-0.276599650855271,TRUE,0.803554513096251,1.00103111859486,-0.186907163950086,TRUE,0.559904410263741,1.00105994541418
692,"rand=1-2_rate=2_ROB=LH_Bias=Rct20_NRE20-35","1-2",2,"LH","Rct20_NRE20-35",0.182321556793955,0.182321556793955,0.182321556793955,0.182321556793955,0.182321556793955,0.300104592450338,0.22040004590126,0.22040004590126,-0.212268537393072,TRUE,0.611173101874716,1.00112487896161,-0.157170723037904,TRUE,0.358041121287158,1.00100694809859,-0.113513256869644,TRUE,0.681872146045022,1.00100179845946,-0.172050684636833,TRUE,0.479553557784384,1.00098619457825
693,"rand=1-2_rate=2_ROB=LH_Bias=Rct20_NRE20-35","1-2",2,"LH","Rct20_NRE20-35",0.182321556793955,0.182321556793955,0.182321556793955,0.182321556793955,0.182321556793955,0.300104592450338,0.197844430111055,0.197844430111055,-0.354557744169372,FALSE,0.695555349020141,1.00145329854062,-0.368825620935239,FALSE,0.435537925222452,1.00099018218237,-0.239564819244671,TRUE,0.705436604750218,1.00107314337245,-0.420035810519449,FALSE,0.625423551080739,1.00099122256867
694,"rand=1-2_rate=2_ROB=LH_Bias=Rct20_NRE20-35","1-2",2,"LH","Rct20_NRE20-35",0.182321556793955,0.182321556793955,0.182321556793955,0.182321556793955,0.182321556793955,0.300104592450338,0.195464510041635,0.195464510041635,-0.0828872564066698,TRUE,0.535790092756677,1.00098637052834,-0.144491791569809,TRUE,0.331626150490963,1.00098617980881,-0.197393238859463,TRUE,0.852183203259978,1.00099720482496,-0.129182760931715,TRUE,0.383185464913944,1.00102863055604
695,"rand=1-2_rate=2_ROB=LH_Bias=Rct20_NRE20-35","1-2",2,"LH","Rct20_NRE20-35",0.182321556793955,0.182321556793955,0.182321556793955,0.182321556793955,0.182321556793955,0.300104592450338,0.195513004444097,0.195513004444097,-0.0694948556177362,TRUE,0.512242600454869,1.00104674467116,-0.188246493326097,FALSE,0.363886858080827,1.0009911561252,-0.116259525517212,TRUE,0.597898582200232,1.00098608081582,-0.216494006120611,TRUE,0.531275672963807,1.00101667388739
696,"rand=1-2_rate=2_ROB=LH_Bias=Rct20_NRE20-35","1-2",2,"LH","Rct20_NRE20-35",0.182321556793955,0.182321556793955,0.182321556793955,0.182321556793955,0.182321556793955,0.300104592450338,0.207186998869917,0.207186998869917,-0.192251131764479,TRUE,0.639184307113148,1.00107012938525,-0.242267275010058,FALSE,0.41172018852499,1.00114089126071,-0.122432045014176,TRUE,0.868900873056293,1.00099232683013,-0.290822457521592,FALSE,0.509278388210018,1.00098610065657
697,"rand=1-2_rate=2_ROB=LH_Bias=Rct20_NRE20-35","1-2",2,"LH","Rct20_NRE20-35",0.182321556793955,0.182321556793955,0.182321556793955,0.182321556793955,0.182321556793955,0.300104592450338,0.198692192709951,0.198692192709951,-0.0170084319367785,TRUE,0.521276263764155,1.0014935471626,-0.0863035702561539,TRUE,0.339632817404139,1.00101028957678,-0.20330214363133,TRUE,0.680779498437633,1.00117784291575,-0.0470443492073624,TRUE,0.453564784912259,1.0010564092111
698,"rand=1-2_rate=2_ROB=LH_Bias=Rct20_NRE20-35","1-2",2,"LH","Rct20_NRE20-35",0.182321556793955,0.182321556793955,0.182321556793955,0.182321556793955,0.182321556793955,0.300104592450338,0.204689184673444,0.204689184673444,-0.204614394471952,TRUE,0.626176440720566,1.00098601808319,-0.146880980556493,TRUE,0.36814041808321,1.00099264199929,-0.013501359862885,TRUE,0.684754349236325,1.00099254642944,-0.201223084623417,TRUE,0.478558109466152,1.001041935609
699,"rand=1-2_rate=2_ROB=LH_Bias=Rct20_NRE20-35","1-2",2,"LH","Rct20_NRE20-35",0.182321556793955,0.182321556793955,0.182321556793955,0.182321556793955,0.182321556793955,0.300104592450338,0.204970494490082,0.204970494490082,-0.189811503613742,TRUE,0.57104791121724,1.00098607372654,-0.21932007136302,FALSE,0.348486480741736,1.00101217955034,-0.102020128535107,TRUE,0.585308828135292,1.00099522902031,-0.256780249204065,FALSE,0.479744291272151,1.00108967090044
700,"rand=1-2_rate=2_ROB=LH_Bias=Rct20_NRE20-35","1-2",2,"LH","Rct20_NRE20-35",0.182321556793955,0.182321556793955,0.182321556793955,0.182321556793955,0.182321556793955,0.300104592450338,0.212109823934814,0.212109823934814,-0.151766031056288,TRUE,0.644599285740168,1.001023883263,-0.257083201288844,FALSE,0.4669570832246,1.00098720833105,0.0618531621006023,TRUE,0.738325820930173,1.00127187955693,-0.415255010376964,FALSE,0.591269539779767,1.00098720785577
701,"rand=1-2_rate=2_ROB=LH_Bias=Rct20_NRE20-35","1-2",2,"LH","Rct20_NRE20-35",0.182321556793955,0.182321556793955,0.182321556793955,0.182321556793955,0.182321556793955,0.300104592450338,0.21019120602744,0.21019120602744,-0.105445236806662,TRUE,0.559927382958777,1.00103232413427,-0.165733641810086,TRUE,0.374472879641548,1.00099217147729,-0.189394348470264,TRUE,0.643035070583684,1.00110901955393,-0.159030570609301,TRUE,0.548601084018097,1.0009957269085
702,"rand=1-2_rate=2_ROB=LH_Bias=Rct20_NRE20-35","1-2",2,"LH","Rct20_NRE20-35",0.182321556793955,0.182321556793955,0.182321556793955,0.182321556793955,0.182321556793955,0.300104592450338,0.199691593492326,0.199691593492326,-0.329354346110187,FALSE,0.609527622326738,1.00108653480413,-0.298839690508887,FALSE,0.323762307421471,1.00098701343879,-0.218937285228918,TRUE,0.907497454565499,1.0010481164921,-0.316880244568556,FALSE,0.363260421772371,1.00103138198039
703,"rand=1-2_rate=2_ROB=LH_Bias=Rct20_NRE20-35","1-2",2,"LH","Rct20_NRE20-35",0.182321556793955,0.182321556793955,0.182321556793955,0.182321556793955,0.182321556793955,0.300104592450338,0.223341349173288,0.223341349173288,-0.160205293239873,TRUE,0.631951402974927,1.00119663690432,-0.336367812128894,FALSE,0.476637607642511,1.00098702834886,0.0396586789944463,TRUE,0.485179310303141,1.00182680742292,-0.546785335251863,FALSE,0.700433681832105,1.00101997478898
704,"rand=1-2_rate=2_ROB=LH_Bias=Rct20_NRE20-35","1-2",2,"LH","Rct20_NRE20-35",0.182321556793955,0.182321556793955,0.182321556793955,0.182321556793955,0.182321556793955,0.300104592450338,0.226122502660109,0.226122502660109,-0.17060289629562,TRUE,0.596352115442694,1.00119745510981,-0.303236348262346,FALSE,0.432538124289687,1.00098616425259,-0.22675159727982,TRUE,0.719316952144856,1.00100754905185,-0.333283159835122,FALSE,0.621842016821292,1.00099063256403
705,"rand=1-2_rate=2_ROB=LH_Bias=Rct20_NRE20-35","1-2",2,"LH","Rct20_NRE20-35",0.182321556793955,0.182321556793955,0.182321556793955,0.182321556793955,0.182321556793955,0.300104592450338,0.210733989478537,0.210733989478537,-0.102535068460289,TRUE,0.635487239856252,1.00106940588146,-0.0850333840803539,TRUE,0.411444580160436,1.0009862136167,-0.233903010912724,TRUE,0.831866900625103,1.00102165046135,-0.0211887832924369,TRUE,0.523032782672871,1.00098638182022
706,"rand=1-2_rate=2_ROB=LH_Bias=Rct20_NRE20-35","1-2",2,"LH","Rct20_NRE20-35",0.182321556793955,0.182321556793955,0.182321556793955,0.182321556793955,0.182321556793955,0.300104592450338,0.199414122639481,0.199414122639481,-0.258907822122563,TRUE,0.681556811768763,1.00098640039153,-0.332896371258557,FALSE,0.429887388098434,1.00099047232665,-0.222848105781431,TRUE,0.943540980579545,1.00110312041364,-0.370364942528808,FALSE,0.534313682264338,1.00103628049278
707,"rand=1-2_rate=2_ROB=LH_Bias=Rct20_NRE20-35","1-2",2,"LH","Rct20_NRE20-35",0.182321556793955,0.182321556793955,0.182321556793955,0.182321556793955,0.182321556793955,0.300104592450338,0.246073303213122,0.246073303213122,-0.122419232286032,TRUE,0.626595662703115,1.00099559679244,-0.174920540065707,TRUE,0.425052286169204,1.00101979026006,-0.0599469075525805,TRUE,0.738035574818258,1.00102354745784,-0.227638651760623,TRUE,0.575676760392959,1.00099050374183
708,"rand=1-2_rate=2_ROB=LH_Bias=Rct20_NRE20-35","1-2",2,"LH","Rct20_NRE20-35",0.182321556793955,0.182321556793955,0.182321556793955,0.182321556793955,0.182321556793955,0.300104592450338,0.225474000798361,0.225474000798361,-0.0740829594474133,TRUE,0.465778364695036,1.0009869248881,-0.260466774532616,FALSE,0.399055460393908,1.00099653934296,-0.213611546440964,TRUE,0.653884432010115,1.00156316950811,-0.278368236947472,FALSE,0.576317442056867,1.00100939529359
709,"rand=1-2_rate=2_ROB=LH_Bias=Rct20_NRE20-35","1-2",2,"LH","Rct20_NRE20-35",0.182321556793955,0.182321556793955,0.182321556793955,0.182321556793955,0.182321556793955,0.300104592450338,0.185511447444548,0.185511447444548,-0.170329862459859,TRUE,0.514058374192847,1.00101714599121,-0.221875349723363,FALSE,0.275160214500595,1.00102869212147,-0.0383676774583614,TRUE,0.664264649518873,1.00101074871308,-0.260519400007052,FALSE,0.318402263090162,1.00099135216442
710,"rand=1-2_rate=2_ROB=LH_Bias=Rct20_NRE20-35","1-2",2,"LH","Rct20_NRE20-35",0.182321556793955,0.182321556793955,0.182321556793955,0.182321556793955,0.182321556793955,0.300104592450338,0.222828776514025,0.222828776514025,-0.322998954194361,FALSE,0.678876702949381,1.00115684052486,-0.310907654943162,FALSE,0.397187197063845,1.00098613650212,-0.186901152405854,TRUE,0.716933748363272,1.0016469798772,-0.351172215609239,FALSE,0.534002144046518,1.00098892631184
711,"rand=1-2_rate=2_ROB=LH_Bias=Rct20_NRE20-35","1-2",2,"LH","Rct20_NRE20-35",0.182321556793955,0.182321556793955,0.182321556793955,0.182321556793955,0.182321556793955,0.300104592450338,0.198578688815773,0.200566078272293,-0.204058444152634,TRUE,0.562092165858736,1.0010375453442,-0.145778752760631,TRUE,0.312749200827951,1.00099972432172,-0.110003908139059,TRUE,0.685509478539646,1.00099994727559,-0.15533579989469,TRUE,0.395586672893995,1.00098607935512
712,"rand=1-2_rate=2_ROB=LH_Bias=Rct20_NRE20-35","1-2",2,"LH","Rct20_NRE20-35",0.182321556793955,0.182321556793955,0.182321556793955,0.182321556793955,0.182321556793955,0.300104592450338,0.224224463271419,0.224224463271419,-0.256030729592982,TRUE,0.668934055377386,1.00098929554103,-0.344875763776213,FALSE,0.456846578726356,1.00111129282746,-0.403574113189324,TRUE,1.13426360128424,1.001014551429,-0.324299913474515,FALSE,0.539430987701365,1.00098627308283
713,"rand=1-2_rate=2_ROB=LH_Bias=Rct20_NRE20-35","1-2",2,"LH","Rct20_NRE20-35",0.182321556793955,0.182321556793955,0.182321556793955,0.182321556793955,0.182321556793955,0.300104592450338,0.223543097507733,0.223543097507733,-0.317334518031304,FALSE,0.700841831647664,1.00101152221988,-0.305805356212713,FALSE,0.450069510019659,1.00098603004694,-0.332480321524148,FALSE,0.714219078600362,1.00113818433157,-0.296303585402703,FALSE,0.665129503716489,1.00099304648405
714,"rand=1-2_rate=2_ROB=LH_Bias=Rct20_NRE20-35","1-2",2,"LH","Rct20_NRE20-35",0.182321556793955,0.182321556793955,0.182321556793955,0.182321556793955,0.182321556793955,0.300104592450338,0.200760103310612,0.200760103310612,-0.35724086472239,FALSE,0.7976821497685,1.00098816537257,-0.31660635263304,FALSE,0.487337543954431,1.00099369484036,-0.191351439796428,TRUE,0.955599144505703,1.00099341492596,-0.376025722813469,FALSE,0.638797471585838,1.0009861313827
715,"rand=1-2_rate=2_ROB=LH_Bias=Rct20_NRE20-35","1-2",2,"LH","Rct20_NRE20-35",0.182321556793955,0.182321556793955,0.182321556793955,0.182321556793955,0.182321556793955,0.300104592450338,0.195333586117663,0.195333586117663,-0.215519260230477,TRUE,0.681718997986154,1.00119170156761,-0.178542105925457,TRUE,0.451488537432282,1.0010244274026,-0.14668317170575,TRUE,0.662518802328898,1.00098801075765,-0.19811697436919,TRUE,0.683163996563788,1.00104485650924
716,"rand=1-2_rate=2_ROB=LH_Bias=Rct20_NRE20-35","1-2",2,"LH","Rct20_NRE20-35",0.182321556793955,0.182321556793955,0.182321556793955,0.182321556793955,0.182321556793955,0.300104592450338,0.217532300323664,0.217532300323664,-0.268944640570294,FALSE,0.598422855945017,1.00098931726615,-0.292179255345881,FALSE,0.354237092453637,1.00098936965796,-0.160025451759246,TRUE,0.598497525502073,1.00107538933378,-0.330684741966965,FALSE,0.499934299141311,1.0009861555202
717,"rand=1-2_rate=2_ROB=LH_Bias=Rct20_NRE20-35","1-2",2,"LH","Rct20_NRE20-35",0.182321556793955,0.182321556793955,0.182321556793955,0.182321556793955,0.182321556793955,0.300104592450338,0.222115879501356,0.222115879501356,-0.326151913160698,FALSE,0.572734205073877,1.00110735926132,-0.339580017397187,FALSE,0.297692145910738,1.00099006319932,-0.398494645453987,FALSE,0.745259406768123,1.00102331895812,-0.326275361444098,FALSE,0.369312601333339,1.00098980051322
718,"rand=1-2_rate=2_ROB=LH_Bias=Rct20_NRE20-35","1-2",2,"LH","Rct20_NRE20-35",0.182321556793955,0.182321556793955,0.182321556793955,0.182321556793955,0.182321556793955,0.300104592450338,0.216979135777396,0.216979135777396,-0.234130803270896,TRUE,0.570181296075673,1.00106937089095,-0.360983806600708,FALSE,0.384884786679063,1.00100513778255,-0.216211255503598,TRUE,0.730152845989643,1.00106460805485,-0.402874668663761,FALSE,0.495586454613176,1.00099183679147
719,"rand=1-2_rate=2_ROB=LH_Bias=Rct20_NRE20-35","1-2",2,"LH","Rct20_NRE20-35",0.182321556793955,0.182321556793955,0.182321556793955,0.182321556793955,0.182321556793955,0.300104592450338,0.208112135477878,0.208112135477878,-0.362257260352105,FALSE,0.675404312164439,1.00104548537376,-0.338622783877695,FALSE,0.403159718810315,1.00114342364158,-0.270349998805509,TRUE,0.672794823722204,1.00117512548267,-0.362940724252129,FALSE,0.575552869546357,1.00098668562497
720,"rand=1-2_rate=2_ROB=LH_Bias=Rct20_NRE20-35","1-2",2,"LH","Rct20_NRE20-35",0.182321556793955,0.182321556793955,0.182321556793955,0.182321556793955,0.182321556793955,0.300104592450338,0.214560024876433,0.214560024876433,-0.343952434087854,FALSE,0.751752189183465,1.00115226581243,-0.315197555773648,FALSE,0.485622342547725,1.00102185811928,-0.355702674101357,FALSE,0.839268214165104,1.00115654139708,-0.295402103047002,TRUE,0.700198069792675,1.00098748587515
721,"rand=1-2_rate=2_ROB=LH_Bias=Rct20_NRE20-35","1-2",2,"LH","Rct20_NRE20-35",0.182321556793955,0.182321556793955,0.182321556793955,0.182321556793955,0.182321556793955,0.300104592450338,0.220030545814546,0.220030545814546,-0.51498798742686,FALSE,0.696444279914507,1.00105762428918,-0.401199442484962,FALSE,0.341843337042676,1.00098643776314,-0.490386760935309,FALSE,0.869073889504214,1.00111403067087,-0.382579793384611,FALSE,0.401569583343075,1.00100824282253
722,"rand=1-2_rate=2_ROB=LH_Bias=Rct20_NRE20-35","1-2",2,"LH","Rct20_NRE20-35",0.182321556793955,0.182321556793955,0.182321556793955,0.182321556793955,0.182321556793955,0.300104592450338,0.200793936917992,0.200793936917992,-0.16962903414765,TRUE,0.617614763907379,1.00119342878754,-0.147700742866929,TRUE,0.374885029518947,1.00100224405928,-0.256808087783138,TRUE,0.716634504276018,1.00098612924312,-0.11129488772104,TRUE,0.51083694633918,1.00099038042831
723,"rand=1-2_rate=2_ROB=LH_Bias=Rct20_NRE20-35","1-2",2,"LH","Rct20_NRE20-35",0.182321556793955,0.182321556793955,0.182321556793955,0.182321556793955,0.182321556793955,0.300104592450338,0.208125790683118,0.208125790683118,-0.239115828532557,TRUE,0.64168629238069,1.00098950628402,-0.320956030886725,FALSE,0.421301089617335,1.00100159488548,-0.0689447685124394,TRUE,0.555158459186626,1.00114760375291,-0.433979498181538,FALSE,0.624382722942574,1.00107165851306
724,"rand=1-2_rate=2_ROB=LH_Bias=Rct20_NRE20-35","1-2",2,"LH","Rct20_NRE20-35",0.182321556793955,0.182321556793955,0.182321556793955,0.182321556793955,0.182321556793955,0.300104592450338,0.210870852434769,0.210870852434769,-0.329238878847876,FALSE,0.754020599155255,1.00101599103584,-0.247385463015483,FALSE,0.469399384773085,1.00098771885524,-0.187681137480482,TRUE,0.875487177724594,1.00122074622962,-0.272228959229264,TRUE,0.630073011340092,1.00108284765453
725,"rand=1-2_rate=2_ROB=LH_Bias=Rct20_NRE20-35","1-2",2,"LH","Rct20_NRE20-35",0.182321556793955,0.182321556793955,0.182321556793955,0.182321556793955,0.182321556793955,0.300104592450338,0.233508970209543,0.233508970209543,-0.200218352809355,TRUE,0.546552604134981,1.00102657719746,-0.214015083154279,FALSE,0.307469226054428,1.00101621319332,-0.0242555964393101,TRUE,0.565892574094302,1.00100454914152,-0.263938751378622,FALSE,0.388692661403921,1.00102581332548
726,"rand=1-2_rate=2_ROB=LH_Bias=Rct20_NRE20-35","1-2",2,"LH","Rct20_NRE20-35",0.182321556793955,0.182321556793955,0.182321556793955,0.182321556793955,0.182321556793955,0.300104592450338,0.208975246324705,0.208975246324705,-0.187551786293917,TRUE,0.68235787964385,1.00101791881535,-0.193212607236816,TRUE,0.43725331501985,1.00104950207256,-0.180424599572995,TRUE,0.823028152113677,1.00102485792469,-0.19682369934571,TRUE,0.585401338392832,1.00099576493521
727,"rand=1-2_rate=2_ROB=LH_Bias=Rct20_NRE20-35","1-2",2,"LH","Rct20_NRE20-35",0.182321556793955,0.182321556793955,0.182321556793955,0.182321556793955,0.182321556793955,0.300104592450338,0.190827307402315,0.190827307402315,-0.18323593415217,TRUE,0.566353888260953,1.00114336347989,-0.148922051984116,TRUE,0.329135153561415,1.00105679408152,-0.218895696117561,TRUE,0.686453640838445,1.00114108429128,-0.125384384769528,TRUE,0.431870678162076,1.00100073049511
728,"rand=1-2_rate=2_ROB=LH_Bias=Rct20_NRE20-35","1-2",2,"LH","Rct20_NRE20-35",0.182321556793955,0.182321556793955,0.182321556793955,0.182321556793955,0.182321556793955,0.300104592450338,0.221699833639031,0.221699833639031,-0.225984285096176,TRUE,0.698726152526139,1.00098777481492,-0.454211104651668,FALSE,0.508040751330427,1.00098670250024,-0.314022826843462,TRUE,1.01768564162997,1.00100092586888,-0.509596773738266,FALSE,0.653415611046889,1.00100696169303
729,"rand=1-2_rate=2_ROB=LH_Bias=Rct20_NRE20-35","1-2",2,"LH","Rct20_NRE20-35",0.182321556793955,0.182321556793955,0.182321556793955,0.182321556793955,0.182321556793955,0.300104592450338,0.203369430448363,0.203369430448363,-0.205809488130011,TRUE,0.72949019320717,1.00099582959027,-0.239764353257874,FALSE,0.518426775439682,1.00098642016041,-0.273008086304675,TRUE,0.898152744118702,1.00115689323855,-0.223528946808921,TRUE,0.735170318755907,1.00102027338872
730,"rand=1-2_rate=2_ROB=LH_Bias=Rct20_NRE20-35","1-2",2,"LH","Rct20_NRE20-35",0.182321556793955,0.182321556793955,0.182321556793955,0.182321556793955,0.182321556793955,0.300104592450338,0.213811728821765,0.213811728821765,-0.231009645367885,FALSE,0.516802979443628,1.00196277539953,-0.143696472953287,FALSE,0.228149946024918,1.00133177526199,-0.501250634120574,FALSE,0.872712701158227,1.00109071779594,-0.102315741489658,FALSE,0.211227339609124,1.00107525941593
731,"rand=1-2_rate=2_ROB=LH_Bias=Rct20_NRE20-35","1-2",2,"LH","Rct20_NRE20-35",0.182321556793955,0.182321556793955,0.182321556793955,0.182321556793955,0.182321556793955,0.300104592450338,0.19919678236266,0.19919678236266,-0.245537161205559,TRUE,0.749607337930502,1.00120981877763,-0.396403401862405,FALSE,0.592132254422192,1.00112665278918,-0.633919242955272,FALSE,1.23163418706736,1.00104789910476,-0.288288537071406,TRUE,0.738458311207679,1.00098687922505
732,"rand=1-2_rate=2_ROB=LH_Bias=Rct20_NRE20-35","1-2",2,"LH","Rct20_NRE20-35",0.182321556793955,0.182321556793955,0.182321556793955,0.182321556793955,0.182321556793955,0.300104592450338,0.208269449962308,0.208269449962308,-0.303271227560213,TRUE,0.838050304521692,1.00098615800222,-0.266171823868752,FALSE,0.560795059324754,1.00108595472078,-0.271000494482533,TRUE,0.99349730690508,1.00098807831113,-0.261479487740607,TRUE,0.794561531187029,1.00102550588739
733,"rand=1-2_rate=2_ROB=LH_Bias=Rct20_NRE20-35","1-2",2,"LH","Rct20_NRE20-35",0.182321556793955,0.182321556793955,0.182321556793955,0.182321556793955,0.182321556793955,0.300104592450338,0.211710473685977,0.211710473685977,-0.12601779884751,TRUE,0.533162827276015,1.00106083724161,-0.220466733243619,FALSE,0.353957412540129,1.00102176549443,-0.0610369244284872,TRUE,0.612753435031593,1.00100520634244,-0.274005740023419,FALSE,0.476974711544324,1.00109460440606
734,"rand=1-2_rate=2_ROB=LH_Bias=Rct20_NRE20-35","1-2",2,"LH","Rct20_NRE20-35",0.182321556793955,0.182321556793955,0.182321556793955,0.182321556793955,0.182321556793955,0.300104592450338,0.222069650397748,0.222069650397748,-0.206104148527732,TRUE,0.57071946245587,1.00098600456642,-0.281273696028712,FALSE,0.361169386007576,1.00098599038524,-0.0191354075114285,TRUE,0.620276203894477,1.00100036644017,-0.378345737064342,FALSE,0.435300286237206,1.00099154041402
735,"rand=1-2_rate=2_ROB=LH_Bias=Rct20_NRE20-35","1-2",2,"LH","Rct20_NRE20-35",0.182321556793955,0.182321556793955,0.182321556793955,0.182321556793955,0.182321556793955,0.300104592450338,0.21695208075706,0.21695208075706,-0.12957307851426,TRUE,0.591576309315312,1.00100123921569,-0.189141144860481,FALSE,0.39745472779195,1.00102183072888,-0.324067686696006,TRUE,0.783514535390514,1.00176729175481,-0.144586090464446,TRUE,0.51564263519568,1.00098619307784
736,"rand=1-2_rate=2_ROB=LH_Bias=Rct20_NRE20-35","1-2",2,"LH","Rct20_NRE20-35",0.182321556793955,0.182321556793955,0.182321556793955,0.182321556793955,0.182321556793955,0.300104592450338,0.203972822246116,0.203972822246116,-0.158911991606502,TRUE,0.657521529308088,1.0012447509678,-0.226529350617745,FALSE,0.481958557811932,1.00100381354005,-0.183496666096846,TRUE,0.742408368833042,1.00127376288775,-0.248158209925139,TRUE,0.716591050690084,1.00100744785251
737,"rand=1-2_rate=2_ROB=LH_Bias=Rct20_NRE20-35","1-2",2,"LH","Rct20_NRE20-35",0.182321556793955,0.182321556793955,0.182321556793955,0.182321556793955,0.182321556793955,0.300104592450338,0.208324705664764,0.208324705664764,-0.204680450883631,TRUE,0.60092369032894,1.0012566068364,-0.143088711430297,TRUE,0.352791513383879,1.00098691377055,-0.25750076238506,TRUE,0.686282496342494,1.00100416186558,-0.104746959673004,TRUE,0.470676346411967,1.00098602019888
738,"rand=1-2_rate=2_ROB=LH_Bias=Rct20_NRE20-35","1-2",2,"LH","Rct20_NRE20-35",0.182321556793955,0.182321556793955,0.182321556793955,0.182321556793955,0.182321556793955,0.300104592450338,0.222692516591204,0.222692516591204,-0.188552677306347,TRUE,0.61708660098627,1.00106696814688,-0.283153857695551,FALSE,0.460096576406305,1.00103926381216,-0.195150610243432,TRUE,0.632177528648099,1.00146185214666,-0.323314066711842,FALSE,0.71669503871483,1.00099542275753
739,"rand=1-2_rate=2_ROB=LH_Bias=Rct20_NRE20-35","1-2",2,"LH","Rct20_NRE20-35",0.182321556793955,0.182321556793955,0.182321556793955,0.182321556793955,0.182321556793955,0.300104592450338,0.217597851605243,0.217597851605243,-0.19475262530398,TRUE,0.678329067806624,1.00122441221392,-0.172856961781187,TRUE,0.422995997781474,1.00105638711339,-0.169714407258356,TRUE,0.94259492283652,1.00102584884106,-0.174471264704153,TRUE,0.535430925597263,1.00100755763311
740,"rand=1-2_rate=2_ROB=LH_Bias=Rct20_NRE20-35","1-2",2,"LH","Rct20_NRE20-35",0.182321556793955,0.182321556793955,0.182321556793955,0.182321556793955,0.182321556793955,0.300104592450338,0.201450110761605,0.201450110761605,-0.199782875082438,TRUE,0.627379283957244,1.00099481205585,-0.268099809657657,FALSE,0.432809899112042,1.00099128524088,-0.155579872806263,TRUE,0.792045758196537,1.00099163916887,-0.314124436100795,FALSE,0.590990719391479,1.00108032680796
741,"rand=1-2_rate=2_ROB=LH_Bias=Rct20_NRE20-35","1-2",2,"LH","Rct20_NRE20-35",0.182321556793955,0.182321556793955,0.182321556793955,0.182321556793955,0.182321556793955,0.300104592450338,0.21537314210922,0.21537314210922,-0.162792104320064,TRUE,0.582231455249592,1.00108934809056,-0.269425270980649,FALSE,0.395087521844794,1.00098604320858,-0.171182821585276,TRUE,0.665002550485699,1.00098706593266,-0.301969534631076,FALSE,0.552989974733919,1.00100009680502
742,"rand=1-2_rate=2_ROB=LH_Bias=Rct20_NRE20-35","1-2",2,"LH","Rct20_NRE20-35",0.182321556793955,0.182321556793955,0.182321556793955,0.182321556793955,0.182321556793955,0.300104592450338,0.199918459999291,0.199918459999291,-0.256389101059668,TRUE,0.61932617709379,1.00098988199783,-0.198686410148679,FALSE,0.322158723227416,1.00100054100072,-0.315944955244048,TRUE,0.817760316400898,1.00120309759954,-0.172876221817317,TRUE,0.380145336985601,1.00098612915022
743,"rand=1-2_rate=2_ROB=LH_Bias=Rct20_NRE20-35","1-2",2,"LH","Rct20_NRE20-35",0.182321556793955,0.182321556793955,0.182321556793955,0.182321556793955,0.182321556793955,0.300104592450338,0.200026078612087,0.200026078612087,-0.353294578818911,FALSE,0.816474898259094,1.00109724925042,-0.325091746390223,FALSE,0.523735571127321,1.00099671918573,-0.00180872339570559,TRUE,0.901854387704016,1.00098781918561,-0.504220935782915,FALSE,0.614712475250806,1.0009892733452
744,"rand=1-2_rate=2_ROB=LH_Bias=Rct20_NRE20-35","1-2",2,"LH","Rct20_NRE20-35",0.182321556793955,0.182321556793955,0.182321556793955,0.182321556793955,0.182321556793955,0.300104592450338,0.227870921190612,0.227870921190612,-0.185315552190919,TRUE,0.613006845957713,1.00100176857135,-0.247592063391722,FALSE,0.403983471085728,1.00099014260204,-0.253540358382117,TRUE,0.788189733514204,1.00101233257843,-0.24369020716816,FALSE,0.535748733219063,1.00102683563345
745,"rand=1-2_rate=2_ROB=LH_Bias=Rct20_NRE20-35","1-2",2,"LH","Rct20_NRE20-35",0.182321556793955,0.182321556793955,0.182321556793955,0.182321556793955,0.182321556793955,0.300104592450338,0.208399913928794,0.208399913928794,-0.247855809559529,TRUE,0.639138294660928,1.00098699880596,-0.232206394524521,FALSE,0.383875713261594,1.00099468350686,-0.137086148051171,TRUE,0.625887350664134,1.00098955429075,-0.266801010734722,FALSE,0.548012788074306,1.00098662521607
746,"rand=1-2_rate=2_ROB=LH_Bias=Rct20_NRE20-35","1-2",2,"LH","Rct20_NRE20-35",0.182321556793955,0.182321556793955,0.182321556793955,0.182321556793955,0.182321556793955,0.300104592450338,0.231156595896472,0.231156595896472,-0.147321353308879,TRUE,0.624343593503756,1.0011381923195,-0.198004949780211,FALSE,0.421597617811363,1.00099061467264,-0.378336202096001,FALSE,0.808513666894992,1.00110326940942,-0.132196460397156,TRUE,0.544041399630896,1.0009865359951
747,"rand=1-2_rate=2_ROB=LH_Bias=Rct20_NRE20-35","1-2",2,"LH","Rct20_NRE20-35",0.182321556793955,0.182321556793955,0.182321556793955,0.182321556793955,0.182321556793955,0.300104592450338,0.201667613087271,0.201667613087271,-0.193237393170972,TRUE,0.668275883304212,1.00098608594155,-0.203181650741908,FALSE,0.428485707930375,1.00100546259769,-0.381368009330543,FALSE,0.855951515090827,1.00132743605583,-0.139318986543893,TRUE,0.538774987282012,1.00102219038792
748,"rand=1-2_rate=2_ROB=LH_Bias=Rct20_NRE20-35","1-2",2,"LH","Rct20_NRE20-35",0.182321556793955,0.182321556793955,0.182321556793955,0.182321556793955,0.182321556793955,0.300104592450338,0.213964546483683,0.213964546483683,-0.143971328403001,TRUE,0.601666964305562,1.00110961101338,-0.126312576575051,TRUE,0.39260755584652,1.00099542206101,-0.135864177736419,TRUE,0.688712944150148,1.00101352600735,-0.124090274340451,TRUE,0.547730829882605,1.0009862602131
749,"rand=1-2_rate=2_ROB=LH_Bias=Rct20_NRE20-35","1-2",2,"LH","Rct20_NRE20-35",0.182321556793955,0.182321556793955,0.182321556793955,0.182321556793955,0.182321556793955,0.300104592450338,0.211127611836894,0.211127611836894,-0.188242245115402,TRUE,0.636206633891121,1.00119786583236,-0.238354709791869,FALSE,0.405971637342269,1.00101304310467,-0.0299682976644877,TRUE,0.730622548760103,1.00157523555917,-0.318602399150381,FALSE,0.515345350795498,1.00104823561939
750,"rand=1-2_rate=2_ROB=LH_Bias=Rct20_NRE20-35","1-2",2,"LH","Rct20_NRE20-35",0.182321556793955,0.182321556793955,0.182321556793955,0.182321556793955,0.182321556793955,0.300104592450338,0.208955030336052,0.208955030336052,-0.129072015960894,TRUE,0.603206724973974,1.00104284246822,-0.303188725714323,FALSE,0.527208877750866,1.00103033417611,-0.163453430654133,TRUE,0.676628033631749,1.00105515896582,-0.376391248442623,FALSE,0.86042789888554,1.00105642164558
751,"rand=1-2_rate=2_ROB=LH_Bias=Rct20_NRE20-35","1-2",2,"LH","Rct20_NRE20-35",0.182321556793955,0.182321556793955,0.182321556793955,0.182321556793955,0.182321556793955,0.300104592450338,0.199802878250377,0.199802878250377,-0.0237218517666333,TRUE,0.486501430990087,1.00128318452931,-0.0923186075126721,TRUE,0.306435392219877,1.00098799959397,-0.100703942182318,TRUE,0.552264943122223,1.00113271052537,-0.0863175959346221,TRUE,0.432976467003336,1.0009900584553
752,"rand=1-2_rate=2_ROB=LH_Bias=Rct20_NRE20-35","1-2",2,"LH","Rct20_NRE20-35",0.182321556793955,0.182321556793955,0.182321556793955,0.182321556793955,0.182321556793955,0.300104592450338,0.191954968095812,0.191954968095812,-0.163413665584482,TRUE,0.60327713560757,1.00099121131528,-0.167610011083244,TRUE,0.369767941533505,1.00103041225167,-0.0527675304742696,TRUE,0.687779231500542,1.00106636714085,-0.210320858727692,TRUE,0.482940173384984,1.00101224755817
753,"rand=1-2_rate=2_ROB=LH_Bias=Rct20_NRE20-35","1-2",2,"LH","Rct20_NRE20-35",0.182321556793955,0.182321556793955,0.182321556793955,0.182321556793955,0.182321556793955,0.300104592450338,0.219799575034369,0.219799575034369,-0.344141541315787,FALSE,0.623027049753374,1.00108991505718,-0.279979221271097,FALSE,0.340112518969896,1.00100845572595,-0.352706945258096,TRUE,0.831611237349462,1.000998827139,-0.259338791547268,FALSE,0.409827596835716,1.0009920992124
754,"rand=1-2_rate=2_ROB=LH_Bias=Rct20_NRE20-35","1-2",2,"LH","Rct20_NRE20-35",0.182321556793955,0.182321556793955,0.182321556793955,0.182321556793955,0.182321556793955,0.300104592450338,0.214978839053977,0.214978839053977,-0.257191818815554,TRUE,0.593481602162322,1.00098951492775,-0.269835384791396,FALSE,0.341748907911037,1.00098752808046,-0.168171475929686,TRUE,0.697726729815744,1.00131606482884,-0.298593275371144,FALSE,0.434318129354077,1.00098616975309
755,"rand=1-2_rate=2_ROB=LH_Bias=Rct20_NRE20-35","1-2",2,"LH","Rct20_NRE20-35",0.182321556793955,0.182321556793955,0.182321556793955,0.182321556793955,0.182321556793955,0.300104592450338,0.213816790923123,0.213816790923123,-0.312222048510468,TRUE,0.718624745734962,1.00101543168838,-0.330577020004922,FALSE,0.528789552174832,1.00104519345453,0.0449467037615642,TRUE,0.570458679595537,1.00108579476725,-0.567221006506752,FALSE,0.77828822194408,1.00100983297068
756,"rand=1-2_rate=2_ROB=LH_Bias=Rct20_NRE20-35","1-2",2,"LH","Rct20_NRE20-35",0.182321556793955,0.182321556793955,0.182321556793955,0.182321556793955,0.182321556793955,0.300104592450338,0.211618395152359,0.211618395152359,-0.26612341082475,TRUE,0.750831696224462,1.00098675002112,-0.30100250464113,FALSE,0.529132566482573,1.00098896136553,-0.448637901492018,FALSE,0.894894223824812,1.00099797498609,-0.234534912018069,TRUE,0.751186533291232,1.00107008414673
757,"rand=1-2_rate=2_ROB=LH_Bias=Rct20_NRE20-35","1-2",2,"LH","Rct20_NRE20-35",0.182321556793955,0.182321556793955,0.182321556793955,0.182321556793955,0.182321556793955,0.300104592450338,0.217129361494198,0.217129361494198,-0.231530109527127,TRUE,0.615728905111892,1.00099196872657,-0.287973236513981,FALSE,0.401030262558138,1.00100120644524,-0.145396767889804,TRUE,0.647774728130666,1.0009861818808,-0.340026008564093,FALSE,0.553919669882937,1.00099621858543
758,"rand=1-2_rate=2_ROB=LH_Bias=Rct20_NRE20-35","1-2",2,"LH","Rct20_NRE20-35",0.182321556793955,0.182321556793955,0.182321556793955,0.182321556793955,0.182321556793955,0.300104592450338,0.204286514983413,0.204286514983413,-0.417544481634618,FALSE,0.73981708790095,1.00105728919547,-0.283482436315607,FALSE,0.418128796534596,1.0010643295891,-0.638025528997293,FALSE,0.972784813760696,1.00108824516115,-0.180461046553939,TRUE,0.463079832026864,1.00104629354268
759,"rand=1-2_rate=2_ROB=LH_Bias=Rct20_NRE20-35","1-2",2,"LH","Rct20_NRE20-35",0.182321556793955,0.182321556793955,0.182321556793955,0.182321556793955,0.182321556793955,0.300104592450338,0.210088853999281,0.210088853999281,-0.388561295920405,FALSE,0.729255901707623,1.00099622910546,-0.291778391990786,FALSE,0.466778515859841,1.00102949358612,-0.262533896638491,TRUE,0.782192491478152,1.00118180721648,-0.29964684367151,FALSE,0.668604428541433,1.00098776408799
760,"rand=1-2_rate=2_ROB=LH_Bias=Rct20_NRE20-35","1-2",2,"LH","Rct20_NRE20-35",0.182321556793955,0.182321556793955,0.182321556793955,0.182321556793955,0.182321556793955,0.300104592450338,0.239225347506865,0.239225347506865,-0.442193888623029,FALSE,0.706793340354132,1.0010024674321,-0.490572472804535,FALSE,0.449942370690039,1.00103285237066,-0.407527457027995,FALSE,0.81534911518638,1.00098830039021,-0.519754419495542,FALSE,0.604773236730384,1.00101407094681
761,"rand=1-2_rate=2_ROB=LH_Bias=Rct20_NRE20-35","1-2",2,"LH","Rct20_NRE20-35",0.182321556793955,0.182321556793955,0.182321556793955,0.182321556793955,0.182321556793955,0.300104592450338,0.213342312766007,0.213342312766007,-0.326511534050053,FALSE,0.711251376909477,1.00104932606379,-0.38872595187922,FALSE,0.461076743829533,1.00103167992978,-0.243182904608545,TRUE,0.982504931695256,1.00101680774885,-0.442188390275326,FALSE,0.580329678868138,1.00099436820048
762,"rand=1-2_rate=2_ROB=LH_Bias=Rct20_NRE20-35","1-2",2,"LH","Rct20_NRE20-35",0.182321556793955,0.182321556793955,0.182321556793955,0.182321556793955,0.182321556793955,0.300104592450338,0.22779631876579,0.22779631876579,-0.252320822886607,TRUE,0.585095528493508,1.001087592523,-0.370264768188791,FALSE,0.417315556716023,1.00103412113275,-0.328208657355632,FALSE,0.719002197703018,1.0015690216502,-0.384390488498952,FALSE,0.588723244300445,1.00098674371944
763,"rand=1-2_rate=2_ROB=LH_Bias=Rct20_NRE20-35","1-2",2,"LH","Rct20_NRE20-35",0.182321556793955,0.182321556793955,0.182321556793955,0.182321556793955,0.182321556793955,0.300104592450338,0.212071043794284,0.212071043794284,-0.345747636575226,FALSE,0.800546903922605,1.00099006128657,-0.423256204529579,FALSE,0.555013746204219,1.00101899252518,-0.559648221621459,TRUE,1.53743878543654,1.00098798721415,-0.370984513580473,FALSE,0.601892600135847,1.00100394347928
764,"rand=1-2_rate=2_ROB=LH_Bias=Rct20_NRE20-35","1-2",2,"LH","Rct20_NRE20-35",0.182321556793955,0.182321556793955,0.182321556793955,0.182321556793955,0.182321556793955,0.300104592450338,0.185191549340054,0.185191549340054,-0.0867705623884878,TRUE,0.548728221378844,1.00115551069677,-0.115132212231732,TRUE,0.361840907040345,1.00102393425827,-0.109788499500964,TRUE,0.59468845219993,1.00117096865691,-0.118188896656684,TRUE,0.547554256787613,1.00098872032781
765,"rand=1-2_rate=2_ROB=LH_Bias=Rct20_NRE20-35","1-2",2,"LH","Rct20_NRE20-35",0.182321556793955,0.182321556793955,0.182321556793955,0.182321556793955,0.182321556793955,0.300104592450338,0.189707192886077,0.189707192886077,-0.30306238820511,TRUE,0.718463142355223,1.00105381141533,-0.263119707731477,FALSE,0.458916148376912,1.00103531228109,-0.0361575342179037,TRUE,0.641846511543852,1.00109174652817,-0.375608154940243,FALSE,0.663192644108753,1.00100767258754
766,"rand=1-2_rate=2_ROB=LH_Bias=Rct20_NRE20-35","1-2",2,"LH","Rct20_NRE20-35",0.182321556793955,0.182321556793955,0.182321556793955,0.182321556793955,0.182321556793955,0.300104592450338,0.224400019873506,0.224400019873506,-0.143567967018619,TRUE,0.63631174716392,1.00118431108516,-0.297857069970316,FALSE,0.508111570719255,1.00100627077366,-0.297594650901321,TRUE,0.804920929222154,1.00100347306753,-0.291971253895229,TRUE,0.746241080649824,1.00098623653759
767,"rand=1-2_rate=2_ROB=LH_Bias=Rct20_NRE20-35","1-2",2,"LH","Rct20_NRE20-35",0.182321556793955,0.182321556793955,0.182321556793955,0.182321556793955,0.182321556793955,0.300104592450338,0.219296683822788,0.219296683822788,-0.318792887524461,FALSE,0.65792951960273,1.00098861430747,-0.313578877332515,FALSE,0.377757233261385,1.00098812625527,-0.220972099700397,TRUE,0.974535590529855,1.00101631593556,-0.332679513129924,FALSE,0.424780005210645,1.00099524336098
768,"rand=1-2_rate=2_ROB=LH_Bias=Rct20_NRE20-35","1-2",2,"LH","Rct20_NRE20-35",0.182321556793955,0.182321556793955,0.182321556793955,0.182321556793955,0.182321556793955,0.300104592450338,0.225810112880113,0.225810112880113,-0.129245955780466,TRUE,0.479107841794719,1.00098803516449,-0.2183786695869,FALSE,0.294918372933469,1.00099151103885,-0.168639774514563,TRUE,0.673687289023333,1.00099624671926,-0.23031269033792,FALSE,0.371576633502113,1.00107415642718
769,"rand=1-2_rate=2_ROB=LH_Bias=Rct20_NRE20-35","1-2",2,"LH","Rct20_NRE20-35",0.182321556793955,0.182321556793955,0.182321556793955,0.182321556793955,0.182321556793955,0.300104592450338,0.203599725638222,0.203599725638222,-0.320646553817586,TRUE,0.756891574410909,1.00127381599254,-0.319420436380768,FALSE,0.51192190266818,1.0010029479487,-0.429942956527579,FALSE,0.83873935987845,1.00102639187464,-0.276356865039454,TRUE,0.736851995485568,1.00099682911551
770,"rand=1-2_rate=2_ROB=LH_Bias=Rct20_NRE20-35","1-2",2,"LH","Rct20_NRE20-35",0.182321556793955,0.182321556793955,0.182321556793955,0.182321556793955,0.182321556793955,0.300104592450338,0.223259761741024,0.223259761741024,-0.146800883409413,TRUE,0.551953332120172,1.00098997951333,-0.245284290964041,FALSE,0.388433746198374,1.00101713208517,-0.194027459730482,TRUE,0.779476549419599,1.00098607345136,-0.263342803614768,FALSE,0.506272656767618,1.00101917525305
771,"rand=1-2_rate=2_ROB=LH_Bias=Rct20_NRE20-35","1-2",2,"LH","Rct20_NRE20-35",0.182321556793955,0.182321556793955,0.182321556793955,0.182321556793955,0.182321556793955,0.300104592450338,0.208638211743528,0.208638211743528,-0.248200166590843,TRUE,0.760133025655088,1.00099574138186,-0.204954536136269,TRUE,0.494977513140572,1.00100630039104,-0.356571613083516,TRUE,1.36935662584848,1.00098599845637,-0.144083492206554,TRUE,0.537172730532172,1.00098933475953
772,"rand=1-2_rate=2_ROB=LH_Bias=Rct20_NRE20-35","1-2",2,"LH","Rct20_NRE20-35",0.182321556793955,0.182321556793955,0.182321556793955,0.182321556793955,0.182321556793955,0.300104592450338,0.214116974041074,0.214116974041074,-0.347825843018192,FALSE,0.709827670179158,1.00098605746184,-0.273200901485505,FALSE,0.432017684146665,1.00098628541038,-0.341732763301979,TRUE,0.916566977236039,1.00100599646126,-0.246487006534351,FALSE,0.551121944301065,1.00099913817133
773,"rand=1-2_rate=2_ROB=LH_Bias=Rct20_NRE20-35","1-2",2,"LH","Rct20_NRE20-35",0.182321556793955,0.182321556793955,0.182321556793955,0.182321556793955,0.182321556793955,0.300104592450338,0.193934318719722,0.193934318719722,-0.535436732664645,FALSE,0.737190530292308,1.00098607063605,-0.477802187226008,FALSE,0.411473843461812,1.00099827280575,-0.703009165510354,FALSE,0.954829038537346,1.00109148248087,-0.420614204827564,FALSE,0.491062769392488,1.00101554525344
774,"rand=1-2_rate=2_ROB=LH_Bias=Rct20_NRE20-35","1-2",2,"LH","Rct20_NRE20-35",0.182321556793955,0.182321556793955,0.182321556793955,0.182321556793955,0.182321556793955,0.300104592450338,0.2025079457159,0.2025079457159,-0.347757118127478,FALSE,0.695309833669215,1.00113766660297,-0.287934422815877,FALSE,0.446177630029275,1.00102473264829,-0.319816426797782,FALSE,0.71223080216396,1.00101850157338,-0.269405767643994,TRUE,0.669074112072833,1.00098842813695
775,"rand=1-2_rate=2_ROB=LH_Bias=Rct20_NRE20-35","1-2",2,"LH","Rct20_NRE20-35",0.182321556793955,0.182321556793955,0.182321556793955,0.182321556793955,0.182321556793955,0.300104592450338,0.204553536166253,0.204553536166253,-0.0798774551662085,TRUE,0.540802425030832,1.00111682644426,-0.102486840562992,TRUE,0.317078270912098,1.00108728439655,-0.0582738707935999,TRUE,0.656549768773103,1.00106357268164,-0.116843887447132,TRUE,0.409174827501497,1.00099367443066
776,"rand=1-2_rate=2_ROB=LH_Bias=Rct20_NRE20-35","1-2",2,"LH","Rct20_NRE20-35",0.182321556793955,0.182321556793955,0.182321556793955,0.182321556793955,0.182321556793955,0.300104592450338,0.214747337787007,0.214747337787007,-0.149727437482318,TRUE,0.616976359893975,1.00125194245605,-0.277980864321331,FALSE,0.5033678678367,1.0009863568045,0.0553762126246466,TRUE,0.515110907704979,1.00192364980526,-0.476499971877648,FALSE,0.79491719915653,1.00098933041535
777,"rand=1-2_rate=2_ROB=LH_Bias=Rct20_NRE20-35","1-2",2,"LH","Rct20_NRE20-35",0.182321556793955,0.182321556793955,0.182321556793955,0.182321556793955,0.182321556793955,0.300104592450338,0.207370263719884,0.207370263719884,-0.221836478785978,TRUE,0.675141456552855,1.00133966204633,-0.258188390057237,FALSE,0.431616956534139,1.00098976857234,0.030080955029096,TRUE,0.516367324692987,1.00100953463245,-0.409481125902362,FALSE,0.604979107956821,1.00099072976968
778,"rand=1-2_rate=2_ROB=LH_Bias=Rct20_NRE20-35","1-2",2,"LH","Rct20_NRE20-35",0.182321556793955,0.182321556793955,0.182321556793955,0.182321556793955,0.182321556793955,0.300104592450338,0.201305641196952,0.201305641196952,-0.303584684909193,FALSE,0.61801980109692,1.00104157741753,-0.450717176735062,FALSE,0.439785743677227,1.00109694668157,-0.255242251514448,TRUE,0.710828463938118,1.00178107597691,-0.515490938916074,FALSE,0.618132516638194,1.00098691821472
779,"rand=1-2_rate=2_ROB=LH_Bias=Rct20_NRE20-35","1-2",2,"LH","Rct20_NRE20-35",0.182321556793955,0.182321556793955,0.182321556793955,0.182321556793955,0.182321556793955,0.300104592450338,0.209484398413499,0.209484398413499,-0.17155606318397,TRUE,0.60597887927851,1.00101494304216,-0.19736540314697,FALSE,0.375285738158967,1.00100011715578,0.0592097807015988,TRUE,0.553329930332746,1.00133004655887,-0.29478741215764,FALSE,0.505989934765761,1.00101003739057
780,"rand=1-2_rate=2_ROB=LH_Bias=Rct20_NRE20-35","1-2",2,"LH","Rct20_NRE20-35",0.182321556793955,0.182321556793955,0.182321556793955,0.182321556793955,0.182321556793955,0.300104592450338,0.221343021082418,0.221343021082418,-0.181224576238483,TRUE,0.697400021158071,1.00099340708826,-0.141777737613039,TRUE,0.44345822774172,1.00098802152258,-0.109894603068787,TRUE,0.848941534277575,1.000986667063,-0.157702529265025,TRUE,0.601414037391786,1.00100244403641
781,"rand=1-2_rate=2_ROB=LH_Bias=Rct20_NRE20-35","1-2",2,"LH","Rct20_NRE20-35",0.182321556793955,0.182321556793955,0.182321556793955,0.182321556793955,0.182321556793955,0.300104592450338,0.21834268100994,0.21834268100994,-0.0583488880897245,TRUE,0.595473911199345,1.00099591273455,-0.0434199173490313,TRUE,0.371872562518078,1.00099774597759,0.0794900558829468,TRUE,0.755136212415771,1.00098624285543,-0.0940452687647715,TRUE,0.466174738595579,1.00098921656894
782,"rand=1-2_rate=2_ROB=LH_Bias=Rct20_NRE20-35","1-2",2,"LH","Rct20_NRE20-35",0.182321556793955,0.182321556793955,0.182321556793955,0.182321556793955,0.182321556793955,0.300104592450338,0.225844657442668,0.225844657442668,-0.264889243593962,TRUE,0.713509774652406,1.00108972904623,-0.322632261242917,FALSE,0.522583673089213,1.0009963880665,-0.20553986070932,TRUE,0.790986937716546,1.00103041665485,-0.386250773106839,FALSE,0.779056256639373,1.00098756135939
783,"rand=1-2_rate=2_ROB=LH_Bias=Rct20_NRE20-35","1-2",2,"LH","Rct20_NRE20-35",0.182321556793955,0.182321556793955,0.182321556793955,0.182321556793955,0.182321556793955,0.300104592450338,0.203640816523272,0.203640816523272,-0.0296328024978405,TRUE,0.562160236688835,1.00098649258673,-0.239913629498433,FALSE,0.500009910772642,1.00098611866691,-0.378665191710759,TRUE,1.13056822071211,1.00142936390756,-0.176903789487846,TRUE,0.628678682286661,1.00099750197174
784,"rand=1-2_rate=2_ROB=LH_Bias=Rct20_NRE20-35","1-2",2,"LH","Rct20_NRE20-35",0.182321556793955,0.182321556793955,0.182321556793955,0.182321556793955,0.182321556793955,0.300104592450338,0.215354561784472,0.215354561784472,-0.131235913708049,TRUE,0.513081928008771,1.00098722770587,-0.0965516202482473,TRUE,0.260253175343747,1.00102633787513,-0.108122817282205,TRUE,0.666094682009789,1.00117953319781,-0.0940209278443542,TRUE,0.311772340668295,1.00102531528521
785,"rand=1-2_rate=2_ROB=LH_Bias=Rct20_NRE20-35","1-2",2,"LH","Rct20_NRE20-35",0.182321556793955,0.182321556793955,0.182321556793955,0.182321556793955,0.182321556793955,0.300104592450338,0.203118803692923,0.203118803692923,-0.114980530689233,TRUE,0.468603464760276,1.00099659156264,-0.312415702911034,FALSE,0.387767419284946,1.00098613063693,-0.172325060918415,TRUE,0.671359576294549,1.00157694441308,-0.357970851588172,FALSE,0.536270064746968,1.00098887452483
786,"rand=1-2_rate=2_ROB=LH_Bias=Rct20_NRE20-35","1-2",2,"LH","Rct20_NRE20-35",0.182321556793955,0.182321556793955,0.182321556793955,0.182321556793955,0.182321556793955,0.300104592450338,0.215315535356585,0.215315535356585,-0.227175839901227,TRUE,0.665033452943586,1.0009865949173,-0.284071062346103,FALSE,0.438940579870573,1.00098626962783,-0.274464947686441,TRUE,1.29981980181456,1.00099163914889,-0.295798835311726,FALSE,0.448001156124595,1.00100029519851
787,"rand=1-2_rate=2_ROB=LH_Bias=Rct20_NRE20-35","1-2",2,"LH","Rct20_NRE20-35",0.182321556793955,0.182321556793955,0.182321556793955,0.182321556793955,0.182321556793955,0.300104592450338,0.219854863766264,0.219854863766264,-0.397908602841259,FALSE,0.702816249307224,1.00103647172759,-0.28395243817437,FALSE,0.357909714486039,1.00098682212186,-0.522249006770417,FALSE,0.887646329844112,1.00099178709662,-0.231718862208458,FALSE,0.416495029328582,1.00098626375438
788,"rand=1-2_rate=2_ROB=LH_Bias=Rct20_NRE20-35","1-2",2,"LH","Rct20_NRE20-35",0.182321556793955,0.182321556793955,0.182321556793955,0.182321556793955,0.182321556793955,0.300104592450338,0.204332165113155,0.204332165113155,-0.198151646540536,TRUE,0.595730920115995,1.00109816230953,-0.244871808086408,FALSE,0.377973052022576,1.00100158140683,-0.109856537571893,TRUE,0.564709677405092,1.00101730573116,-0.301898148515062,FALSE,0.556057452423224,1.00102188612088
789,"rand=1-2_rate=2_ROB=LH_Bias=Rct20_NRE20-35","1-2",2,"LH","Rct20_NRE20-35",0.182321556793955,0.182321556793955,0.182321556793955,0.182321556793955,0.182321556793955,0.300104592450338,0.225679078588045,0.225679078588045,-0.113399752916006,TRUE,0.561367604783387,1.00098654378777,-0.0927502451700828,TRUE,0.346754143356123,1.00100586042472,-0.166901453236025,TRUE,0.63576705635146,1.00125577080184,-0.065090930900463,TRUE,0.469750497636006,1.0009931962208
790,"rand=1-2_rate=2_ROB=LH_Bias=Rct20_NRE20-35","1-2",2,"LH","Rct20_NRE20-35",0.182321556793955,0.182321556793955,0.182321556793955,0.182321556793955,0.182321556793955,0.300104592450338,0.216284022479919,0.216284022479919,-0.24666890252154,TRUE,0.705525978412163,1.00099428635023,-0.288257478808184,FALSE,0.497755535996538,1.00098603849517,-0.159251600960854,TRUE,0.681951221954039,1.00117648481274,-0.354862316419246,FALSE,0.788013572535765,1.00098772739688
791,"rand=1-2_rate=2_ROB=LH_Bias=Rct20_NRE20-35","1-2",2,"LH","Rct20_NRE20-35",0.182321556793955,0.182321556793955,0.182321556793955,0.182321556793955,0.182321556793955,0.300104592450338,0.210785884617843,0.210785884617843,-0.204542322245792,TRUE,0.70869349976525,1.00111879453578,-0.302241239342009,FALSE,0.501963375356849,1.00098678813597,-0.385161621303645,TRUE,1.24127401612065,1.00099276757426,-0.275542360826895,FALSE,0.592026966742032,1.00100937059988
792,"rand=1-2_rate=2_ROB=LH_Bias=Rct20_NRE20-35","1-2",2,"LH","Rct20_NRE20-35",0.182321556793955,0.182321556793955,0.182321556793955,0.182321556793955,0.182321556793955,0.300104592450338,0.232485976046868,0.232485976046868,-0.230112972105078,TRUE,0.580991130702663,1.00112700565582,-0.239490326035755,FALSE,0.341258869563325,1.0011421491414,-0.33067218362428,FALSE,0.723385920672732,1.001124409468,-0.214052679344034,FALSE,0.440713738859803,1.00102318622461
793,"rand=1-2_rate=2_ROB=LH_Bias=Rct20_NRE20-35","1-2",2,"LH","Rct20_NRE20-35",0.182321556793955,0.182321556793955,0.182321556793955,0.182321556793955,0.182321556793955,0.300104592450338,0.230972184482261,0.230972184482261,-0.261795788863057,TRUE,0.697773220655034,1.00101379855892,-0.26189911768429,FALSE,0.440489825101413,1.00099489184522,-0.473413242368716,FALSE,0.922143120228194,1.00158300662343,-0.193397524021709,TRUE,0.538161609713374,1.00098782710423
794,"rand=1-2_rate=2_ROB=LH_Bias=Rct20_NRE20-35","1-2",2,"LH","Rct20_NRE20-35",0.182321556793955,0.182321556793955,0.182321556793955,0.182321556793955,0.182321556793955,0.300104592450338,0.210569893200248,0.210569893200248,-0.242500041968285,TRUE,0.608394503033849,1.00119501758938,-0.290279185231477,FALSE,0.369351689483901,1.00102388023745,-0.126925945834447,TRUE,0.698360295824086,1.00113306172211,-0.344364296649583,FALSE,0.477215278722285,1.00103495597239
795,"rand=1-2_rate=2_ROB=LH_Bias=Rct20_NRE20-35","1-2",2,"LH","Rct20_NRE20-35",0.182321556793955,0.182321556793955,0.182321556793955,0.182321556793955,0.182321556793955,0.300104592450338,0.19286138485432,0.19286138485432,-0.306534033189282,FALSE,0.629186774594962,1.0010014405842,-0.262080100096937,FALSE,0.368588598566697,1.00098965731824,-0.194939888326731,TRUE,0.718739245999552,1.00122717044513,-0.286714809661933,FALSE,0.48275156201731,1.00100474594682
796,"rand=1-2_rate=2_ROB=LH_Bias=Rct20_NRE20-35","1-2",2,"LH","Rct20_NRE20-35",0.182321556793955,0.182321556793955,0.182321556793955,0.182321556793955,0.182321556793955,0.300104592450338,0.226734204950076,0.226734204950076,-0.330121317036054,TRUE,0.778383221375858,1.00112856822481,-0.292696451735764,FALSE,0.472546385704452,1.00099330130842,-0.160694648187217,TRUE,0.979293539513434,1.00102180998261,-0.352476202941359,FALSE,0.600083649257194,1.00103840138489
797,"rand=1-2_rate=2_ROB=LH_Bias=Rct20_NRE20-35","1-2",2,"LH","Rct20_NRE20-35",0.182321556793955,0.182321556793955,0.182321556793955,0.182321556793955,0.182321556793955,0.300104592450338,0.211363269703139,0.211363269703139,-0.187375405210944,TRUE,0.591816650578101,1.00102446442993,-0.254958823639952,FALSE,0.386317256385165,1.00098758187003,-0.34278174816633,TRUE,0.948713828613705,1.00112136190985,-0.223388014574262,FALSE,0.457450704591592,1.00099224932528
798,"rand=1-2_rate=2_ROB=LH_Bias=Rct20_NRE20-35","1-2",2,"LH","Rct20_NRE20-35",0.182321556793955,0.182321556793955,0.182321556793955,0.182321556793955,0.182321556793955,0.300104592450338,0.198168184349353,0.198168184349353,-0.165554348736326,TRUE,0.577163017908999,1.00115817514604,-0.187116085254765,FALSE,0.344359824203403,1.00099208846981,0.00867411637266891,TRUE,0.553531708890998,1.00109034810205,-0.254322178049518,FALSE,0.463505340924034,1.00100569119579
799,"rand=1-2_rate=2_ROB=LH_Bias=Rct20_NRE20-35","1-2",2,"LH","Rct20_NRE20-35",0.182321556793955,0.182321556793955,0.182321556793955,0.182321556793955,0.182321556793955,0.300104592450338,0.223020378437885,0.223020378437885,-0.40367096247946,FALSE,0.796130716477785,1.0011567696894,-0.362810471073125,FALSE,0.484568425537282,1.00100949028244,-0.339858808138992,TRUE,1.11591879486633,1.0009906615804,-0.370515333305542,FALSE,0.59112342003196,1.00099008015563
800,"rand=1-2_rate=2_ROB=LH_Bias=Rct20_NRE20-35","1-2",2,"LH","Rct20_NRE20-35",0.182321556793955,0.182321556793955,0.182321556793955,0.182321556793955,0.182321556793955,0.300104592450338,0.203280660920778,0.203280660920778,-0.226322761757493,TRUE,0.581695634099442,1.00105976161718,-0.318551418540104,FALSE,0.364444206076254,1.00098745879976,-0.0416588841823176,TRUE,0.674129811226629,1.00098912054662,-0.413425371030332,FALSE,0.428679932589097,1.00099425876304
801,"rand=1-2_rate=2_ROB=LH_Bias=Rct20_NRE20-35","1-2",2,"LH","Rct20_NRE20-35",0.182321556793955,0.182321556793955,0.182321556793955,0.182321556793955,0.182321556793955,0.300104592450338,0.224285811970179,0.224285811970179,-0.0803027468256166,TRUE,0.575820244662798,1.00155971047946,-0.194508970846937,FALSE,0.415751399705907,1.00106240344907,-0.161281174959489,TRUE,0.774409110556783,1.00121814356541,-0.20509436143018,TRUE,0.563596974693425,1.00099158745459
802,"rand=1-2_rate=2_ROB=LH_Bias=Rct20_NRE20-35","1-2",2,"LH","Rct20_NRE20-35",0.182321556793955,0.182321556793955,0.182321556793955,0.182321556793955,0.182321556793955,0.300104592450338,0.208722375812058,0.208722375812058,-0.252396393192418,TRUE,0.702548292815209,1.00121362649519,-0.206031386557222,TRUE,0.468035644861478,1.00099992853319,-0.159958528770664,TRUE,0.66126446942657,1.00146085861947,-0.215825980836599,TRUE,0.735430578798351,1.00099026783096
803,"rand=1-2_rate=2_ROB=LH_Bias=Rct20_NRE20-35","1-2",2,"LH","Rct20_NRE20-35",0.182321556793955,0.182321556793955,0.182321556793955,0.182321556793955,0.182321556793955,0.300104592450338,0.197991136117802,0.197991136117802,-0.140536427065168,TRUE,0.667289281783919,1.00125514409077,-0.17785933282062,TRUE,0.480020042266578,1.00122502745969,-0.244248299199837,TRUE,0.714555824121493,1.00110990972941,-0.137480148570683,TRUE,0.720155607264987,1.00099885479844
804,"rand=1-2_rate=2_ROB=LH_Bias=Rct20_NRE20-35","1-2",2,"LH","Rct20_NRE20-35",0.182321556793955,0.182321556793955,0.182321556793955,0.182321556793955,0.182321556793955,0.300104592450338,0.200987107075769,0.200987107075769,-0.237139279297317,TRUE,0.571906745137957,1.00141485289111,-0.214066705656692,FALSE,0.335341843169613,1.00102273408156,-0.151691200441438,TRUE,0.589275798488564,1.00098624941598,-0.2312041633934,FALSE,0.472422668396284,1.00100141597014
805,"rand=1-2_rate=2_ROB=LH_Bias=Rct20_NRE20-35","1-2",2,"LH","Rct20_NRE20-35",0.182321556793955,0.182321556793955,0.182321556793955,0.182321556793955,0.182321556793955,0.300104592450338,0.219534222984543,0.219534222984543,-0.163845921598059,TRUE,0.670840406726719,1.00099708422617,-0.321319479534154,FALSE,0.519774332108757,1.00099901333082,-0.493606490313141,FALSE,1.23808161643085,1.00100258736967,-0.246498692568503,TRUE,0.600360539794489,1.00099042176245
806,"rand=1-2_rate=2_ROB=LH_Bias=Rct20_NRE20-35","1-2",2,"LH","Rct20_NRE20-35",0.182321556793955,0.182321556793955,0.182321556793955,0.182321556793955,0.182321556793955,0.300104592450338,0.215639211658406,0.215639211658406,-0.254569406787739,TRUE,0.62687215465521,1.00143099849468,-0.354032052189495,FALSE,0.406085229763646,1.00099228123071,-0.247686844005918,TRUE,0.787591583734151,1.0011059856078,-0.390685187604505,FALSE,0.525298275365451,1.00099058119436
807,"rand=1-2_rate=2_ROB=LH_Bias=Rct20_NRE20-35","1-2",2,"LH","Rct20_NRE20-35",0.182321556793955,0.182321556793955,0.182321556793955,0.182321556793955,0.182321556793955,0.300104592450338,0.212126984633673,0.212126984633673,-0.0774518859041846,TRUE,0.573373812874807,1.00148571454583,-0.195519144083557,TRUE,0.432689384156673,1.00099835223514,-0.0781641438952416,TRUE,0.616609576083623,1.00100563275724,-0.243512902954861,TRUE,0.649450937583847,1.0010078484539
808,"rand=1-2_rate=2_ROB=LH_Bias=Rct20_NRE20-35","1-2",2,"LH","Rct20_NRE20-35",0.182321556793955,0.182321556793955,0.182321556793955,0.182321556793955,0.182321556793955,0.300104592450338,0.22654724281582,0.22654724281582,0.0618311616012051,TRUE,0.493257314159182,1.00129905707992,-0.110742012728269,TRUE,0.39421013219877,1.00102643515866,0.105205693763774,TRUE,0.5305344073876,1.00146340483266,-0.200763437266086,TRUE,0.574600669544875,1.00106891337481
809,"rand=1-2_rate=2_ROB=LH_Bias=Rct20_NRE20-35","1-2",2,"LH","Rct20_NRE20-35",0.182321556793955,0.182321556793955,0.182321556793955,0.182321556793955,0.182321556793955,0.300104592450338,0.231521006161753,0.231521006161753,-0.411257424586343,FALSE,0.764222820467459,1.00100290889998,-0.298066389330941,FALSE,0.431426269875961,1.00101456326144,-0.36954090069909,TRUE,1.11021996034634,1.00107874014032,-0.268902180835033,FALSE,0.489631713052346,1.00099926426331
810,"rand=1-2_rate=2_ROB=LH_Bias=Rct20_NRE20-35","1-2",2,"LH","Rct20_NRE20-35",0.182321556793955,0.182321556793955,0.182321556793955,0.182321556793955,0.182321556793955,0.300104592450338,0.205332726919043,0.205332726919043,-0.111504032082345,TRUE,0.59689546658907,1.00104042671947,-0.193382033567117,FALSE,0.414459773648196,1.0009887094348,-0.317661388525178,TRUE,0.793151023056098,1.00112472546379,-0.149019562928425,TRUE,0.538838298667269,1.00100536443013
811,"rand=1-2_rate=2_ROB=LH_Bias=Rct20_NRE20-35","1-2",2,"LH","Rct20_NRE20-35",0.182321556793955,0.182321556793955,0.182321556793955,0.182321556793955,0.182321556793955,0.300104592450338,0.226138056455783,0.226905317396931,-0.192642923581705,TRUE,0.55752236465479,1.00134087901797,-0.352198543596817,FALSE,0.408918991442023,1.00098605630866,-0.265694587107432,TRUE,0.779476161565095,1.00116782728111,-0.379011332196967,FALSE,0.544367553074194,1.00099696245983
812,"rand=1-2_rate=2_ROB=LH_Bias=Rct20_NRE20-35","1-2",2,"LH","Rct20_NRE20-35",0.182321556793955,0.182321556793955,0.182321556793955,0.182321556793955,0.182321556793955,0.300104592450338,0.223706906527485,0.223706906527485,-0.144326446861552,TRUE,0.635332819281612,1.00104980197148,-0.235797650090982,FALSE,0.473696329389937,1.00100309658695,-0.279838472918273,TRUE,0.848780662884569,1.00106572085278,-0.217594698321307,TRUE,0.644533646412069,1.001034666567
813,"rand=1-2_rate=2_ROB=LH_Bias=Rct20_NRE20-35","1-2",2,"LH","Rct20_NRE20-35",0.182321556793955,0.182321556793955,0.182321556793955,0.182321556793955,0.182321556793955,0.300104592450338,0.212168394118146,0.212168394118146,-0.156784087076127,TRUE,0.620421803192609,1.00128772421735,-0.174364684896895,TRUE,0.435657623253358,1.00102683774869,-0.239335237024262,TRUE,0.639704087404295,1.00099004457386,-0.145939453271527,TRUE,0.668240573561553,1.00100130152591
814,"rand=1-2_rate=2_ROB=LH_Bias=Rct20_NRE20-35","1-2",2,"LH","Rct20_NRE20-35",0.182321556793955,0.182321556793955,0.182321556793955,0.182321556793955,0.182321556793955,0.300104592450338,0.206060429620592,0.206060429620592,-0.0926358605657915,TRUE,0.612597392275559,1.00102994585,-0.125256281835778,TRUE,0.400029138555532,1.00102592803911,-0.032597162827336,TRUE,0.731641143236793,1.00098651356568,-0.158007429222339,TRUE,0.542815882955544,1.00102583407425
815,"rand=1-2_rate=2_ROB=LH_Bias=Rct20_NRE20-35","1-2",2,"LH","Rct20_NRE20-35",0.182321556793955,0.182321556793955,0.182321556793955,0.182321556793955,0.182321556793955,0.300104592450338,0.223556389429968,0.223556389429968,-0.0727231526053613,TRUE,0.587960106372152,1.00105744682523,-0.150379028611169,TRUE,0.416842450137048,1.00098840490521,-0.172011086754802,TRUE,0.806897979940638,1.00122616343663,-0.142470995927638,TRUE,0.557432377236966,1.00098599011806
816,"rand=1-2_rate=2_ROB=LH_Bias=Rct20_NRE20-35","1-2",2,"LH","Rct20_NRE20-35",0.182321556793955,0.182321556793955,0.182321556793955,0.182321556793955,0.182321556793955,0.300104592450338,0.218194752883354,0.218194752883354,-0.272301173295613,TRUE,0.624918240316968,1.00107638634935,-0.365442658352465,FALSE,0.425776015527791,1.00098653551955,-0.337437113023577,FALSE,0.75434689178746,1.00098601373979,-0.369400609118819,FALSE,0.593674982379949,1.00098599671669
817,"rand=1-2_rate=2_ROB=LH_Bias=Rct20_NRE20-35","1-2",2,"LH","Rct20_NRE20-35",0.182321556793955,0.182321556793955,0.182321556793955,0.182321556793955,0.182321556793955,0.300104592450338,0.20210165969818,0.20210165969818,-0.239887046937663,TRUE,0.650522900702253,1.00099321761846,-0.171236388907067,TRUE,0.401683920604153,1.00098850624139,-0.290187715666127,TRUE,0.97393061914135,1.00099326039218,-0.128982701632764,TRUE,0.476152777176978,1.00105489514271
818,"rand=1-2_rate=2_ROB=LH_Bias=Rct20_NRE20-35","1-2",2,"LH","Rct20_NRE20-35",0.182321556793955,0.182321556793955,0.182321556793955,0.182321556793955,0.182321556793955,0.300104592450338,0.200921273611488,0.200921273611488,-0.0215923520546137,TRUE,0.61169080873602,1.00098611482409,-0.0925358083338828,TRUE,0.406237456316064,1.00100812594611,0.0664104779878908,TRUE,0.727687379822843,1.00098930941568,-0.167692688547408,TRUE,0.540710478753684,1.00100247785499
819,"rand=1-2_rate=2_ROB=LH_Bias=Rct20_NRE20-35","1-2",2,"LH","Rct20_NRE20-35",0.182321556793955,0.182321556793955,0.182321556793955,0.182321556793955,0.182321556793955,0.300104592450338,0.222923528796237,0.222923528796237,-0.220396633756646,TRUE,0.678144612685323,1.00098605108719,-0.283272474177173,FALSE,0.480649453436181,1.00106338581399,-0.294028100989299,TRUE,0.783188044027369,1.00103462610525,-0.277407411176759,TRUE,0.693056918744234,1.00102471957637
820,"rand=1-2_rate=2_ROB=LH_Bias=Rct20_NRE20-35","1-2",2,"LH","Rct20_NRE20-35",0.182321556793955,0.182321556793955,0.182321556793955,0.182321556793955,0.182321556793955,0.300104592450338,0.214642696877751,0.214642696877751,-0.248686252164106,TRUE,0.715327821735231,1.00098924546196,-0.351837931296096,FALSE,0.485164022290059,1.00100580617362,-0.293404863370389,TRUE,0.928584477281059,1.00101202999706,-0.375827136093971,FALSE,0.657379240306351,1.00098907774961
821,"rand=1-2_rate=2_ROB=LH_Bias=Rct20_NRE20-35","1-2",2,"LH","Rct20_NRE20-35",0.182321556793955,0.182321556793955,0.182321556793955,0.182321556793955,0.182321556793955,0.300104592450338,0.204953945676063,0.204953945676063,-0.191694011760315,TRUE,0.702817300275223,1.00101650750183,-0.322172791610177,FALSE,0.54386720688437,1.00098635523008,-0.205296537002078,TRUE,0.892705755514051,1.00112106064701,-0.381190555740979,FALSE,0.782231151253156,1.00103195096391
822,"rand=1-2_rate=2_ROB=LH_Bias=Rct20_NRE20-35","1-2",2,"LH","Rct20_NRE20-35",0.182321556793955,0.182321556793955,0.182321556793955,0.182321556793955,0.182321556793955,0.300104592450338,0.198512920543429,0.198512920543429,-0.0948481906626033,TRUE,0.628920884282748,1.00098636378055,-0.30062096073884,FALSE,0.467675958614365,1.00099416353111,-0.0272844602993951,TRUE,0.779186044438549,1.00099312703492,-0.432802906365981,FALSE,0.592062368433201,1.00101067423603
823,"rand=1-2_rate=2_ROB=LH_Bias=Rct20_NRE20-35","1-2",2,"LH","Rct20_NRE20-35",0.182321556793955,0.182321556793955,0.182321556793955,0.182321556793955,0.182321556793955,0.300104592450338,0.20586805287127,0.20586805287127,-0.288651125275666,FALSE,0.617006306185823,1.00105616469925,-0.277562173100353,FALSE,0.358157352106153,1.00100774144486,-0.297888170422936,TRUE,0.737688193130823,1.00098625080438,-0.269264078596542,FALSE,0.470449951884494,1.00099492584955
824,"rand=1-2_rate=2_ROB=LH_Bias=Rct20_NRE20-35","1-2",2,"LH","Rct20_NRE20-35",0.182321556793955,0.182321556793955,0.182321556793955,0.182321556793955,0.182321556793955,0.300104592450338,0.190474466974505,0.190474466974505,-0.106814274477433,TRUE,0.651864838173533,1.00199140612457,-0.232585305039462,FALSE,0.505207820864615,1.00099932961099,-0.29283902227698,TRUE,0.758175137779538,1.00169440145145,-0.194032034467383,TRUE,0.741236233246291,1.00101192686537
825,"rand=1-2_rate=2_ROB=LH_Bias=Rct20_NRE20-35","1-2",2,"LH","Rct20_NRE20-35",0.182321556793955,0.182321556793955,0.182321556793955,0.182321556793955,0.182321556793955,0.300104592450338,0.202072905019819,0.202072905019819,-0.399245236408072,FALSE,0.690175492233179,1.00106242173054,-0.307553912749,FALSE,0.394652741512587,1.00099071000808,-0.420775943260464,FALSE,0.853233232240588,1.00158935502925,-0.273270348987504,FALSE,0.482652057447359,1.00098603058286
826,"rand=1-2_rate=2_ROB=LH_Bias=Rct20_NRE20-35","1-2",2,"LH","Rct20_NRE20-35",0.182321556793955,0.182321556793955,0.182321556793955,0.182321556793955,0.182321556793955,0.300104592450338,0.212546730009273,0.212546730009273,-0.235516074412095,TRUE,0.536993093079307,1.00098821849339,-0.268929212680695,FALSE,0.290267541351946,1.00105160959516,-0.38779594923748,FALSE,0.867199170562616,1.00108629218126,-0.247209366757563,FALSE,0.326921738767254,1.00098775257436
827,"rand=1-2_rate=2_ROB=LH_Bias=Rct20_NRE20-35","1-2",2,"LH","Rct20_NRE20-35",0.182321556793955,0.182321556793955,0.182321556793955,0.182321556793955,0.182321556793955,0.300104592450338,0.20646149402847,0.20646149402847,-0.324159488032949,FALSE,0.62967848360809,1.00098690328051,-0.234211817569521,FALSE,0.333828209623532,1.00099930288275,-0.594090738897452,FALSE,1.12642230740978,1.00112505161088,-0.165909965730413,FALSE,0.325059118825408,1.00098902144655
828,"rand=1-2_rate=2_ROB=LH_Bias=Rct20_NRE20-35","1-2",2,"LH","Rct20_NRE20-35",0.182321556793955,0.182321556793955,0.182321556793955,0.182321556793955,0.182321556793955,0.300104592450338,0.214752669953592,0.214752669953592,-0.0190838034855838,TRUE,0.50710842205329,1.00133728407337,-0.0936608780283921,TRUE,0.350781596993885,1.00098785808187,0.0611599537383452,TRUE,0.50508284583147,1.00140144946238,-0.156753728248666,TRUE,0.518500334477776,1.00098741222609
829,"rand=1-2_rate=2_ROB=LH_Bias=Rct20_NRE20-35","1-2",2,"LH","Rct20_NRE20-35",0.182321556793955,0.182321556793955,0.182321556793955,0.182321556793955,0.182321556793955,0.300104592450338,0.208957423763536,0.208957423763536,-0.139091678305076,TRUE,0.610227641906916,1.00105939351457,-0.147478207514982,TRUE,0.394073342222274,1.00102197406778,-0.178257456293616,TRUE,0.725832636910135,1.00111862820438,-0.131359452465812,TRUE,0.52864950005817,1.00098666757689
830,"rand=1-2_rate=2_ROB=LH_Bias=Rct20_NRE20-35","1-2",2,"LH","Rct20_NRE20-35",0.182321556793955,0.182321556793955,0.182321556793955,0.182321556793955,0.182321556793955,0.300104592450338,0.188168406692709,0.188168406692709,-0.0178649846562802,TRUE,0.570757799295433,1.00099023991721,-0.199404984810334,TRUE,0.484397021620409,1.00101162724445,-0.299280025630991,TRUE,0.812878616270971,1.00099663784328,-0.156166153242195,TRUE,0.680606940533882,1.00101426324014
831,"rand=1-2_rate=2_ROB=LH_Bias=Rct20_NRE20-35","1-2",2,"LH","Rct20_NRE20-35",0.182321556793955,0.182321556793955,0.182321556793955,0.182321556793955,0.182321556793955,0.300104592450338,0.206880213318901,0.206880213318901,-0.171221473454848,TRUE,0.610878923323939,1.00098604566693,-0.200132337363888,FALSE,0.381100986413246,1.00099095800803,-0.157960565669035,TRUE,0.842284271105365,1.00099187202658,-0.215361359618758,FALSE,0.467543184716048,1.00099722376837
832,"rand=1-2_rate=2_ROB=LH_Bias=Rct20_NRE20-35","1-2",2,"LH","Rct20_NRE20-35",0.182321556793955,0.182321556793955,0.182321556793955,0.182321556793955,0.182321556793955,0.300104592450338,0.221462414715669,0.221462414715669,-0.0655625154276958,TRUE,0.529104069100262,1.00100537061454,-0.214078526528958,FALSE,0.405951093438738,1.00101100031954,-0.126861071596475,TRUE,0.83065993131378,1.00098605501193,-0.247214621489633,FALSE,0.524525365542796,1.00101137857282
833,"rand=1-2_rate=2_ROB=LH_Bias=Rct20_NRE20-35","1-2",2,"LH","Rct20_NRE20-35",0.182321556793955,0.182321556793955,0.182321556793955,0.182321556793955,0.182321556793955,0.300104592450338,0.230098335359147,0.230098335359147,-0.127597518725764,TRUE,0.594615619010614,1.00109868483913,-0.247705908514918,FALSE,0.461675008751431,1.00098615840487,0.0165068626396745,TRUE,0.711731775897354,1.00104834267047,-0.378484360478754,FALSE,0.616305947828765,1.00098877980234
834,"rand=1-2_rate=2_ROB=LH_Bias=Rct20_NRE20-35","1-2",2,"LH","Rct20_NRE20-35",0.182321556793955,0.182321556793955,0.182321556793955,0.182321556793955,0.182321556793955,0.300104592450338,0.204178037218163,0.204178037218163,-0.215959633815922,TRUE,0.63265261000076,1.00098640419642,-0.219363350373876,FALSE,0.387020156335693,1.00102044008778,-0.355292261598332,TRUE,0.93871268263279,1.00098725851536,-0.173397981628336,TRUE,0.454379419300223,1.00098739028013
835,"rand=1-2_rate=2_ROB=LH_Bias=Rct20_NRE20-35","1-2",2,"LH","Rct20_NRE20-35",0.182321556793955,0.182321556793955,0.182321556793955,0.182321556793955,0.182321556793955,0.300104592450338,0.204756539266909,0.204756539266909,-0.214411889798069,TRUE,0.561819478914446,1.0009892773463,-0.21359259759714,FALSE,0.298596970338966,1.0011235804117,-0.0712340743693678,TRUE,0.895096711453826,1.00104074399624,-0.241698895664698,FALSE,0.322374754171108,1.00100731807776
836,"rand=1-2_rate=2_ROB=LH_Bias=Rct20_NRE20-35","1-2",2,"LH","Rct20_NRE20-35",0.182321556793955,0.182321556793955,0.182321556793955,0.182321556793955,0.182321556793955,0.300104592450338,0.20663929337456,0.20663929337456,-0.285372978735353,TRUE,0.701380172831125,1.00113686305242,-0.242955269704296,FALSE,0.418736816173356,1.00100398310489,-0.264183371135504,TRUE,1.24966217443933,1.00104844981901,-0.232424151659411,FALSE,0.455636810024319,1.000987305217
837,"rand=1-2_rate=2_ROB=LH_Bias=Rct20_NRE20-35","1-2",2,"LH","Rct20_NRE20-35",0.182321556793955,0.182321556793955,0.182321556793955,0.182321556793955,0.182321556793955,0.300104592450338,0.223218909821991,0.223218909821991,-0.259916083233384,FALSE,0.57267613840805,1.00102467544053,-0.24536144095554,FALSE,0.301708023943936,1.0009963395132,-0.136793673364236,TRUE,0.603657652708139,1.00106281433149,-0.274860516024307,FALSE,0.398347503490543,1.00098601099149
838,"rand=1-2_rate=2_ROB=LH_Bias=Rct20_NRE20-35","1-2",2,"LH","Rct20_NRE20-35",0.182321556793955,0.182321556793955,0.182321556793955,0.182321556793955,0.182321556793955,0.300104592450338,0.206809469969973,0.206809469969973,-0.23637810398023,TRUE,0.612317131852287,1.00098864535578,-0.411000912505084,FALSE,0.478539523355062,1.00098869549183,-0.246686320044804,TRUE,0.714456885870967,1.00099058115295,-0.47054312537323,FALSE,0.69715164481939,1.0010236539569
839,"rand=1-2_rate=2_ROB=LH_Bias=Rct20_NRE20-35","1-2",2,"LH","Rct20_NRE20-35",0.182321556793955,0.182321556793955,0.182321556793955,0.182321556793955,0.182321556793955,0.300104592450338,0.211102152251197,0.211102152251197,-0.0203751141037591,TRUE,0.545718305562345,1.00099288490746,-0.0581339640104976,TRUE,0.357514836185761,1.0009950270236,-0.0463311258205037,TRUE,0.723843837486555,1.00098623100633,-0.0647062357767483,TRUE,0.461242941420417,1.00098835162073
840,"rand=1-2_rate=2_ROB=LH_Bias=Rct20_NRE20-35","1-2",2,"LH","Rct20_NRE20-35",0.182321556793955,0.182321556793955,0.182321556793955,0.182321556793955,0.182321556793955,0.300104592450338,0.217866629461732,0.217866629461732,-0.218758867571317,TRUE,0.659775901347581,1.00101023168799,-0.292937844169702,FALSE,0.457736389618041,1.00102021591452,-0.108746010872187,TRUE,0.605118684000613,1.00106742109582,-0.385264970760837,FALSE,0.71627224096429,1.00105066843703
841,"rand=1-2_rate=2_ROB=LH_Bias=Rct20_NRE20-35","1-2",2,"LH","Rct20_NRE20-35",0.182321556793955,0.182321556793955,0.182321556793955,0.182321556793955,0.182321556793955,0.300104592450338,0.197408844970815,0.197408844970815,-0.179720749383738,TRUE,0.627630527164323,1.00119859764913,-0.336177692041658,FALSE,0.476234170479153,1.00098905019164,-0.38285402055688,FALSE,0.809311921835676,1.00106684590094,-0.310912936343652,FALSE,0.670839508774441,1.00098645706573
842,"rand=1-2_rate=2_ROB=LH_Bias=Rct20_NRE20-35","1-2",2,"LH","Rct20_NRE20-35",0.182321556793955,0.182321556793955,0.182321556793955,0.182321556793955,0.182321556793955,0.300104592450338,0.212299825219377,0.212299825219377,-0.231986009898905,TRUE,0.610946624414235,1.00101657333313,-0.298853176121326,FALSE,0.3830176021858,1.0009893786644,-0.0958797444284865,TRUE,0.608493777932979,1.00134044050654,-0.364126056734843,FALSE,0.52256853951991,1.001011048819
843,"rand=1-2_rate=2_ROB=LH_Bias=Rct20_NRE20-35","1-2",2,"LH","Rct20_NRE20-35",0.182321556793955,0.182321556793955,0.182321556793955,0.182321556793955,0.182321556793955,0.300104592450338,0.215106542062053,0.215106542062053,-0.277885114023796,TRUE,0.656939994071366,1.0009862153608,-0.331700985410904,FALSE,0.427544128622027,1.00099260623134,-0.186716649077518,TRUE,0.694645477985079,1.00101503828145,-0.385417028498217,FALSE,0.603185529778819,1.00098600812885
844,"rand=1-2_rate=2_ROB=LH_Bias=Rct20_NRE20-35","1-2",2,"LH","Rct20_NRE20-35",0.182321556793955,0.182321556793955,0.182321556793955,0.182321556793955,0.182321556793955,0.300104592450338,0.211883423084703,0.211883423084703,-0.334668339615107,FALSE,0.69040460229782,1.00110507844259,-0.345576428461507,FALSE,0.444520883160675,1.00099124564205,-0.360034469573721,FALSE,0.762730790352779,1.00125527437789,-0.338263504609869,FALSE,0.630765920038606,1.00102095128049
845,"rand=1-2_rate=2_ROB=LH_Bias=Rct20_NRE20-35","1-2",2,"LH","Rct20_NRE20-35",0.182321556793955,0.182321556793955,0.182321556793955,0.182321556793955,0.182321556793955,0.300104592450338,0.203858969063003,0.203858969063003,-0.190142085201158,TRUE,0.607066814351967,1.00104841737712,-0.297315237106689,FALSE,0.444066859177899,1.00101588054036,-0.174353042002116,TRUE,0.682867484528483,1.00100370961378,-0.349934858445873,FALSE,0.643756898255179,1.00099895516891
846,"rand=1-2_rate=2_ROB=LH_Bias=Rct20_NRE20-35","1-2",2,"LH","Rct20_NRE20-35",0.182321556793955,0.182321556793955,0.182321556793955,0.182321556793955,0.182321556793955,0.300104592450338,0.197213592241365,0.197213592241365,-0.349258168721876,FALSE,0.722200164174227,1.00102285084701,-0.36104968940085,FALSE,0.433051986822341,1.00100064180457,-0.540099657027783,FALSE,1.04006738270403,1.00125806400463,-0.307565637669962,FALSE,0.506216432686985,1.00100743361319
847,"rand=1-2_rate=2_ROB=LH_Bias=Rct20_NRE20-35","1-2",2,"LH","Rct20_NRE20-35",0.182321556793955,0.182321556793955,0.182321556793955,0.182321556793955,0.182321556793955,0.300104592450338,0.20351842051963,0.20351842051963,-0.461966271001342,FALSE,0.643439032380495,1.00099067508564,-0.44986655825397,FALSE,0.34889159395196,1.00101377038879,-0.215307804186511,TRUE,0.689342856549102,1.00229159413418,-0.507643898035911,FALSE,0.429416847127288,1.001005935268
848,"rand=1-2_rate=2_ROB=LH_Bias=Rct20_NRE20-35","1-2",2,"LH","Rct20_NRE20-35",0.182321556793955,0.182321556793955,0.182321556793955,0.182321556793955,0.182321556793955,0.300104592450338,0.212861520016669,0.212861520016669,-0.165861280811022,TRUE,0.495835152037176,1.00102309609057,-0.219755162416928,FALSE,0.293046548466015,1.00101736899547,-0.365749163223275,FALSE,0.696404804113741,1.00348866801273,-0.186434763170443,FALSE,0.376999357501493,1.00103987957571
849,"rand=1-2_rate=2_ROB=LH_Bias=Rct20_NRE20-35","1-2",2,"LH","Rct20_NRE20-35",0.182321556793955,0.182321556793955,0.182321556793955,0.182321556793955,0.182321556793955,0.300104592450338,0.219687249838073,0.219687249838073,-0.148591289626116,TRUE,0.634082092891928,1.00105864804852,-0.162533534532677,TRUE,0.405955578827058,1.00104810611255,-0.035037943626169,TRUE,0.679470150785094,1.00119405200581,-0.216878764010679,TRUE,0.561403738181692,1.00103481930032
850,"rand=1-2_rate=2_ROB=LH_Bias=Rct20_NRE20-35","1-2",2,"LH","Rct20_NRE20-35",0.182321556793955,0.182321556793955,0.182321556793955,0.182321556793955,0.182321556793955,0.300104592450338,0.21029410022172,0.21029410022172,-0.238686023533221,TRUE,0.573158899938873,1.0014900641696,-0.277631451123175,FALSE,0.345693052345672,1.00098835783249,-0.245146981203561,TRUE,0.647743575190099,1.00100211780073,-0.289107182280629,FALSE,0.467103247423883,1.00104570955543
851,"rand=1-2_rate=2_ROB=LH_Bias=Rct20_NRE20-35","1-2",2,"LH","Rct20_NRE20-35",0.182321556793955,0.182321556793955,0.182321556793955,0.182321556793955,0.182321556793955,0.300104592450338,0.23033828702852,0.23033828702852,-0.0914538532507905,TRUE,0.62173277296215,1.00100323814708,-0.189048523093759,TRUE,0.463641090669199,1.00116491102966,-0.0842713749884707,TRUE,0.770948293932624,1.00100280336703,-0.239591049894095,TRUE,0.65162692234638,1.00098665898247
852,"rand=1-2_rate=2_ROB=LH_Bias=Rct20_NRE20-35","1-2",2,"LH","Rct20_NRE20-35",0.182321556793955,0.182321556793955,0.182321556793955,0.182321556793955,0.182321556793955,0.300104592450338,0.210402789674806,0.210402789674806,-0.0916660229972825,TRUE,0.501061358706851,1.00099102723641,-0.151516874896336,TRUE,0.307837601403384,1.0009985414398,0.00623615036193848,TRUE,0.568807433052033,1.0009980530953,-0.202156270332379,FALSE,0.392507704486266,1.000988464222
853,"rand=1-2_rate=2_ROB=LH_Bias=Rct20_NRE20-35","1-2",2,"LH","Rct20_NRE20-35",0.182321556793955,0.182321556793955,0.182321556793955,0.182321556793955,0.182321556793955,0.300104592450338,0.204907046623977,0.204907046623977,-0.437135513552488,FALSE,0.677573804175973,1.00098646518404,-0.381603819038927,FALSE,0.373884747739196,1.00104988411958,-0.612117773219165,FALSE,0.92480453529371,1.00104790539629,-0.323280237621736,FALSE,0.432921459485207,1.00100361484371
854,"rand=1-2_rate=2_ROB=LH_Bias=Rct20_NRE20-35","1-2",2,"LH","Rct20_NRE20-35",0.182321556793955,0.182321556793955,0.182321556793955,0.182321556793955,0.182321556793955,0.300104592450338,0.206699314937495,0.206699314937495,-0.162446377069135,TRUE,0.618288451778226,1.00107703803532,-0.190560166574791,FALSE,0.392073048254268,1.00098635983499,-0.22245248088863,TRUE,0.806403103446675,1.00098667184959,-0.180620724506447,TRUE,0.508099274176663,1.00101238951178
855,"rand=1-2_rate=2_ROB=LH_Bias=Rct20_NRE20-35","1-2",2,"LH","Rct20_NRE20-35",0.182321556793955,0.182321556793955,0.182321556793955,0.182321556793955,0.182321556793955,0.300104592450338,0.221972132154547,0.221972132154547,-0.0815276491912162,TRUE,0.606002124307686,1.00105624339572,-0.185455676822244,TRUE,0.422734700657041,1.00105043871179,-0.198466557813736,TRUE,0.732673572978795,1.00121499445767,-0.18032725219285,TRUE,0.597871935762437,1.00114442879388
856,"rand=1-2_rate=2_ROB=LH_Bias=Rct20_NRE20-35","1-2",2,"LH","Rct20_NRE20-35",0.182321556793955,0.182321556793955,0.182321556793955,0.182321556793955,0.182321556793955,0.300104592450338,0.210845575790809,0.210845575790809,-0.296913126174732,FALSE,0.528625739021649,1.00102548777173,-0.379733325411754,FALSE,0.278828339287993,1.00106769633391,-0.195216764692923,TRUE,0.628911608358539,1.00139342837572,-0.413839995598348,FALSE,0.342017078992841,1.00099560792927
857,"rand=1-2_rate=2_ROB=LH_Bias=Rct20_NRE20-35","1-2",2,"LH","Rct20_NRE20-35",0.182321556793955,0.182321556793955,0.182321556793955,0.182321556793955,0.182321556793955,0.300104592450338,0.217533427463395,0.217533427463395,-0.296832184619249,FALSE,0.615355802643047,1.0010488888002,-0.245141576840568,FALSE,0.334716539135418,1.00099005192733,-0.416642006863857,TRUE,1.20166302575214,1.00099277778788,-0.211867694676581,FALSE,0.341696186507824,1.00098751149457
858,"rand=1-2_rate=2_ROB=LH_Bias=Rct20_NRE20-35","1-2",2,"LH","Rct20_NRE20-35",0.182321556793955,0.182321556793955,0.182321556793955,0.182321556793955,0.182321556793955,0.300104592450338,0.213430890478286,0.213430890478286,-0.114778564653615,TRUE,0.596875213696337,1.00101778192446,-0.102373923806471,TRUE,0.385912673688894,1.0009872368013,-0.0762733819821348,TRUE,0.579363875242436,1.00121679178327,-0.117000539425504,TRUE,0.58502219551082,1.0010178249526
859,"rand=1-2_rate=2_ROB=LH_Bias=Rct20_NRE20-35","1-2",2,"LH","Rct20_NRE20-35",0.182321556793955,0.182321556793955,0.182321556793955,0.182321556793955,0.182321556793955,0.300104592450338,0.232005773183157,0.232005773183157,-0.137997384735021,TRUE,0.58495322415229,1.00100742463939,-0.23943270670387,FALSE,0.376943705209783,1.00099058089242,-0.185009576589295,TRUE,0.700222838982104,1.00099607137443,-0.253942776438038,FALSE,0.499294056398698,1.0010541515324
860,"rand=1-2_rate=2_ROB=LH_Bias=Rct20_NRE20-35","1-2",2,"LH","Rct20_NRE20-35",0.182321556793955,0.182321556793955,0.182321556793955,0.182321556793955,0.182321556793955,0.300104592450338,0.205509608853043,0.205509608853043,-0.171802166678849,TRUE,0.530865294067122,1.00100867261968,-0.343311381291063,FALSE,0.411706440366412,1.00103875050504,-0.102364470615393,TRUE,0.685948492627217,1.00102480748525,-0.430635585569719,FALSE,0.543288587885252,1.00098853153566
861,"rand=1-2_rate=2_ROB=LH_Bias=Rct20_NRE20-35","1-2",2,"LH","Rct20_NRE20-35",0.182321556793955,0.182321556793955,0.182321556793955,0.182321556793955,0.182321556793955,0.300104592450338,0.212991868273069,0.212991868273069,-0.365323812995096,FALSE,0.744046722369237,1.00103300321882,-0.305079649911091,FALSE,0.4608289685925,1.00098888588311,-0.430844894637671,FALSE,0.857061444036115,1.00150857142879,-0.258335664640907,TRUE,0.623327973942887,1.00098787495984
862,"rand=1-2_rate=2_ROB=LH_Bias=Rct20_NRE20-35","1-2",2,"LH","Rct20_NRE20-35",0.182321556793955,0.182321556793955,0.182321556793955,0.182321556793955,0.182321556793955,0.300104592450338,0.219641174226754,0.219641174226754,-0.332087531410096,FALSE,0.738804499827476,1.00102808253141,-0.350256992063693,FALSE,0.490553510536849,1.00100212066492,-0.153727142798417,TRUE,0.66079276453778,1.00098604492287,-0.437674671748509,FALSE,0.751506347313151,1.00100139589577
863,"rand=1-2_rate=2_ROB=LH_Bias=Rct20_NRE20-35","1-2",2,"LH","Rct20_NRE20-35",0.182321556793955,0.182321556793955,0.182321556793955,0.182321556793955,0.182321556793955,0.300104592450338,0.206953846508611,0.206953846508611,-0.108059609853403,TRUE,0.618200664431522,1.00101021027468,-0.253646784088988,FALSE,0.467731184250351,1.00100123449079,-0.403464388402974,FALSE,0.844105272445137,1.00101964886492,-0.187333701026007,TRUE,0.63218696728917,1.00098601924953
864,"rand=1-2_rate=2_ROB=LH_Bias=Rct20_NRE20-35","1-2",2,"LH","Rct20_NRE20-35",0.182321556793955,0.182321556793955,0.182321556793955,0.182321556793955,0.182321556793955,0.300104592450338,0.219774773304121,0.219774773304121,-0.253772577521909,TRUE,0.618934056855262,1.00114391809336,-0.370272607326731,FALSE,0.425960551592901,1.0009870727478,-0.254541691511688,TRUE,0.785781070752653,1.00131116768938,-0.405861879857135,FALSE,0.576847999535242,1.00100831031201
865,"rand=1-2_rate=2_ROB=LH_Bias=Rct20_NRE20-35","1-2",2,"LH","Rct20_NRE20-35",0.182321556793955,0.182321556793955,0.182321556793955,0.182321556793955,0.182321556793955,0.300104592450338,0.210321813603844,0.210321813603844,-0.33211583838767,FALSE,0.714364040635109,1.00100800438748,-0.316655735442859,FALSE,0.418828703507789,1.00098630734399,-0.13328714115477,TRUE,0.988983138475218,1.00099800896143,-0.387962773643513,FALSE,0.458152740967003,1.00098871069029
866,"rand=1-2_rate=2_ROB=LH_Bias=Rct20_NRE20-35","1-2",2,"LH","Rct20_NRE20-35",0.182321556793955,0.182321556793955,0.182321556793955,0.182321556793955,0.182321556793955,0.300104592450338,0.217511463171275,0.217511463171275,-0.256608594003824,TRUE,0.626374582561681,1.00151063469257,-0.402125809436686,FALSE,0.444029816907025,1.001030817507,-0.342224148343038,TRUE,0.825902805598196,1.00098600681303,-0.423274729688562,FALSE,0.603415261949294,1.00101079828268
867,"rand=1-2_rate=2_ROB=LH_Bias=Rct20_NRE20-35","1-2",2,"LH","Rct20_NRE20-35",0.182321556793955,0.182321556793955,0.182321556793955,0.182321556793955,0.182321556793955,0.300104592450338,0.202142584569583,0.202142584569583,-0.138056920150418,TRUE,0.587786043653722,1.00121271041158,-0.225198801615051,FALSE,0.412451291653543,1.00098871215895,-0.037558043600719,TRUE,0.543184144244639,1.00101375129072,-0.307687485511285,FALSE,0.632406933255257,1.00098605234254
868,"rand=1-2_rate=2_ROB=LH_Bias=Rct20_NRE20-35","1-2",2,"LH","Rct20_NRE20-35",0.182321556793955,0.182321556793955,0.182321556793955,0.182321556793955,0.182321556793955,0.300104592450338,0.210019859061949,0.210019859061949,-0.135872748741621,TRUE,0.590598684481956,1.00102030521132,-0.186659647158774,FALSE,0.394671777088884,1.00098637863437,-0.17955996964654,TRUE,0.734821217971582,1.00098754752957,-0.191576758577646,TRUE,0.531878083972431,1.00099416057345
869,"rand=1-2_rate=2_ROB=LH_Bias=Rct20_NRE20-35","1-2",2,"LH","Rct20_NRE20-35",0.182321556793955,0.182321556793955,0.182321556793955,0.182321556793955,0.182321556793955,0.300104592450338,0.215374828859164,0.215374828859164,-0.400926292763291,FALSE,0.816085272635464,1.00105387177743,-0.377144200770849,FALSE,0.549955972696721,1.00098910505933,-0.62866999368114,FALSE,1.0323336917017,1.00099272600751,-0.260958339932677,TRUE,0.688708939589186,1.00098599911872
870,"rand=1-2_rate=2_ROB=LH_Bias=Rct20_NRE20-35","1-2",2,"LH","Rct20_NRE20-35",0.182321556793955,0.182321556793955,0.182321556793955,0.182321556793955,0.182321556793955,0.300104592450338,0.21452302406277,0.21452302406277,-0.164385574260352,TRUE,0.672298604205853,1.00106968920226,-0.185744776200257,TRUE,0.431701539642343,1.00098599003425,-0.220556629600164,TRUE,0.992932035441521,1.00098601282386,-0.172994936039701,TRUE,0.54154160912425,1.00099161648648
871,"rand=1-2_rate=2_ROB=LH_Bias=Rct20_NRE20-35","1-2",2,"LH","Rct20_NRE20-35",0.182321556793955,0.182321556793955,0.182321556793955,0.182321556793955,0.182321556793955,0.300104592450338,0.212917723770618,0.212917723770618,-0.328796952638209,FALSE,0.684686792412566,1.00101728199627,-0.284264574619163,FALSE,0.376580910130534,1.00102163580194,-0.279646087177561,TRUE,0.936290365244959,1.00107176712367,-0.28402053656686,FALSE,0.446484100159001,1.00098668733973
872,"rand=1-2_rate=2_ROB=LH_Bias=Rct20_NRE20-35","1-2",2,"LH","Rct20_NRE20-35",0.182321556793955,0.182321556793955,0.182321556793955,0.182321556793955,0.182321556793955,0.300104592450338,0.194592108438693,0.194592108438693,-0.523996586954475,FALSE,0.737770015744778,1.00099203178624,-0.326083603232657,FALSE,0.434522195425837,1.00098820946989,-0.147492054048821,TRUE,0.696622418899449,1.00137174097171,-0.40599854281401,FALSE,0.585973123022931,1.00099623438227
873,"rand=1-2_rate=2_ROB=LH_Bias=Rct20_NRE20-35","1-2",2,"LH","Rct20_NRE20-35",0.182321556793955,0.182321556793955,0.182321556793955,0.182321556793955,0.182321556793955,0.300104592450338,0.191479758872537,0.191479758872537,-0.355883432630206,FALSE,0.666292298329783,1.00101431246073,-0.310328666250596,FALSE,0.381274034986358,1.00101096304766,-0.234406573247668,TRUE,0.917462283713434,1.0010060280361,-0.334272686536113,FALSE,0.448208888612376,1.00099200178529
874,"rand=1-2_rate=2_ROB=LH_Bias=Rct20_NRE20-35","1-2",2,"LH","Rct20_NRE20-35",0.182321556793955,0.182321556793955,0.182321556793955,0.182321556793955,0.182321556793955,0.300104592450338,0.199650203227411,0.199650203227411,-0.221513167370985,TRUE,0.610571084159226,1.00100397193547,-0.262632484941564,FALSE,0.405465592360185,1.00110270598552,-0.27781771544103,TRUE,0.707787492647801,1.00105093689724,-0.255816071427652,FALSE,0.570112576065373,1.00099439558985
875,"rand=1-2_rate=2_ROB=LH_Bias=Rct20_NRE20-35","1-2",2,"LH","Rct20_NRE20-35",0.182321556793955,0.182321556793955,0.182321556793955,0.182321556793955,0.182321556793955,0.300104592450338,0.232415855758174,0.232415855758174,-0.42434021859676,FALSE,0.916254594081071,1.00105037201235,-0.540050547534266,FALSE,0.617635684100038,1.00100848426071,-0.285460541324732,TRUE,1.19271229440537,1.00121433744558,-0.663631048270251,FALSE,0.788851439661281,1.00099504634933
876,"rand=1-2_rate=2_ROB=LH_Bias=Rct20_NRE20-35","1-2",2,"LH","Rct20_NRE20-35",0.182321556793955,0.182321556793955,0.182321556793955,0.182321556793955,0.182321556793955,0.300104592450338,0.216518919696718,0.216518919696718,-0.272106728471585,FALSE,0.589974322237638,1.00108420185229,-0.26397442216332,FALSE,0.334711286823617,1.00099179332252,-0.382158761284288,FALSE,0.810924943718263,1.00107437224836,-0.23444171607082,FALSE,0.393191847743395,1.00106269805249
877,"rand=1-2_rate=2_ROB=LH_Bias=Rct20_NRE20-35","1-2",2,"LH","Rct20_NRE20-35",0.182321556793955,0.182321556793955,0.182321556793955,0.182321556793955,0.182321556793955,0.300104592450338,0.211601182817029,0.211601182817029,-0.15927089445704,TRUE,0.577153830827313,1.00108684962377,-0.309850485827021,FALSE,0.433359647829041,1.00104309927855,-0.420533939488127,FALSE,0.879133496458769,1.00099183704642,-0.273576238590662,FALSE,0.550014493946473,1.00099898041811
878,"rand=1-2_rate=2_ROB=LH_Bias=Rct20_NRE20-35","1-2",2,"LH","Rct20_NRE20-35",0.182321556793955,0.182321556793955,0.182321556793955,0.182321556793955,0.182321556793955,0.300104592450338,0.212271449448137,0.212271449448137,-0.163959440466364,TRUE,0.597191638888631,1.00100742167859,-0.216267401212063,FALSE,0.396685946162131,1.00099000368398,-0.11875938998098,TRUE,0.6477022509554,1.00100105941692,-0.258575464852793,FALSE,0.567773393921194,1.00099429092902
879,"rand=1-2_rate=2_ROB=LH_Bias=Rct20_NRE20-35","1-2",2,"LH","Rct20_NRE20-35",0.182321556793955,0.182321556793955,0.182321556793955,0.182321556793955,0.182321556793955,0.300104592450338,0.216534050010197,0.216534050010197,-0.187601454715767,TRUE,0.591759079636871,1.00116908177464,-0.20161494095548,FALSE,0.359790198274422,1.00099830080511,-0.0420397006695845,TRUE,0.570542736086412,1.00101928147013,-0.256920640269771,FALSE,0.495990652598576,1.0009894634502
880,"rand=1-2_rate=2_ROB=LH_Bias=Rct20_NRE20-35","1-2",2,"LH","Rct20_NRE20-35",0.182321556793955,0.182321556793955,0.182321556793955,0.182321556793955,0.182321556793955,0.300104592450338,0.191383787923163,0.191383787923163,-0.598729113944497,FALSE,0.862844955783557,1.00099926748501,-0.26863203099306,FALSE,0.531105150913404,1.00100459354952,-0.286961991085208,TRUE,0.986323687868268,1.0012292971142,-0.26163629371088,TRUE,0.722549431410627,1.00101684880592
881,"rand=1-2_rate=2_ROB=LH_Bias=Rct20_NRE20-35","1-2",2,"LH","Rct20_NRE20-35",0.182321556793955,0.182321556793955,0.182321556793955,0.182321556793955,0.182321556793955,0.300104592450338,0.230913976948869,0.230913976948869,-0.310841633954466,FALSE,0.691412719720878,1.00104014194565,-0.403242028444113,FALSE,0.499044201901932,1.0010022343799,-0.171971061611578,TRUE,0.729340033135265,1.00101403223483,-0.517343019896767,FALSE,0.712605783642223,1.00101880448669
882,"rand=1-2_rate=2_ROB=LH_Bias=Rct20_NRE20-35","1-2",2,"LH","Rct20_NRE20-35",0.182321556793955,0.182321556793955,0.182321556793955,0.182321556793955,0.182321556793955,0.300104592450338,0.220147871948845,0.220147871948845,-0.177447006231934,TRUE,0.558787152392528,1.00107653144612,-0.196070043157817,FALSE,0.313718280399941,1.00098718986587,-0.0153090556069357,TRUE,0.708008138292213,1.00102732341046,-0.248654178689542,FALSE,0.350965200984627,1.00100114212017
883,"rand=1-2_rate=2_ROB=LH_Bias=Rct20_NRE20-35","1-2",2,"LH","Rct20_NRE20-35",0.182321556793955,0.182321556793955,0.182321556793955,0.182321556793955,0.182321556793955,0.300104592450338,0.208931256897303,0.208931256897303,-0.399309392841542,FALSE,0.807187258835116,1.00101604863113,-0.318756317858693,FALSE,0.49242064868052,1.00104491521934,-0.339173294507547,TRUE,1.09964534426118,1.00107246557774,-0.310738510925489,FALSE,0.616513778094234,1.00105147452249
884,"rand=1-2_rate=2_ROB=LH_Bias=Rct20_NRE20-35","1-2",2,"LH","Rct20_NRE20-35",0.182321556793955,0.182321556793955,0.182321556793955,0.182321556793955,0.182321556793955,0.300104592450338,0.197909256458527,0.197909256458527,-0.0849348885417709,TRUE,0.540779601987665,1.00114841093294,-0.109138768106483,TRUE,0.341132743510126,1.00099626091879,-0.12949949465875,TRUE,0.711549825542545,1.001102261966,-0.103592049126007,TRUE,0.438128146279906,1.00099469295955
885,"rand=1-2_rate=2_ROB=LH_Bias=Rct20_NRE20-35","1-2",2,"LH","Rct20_NRE20-35",0.182321556793955,0.182321556793955,0.182321556793955,0.182321556793955,0.182321556793955,0.300104592450338,0.213554039955058,0.213554039955058,-0.158008412857859,TRUE,0.577020226236753,1.00105381751785,-0.245517679682249,FALSE,0.376842913609366,1.0009902509587,-0.371130858583843,TRUE,1.1478988103405,1.00099093307382,-0.210263443366077,FALSE,0.390694034202338,1.0009876212471
886,"rand=1-2_rate=2_ROB=LH_Bias=Rct20_NRE20-35","1-2",2,"LH","Rct20_NRE20-35",0.182321556793955,0.182321556793955,0.182321556793955,0.182321556793955,0.182321556793955,0.300104592450338,0.226529027158847,0.226529027158847,-0.494838232752069,FALSE,0.89329101970527,1.00098796039666,-0.390145973563527,FALSE,0.578195935863356,1.00098893993473,-0.281780583493232,TRUE,0.752574548537569,1.00099959457295,-0.450968047969205,FALSE,0.938239847088835,1.00100461759632
887,"rand=1-2_rate=2_ROB=LH_Bias=Rct20_NRE20-35","1-2",2,"LH","Rct20_NRE20-35",0.182321556793955,0.182321556793955,0.182321556793955,0.182321556793955,0.182321556793955,0.300104592450338,0.208315424819075,0.208315424819075,-0.0740984295459688,TRUE,0.611595498534036,1.00102335565498,-0.194384311222906,TRUE,0.47329011840669,1.00099120153863,-0.0685938982768712,TRUE,0.703595677133236,1.0010093056083,-0.254043706407227,TRUE,0.6960760803536,1.00098649462415
888,"rand=1-2_rate=2_ROB=LH_Bias=Rct20_NRE20-35","1-2",2,"LH","Rct20_NRE20-35",0.182321556793955,0.182321556793955,0.182321556793955,0.182321556793955,0.182321556793955,0.300104592450338,0.21123775230485,0.21123775230485,-0.270474946330335,TRUE,0.674403996136729,1.00099616508926,-0.268044215125073,FALSE,0.414561551040948,1.00109443204109,-0.0968233598296551,TRUE,0.686976821289929,1.00098599522248,-0.333183513198835,FALSE,0.572301245450442,1.00098695702704
889,"rand=1-2_rate=2_ROB=LH_Bias=Rct20_NRE20-35","1-2",2,"LH","Rct20_NRE20-35",0.182321556793955,0.182321556793955,0.182321556793955,0.182321556793955,0.182321556793955,0.300104592450338,0.219416959112198,0.219416959112198,-0.191268596970912,TRUE,0.573849508480554,1.0010676900036,-0.19031912520249,FALSE,0.326767555332293,1.00102980061866,-0.00159527961135586,TRUE,0.563224744673601,1.00103297680951,-0.2460633255012,FALSE,0.43206100615426,1.00100481422295
890,"rand=1-2_rate=2_ROB=LH_Bias=Rct20_NRE20-35","1-2",2,"LH","Rct20_NRE20-35",0.182321556793955,0.182321556793955,0.182321556793955,0.182321556793955,0.182321556793955,0.300104592450338,0.193877233306771,0.193877233306771,-0.247102740896314,TRUE,0.5944116115787,1.00099808205555,-0.310420699176959,FALSE,0.340378047135394,1.00111004328817,-0.16165349177037,TRUE,0.85978770767384,1.0009909605198,-0.350073161455823,FALSE,0.386717377672685,1.00098945565711
891,"rand=1-2_rate=2_ROB=LH_Bias=Rct20_NRE20-35","1-2",2,"LH","Rct20_NRE20-35",0.182321556793955,0.182321556793955,0.182321556793955,0.182321556793955,0.182321556793955,0.300104592450338,0.2026785205756,0.2026785205756,-0.270421325433964,TRUE,0.707271322863993,1.00102570139505,-0.219920666655339,FALSE,0.43375201225296,1.00101368986552,-0.400625647996863,FALSE,0.814017910383148,1.00113935820093,-0.15260743598283,TRUE,0.567839763626336,1.00105709583385
892,"rand=1-2_rate=2_ROB=LH_Bias=Rct20_NRE20-35","1-2",2,"LH","Rct20_NRE20-35",0.182321556793955,0.182321556793955,0.182321556793955,0.182321556793955,0.182321556793955,0.300104592450338,0.214883566000259,0.214883566000259,-0.284626388464241,FALSE,0.578759630405555,1.0010904132858,-0.250757043217654,FALSE,0.302731883131661,1.00100607593942,-0.355592072005941,FALSE,0.766726128903493,1.00106558699829,-0.229551155893555,FALSE,0.364980302129533,1.00107381054652
893,"rand=1-2_rate=2_ROB=LH_Bias=Rct20_NRE20-35","1-2",2,"LH","Rct20_NRE20-35",0.182321556793955,0.182321556793955,0.182321556793955,0.182321556793955,0.182321556793955,0.300104592450338,0.202152772776316,0.202152772776316,-0.203674813759781,TRUE,0.656439226771645,1.00098651358643,-0.265093508135768,FALSE,0.442281571277886,1.00099185289979,-0.230687088551273,TRUE,0.921475913876715,1.00101898952625,-0.279002380316666,FALSE,0.567529253675702,1.00101132062656
894,"rand=1-2_rate=2_ROB=LH_Bias=Rct20_NRE20-35","1-2",2,"LH","Rct20_NRE20-35",0.182321556793955,0.182321556793955,0.182321556793955,0.182321556793955,0.182321556793955,0.300104592450338,0.205899168483667,0.205899168483667,-0.153428569181011,TRUE,0.583695816930303,1.00098708080353,-0.189570432428001,FALSE,0.387572052172863,1.0009860768249,-0.15060315968012,TRUE,0.611601902298541,1.00137582744568,-0.20753076667849,TRUE,0.564684939757576,1.00098730097944
895,"rand=1-2_rate=2_ROB=LH_Bias=Rct20_NRE20-35","1-2",2,"LH","Rct20_NRE20-35",0.182321556793955,0.182321556793955,0.182321556793955,0.182321556793955,0.182321556793955,0.300104592450338,0.199614567812855,0.199614567812855,-0.399027599610395,FALSE,0.703121391698533,1.0014621204583,-0.374301219655509,FALSE,0.428086644428733,1.00103812036122,-0.322370667660982,TRUE,0.77923745179529,1.00099919477549,-0.388765358324009,FALSE,0.579825281242335,1.00098659673992
896,"rand=1-2_rate=2_ROB=LH_Bias=Rct20_NRE20-35","1-2",2,"LH","Rct20_NRE20-35",0.182321556793955,0.182321556793955,0.182321556793955,0.182321556793955,0.182321556793955,0.300104592450338,0.229168295403847,0.229168295403847,-0.272174937828386,FALSE,0.614998377368561,1.00113192140197,-0.404446619317341,FALSE,0.44285418233015,1.00098618415997,-0.407880599567249,FALSE,0.866299587889569,1.00113784694515,-0.399559941315903,FALSE,0.589531434051479,1.00102818413868
897,"rand=1-2_rate=2_ROB=LH_Bias=Rct20_NRE20-35","1-2",2,"LH","Rct20_NRE20-35",0.182321556793955,0.182321556793955,0.182321556793955,0.182321556793955,0.182321556793955,0.300104592450338,0.205448607739944,0.205448607739944,-0.37946444266864,FALSE,0.756190954170239,1.00118189917467,-0.279156112591177,FALSE,0.432139317967937,1.00100230875318,-0.285758269231227,TRUE,0.832818309536746,1.00102174668527,-0.27872052753083,FALSE,0.57889894999744,1.00099262585847
898,"rand=1-2_rate=2_ROB=LH_Bias=Rct20_NRE20-35","1-2",2,"LH","Rct20_NRE20-35",0.182321556793955,0.182321556793955,0.182321556793955,0.182321556793955,0.182321556793955,0.300104592450338,0.204114439923967,0.204114439923967,-0.262269469254438,TRUE,0.656442162651924,1.00103875648015,-0.329273459922102,FALSE,0.459585601807829,1.00098600152501,-0.321794905762013,TRUE,0.784118279788267,1.00106096403656,-0.333663490425147,FALSE,0.660514145817756,1.00098621023107
899,"rand=1-2_rate=2_ROB=LH_Bias=Rct20_NRE20-35","1-2",2,"LH","Rct20_NRE20-35",0.182321556793955,0.182321556793955,0.182321556793955,0.182321556793955,0.182321556793955,0.300104592450338,0.209040629469038,0.209040629469038,-0.215318211547275,TRUE,0.585573417112416,1.00102219390123,-0.195459204394175,FALSE,0.341004184496103,1.00099068879856,-0.233866403104983,TRUE,0.749309523362102,1.00100657096043,-0.181842951843799,TRUE,0.439394904513953,1.00099406937825
900,"rand=1-2_rate=2_ROB=LH_Bias=Rct20_NRE20-35","1-2",2,"LH","Rct20_NRE20-35",0.182321556793955,0.182321556793955,0.182321556793955,0.182321556793955,0.182321556793955,0.300104592450338,0.207866153215257,0.207866153215257,-0.164544971265083,TRUE,0.616316693927687,1.00103945040052,-0.194731879264515,FALSE,0.395127705534681,1.00098838614208,-0.100300378671925,TRUE,0.750445559190119,1.00100608009589,-0.230472650950971,TRUE,0.515868465004736,1.00100706229342
901,"rand=1-2_rate=2_ROB=LH_Bias=Rct20_NRE20-35","1-2",2,"LH","Rct20_NRE20-35",0.182321556793955,0.182321556793955,0.182321556793955,0.182321556793955,0.182321556793955,0.300104592450338,0.206546185526272,0.206546185526272,-0.397509272345316,FALSE,0.716232788280633,1.00102656569071,-0.304143382869354,FALSE,0.406374640273385,1.0010179798758,-0.0878100620044893,TRUE,0.795210956812643,1.00100851316849,-0.390436440661069,FALSE,0.490902624475219,1.00099253058662
902,"rand=1-2_rate=2_ROB=LH_Bias=Rct20_NRE20-35","1-2",2,"LH","Rct20_NRE20-35",0.182321556793955,0.182321556793955,0.182321556793955,0.182321556793955,0.182321556793955,0.300104592450338,0.223439886176811,0.223439886176811,-0.315951117314577,FALSE,0.746190826947259,1.00104507904875,-0.386071913388547,FALSE,0.499012600282679,1.00111344962381,-0.630674928759765,FALSE,1.56072562413802,1.00116706477605,-0.307792292858857,FALSE,0.492324583760965,1.00099001710067
903,"rand=1-2_rate=2_ROB=LH_Bias=Rct20_NRE20-35","1-2",2,"LH","Rct20_NRE20-35",0.182321556793955,0.182321556793955,0.182321556793955,0.182321556793955,0.182321556793955,0.300104592450338,0.228876671159932,0.228876671159932,-0.152024958504506,TRUE,0.637645650055951,1.00103768989676,-0.209982041481709,FALSE,0.453495946926831,1.00103631466963,-0.155799256461281,TRUE,0.728922895135707,1.00158789920953,-0.241514705647531,TRUE,0.652841489101968,1.00098602249461
904,"rand=1-2_rate=2_ROB=LH_Bias=Rct20_NRE20-35","1-2",2,"LH","Rct20_NRE20-35",0.182321556793955,0.182321556793955,0.182321556793955,0.182321556793955,0.182321556793955,0.300104592450338,0.216270277682188,0.216270277682188,-0.335172007872099,FALSE,0.720527950497455,1.00098660136125,-0.390469580322321,FALSE,0.481104780862918,1.00104722110186,-0.172017192676535,TRUE,0.642506932567761,1.00106736899828,-0.489998203213515,FALSE,0.720660990519722,1.00102076165993
905,"rand=1-2_rate=2_ROB=LH_Bias=Rct20_NRE20-35","1-2",2,"LH","Rct20_NRE20-35",0.182321556793955,0.182321556793955,0.182321556793955,0.182321556793955,0.182321556793955,0.300104592450338,0.214306502145776,0.214306502145776,-0.10065164836774,TRUE,0.470775308444535,1.00118776134032,-0.190195623932701,FALSE,0.288812904358412,1.00106034020452,-0.0324272813724433,TRUE,0.557492726181427,1.00157122715815,-0.23201253657423,FALSE,0.374466532770667,1.00098599616192
906,"rand=1-2_rate=2_ROB=LH_Bias=Rct20_NRE20-35","1-2",2,"LH","Rct20_NRE20-35",0.182321556793955,0.182321556793955,0.182321556793955,0.182321556793955,0.182321556793955,0.300104592450338,0.226579865017496,0.226579865017496,-0.269075539284596,FALSE,0.551709740372294,1.00106334062584,-0.361298603382106,FALSE,0.343060850597645,1.00099720229806,-0.213604603861122,TRUE,0.625933660863993,1.00100685555262,-0.405196276105294,FALSE,0.454710923871136,1.00100633726312
907,"rand=1-2_rate=2_ROB=LH_Bias=Rct20_NRE20-35","1-2",2,"LH","Rct20_NRE20-35",0.182321556793955,0.182321556793955,0.182321556793955,0.182321556793955,0.182321556793955,0.300104592450338,0.228007059012264,0.228007059012264,-0.205930992561918,TRUE,0.65375212972757,1.00100824058911,-0.166382710746008,TRUE,0.405619091407773,1.00106298252857,-0.273046557529197,TRUE,0.699874036945748,1.00107065410945,-0.130911642613189,TRUE,0.581746443028095,1.00099135603677
908,"rand=1-2_rate=2_ROB=LH_Bias=Rct20_NRE20-35","1-2",2,"LH","Rct20_NRE20-35",0.182321556793955,0.182321556793955,0.182321556793955,0.182321556793955,0.182321556793955,0.300104592450338,0.206026508082095,0.206026508082095,-0.457617281504528,FALSE,0.760508464650035,1.0010933563666,-0.37487375821619,FALSE,0.448935339131694,1.00099731545437,-0.689558978331714,FALSE,0.991801792584888,1.00101020673922,-0.279262126138209,FALSE,0.535035427763163,1.00098985733594
909,"rand=1-2_rate=2_ROB=LH_Bias=Rct20_NRE20-35","1-2",2,"LH","Rct20_NRE20-35",0.182321556793955,0.182321556793955,0.182321556793955,0.182321556793955,0.182321556793955,0.300104592450338,0.21083705013671,0.21083705013671,-0.212127145380757,TRUE,0.556469817567211,1.00106543429979,-0.263155536780679,FALSE,0.34881708236612,1.00098599039948,-0.220776799042965,TRUE,0.647080573516087,1.00206273850043,-0.279520142217151,FALSE,0.4768741824005,1.00102431265734
910,"rand=1-2_rate=2_ROB=LH_Bias=Rct20_NRE20-35","1-2",2,"LH","Rct20_NRE20-35",0.182321556793955,0.182321556793955,0.182321556793955,0.182321556793955,0.182321556793955,0.300104592450338,0.210409269876557,0.210409269876557,-0.221328089360923,TRUE,0.688543044699655,1.00100729957634,-0.239810220730021,FALSE,0.45091468723559,1.00105666561584,-0.0770050969036991,TRUE,0.709274865807479,1.00107935447707,-0.320228900848552,FALSE,0.635790677668019,1.00099160781053
911,"rand=1-2_rate=2_ROB=LH_Bias=Rct20_NRE20-35","1-2",2,"LH","Rct20_NRE20-35",0.182321556793955,0.182321556793955,0.182321556793955,0.182321556793955,0.182321556793955,0.300104592450338,0.203154447345384,0.203154447345384,-0.260995830622126,TRUE,0.61192100619625,1.00130546454635,-0.239272032126405,FALSE,0.341613616165941,1.00098599305737,-0.19712050009376,TRUE,0.754854822293021,1.0011068587151,-0.252009796439586,FALSE,0.41949638729254,1.00099031006616
912,"rand=1-2_rate=2_ROB=LH_Bias=Rct20_NRE20-35","1-2",2,"LH","Rct20_NRE20-35",0.182321556793955,0.182321556793955,0.182321556793955,0.182321556793955,0.182321556793955,0.300104592450338,0.210025303722146,0.210025303722146,-0.279460269225114,TRUE,0.678881653280262,1.00104429686754,-0.280521793051001,FALSE,0.428285564031077,1.0010012689786,-0.309255453982518,TRUE,0.806865023133924,1.00107882412145,-0.268335524116298,FALSE,0.578336047977928,1.00100397929634
913,"rand=1-2_rate=2_ROB=LH_Bias=Rct20_NRE20-35","1-2",2,"LH","Rct20_NRE20-35",0.182321556793955,0.182321556793955,0.182321556793955,0.182321556793955,0.182321556793955,0.300104592450338,0.206987749297117,0.206987749297117,-0.225507942193403,TRUE,0.599665764640074,1.0010066073845,-0.227356176497736,FALSE,0.383735339444613,1.00098774401553,-0.185102519209103,TRUE,0.627867074215831,1.00103593043128,-0.238409740985216,TRUE,0.546073251622849,1.00102087248256
914,"rand=1-2_rate=2_ROB=LH_Bias=Rct20_NRE20-35","1-2",2,"LH","Rct20_NRE20-35",0.182321556793955,0.182321556793955,0.182321556793955,0.182321556793955,0.182321556793955,0.300104592450338,0.203448099263996,0.203448099263996,-0.17288401058592,TRUE,0.640290490156942,1.00104142295005,-0.0988883779821081,TRUE,0.391969568571975,1.0009859992741,-0.145360205887145,TRUE,0.751316758930192,1.00103764680356,-0.0842738742615481,TRUE,0.528273865264861,1.00098825293093
915,"rand=1-2_rate=2_ROB=LH_Bias=Rct20_NRE20-35","1-2",2,"LH","Rct20_NRE20-35",0.182321556793955,0.182321556793955,0.182321556793955,0.182321556793955,0.182321556793955,0.300104592450338,0.210074808973141,0.210074808973141,-0.0336973186445053,TRUE,0.580490225705221,1.00098878200135,-0.256089706747328,FALSE,0.510604542977372,1.00122599357716,-0.153691469811205,TRUE,1.00852733818753,1.00109770929475,-0.30917472930301,FALSE,0.669617365138218,1.00102057285333
916,"rand=1-2_rate=2_ROB=LH_Bias=Rct20_NRE20-35","1-2",2,"LH","Rct20_NRE20-35",0.182321556793955,0.182321556793955,0.182321556793955,0.182321556793955,0.182321556793955,0.300104592450338,0.214956622791599,0.214956622791599,-0.124461466620882,TRUE,0.53949947003616,1.00098797398428,-0.287457594693113,FALSE,0.441864738728653,1.00100889309993,-0.194318467520057,TRUE,0.673906989558364,1.00101128542791,-0.324287274343891,FALSE,0.67168724626312,1.0010304597207
917,"rand=1-2_rate=2_ROB=LH_Bias=Rct20_NRE20-35","1-2",2,"LH","Rct20_NRE20-35",0.182321556793955,0.182321556793955,0.182321556793955,0.182321556793955,0.182321556793955,0.300104592450338,0.217564364831616,0.217564364831616,-0.323263440899663,FALSE,0.673443817267998,1.00099015691213,-0.258299666243303,FALSE,0.407149702403754,1.00098601521106,-0.299824205008152,TRUE,0.878115550273968,1.00098873900246,-0.24183036364918,FALSE,0.522993717446859,1.0009859906019
918,"rand=1-2_rate=2_ROB=LH_Bias=Rct20_NRE20-35","1-2",2,"LH","Rct20_NRE20-35",0.182321556793955,0.182321556793955,0.182321556793955,0.182321556793955,0.182321556793955,0.300104592450338,0.20337879067814,0.20337879067814,-0.210145136012754,TRUE,0.707574440718437,1.00120287492686,-0.167167892557208,TRUE,0.466481786857094,1.00098642850248,-0.209977523255626,TRUE,0.762653368959356,1.00103697837942,-0.147887804545748,TRUE,0.662551042933422,1.00099177972682
919,"rand=1-2_rate=2_ROB=LH_Bias=Rct20_NRE20-35","1-2",2,"LH","Rct20_NRE20-35",0.182321556793955,0.182321556793955,0.182321556793955,0.182321556793955,0.182321556793955,0.300104592450338,0.219136566087022,0.219136566087022,-0.388296551310156,FALSE,0.777305881551209,1.00098611335723,-0.504250529414961,FALSE,0.566425433745268,1.00099513944512,-0.244740568401989,TRUE,0.857373540368653,1.00140364940306,-0.628353815072754,FALSE,0.804791014033256,1.00098648171257
920,"rand=1-2_rate=2_ROB=LH_Bias=Rct20_NRE20-35","1-2",2,"LH","Rct20_NRE20-35",0.182321556793955,0.182321556793955,0.182321556793955,0.182321556793955,0.182321556793955,0.300104592450338,0.219846941993854,0.219846941993854,-0.239208623835128,TRUE,0.57565322641569,1.00099314286924,-0.319136860372382,FALSE,0.350269479368749,1.0011208000918,-0.416778869222571,FALSE,0.888842117818096,1.00099409861924,-0.299771318359828,FALSE,0.418137020708284,1.0009862782632
921,"rand=1-2_rate=2_ROB=LH_Bias=Rct20_NRE20-35","1-2",2,"LH","Rct20_NRE20-35",0.182321556793955,0.182321556793955,0.182321556793955,0.182321556793955,0.182321556793955,0.300104592450338,0.214969454662289,0.214969454662289,-0.127173981043437,TRUE,0.536228639849349,1.0009903996225,-0.275694487100476,FALSE,0.372425321712878,1.00100118766624,-0.0834890940172341,TRUE,0.658774566122068,1.00104503810789,-0.334351540069627,FALSE,0.48367211960275,1.00100957837002
922,"rand=1-2_rate=2_ROB=LH_Bias=Rct20_NRE20-35","1-2",2,"LH","Rct20_NRE20-35",0.182321556793955,0.182321556793955,0.182321556793955,0.182321556793955,0.182321556793955,0.300104592450338,0.197793734946468,0.197793734946468,-0.0290262125645144,TRUE,0.60642013672518,1.00101462757269,-0.0731683037979154,TRUE,0.411716987902132,1.00099578608602,0.137766809002887,TRUE,0.576322300282778,1.00100748361844,-0.192283264784857,TRUE,0.583021735217788,1.00105914681503
923,"rand=1-2_rate=2_ROB=LH_Bias=Rct20_NRE20-35","1-2",2,"LH","Rct20_NRE20-35",0.182321556793955,0.182321556793955,0.182321556793955,0.182321556793955,0.182321556793955,0.300104592450338,0.194610933175873,0.194610933175873,-0.166340335623564,TRUE,0.610450918178461,1.00101354708576,-0.238534563117101,FALSE,0.404940415086953,1.00100353544227,-0.0774331422241603,TRUE,0.622813732311484,1.00102202314741,-0.295548522368545,FALSE,0.586189108206332,1.00099219895071
924,"rand=1-2_rate=2_ROB=LH_Bias=Rct20_NRE20-35","1-2",2,"LH","Rct20_NRE20-35",0.182321556793955,0.182321556793955,0.182321556793955,0.182321556793955,0.182321556793955,0.300104592450338,0.199576922916164,0.199576922916164,-0.141258636370815,TRUE,0.672090066524975,1.00099341739676,-0.195742321954367,TRUE,0.457858687826755,1.00099706196908,-0.0828421049960626,TRUE,0.808282408788172,1.00109707140064,-0.25315672945911,TRUE,0.63937339923939,1.00098636291303
925,"rand=1-2_rate=2_ROB=LH_Bias=Rct20_NRE20-35","1-2",2,"LH","Rct20_NRE20-35",0.182321556793955,0.182321556793955,0.182321556793955,0.182321556793955,0.182321556793955,0.300104592450338,0.197649073281162,0.197649073281162,-0.159675556803513,TRUE,0.608214352268436,1.00110797690984,-0.187646649270473,FALSE,0.390289812910775,1.00105690443263,-0.146767686145535,TRUE,0.708072987950514,1.0013317643433,-0.205411131240544,TRUE,0.536155796587324,1.00099186700283
926,"rand=1-2_rate=2_ROB=LH_Bias=Rct20_NRE20-35","1-2",2,"LH","Rct20_NRE20-35",0.182321556793955,0.182321556793955,0.182321556793955,0.182321556793955,0.182321556793955,0.300104592450338,0.216876725345757,0.216876725345757,-0.110106898017347,TRUE,0.612300306348505,1.00100460606015,-0.13935804673247,TRUE,0.427413473357608,1.00098854355624,-0.134128314946823,TRUE,0.627829692863945,1.00100324196656,-0.1376123917067,TRUE,0.646993695703495,1.00102938653087
927,"rand=1-2_rate=2_ROB=LH_Bias=Rct20_NRE20-35","1-2",2,"LH","Rct20_NRE20-35",0.182321556793955,0.182321556793955,0.182321556793955,0.182321556793955,0.182321556793955,0.300104592450338,0.215731859257489,0.215731859257489,-0.40062085070857,FALSE,0.700378918387166,1.0010162346255,-0.397734345343925,FALSE,0.412378327327968,1.00104488898159,-0.237447820322375,TRUE,0.699936614852781,1.00157201810153,-0.443591209824234,FALSE,0.571027718143697,1.00098599630554
928,"rand=1-2_rate=2_ROB=LH_Bias=Rct20_NRE20-35","1-2",2,"LH","Rct20_NRE20-35",0.182321556793955,0.182321556793955,0.182321556793955,0.182321556793955,0.182321556793955,0.300104592450338,0.216543980320223,0.216543980320223,-0.209605772025479,TRUE,0.688186739918768,1.00152594229602,-0.418761197930193,FALSE,0.58191943838078,1.0009861982454,-0.555655367189126,FALSE,0.846093784263457,1.00103399523635,-0.34163003929847,TRUE,0.861313310561452,1.00105668182787
929,"rand=1-2_rate=2_ROB=LH_Bias=Rct20_NRE20-35","1-2",2,"LH","Rct20_NRE20-35",0.182321556793955,0.182321556793955,0.182321556793955,0.182321556793955,0.182321556793955,0.300104592450338,0.193035526239923,0.193035526239923,-0.117860744059986,TRUE,0.545104624177479,1.00099406830012,-0.122279834963405,TRUE,0.312316554334641,1.0010212547329,-0.106541754202073,TRUE,0.655183260913699,1.00107880915981,-0.128369828340129,TRUE,0.405770194327531,1.00105354393773
930,"rand=1-2_rate=2_ROB=LH_Bias=Rct20_NRE20-35","1-2",2,"LH","Rct20_NRE20-35",0.182321556793955,0.182321556793955,0.182321556793955,0.182321556793955,0.182321556793955,0.300104592450338,0.199165771155968,0.199165771155968,-0.0641573060741925,TRUE,0.520346919771037,1.00106357985697,-0.256258149519393,FALSE,0.431642614019216,1.00099266514271,-0.317642589838301,TRUE,0.833249589589455,1.00120737006571,-0.228721821129799,TRUE,0.578108011603061,1.00099175647008
931,"rand=1-2_rate=2_ROB=LH_Bias=Rct20_NRE20-35","1-2",2,"LH","Rct20_NRE20-35",0.182321556793955,0.182321556793955,0.182321556793955,0.182321556793955,0.182321556793955,0.300104592450338,0.198749525393158,0.198749525393158,-0.197552566893443,TRUE,0.644917158374569,1.00106417017326,-0.289261985359257,FALSE,0.440699436933075,1.00099293265397,-0.381127318127127,TRUE,1.13910021785827,1.00102659857572,-0.261323011728146,FALSE,0.511382734980049,1.00107252876841
932,"rand=1-2_rate=2_ROB=LH_Bias=Rct20_NRE20-35","1-2",2,"LH","Rct20_NRE20-35",0.182321556793955,0.182321556793955,0.182321556793955,0.182321556793955,0.182321556793955,0.300104592450338,0.21624468202135,0.21624468202135,-0.203481992558448,TRUE,0.617281023143932,1.00098628193171,-0.232681490102514,FALSE,0.401701938746935,1.00100977477907,-0.263454390434549,TRUE,0.759490578023161,1.00101704474174,-0.220534685460433,TRUE,0.538960092762859,1.00098626355839
933,"rand=1-2_rate=2_ROB=LH_Bias=Rct20_NRE20-35","1-2",2,"LH","Rct20_NRE20-35",0.182321556793955,0.182321556793955,0.182321556793955,0.182321556793955,0.182321556793955,0.300104592450338,0.223572319549628,0.223572319549628,-0.385944197665057,FALSE,0.58622260368523,1.00099225867164,-0.299422618426266,FALSE,0.278061006956479,1.00104440812668,-0.638860556835884,FALSE,0.981427187733446,1.00144391684767,-0.251692969851104,FALSE,0.283798314869772,1.00099180145023
934,"rand=1-2_rate=2_ROB=LH_Bias=Rct20_NRE20-35","1-2",2,"LH","Rct20_NRE20-35",0.182321556793955,0.182321556793955,0.182321556793955,0.182321556793955,0.182321556793955,0.300104592450338,0.215619558885351,0.215619558885351,-0.184418409620239,TRUE,0.589241409643676,1.00101720084286,-0.180874498605157,FALSE,0.375303053809672,1.0009882666843,-0.18904168609604,TRUE,0.659614653836761,1.00110653368334,-0.17886694850522,TRUE,0.524243853753217,1.00098712690954
935,"rand=1-2_rate=2_ROB=LH_Bias=Rct20_NRE20-35","1-2",2,"LH","Rct20_NRE20-35",0.182321556793955,0.182321556793955,0.182321556793955,0.182321556793955,0.182321556793955,0.300104592450338,0.190139480280979,0.190139480280979,-0.206570509964767,TRUE,0.609110353228699,1.00099642321523,-0.154424657468127,TRUE,0.35030568420221,1.0010024770176,-0.0386361348700792,TRUE,0.696894464735848,1.00103127338683,-0.195370734760538,TRUE,0.446144509369584,1.00099518220783
936,"rand=1-2_rate=2_ROB=LH_Bias=Rct20_NRE20-35","1-2",2,"LH","Rct20_NRE20-35",0.182321556793955,0.182321556793955,0.182321556793955,0.182321556793955,0.182321556793955,0.300104592450338,0.20151060883184,0.20151060883184,-0.193383998909788,TRUE,0.523974731917547,1.00099761136974,-0.140842801418524,FALSE,0.269869943627594,1.00100059249434,-0.234343773815168,TRUE,0.740065946716826,1.00104623019991,-0.119609398181228,TRUE,0.318712546829681,1.00103000065825
937,"rand=1-2_rate=2_ROB=LH_Bias=Rct20_NRE20-35","1-2",2,"LH","Rct20_NRE20-35",0.182321556793955,0.182321556793955,0.182321556793955,0.182321556793955,0.182321556793955,0.300104592450338,0.212794067845586,0.212794067845586,-0.444300363357092,FALSE,0.808050216368884,1.00098909698513,-0.299184197817,FALSE,0.469168159531623,1.00101381915226,-0.114328100345269,TRUE,0.834429016980087,1.00109752250076,-0.383384878574059,FALSE,0.610285168098607,1.00103123624704
938,"rand=1-2_rate=2_ROB=LH_Bias=Rct20_NRE20-35","1-2",2,"LH","Rct20_NRE20-35",0.182321556793955,0.182321556793955,0.182321556793955,0.182321556793955,0.182321556793955,0.300104592450338,0.225781172639516,0.225781172639516,-0.27493966424666,FALSE,0.535808552880003,1.00098688499715,-0.329463066811102,FALSE,0.274748929892647,1.00099918198491,-0.268936609846769,TRUE,0.959950776325687,1.00098606260295,-0.34121818797448,FALSE,0.283269205574558,1.00100771004118
939,"rand=1-2_rate=2_ROB=LH_Bias=Rct20_NRE20-35","1-2",2,"LH","Rct20_NRE20-35",0.182321556793955,0.182321556793955,0.182321556793955,0.182321556793955,0.182321556793955,0.300104592450338,0.209540923798635,0.209540923798635,-0.390588247611965,FALSE,0.682569557477603,1.00098822973623,-0.416679504119521,FALSE,0.418830660964062,1.00099985401457,-0.513647314159892,FALSE,0.841965460278781,1.0011186528224,-0.388110651846378,FALSE,0.553846144768114,1.00100565986629
940,"rand=1-2_rate=2_ROB=LH_Bias=Rct20_NRE20-35","1-2",2,"LH","Rct20_NRE20-35",0.182321556793955,0.182321556793955,0.182321556793955,0.182321556793955,0.182321556793955,0.300104592450338,0.218858310470419,0.218858310470419,-0.233385271312459,TRUE,0.597866237617244,1.00179849853693,-0.211784492771008,FALSE,0.359109935650548,1.00100722865012,-0.212882574228221,TRUE,0.692709609305979,1.0010136274718,-0.210536733544601,TRUE,0.472631207591223,1.00099138178238
941,"rand=1-2_rate=2_ROB=LH_Bias=Rct20_NRE20-35","1-2",2,"LH","Rct20_NRE20-35",0.182321556793955,0.182321556793955,0.182321556793955,0.182321556793955,0.182321556793955,0.300104592450338,0.199855181076832,0.199855181076832,-0.109619742420581,TRUE,0.582553279257573,1.00098712193455,-0.196693901914155,FALSE,0.394888142304547,1.00106021373026,-0.395048178053582,TRUE,1.07380811844053,1.00098716101672,-0.131881051460665,TRUE,0.426767309419914,1.00098867188454
942,"rand=1-2_rate=2_ROB=LH_Bias=Rct20_NRE20-35","1-2",2,"LH","Rct20_NRE20-35",0.182321556793955,0.182321556793955,0.182321556793955,0.182321556793955,0.182321556793955,0.300104592450338,0.219141121039031,0.219141121039031,-0.314362289479365,FALSE,0.68705605109087,1.00101004491678,-0.399398617449727,FALSE,0.438218450241905,1.00101463611084,-0.332668543458967,TRUE,0.885423426782203,1.00098992500381,-0.424356584205404,FALSE,0.568471656306929,1.00100284396091
943,"rand=1-2_rate=2_ROB=LH_Bias=Rct20_NRE20-35","1-2",2,"LH","Rct20_NRE20-35",0.182321556793955,0.182321556793955,0.182321556793955,0.182321556793955,0.182321556793955,0.300104592450338,0.214695060846374,0.214695060846374,-0.489003627222845,FALSE,0.884048530061316,1.00102891229266,-0.414472485313936,FALSE,0.564859419683564,1.00103001511979,-0.393852438717766,FALSE,0.827771419715373,1.00098663554595,-0.432114029661661,FALSE,0.878357476983976,1.00115854833765
944,"rand=1-2_rate=2_ROB=LH_Bias=Rct20_NRE20-35","1-2",2,"LH","Rct20_NRE20-35",0.182321556793955,0.182321556793955,0.182321556793955,0.182321556793955,0.182321556793955,0.300104592450338,0.192367836136542,0.192367836136542,-0.154687670246536,TRUE,0.572073902544169,1.00099796164627,-0.137843942458179,TRUE,0.333079520553848,1.00103080757549,-0.299907818844249,FALSE,0.682164330354772,1.00103273882813,-0.0906356890630999,TRUE,0.440115330620805,1.00100298747209
945,"rand=1-2_rate=2_ROB=LH_Bias=Rct20_NRE20-35","1-2",2,"LH","Rct20_NRE20-35",0.182321556793955,0.182321556793955,0.182321556793955,0.182321556793955,0.182321556793955,0.300104592450338,0.217668349240926,0.217668349240926,-0.150221947199069,TRUE,0.612487720496249,1.00106331629929,-0.221987383646703,FALSE,0.418035810691835,1.00098939373049,-0.226560208971589,TRUE,0.794232051786136,1.00106505010006,-0.219850306716741,TRUE,0.563513131896569,1.00101552537888
946,"rand=1-2_rate=2_ROB=LH_Bias=Rct20_NRE20-35","1-2",2,"LH","Rct20_NRE20-35",0.182321556793955,0.182321556793955,0.182321556793955,0.182321556793955,0.182321556793955,0.300104592450338,0.222124878127397,0.222124878127397,-0.0887175759084782,TRUE,0.581573163627173,1.00102908165094,-0.246794646122821,FALSE,0.477493246222154,1.00099373747684,-0.293491429700904,TRUE,0.842810445718347,1.00105055009242,-0.216123738108208,TRUE,0.663750068193519,1.00101362976879
947,"rand=1-2_rate=2_ROB=LH_Bias=Rct20_NRE20-35","1-2",2,"LH","Rct20_NRE20-35",0.182321556793955,0.182321556793955,0.182321556793955,0.182321556793955,0.182321556793955,0.300104592450338,0.206205178386119,0.206205178386119,-0.263863218550466,TRUE,0.74915808816321,1.00098615754358,-0.234037550543167,FALSE,0.471734955142852,1.00098772461616,-0.171264409445629,TRUE,0.919636245144643,1.0009862103125,-0.265912326802194,TRUE,0.627444832635774,1.00099046677336
948,"rand=1-2_rate=2_ROB=LH_Bias=Rct20_NRE20-35","1-2",2,"LH","Rct20_NRE20-35",0.182321556793955,0.182321556793955,0.182321556793955,0.182321556793955,0.182321556793955,0.300104592450338,0.193499556977871,0.193499556977871,-0.334166297092019,FALSE,0.673018973028906,1.00098700885593,-0.324726644813541,FALSE,0.408080975104585,1.00105569761085,-0.354848143235357,TRUE,0.919008764056844,1.00121030994439,-0.316778767855056,FALSE,0.509371169415037,1.00099386897424
949,"rand=1-2_rate=2_ROB=LH_Bias=Rct20_NRE20-35","1-2",2,"LH","Rct20_NRE20-35",0.182321556793955,0.182321556793955,0.182321556793955,0.182321556793955,0.182321556793955,0.300104592450338,0.208152221389818,0.208152221389818,-0.247281679487303,TRUE,0.683414031862056,1.00099834420021,-0.307605675380475,FALSE,0.457515572017555,1.00098718944729,-0.152065038568357,TRUE,0.748552624837418,1.00133792159572,-0.36985614682858,FALSE,0.642490690183107,1.00098606085519
950,"rand=1-2_rate=2_ROB=LH_Bias=Rct20_NRE20-35","1-2",2,"LH","Rct20_NRE20-35",0.182321556793955,0.182321556793955,0.182321556793955,0.182321556793955,0.182321556793955,0.300104592450338,0.217816226743501,0.217816226743501,-0.138695106752188,TRUE,0.666590599131858,1.00100633972689,-0.227410686011133,FALSE,0.469626214721357,1.00103591125179,-0.141147501732969,TRUE,0.783332834884887,1.0011051057497,-0.269512012023846,TRUE,0.683206316041929,1.00101825949261
951,"rand=1-2_rate=2_ROB=LH_Bias=Rct20_NRE20-35","1-2",2,"LH","Rct20_NRE20-35",0.182321556793955,0.182321556793955,0.182321556793955,0.182321556793955,0.182321556793955,0.300104592450338,0.220815080235928,0.220815080235928,-0.156380285272224,TRUE,0.600619161152032,1.00142985713357,-0.0931797131302428,TRUE,0.364141988396868,1.00100489709382,-0.0364024754183461,TRUE,0.593171035453451,1.00105232851594,-0.117031564004169,TRUE,0.523219382425764,1.00103884458176
952,"rand=1-2_rate=2_ROB=LH_Bias=Rct20_NRE20-35","1-2",2,"LH","Rct20_NRE20-35",0.182321556793955,0.182321556793955,0.182321556793955,0.182321556793955,0.182321556793955,0.300104592450338,0.204317208874794,0.204317208874794,-0.0451460055780055,TRUE,0.51068044761418,1.00121931184438,-0.138219307832681,TRUE,0.380654140170885,1.00098996538747,-0.168440442946941,TRUE,0.604823244226725,1.0011213277912,-0.129540468569781,TRUE,0.577117758868764,1.00100274869474
953,"rand=1-2_rate=2_ROB=LH_Bias=Rct20_NRE20-35","1-2",2,"LH","Rct20_NRE20-35",0.182321556793955,0.182321556793955,0.182321556793955,0.182321556793955,0.182321556793955,0.300104592450338,0.244119213295618,0.244119213295618,-0.275573574166923,TRUE,0.699438953690588,1.00103840185231,-0.33571600618453,FALSE,0.452894527673929,1.00099477053229,-0.090783247090404,TRUE,0.69131882337413,1.0010551994283,-0.445555677005097,FALSE,0.613789786413333,1.00100101212049
954,"rand=1-2_rate=2_ROB=LH_Bias=Rct20_NRE20-35","1-2",2,"LH","Rct20_NRE20-35",0.182321556793955,0.182321556793955,0.182321556793955,0.182321556793955,0.182321556793955,0.300104592450338,0.212383972887628,0.212383972887628,-0.3805245470476,FALSE,0.819701097210959,1.00098751375333,-0.337073324889019,FALSE,0.501260090658292,1.00099828840073,-0.178620507459109,TRUE,0.931568845137427,1.00098823514744,-0.414072305145548,FALSE,0.660932146708914,1.00101688054761
955,"rand=1-2_rate=2_ROB=LH_Bias=Rct20_NRE20-35","1-2",2,"LH","Rct20_NRE20-35",0.182321556793955,0.182321556793955,0.182321556793955,0.182321556793955,0.182321556793955,0.300104592450338,0.225769807394116,0.225769807394116,-0.217246035084552,TRUE,0.639578217332092,1.00107754822943,-0.304442721860914,FALSE,0.425557063940897,1.00098601883223,-0.307639929526263,TRUE,0.862369320666711,1.00098899307232,-0.300241646230008,FALSE,0.569217984251091,1.00099806585425
956,"rand=1-2_rate=2_ROB=LH_Bias=Rct20_NRE20-35","1-2",2,"LH","Rct20_NRE20-35",0.182321556793955,0.182321556793955,0.182321556793955,0.182321556793955,0.182321556793955,0.300104592450338,0.219220192011378,0.219220192011378,-0.114791920242129,TRUE,0.683129901195096,1.00104266393848,-0.145853046666201,TRUE,0.55841476537154,1.00101674401669,0.199075676825052,TRUE,0.551959376488432,1.00108337740119,-0.423467257191118,FALSE,0.884828410315812,1.00101317074877
957,"rand=1-2_rate=2_ROB=LH_Bias=Rct20_NRE20-35","1-2",2,"LH","Rct20_NRE20-35",0.182321556793955,0.182321556793955,0.182321556793955,0.182321556793955,0.182321556793955,0.300104592450338,0.221001297714673,0.221001297714673,-0.326016487216156,FALSE,0.764140145833672,1.00108652170635,-0.346334842052611,FALSE,0.520497966806063,1.00099147382845,-0.348490078386453,TRUE,0.813142368936643,1.00098599956086,-0.346547300885504,FALSE,0.771230428014498,1.0009888931405
958,"rand=1-2_rate=2_ROB=LH_Bias=Rct20_NRE20-35","1-2",2,"LH","Rct20_NRE20-35",0.182321556793955,0.182321556793955,0.182321556793955,0.182321556793955,0.182321556793955,0.300104592450338,0.21862732658607,0.21862732658607,-0.179646206372578,TRUE,0.524933876300253,1.00145151498025,-0.323115258644223,FALSE,0.38310647951403,1.00098682049927,-0.106674292757185,TRUE,0.679142183217377,1.00098663166397,-0.397880399812489,FALSE,0.482909876214898,1.00098666195738
959,"rand=1-2_rate=2_ROB=LH_Bias=Rct20_NRE20-35","1-2",2,"LH","Rct20_NRE20-35",0.182321556793955,0.182321556793955,0.182321556793955,0.182321556793955,0.182321556793955,0.300104592450338,0.224219725071428,0.224219725071428,-0.177832246218323,TRUE,0.51318980111682,1.00099049761867,-0.229351592475444,FALSE,0.316604649718494,1.00100218901942,-0.354075746055893,FALSE,0.728686981966334,1.0009999807413,-0.201355905931465,FALSE,0.402043423819899,1.00102032511953
960,"rand=1-2_rate=2_ROB=LH_Bias=Rct20_NRE20-35","1-2",2,"LH","Rct20_NRE20-35",0.182321556793955,0.182321556793955,0.182321556793955,0.182321556793955,0.182321556793955,0.300104592450338,0.224310850187746,0.224310850187746,-0.245541471007824,TRUE,0.644707236961824,1.0010023680548,-0.181978601985793,FALSE,0.377174264822159,1.00100749709121,-0.413495243473021,FALSE,0.74892062380206,1.00100319476077,-0.106003577021894,TRUE,0.494656396554602,1.00098615273461
961,"rand=1-2_rate=2_ROB=LH_Bias=Rct20_NRE20-35","1-2",2,"LH","Rct20_NRE20-35",0.182321556793955,0.182321556793955,0.182321556793955,0.182321556793955,0.182321556793955,0.300104592450338,0.225993514582704,0.225993514582704,-0.265025160723565,FALSE,0.519742987918019,1.00102482974229,-0.297745620042853,FALSE,0.245128187983028,1.00099046510292,-0.159919167325394,TRUE,0.706833441881247,1.00113647481461,-0.318669042698416,FALSE,0.27900712119778,1.00100380063342
962,"rand=1-2_rate=2_ROB=LH_Bias=Rct20_NRE20-35","1-2",2,"LH","Rct20_NRE20-35",0.182321556793955,0.182321556793955,0.182321556793955,0.182321556793955,0.182321556793955,0.300104592450338,0.200442767497123,0.200442767497123,-0.143323427921174,TRUE,0.64944134960416,1.00100155406634,-0.195871052431526,TRUE,0.436786644065212,1.00113468913756,0.00148602970520073,TRUE,0.832588966697057,1.00108795965122,-0.28394783539908,FALSE,0.557410973247127,1.00099895632083
963,"rand=1-2_rate=2_ROB=LH_Bias=Rct20_NRE20-35","1-2",2,"LH","Rct20_NRE20-35",0.182321556793955,0.182321556793955,0.182321556793955,0.182321556793955,0.182321556793955,0.300104592450338,0.210493283478034,0.210493283478034,-0.350851157404168,FALSE,0.764170643996743,1.0009859908311,-0.419233716816904,FALSE,0.52533113329576,1.00103649483478,-0.223599237149168,TRUE,0.83212264700184,1.00098756782095,-0.512386840187476,FALSE,0.733431238817458,1.0009890210369
964,"rand=1-2_rate=2_ROB=LH_Bias=Rct20_NRE20-35","1-2",2,"LH","Rct20_NRE20-35",0.182321556793955,0.182321556793955,0.182321556793955,0.182321556793955,0.182321556793955,0.300104592450338,0.207135576255815,0.207135576255815,-0.169864970517291,TRUE,0.702258991247424,1.0009937141748,-0.187093850965453,TRUE,0.469822705054484,1.00108576986349,-0.23989453375242,TRUE,0.97914925095103,1.00101426734162,-0.161914504343784,TRUE,0.618195101878607,1.00111567148166
965,"rand=1-2_rate=2_ROB=LH_Bias=Rct20_NRE20-35","1-2",2,"LH","Rct20_NRE20-35",0.182321556793955,0.182321556793955,0.182321556793955,0.182321556793955,0.182321556793955,0.300104592450338,0.227793720782346,0.227793720782346,-0.22482813465382,TRUE,0.533878419076877,1.00112369239292,-0.292708366986684,FALSE,0.306482142087949,1.00100093327953,-0.190304185332855,TRUE,0.677745801020342,1.00145750904029,-0.316023921339723,FALSE,0.398627094194447,1.0010471633678
966,"rand=1-2_rate=2_ROB=LH_Bias=Rct20_NRE20-35","1-2",2,"LH","Rct20_NRE20-35",0.182321556793955,0.182321556793955,0.182321556793955,0.182321556793955,0.182321556793955,0.300104592450338,0.218930653341222,0.218930653341222,-0.311950661261817,FALSE,0.688818586950811,1.00099121151218,-0.221489620686862,FALSE,0.395773148831552,1.00102060836562,0.0385991192460141,TRUE,0.58787263662737,1.00099065508525,-0.327752777078218,FALSE,0.519845956205828,1.00109995802963
967,"rand=1-2_rate=2_ROB=LH_Bias=Rct20_NRE20-35","1-2",2,"LH","Rct20_NRE20-35",0.182321556793955,0.182321556793955,0.182321556793955,0.182321556793955,0.182321556793955,0.300104592450338,0.21751046300911,0.21751046300911,-0.26602264118969,TRUE,0.675521893462808,1.00105069528256,-0.230854098934714,FALSE,0.41622001403747,1.00100473068839,-0.376078175577064,FALSE,0.812229249703877,1.0009865855531,-0.178757855545034,TRUE,0.544712480028111,1.00100630676702
968,"rand=1-2_rate=2_ROB=LH_Bias=Rct20_NRE20-35","1-2",2,"LH","Rct20_NRE20-35",0.182321556793955,0.182321556793955,0.182321556793955,0.182321556793955,0.182321556793955,0.300104592450338,0.217824594792738,0.217824594792738,-0.22779382268398,TRUE,0.698293995094127,1.00099333892958,-0.315773582742067,FALSE,0.480624615621893,1.00098607404514,-0.295549851273708,TRUE,0.99953110137004,1.00098933110821,-0.323998626296551,FALSE,0.627896797971369,1.0011211789046
969,"rand=1-2_rate=2_ROB=LH_Bias=Rct20_NRE20-35","1-2",2,"LH","Rct20_NRE20-35",0.182321556793955,0.182321556793955,0.182321556793955,0.182321556793955,0.182321556793955,0.300104592450338,0.200786866745056,0.200786866745056,-0.173902353920035,TRUE,0.622699407755686,1.00122985369535,-0.262595515727418,FALSE,0.448483672175387,1.00098636501465,-0.276665377826559,TRUE,0.776575954945485,1.00098956372386,-0.257833369366494,TRUE,0.62567686859592,1.00103049695524
970,"rand=1-2_rate=2_ROB=LH_Bias=Rct20_NRE20-35","1-2",2,"LH","Rct20_NRE20-35",0.182321556793955,0.182321556793955,0.182321556793955,0.182321556793955,0.182321556793955,0.300104592450338,0.197090405005313,0.197090405005313,-0.339731807343972,FALSE,0.615731368327357,1.00100830849106,-0.291885405256281,FALSE,0.336941356839282,1.0009867576882,-0.301190916820697,TRUE,0.746546082804561,1.0010312393057,-0.29081828283401,FALSE,0.430445212824812,1.00103878556095
971,"rand=1-2_rate=2_ROB=LH_Bias=Rct20_NRE20-35","1-2",2,"LH","Rct20_NRE20-35",0.182321556793955,0.182321556793955,0.182321556793955,0.182321556793955,0.182321556793955,0.300104592450338,0.201564368465035,0.201564368465035,-0.331295940025457,FALSE,0.757399102108482,1.00102822803218,-0.328057368957718,FALSE,0.472318893531864,1.00101847128722,-0.418376361984492,FALSE,0.931807283426844,1.00101946693581,-0.292489082640652,FALSE,0.623608332302707,1.00098773498578
972,"rand=1-2_rate=2_ROB=LH_Bias=Rct20_NRE20-35","1-2",2,"LH","Rct20_NRE20-35",0.182321556793955,0.182321556793955,0.182321556793955,0.182321556793955,0.182321556793955,0.300104592450338,0.211788283232072,0.211788283232072,-0.111708770303942,TRUE,0.56859098253617,1.00107391764731,-0.146631380503008,TRUE,0.362791661843933,1.00102986255757,-0.223261390020632,TRUE,0.673966638129448,1.00102908970497,-0.121519020882923,TRUE,0.49969697035621,1.00098889043149
973,"rand=1-2_rate=2_ROB=LH_Bias=Rct20_NRE20-35","1-2",2,"LH","Rct20_NRE20-35",0.182321556793955,0.182321556793955,0.182321556793955,0.182321556793955,0.182321556793955,0.300104592450338,0.203294750191313,0.203294750191313,-0.15878061037938,TRUE,0.609890082590138,1.00114301644722,-0.206892420886524,FALSE,0.405683729450737,1.00098746264158,-0.132492417078731,TRUE,0.697514296933351,1.00099642412488,-0.235799232943955,TRUE,0.567091199165059,1.00099555587742
974,"rand=1-2_rate=2_ROB=LH_Bias=Rct20_NRE20-35","1-2",2,"LH","Rct20_NRE20-35",0.182321556793955,0.182321556793955,0.182321556793955,0.182321556793955,0.182321556793955,0.300104592450338,0.224251782156459,0.224251782156459,-0.216039685932119,TRUE,0.680600984806061,1.00101813900656,-0.348494059379767,FALSE,0.503581340750556,1.0010018352056,-0.477284376734255,FALSE,1.07247505672105,1.00115918277227,-0.29467324959403,FALSE,0.644041989794769,1.00098600108414
975,"rand=1-2_rate=2_ROB=LH_Bias=Rct20_NRE20-35","1-2",2,"LH","Rct20_NRE20-35",0.182321556793955,0.182321556793955,0.182321556793955,0.182321556793955,0.182321556793955,0.300104592450338,0.210279125656116,0.210279125656116,-0.283167394851987,FALSE,0.612189446575617,1.00104112606514,-0.365279474933706,FALSE,0.409351191833521,1.00099801067538,-0.414154282655212,FALSE,0.767594888146087,1.00126312503427,-0.352659481044549,FALSE,0.55205343701395,1.00100976536556
976,"rand=1-2_rate=2_ROB=LH_Bias=Rct20_NRE20-35","1-2",2,"LH","Rct20_NRE20-35",0.182321556793955,0.182321556793955,0.182321556793955,0.182321556793955,0.182321556793955,0.300104592450338,0.220581437796788,0.220581437796788,-0.242272340284158,TRUE,0.665152308583079,1.00104158895971,-0.386028625811989,FALSE,0.496697135794175,1.00101841958481,-0.312680560052021,TRUE,0.930365224353878,1.00099805085561,-0.415250547293551,FALSE,0.678407027396089,1.00098741493467
977,"rand=1-2_rate=2_ROB=LH_Bias=Rct20_NRE20-35","1-2",2,"LH","Rct20_NRE20-35",0.182321556793955,0.182321556793955,0.182321556793955,0.182321556793955,0.182321556793955,0.300104592450338,0.199912079667673,0.199912079667673,-0.0229638522790243,TRUE,0.458178881002036,1.00099270690082,-0.214763423584346,FALSE,0.412686290270906,1.00098801605152,-0.157056595405223,TRUE,0.697015136469953,1.00104464704309,-0.240031004181958,TRUE,0.584275873429019,1.00113731166092
978,"rand=1-2_rate=2_ROB=LH_Bias=Rct20_NRE20-35","1-2",2,"LH","Rct20_NRE20-35",0.182321556793955,0.182321556793955,0.182321556793955,0.182321556793955,0.182321556793955,0.300104592450338,0.208919470720709,0.208919470720709,-0.0138036701679964,TRUE,0.48053295407674,1.00101816496133,-0.191422959455278,TRUE,0.415461874149108,1.00098699251705,-0.0879905059294945,TRUE,0.650368415078774,1.00125044050849,-0.232959507486429,TRUE,0.609532178051639,1.00098621401035
979,"rand=1-2_rate=2_ROB=LH_Bias=Rct20_NRE20-35","1-2",2,"LH","Rct20_NRE20-35",0.182321556793955,0.182321556793955,0.182321556793955,0.182321556793955,0.182321556793955,0.300104592450338,0.203624346702477,0.203624346702477,-0.429805515974091,FALSE,0.814939027153497,1.00098614060508,-0.333992896634316,FALSE,0.485409003852642,1.00101626228256,-0.219209920130602,TRUE,0.799786539287703,1.00104002470629,-0.385280485473759,FALSE,0.692146441080112,1.00099640296408
980,"rand=1-2_rate=2_ROB=LH_Bias=Rct20_NRE20-35","1-2",2,"LH","Rct20_NRE20-35",0.182321556793955,0.182321556793955,0.182321556793955,0.182321556793955,0.182321556793955,0.300104592450338,0.225773845502106,0.225773845502106,-0.162896772543367,TRUE,0.67902694598809,1.00100018251124,-0.285053394426406,FALSE,0.504510724724312,1.00099252842492,-0.236593608851003,TRUE,0.848036254576316,1.00098897712054,-0.303161428583017,TRUE,0.723213319079369,1.00099674692832
981,"rand=1-2_rate=2_ROB=LH_Bias=Rct20_NRE20-35","1-2",2,"LH","Rct20_NRE20-35",0.182321556793955,0.182321556793955,0.182321556793955,0.182321556793955,0.182321556793955,0.300104592450338,0.218346162049576,0.218346162049576,-0.0597722373793836,TRUE,0.579023929613377,1.00103863952216,-0.196849803104282,FALSE,0.441762019059086,1.00099019681897,-0.435071064689546,TRUE,1.12814521826399,1.00098681456921,-0.113069838939554,TRUE,0.490180095866925,1.00100428893908
982,"rand=1-2_rate=2_ROB=LH_Bias=Rct20_NRE20-35","1-2",2,"LH","Rct20_NRE20-35",0.182321556793955,0.182321556793955,0.182321556793955,0.182321556793955,0.182321556793955,0.300104592450338,0.220028637570502,0.220028637570502,-0.320931915754351,FALSE,0.721108888100396,1.00099454701977,-0.297992645885971,FALSE,0.437595391457417,1.00102145548277,-0.613369542595576,FALSE,1.13906712521583,1.00099071913794,-0.194190303903074,TRUE,0.450619795500106,1.00098665964508
983,"rand=1-2_rate=2_ROB=LH_Bias=Rct20_NRE20-35","1-2",2,"LH","Rct20_NRE20-35",0.182321556793955,0.182321556793955,0.182321556793955,0.182321556793955,0.182321556793955,0.300104592450338,0.199138607606282,0.199138607606282,-0.181207461544661,TRUE,0.635547413740306,1.00100013775705,-0.265514637190698,FALSE,0.459603144873267,1.00100659303366,-0.264199590507618,TRUE,0.752704751303409,1.00162507222853,-0.263272302508044,TRUE,0.661893889210365,1.00099860403624
984,"rand=1-2_rate=2_ROB=LH_Bias=Rct20_NRE20-35","1-2",2,"LH","Rct20_NRE20-35",0.182321556793955,0.182321556793955,0.182321556793955,0.182321556793955,0.182321556793955,0.300104592450338,0.218325589921636,0.218325589921636,-0.177907667242491,TRUE,0.54177895060821,1.00100096096401,-0.303282144309345,FALSE,0.40028750365036,1.00099219575285,-0.129428772890102,TRUE,0.693068358931478,1.00100951936681,-0.368723297645098,FALSE,0.538791549030054,1.00104161907063
985,"rand=1-2_rate=2_ROB=LH_Bias=Rct20_NRE20-35","1-2",2,"LH","Rct20_NRE20-35",0.182321556793955,0.182321556793955,0.182321556793955,0.182321556793955,0.182321556793955,0.300104592450338,0.216779231787241,0.216779231787241,-0.229600163445357,TRUE,0.613515689459847,1.00098916269142,-0.365915575665817,FALSE,0.459272025594193,1.00104688539366,-0.136314150676043,TRUE,0.612629355073074,1.00112323123039,-0.467964190347906,FALSE,0.706447579448452,1.00103109028999
986,"rand=1-2_rate=2_ROB=LH_Bias=Rct20_NRE20-35","1-2",2,"LH","Rct20_NRE20-35",0.182321556793955,0.182321556793955,0.182321556793955,0.182321556793955,0.182321556793955,0.300104592450338,0.196550603293321,0.196550603293321,-0.272628553829676,TRUE,0.667014439551004,1.00125802776501,-0.272923919773745,FALSE,0.40665036578561,1.00098976381706,-0.149327494095233,TRUE,0.657256490433428,1.00118729554071,-0.328279032735635,FALSE,0.584249070792054,1.00098848185881
987,"rand=1-2_rate=2_ROB=LH_Bias=Rct20_NRE20-35","1-2",2,"LH","Rct20_NRE20-35",0.182321556793955,0.182321556793955,0.182321556793955,0.182321556793955,0.182321556793955,0.300104592450338,0.212385159366894,0.212385159366894,-0.24420969141409,TRUE,0.642014203017698,1.00144909857128,-0.307106241755859,FALSE,0.423751748273276,1.00101179167753,-0.161740076716612,TRUE,0.626930536150179,1.00099329051865,-0.359404172849322,FALSE,0.617968282608574,1.00098601426129
988,"rand=1-2_rate=2_ROB=LH_Bias=Rct20_NRE20-35","1-2",2,"LH","Rct20_NRE20-35",0.182321556793955,0.182321556793955,0.182321556793955,0.182321556793955,0.182321556793955,0.300104592450338,0.206616741447482,0.206616741447482,-0.265868996831708,TRUE,0.609957112271151,1.00099492891071,-0.206203876653584,FALSE,0.337656656230846,1.00098602103488,0.0528171925381328,TRUE,0.798184641440796,1.0009937248937,-0.284421088854656,FALSE,0.352428619309552,1.00099691494056
989,"rand=1-2_rate=2_ROB=LH_Bias=Rct20_NRE20-35","1-2",2,"LH","Rct20_NRE20-35",0.182321556793955,0.182321556793955,0.182321556793955,0.182321556793955,0.182321556793955,0.300104592450338,0.204597549692107,0.204597549692107,-0.0992386599197386,TRUE,0.570894419489911,1.00098743461092,-0.167373011997068,TRUE,0.37660564922927,1.00102474409832,-0.0752119914184184,TRUE,0.764089885679657,1.0010627960415,-0.20059719897037,TRUE,0.483330506281918,1.00102682333314
990,"rand=1-2_rate=2_ROB=LH_Bias=Rct20_NRE20-35","1-2",2,"LH","Rct20_NRE20-35",0.182321556793955,0.182321556793955,0.182321556793955,0.182321556793955,0.182321556793955,0.300104592450338,0.20505220387766,0.20505220387766,-0.323157827866604,FALSE,0.647661616316293,1.0014851056152,-0.338899907968196,FALSE,0.402308570672395,1.00098601415377,-0.358319576508352,FALSE,0.739969848655677,1.00100739437322,-0.33144840603407,FALSE,0.559174687502776,1.00107370189352
991,"rand=1-2_rate=2_ROB=LH_Bias=Rct20_NRE20-35","1-2",2,"LH","Rct20_NRE20-35",0.182321556793955,0.182321556793955,0.182321556793955,0.182321556793955,0.182321556793955,0.300104592450338,0.213903388807316,0.213903388807316,-0.330338364293674,FALSE,0.629965574967919,1.00110253066902,-0.270939109385963,FALSE,0.366667754174276,1.00101349039564,-0.377599684457364,FALSE,0.724797825059627,1.00102742792775,-0.236639611285931,FALSE,0.487245388158514,1.00098734171356
992,"rand=1-2_rate=2_ROB=LH_Bias=Rct20_NRE20-35","1-2",2,"LH","Rct20_NRE20-35",0.182321556793955,0.182321556793955,0.182321556793955,0.182321556793955,0.182321556793955,0.300104592450338,0.203243993047541,0.203243993047541,-0.113299911503269,TRUE,0.58863646544066,1.0010072764302,-0.174041665205732,TRUE,0.399946180713464,1.00105040908602,-0.0784373331248926,TRUE,0.658950010521542,1.0010373238867,-0.210507536871081,TRUE,0.561188948314837,1.00099491985876
993,"rand=1-2_rate=2_ROB=LH_Bias=Rct20_NRE20-35","1-2",2,"LH","Rct20_NRE20-35",0.182321556793955,0.182321556793955,0.182321556793955,0.182321556793955,0.182321556793955,0.300104592450338,0.220869692493158,0.220869692493158,-0.216542258149218,TRUE,0.595699179542742,1.00098608612918,-0.391698107005328,FALSE,0.45050653282434,1.00100609013844,-0.326139138529775,TRUE,0.84953854130898,1.0012762756844,-0.41398129931231,FALSE,0.614922284010135,1.00100560189197
994,"rand=1-2_rate=2_ROB=LH_Bias=Rct20_NRE20-35","1-2",2,"LH","Rct20_NRE20-35",0.182321556793955,0.182321556793955,0.182321556793955,0.182321556793955,0.182321556793955,0.300104592450338,0.215819007100751,0.215819007100751,-0.0282987320905908,TRUE,0.505621210187262,1.00100196525533,-0.0727438222524419,TRUE,0.315470165509862,1.00098633615607,-0.139709652231216,TRUE,0.852161389246382,1.00119558950656,-0.0527380536851745,TRUE,0.361870163975134,1.00098666824787
995,"rand=1-2_rate=2_ROB=LH_Bias=Rct20_NRE20-35","1-2",2,"LH","Rct20_NRE20-35",0.182321556793955,0.182321556793955,0.182321556793955,0.182321556793955,0.182321556793955,0.300104592450338,0.21925526479376,0.21925526479376,-0.0847495931557805,TRUE,0.543844798116862,1.00123923564876,-0.126170362698402,TRUE,0.332841644194812,1.0009864084369,0.024564387155997,TRUE,0.554155665853284,1.00226372364193,-0.176710923190486,TRUE,0.453235102888469,1.0009977259128
996,"rand=1-2_rate=2_ROB=LH_Bias=Rct20_NRE20-35","1-2",2,"LH","Rct20_NRE20-35",0.182321556793955,0.182321556793955,0.182321556793955,0.182321556793955,0.182321556793955,0.300104592450338,0.210216239678791,0.210216239678791,-0.0647862420305376,TRUE,0.530415759774684,1.00099645436105,-0.184326266077949,TRUE,0.40261007457639,1.00099110549409,-0.181073825068201,TRUE,0.818031974006983,1.00098602903812,-0.187480380133362,TRUE,0.525927323102305,1.00098728146862
997,"rand=1-2_rate=2_ROB=LH_Bias=Rct20_NRE20-35","1-2",2,"LH","Rct20_NRE20-35",0.182321556793955,0.182321556793955,0.182321556793955,0.182321556793955,0.182321556793955,0.300104592450338,0.209190002378817,0.209190002378817,-0.216287226177719,TRUE,0.532160641934393,1.00123290159813,-0.324584691980577,FALSE,0.352929781558292,1.00100677481009,-0.11192406385477,TRUE,0.601879852210366,1.00103537015091,-0.393195069477633,FALSE,0.473813350588603,1.00100305077371
998,"rand=1-2_rate=2_ROB=LH_Bias=Rct20_NRE20-35","1-2",2,"LH","Rct20_NRE20-35",0.182321556793955,0.182321556793955,0.182321556793955,0.182321556793955,0.182321556793955,0.300104592450338,0.215988459820001,0.215988459820001,-0.25317346179282,TRUE,0.6859520782087,1.00111145991083,-0.292622059440425,FALSE,0.454077690108571,1.00098614688991,-0.0983903557970556,TRUE,0.61186180798376,1.00103623161483,-0.388988850329378,FALSE,0.688213057217667,1.00100093918374
999,"rand=1-2_rate=2_ROB=LH_Bias=Rct20_NRE20-35","1-2",2,"LH","Rct20_NRE20-35",0.182321556793955,0.182321556793955,0.182321556793955,0.182321556793955,0.182321556793955,0.300104592450338,0.212755890115574,0.212755890115574,-0.122566102104462,TRUE,0.654507351663926,1.00108195201052,-0.0746454058389023,TRUE,0.37031720730363,1.001147137288,-0.231773596334971,TRUE,0.910296821170608,1.00100819379924,-0.0205563789761056,TRUE,0.42051065877455,1.00098600387321
1000,"rand=1-2_rate=2_ROB=LH_Bias=Rct20_NRE20-35","1-2",2,"LH","Rct20_NRE20-35",0.182321556793955,0.182321556793955,0.182321556793955,0.182321556793955,0.182321556793955,0.300104592450338,0.219466257824857,0.219466257824857,-0.638164728671783,FALSE,0.81077944580943,1.00141104960662,-0.524415331612768,FALSE,0.463422085358664,1.00101867712939,-0.525115020472864,FALSE,1.15683415084899,1.00102281778354,-0.525149810767702,FALSE,0.545612882761978,1.00098657648613
