"sim","scenario","Rand","Nrct_rate","ROB_srt","bias_pattern","low_rct","unclear_rct","high_rct","low_obs","unclear_obs","high_obs","mean_true_bias","mean_abs_true_bias","bias","coverage","CIw","Rhat","bias_naive","coverage_naive","CIw_naive","R_naive","bias_rct_est","coverage_rct","CIw_rct","R_rct","bias_obs_est","coverage_obs","CIw_obs","R_rct.1"
1,"rand=1-2_rate=1.5_ROB=LH_Bias=Rct20_NRE20-35","1-2",1.5,"LH","Rct20_NRE20-35",0.182321556793955,0.182321556793955,0.182321556793955,0.182321556793955,0.182321556793955,0.300104592450338,0.200163101783536,0.200163101783536,-0.162006464553074,TRUE,0.619346594802073,1.00108756850907,-0.118086532259021,TRUE,0.368620288297537,1.00098605492765,-0.192158521223825,TRUE,0.616784429205296,1.0009895316075,-0.0797425201486921,TRUE,0.574108852343246,1.00098745992826
2,"rand=1-2_rate=1.5_ROB=LH_Bias=Rct20_NRE20-35","1-2",1.5,"LH","Rct20_NRE20-35",0.182321556793955,0.182321556793955,0.182321556793955,0.182321556793955,0.182321556793955,0.300104592450338,0.190344383258698,0.190344383258698,-0.409425675345406,FALSE,0.813498889255489,1.00101697850444,-0.299828856046169,FALSE,0.478610015714772,1.00098704629693,-0.476037140919833,FALSE,0.804376675804148,1.00102069706092,-0.19202381527254,TRUE,0.699346449982409,1.00098675448311
3,"rand=1-2_rate=1.5_ROB=LH_Bias=Rct20_NRE20-35","1-2",1.5,"LH","Rct20_NRE20-35",0.182321556793955,0.182321556793955,0.182321556793955,0.182321556793955,0.182321556793955,0.300104592450338,0.198279892580369,0.198279892580369,-0.204562401848995,TRUE,0.509333724257581,1.00112039598331,-0.182656561705471,FALSE,0.265297985970985,1.0010580033593,-0.196997629375996,TRUE,0.75696888672787,1.00104332224426,-0.179624210260277,FALSE,0.294617540082144,1.00134553651468
4,"rand=1-2_rate=1.5_ROB=LH_Bias=Rct20_NRE20-35","1-2",1.5,"LH","Rct20_NRE20-35",0.182321556793955,0.182321556793955,0.182321556793955,0.182321556793955,0.182321556793955,0.300104592450338,0.200506324005267,0.200506324005267,-0.346931550484078,TRUE,0.835714529505759,1.00099177048253,-0.232443797833987,FALSE,0.511735109423499,1.00098971896241,-0.220382489261563,TRUE,0.781476825731331,1.00098710946781,-0.243445069185094,TRUE,0.895477660329417,1.00102169763443
5,"rand=1-2_rate=1.5_ROB=LH_Bias=Rct20_NRE20-35","1-2",1.5,"LH","Rct20_NRE20-35",0.182321556793955,0.182321556793955,0.182321556793955,0.182321556793955,0.182321556793955,0.300104592450338,0.190642399800927,0.190642399800927,-0.195449484465137,TRUE,0.619268007298493,1.00103419897414,-0.192175950287117,FALSE,0.387721038399556,1.00098610584588,-0.137703788959817,TRUE,0.612832167233293,1.00099064458047,-0.226053105776861,TRUE,0.614376202621345,1.00100106459224
6,"rand=1-2_rate=1.5_ROB=LH_Bias=Rct20_NRE20-35","1-2",1.5,"LH","Rct20_NRE20-35",0.182321556793955,0.182321556793955,0.182321556793955,0.182321556793955,0.182321556793955,0.300104592450338,0.205560186781854,0.205560186781854,-0.176381705363244,TRUE,0.583606194126613,1.00106583270922,-0.219542571094137,FALSE,0.383364338908636,1.00099591259466,-0.137003063569304,TRUE,0.542731624523366,1.00123875132364,-0.267944209670986,TRUE,0.669782975793504,1.00098819977231
7,"rand=1-2_rate=1.5_ROB=LH_Bias=Rct20_NRE20-35","1-2",1.5,"LH","Rct20_NRE20-35",0.182321556793955,0.182321556793955,0.182321556793955,0.182321556793955,0.182321556793955,0.300104592450338,0.191848953807045,0.191848953807045,-0.338223096812205,FALSE,0.738045744389807,1.00137281203266,-0.303576969077183,FALSE,0.437489691188152,1.00101740404061,-0.246586123513229,TRUE,0.640573763608014,1.0012055254983,-0.342583687477748,FALSE,0.767209668740873,1.00098602877081
8,"rand=1-2_rate=1.5_ROB=LH_Bias=Rct20_NRE20-35","1-2",1.5,"LH","Rct20_NRE20-35",0.182321556793955,0.182321556793955,0.182321556793955,0.182321556793955,0.182321556793955,0.300104592450338,0.198643130539754,0.198643130539754,-0.32217809855651,FALSE,0.71161626376883,1.0009860998695,-0.305464129479403,FALSE,0.48537118905368,1.00100233641994,-0.340383430667056,FALSE,0.649014079161435,1.00102457274787,-0.276701876586071,TRUE,0.943748214427148,1.00099011284172
9,"rand=1-2_rate=1.5_ROB=LH_Bias=Rct20_NRE20-35","1-2",1.5,"LH","Rct20_NRE20-35",0.182321556793955,0.182321556793955,0.182321556793955,0.182321556793955,0.182321556793955,0.300104592450338,0.210790109358283,0.210790109358283,0.0243002808615564,TRUE,0.482429233500497,1.00111879536849,-0.0096922279418088,TRUE,0.299808003865257,1.00101704364666,-0.163730473396596,TRUE,0.633338320141337,1.00106056658059,0.0505328261751272,TRUE,0.354104348336687,1.00098646702502
10,"rand=1-2_rate=1.5_ROB=LH_Bias=Rct20_NRE20-35","1-2",1.5,"LH","Rct20_NRE20-35",0.182321556793955,0.182321556793955,0.182321556793955,0.182321556793955,0.182321556793955,0.300104592450338,0.193059666878337,0.193059666878337,-0.146559218252165,TRUE,0.735041228929179,1.00098932696086,-0.163035124606242,TRUE,0.554689620865655,1.00100273700438,-0.194913500195075,TRUE,0.65354107657942,1.00098771244899,-0.134986266400769,TRUE,1.21334117302639,1.00103731686404
11,"rand=1-2_rate=1.5_ROB=LH_Bias=Rct20_NRE20-35","1-2",1.5,"LH","Rct20_NRE20-35",0.182321556793955,0.182321556793955,0.182321556793955,0.182321556793955,0.182321556793955,0.300104592450338,0.187908366033966,0.187908366033966,-0.179303540686989,TRUE,0.465735067269776,1.00103855350363,-0.282250541241389,FALSE,0.292822901108078,1.00098614215252,-0.165373804866996,TRUE,0.525102931185923,1.00405046623493,-0.320536409149454,FALSE,0.4528075436129,1.00101709113653
12,"rand=1-2_rate=1.5_ROB=LH_Bias=Rct20_NRE20-35","1-2",1.5,"LH","Rct20_NRE20-35",0.182321556793955,0.182321556793955,0.182321556793955,0.182321556793955,0.182321556793955,0.300104592450338,0.195286157605501,0.195286157605501,-0.180938813248223,TRUE,0.653463041383273,1.00105783221471,-0.310730402160163,FALSE,0.439957332362291,1.00098653603539,-0.227843554633483,TRUE,0.587536811420811,1.00205407082446,-0.36101164625865,FALSE,0.837189741322711,1.00098948332626
13,"rand=1-2_rate=1.5_ROB=LH_Bias=Rct20_NRE20-35","1-2",1.5,"LH","Rct20_NRE20-35",0.182321556793955,0.182321556793955,0.182321556793955,0.182321556793955,0.182321556793955,0.300104592450338,0.192222694995206,0.192222694995206,0.0497862366397275,TRUE,0.516794078335461,1.0010491325289,-0.0989142771447198,TRUE,0.467089958807739,1.00106685020266,0.0528569885081203,TRUE,0.470660402091992,1.00100065902676,-0.260695095385012,TRUE,1.10625285182742,1.00098607134139
14,"rand=1-2_rate=1.5_ROB=LH_Bias=Rct20_NRE20-35","1-2",1.5,"LH","Rct20_NRE20-35",0.182321556793955,0.182321556793955,0.182321556793955,0.182321556793955,0.182321556793955,0.300104592450338,0.178421677677599,0.178421677677599,-0.267213937356736,TRUE,0.718114118832367,1.00106051421165,-0.224270033076829,FALSE,0.440918992461814,1.00100158448107,-0.07100569901229,TRUE,0.572309552319275,1.00101581743269,-0.351963551975632,FALSE,0.76256038632537,1.00102326769975
15,"rand=1-2_rate=1.5_ROB=LH_Bias=Rct20_NRE20-35","1-2",1.5,"LH","Rct20_NRE20-35",0.182321556793955,0.182321556793955,0.182321556793955,0.182321556793955,0.182321556793955,0.300104592450338,0.216013937508057,0.216013937508057,-0.0744793666291901,TRUE,0.542320856683758,1.00099290390282,-0.154213556370764,TRUE,0.414663727638237,1.00099011421892,-0.0309787705524154,TRUE,0.562376632210206,1.00130581032989,-0.251586345553764,TRUE,0.71575221548764,1.00103742461496
16,"rand=1-2_rate=1.5_ROB=LH_Bias=Rct20_NRE20-35","1-2",1.5,"LH","Rct20_NRE20-35",0.182321556793955,0.182321556793955,0.182321556793955,0.182321556793955,0.182321556793955,0.300104592450338,0.202478328040503,0.202478328040503,-0.487338031632995,FALSE,0.663015705333902,1.0011349334533,-0.295122286858265,FALSE,0.427584247298971,1.0010032282181,-0.179022737338943,TRUE,0.641613823894864,1.00103678301455,-0.37640204295291,FALSE,0.683472589803723,1.00101258480167
17,"rand=1-2_rate=1.5_ROB=LH_Bias=Rct20_NRE20-35","1-2",1.5,"LH","Rct20_NRE20-35",0.182321556793955,0.182321556793955,0.182321556793955,0.182321556793955,0.182321556793955,0.300104592450338,0.196689571587736,0.196689571587736,-0.0392872318190058,TRUE,0.52931563929056,1.00104856406506,-0.167138015741116,TRUE,0.454050602976361,1.000987712636,-0.103407987026851,TRUE,0.60405051283672,1.00107663737197,-0.225909848880199,TRUE,0.886098490123749,1.00098784893677
18,"rand=1-2_rate=1.5_ROB=LH_Bias=Rct20_NRE20-35","1-2",1.5,"LH","Rct20_NRE20-35",0.182321556793955,0.182321556793955,0.182321556793955,0.182321556793955,0.182321556793955,0.300104592450338,0.205366585336491,0.205366585336491,-0.238298300002019,TRUE,0.722235329581093,1.00100975498983,-0.322156628501383,FALSE,0.506234198905549,1.00103350327911,-0.509880301415431,FALSE,0.9722122351181,1.00109379678331,-0.205411863861746,TRUE,0.625261706171491,1.00098751577564
19,"rand=1-2_rate=1.5_ROB=LH_Bias=Rct20_NRE20-35","1-2",1.5,"LH","Rct20_NRE20-35",0.182321556793955,0.182321556793955,0.182321556793955,0.182321556793955,0.182321556793955,0.300104592450338,0.182807571892179,0.182807571892179,-0.35671383726536,FALSE,0.711776258854333,1.00105181294904,-0.435786578855145,FALSE,0.533464104163216,1.00098837941555,-0.450920169120892,FALSE,0.634975421118859,1.00110626507114,-0.420440578240138,TRUE,1.19459475825555,1.00103701681292
20,"rand=1-2_rate=1.5_ROB=LH_Bias=Rct20_NRE20-35","1-2",1.5,"LH","Rct20_NRE20-35",0.182321556793955,0.182321556793955,0.182321556793955,0.182321556793955,0.182321556793955,0.300104592450338,0.205313885428176,0.205313885428176,-0.285142951360771,TRUE,0.688599564560333,1.00144741675779,-0.258378292571336,FALSE,0.44821662939429,1.00104193115633,-0.271815980019663,FALSE,0.599572105993623,1.00123442994026,-0.252368284078641,TRUE,0.881654838597448,1.00099660054979
21,"rand=1-2_rate=1.5_ROB=LH_Bias=Rct20_NRE20-35","1-2",1.5,"LH","Rct20_NRE20-35",0.182321556793955,0.182321556793955,0.182321556793955,0.182321556793955,0.182321556793955,0.300104592450338,0.190526788821931,0.190526788821931,-0.368081533382389,FALSE,0.630916167279696,1.00110908515366,-0.301619066217155,FALSE,0.440842892556505,1.00099442002956,-0.330770766155208,TRUE,1.03279577452175,1.00098855139029,-0.286748509624659,FALSE,0.435319198801184,1.00101458596317
22,"rand=1-2_rate=1.5_ROB=LH_Bias=Rct20_NRE20-35","1-2",1.5,"LH","Rct20_NRE20-35",0.182321556793955,0.182321556793955,0.182321556793955,0.182321556793955,0.182321556793955,0.300104592450338,0.216074660466453,0.216074660466453,-0.278192206236603,TRUE,0.709185950013496,1.00105764772364,-0.339842701430191,FALSE,0.510325748816101,1.00099179640135,-0.261860322030713,TRUE,0.666728041387438,1.00122166732418,-0.408017796301057,TRUE,1.01292180908106,1.00098767936442
23,"rand=1-2_rate=1.5_ROB=LH_Bias=Rct20_NRE20-35","1-2",1.5,"LH","Rct20_NRE20-35",0.182321556793955,0.182321556793955,0.182321556793955,0.182321556793955,0.182321556793955,0.300104592450338,0.214948953199126,0.214948953199126,-0.255424242896997,TRUE,0.645863830482372,1.00098684541213,-0.277284693079306,FALSE,0.447416080745032,1.00099551896629,-0.45870284504892,FALSE,1.00266655094726,1.00098758493671,-0.18248394292946,TRUE,0.42009469229624,1.00099371616677
24,"rand=1-2_rate=1.5_ROB=LH_Bias=Rct20_NRE20-35","1-2",1.5,"LH","Rct20_NRE20-35",0.182321556793955,0.182321556793955,0.182321556793955,0.182321556793955,0.182321556793955,0.300104592450338,0.18831413724028,0.18831413724028,-0.290992101670359,TRUE,0.681699329068918,1.00099832584069,-0.22156202833764,FALSE,0.432024183622003,1.00098729153721,-0.272512130919264,TRUE,0.677534311592037,1.00098731855398,-0.189341353407805,TRUE,0.714869443308493,1.00099951037674
25,"rand=1-2_rate=1.5_ROB=LH_Bias=Rct20_NRE20-35","1-2",1.5,"LH","Rct20_NRE20-35",0.182321556793955,0.182321556793955,0.182321556793955,0.182321556793955,0.182321556793955,0.300104592450338,0.190030368443714,0.190030368443714,-0.00343985525102575,TRUE,0.418314108997549,1.00110627299905,-0.0171657060114168,TRUE,0.216909598703588,1.00101200089329,-0.0811309366610586,TRUE,0.490665072448986,1.00098684821391,-0.00048505275050581,TRUE,0.299157473419634,1.00098601755155
26,"rand=1-2_rate=1.5_ROB=LH_Bias=Rct20_NRE20-35","1-2",1.5,"LH","Rct20_NRE20-35",0.182321556793955,0.182321556793955,0.182321556793955,0.182321556793955,0.182321556793955,0.300104592450338,0.186343901695001,0.186343901695001,-0.118448762452263,TRUE,0.592035394701566,1.00102053311267,-0.167793471530289,TRUE,0.408770144354453,1.00098802612117,-0.0638767861738125,TRUE,0.512182216631156,1.00108032084044,-0.249460201890608,TRUE,0.781437401440211,1.00099110687866
27,"rand=1-2_rate=1.5_ROB=LH_Bias=Rct20_NRE20-35","1-2",1.5,"LH","Rct20_NRE20-35",0.182321556793955,0.182321556793955,0.182321556793955,0.182321556793955,0.182321556793955,0.300104592450338,0.196101854199361,0.196101854199361,-0.336587686764334,FALSE,0.637073329728373,1.00099591029001,-0.286392393751558,FALSE,0.38214753961936,1.00099383544087,-0.397808607754894,FALSE,0.64582813660337,1.00188780447653,-0.231706470301573,TRUE,0.590598038923878,1.00103675861529
28,"rand=1-2_rate=1.5_ROB=LH_Bias=Rct20_NRE20-35","1-2",1.5,"LH","Rct20_NRE20-35",0.182321556793955,0.182321556793955,0.182321556793955,0.182321556793955,0.182321556793955,0.300104592450338,0.176989737568834,0.176989737568834,0.122468781992747,TRUE,0.580452709803213,1.00103205884183,-0.0800264667918493,TRUE,0.495927367836271,1.00099055247199,-0.00739638464979642,TRUE,0.80491437001203,1.00098794050504,-0.166448966481474,TRUE,0.77562247116675,1.00105761404169
29,"rand=1-2_rate=1.5_ROB=LH_Bias=Rct20_NRE20-35","1-2",1.5,"LH","Rct20_NRE20-35",0.182321556793955,0.182321556793955,0.182321556793955,0.182321556793955,0.182321556793955,0.300104592450338,0.192827365359111,0.192827365359111,-0.304213771617085,FALSE,0.753669916572165,1.00103302623212,-0.304430421225032,FALSE,0.452324494817732,1.00098670951503,-0.361005761296732,TRUE,0.794975800899535,1.00103659149897,-0.26968657054312,TRUE,0.668776414185255,1.0009919647844
30,"rand=1-2_rate=1.5_ROB=LH_Bias=Rct20_NRE20-35","1-2",1.5,"LH","Rct20_NRE20-35",0.182321556793955,0.182321556793955,0.182321556793955,0.182321556793955,0.182321556793955,0.300104592450338,0.187651387863962,0.187651387863962,-0.18120574693819,TRUE,0.703253383440555,1.00105963802479,-0.369530047013857,FALSE,0.543340850172105,1.00099597151731,-0.360759932945547,FALSE,0.702811017288546,1.00130879573399,-0.374741465777548,TRUE,1.07799768266272,1.00101572599182
31,"rand=1-2_rate=1.5_ROB=LH_Bias=Rct20_NRE20-35","1-2",1.5,"LH","Rct20_NRE20-35",0.182321556793955,0.182321556793955,0.182321556793955,0.182321556793955,0.182321556793955,0.300104592450338,0.195966450698488,0.195966450698488,-0.272077563386051,TRUE,0.658549583075065,1.00122504586006,-0.254997303794255,FALSE,0.413833896702638,1.0010284942456,-0.293387801147475,TRUE,0.706869837664312,1.00098765945398,-0.228417094731879,TRUE,0.621539469704385,1.00105096972013
32,"rand=1-2_rate=1.5_ROB=LH_Bias=Rct20_NRE20-35","1-2",1.5,"LH","Rct20_NRE20-35",0.182321556793955,0.182321556793955,0.182321556793955,0.182321556793955,0.182321556793955,0.300104592450338,0.21081096423095,0.21081096423095,-0.30695255927072,TRUE,0.694689410751046,1.00098783264841,-0.25525401904716,FALSE,0.449835954890301,1.0009977229981,-0.238977337568733,TRUE,0.64080391295746,1.0009894236828,-0.262226800111464,TRUE,0.820734264562699,1.00101087628286
33,"rand=1-2_rate=1.5_ROB=LH_Bias=Rct20_NRE20-35","1-2",1.5,"LH","Rct20_NRE20-35",0.182321556793955,0.182321556793955,0.182321556793955,0.182321556793955,0.182321556793955,0.300104592450338,0.203337799892619,0.203337799892619,-0.223143307808434,TRUE,0.722719839059896,1.00098845280495,-0.145898378666354,TRUE,0.443871208663285,1.00104440790146,-0.428106992948297,FALSE,0.66049117947679,1.00137819418448,0.034134878968727,TRUE,0.626887061717679,1.00098765824261
34,"rand=1-2_rate=1.5_ROB=LH_Bias=Rct20_NRE20-35","1-2",1.5,"LH","Rct20_NRE20-35",0.182321556793955,0.182321556793955,0.182321556793955,0.182321556793955,0.182321556793955,0.300104592450338,0.198784664336623,0.198784664336623,-0.107703045211231,TRUE,0.557330085530751,1.00099419016501,-0.273496918532502,FALSE,0.430231085686784,1.00098736999622,-0.233518050448411,TRUE,0.642776916226296,1.00137101352551,-0.295721425315974,TRUE,0.739257052890998,1.000987880966
35,"rand=1-2_rate=1.5_ROB=LH_Bias=Rct20_NRE20-35","1-2",1.5,"LH","Rct20_NRE20-35",0.182321556793955,0.182321556793955,0.182321556793955,0.182321556793955,0.182321556793955,0.300104592450338,0.205629662050161,0.205629662050161,-0.221710440634015,TRUE,0.743155027676567,1.00099490704128,-0.240711515441981,FALSE,0.498108716068829,1.00118322450316,-0.222558131356426,TRUE,0.929827173603476,1.00106992423782,-0.25237789234006,TRUE,0.686928520294601,1.00100836134742
36,"rand=1-2_rate=1.5_ROB=LH_Bias=Rct20_NRE20-35","1-2",1.5,"LH","Rct20_NRE20-35",0.182321556793955,0.182321556793955,0.182321556793955,0.182321556793955,0.182321556793955,0.300104592450338,0.205511767560303,0.205511767560303,-0.239031861363979,TRUE,0.600889140845662,1.00112012560685,-0.21399779580161,FALSE,0.342321167539681,1.00117008282661,-0.131527405251542,TRUE,0.540560179317343,1.00109150437471,-0.257201058414008,FALSE,0.555774694926044,1.00099915632726
37,"rand=1-2_rate=1.5_ROB=LH_Bias=Rct20_NRE20-35","1-2",1.5,"LH","Rct20_NRE20-35",0.182321556793955,0.182321556793955,0.182321556793955,0.182321556793955,0.182321556793955,0.300104592450338,0.196573674284269,0.196573674284269,-0.283269723913116,TRUE,0.822827323383106,1.00100419000765,-0.389192751858192,FALSE,0.63155502833486,1.00103658164059,-0.39789428502634,FALSE,0.905980850257002,1.00116374193898,-0.370951793733601,TRUE,1.19941176532528,1.00099111576328
38,"rand=1-2_rate=1.5_ROB=LH_Bias=Rct20_NRE20-35","1-2",1.5,"LH","Rct20_NRE20-35",0.182321556793955,0.182321556793955,0.182321556793955,0.182321556793955,0.182321556793955,0.300104592450338,0.200957746752315,0.200957746752315,-0.237917020993285,TRUE,0.839831629920362,1.00122605157024,-0.281592216514965,FALSE,0.536788232250183,1.00100260190569,-0.603086657106327,FALSE,0.82526614788822,1.00101304319179,-0.049215523292669,TRUE,0.646354976237369,1.00098600602025
39,"rand=1-2_rate=1.5_ROB=LH_Bias=Rct20_NRE20-35","1-2",1.5,"LH","Rct20_NRE20-35",0.182321556793955,0.182321556793955,0.182321556793955,0.182321556793955,0.182321556793955,0.300104592450338,0.222912405475879,0.222912405475879,-0.223376715800213,TRUE,0.659073000464411,1.0009882131339,-0.329804960852792,FALSE,0.555801391247078,1.00098885292493,-0.194530606676736,TRUE,0.557478351870448,1.0030080810526,-0.473815181339489,TRUE,1.32945973341457,1.00100615401462
40,"rand=1-2_rate=1.5_ROB=LH_Bias=Rct20_NRE20-35","1-2",1.5,"LH","Rct20_NRE20-35",0.182321556793955,0.182321556793955,0.182321556793955,0.182321556793955,0.182321556793955,0.300104592450338,0.198988658638363,0.198988658638363,-0.187413012059932,TRUE,0.649855118628138,1.00125504592859,-0.38810677109711,FALSE,0.509703446709378,1.00108812915797,-0.746659711749108,FALSE,0.862943957846211,1.00104312077135,-0.201484511769798,TRUE,0.608684660095348,1.00098815768559
41,"rand=1-2_rate=1.5_ROB=LH_Bias=Rct20_NRE20-35","1-2",1.5,"LH","Rct20_NRE20-35",0.182321556793955,0.182321556793955,0.182321556793955,0.182321556793955,0.182321556793955,0.300104592450338,0.199548398861327,0.199548398861327,-0.30194331504209,TRUE,0.849792269582795,1.00098865629809,-0.226925901898203,TRUE,0.537586106823272,1.00101397553526,-0.350144050011909,TRUE,0.800259721911131,1.00130431778765,-0.154011348910101,TRUE,0.924877104166298,1.0009862054908
42,"rand=1-2_rate=1.5_ROB=LH_Bias=Rct20_NRE20-35","1-2",1.5,"LH","Rct20_NRE20-35",0.182321556793955,0.182321556793955,0.182321556793955,0.182321556793955,0.182321556793955,0.300104592450338,0.208409366157676,0.208409366157676,-0.270451577283191,TRUE,0.627671843498016,1.00099318350236,-0.311579651350591,FALSE,0.397646995605319,1.00099084449802,-0.147944935950679,TRUE,0.501939512150999,1.00298099553297,-0.42051073065572,FALSE,0.726334462431333,1.00101330264713
43,"rand=1-2_rate=1.5_ROB=LH_Bias=Rct20_NRE20-35","1-2",1.5,"LH","Rct20_NRE20-35",0.182321556793955,0.182321556793955,0.182321556793955,0.182321556793955,0.182321556793955,0.300104592450338,0.204463442948992,0.204463442948992,-0.309592781502,FALSE,0.656475839214906,1.00098617398208,-0.361697854079594,FALSE,0.423591624393313,1.00102757006591,-0.28735674320629,TRUE,0.662948612336013,1.00110208554362,-0.400278640770545,FALSE,0.66938896373907,1.00098806316194
44,"rand=1-2_rate=1.5_ROB=LH_Bias=Rct20_NRE20-35","1-2",1.5,"LH","Rct20_NRE20-35",0.182321556793955,0.182321556793955,0.182321556793955,0.182321556793955,0.182321556793955,0.300104592450338,0.203018719823633,0.203018719823633,0.00643451172160259,TRUE,0.419173803389056,1.00101709116217,-0.0769347490038637,TRUE,0.299239488698848,1.00098642897095,-0.0592481519493699,TRUE,0.525600706935373,1.00109184190216,-0.0856008476962182,TRUE,0.462358900401086,1.00101494864677
45,"rand=1-2_rate=1.5_ROB=LH_Bias=Rct20_NRE20-35","1-2",1.5,"LH","Rct20_NRE20-35",0.182321556793955,0.182321556793955,0.182321556793955,0.182321556793955,0.182321556793955,0.300104592450338,0.209874390847595,0.209874390847595,-0.00779380887964543,TRUE,0.594527700725444,1.00098632375406,-0.0238904127566413,TRUE,0.433424852885574,1.00098701298016,0.0681119711809899,TRUE,0.471071038032667,1.00102086752977,-0.131669566700261,TRUE,0.993042449276577,1.00098601788971
46,"rand=1-2_rate=1.5_ROB=LH_Bias=Rct20_NRE20-35","1-2",1.5,"LH","Rct20_NRE20-35",0.182321556793955,0.182321556793955,0.182321556793955,0.182321556793955,0.182321556793955,0.300104592450338,0.197994367254903,0.197994367254903,-0.245684095418911,TRUE,0.805621674137389,1.00101388181392,-0.314679241835109,FALSE,0.619760263759278,1.0010337942898,-0.143930673834409,TRUE,0.600376367542246,1.00103770173143,-0.51960978103459,TRUE,1.54768635044347,1.00098606169986
47,"rand=1-2_rate=1.5_ROB=LH_Bias=Rct20_NRE20-35","1-2",1.5,"LH","Rct20_NRE20-35",0.182321556793955,0.182321556793955,0.182321556793955,0.182321556793955,0.182321556793955,0.300104592450338,0.197229494025437,0.197229494025437,-0.121588727053109,TRUE,0.662058074194553,1.0009894499477,-0.200198085411973,TRUE,0.494558846062582,1.00098610564284,-0.042565798138178,TRUE,0.54013524360842,1.00117259022236,-0.349136325240665,TRUE,1.07490222798719,1.00098649235572
48,"rand=1-2_rate=1.5_ROB=LH_Bias=Rct20_NRE20-35","1-2",1.5,"LH","Rct20_NRE20-35",0.182321556793955,0.182321556793955,0.182321556793955,0.182321556793955,0.182321556793955,0.300104592450338,0.212503328054915,0.212503328054915,-0.370027729389536,FALSE,0.856804216035703,1.0010954792283,-0.483478714375948,FALSE,0.658797208149653,1.00098704875779,-0.470846555854234,FALSE,0.8823104236002,1.00101571719927,-0.491638361587407,TRUE,1.30060791372094,1.00100302250826
49,"rand=1-2_rate=1.5_ROB=LH_Bias=Rct20_NRE20-35","1-2",1.5,"LH","Rct20_NRE20-35",0.182321556793955,0.182321556793955,0.182321556793955,0.182321556793955,0.182321556793955,0.300104592450338,0.211334401973328,0.211334401973328,-0.235291700979584,TRUE,0.675664041324744,1.00101810294133,-0.173068104270162,TRUE,0.430121593743146,1.00103737500003,-0.263045288323014,FALSE,0.567679153500205,1.00099424153581,-0.101926067578114,TRUE,0.897958540798383,1.00099388150467
50,"rand=1-2_rate=1.5_ROB=LH_Bias=Rct20_NRE20-35","1-2",1.5,"LH","Rct20_NRE20-35",0.182321556793955,0.182321556793955,0.182321556793955,0.182321556793955,0.182321556793955,0.300104592450338,0.192477339250257,0.192477339250257,-0.259441092375961,TRUE,0.692735062738333,1.00102697424246,-0.267919782650099,FALSE,0.460544158868103,1.00098672369696,-0.195083912361172,TRUE,0.623529446787983,1.00098680359676,-0.333504692672545,TRUE,0.863503004330231,1.00100713160386
51,"rand=1-2_rate=1.5_ROB=LH_Bias=Rct20_NRE20-35","1-2",1.5,"LH","Rct20_NRE20-35",0.182321556793955,0.182321556793955,0.182321556793955,0.182321556793955,0.182321556793955,0.300104592450338,0.19126021992905,0.19126021992905,-0.148883582754902,TRUE,0.570921268536706,1.00101819067263,-0.170141343403411,FALSE,0.352661917912743,1.0009901359115,-0.144700890339833,TRUE,0.535109815028692,1.00098686697039,-0.181246491962767,TRUE,0.632190793970533,1.00100916095177
52,"rand=1-2_rate=1.5_ROB=LH_Bias=Rct20_NRE20-35","1-2",1.5,"LH","Rct20_NRE20-35",0.182321556793955,0.182321556793955,0.182321556793955,0.182321556793955,0.182321556793955,0.300104592450338,0.197248672655567,0.197248672655567,-0.216134914369908,FALSE,0.455249818284892,1.00101224881772,-0.38578820356412,FALSE,0.449148078533343,1.00100111338478,-0.274674329771676,TRUE,0.626900512355868,1.00099149848722,-0.464591551324486,FALSE,0.76794432976717,1.00108888011827
53,"rand=1-2_rate=1.5_ROB=LH_Bias=Rct20_NRE20-35","1-2",1.5,"LH","Rct20_NRE20-35",0.182321556793955,0.182321556793955,0.182321556793955,0.182321556793955,0.182321556793955,0.300104592450338,0.194011062639465,0.194011062639465,-0.0976104510260338,TRUE,0.44267700238554,1.00101573364988,-0.228960297829309,FALSE,0.350338002038091,1.00101846493348,-0.0905758292899708,TRUE,0.604283651917133,1.00099040981435,-0.300454800227007,FALSE,0.465284259383382,1.00103713071853
54,"rand=1-2_rate=1.5_ROB=LH_Bias=Rct20_NRE20-35","1-2",1.5,"LH","Rct20_NRE20-35",0.182321556793955,0.182321556793955,0.182321556793955,0.182321556793955,0.182321556793955,0.300104592450338,0.193250066267083,0.193250066267083,0.00726811805373051,TRUE,0.512039205167978,1.0009861069963,-0.0999279809313096,TRUE,0.358523630122541,1.00101343743101,0.0212372716744783,TRUE,0.487472562824797,1.00110063156278,-0.17907806181989,TRUE,0.657471101811721,1.00098776230616
55,"rand=1-2_rate=1.5_ROB=LH_Bias=Rct20_NRE20-35","1-2",1.5,"LH","Rct20_NRE20-35",0.182321556793955,0.182321556793955,0.182321556793955,0.182321556793955,0.182321556793955,0.300104592450338,0.211024390673776,0.211024390673776,-0.294153854965862,FALSE,0.582194419215783,1.00116129955702,-0.278305086490762,FALSE,0.327051493074583,1.00114976609447,-0.270001628431482,FALSE,0.61201470142072,1.00115371644492,-0.280618967822207,FALSE,0.478776323412825,1.00099200573498
56,"rand=1-2_rate=1.5_ROB=LH_Bias=Rct20_NRE20-35","1-2",1.5,"LH","Rct20_NRE20-35",0.182321556793955,0.182321556793955,0.182321556793955,0.182321556793955,0.182321556793955,0.300104592450338,0.19078072077988,0.19078072077988,-0.200624471258571,TRUE,0.61795404428937,1.00151234843938,-0.232326951714459,FALSE,0.399074061510136,1.00100204409247,-0.0956449430971689,TRUE,0.539805041074093,1.00102823832216,-0.329922296652305,FALSE,0.684322581813519,1.00101456552223
57,"rand=1-2_rate=1.5_ROB=LH_Bias=Rct20_NRE20-35","1-2",1.5,"LH","Rct20_NRE20-35",0.182321556793955,0.182321556793955,0.182321556793955,0.182321556793955,0.182321556793955,0.300104592450338,0.195856019293251,0.195856019293251,-0.181925402556724,TRUE,0.584333208186742,1.00099321955257,-0.244517409597198,FALSE,0.388518426198478,1.0009900217112,-0.170446775001696,TRUE,0.579931838266132,1.00133686065739,-0.285941714916617,FALSE,0.656962252495282,1.00100477939263
58,"rand=1-2_rate=1.5_ROB=LH_Bias=Rct20_NRE20-35","1-2",1.5,"LH","Rct20_NRE20-35",0.182321556793955,0.182321556793955,0.182321556793955,0.182321556793955,0.182321556793955,0.300104592450338,0.194025117818034,0.194025117818034,-0.215862594107943,TRUE,0.667948852561912,1.00117150872461,-0.244589758434613,FALSE,0.44996922466091,1.00102743630822,-0.308444368337285,FALSE,0.663914895299555,1.00107995495039,-0.203558218111142,TRUE,0.792748232210965,1.00099451125159
59,"rand=1-2_rate=1.5_ROB=LH_Bias=Rct20_NRE20-35","1-2",1.5,"LH","Rct20_NRE20-35",0.182321556793955,0.182321556793955,0.182321556793955,0.182321556793955,0.182321556793955,0.300104592450338,0.205760872530295,0.205760872530295,-0.474712578374644,FALSE,0.610548932420924,1.0009879861977,-0.365968925511724,FALSE,0.396439574066059,1.00109118327952,-0.429734790150491,FALSE,0.795943851984119,1.00137998847484,-0.338603480710229,FALSE,0.551380150693998,1.00099137367536
60,"rand=1-2_rate=1.5_ROB=LH_Bias=Rct20_NRE20-35","1-2",1.5,"LH","Rct20_NRE20-35",0.182321556793955,0.182321556793955,0.182321556793955,0.182321556793955,0.182321556793955,0.300104592450338,0.204638476902302,0.204638476902302,-0.261721741482171,TRUE,0.641230303614839,1.00134579202012,-0.314215092919073,FALSE,0.424417773260573,1.00100126540366,-0.197968464936989,TRUE,0.580993039877006,1.0010827458207,-0.398540295778474,FALSE,0.753753275492749,1.00105677986112
61,"rand=1-2_rate=1.5_ROB=LH_Bias=Rct20_NRE20-35","1-2",1.5,"LH","Rct20_NRE20-35",0.182321556793955,0.182321556793955,0.182321556793955,0.182321556793955,0.182321556793955,0.300104592450338,0.192905652370479,0.192905652370479,-0.22941560872103,TRUE,0.689724453339752,1.00098920343022,-0.253106022270568,FALSE,0.467605298597823,1.00098822101031,-0.260724056233929,TRUE,0.658422850708425,1.00099629671854,-0.246306594084236,TRUE,0.880251970184664,1.00099704208338
62,"rand=1-2_rate=1.5_ROB=LH_Bias=Rct20_NRE20-35","1-2",1.5,"LH","Rct20_NRE20-35",0.182321556793955,0.182321556793955,0.182321556793955,0.182321556793955,0.182321556793955,0.300104592450338,0.19641763605553,0.19641763605553,-0.166642912281451,TRUE,0.625859691126563,1.00104891350056,-0.18061193543801,TRUE,0.424847464466733,1.00104036413056,-0.114668825706179,TRUE,0.518466146903933,1.00193397362067,-0.237775296295827,TRUE,0.882506024367948,1.00103530775603
63,"rand=1-2_rate=1.5_ROB=LH_Bias=Rct20_NRE20-35","1-2",1.5,"LH","Rct20_NRE20-35",0.182321556793955,0.182321556793955,0.182321556793955,0.182321556793955,0.182321556793955,0.300104592450338,0.214378162322106,0.214378162322106,-0.139454103105291,TRUE,0.569221721419757,1.00100380077158,-0.226845399147327,FALSE,0.42825969904243,1.00098654320386,-0.154387962985015,TRUE,0.603370147800031,1.00141048448827,-0.277355640798582,TRUE,0.760128788523312,1.00100742377613
64,"rand=1-2_rate=1.5_ROB=LH_Bias=Rct20_NRE20-35","1-2",1.5,"LH","Rct20_NRE20-35",0.182321556793955,0.182321556793955,0.182321556793955,0.182321556793955,0.182321556793955,0.300104592450338,0.189923044013956,0.189923044013956,-0.215857567922123,TRUE,0.683529942194752,1.00098605340063,-0.199775149993421,FALSE,0.433323079558201,1.00098601969228,-0.258568071306153,TRUE,0.773003101065042,1.0009860446244,-0.157824151583468,TRUE,0.64269181632125,1.0010120935765
65,"rand=1-2_rate=1.5_ROB=LH_Bias=Rct20_NRE20-35","1-2",1.5,"LH","Rct20_NRE20-35",0.182321556793955,0.182321556793955,0.182321556793955,0.182321556793955,0.182321556793955,0.300104592450338,0.189820694570386,0.189820694570386,-0.149631584402461,TRUE,0.622167924338253,1.00104394297726,-0.174273529432282,TRUE,0.396153247686797,1.00098604068737,-0.055960742117769,TRUE,0.596915189425238,1.00129279283557,-0.256747227681879,TRUE,0.61292207386168,1.00102063979917
66,"rand=1-2_rate=1.5_ROB=LH_Bias=Rct20_NRE20-35","1-2",1.5,"LH","Rct20_NRE20-35",0.182321556793955,0.182321556793955,0.182321556793955,0.182321556793955,0.182321556793955,0.300104592450338,0.208444697468966,0.208444697468966,-0.244348006333402,TRUE,0.634073920219317,1.00107938781463,-0.288552010377602,FALSE,0.421344303140884,1.00104590433735,-0.277958281344519,TRUE,0.659877198673302,1.0009884005973,-0.296004237268391,TRUE,0.713653445277473,1.00101235927589
67,"rand=1-2_rate=1.5_ROB=LH_Bias=Rct20_NRE20-35","1-2",1.5,"LH","Rct20_NRE20-35",0.182321556793955,0.182321556793955,0.182321556793955,0.182321556793955,0.182321556793955,0.300104592450338,0.212551111539541,0.212551111539541,-0.23311435215243,TRUE,0.716910784382406,1.00107025819481,-0.338886785637502,FALSE,0.59705258664193,1.00099497195013,-0.338055804049399,FALSE,0.670509082406974,1.00099278606308,-0.33560061880292,TRUE,1.3964436593844,1.00102736927745
68,"rand=1-2_rate=1.5_ROB=LH_Bias=Rct20_NRE20-35","1-2",1.5,"LH","Rct20_NRE20-35",0.182321556793955,0.182321556793955,0.182321556793955,0.182321556793955,0.182321556793955,0.300104592450338,0.201927047659837,0.201927047659837,-0.141713661349528,TRUE,0.673477526176325,1.00098686018853,-0.146600014580777,TRUE,0.447556270197503,1.0010031452433,-0.164428517859068,TRUE,0.675925153892001,1.00105763672908,-0.132795985621881,TRUE,0.786707633328015,1.00098952768557
69,"rand=1-2_rate=1.5_ROB=LH_Bias=Rct20_NRE20-35","1-2",1.5,"LH","Rct20_NRE20-35",0.182321556793955,0.182321556793955,0.182321556793955,0.182321556793955,0.182321556793955,0.300104592450338,0.197988727663397,0.197988727663397,-0.0340035086984261,TRUE,0.523577537829687,1.00100004960906,-0.0558426676456107,TRUE,0.33765622329774,1.00098713412967,-0.0797465680257123,TRUE,0.538992851013223,1.00157752997047,-0.0401745846661061,TRUE,0.554590387586132,1.00100583753319
70,"rand=1-2_rate=1.5_ROB=LH_Bias=Rct20_NRE20-35","1-2",1.5,"LH","Rct20_NRE20-35",0.182321556793955,0.182321556793955,0.182321556793955,0.182321556793955,0.182321556793955,0.300104592450338,0.205976530036345,0.205976530036345,-0.224794372347154,TRUE,0.612892196616839,1.00127222458605,-0.222398937566204,FALSE,0.368404502773266,1.00099168620612,-0.154161795632415,TRUE,0.58359796986781,1.00116835199034,-0.261752745837494,FALSE,0.585720557350911,1.00101070021554
71,"rand=1-2_rate=1.5_ROB=LH_Bias=Rct20_NRE20-35","1-2",1.5,"LH","Rct20_NRE20-35",0.182321556793955,0.182321556793955,0.182321556793955,0.182321556793955,0.182321556793955,0.300104592450338,0.186998150162448,0.186998150162448,-0.0684287795680407,TRUE,0.570767529131326,1.00110877872618,-0.11286320593252,TRUE,0.361097047653781,1.00098655713601,-0.0385613583877111,TRUE,0.558904861531344,1.00101660141591,-0.154576881532897,TRUE,0.578810226909015,1.00099087858758
72,"rand=1-2_rate=1.5_ROB=LH_Bias=Rct20_NRE20-35","1-2",1.5,"LH","Rct20_NRE20-35",0.182321556793955,0.182321556793955,0.182321556793955,0.182321556793955,0.182321556793955,0.300104592450338,0.199110472401386,0.199110472401386,-0.200658520316044,TRUE,0.683372859741846,1.00103103132418,-0.18486801069946,TRUE,0.475019046740757,1.00099139503919,-0.153594937923383,TRUE,0.572649258099517,1.00098852907286,-0.212608032485861,TRUE,1.00053036511362,1.0009896207077
73,"rand=1-2_rate=1.5_ROB=LH_Bias=Rct20_NRE20-35","1-2",1.5,"LH","Rct20_NRE20-35",0.182321556793955,0.182321556793955,0.182321556793955,0.182321556793955,0.182321556793955,0.300104592450338,0.195274471788303,0.195274471788303,-0.275637835666884,TRUE,0.77031298015682,1.00102566246606,-0.283847456113698,FALSE,0.498540632279022,1.00102889956112,-0.0763265369616997,TRUE,0.598657041420699,1.00100848096192,-0.49568918666822,FALSE,0.863193836829547,1.0009936061235
74,"rand=1-2_rate=1.5_ROB=LH_Bias=Rct20_NRE20-35","1-2",1.5,"LH","Rct20_NRE20-35",0.182321556793955,0.182321556793955,0.182321556793955,0.182321556793955,0.182321556793955,0.300104592450338,0.208422980242401,0.208422980242401,-0.203712210738492,TRUE,0.586461586921219,1.00098626017159,-0.242254404546441,FALSE,0.353201695199751,1.00098874917664,-0.31793394450592,FALSE,0.735623084815046,1.00108303743615,-0.212839293551299,FALSE,0.459580243559313,1.00100192153097
75,"rand=1-2_rate=1.5_ROB=LH_Bias=Rct20_NRE20-35","1-2",1.5,"LH","Rct20_NRE20-35",0.182321556793955,0.182321556793955,0.182321556793955,0.182321556793955,0.182321556793955,0.300104592450338,0.184798226107243,0.184798226107243,-0.227550261079675,TRUE,0.673197590243536,1.00105381038901,-0.245821359085542,FALSE,0.469916721990572,1.00098620425822,-0.231520502391949,TRUE,0.585304702005596,1.00102314945518,-0.240842412979061,TRUE,1.00078983251485,1.0009862531077
76,"rand=1-2_rate=1.5_ROB=LH_Bias=Rct20_NRE20-35","1-2",1.5,"LH","Rct20_NRE20-35",0.182321556793955,0.182321556793955,0.182321556793955,0.182321556793955,0.182321556793955,0.300104592450338,0.220895792633593,0.220895792633593,-0.178951269128234,TRUE,0.623662212349947,1.0011051954585,-0.169344355597195,TRUE,0.407328854449959,1.00099053956867,-0.226373159800153,TRUE,0.650543003600757,1.00115103289586,-0.12670968833436,TRUE,0.656559281287925,1.0009984610435
77,"rand=1-2_rate=1.5_ROB=LH_Bias=Rct20_NRE20-35","1-2",1.5,"LH","Rct20_NRE20-35",0.182321556793955,0.182321556793955,0.182321556793955,0.182321556793955,0.182321556793955,0.300104592450338,0.192028248327596,0.192028248327596,-0.111722326603232,TRUE,0.501093051916331,1.001185072844,-0.185074485702363,FALSE,0.342818634476531,1.00101290859074,-0.17149591553858,TRUE,0.569041314976405,1.0009877850058,-0.192182960026906,TRUE,0.546195610695994,1.00105185681659
78,"rand=1-2_rate=1.5_ROB=LH_Bias=Rct20_NRE20-35","1-2",1.5,"LH","Rct20_NRE20-35",0.182321556793955,0.182321556793955,0.182321556793955,0.182321556793955,0.182321556793955,0.300104592450338,0.204335287992984,0.204335287992984,-0.102544752375109,TRUE,0.530059590197831,1.00098872178885,-0.201622251946078,FALSE,0.383225528324615,1.00099334923688,-0.127656026273925,TRUE,0.564739964422861,1.00099485473981,-0.247863718920363,TRUE,0.653167447855296,1.0009922153011
79,"rand=1-2_rate=1.5_ROB=LH_Bias=Rct20_NRE20-35","1-2",1.5,"LH","Rct20_NRE20-35",0.182321556793955,0.182321556793955,0.182321556793955,0.182321556793955,0.182321556793955,0.300104592450338,0.196856743099847,0.196856743099847,-0.337268261641765,FALSE,0.6687633634657,1.00099358811049,-0.426929609804809,FALSE,0.459407654524737,1.00101581794076,-0.134306165905723,TRUE,0.560516235032316,1.00099280134111,-0.620083983155264,FALSE,0.654061887392347,1.00102311892437
80,"rand=1-2_rate=1.5_ROB=LH_Bias=Rct20_NRE20-35","1-2",1.5,"LH","Rct20_NRE20-35",0.182321556793955,0.182321556793955,0.182321556793955,0.182321556793955,0.182321556793955,0.300104592450338,0.203139406747477,0.203139406747477,-0.306154467309886,FALSE,0.552636608772961,1.00098643238715,-0.278529418168041,FALSE,0.26636655434689,1.00098601840505,-0.241669852725655,TRUE,0.765113166401587,1.00099027768956,-0.285240908960125,FALSE,0.282549910806789,1.00110805839114
81,"rand=1-2_rate=1.5_ROB=LH_Bias=Rct20_NRE20-35","1-2",1.5,"LH","Rct20_NRE20-35",0.182321556793955,0.182321556793955,0.182321556793955,0.182321556793955,0.182321556793955,0.300104592450338,0.220666018863389,0.220666018863389,-0.123552912892616,TRUE,0.598873887347302,1.00098670235229,-0.115892697896389,TRUE,0.394385501976871,1.00108214307124,-0.062523737393823,TRUE,0.537031302878802,1.00100146727319,-0.159194643310804,TRUE,0.757486460166345,1.00099120929686
82,"rand=1-2_rate=1.5_ROB=LH_Bias=Rct20_NRE20-35","1-2",1.5,"LH","Rct20_NRE20-35",0.182321556793955,0.182321556793955,0.182321556793955,0.182321556793955,0.182321556793955,0.300104592450338,0.196125886615312,0.196125886615312,-0.424438076109581,FALSE,0.727268240504511,1.00106590056092,-0.464437802727765,FALSE,0.479037167020274,1.00099302756387,-0.418288700094093,FALSE,0.703700314242344,1.00099247417931,-0.496605827371368,FALSE,0.843962942284524,1.00098828641736
83,"rand=1-2_rate=1.5_ROB=LH_Bias=Rct20_NRE20-35","1-2",1.5,"LH","Rct20_NRE20-35",0.182321556793955,0.182321556793955,0.182321556793955,0.182321556793955,0.182321556793955,0.300104592450338,0.203445053241958,0.203445053241958,-0.107421112995116,TRUE,0.570866517777127,1.00149013809048,-0.173327787300976,TRUE,0.403262332036187,1.00098609000319,0.0420771362404607,TRUE,0.434787036864323,1.00105743698247,-0.36129995702639,FALSE,0.724690104820944,1.00104113587753
84,"rand=1-2_rate=1.5_ROB=LH_Bias=Rct20_NRE20-35","1-2",1.5,"LH","Rct20_NRE20-35",0.182321556793955,0.182321556793955,0.182321556793955,0.182321556793955,0.182321556793955,0.300104592450338,0.192799037460892,0.192799037460892,-0.0393105308047141,TRUE,0.569174539151319,1.00101445381884,-0.0702327910775258,TRUE,0.402182912831638,1.00098630449755,-0.112516597155493,TRUE,0.539230172725617,1.00098615185978,-0.0430681096164873,TRUE,0.772596457718552,1.00099282680023
85,"rand=1-2_rate=1.5_ROB=LH_Bias=Rct20_NRE20-35","1-2",1.5,"LH","Rct20_NRE20-35",0.182321556793955,0.182321556793955,0.182321556793955,0.182321556793955,0.182321556793955,0.300104592450338,0.202780746517788,0.202780746517788,-0.0982507065804457,TRUE,0.562575131486373,1.00112326280679,-0.286249212149684,FALSE,0.512674013004661,1.00098789219752,0.035877848175882,TRUE,0.439710901553738,1.00126134295812,-0.614163648405708,FALSE,1.05691128741582,1.00101268035091
86,"rand=1-2_rate=1.5_ROB=LH_Bias=Rct20_NRE20-35","1-2",1.5,"LH","Rct20_NRE20-35",0.182321556793955,0.182321556793955,0.182321556793955,0.182321556793955,0.182321556793955,0.300104592450338,0.195086610518931,0.195086610518931,-0.35170697588151,FALSE,0.822996810426204,1.00102108940247,-0.31920515354494,FALSE,0.565485411755112,1.00098708493373,-0.395086136569196,FALSE,0.76344124740489,1.00103912549862,-0.265851026519559,TRUE,1.09827310455002,1.00098614050127
87,"rand=1-2_rate=1.5_ROB=LH_Bias=Rct20_NRE20-35","1-2",1.5,"LH","Rct20_NRE20-35",0.182321556793955,0.182321556793955,0.182321556793955,0.182321556793955,0.182321556793955,0.300104592450338,0.201601126047876,0.201601126047876,-0.129973185822206,TRUE,0.59044282598077,1.00105290695797,-0.309704471376905,FALSE,0.407898404837199,1.00108907084637,-0.175339379770242,TRUE,0.606785151240711,1.00104694790484,-0.391975195696034,FALSE,0.652004044013971,1.00102726489107
88,"rand=1-2_rate=1.5_ROB=LH_Bias=Rct20_NRE20-35","1-2",1.5,"LH","Rct20_NRE20-35",0.182321556793955,0.182321556793955,0.182321556793955,0.182321556793955,0.182321556793955,0.300104592450338,0.209540329211474,0.209540329211474,-0.104622063255855,TRUE,0.566392820081864,1.00098599928309,-0.170421166782346,TRUE,0.393623714581115,1.00098886150875,-0.101632597572434,TRUE,0.62243479643377,1.00106022830585,-0.216074145760855,TRUE,0.636442353870985,1.00099138709918
89,"rand=1-2_rate=1.5_ROB=LH_Bias=Rct20_NRE20-35","1-2",1.5,"LH","Rct20_NRE20-35",0.182321556793955,0.182321556793955,0.182321556793955,0.182321556793955,0.182321556793955,0.300104592450338,0.200974886043184,0.200974886043184,-0.196457009786155,TRUE,0.55954980327992,1.00102567220339,-0.311667292156189,FALSE,0.423535672845051,1.00100011450729,-0.161153323296228,TRUE,0.581660655739359,1.00116620686153,-0.414946851434209,FALSE,0.709108037718348,1.00098675339005
90,"rand=1-2_rate=1.5_ROB=LH_Bias=Rct20_NRE20-35","1-2",1.5,"LH","Rct20_NRE20-35",0.182321556793955,0.182321556793955,0.182321556793955,0.182321556793955,0.182321556793955,0.300104592450338,0.204556113997204,0.204556113997204,-0.281881263935374,TRUE,0.697864468984966,1.00105684188426,-0.36768163041977,FALSE,0.512054612461313,1.00098828875827,-0.373198556581509,FALSE,0.643368494339685,1.00137485569339,-0.352538945762581,TRUE,1.05126659790589,1.00100416401282
91,"rand=1-2_rate=1.5_ROB=LH_Bias=Rct20_NRE20-35","1-2",1.5,"LH","Rct20_NRE20-35",0.182321556793955,0.182321556793955,0.182321556793955,0.182321556793955,0.182321556793955,0.300104592450338,0.199221732776214,0.199221732776214,-0.159625327083018,TRUE,0.621881503785601,1.00098599628902,-0.230653929445141,FALSE,0.431209348643277,1.00102788617934,-0.185373786678082,TRUE,0.56711721264886,1.00122119376104,-0.257209108474483,TRUE,0.839423538709679,1.00099895791571
92,"rand=1-2_rate=1.5_ROB=LH_Bias=Rct20_NRE20-35","1-2",1.5,"LH","Rct20_NRE20-35",0.182321556793955,0.182321556793955,0.182321556793955,0.182321556793955,0.182321556793955,0.300104592450338,0.207979387244215,0.207979387244215,-0.463955544982777,FALSE,0.70717861451082,1.00102048418948,-0.497441309758807,FALSE,0.420086203527438,1.00099189738262,-0.561724423709812,FALSE,0.757100971884151,1.0009921700885,-0.467427483086039,FALSE,0.628662677007362,1.00098599279562
93,"rand=1-2_rate=1.5_ROB=LH_Bias=Rct20_NRE20-35","1-2",1.5,"LH","Rct20_NRE20-35",0.182321556793955,0.182321556793955,0.182321556793955,0.182321556793955,0.182321556793955,0.300104592450338,0.201978189353814,0.201978189353814,-0.117719034258158,TRUE,0.655795533427828,1.0014464704435,-0.245235523117052,FALSE,0.521694589531933,1.00098923516681,-0.251296925693519,TRUE,0.71642237346929,1.00098601898161,-0.237790790672925,TRUE,0.98925021133984,1.00098810242087
94,"rand=1-2_rate=1.5_ROB=LH_Bias=Rct20_NRE20-35","1-2",1.5,"LH","Rct20_NRE20-35",0.182321556793955,0.182321556793955,0.182321556793955,0.182321556793955,0.182321556793955,0.300104592450338,0.194448370066293,0.194448370066293,-0.190131623036798,TRUE,0.652964018957759,1.00109306747092,-0.20780190259695,FALSE,0.435074823277707,1.00098934440413,-0.182301765176061,TRUE,0.619769381476143,1.00100312940061,-0.22775238994452,TRUE,0.779728454834566,1.00098981713567
95,"rand=1-2_rate=1.5_ROB=LH_Bias=Rct20_NRE20-35","1-2",1.5,"LH","Rct20_NRE20-35",0.182321556793955,0.182321556793955,0.182321556793955,0.182321556793955,0.182321556793955,0.300104592450338,0.20600964223175,0.20600964223175,-0.00588101845732569,TRUE,0.596059788399197,1.00099523968696,-0.101381480541693,TRUE,0.491467733904965,1.00098612499164,0.0876699511691522,TRUE,0.565858557719691,1.00110615947232,-0.331089954504776,TRUE,0.933758144937741,1.0009892861154
96,"rand=1-2_rate=1.5_ROB=LH_Bias=Rct20_NRE20-35","1-2",1.5,"LH","Rct20_NRE20-35",0.182321556793955,0.182321556793955,0.182321556793955,0.182321556793955,0.182321556793955,0.300104592450338,0.205227695048365,0.205227695048365,-0.322524068168409,TRUE,0.773850147885259,1.00121033475511,-0.238644182539198,FALSE,0.486932197155152,1.00104110020902,-0.333519252842243,FALSE,0.749444416770598,1.00105609259572,-0.162329895433399,TRUE,0.813822120071549,1.00105555441004
97,"rand=1-2_rate=1.5_ROB=LH_Bias=Rct20_NRE20-35","1-2",1.5,"LH","Rct20_NRE20-35",0.182321556793955,0.182321556793955,0.182321556793955,0.182321556793955,0.182321556793955,0.300104592450338,0.203839731586903,0.203839731586903,-0.101064457474574,TRUE,0.431681011215203,1.0012504121752,-0.232370381407655,FALSE,0.34114617625899,1.00104128142802,-0.245801076347572,TRUE,0.582534186622535,1.00107395780083,-0.226423933945887,TRUE,0.536822626267293,1.00098653206037
98,"rand=1-2_rate=1.5_ROB=LH_Bias=Rct20_NRE20-35","1-2",1.5,"LH","Rct20_NRE20-35",0.182321556793955,0.182321556793955,0.182321556793955,0.182321556793955,0.182321556793955,0.300104592450338,0.197211148761771,0.197211148761771,-0.231872420285853,TRUE,0.625606233437379,1.00120468333478,-0.263889169256645,FALSE,0.406283869056152,1.00098753244301,-0.232190096351681,TRUE,0.572280056773078,1.00143241222617,-0.282519608637268,TRUE,0.777771360557028,1.00101534295552
99,"rand=1-2_rate=1.5_ROB=LH_Bias=Rct20_NRE20-35","1-2",1.5,"LH","Rct20_NRE20-35",0.182321556793955,0.182321556793955,0.182321556793955,0.182321556793955,0.182321556793955,0.300104592450338,0.210599911311131,0.210599911311131,-0.184376135857081,TRUE,0.647893162598528,1.00099256123002,-0.226311448400608,FALSE,0.450705920901192,1.00098599553252,-0.103973790039428,TRUE,0.622326043137706,1.00102569017175,-0.332066757973692,TRUE,0.77375800026367,1.00098714790816
100,"rand=1-2_rate=1.5_ROB=LH_Bias=Rct20_NRE20-35","1-2",1.5,"LH","Rct20_NRE20-35",0.182321556793955,0.182321556793955,0.182321556793955,0.182321556793955,0.182321556793955,0.300104592450338,0.196397980369467,0.196397980369467,-0.302845951530585,TRUE,0.808781490139336,1.00099573250294,-0.365448535814605,FALSE,0.528557134383155,1.00100373433498,-0.155053117734753,TRUE,0.652925787639007,1.00100484631969,-0.554951315586386,FALSE,0.925948361643227,1.0010030034513
101,"rand=1-2_rate=1.5_ROB=LH_Bias=Rct20_NRE20-35","1-2",1.5,"LH","Rct20_NRE20-35",0.182321556793955,0.182321556793955,0.182321556793955,0.182321556793955,0.182321556793955,0.300104592450338,0.193780640210654,0.193780640210654,-0.273204480876916,TRUE,0.683737592220768,1.00142388833195,-0.314491736973215,FALSE,0.448823189040968,1.00098639970323,-0.101216367703125,TRUE,0.584705043768031,1.00099266844408,-0.468578823735748,FALSE,0.687983069068633,1.00098856528261
102,"rand=1-2_rate=1.5_ROB=LH_Bias=Rct20_NRE20-35","1-2",1.5,"LH","Rct20_NRE20-35",0.182321556793955,0.182321556793955,0.182321556793955,0.182321556793955,0.182321556793955,0.300104592450338,0.191837613211506,0.191837613211506,-0.264571364781546,TRUE,0.739953359499359,1.00098955464173,-0.170312934748274,TRUE,0.401316012177859,1.0009928250497,-0.287203939279797,TRUE,0.842257143754267,1.00099970279846,-0.102056497418301,TRUE,0.466966841313922,1.0009861252783
103,"rand=1-2_rate=1.5_ROB=LH_Bias=Rct20_NRE20-35","1-2",1.5,"LH","Rct20_NRE20-35",0.182321556793955,0.182321556793955,0.182321556793955,0.182321556793955,0.182321556793955,0.300104592450338,0.189638119984942,0.189638119984942,-0.193228695751683,TRUE,0.610422189475851,1.00109429827847,-0.324145732281618,FALSE,0.469676932318624,1.00099375710037,-0.234745941566183,TRUE,0.580926229622378,1.00098618920193,-0.38220797481328,TRUE,0.965844798262273,1.00099344278123
104,"rand=1-2_rate=1.5_ROB=LH_Bias=Rct20_NRE20-35","1-2",1.5,"LH","Rct20_NRE20-35",0.182321556793955,0.182321556793955,0.182321556793955,0.182321556793955,0.182321556793955,0.300104592450338,0.195314318813324,0.195314318813324,-0.21932069615543,TRUE,0.650782430764828,1.00104601399797,-0.306707685158096,FALSE,0.435569867921505,1.00098623858526,-0.23581618321636,TRUE,0.60233274576493,1.00104113442553,-0.351887592782314,FALSE,0.800111977850738,1.00100017244168
105,"rand=1-2_rate=1.5_ROB=LH_Bias=Rct20_NRE20-35","1-2",1.5,"LH","Rct20_NRE20-35",0.182321556793955,0.182321556793955,0.182321556793955,0.182321556793955,0.182321556793955,0.300104592450338,0.198227855908629,0.198227855908629,-0.106528292826378,TRUE,0.521765951229561,1.00101613109861,-0.301327698048476,FALSE,0.503574524166723,1.0010032841022,-0.217722430394665,TRUE,0.648541761267911,1.00146762461455,-0.37506199032749,TRUE,1.00071833491113,1.0009889409057
106,"rand=1-2_rate=1.5_ROB=LH_Bias=Rct20_NRE20-35","1-2",1.5,"LH","Rct20_NRE20-35",0.182321556793955,0.182321556793955,0.182321556793955,0.182321556793955,0.182321556793955,0.300104592450338,0.19490293190988,0.19490293190988,0.0211047594857282,TRUE,0.53245112484522,1.00098808017301,0.0344046805150293,TRUE,0.340158748666883,1.00099752252349,0.0753524071972248,TRUE,0.496598247503395,1.00105009344129,0.00309550353243226,TRUE,0.595059639865775,1.00098831445217
107,"rand=1-2_rate=1.5_ROB=LH_Bias=Rct20_NRE20-35","1-2",1.5,"LH","Rct20_NRE20-35",0.182321556793955,0.182321556793955,0.182321556793955,0.182321556793955,0.182321556793955,0.300104592450338,0.212517812858882,0.212517812858882,-0.172954163382356,TRUE,0.644552859748451,1.00110642666545,-0.28975667031403,FALSE,0.501475351723711,1.00098614619314,-0.177638623939075,TRUE,0.749007768011579,1.00098764501474,-0.386698736454833,FALSE,0.797417083153666,1.00100647501758
108,"rand=1-2_rate=1.5_ROB=LH_Bias=Rct20_NRE20-35","1-2",1.5,"LH","Rct20_NRE20-35",0.182321556793955,0.182321556793955,0.182321556793955,0.182321556793955,0.182321556793955,0.300104592450338,0.187537632128392,0.187537632128392,-0.191706896756756,TRUE,0.57403996488965,1.00099755781797,-0.305054907511835,FALSE,0.350905312142616,1.00098640487984,-0.284453794500856,TRUE,0.694198751492207,1.00100413428283,-0.316453631826545,FALSE,0.485542843315881,1.00102156345718
109,"rand=1-2_rate=1.5_ROB=LH_Bias=Rct20_NRE20-35","1-2",1.5,"LH","Rct20_NRE20-35",0.182321556793955,0.182321556793955,0.182321556793955,0.182321556793955,0.182321556793955,0.300104592450338,0.212009764785058,0.212009764785058,-0.356013915165143,FALSE,0.695290198405623,1.00103658388037,-0.417098286740827,FALSE,0.494631196450255,1.00099009763346,-0.340284837340084,FALSE,0.621190395068047,1.00103589540812,-0.478411689230384,FALSE,0.988996213141062,1.00099318465129
110,"rand=1-2_rate=1.5_ROB=LH_Bias=Rct20_NRE20-35","1-2",1.5,"LH","Rct20_NRE20-35",0.182321556793955,0.182321556793955,0.182321556793955,0.182321556793955,0.182321556793955,0.300104592450338,0.199727855066096,0.199727855066096,-0.296897865392582,FALSE,0.709770763375781,1.00118661091723,-0.235020817548823,FALSE,0.414459398016112,1.00101931240741,-0.229806899758874,TRUE,0.563460944915926,1.00111161585829,-0.235070141320371,TRUE,0.818345926525991,1.00098743233184
111,"rand=1-2_rate=1.5_ROB=LH_Bias=Rct20_NRE20-35","1-2",1.5,"LH","Rct20_NRE20-35",0.182321556793955,0.182321556793955,0.182321556793955,0.182321556793955,0.182321556793955,0.300104592450338,0.204374186664366,0.204374186664366,-0.048530066461304,TRUE,0.528162562167173,1.00098600689172,-0.0693126861546511,TRUE,0.338507352106734,1.00110114714485,-0.0295524095065369,TRUE,0.611192866563112,1.0010869771131,-0.0954181427941487,TRUE,0.456629046259304,1.00098599023926
112,"rand=1-2_rate=1.5_ROB=LH_Bias=Rct20_NRE20-35","1-2",1.5,"LH","Rct20_NRE20-35",0.182321556793955,0.182321556793955,0.182321556793955,0.182321556793955,0.182321556793955,0.300104592450338,0.209519262104633,0.209519262104633,-0.18812592674932,TRUE,0.586680050809912,1.00105457478508,-0.24387250758511,FALSE,0.373847293583306,1.00110387680349,-0.299997638501693,FALSE,0.623891804627769,1.00218721517939,-0.211834865745141,TRUE,0.615936965223298,1.00098671507605
113,"rand=1-2_rate=1.5_ROB=LH_Bias=Rct20_NRE20-35","1-2",1.5,"LH","Rct20_NRE20-35",0.182321556793955,0.182321556793955,0.182321556793955,0.182321556793955,0.182321556793955,0.300104592450338,0.186912534612979,0.186912534612979,-0.184390569801158,TRUE,0.816241992465389,1.00100969185354,-0.156943993592111,TRUE,0.542487032136344,1.0009865710021,-0.0389268059120971,TRUE,0.637769624521359,1.00109520708492,-0.296189101539907,TRUE,1.21203750383007,1.0009884758818
114,"rand=1-2_rate=1.5_ROB=LH_Bias=Rct20_NRE20-35","1-2",1.5,"LH","Rct20_NRE20-35",0.182321556793955,0.182321556793955,0.182321556793955,0.182321556793955,0.182321556793955,0.300104592450338,0.192314879716883,0.192314879716883,-0.0386350771256716,TRUE,0.540763330110447,1.00115739333553,-0.183083160709406,FALSE,0.433900160814068,1.00114672667737,-0.407537438695416,FALSE,0.875363409515577,1.0010133863579,-0.0618288909550926,TRUE,0.482619148582888,1.00102314975506
115,"rand=1-2_rate=1.5_ROB=LH_Bias=Rct20_NRE20-35","1-2",1.5,"LH","Rct20_NRE20-35",0.182321556793955,0.182321556793955,0.182321556793955,0.182321556793955,0.182321556793955,0.300104592450338,0.20565019483562,0.20565019483562,-0.110292342470813,TRUE,0.651363728911232,1.00103485799946,-0.171722193595602,TRUE,0.499978817505723,1.00098885914534,-0.128087460056844,TRUE,0.605614725117015,1.00115516006507,-0.216713160558717,TRUE,1.06263429759327,1.00104979352487
116,"rand=1-2_rate=1.5_ROB=LH_Bias=Rct20_NRE20-35","1-2",1.5,"LH","Rct20_NRE20-35",0.182321556793955,0.182321556793955,0.182321556793955,0.182321556793955,0.182321556793955,0.300104592450338,0.210558877303857,0.210558877303857,-0.102802073951471,TRUE,0.676061893229859,1.00099103178012,-0.210608844542833,TRUE,0.530196465157872,1.00100232756056,-0.284751095082875,FALSE,0.655542896054168,1.00105481620933,-0.116477561401999,TRUE,1.06257836566486,1.00099258470087
117,"rand=1-2_rate=1.5_ROB=LH_Bias=Rct20_NRE20-35","1-2",1.5,"LH","Rct20_NRE20-35",0.182321556793955,0.182321556793955,0.182321556793955,0.182321556793955,0.182321556793955,0.300104592450338,0.195233512434797,0.195233512434797,-0.0519388043184816,TRUE,0.53558212642444,1.00115475542814,-0.115429692941415,TRUE,0.357339647923808,1.00098702555813,-0.254693988952492,TRUE,0.744811896891549,1.00098627718003,-0.0535856527735785,TRUE,0.454810997401397,1.0009946272569
118,"rand=1-2_rate=1.5_ROB=LH_Bias=Rct20_NRE20-35","1-2",1.5,"LH","Rct20_NRE20-35",0.182321556793955,0.182321556793955,0.182321556793955,0.182321556793955,0.182321556793955,0.300104592450338,0.210785226518166,0.210785226518166,-0.134728891744491,TRUE,0.588502278704543,1.00100464486431,-0.142125544536872,TRUE,0.375291425901811,1.00099627276776,-0.269798827801481,FALSE,0.593796049678412,1.00295056312863,-0.0718682918265923,TRUE,0.608989278395093,1.00106776895067
119,"rand=1-2_rate=1.5_ROB=LH_Bias=Rct20_NRE20-35","1-2",1.5,"LH","Rct20_NRE20-35",0.182321556793955,0.182321556793955,0.182321556793955,0.182321556793955,0.182321556793955,0.300104592450338,0.208019477625905,0.208019477625905,-0.195681950814668,TRUE,0.645221188261112,1.0010461906444,-0.26193713945624,FALSE,0.479578354254445,1.00104336167752,-0.266705580213498,FALSE,0.569106730297829,1.00106993037894,-0.248136479729338,TRUE,1.06634196802111,1.00099215857489
120,"rand=1-2_rate=1.5_ROB=LH_Bias=Rct20_NRE20-35","1-2",1.5,"LH","Rct20_NRE20-35",0.182321556793955,0.182321556793955,0.182321556793955,0.182321556793955,0.182321556793955,0.300104592450338,0.18374765597243,0.18374765597243,-0.262540800966625,TRUE,0.729773007069438,1.00115644814513,-0.273698662523053,FALSE,0.454599058114474,1.00101399809638,-0.446624176541196,FALSE,0.766953902929222,1.00106221890073,-0.174352452021037,TRUE,0.643039981644087,1.00099292177592
121,"rand=1-2_rate=1.5_ROB=LH_Bias=Rct20_NRE20-35","1-2",1.5,"LH","Rct20_NRE20-35",0.182321556793955,0.182321556793955,0.182321556793955,0.182321556793955,0.182321556793955,0.300104592450338,0.211911598954839,0.211911598954839,-0.169404954425669,TRUE,0.694640416477218,1.00105201839728,-0.263990066737614,FALSE,0.566465161333653,1.00102658007986,-0.243908051923592,TRUE,0.612539399502672,1.00114268144965,-0.258528666986191,TRUE,1.32144747400837,1.00100243822781
122,"rand=1-2_rate=1.5_ROB=LH_Bias=Rct20_NRE20-35","1-2",1.5,"LH","Rct20_NRE20-35",0.182321556793955,0.182321556793955,0.182321556793955,0.182321556793955,0.182321556793955,0.300104592450338,0.198980995166318,0.198980995166318,-0.128985065086688,TRUE,0.603789381502895,1.0009922088262,-0.156683742571105,TRUE,0.39698007173458,1.00098707355408,-0.200501894808068,TRUE,0.581254962386526,1.0010747807848,-0.131931306574364,TRUE,0.712905637645706,1.00100228494547
123,"rand=1-2_rate=1.5_ROB=LH_Bias=Rct20_NRE20-35","1-2",1.5,"LH","Rct20_NRE20-35",0.182321556793955,0.182321556793955,0.182321556793955,0.182321556793955,0.182321556793955,0.300104592450338,0.204968958010256,0.204968958010256,-0.184122947148535,TRUE,0.679447362891316,1.00154108533807,-0.237397979333828,FALSE,0.502574963744119,1.00098628733261,-0.111006671532882,TRUE,0.528845931943741,1.00113124945939,-0.352774858496231,TRUE,1.13527743833614,1.00100458707784
124,"rand=1-2_rate=1.5_ROB=LH_Bias=Rct20_NRE20-35","1-2",1.5,"LH","Rct20_NRE20-35",0.182321556793955,0.182321556793955,0.182321556793955,0.182321556793955,0.182321556793955,0.300104592450338,0.205264101330237,0.205264101330237,-0.248425888163825,TRUE,0.647857207185395,1.00106828875278,-0.377810061759135,FALSE,0.517009217563665,1.00098863613314,-0.215625353065602,TRUE,0.615153436560968,1.00118913335477,-0.514620221420531,FALSE,1.01347168023949,1.00098986426803
125,"rand=1-2_rate=1.5_ROB=LH_Bias=Rct20_NRE20-35","1-2",1.5,"LH","Rct20_NRE20-35",0.182321556793955,0.182321556793955,0.182321556793955,0.182321556793955,0.182321556793955,0.300104592450338,0.200363238144189,0.200363238144189,-0.241161885904875,TRUE,0.665345263221585,1.00100604947879,-0.316643855436695,FALSE,0.509238508623093,1.00100869647054,-0.18261025111916,TRUE,0.652878981426401,1.00137304706214,-0.445960582130195,FALSE,0.961520629345491,1.00098608982259
126,"rand=1-2_rate=1.5_ROB=LH_Bias=Rct20_NRE20-35","1-2",1.5,"LH","Rct20_NRE20-35",0.182321556793955,0.182321556793955,0.182321556793955,0.182321556793955,0.182321556793955,0.300104592450338,0.200735137542646,0.200735137542646,-0.217162183180607,TRUE,0.625039737677957,1.0010579404776,-0.319022552347844,FALSE,0.471559714952478,1.00100398329228,-0.227308746744621,TRUE,0.588471395021139,1.00100362024603,-0.390700015047218,TRUE,0.953594389775291,1.00098603791415
127,"rand=1-2_rate=1.5_ROB=LH_Bias=Rct20_NRE20-35","1-2",1.5,"LH","Rct20_NRE20-35",0.182321556793955,0.182321556793955,0.182321556793955,0.182321556793955,0.182321556793955,0.300104592450338,0.216142117626576,0.216142117626576,0.0113305071353919,TRUE,0.437187648968487,1.00150221843123,-0.0293268443240677,TRUE,0.276291514798713,1.00101261677573,-0.0818209539311112,TRUE,0.488202169150551,1.0011319995529,-0.0102737040948477,TRUE,0.420967613106534,1.00099104262652
128,"rand=1-2_rate=1.5_ROB=LH_Bias=Rct20_NRE20-35","1-2",1.5,"LH","Rct20_NRE20-35",0.182321556793955,0.182321556793955,0.182321556793955,0.182321556793955,0.182321556793955,0.300104592450338,0.201098899669037,0.201098899669037,-0.0204946453974237,TRUE,0.481284276743368,1.00107345928146,-0.0473519813270218,TRUE,0.296646250606314,1.0009912738364,-0.0653290616563602,TRUE,0.511373834771012,1.00136938370839,-0.0413574434923929,TRUE,0.458789761285459,1.00106740905038
129,"rand=1-2_rate=1.5_ROB=LH_Bias=Rct20_NRE20-35","1-2",1.5,"LH","Rct20_NRE20-35",0.182321556793955,0.182321556793955,0.182321556793955,0.182321556793955,0.182321556793955,0.300104592450338,0.212962612874995,0.212962612874995,-0.118645062858697,TRUE,0.740144813457264,1.00100903644529,-0.0987345613954311,TRUE,0.473122503599494,1.00098719183631,-0.215433077744146,TRUE,0.816637866321352,1.0011271668678,0.00406968636284122,TRUE,0.649189020416138,1.00098661160943
130,"rand=1-2_rate=1.5_ROB=LH_Bias=Rct20_NRE20-35","1-2",1.5,"LH","Rct20_NRE20-35",0.182321556793955,0.182321556793955,0.182321556793955,0.182321556793955,0.182321556793955,0.300104592450338,0.185190963647433,0.185190963647433,-0.0938935172315858,TRUE,0.671205797939316,1.00106657827674,-0.0986679057398212,TRUE,0.462275786719694,1.00099257764888,-0.172308605533466,TRUE,0.706296785920374,1.00098622170643,-0.0287310804791951,TRUE,0.780759517058016,1.00099117824902
131,"rand=1-2_rate=1.5_ROB=LH_Bias=Rct20_NRE20-35","1-2",1.5,"LH","Rct20_NRE20-35",0.182321556793955,0.182321556793955,0.182321556793955,0.182321556793955,0.182321556793955,0.300104592450338,0.209115855751763,0.209115855751763,-0.0997229220495544,TRUE,0.536160691541665,1.00101344465667,-0.289107634531938,FALSE,0.444586154403378,1.00098615131104,-0.480660847767429,FALSE,0.753457362988022,1.00130650854073,-0.181286028267536,TRUE,0.621900333940307,1.00099155011192
132,"rand=1-2_rate=1.5_ROB=LH_Bias=Rct20_NRE20-35","1-2",1.5,"LH","Rct20_NRE20-35",0.182321556793955,0.182321556793955,0.182321556793955,0.182321556793955,0.182321556793955,0.300104592450338,0.194275560686195,0.194275560686195,-0.258815883776086,TRUE,0.679016882258716,1.00105790731459,-0.249010553426114,FALSE,0.434082286631984,1.00113607027122,-0.203510219497137,TRUE,0.660695571546028,1.00136295484957,-0.277828107738946,TRUE,0.732933189245504,1.0009862429247
133,"rand=1-2_rate=1.5_ROB=LH_Bias=Rct20_NRE20-35","1-2",1.5,"LH","Rct20_NRE20-35",0.182321556793955,0.182321556793955,0.182321556793955,0.182321556793955,0.182321556793955,0.300104592450338,0.204210014914279,0.204210014914279,-0.119029039103862,TRUE,0.513234951797941,1.00101799913249,-0.258511981999386,FALSE,0.442306329224971,1.0010284932343,-0.154665698319353,TRUE,0.586300737535188,1.00130853883767,-0.334967526726268,TRUE,0.830469588030237,1.00099404964198
134,"rand=1-2_rate=1.5_ROB=LH_Bias=Rct20_NRE20-35","1-2",1.5,"LH","Rct20_NRE20-35",0.182321556793955,0.182321556793955,0.182321556793955,0.182321556793955,0.182321556793955,0.300104592450338,0.205708533901287,0.205708533901287,-0.457167713343775,FALSE,0.569929487266148,1.00114535791165,-0.544488966632451,FALSE,0.280931573673005,1.00119981153665,-0.288209779816515,FALSE,0.584834527606883,1.0015961709653,-0.599354611012539,FALSE,0.341859816459047,1.00099544013343
135,"rand=1-2_rate=1.5_ROB=LH_Bias=Rct20_NRE20-35","1-2",1.5,"LH","Rct20_NRE20-35",0.182321556793955,0.182321556793955,0.182321556793955,0.182321556793955,0.182321556793955,0.300104592450338,0.217197217094286,0.217197217094286,-0.358464510496824,FALSE,0.714133517401088,1.00098803245087,-0.48959850687354,FALSE,0.543322983039022,1.00101260676339,-0.303968138698135,FALSE,0.642379680109771,1.00132352908028,-0.650276999275226,FALSE,1.08029536286172,1.00102703508858
136,"rand=1-2_rate=1.5_ROB=LH_Bias=Rct20_NRE20-35","1-2",1.5,"LH","Rct20_NRE20-35",0.182321556793955,0.182321556793955,0.182321556793955,0.182321556793955,0.182321556793955,0.300104592450338,0.200863927193751,0.200863927193751,-0.0861781305432989,TRUE,0.587314623243814,1.00103962467126,-0.186229591665446,TRUE,0.419182344584144,1.00099060706335,-0.0883225531209222,TRUE,0.58528436515255,1.0010297833505,-0.24927662258515,TRUE,0.722090575003286,1.00103136443864
137,"rand=1-2_rate=1.5_ROB=LH_Bias=Rct20_NRE20-35","1-2",1.5,"LH","Rct20_NRE20-35",0.182321556793955,0.182321556793955,0.182321556793955,0.182321556793955,0.182321556793955,0.300104592450338,0.200881028794206,0.200881028794206,-0.338429827144146,FALSE,0.61621830218365,1.00106729715445,-0.26637795040141,FALSE,0.331681099690354,1.00105372734393,-0.352214259846208,FALSE,0.659109583626826,1.00139752227366,-0.231163894980679,FALSE,0.463228580068573,1.0009860035442
138,"rand=1-2_rate=1.5_ROB=LH_Bias=Rct20_NRE20-35","1-2",1.5,"LH","Rct20_NRE20-35",0.182321556793955,0.182321556793955,0.182321556793955,0.182321556793955,0.182321556793955,0.300104592450338,0.2200752041613,0.2200752041613,0.00267159706018572,TRUE,0.562518846476985,1.00098958354075,-0.0178075180319108,TRUE,0.391993886852463,1.00099097875408,0.0697348153807813,TRUE,0.454123237756634,1.00113983325054,-0.101740237822908,TRUE,0.826186191943024,1.0010075320456
139,"rand=1-2_rate=1.5_ROB=LH_Bias=Rct20_NRE20-35","1-2",1.5,"LH","Rct20_NRE20-35",0.182321556793955,0.182321556793955,0.182321556793955,0.182321556793955,0.182321556793955,0.300104592450338,0.187109381148101,0.187109381148101,-0.161623351339485,TRUE,0.538643496332442,1.00233544091149,-0.283441756886912,FALSE,0.349835357434667,1.00100501504697,-0.288657553815286,FALSE,0.553211985504227,1.00130712421223,-0.276991962436168,TRUE,0.635659890526783,1.00100670440722
140,"rand=1-2_rate=1.5_ROB=LH_Bias=Rct20_NRE20-35","1-2",1.5,"LH","Rct20_NRE20-35",0.182321556793955,0.182321556793955,0.182321556793955,0.182321556793955,0.182321556793955,0.300104592450338,0.194854821203154,0.194854821203154,-0.0307545706600143,TRUE,0.547872341126561,1.00126250277208,-0.142450912083522,TRUE,0.452892163869676,1.00099049796749,-0.0984675842932992,TRUE,0.541677687057946,1.00130929469598,-0.170495026294855,TRUE,0.942522135374819,1.00098730269083
141,"rand=1-2_rate=1.5_ROB=LH_Bias=Rct20_NRE20-35","1-2",1.5,"LH","Rct20_NRE20-35",0.182321556793955,0.182321556793955,0.182321556793955,0.182321556793955,0.182321556793955,0.300104592450338,0.204041944725852,0.204041944725852,-0.141504441935964,TRUE,0.631837615937441,1.00100067489155,-0.122466780583177,TRUE,0.413971124670787,1.00099318677589,-0.0153600328428518,TRUE,0.506387114045525,1.00109634571461,-0.210073598559666,TRUE,0.808889970189774,1.00098613646159
142,"rand=1-2_rate=1.5_ROB=LH_Bias=Rct20_NRE20-35","1-2",1.5,"LH","Rct20_NRE20-35",0.182321556793955,0.182321556793955,0.182321556793955,0.182321556793955,0.182321556793955,0.300104592450338,0.181704792683221,0.181704792683221,-0.261551067496151,FALSE,0.594579224263075,1.00102301948648,-0.300054151169383,FALSE,0.38354077726084,1.00103248713785,-0.1936253985011,TRUE,0.680635595404884,1.00112659009313,-0.349680341108198,FALSE,0.547638987556076,1.00104787682204
143,"rand=1-2_rate=1.5_ROB=LH_Bias=Rct20_NRE20-35","1-2",1.5,"LH","Rct20_NRE20-35",0.182321556793955,0.182321556793955,0.182321556793955,0.182321556793955,0.182321556793955,0.300104592450338,0.204417011107385,0.204417011107385,-0.318590157248541,FALSE,0.621200806295733,1.00104500025634,-0.364849329188033,FALSE,0.374797239306233,1.0010358038333,-0.206414424072731,TRUE,0.557168178864929,1.0010493269556,-0.441810820243291,FALSE,0.556399187427997,1.00098944594355
144,"rand=1-2_rate=1.5_ROB=LH_Bias=Rct20_NRE20-35","1-2",1.5,"LH","Rct20_NRE20-35",0.182321556793955,0.182321556793955,0.182321556793955,0.182321556793955,0.182321556793955,0.300104592450338,0.193331166697827,0.193331166697827,-0.161025976055487,TRUE,0.647626141170646,1.00152463063287,-0.220019377299934,FALSE,0.437635030937101,1.00098769715186,-0.0740271536302888,TRUE,0.532610365530263,1.00100958115653,-0.325517578490045,TRUE,0.851398732754131,1.00098656392428
145,"rand=1-2_rate=1.5_ROB=LH_Bias=Rct20_NRE20-35","1-2",1.5,"LH","Rct20_NRE20-35",0.182321556793955,0.182321556793955,0.182321556793955,0.182321556793955,0.182321556793955,0.300104592450338,0.194905479547686,0.194905479547686,-0.492776205817201,FALSE,0.741110521171511,1.0011178856085,-0.295796936608297,FALSE,0.387271355822498,1.00099656749174,-0.521700751608712,FALSE,0.703456602886853,1.00123426548339,-0.199200238610032,TRUE,0.536372423308965,1.00109258146097
146,"rand=1-2_rate=1.5_ROB=LH_Bias=Rct20_NRE20-35","1-2",1.5,"LH","Rct20_NRE20-35",0.182321556793955,0.182321556793955,0.182321556793955,0.182321556793955,0.182321556793955,0.300104592450338,0.1777075188734,0.1777075188734,-0.325678078941847,FALSE,0.710361342509627,1.00104288414639,-0.28548305520181,FALSE,0.424162415518879,1.00103572249838,-0.213103630087195,TRUE,0.597088326600651,1.00128643081492,-0.332125593888702,FALSE,0.767525104114521,1.00098599140414
147,"rand=1-2_rate=1.5_ROB=LH_Bias=Rct20_NRE20-35","1-2",1.5,"LH","Rct20_NRE20-35",0.182321556793955,0.182321556793955,0.182321556793955,0.182321556793955,0.182321556793955,0.300104592450338,0.21125347805948,0.21125347805948,-0.269182962724011,TRUE,0.652041582356625,1.00101574251637,-0.281482198843594,FALSE,0.41058185013392,1.001047604406,-0.137257285158642,TRUE,0.570474089511916,1.00101450122009,-0.371396847442,FALSE,0.672510803197838,1.00098601180877
148,"rand=1-2_rate=1.5_ROB=LH_Bias=Rct20_NRE20-35","1-2",1.5,"LH","Rct20_NRE20-35",0.182321556793955,0.182321556793955,0.182321556793955,0.182321556793955,0.182321556793955,0.300104592450338,0.210155938984458,0.210155938984458,-0.377322815388132,FALSE,0.720185875508102,1.00100764661452,-0.361871128814935,FALSE,0.468078841033434,1.00098604457725,-0.393345846945359,FALSE,0.666545678372739,1.00106883019171,-0.344617394140361,TRUE,0.868925061555967,1.00098603759509
149,"rand=1-2_rate=1.5_ROB=LH_Bias=Rct20_NRE20-35","1-2",1.5,"LH","Rct20_NRE20-35",0.182321556793955,0.182321556793955,0.182321556793955,0.182321556793955,0.182321556793955,0.300104592450338,0.211100625531727,0.211100625531727,-0.0760330771016355,TRUE,0.506264701029987,1.0009915478241,-0.164024136821444,TRUE,0.36197544581725,1.00106490060701,-0.110864041054284,TRUE,0.556614173778483,1.00101705770146,-0.193410805250362,TRUE,0.58940484292822,1.00103078810427
150,"rand=1-2_rate=1.5_ROB=LH_Bias=Rct20_NRE20-35","1-2",1.5,"LH","Rct20_NRE20-35",0.182321556793955,0.182321556793955,0.182321556793955,0.182321556793955,0.182321556793955,0.300104592450338,0.198431292029663,0.198431292029663,-0.069348610598063,TRUE,0.599261842146868,1.00105515119127,-0.0690744132342742,TRUE,0.408890112131654,1.00105430797801,-0.16637955898556,TRUE,0.546905230513304,1.00099459959721,0.015499954810229,TRUE,0.756552007349105,1.00103425197227
151,"rand=1-2_rate=1.5_ROB=LH_Bias=Rct20_NRE20-35","1-2",1.5,"LH","Rct20_NRE20-35",0.182321556793955,0.182321556793955,0.182321556793955,0.182321556793955,0.182321556793955,0.300104592450338,0.210710294423816,0.210710294423816,-0.171927545643839,TRUE,0.636870593175251,1.0009875280873,-0.269811846947392,FALSE,0.499124227425093,1.00099808234701,-0.13485572691517,TRUE,0.60658644936862,1.00098910126331,-0.404014341677691,TRUE,1.00642916359419,1.00099026484836
152,"rand=1-2_rate=1.5_ROB=LH_Bias=Rct20_NRE20-35","1-2",1.5,"LH","Rct20_NRE20-35",0.182321556793955,0.182321556793955,0.182321556793955,0.182321556793955,0.182321556793955,0.300104592450338,0.200314503991453,0.200314503991453,-0.324452396694501,TRUE,0.819804754623752,1.00100327612991,-0.235323250913916,FALSE,0.521676269136134,1.00099787868758,-0.252880600369316,TRUE,0.685446299012917,1.00113778293015,-0.234597664482093,TRUE,1.04046426839782,1.00100167448807
153,"rand=1-2_rate=1.5_ROB=LH_Bias=Rct20_NRE20-35","1-2",1.5,"LH","Rct20_NRE20-35",0.182321556793955,0.182321556793955,0.182321556793955,0.182321556793955,0.182321556793955,0.300104592450338,0.194831471307564,0.194831471307564,-0.24830857202775,FALSE,0.524816880433771,1.0010160030314,-0.220944321766823,FALSE,0.260744329247649,1.00100901716,-0.285286784909176,FALSE,0.576527836286295,1.00129215016236,-0.203944709830013,FALSE,0.363749551167717,1.00100832596422
154,"rand=1-2_rate=1.5_ROB=LH_Bias=Rct20_NRE20-35","1-2",1.5,"LH","Rct20_NRE20-35",0.182321556793955,0.182321556793955,0.182321556793955,0.182321556793955,0.182321556793955,0.300104592450338,0.214272872858569,0.214272872858569,-0.23502598540012,TRUE,0.676556321180174,1.00155959242462,-0.139381258608426,TRUE,0.463449343712976,1.0010156887777,0.0110116955228007,TRUE,0.642112652635042,1.00106764196465,-0.282334551179578,TRUE,0.772003854251776,1.00104300129665
155,"rand=1-2_rate=1.5_ROB=LH_Bias=Rct20_NRE20-35","1-2",1.5,"LH","Rct20_NRE20-35",0.182321556793955,0.182321556793955,0.182321556793955,0.182321556793955,0.182321556793955,0.300104592450338,0.209305559285429,0.209305559285429,-0.323784915754002,FALSE,0.694062580938575,1.00106792129036,-0.323623731712441,FALSE,0.462292073354145,1.00102681040556,-0.382714414109304,FALSE,0.62175601628314,1.00102013503187,-0.275393841300362,TRUE,0.906792769065311,1.00098898329357
156,"rand=1-2_rate=1.5_ROB=LH_Bias=Rct20_NRE20-35","1-2",1.5,"LH","Rct20_NRE20-35",0.182321556793955,0.182321556793955,0.182321556793955,0.182321556793955,0.182321556793955,0.300104592450338,0.211153212913017,0.211153212913017,-0.232108805718372,TRUE,0.574569341071564,1.00099696905943,-0.271136630234221,FALSE,0.339076397568084,1.00099234537089,-0.211389768409226,TRUE,0.631195505761008,1.00098842447295,-0.297382005443953,FALSE,0.477222600091876,1.00101429216341
157,"rand=1-2_rate=1.5_ROB=LH_Bias=Rct20_NRE20-35","1-2",1.5,"LH","Rct20_NRE20-35",0.182321556793955,0.182321556793955,0.182321556793955,0.182321556793955,0.182321556793955,0.300104592450338,0.201592085010926,0.201592085010926,0.019280186019763,TRUE,0.585088182625197,1.00114824065105,-0.0995361699449295,TRUE,0.440343211641155,1.00098610497704,-0.177406375353257,TRUE,0.694512332885762,1.00106165960826,-0.0361406668421835,TRUE,0.719955299654644,1.00101699027946
158,"rand=1-2_rate=1.5_ROB=LH_Bias=Rct20_NRE20-35","1-2",1.5,"LH","Rct20_NRE20-35",0.182321556793955,0.182321556793955,0.182321556793955,0.182321556793955,0.182321556793955,0.300104592450338,0.20702655047036,0.20702655047036,-0.235613088374697,TRUE,0.716572846521145,1.00100766694158,-0.29983043048294,FALSE,0.497678639702839,1.00099150683528,-0.231814926800952,TRUE,0.750009282906989,1.00099199042008,-0.355252743453005,TRUE,0.84842956732154,1.00098806589798
159,"rand=1-2_rate=1.5_ROB=LH_Bias=Rct20_NRE20-35","1-2",1.5,"LH","Rct20_NRE20-35",0.182321556793955,0.182321556793955,0.182321556793955,0.182321556793955,0.182321556793955,0.300104592450338,0.200359198131262,0.200359198131262,-0.0469696772270685,TRUE,0.694680747504626,1.00098754282214,0.0722938920604643,TRUE,0.43671207128935,1.00099527707369,0.0751307380473539,TRUE,0.574448292241459,1.00098622333805,0.0523562237630221,TRUE,0.917472201695548,1.00100271083487
160,"rand=1-2_rate=1.5_ROB=LH_Bias=Rct20_NRE20-35","1-2",1.5,"LH","Rct20_NRE20-35",0.182321556793955,0.182321556793955,0.182321556793955,0.182321556793955,0.182321556793955,0.300104592450338,0.214048791903828,0.214048791903828,-0.0334519126949753,TRUE,0.566494500044409,1.00098599176059,-0.20406139759451,FALSE,0.420099221829578,1.00101169321228,-0.149693756000514,TRUE,0.578050452087747,1.00102680892227,-0.23423009908037,TRUE,0.771400295976531,1.0009962086897
161,"rand=1-2_rate=1.5_ROB=LH_Bias=Rct20_NRE20-35","1-2",1.5,"LH","Rct20_NRE20-35",0.182321556793955,0.182321556793955,0.182321556793955,0.182321556793955,0.182321556793955,0.300104592450338,0.211026124955814,0.211026124955814,-0.0788897178170964,TRUE,0.501254277668793,1.00124772353082,-0.155814742463788,TRUE,0.337470559400462,1.00110494714532,-0.0400458660378999,TRUE,0.501062406514847,1.00111572209145,-0.214454658923843,TRUE,0.55458817738651,1.00100992573192
162,"rand=1-2_rate=1.5_ROB=LH_Bias=Rct20_NRE20-35","1-2",1.5,"LH","Rct20_NRE20-35",0.182321556793955,0.182321556793955,0.182321556793955,0.182321556793955,0.182321556793955,0.300104592450338,0.220218615098417,0.220218615098417,-0.0608266764291996,TRUE,0.486611636693108,1.00102341824963,-0.047188474488091,TRUE,0.258814046814472,1.00102598718321,-0.0332074872100547,TRUE,0.500595791979599,1.00168945906454,-0.0523632370356821,TRUE,0.367003734380892,1.00098764412656
163,"rand=1-2_rate=1.5_ROB=LH_Bias=Rct20_NRE20-35","1-2",1.5,"LH","Rct20_NRE20-35",0.182321556793955,0.182321556793955,0.182321556793955,0.182321556793955,0.182321556793955,0.300104592450338,0.20340522711219,0.20340522711219,-0.0690855923073697,TRUE,0.544012636904366,1.00160546519969,-0.190908375351124,TRUE,0.448783201294363,1.00101527256721,-0.00102125418679244,TRUE,0.531510076166109,1.00122599390534,-0.342028931203063,TRUE,0.817900990169691,1.00098763287506
164,"rand=1-2_rate=1.5_ROB=LH_Bias=Rct20_NRE20-35","1-2",1.5,"LH","Rct20_NRE20-35",0.182321556793955,0.182321556793955,0.182321556793955,0.182321556793955,0.182321556793955,0.300104592450338,0.194025749317463,0.194025749317463,-0.177980937772928,TRUE,0.647476216634436,1.00120440944498,-0.246471948130568,FALSE,0.484193604258836,1.00098606180569,-0.264567042855213,TRUE,0.603215609461336,1.00112476186339,-0.23842448294925,TRUE,1.01599336705368,1.00107360462011
165,"rand=1-2_rate=1.5_ROB=LH_Bias=Rct20_NRE20-35","1-2",1.5,"LH","Rct20_NRE20-35",0.182321556793955,0.182321556793955,0.182321556793955,0.182321556793955,0.182321556793955,0.300104592450338,0.199280011172978,0.199280011172978,-0.129204645348531,TRUE,0.518478794633395,1.00099328962254,-0.150723077368879,FALSE,0.312221905861819,1.00098605760717,-0.0878335849311456,TRUE,0.634797588092235,1.00098630705555,-0.175355170100651,FALSE,0.399088987754716,1.00117065435069
166,"rand=1-2_rate=1.5_ROB=LH_Bias=Rct20_NRE20-35","1-2",1.5,"LH","Rct20_NRE20-35",0.182321556793955,0.182321556793955,0.182321556793955,0.182321556793955,0.182321556793955,0.300104592450338,0.184613574217209,0.184613574217209,-0.179682865826494,TRUE,0.627856753504222,1.0019255890929,-0.1182338594446,TRUE,0.351073479314192,1.00113111523384,-0.154181117184517,TRUE,0.534155920158684,1.00115885016866,-0.103084213456456,TRUE,0.621880436712186,1.0009914114972
167,"rand=1-2_rate=1.5_ROB=LH_Bias=Rct20_NRE20-35","1-2",1.5,"LH","Rct20_NRE20-35",0.182321556793955,0.182321556793955,0.182321556793955,0.182321556793955,0.182321556793955,0.300104592450338,0.208217852975402,0.208217852975402,-0.140510434934622,TRUE,0.602340641414286,1.00105462495146,-0.29657273683863,FALSE,0.48965799512901,1.00099514922352,-0.381596881837875,FALSE,0.796315940959218,1.00104290821579,-0.234655473856143,TRUE,0.757416533175237,1.00099548531282
168,"rand=1-2_rate=1.5_ROB=LH_Bias=Rct20_NRE20-35","1-2",1.5,"LH","Rct20_NRE20-35",0.182321556793955,0.182321556793955,0.182321556793955,0.182321556793955,0.182321556793955,0.300104592450338,0.219775211571589,0.219775211571589,-0.0126544138016866,TRUE,0.581926722758287,1.00119623256757,-0.0620854350436637,TRUE,0.372322619014241,1.00099171248465,-0.261447735821212,FALSE,0.575367167856625,1.00105633714817,0.0583858078501235,TRUE,0.600011625321418,1.00100007323151
169,"rand=1-2_rate=1.5_ROB=LH_Bias=Rct20_NRE20-35","1-2",1.5,"LH","Rct20_NRE20-35",0.182321556793955,0.182321556793955,0.182321556793955,0.182321556793955,0.182321556793955,0.300104592450338,0.209754746144026,0.209754746144026,-0.242840930350255,TRUE,0.613236705063101,1.00113133653546,-0.261385427467124,FALSE,0.376993476065494,1.00099563068443,-0.190039676265124,TRUE,0.597591560751264,1.00098687178752,-0.303184088210837,FALSE,0.595112888483127,1.00099985497521
170,"rand=1-2_rate=1.5_ROB=LH_Bias=Rct20_NRE20-35","1-2",1.5,"LH","Rct20_NRE20-35",0.182321556793955,0.182321556793955,0.182321556793955,0.182321556793955,0.182321556793955,0.300104592450338,0.184957866528425,0.184957866528425,0.0125309635974548,TRUE,0.590874467559932,1.00113140644933,-0.0201096890661216,TRUE,0.461211018196541,1.0011015193391,-0.17689768761162,TRUE,0.819882477354991,1.00099067399592,0.110134987531019,TRUE,0.629406724558121,1.0010198740825
171,"rand=1-2_rate=1.5_ROB=LH_Bias=Rct20_NRE20-35","1-2",1.5,"LH","Rct20_NRE20-35",0.182321556793955,0.182321556793955,0.182321556793955,0.182321556793955,0.182321556793955,0.300104592450338,0.20473375927848,0.20473375927848,-0.073658005811825,TRUE,0.572288543784494,1.00101100627536,-0.226967171195954,FALSE,0.449573200013417,1.00098855974881,-0.0120666396135747,TRUE,0.515442658606743,1.00137314873278,-0.399538143684351,FALSE,0.830917783696929,1.00099608497377
172,"rand=1-2_rate=1.5_ROB=LH_Bias=Rct20_NRE20-35","1-2",1.5,"LH","Rct20_NRE20-35",0.182321556793955,0.182321556793955,0.182321556793955,0.182321556793955,0.182321556793955,0.300104592450338,0.209889223672943,0.209889223672943,-0.0277496822119701,TRUE,0.569927195910225,1.00099207038098,-0.141672867474816,TRUE,0.472358945702808,1.00098869782893,-0.158824856631846,TRUE,0.817956819067844,1.00105224378434,-0.126810865080577,TRUE,0.674458807263835,1.00099022844883
173,"rand=1-2_rate=1.5_ROB=LH_Bias=Rct20_NRE20-35","1-2",1.5,"LH","Rct20_NRE20-35",0.182321556793955,0.182321556793955,0.182321556793955,0.182321556793955,0.182321556793955,0.300104592450338,0.215645875718071,0.215645875718071,-0.199922413852763,TRUE,0.581416419911371,1.00100794620445,-0.310674016880863,FALSE,0.393504211017562,1.00100706934129,-0.374008545953786,FALSE,0.700759925017801,1.00100623020981,-0.276219786109546,FALSE,0.581824492966151,1.00098997840765
174,"rand=1-2_rate=1.5_ROB=LH_Bias=Rct20_NRE20-35","1-2",1.5,"LH","Rct20_NRE20-35",0.182321556793955,0.182321556793955,0.182321556793955,0.182321556793955,0.182321556793955,0.300104592450338,0.201351007596473,0.201351007596473,-0.431965729843511,FALSE,0.683844842692392,1.00099094520285,-0.469249953970339,FALSE,0.422031218522442,1.00100394893666,-0.456325305650517,FALSE,0.712915710645613,1.00132262824466,-0.474069897429717,FALSE,0.653931184917091,1.00099611765201
175,"rand=1-2_rate=1.5_ROB=LH_Bias=Rct20_NRE20-35","1-2",1.5,"LH","Rct20_NRE20-35",0.182321556793955,0.182321556793955,0.182321556793955,0.182321556793955,0.182321556793955,0.300104592450338,0.185951673586597,0.185951673586597,-0.168130833403634,TRUE,0.561980184989863,1.00108865790197,-0.233520340155715,FALSE,0.365605626321073,1.00114209426038,-0.124173829495772,TRUE,0.532081878054268,1.00174896310674,-0.294976180485439,FALSE,0.611505339360172,1.00099120398975
176,"rand=1-2_rate=1.5_ROB=LH_Bias=Rct20_NRE20-35","1-2",1.5,"LH","Rct20_NRE20-35",0.182321556793955,0.182321556793955,0.182321556793955,0.182321556793955,0.182321556793955,0.300104592450338,0.200653473330997,0.200653473330997,-0.329391945788258,FALSE,0.567912952148452,1.000987205708,-0.341673700447319,FALSE,0.304948110316245,1.00100744729385,-0.261569694911779,TRUE,0.730563074954008,1.00165581591193,-0.363947475758842,FALSE,0.357297268496292,1.00099896092005
177,"rand=1-2_rate=1.5_ROB=LH_Bias=Rct20_NRE20-35","1-2",1.5,"LH","Rct20_NRE20-35",0.182321556793955,0.182321556793955,0.182321556793955,0.182321556793955,0.182321556793955,0.300104592450338,0.189732186396119,0.189732186396119,-0.223170853439201,TRUE,0.658958809085488,1.00098648005133,-0.427878669321419,FALSE,0.490973408540663,1.00099861194666,-0.245617070302404,TRUE,0.6068359153905,1.00213886068206,-0.551590498274861,FALSE,0.930403978965733,1.00101147867836
178,"rand=1-2_rate=1.5_ROB=LH_Bias=Rct20_NRE20-35","1-2",1.5,"LH","Rct20_NRE20-35",0.182321556793955,0.182321556793955,0.182321556793955,0.182321556793955,0.182321556793955,0.300104592450338,0.206216514569739,0.206216514569739,-0.0134201198156132,TRUE,0.542409054787675,1.00107758588368,-0.118514754983931,TRUE,0.438012051592002,1.00106278607981,-0.106267132116233,TRUE,0.528748118705825,1.00099241970258,-0.127977485475283,TRUE,0.930267875860333,1.00099453885657
179,"rand=1-2_rate=1.5_ROB=LH_Bias=Rct20_NRE20-35","1-2",1.5,"LH","Rct20_NRE20-35",0.182321556793955,0.182321556793955,0.182321556793955,0.182321556793955,0.182321556793955,0.300104592450338,0.196664319522254,0.196664319522254,-0.0736163594938466,TRUE,0.654196681948789,1.00098601417646,-0.144966420183568,TRUE,0.466820369286553,1.00099007487853,-0.129257682847145,TRUE,0.702099249778022,1.00105253895027,-0.15655500350474,TRUE,0.807108188701567,1.00101493451357
180,"rand=1-2_rate=1.5_ROB=LH_Bias=Rct20_NRE20-35","1-2",1.5,"LH","Rct20_NRE20-35",0.182321556793955,0.182321556793955,0.182321556793955,0.182321556793955,0.182321556793955,0.300104592450338,0.21302208703567,0.21302208703567,-0.42120766531702,FALSE,0.639602451646407,1.00100421552501,-0.330697678721323,FALSE,0.408032036119045,1.00098693999365,-0.457450933863613,FALSE,0.898397366451551,1.00100400220181,-0.273511116486885,FALSE,0.453232810801057,1.00098601026222
181,"rand=1-2_rate=1.5_ROB=LH_Bias=Rct20_NRE20-35","1-2",1.5,"LH","Rct20_NRE20-35",0.182321556793955,0.182321556793955,0.182321556793955,0.182321556793955,0.182321556793955,0.300104592450338,0.199606880048426,0.199606880048426,-0.250840299912058,TRUE,0.717617165953665,1.00125252223953,-0.269675664566145,FALSE,0.458514172004527,1.00111267777102,0.02561958354408,TRUE,0.49522277533065,1.00198260654825,-0.501489513232282,FALSE,0.683924493660808,1.00099145763714
182,"rand=1-2_rate=1.5_ROB=LH_Bias=Rct20_NRE20-35","1-2",1.5,"LH","Rct20_NRE20-35",0.182321556793955,0.182321556793955,0.182321556793955,0.182321556793955,0.182321556793955,0.300104592450338,0.181113341070914,0.181113341070914,-0.357738138252616,FALSE,0.697731611838772,1.00101314842633,-0.312798840362054,FALSE,0.430620689915423,1.00099949412311,-0.350005568282606,FALSE,0.697160609862969,1.0010496656107,-0.28847168705687,TRUE,0.688760487746242,1.00098631288704
183,"rand=1-2_rate=1.5_ROB=LH_Bias=Rct20_NRE20-35","1-2",1.5,"LH","Rct20_NRE20-35",0.182321556793955,0.182321556793955,0.182321556793955,0.182321556793955,0.182321556793955,0.300104592450338,0.185060921458168,0.185060921458168,-0.260150460000891,TRUE,0.626001111125134,1.00099048114058,-0.149390718361759,TRUE,0.417041203758696,1.00106327347012,-0.195272357648448,TRUE,0.607254401744014,1.00185067525912,-0.115872022040747,TRUE,0.746086117617319,1.00098820789285
184,"rand=1-2_rate=1.5_ROB=LH_Bias=Rct20_NRE20-35","1-2",1.5,"LH","Rct20_NRE20-35",0.182321556793955,0.182321556793955,0.182321556793955,0.182321556793955,0.182321556793955,0.300104592450338,0.203668781666616,0.203668781666616,-0.133249364691753,TRUE,0.564204431854446,1.00101663295959,-0.239775132992558,FALSE,0.426724841549988,1.00102722322456,-0.218894239454724,TRUE,0.618812021888529,1.00242083371053,-0.252414854557287,TRUE,0.775841434254593,1.00098932446466
185,"rand=1-2_rate=1.5_ROB=LH_Bias=Rct20_NRE20-35","1-2",1.5,"LH","Rct20_NRE20-35",0.182321556793955,0.182321556793955,0.182321556793955,0.182321556793955,0.182321556793955,0.300104592450338,0.204552875793976,0.204552875793976,-0.197209619037996,TRUE,0.52212883535799,1.00118755339334,-0.251490546279702,FALSE,0.328001794698182,1.00105363762941,-0.288896176261806,FALSE,0.578480166647958,1.00155498916041,-0.235909415326013,FALSE,0.517392692039014,1.00098969459265
186,"rand=1-2_rate=1.5_ROB=LH_Bias=Rct20_NRE20-35","1-2",1.5,"LH","Rct20_NRE20-35",0.182321556793955,0.182321556793955,0.182321556793955,0.182321556793955,0.182321556793955,0.300104592450338,0.21233876470894,0.21233876470894,-0.179627652904115,TRUE,0.647661175703638,1.0010027589618,-0.191444884931817,FALSE,0.406862098361817,1.00098612791052,-0.254247524069323,TRUE,0.611080667480684,1.00100404439095,-0.151896082104341,TRUE,0.677343844511519,1.00099244539059
187,"rand=1-2_rate=1.5_ROB=LH_Bias=Rct20_NRE20-35","1-2",1.5,"LH","Rct20_NRE20-35",0.182321556793955,0.182321556793955,0.182321556793955,0.182321556793955,0.182321556793955,0.300104592450338,0.18769064899113,0.18769064899113,-0.433962722556036,FALSE,0.696059317841649,1.00101953572343,-0.375908941624003,FALSE,0.407839760993777,1.00113807769141,-0.460748262904553,FALSE,0.684720123973377,1.00136606710832,-0.33605177615414,FALSE,0.640923043782267,1.00102207101243
188,"rand=1-2_rate=1.5_ROB=LH_Bias=Rct20_NRE20-35","1-2",1.5,"LH","Rct20_NRE20-35",0.182321556793955,0.182321556793955,0.182321556793955,0.182321556793955,0.182321556793955,0.300104592450338,0.201655726446113,0.201655726446113,-0.263182854143089,TRUE,0.756769024648605,1.00101972839768,-0.251271112977984,FALSE,0.497800671327013,1.00099537090603,-0.273776246956585,TRUE,0.830564449101881,1.00105192310553,-0.228000808550627,TRUE,0.816917383530294,1.00099930579349
189,"rand=1-2_rate=1.5_ROB=LH_Bias=Rct20_NRE20-35","1-2",1.5,"LH","Rct20_NRE20-35",0.182321556793955,0.182321556793955,0.182321556793955,0.182321556793955,0.182321556793955,0.300104592450338,0.200073564107296,0.200073564107296,-0.0652950820202696,TRUE,0.607097233498481,1.00099181606208,-0.147091560330362,TRUE,0.467336784592564,1.00098611004133,-0.178893007037052,TRUE,0.58482467346563,1.00101195926118,-0.121829386390926,TRUE,0.946047962983288,1.00100099169567
190,"rand=1-2_rate=1.5_ROB=LH_Bias=Rct20_NRE20-35","1-2",1.5,"LH","Rct20_NRE20-35",0.182321556793955,0.182321556793955,0.182321556793955,0.182321556793955,0.182321556793955,0.300104592450338,0.20685607245225,0.20685607245225,-0.335570054289888,FALSE,0.636494924812987,1.001056899777,-0.441427688785176,FALSE,0.449363137901297,1.00103144190409,-0.211289588817148,TRUE,0.572879761827929,1.00228410915345,-0.581925002982681,FALSE,0.725021922191263,1.00101379720055
191,"rand=1-2_rate=1.5_ROB=LH_Bias=Rct20_NRE20-35","1-2",1.5,"LH","Rct20_NRE20-35",0.182321556793955,0.182321556793955,0.182321556793955,0.182321556793955,0.182321556793955,0.300104592450338,0.199565448670005,0.199565448670005,-0.279766977145808,TRUE,0.662046968760242,1.00108447488519,-0.12961174295562,TRUE,0.452980723627666,1.00098666233973,-0.176463688779566,TRUE,0.644686000279586,1.00103895194488,-0.091075238465691,TRUE,0.842428092598618,1.00099983692582
192,"rand=1-2_rate=1.5_ROB=LH_Bias=Rct20_NRE20-35","1-2",1.5,"LH","Rct20_NRE20-35",0.182321556793955,0.182321556793955,0.182321556793955,0.182321556793955,0.182321556793955,0.300104592450338,0.221749837340219,0.221749837340219,-0.12900467955999,TRUE,0.600344043543877,1.00099638407468,-0.308784733784551,FALSE,0.500882656737127,1.00099222538048,-0.199642966633977,TRUE,0.691084030245223,1.00098826839269,-0.398668272497224,FALSE,0.87591596743782,1.00098681786264
193,"rand=1-2_rate=1.5_ROB=LH_Bias=Rct20_NRE20-35","1-2",1.5,"LH","Rct20_NRE20-35",0.182321556793955,0.182321556793955,0.182321556793955,0.182321556793955,0.182321556793955,0.300104592450338,0.189144913043637,0.189144913043637,-0.0956365772967422,TRUE,0.583341291907446,1.00098602790047,-0.197194073084584,TRUE,0.446077561055916,1.0009861829683,-0.0811642762538534,TRUE,0.64241944656463,1.0009912606382,-0.289537166509044,TRUE,0.74922352492683,1.00099328251756
194,"rand=1-2_rate=1.5_ROB=LH_Bias=Rct20_NRE20-35","1-2",1.5,"LH","Rct20_NRE20-35",0.182321556793955,0.182321556793955,0.182321556793955,0.182321556793955,0.182321556793955,0.300104592450338,0.216171455417063,0.216171455417063,-0.285867077708998,TRUE,0.704035484854347,1.00099566691369,-0.362040711384864,FALSE,0.495650468549438,1.00098951369277,-0.19796816943766,TRUE,0.610704201445056,1.00123053104725,-0.516931188747152,FALSE,0.945147322007243,1.0010106263559
195,"rand=1-2_rate=1.5_ROB=LH_Bias=Rct20_NRE20-35","1-2",1.5,"LH","Rct20_NRE20-35",0.182321556793955,0.182321556793955,0.182321556793955,0.182321556793955,0.182321556793955,0.300104592450338,0.201825932463466,0.201825932463466,-0.190793003347765,TRUE,0.621280582686571,1.00098905428698,-0.244938274286233,FALSE,0.420255824127154,1.0010745521331,-0.317567097825131,FALSE,0.664136807316484,1.00100522805297,-0.193589005135899,TRUE,0.670690975807768,1.00100331733169
196,"rand=1-2_rate=1.5_ROB=LH_Bias=Rct20_NRE20-35","1-2",1.5,"LH","Rct20_NRE20-35",0.182321556793955,0.182321556793955,0.182321556793955,0.182321556793955,0.182321556793955,0.300104592450338,0.193236585289037,0.193236585289037,-0.168850849199649,TRUE,0.538322001016314,1.0009874318119,-0.284374142616109,FALSE,0.37711892845941,1.00099986041682,-0.11566604474514,TRUE,0.538538338012813,1.00142736704911,-0.372449560133752,FALSE,0.629092484854262,1.00110178488209
197,"rand=1-2_rate=1.5_ROB=LH_Bias=Rct20_NRE20-35","1-2",1.5,"LH","Rct20_NRE20-35",0.182321556793955,0.182321556793955,0.182321556793955,0.182321556793955,0.182321556793955,0.300104592450338,0.214150141044559,0.214150141044559,-0.415457587732652,FALSE,0.753955322623518,1.00107927957129,-0.31450197518121,FALSE,0.416347081711829,1.00100671620714,-0.47819674801347,FALSE,0.802825021942144,1.00098838166535,-0.245111035745077,TRUE,0.5631044761513,1.00099086214968
198,"rand=1-2_rate=1.5_ROB=LH_Bias=Rct20_NRE20-35","1-2",1.5,"LH","Rct20_NRE20-35",0.182321556793955,0.182321556793955,0.182321556793955,0.182321556793955,0.182321556793955,0.300104592450338,0.189798544717469,0.189798544717469,-0.242223089102737,TRUE,0.664465288589502,1.0010208602685,-0.310059064305193,FALSE,0.479333816061468,1.00099248698845,-0.249877091490243,TRUE,0.631899604571954,1.0011022654435,-0.361774217565838,TRUE,0.932066492793807,1.00099704531264
199,"rand=1-2_rate=1.5_ROB=LH_Bias=Rct20_NRE20-35","1-2",1.5,"LH","Rct20_NRE20-35",0.182321556793955,0.182321556793955,0.182321556793955,0.182321556793955,0.182321556793955,0.300104592450338,0.208473106240657,0.208473106240657,-0.333780338217954,FALSE,0.707778743611059,1.00161895632482,-0.311521705800892,FALSE,0.47754997793018,1.00106239810369,-0.341575386969046,FALSE,0.588543936844275,1.00102159216853,-0.296751003615968,TRUE,1.02130772992571,1.00098698295838
200,"rand=1-2_rate=1.5_ROB=LH_Bias=Rct20_NRE20-35","1-2",1.5,"LH","Rct20_NRE20-35",0.182321556793955,0.182321556793955,0.182321556793955,0.182321556793955,0.182321556793955,0.300104592450338,0.209410760790103,0.209410760790103,-0.079204049940047,TRUE,0.641392329950022,1.00098760213002,-0.227849115047372,TRUE,0.550090044903441,1.00098957943229,-0.15034364673343,TRUE,0.643665108099379,1.00099819693727,-0.325427510278497,TRUE,1.20927437681021,1.0010077916157
201,"rand=1-2_rate=1.5_ROB=LH_Bias=Rct20_NRE20-35","1-2",1.5,"LH","Rct20_NRE20-35",0.182321556793955,0.182321556793955,0.182321556793955,0.182321556793955,0.182321556793955,0.300104592450338,0.215932641998992,0.215932641998992,-0.216262588585066,TRUE,0.595216610996396,1.0010014850854,-0.150213091845034,TRUE,0.359602829581605,1.00121247454504,-0.360291575972087,FALSE,0.675880951186203,1.00098883154156,-0.0578305887692001,TRUE,0.460190524566424,1.00099605617694
202,"rand=1-2_rate=1.5_ROB=LH_Bias=Rct20_NRE20-35","1-2",1.5,"LH","Rct20_NRE20-35",0.182321556793955,0.182321556793955,0.182321556793955,0.182321556793955,0.182321556793955,0.300104592450338,0.1989670948208,0.1989670948208,-0.168796575506619,TRUE,0.502676189194359,1.00099396641713,-0.20422334302937,FALSE,0.275074216126067,1.0009900816521,-0.262310210801306,TRUE,0.62151854960101,1.00104464639636,-0.188709568713035,FALSE,0.363044320176852,1.00098885220559
203,"rand=1-2_rate=1.5_ROB=LH_Bias=Rct20_NRE20-35","1-2",1.5,"LH","Rct20_NRE20-35",0.182321556793955,0.182321556793955,0.182321556793955,0.182321556793955,0.182321556793955,0.300104592450338,0.217982510931342,0.217982510931342,-0.303137860335445,TRUE,0.671519657959981,1.00103084770776,-0.246833448814674,FALSE,0.42922521988085,1.00099186195165,-0.246481263130768,TRUE,0.646784142257902,1.00103109004396,-0.241589699982301,TRUE,0.745287163911273,1.00099223261008
204,"rand=1-2_rate=1.5_ROB=LH_Bias=Rct20_NRE20-35","1-2",1.5,"LH","Rct20_NRE20-35",0.182321556793955,0.182321556793955,0.182321556793955,0.182321556793955,0.182321556793955,0.300104592450338,0.19751072579382,0.19751072579382,-0.153208005649124,TRUE,0.63421525813962,1.00099382983154,-0.320442601815504,FALSE,0.503385922094836,1.00104554740729,-0.364875447895382,FALSE,0.737639480408842,1.00172400567375,-0.281564816946761,TRUE,0.886292642527455,1.00098618581872
205,"rand=1-2_rate=1.5_ROB=LH_Bias=Rct20_NRE20-35","1-2",1.5,"LH","Rct20_NRE20-35",0.182321556793955,0.182321556793955,0.182321556793955,0.182321556793955,0.182321556793955,0.300104592450338,0.194432905144736,0.194432905144736,-0.0120796135540893,TRUE,0.563706941205592,1.00129657683032,-0.0807039131432277,TRUE,0.425360874076884,1.00098658538937,0.138438482518675,TRUE,0.385561550360427,1.00106846265361,-0.325762900596585,TRUE,0.9192203425526,1.00098608748311
206,"rand=1-2_rate=1.5_ROB=LH_Bias=Rct20_NRE20-35","1-2",1.5,"LH","Rct20_NRE20-35",0.182321556793955,0.182321556793955,0.182321556793955,0.182321556793955,0.182321556793955,0.300104592450338,0.205070476818138,0.205070476818138,0.0196581769573612,TRUE,0.45063656466441,1.00102003768783,-0.117720968686189,TRUE,0.466663311911444,1.00102838452396,0.0580080110982688,TRUE,0.560857892335975,1.00098804688564,-0.297690314483423,TRUE,0.829665303594039,1.00098625756129
207,"rand=1-2_rate=1.5_ROB=LH_Bias=Rct20_NRE20-35","1-2",1.5,"LH","Rct20_NRE20-35",0.182321556793955,0.182321556793955,0.182321556793955,0.182321556793955,0.182321556793955,0.300104592450338,0.199065644600127,0.199065644600127,-0.2499816286327,TRUE,0.702835707496749,1.00115072560822,-0.233853558791526,FALSE,0.492927356397017,1.00100657631435,-0.304909250426542,FALSE,0.626927663779193,1.00098700466519,-0.191840236067968,TRUE,1.00249438120624,1.0009956342273
208,"rand=1-2_rate=1.5_ROB=LH_Bias=Rct20_NRE20-35","1-2",1.5,"LH","Rct20_NRE20-35",0.182321556793955,0.182321556793955,0.182321556793955,0.182321556793955,0.182321556793955,0.300104592450338,0.213038753927085,0.213038753927085,-0.132309696729255,TRUE,0.603755575641955,1.00099528123437,-0.223677378122461,FALSE,0.401390719121478,1.00101490302097,-0.0866918738251072,TRUE,0.567189604493582,1.00101260723026,-0.314377685190368,FALSE,0.662281356584289,1.00099043686225
209,"rand=1-2_rate=1.5_ROB=LH_Bias=Rct20_NRE20-35","1-2",1.5,"LH","Rct20_NRE20-35",0.182321556793955,0.182321556793955,0.182321556793955,0.182321556793955,0.182321556793955,0.300104592450338,0.209788513128409,0.209788513128409,-0.334736978752533,FALSE,0.714327908542791,1.00105251404373,-0.302992190133087,FALSE,0.434039917119661,1.00109556191974,-0.272587744135744,FALSE,0.583426406996679,1.00162079126181,-0.335365654297743,TRUE,0.859995524140958,1.00101239007843
210,"rand=1-2_rate=1.5_ROB=LH_Bias=Rct20_NRE20-35","1-2",1.5,"LH","Rct20_NRE20-35",0.182321556793955,0.182321556793955,0.182321556793955,0.182321556793955,0.182321556793955,0.300104592450338,0.207034053526222,0.207034053526222,-0.0765811655456416,TRUE,0.561513587372662,1.00113795153392,-0.177537806129786,TRUE,0.456477972298858,1.00099308261699,-0.0664785041488569,TRUE,0.488780328542855,1.00116868539072,-0.27953131980242,TRUE,1.04671006335193,1.0009944422307
211,"rand=1-2_rate=1.5_ROB=LH_Bias=Rct20_NRE20-35","1-2",1.5,"LH","Rct20_NRE20-35",0.182321556793955,0.182321556793955,0.182321556793955,0.182321556793955,0.182321556793955,0.300104592450338,0.203000409887316,0.203000409887316,-0.0977391439383943,TRUE,0.581282672452045,1.00107500252553,-0.200433168188845,TRUE,0.463961394919176,1.00102115163205,-0.0864147796772476,TRUE,0.489659942118905,1.00130044948507,-0.308794370034271,TRUE,1.11338784237582,1.00099912543723
212,"rand=1-2_rate=1.5_ROB=LH_Bias=Rct20_NRE20-35","1-2",1.5,"LH","Rct20_NRE20-35",0.182321556793955,0.182321556793955,0.182321556793955,0.182321556793955,0.182321556793955,0.300104592450338,0.205886593858662,0.205886593858662,-0.125615084281693,TRUE,0.783929627708744,1.0010564056328,-0.263073276947515,TRUE,0.610343168528804,1.00098734168622,-0.317566462194491,TRUE,0.953303564743623,1.00099562564912,-0.205582055212115,TRUE,1.04808648656627,1.00105323322048
213,"rand=1-2_rate=1.5_ROB=LH_Bias=Rct20_NRE20-35","1-2",1.5,"LH","Rct20_NRE20-35",0.182321556793955,0.182321556793955,0.182321556793955,0.182321556793955,0.182321556793955,0.300104592450338,0.200612119633776,0.200612119633776,-0.238563030311501,TRUE,0.791252401809956,1.00099422651405,-0.279358355037626,FALSE,0.567956555358619,1.00098599160732,-0.311968247847006,TRUE,0.858360792058024,1.0013317226457,-0.246451034917772,TRUE,0.994689412182825,1.0009859967929
214,"rand=1-2_rate=1.5_ROB=LH_Bias=Rct20_NRE20-35","1-2",1.5,"LH","Rct20_NRE20-35",0.182321556793955,0.182321556793955,0.182321556793955,0.182321556793955,0.182321556793955,0.300104592450338,0.210587417099585,0.210587417099585,-0.214230829432786,TRUE,0.715482693756414,1.00098679129099,-0.364009582852549,FALSE,0.562063549169176,1.0009882377563,-0.458724750246457,FALSE,0.885914768039819,1.0009994974126,-0.283681437774741,TRUE,0.921821182206668,1.00098860080005
215,"rand=1-2_rate=1.5_ROB=LH_Bias=Rct20_NRE20-35","1-2",1.5,"LH","Rct20_NRE20-35",0.182321556793955,0.182321556793955,0.182321556793955,0.182321556793955,0.182321556793955,0.300104592450338,0.200868954780033,0.200868954780033,-0.277521204757675,TRUE,0.681138658277961,1.00101178060239,-0.283974272994044,FALSE,0.441114529782988,1.00098987667785,-0.192685445304232,TRUE,0.579789784248909,1.00119325924507,-0.341006284114665,TRUE,0.838234820989665,1.00098956795768
216,"rand=1-2_rate=1.5_ROB=LH_Bias=Rct20_NRE20-35","1-2",1.5,"LH","Rct20_NRE20-35",0.182321556793955,0.182321556793955,0.182321556793955,0.182321556793955,0.182321556793955,0.300104592450338,0.199846273839139,0.199846273839139,-0.255642717856893,TRUE,0.644186323237199,1.00100933540945,-0.189161679282579,FALSE,0.407107261291785,1.00104331973889,-0.293853413876227,TRUE,0.705056041121931,1.00099118459364,-0.121644394797395,TRUE,0.60324736751913,1.0009949195842
217,"rand=1-2_rate=1.5_ROB=LH_Bias=Rct20_NRE20-35","1-2",1.5,"LH","Rct20_NRE20-35",0.182321556793955,0.182321556793955,0.182321556793955,0.182321556793955,0.182321556793955,0.300104592450338,0.205616326915543,0.205616326915543,-0.227441913967782,TRUE,0.724668183934063,1.00099719027265,-0.192163149698407,TRUE,0.474705437178598,1.00101367779979,-0.0680802449829669,TRUE,0.557547663271449,1.00121549272617,-0.318519725216568,TRUE,0.969023561418965,1.00099101184494
218,"rand=1-2_rate=1.5_ROB=LH_Bias=Rct20_NRE20-35","1-2",1.5,"LH","Rct20_NRE20-35",0.182321556793955,0.182321556793955,0.182321556793955,0.182321556793955,0.182321556793955,0.300104592450338,0.196296495903457,0.196296495903457,-0.253726102131243,TRUE,0.640017294576582,1.00110638960632,-0.293952196267471,FALSE,0.429697614511346,1.0010772078379,-0.181775906056907,TRUE,0.583994931104219,1.00098630296916,-0.373130408606615,FALSE,0.760861621606086,1.00098857658834
219,"rand=1-2_rate=1.5_ROB=LH_Bias=Rct20_NRE20-35","1-2",1.5,"LH","Rct20_NRE20-35",0.182321556793955,0.182321556793955,0.182321556793955,0.182321556793955,0.182321556793955,0.300104592450338,0.207708829636609,0.207708829636609,-0.211065187165685,TRUE,0.653764197798499,1.00100099852565,-0.311322804565186,FALSE,0.522261131411672,1.00098659686307,-0.156957438872977,TRUE,0.682128636265393,1.00098613772725,-0.462161829273671,FALSE,0.953024969806162,1.00100918346284
220,"rand=1-2_rate=1.5_ROB=LH_Bias=Rct20_NRE20-35","1-2",1.5,"LH","Rct20_NRE20-35",0.182321556793955,0.182321556793955,0.182321556793955,0.182321556793955,0.182321556793955,0.300104592450338,0.218479206996671,0.218479206996671,-0.142180431937551,TRUE,0.590141005102131,1.00110529649406,-0.191899737501655,TRUE,0.4119577416465,1.00100581969377,-0.0861641846045182,TRUE,0.536202677627135,1.00123196200888,-0.281210958836478,TRUE,0.773997665602492,1.00099716727833
221,"rand=1-2_rate=1.5_ROB=LH_Bias=Rct20_NRE20-35","1-2",1.5,"LH","Rct20_NRE20-35",0.182321556793955,0.182321556793955,0.182321556793955,0.182321556793955,0.182321556793955,0.300104592450338,0.195347350168501,0.195347350168501,-0.27720403676543,TRUE,0.73749819359044,1.00103602780475,-0.24698574823406,FALSE,0.496108416521766,1.00121929119819,-0.451922353578867,FALSE,0.760020363328387,1.00100588607837,-0.0835252696381381,TRUE,0.734645143797548,1.00101688881104
222,"rand=1-2_rate=1.5_ROB=LH_Bias=Rct20_NRE20-35","1-2",1.5,"LH","Rct20_NRE20-35",0.182321556793955,0.182321556793955,0.182321556793955,0.182321556793955,0.182321556793955,0.300104592450338,0.196540938871981,0.196540938871981,-0.347324394658272,FALSE,0.686423523750949,1.00130884451637,-0.274827384009798,FALSE,0.389354733577621,1.00098632410888,-0.488922052670946,FALSE,0.678753701327763,1.00165421534697,-0.171471626419965,TRUE,0.586270182849901,1.00099399722565
223,"rand=1-2_rate=1.5_ROB=LH_Bias=Rct20_NRE20-35","1-2",1.5,"LH","Rct20_NRE20-35",0.182321556793955,0.182321556793955,0.182321556793955,0.182321556793955,0.182321556793955,0.300104592450338,0.192964286601529,0.192964286601529,-0.243096617233857,TRUE,0.629981767032416,1.00099432697263,-0.252873969740087,FALSE,0.41252931983188,1.00105732893236,-0.375195458609785,TRUE,0.961966323138716,1.00100474973548,-0.18432089491272,FALSE,0.400178889475167,1.00098607568462
224,"rand=1-2_rate=1.5_ROB=LH_Bias=Rct20_NRE20-35","1-2",1.5,"LH","Rct20_NRE20-35",0.182321556793955,0.182321556793955,0.182321556793955,0.182321556793955,0.182321556793955,0.300104592450338,0.193502191059185,0.193502191059185,-0.135191248586436,TRUE,0.649702533165954,1.00098911588595,-0.17667579061472,TRUE,0.445361527602532,1.00098834807351,-0.278999883851268,TRUE,0.670093911111864,1.00112332363982,-0.100506736991809,TRUE,0.735766985694207,1.00098779866418
225,"rand=1-2_rate=1.5_ROB=LH_Bias=Rct20_NRE20-35","1-2",1.5,"LH","Rct20_NRE20-35",0.182321556793955,0.182321556793955,0.182321556793955,0.182321556793955,0.182321556793955,0.300104592450338,0.196990997664139,0.196990997664139,-0.0119258918355751,TRUE,0.507536180464951,1.00104786553107,-0.0897910379780007,TRUE,0.325878791094537,1.00098852516521,-0.143495731576975,TRUE,0.582135875809697,1.00109014930215,-0.0644840879851478,TRUE,0.478526220888739,1.00099203386277
226,"rand=1-2_rate=1.5_ROB=LH_Bias=Rct20_NRE20-35","1-2",1.5,"LH","Rct20_NRE20-35",0.182321556793955,0.182321556793955,0.182321556793955,0.182321556793955,0.182321556793955,0.300104592450338,0.202430572334765,0.202430572334765,-0.24542288626122,FALSE,0.509063746681255,1.00113497604339,-0.284712056922914,FALSE,0.243551031883756,1.00115163656204,-0.233198582029856,TRUE,0.594854969312974,1.00098759658241,-0.295764859184092,FALSE,0.320342920820679,1.0010371158779
227,"rand=1-2_rate=1.5_ROB=LH_Bias=Rct20_NRE20-35","1-2",1.5,"LH","Rct20_NRE20-35",0.182321556793955,0.182321556793955,0.182321556793955,0.182321556793955,0.182321556793955,0.300104592450338,0.197843465193745,0.197843465193745,-0.379463710387617,FALSE,0.774880660865631,1.0010507735815,-0.380900116262005,FALSE,0.531235693720421,1.00098962810496,-0.204124643822309,TRUE,0.557952566364404,1.00098815951855,-0.56601913930818,FALSE,1.19789554836535,1.00099926068652
228,"rand=1-2_rate=1.5_ROB=LH_Bias=Rct20_NRE20-35","1-2",1.5,"LH","Rct20_NRE20-35",0.182321556793955,0.182321556793955,0.182321556793955,0.182321556793955,0.182321556793955,0.300104592450338,0.199672995252152,0.199672995252152,-0.277439938048179,TRUE,0.693057150163067,1.00144229854034,-0.257997029516859,FALSE,0.442637993051429,1.00114787579745,-0.112770694107771,TRUE,0.507212098657042,1.00130695197251,-0.382924859826521,FALSE,0.905171641567027,1.00100817755116
229,"rand=1-2_rate=1.5_ROB=LH_Bias=Rct20_NRE20-35","1-2",1.5,"LH","Rct20_NRE20-35",0.182321556793955,0.182321556793955,0.182321556793955,0.182321556793955,0.182321556793955,0.300104592450338,0.213332994431607,0.213332994431607,-0.110181142564129,TRUE,0.56208608153048,1.00123349520687,-0.229869115633294,FALSE,0.409401484941117,1.00118305954338,-0.0831740583258402,TRUE,0.521446809105003,1.00177306440836,-0.322302947440488,FALSE,0.738910142701229,1.00098786943619
230,"rand=1-2_rate=1.5_ROB=LH_Bias=Rct20_NRE20-35","1-2",1.5,"LH","Rct20_NRE20-35",0.182321556793955,0.182321556793955,0.182321556793955,0.182321556793955,0.182321556793955,0.300104592450338,0.177860647631297,0.177860647631297,0.0167751506660432,TRUE,0.435075493926656,1.00099255379872,-0.0832017706734844,TRUE,0.304202806323626,1.00105909217745,-0.242899845242005,TRUE,0.616253858474498,1.00113274494514,-0.0208551775044272,TRUE,0.37261746618112,1.00099276889446
231,"rand=1-2_rate=1.5_ROB=LH_Bias=Rct20_NRE20-35","1-2",1.5,"LH","Rct20_NRE20-35",0.182321556793955,0.182321556793955,0.182321556793955,0.182321556793955,0.182321556793955,0.300104592450338,0.214389299884402,0.214389299884402,-0.320562269864065,FALSE,0.687162901188566,1.0012905547491,-0.441845103223077,FALSE,0.452359851938653,1.00099581207028,-0.407427746933448,FALSE,0.74640495931909,1.00113855986054,-0.456744983523556,FALSE,0.707445722855928,1.00101875335165
232,"rand=1-2_rate=1.5_ROB=LH_Bias=Rct20_NRE20-35","1-2",1.5,"LH","Rct20_NRE20-35",0.182321556793955,0.182321556793955,0.182321556793955,0.182321556793955,0.182321556793955,0.300104592450338,0.205319950645071,0.205319950645071,-0.133479702140439,TRUE,0.578253393463397,1.00098826319574,-0.156454669019175,TRUE,0.359981488509043,1.00119449641945,-0.173430810337155,TRUE,0.618313079852076,1.00116178764244,-0.144387197617931,TRUE,0.566122886166002,1.00098795212267
233,"rand=1-2_rate=1.5_ROB=LH_Bias=Rct20_NRE20-35","1-2",1.5,"LH","Rct20_NRE20-35",0.182321556793955,0.182321556793955,0.182321556793955,0.182321556793955,0.182321556793955,0.300104592450338,0.198942448777827,0.198942448777827,-0.250721225682073,TRUE,0.763953944188854,1.00100492304882,-0.287972149673879,FALSE,0.544285520341324,1.00101550690119,-0.164198227823005,TRUE,0.667710969241748,1.00113108651498,-0.418201680473831,TRUE,1.11538064516056,1.00099024521683
234,"rand=1-2_rate=1.5_ROB=LH_Bias=Rct20_NRE20-35","1-2",1.5,"LH","Rct20_NRE20-35",0.182321556793955,0.182321556793955,0.182321556793955,0.182321556793955,0.182321556793955,0.300104592450338,0.203945738377745,0.203945738377745,-0.286808513955385,TRUE,0.830162885120531,1.00106858177879,-0.257816470899004,FALSE,0.56471887495728,1.00105716578318,-0.315914339338146,TRUE,0.731955031624771,1.0009922774076,-0.210918908222516,TRUE,1.13836833132866,1.00098830947377
235,"rand=1-2_rate=1.5_ROB=LH_Bias=Rct20_NRE20-35","1-2",1.5,"LH","Rct20_NRE20-35",0.182321556793955,0.182321556793955,0.182321556793955,0.182321556793955,0.182321556793955,0.300104592450338,0.189751076161825,0.189751076161825,-0.138820804145447,TRUE,0.601084288818322,1.00106690600573,-0.133454204543148,TRUE,0.370713450663156,1.00100893032986,-0.00247840722092452,TRUE,0.540966186461055,1.00104288545167,-0.227997882152698,TRUE,0.557631331249247,1.00099342778765
236,"rand=1-2_rate=1.5_ROB=LH_Bias=Rct20_NRE20-35","1-2",1.5,"LH","Rct20_NRE20-35",0.182321556793955,0.182321556793955,0.182321556793955,0.182321556793955,0.182321556793955,0.300104592450338,0.199113370685825,0.199113370685825,-0.109511520656934,TRUE,0.554784869983522,1.00109675085133,-0.148703526359948,TRUE,0.349808091874254,1.0010354957328,-0.126288270473486,TRUE,0.55388663688939,1.0009923623166,-0.156105585588009,TRUE,0.58249129604952,1.00101427685354
237,"rand=1-2_rate=1.5_ROB=LH_Bias=Rct20_NRE20-35","1-2",1.5,"LH","Rct20_NRE20-35",0.182321556793955,0.182321556793955,0.182321556793955,0.182321556793955,0.182321556793955,0.300104592450338,0.200941195978638,0.200941195978638,-0.261276424349559,TRUE,0.702806247841758,1.00101428568256,-0.319212047762798,FALSE,0.496275315151459,1.00111223624404,-0.170740989248859,TRUE,0.565001842418772,1.00113886714503,-0.456011438974185,FALSE,1.06482211210824,1.00099874015788
238,"rand=1-2_rate=1.5_ROB=LH_Bias=Rct20_NRE20-35","1-2",1.5,"LH","Rct20_NRE20-35",0.182321556793955,0.182321556793955,0.182321556793955,0.182321556793955,0.182321556793955,0.300104592450338,0.202979962480484,0.202979962480484,-0.30940923233835,TRUE,0.85742111229511,1.00102621556742,-0.291307507081608,FALSE,0.590663724155684,1.00102278901689,-0.25078135647312,TRUE,0.78054717170532,1.00104079684397,-0.340314895990595,TRUE,1.20760533631183,1.00098688674658
239,"rand=1-2_rate=1.5_ROB=LH_Bias=Rct20_NRE20-35","1-2",1.5,"LH","Rct20_NRE20-35",0.182321556793955,0.182321556793955,0.182321556793955,0.182321556793955,0.182321556793955,0.300104592450338,0.197770387158841,0.197770387158841,-0.531706040781153,FALSE,0.751429943381608,1.00168784652555,-0.256706591238222,FALSE,0.442357694870628,1.00099563147748,-0.0745541335727218,TRUE,0.500636578924136,1.00101966327755,-0.407538630094599,FALSE,0.852167140412895,1.00101888459212
240,"rand=1-2_rate=1.5_ROB=LH_Bias=Rct20_NRE20-35","1-2",1.5,"LH","Rct20_NRE20-35",0.182321556793955,0.182321556793955,0.182321556793955,0.182321556793955,0.182321556793955,0.300104592450338,0.193011810224998,0.193011810224998,0.124234335682784,TRUE,0.555251912781624,1.00159366138143,-0.105726044914342,TRUE,0.525387906663021,1.00100386345809,0.174054869697802,TRUE,0.417245145435357,1.00136188855607,-0.473787020421199,TRUE,1.20447103790458,1.00104603115361
241,"rand=1-2_rate=1.5_ROB=LH_Bias=Rct20_NRE20-35","1-2",1.5,"LH","Rct20_NRE20-35",0.182321556793955,0.182321556793955,0.182321556793955,0.182321556793955,0.182321556793955,0.300104592450338,0.216148121719462,0.216148121719462,0.0268626493691985,TRUE,0.373668042277225,1.00099092991727,-0.147992724001411,TRUE,0.38155058636428,1.00099658591015,-0.0546819307794293,TRUE,0.510926066595544,1.00101841153618,-0.209774969456399,TRUE,0.717086645268958,1.00098822684938
242,"rand=1-2_rate=1.5_ROB=LH_Bias=Rct20_NRE20-35","1-2",1.5,"LH","Rct20_NRE20-35",0.182321556793955,0.182321556793955,0.182321556793955,0.182321556793955,0.182321556793955,0.300104592450338,0.203022484953744,0.203022484953744,-0.290132622511096,FALSE,0.605101411771652,1.00100801245994,-0.308042110211707,FALSE,0.355590985966687,1.00099808154663,-0.358928978238535,FALSE,0.620457768025479,1.00098747370173,-0.283055327992552,FALSE,0.571008428146347,1.0009900849789
243,"rand=1-2_rate=1.5_ROB=LH_Bias=Rct20_NRE20-35","1-2",1.5,"LH","Rct20_NRE20-35",0.182321556793955,0.182321556793955,0.182321556793955,0.182321556793955,0.182321556793955,0.300104592450338,0.203385123155072,0.203385123155072,-0.0617305792172955,TRUE,0.52905624919507,1.00106596291765,-0.122050328170888,TRUE,0.407971258294318,1.00098911971724,0.0235170261677576,TRUE,0.542576574456341,1.00099065001906,-0.232499844834658,TRUE,0.686127676723556,1.00098599851498
244,"rand=1-2_rate=1.5_ROB=LH_Bias=Rct20_NRE20-35","1-2",1.5,"LH","Rct20_NRE20-35",0.182321556793955,0.182321556793955,0.182321556793955,0.182321556793955,0.182321556793955,0.300104592450338,0.199423822340204,0.199423822340204,-0.234753476552928,TRUE,0.646344417704152,1.00153798465858,-0.240936012738515,FALSE,0.412767979762758,1.00099083851683,-0.375291612033579,FALSE,0.663285199848171,1.00101697586054,-0.172929427504351,TRUE,0.689926533290977,1.0009861495484
245,"rand=1-2_rate=1.5_ROB=LH_Bias=Rct20_NRE20-35","1-2",1.5,"LH","Rct20_NRE20-35",0.182321556793955,0.182321556793955,0.182321556793955,0.182321556793955,0.182321556793955,0.300104592450338,0.195618554786217,0.195618554786217,-0.13649630552579,TRUE,0.726989545667157,1.00098778919026,-0.191715100234764,TRUE,0.560428882418506,1.00101731777613,-0.153859220320048,TRUE,0.672074492470149,1.00098679378182,-0.241836081117189,TRUE,1.25021770635392,1.00100994660905
246,"rand=1-2_rate=1.5_ROB=LH_Bias=Rct20_NRE20-35","1-2",1.5,"LH","Rct20_NRE20-35",0.182321556793955,0.182321556793955,0.182321556793955,0.182321556793955,0.182321556793955,0.300104592450338,0.189397027415977,0.189397027415977,-0.111192433500054,TRUE,0.556261609067884,1.0009862961959,-0.0977914575844712,TRUE,0.346535587823182,1.00099917664065,-0.174506737170789,TRUE,0.523747898850054,1.00106632587679,-0.053957027424284,TRUE,0.619048892331347,1.00099213987418
247,"rand=1-2_rate=1.5_ROB=LH_Bias=Rct20_NRE20-35","1-2",1.5,"LH","Rct20_NRE20-35",0.182321556793955,0.182321556793955,0.182321556793955,0.182321556793955,0.182321556793955,0.300104592450338,0.208316405635408,0.208316405635408,-0.323205110861941,FALSE,0.719174102592178,1.001246274914,-0.205656500897107,FALSE,0.43096693954499,1.00100890774405,-0.456772068530188,FALSE,0.812483630231415,1.00099679038953,-0.0716849766173253,TRUE,0.496471346781342,1.00102210902042
248,"rand=1-2_rate=1.5_ROB=LH_Bias=Rct20_NRE20-35","1-2",1.5,"LH","Rct20_NRE20-35",0.182321556793955,0.182321556793955,0.182321556793955,0.182321556793955,0.182321556793955,0.300104592450338,0.201447838436445,0.201447838436445,-0.246682636289074,TRUE,0.68856379982875,1.00100357582016,-0.279364668525247,FALSE,0.4734751872967,1.00100094829204,-0.187154502916783,TRUE,0.5952654571151,1.00098697626685,-0.372414041770887,TRUE,0.944926238485058,1.00099231748218
249,"rand=1-2_rate=1.5_ROB=LH_Bias=Rct20_NRE20-35","1-2",1.5,"LH","Rct20_NRE20-35",0.182321556793955,0.182321556793955,0.182321556793955,0.182321556793955,0.182321556793955,0.300104592450338,0.209297776828704,0.209297776828704,-0.158303367877285,TRUE,0.68244120482035,1.00111053110021,-0.273931475869637,FALSE,0.485487604177812,1.00099082857691,-0.273685144964281,TRUE,0.715460256363256,1.00098611736932,-0.260682803616019,TRUE,0.8808819807533,1.00100759118375
250,"rand=1-2_rate=1.5_ROB=LH_Bias=Rct20_NRE20-35","1-2",1.5,"LH","Rct20_NRE20-35",0.182321556793955,0.182321556793955,0.182321556793955,0.182321556793955,0.182321556793955,0.300104592450338,0.202415061256777,0.202415061256777,-0.20793169702001,TRUE,0.806035099509416,1.00104153652912,-0.154493978753445,TRUE,0.531698674850711,1.00120132451675,-0.165702021484736,TRUE,0.767989785208468,1.00098782838064,-0.1452788624498,TRUE,0.994656745912522,1.00099387794078
251,"rand=1-2_rate=1.5_ROB=LH_Bias=Rct20_NRE20-35","1-2",1.5,"LH","Rct20_NRE20-35",0.182321556793955,0.182321556793955,0.182321556793955,0.182321556793955,0.182321556793955,0.300104592450338,0.210163710159117,0.210163710159117,-0.325132747725123,FALSE,0.752372181109136,1.00101184411932,-0.327777218074258,FALSE,0.487005418278498,1.00099315291241,-0.348385493550049,TRUE,0.835766232084589,1.00098677352392,-0.314567298988554,TRUE,0.73617468481389,1.00100010858808
252,"rand=1-2_rate=1.5_ROB=LH_Bias=Rct20_NRE20-35","1-2",1.5,"LH","Rct20_NRE20-35",0.182321556793955,0.182321556793955,0.182321556793955,0.182321556793955,0.182321556793955,0.300104592450338,0.197791979250126,0.197791979250126,-0.308399487617905,TRUE,0.752392378357805,1.00102598076604,-0.332781495778444,FALSE,0.535920427935411,1.00101058901723,-0.229397639981251,TRUE,0.629683173094709,1.00098973004872,-0.436763070113749,TRUE,1.1093033406876,1.00099819525327
253,"rand=1-2_rate=1.5_ROB=LH_Bias=Rct20_NRE20-35","1-2",1.5,"LH","Rct20_NRE20-35",0.182321556793955,0.182321556793955,0.182321556793955,0.182321556793955,0.182321556793955,0.300104592450338,0.200716891896874,0.200716891896874,-0.385023482062884,FALSE,0.747171074971112,1.00101222337958,-0.320492952041896,FALSE,0.423974366003664,1.0009889068636,-0.318064152478405,FALSE,0.59389884725655,1.00167165269385,-0.325073685256203,TRUE,0.792631509352226,1.00100835789037
254,"rand=1-2_rate=1.5_ROB=LH_Bias=Rct20_NRE20-35","1-2",1.5,"LH","Rct20_NRE20-35",0.182321556793955,0.182321556793955,0.182321556793955,0.182321556793955,0.182321556793955,0.300104592450338,0.210617169081715,0.210617169081715,-0.34911064334323,FALSE,0.663490477107615,1.00107701510122,-0.257269552059434,FALSE,0.409593634732222,1.00107814119088,-0.359164350331184,FALSE,0.645051223830265,1.00117961871025,-0.193944254739981,TRUE,0.663107588414492,1.00098806850721
255,"rand=1-2_rate=1.5_ROB=LH_Bias=Rct20_NRE20-35","1-2",1.5,"LH","Rct20_NRE20-35",0.182321556793955,0.182321556793955,0.182321556793955,0.182321556793955,0.182321556793955,0.300104592450338,0.209152776714389,0.209152776714389,-0.376828443827063,FALSE,0.77301275280254,1.0010058753223,-0.296246574684804,FALSE,0.464291995836322,1.00098886183876,-0.287792379090849,TRUE,0.671762419583326,1.00106862961401,-0.308036462275872,TRUE,0.82841299531251,1.00104596233606
256,"rand=1-2_rate=1.5_ROB=LH_Bias=Rct20_NRE20-35","1-2",1.5,"LH","Rct20_NRE20-35",0.182321556793955,0.182321556793955,0.182321556793955,0.182321556793955,0.182321556793955,0.300104592450338,0.197831262632848,0.197831262632848,-0.367952436062587,FALSE,0.722501209238343,1.00107466591812,-0.378315159851908,FALSE,0.493578547905907,1.00100749544968,-0.41792922201962,FALSE,0.728339250778683,1.00122308278645,-0.359869516868583,TRUE,0.890034219133596,1.00100256263627
257,"rand=1-2_rate=1.5_ROB=LH_Bias=Rct20_NRE20-35","1-2",1.5,"LH","Rct20_NRE20-35",0.182321556793955,0.182321556793955,0.182321556793955,0.182321556793955,0.182321556793955,0.300104592450338,0.211132280494869,0.211132280494869,-0.282599748028102,TRUE,0.735626446933615,1.0009861491907,-0.332386256259928,FALSE,0.513299640541022,1.00098648745966,-0.409395012009558,FALSE,0.746636521295233,1.00126733939935,-0.266039929530739,TRUE,0.892834797152791,1.00098791925211
258,"rand=1-2_rate=1.5_ROB=LH_Bias=Rct20_NRE20-35","1-2",1.5,"LH","Rct20_NRE20-35",0.182321556793955,0.182321556793955,0.182321556793955,0.182321556793955,0.182321556793955,0.300104592450338,0.212647443417826,0.212647443417826,-0.198695510651978,TRUE,0.601378123462021,1.00101874258698,-0.319308950851181,FALSE,0.465643526214817,1.00098873333057,-0.237922139546565,TRUE,0.72233915435078,1.00105954333449,-0.377372926133388,FALSE,0.788156229794291,1.00100735192891
259,"rand=1-2_rate=1.5_ROB=LH_Bias=Rct20_NRE20-35","1-2",1.5,"LH","Rct20_NRE20-35",0.182321556793955,0.182321556793955,0.182321556793955,0.182321556793955,0.182321556793955,0.300104592450338,0.208239487325347,0.208239487325347,-0.149920340333809,TRUE,0.505439603953028,1.00098789553408,-0.234172898370414,FALSE,0.309918360932833,1.00098602229365,-0.0533602446426904,TRUE,0.463093853326923,1.00210557905391,-0.307604997008861,FALSE,0.462722437979513,1.00098825699833
260,"rand=1-2_rate=1.5_ROB=LH_Bias=Rct20_NRE20-35","1-2",1.5,"LH","Rct20_NRE20-35",0.182321556793955,0.182321556793955,0.182321556793955,0.182321556793955,0.182321556793955,0.300104592450338,0.184930644467071,0.184930644467071,-0.341260801953148,FALSE,0.653898872450583,1.00106197785721,-0.308806231232797,FALSE,0.388859766720167,1.00100933733652,-0.314473130040837,FALSE,0.645713771000791,1.00128341390735,-0.304983319193004,FALSE,0.636116063384978,1.00099224874947
261,"rand=1-2_rate=1.5_ROB=LH_Bias=Rct20_NRE20-35","1-2",1.5,"LH","Rct20_NRE20-35",0.182321556793955,0.182321556793955,0.182321556793955,0.182321556793955,0.182321556793955,0.300104592450338,0.216578666931603,0.216578666931603,0.00738578573334292,TRUE,0.482371491150039,1.00101474437063,-0.0591299190248793,TRUE,0.324742387525782,1.00105921145236,-0.0109698670102918,TRUE,0.504112786669229,1.00099205205666,-0.0847510735839885,TRUE,0.537007079746128,1.00103279348584
262,"rand=1-2_rate=1.5_ROB=LH_Bias=Rct20_NRE20-35","1-2",1.5,"LH","Rct20_NRE20-35",0.182321556793955,0.182321556793955,0.182321556793955,0.182321556793955,0.182321556793955,0.300104592450338,0.200943441906776,0.200943441906776,-0.33724844392059,FALSE,0.701243311896522,1.00102293115262,-0.34545604075532,FALSE,0.425629857593183,1.00099301754615,-0.358415728158308,TRUE,0.896198403799331,1.00099908464007,-0.336313813131155,FALSE,0.56298797686105,1.00104676316626
263,"rand=1-2_rate=1.5_ROB=LH_Bias=Rct20_NRE20-35","1-2",1.5,"LH","Rct20_NRE20-35",0.182321556793955,0.182321556793955,0.182321556793955,0.182321556793955,0.182321556793955,0.300104592450338,0.20077794396355,0.20077794396355,-0.452854356394953,FALSE,0.611100635389163,1.00114974425412,-0.483208189708598,FALSE,0.315186659135332,1.00098803943634,-0.260349304964028,TRUE,0.604341048027248,1.00120321525477,-0.542377310624953,FALSE,0.399654817609699,1.0011315633392
264,"rand=1-2_rate=1.5_ROB=LH_Bias=Rct20_NRE20-35","1-2",1.5,"LH","Rct20_NRE20-35",0.182321556793955,0.182321556793955,0.182321556793955,0.182321556793955,0.182321556793955,0.300104592450338,0.178879770060026,0.178879770060026,-0.269590933347351,TRUE,0.730001779695494,1.0010323646109,-0.373900159846197,FALSE,0.567563619595077,1.00099356140067,-0.196499043244178,TRUE,0.637126972952611,1.00108225237378,-0.55527785088466,FALSE,1.21688581400946,1.0009985640357
265,"rand=1-2_rate=1.5_ROB=LH_Bias=Rct20_NRE20-35","1-2",1.5,"LH","Rct20_NRE20-35",0.182321556793955,0.182321556793955,0.182321556793955,0.182321556793955,0.182321556793955,0.300104592450338,0.196959049149904,0.196959049149904,-0.195944317502064,TRUE,0.708238378736468,1.0011397320749,-0.322841782140471,FALSE,0.561257043166236,1.00099163551479,-0.0505922483683789,TRUE,0.500442580154654,1.00099206308732,-0.61900093900842,FALSE,1.30232902481621,1.00098701605472
266,"rand=1-2_rate=1.5_ROB=LH_Bias=Rct20_NRE20-35","1-2",1.5,"LH","Rct20_NRE20-35",0.182321556793955,0.182321556793955,0.182321556793955,0.182321556793955,0.182321556793955,0.300104592450338,0.17587901376394,0.17587901376394,-0.124256914760304,TRUE,0.643212518151556,1.00099787464754,-0.148735208829305,TRUE,0.411739643347221,1.00098599068484,-0.152998128199581,TRUE,0.60716615579724,1.0018304167706,-0.143949136282546,TRUE,0.726330749802457,1.00099192553412
267,"rand=1-2_rate=1.5_ROB=LH_Bias=Rct20_NRE20-35","1-2",1.5,"LH","Rct20_NRE20-35",0.182321556793955,0.182321556793955,0.182321556793955,0.182321556793955,0.182321556793955,0.300104592450338,0.201066069113719,0.201066069113719,-0.0720171957912636,TRUE,0.657185033538173,1.00107981151716,-0.06595567606744,TRUE,0.44665183267868,1.00098599330153,0.061344584629516,TRUE,0.482865887502587,1.00196994414665,-0.190929021152207,TRUE,0.963323955440695,1.00100599506875
268,"rand=1-2_rate=1.5_ROB=LH_Bias=Rct20_NRE20-35","1-2",1.5,"LH","Rct20_NRE20-35",0.182321556793955,0.182321556793955,0.182321556793955,0.182321556793955,0.182321556793955,0.300104592450338,0.18999213701922,0.18999213701922,-0.168309530280196,TRUE,0.627138521665836,1.00108966403369,-0.251664340337,FALSE,0.455747991619804,1.00101686564792,-0.0890856569696976,TRUE,0.491215698930877,1.0010659032038,-0.383350513105234,TRUE,1.03952964244221,1.00099675433548
269,"rand=1-2_rate=1.5_ROB=LH_Bias=Rct20_NRE20-35","1-2",1.5,"LH","Rct20_NRE20-35",0.182321556793955,0.182321556793955,0.182321556793955,0.182321556793955,0.182321556793955,0.300104592450338,0.217409635950269,0.217409635950269,-0.292702120138489,FALSE,0.677774216815474,1.00100428659027,-0.410281055288026,FALSE,0.547444555675964,1.0009863343502,-0.262436376118167,TRUE,0.600970177577304,1.0016592267002,-0.565224098371977,FALSE,1.20291618552596,1.00098599095247
270,"rand=1-2_rate=1.5_ROB=LH_Bias=Rct20_NRE20-35","1-2",1.5,"LH","Rct20_NRE20-35",0.182321556793955,0.182321556793955,0.182321556793955,0.182321556793955,0.182321556793955,0.300104592450338,0.199450189068148,0.199450189068148,-0.147311863403229,TRUE,0.6304731861887,1.00103518330373,-0.154699019886029,TRUE,0.406495620909849,1.00101163818736,-0.0369481023144074,TRUE,0.546555540693283,1.00099251935236,-0.24652253776349,TRUE,0.72544319413274,1.00100346909042
271,"rand=1-2_rate=1.5_ROB=LH_Bias=Rct20_NRE20-35","1-2",1.5,"LH","Rct20_NRE20-35",0.182321556793955,0.182321556793955,0.182321556793955,0.182321556793955,0.182321556793955,0.300104592450338,0.211992125488771,0.211992125488771,-0.146151448967366,TRUE,0.560214581217016,1.00106228536137,-0.190645595690347,FALSE,0.350675346309836,1.00114537910739,-0.177828943750746,TRUE,0.63789822360248,1.00124144983282,-0.195772022859395,TRUE,0.51314054258261,1.00098943998238
272,"rand=1-2_rate=1.5_ROB=LH_Bias=Rct20_NRE20-35","1-2",1.5,"LH","Rct20_NRE20-35",0.182321556793955,0.182321556793955,0.182321556793955,0.182321556793955,0.182321556793955,0.300104592450338,0.196833856376377,0.196833856376377,-0.240173640025717,TRUE,0.673531795743789,1.00111324092694,-0.322887999092941,FALSE,0.485310743099387,1.00104339582751,-0.294651571159147,FALSE,0.655359033953393,1.00101890870681,-0.337582522900148,TRUE,0.896475250068934,1.00100581983843
273,"rand=1-2_rate=1.5_ROB=LH_Bias=Rct20_NRE20-35","1-2",1.5,"LH","Rct20_NRE20-35",0.182321556793955,0.182321556793955,0.182321556793955,0.182321556793955,0.182321556793955,0.300104592450338,0.198808622014202,0.198808622014202,-0.298314366386208,TRUE,0.714883085263873,1.00170731046238,-0.25926388518133,FALSE,0.447397338611975,1.00101346369695,-0.423685073317918,FALSE,0.749452517373325,1.00102580974997,-0.165130064163757,TRUE,0.652644643051194,1.00099177663827
274,"rand=1-2_rate=1.5_ROB=LH_Bias=Rct20_NRE20-35","1-2",1.5,"LH","Rct20_NRE20-35",0.182321556793955,0.182321556793955,0.182321556793955,0.182321556793955,0.182321556793955,0.300104592450338,0.207092956622085,0.207092956622085,-0.2588958693759,FALSE,0.584079688643808,1.0013639184965,-0.353921444394536,FALSE,0.402288630161932,1.00106121660049,-0.364161546999227,FALSE,0.66490728581224,1.000999535681,-0.349437105006496,FALSE,0.658147510537537,1.00099626152319
275,"rand=1-2_rate=1.5_ROB=LH_Bias=Rct20_NRE20-35","1-2",1.5,"LH","Rct20_NRE20-35",0.182321556793955,0.182321556793955,0.182321556793955,0.182321556793955,0.182321556793955,0.300104592450338,0.218014445111955,0.218014445111955,-0.213529771096209,TRUE,0.602786788716295,1.00105796588393,-0.325254864130528,FALSE,0.437992794795487,1.0009864738159,-0.213174085243726,TRUE,0.635584043276419,1.00098600231428,-0.400531047663897,FALSE,0.739225614544189,1.00100377388613
276,"rand=1-2_rate=1.5_ROB=LH_Bias=Rct20_NRE20-35","1-2",1.5,"LH","Rct20_NRE20-35",0.182321556793955,0.182321556793955,0.182321556793955,0.182321556793955,0.182321556793955,0.300104592450338,0.191230137392428,0.191230137392428,0.0226916355823312,TRUE,0.540593581016949,1.00101176431191,-0.00172388242047461,TRUE,0.32992861820229,1.00098877155318,-0.0819683962739193,TRUE,0.670251179655223,1.00110027397972,0.0421755129965813,TRUE,0.426581415321912,1.00099014289395
277,"rand=1-2_rate=1.5_ROB=LH_Bias=Rct20_NRE20-35","1-2",1.5,"LH","Rct20_NRE20-35",0.182321556793955,0.182321556793955,0.182321556793955,0.182321556793955,0.182321556793955,0.300104592450338,0.194417946130967,0.194417946130967,-0.351823359268148,TRUE,0.916300553770612,1.00117413651748,-0.174241921402753,TRUE,0.468603415149819,1.00100799974167,-0.322993254200841,FALSE,0.710024471711576,1.00103204373917,-0.0647379360763303,TRUE,0.747879920340266,1.0009860820881
278,"rand=1-2_rate=1.5_ROB=LH_Bias=Rct20_NRE20-35","1-2",1.5,"LH","Rct20_NRE20-35",0.182321556793955,0.182321556793955,0.182321556793955,0.182321556793955,0.182321556793955,0.300104592450338,0.19202187897438,0.19202187897438,-0.22339660926603,TRUE,0.702307463746637,1.00117476510478,-0.227488683204106,FALSE,0.466150388067957,1.00101094674174,-0.127772085698535,TRUE,0.549702587335005,1.0009938451146,-0.318846072271863,TRUE,0.984248894161797,1.00098603713664
279,"rand=1-2_rate=1.5_ROB=LH_Bias=Rct20_NRE20-35","1-2",1.5,"LH","Rct20_NRE20-35",0.182321556793955,0.182321556793955,0.182321556793955,0.182321556793955,0.182321556793955,0.300104592450338,0.204240354142076,0.204240354142076,0.0187014208450894,TRUE,0.575319043176465,1.00104930848594,-0.0607078709495319,TRUE,0.474987228058494,1.0009892172197,0.0671822050209979,TRUE,0.67332647419292,1.00100834817512,-0.198762710087557,TRUE,0.798377936563412,1.00098773568564
280,"rand=1-2_rate=1.5_ROB=LH_Bias=Rct20_NRE20-35","1-2",1.5,"LH","Rct20_NRE20-35",0.182321556793955,0.182321556793955,0.182321556793955,0.182321556793955,0.182321556793955,0.300104592450338,0.196738144629338,0.196738144629338,0.00642441152028483,TRUE,0.542436041622001,1.0010783218271,-0.0710347101189404,TRUE,0.392181950744601,1.00099181736806,-0.16270249320114,TRUE,0.613759128937883,1.00101975268802,-0.0054416603106775,TRUE,0.619923209350459,1.00100009441082
281,"rand=1-2_rate=1.5_ROB=LH_Bias=Rct20_NRE20-35","1-2",1.5,"LH","Rct20_NRE20-35",0.182321556793955,0.182321556793955,0.182321556793955,0.182321556793955,0.182321556793955,0.300104592450338,0.194458941232034,0.194458941232034,-0.38750087781427,FALSE,0.583685369924047,1.00103437917285,-0.32639395031683,FALSE,0.294844714870214,1.00099465665572,-0.340360564413111,FALSE,0.620161062229057,1.00098676633873,-0.322690186124118,FALSE,0.42041965842902,1.00098961527284
282,"rand=1-2_rate=1.5_ROB=LH_Bias=Rct20_NRE20-35","1-2",1.5,"LH","Rct20_NRE20-35",0.182321556793955,0.182321556793955,0.182321556793955,0.182321556793955,0.182321556793955,0.300104592450338,0.192604602775957,0.192604602775957,-0.0769301309609027,TRUE,0.608061558145384,1.00132886806271,-0.146198668103033,TRUE,0.478775862866802,1.00110705396448,-0.0327593271609405,TRUE,0.549216628451895,1.00098599481677,-0.273684758204148,TRUE,1.03107362272688,1.0009866851189
283,"rand=1-2_rate=1.5_ROB=LH_Bias=Rct20_NRE20-35","1-2",1.5,"LH","Rct20_NRE20-35",0.182321556793955,0.182321556793955,0.182321556793955,0.182321556793955,0.182321556793955,0.300104592450338,0.219866090723619,0.219866090723619,-0.233898682549982,TRUE,0.566032587599507,1.00098675327886,-0.384771810289734,FALSE,0.503890677643481,1.00101364111135,-0.292062475627617,TRUE,0.770311243606293,1.00108245278681,-0.459668512824453,FALSE,0.823678498076294,1.00099570697773
284,"rand=1-2_rate=1.5_ROB=LH_Bias=Rct20_NRE20-35","1-2",1.5,"LH","Rct20_NRE20-35",0.182321556793955,0.182321556793955,0.182321556793955,0.182321556793955,0.182321556793955,0.300104592450338,0.193715491594078,0.193715491594078,-0.172316259523136,TRUE,0.506376304190842,1.00124609664304,-0.113477926731991,TRUE,0.302256351948183,1.00099253992863,-0.286725097573352,TRUE,0.791179963628177,1.0011194645856,-0.0641019348461602,TRUE,0.311192408686223,1.0010190543721
285,"rand=1-2_rate=1.5_ROB=LH_Bias=Rct20_NRE20-35","1-2",1.5,"LH","Rct20_NRE20-35",0.182321556793955,0.182321556793955,0.182321556793955,0.182321556793955,0.182321556793955,0.300104592450338,0.201728429153173,0.201728429153173,-0.223766709149698,TRUE,0.708908810473009,1.00098940253679,-0.248715996072817,FALSE,0.488067584992995,1.00121077972006,-0.215748375282018,TRUE,0.712248880762642,1.0009959146425,-0.279161151877066,TRUE,0.863160129696741,1.00100102783284
286,"rand=1-2_rate=1.5_ROB=LH_Bias=Rct20_NRE20-35","1-2",1.5,"LH","Rct20_NRE20-35",0.182321556793955,0.182321556793955,0.182321556793955,0.182321556793955,0.182321556793955,0.300104592450338,0.208998150729434,0.208998150729434,-0.172328067228656,TRUE,0.598504084174015,1.00109620264872,-0.232367775908459,FALSE,0.410658929431204,1.00098663760518,-0.0849484318176712,TRUE,0.508304045416988,1.00098933638508,-0.350997366627228,FALSE,0.745561449009784,1.00108811044752
287,"rand=1-2_rate=1.5_ROB=LH_Bias=Rct20_NRE20-35","1-2",1.5,"LH","Rct20_NRE20-35",0.182321556793955,0.182321556793955,0.182321556793955,0.182321556793955,0.182321556793955,0.300104592450338,0.206874385459674,0.206874385459674,-0.245691917780097,TRUE,0.648180268891429,1.00105144665309,-0.156426035539871,TRUE,0.37369580833297,1.00099589728582,-0.190866513896223,TRUE,0.549478390730316,1.00109910708796,-0.134516362800775,TRUE,0.695182240234228,1.00098942186449
288,"rand=1-2_rate=1.5_ROB=LH_Bias=Rct20_NRE20-35","1-2",1.5,"LH","Rct20_NRE20-35",0.182321556793955,0.182321556793955,0.182321556793955,0.182321556793955,0.182321556793955,0.300104592450338,0.208975913135689,0.208975913135689,-0.144714860818359,TRUE,0.671448815904219,1.00098667319669,-0.210207582410669,TRUE,0.474816068728437,1.00098645204352,-0.224149878469511,TRUE,0.582269216983845,1.0013147386426,-0.212870376700289,TRUE,1.00865897163427,1.00099478642348
289,"rand=1-2_rate=1.5_ROB=LH_Bias=Rct20_NRE20-35","1-2",1.5,"LH","Rct20_NRE20-35",0.182321556793955,0.182321556793955,0.182321556793955,0.182321556793955,0.182321556793955,0.300104592450338,0.208466968090811,0.208466968090811,-0.236666306239947,TRUE,0.598538537140985,1.00122497948186,-0.16427420248422,TRUE,0.37198235762386,1.00105124690807,-0.242878568473458,TRUE,0.57624673910953,1.00100559545269,-0.121588969416689,TRUE,0.637862723584457,1.00099247634926
290,"rand=1-2_rate=1.5_ROB=LH_Bias=Rct20_NRE20-35","1-2",1.5,"LH","Rct20_NRE20-35",0.182321556793955,0.182321556793955,0.182321556793955,0.182321556793955,0.182321556793955,0.300104592450338,0.197468514613306,0.197468514613306,-0.189660890635142,TRUE,0.589922422975583,1.00105141004389,-0.308597269318282,FALSE,0.458968663108261,1.00099321738841,-0.239417999909278,TRUE,0.608236639144418,1.0010497002278,-0.364094241095487,TRUE,0.880604292570782,1.00103610200844
291,"rand=1-2_rate=1.5_ROB=LH_Bias=Rct20_NRE20-35","1-2",1.5,"LH","Rct20_NRE20-35",0.182321556793955,0.182321556793955,0.182321556793955,0.182321556793955,0.182321556793955,0.300104592450338,0.19522125684543,0.19522125684543,-0.480697236541756,FALSE,0.724026658165191,1.00106244579539,-0.424164137674772,FALSE,0.416454940740974,1.00122606439801,-0.267129305927295,TRUE,0.662541670569615,1.0010412836174,-0.497679230637461,FALSE,0.614038935815648,1.00104788067203
292,"rand=1-2_rate=1.5_ROB=LH_Bias=Rct20_NRE20-35","1-2",1.5,"LH","Rct20_NRE20-35",0.182321556793955,0.182321556793955,0.182321556793955,0.182321556793955,0.182321556793955,0.300104592450338,0.199159557613382,0.199159557613382,-0.399571751792069,FALSE,0.653060237920239,1.00120159328705,-0.428084849298711,FALSE,0.398688790978206,1.00098888785739,-0.325264804456635,FALSE,0.569547135203879,1.00260146800486,-0.482343067924423,FALSE,0.733538077414893,1.00098781053648
293,"rand=1-2_rate=1.5_ROB=LH_Bias=Rct20_NRE20-35","1-2",1.5,"LH","Rct20_NRE20-35",0.182321556793955,0.182321556793955,0.182321556793955,0.182321556793955,0.182321556793955,0.300104592450338,0.200149723111449,0.200149723111449,-0.124105230024024,TRUE,0.489258544463865,1.0011430431356,-0.103196890791947,TRUE,0.257061043499829,1.00100326210047,-0.133666862036368,TRUE,0.564709520591871,1.0018658293793,-0.0935944070969121,TRUE,0.341329417290688,1.0009888180654
294,"rand=1-2_rate=1.5_ROB=LH_Bias=Rct20_NRE20-35","1-2",1.5,"LH","Rct20_NRE20-35",0.182321556793955,0.182321556793955,0.182321556793955,0.182321556793955,0.182321556793955,0.300104592450338,0.206754785261319,0.206754785261319,-0.274422478921089,FALSE,0.611763777197783,1.00103484037994,-0.402156346679576,FALSE,0.490361089318953,1.000987610424,-0.24505923327941,TRUE,0.620021434824892,1.00113121729736,-0.530064532748173,FALSE,0.915034122542694,1.00099649918452
295,"rand=1-2_rate=1.5_ROB=LH_Bias=Rct20_NRE20-35","1-2",1.5,"LH","Rct20_NRE20-35",0.182321556793955,0.182321556793955,0.182321556793955,0.182321556793955,0.182321556793955,0.300104592450338,0.215878818195167,0.215878818195167,-0.106342696479268,TRUE,0.525589451297088,1.0009860471215,-0.219253964226072,FALSE,0.394237183466944,1.00100307591398,-0.258629922897762,TRUE,0.63271939770824,1.00223881833694,-0.200168879538857,TRUE,0.64443977987051,1.00098603874804
296,"rand=1-2_rate=1.5_ROB=LH_Bias=Rct20_NRE20-35","1-2",1.5,"LH","Rct20_NRE20-35",0.182321556793955,0.182321556793955,0.182321556793955,0.182321556793955,0.182321556793955,0.300104592450338,0.206798710822482,0.206798710822482,-0.174678901318597,TRUE,0.633168686044732,1.00098600787666,-0.222374443567291,FALSE,0.455904057435448,1.00109693641532,-0.122445624095572,TRUE,0.537817135689913,1.00103745956883,-0.32222426351151,TRUE,0.955678805564276,1.00098909064995
297,"rand=1-2_rate=1.5_ROB=LH_Bias=Rct20_NRE20-35","1-2",1.5,"LH","Rct20_NRE20-35",0.182321556793955,0.182321556793955,0.182321556793955,0.182321556793955,0.182321556793955,0.300104592450338,0.205294799155424,0.205294799155424,-0.202866946928508,TRUE,0.638162268778806,1.00142615657558,-0.312588151379845,FALSE,0.493618117067043,1.00099581118287,-0.340896839498746,FALSE,0.602348039587511,1.00163328593053,-0.294496883827463,TRUE,1.05544949533796,1.00101465054121
298,"rand=1-2_rate=1.5_ROB=LH_Bias=Rct20_NRE20-35","1-2",1.5,"LH","Rct20_NRE20-35",0.182321556793955,0.182321556793955,0.182321556793955,0.182321556793955,0.182321556793955,0.300104592450338,0.193233411723099,0.193233411723099,-0.181833774747244,TRUE,0.697970326270932,1.00105326058542,-0.280323848965075,FALSE,0.524867609609438,1.00104274782864,-0.289430369319397,FALSE,0.656624628682662,1.00101224744396,-0.262345921939,TRUE,1.09379137328184,1.00098939920941
299,"rand=1-2_rate=1.5_ROB=LH_Bias=Rct20_NRE20-35","1-2",1.5,"LH","Rct20_NRE20-35",0.182321556793955,0.182321556793955,0.182321556793955,0.182321556793955,0.182321556793955,0.300104592450338,0.194813728053293,0.194813728053293,-0.287938522843246,TRUE,0.753865059901425,1.00131507348719,-0.394135309790248,FALSE,0.570604211949604,1.00099987463385,-0.388375990262902,FALSE,0.653457879189914,1.00102778409533,-0.380214665962527,TRUE,1.308666545732,1.00109308217962
300,"rand=1-2_rate=1.5_ROB=LH_Bias=Rct20_NRE20-35","1-2",1.5,"LH","Rct20_NRE20-35",0.182321556793955,0.182321556793955,0.182321556793955,0.182321556793955,0.182321556793955,0.300104592450338,0.200892437005513,0.200892437005513,-0.250817911660577,TRUE,0.690412318403409,1.00102384871961,-0.243059066058755,FALSE,0.445926521567723,1.00103968034799,-0.161353778403091,TRUE,0.662601448527213,1.00103046345028,-0.305077594271808,TRUE,0.74536073870123,1.00106438561604
301,"rand=1-2_rate=1.5_ROB=LH_Bias=Rct20_NRE20-35","1-2",1.5,"LH","Rct20_NRE20-35",0.182321556793955,0.182321556793955,0.182321556793955,0.182321556793955,0.182321556793955,0.300104592450338,0.197059060531177,0.197059060531177,-0.179407110329494,TRUE,0.609538195494712,1.00173774488126,-0.24543155104431,FALSE,0.421681167210969,1.00099088364164,-0.173641530277912,TRUE,0.558455081617901,1.00112343114021,-0.303460447121174,TRUE,0.794756080790752,1.00098603235837
302,"rand=1-2_rate=1.5_ROB=LH_Bias=Rct20_NRE20-35","1-2",1.5,"LH","Rct20_NRE20-35",0.182321556793955,0.182321556793955,0.182321556793955,0.182321556793955,0.182321556793955,0.300104592450338,0.201438497917102,0.201438497917102,-0.171060224282784,TRUE,0.62484893299517,1.00098957626043,-0.349736968045742,FALSE,0.492142752394853,1.00103354922182,-0.429240627251045,FALSE,0.719716185345693,1.00102775530249,-0.278876963980657,TRUE,0.853389098540287,1.00106115475293
303,"rand=1-2_rate=1.5_ROB=LH_Bias=Rct20_NRE20-35","1-2",1.5,"LH","Rct20_NRE20-35",0.182321556793955,0.182321556793955,0.182321556793955,0.182321556793955,0.182321556793955,0.300104592450338,0.211868110407689,0.211868110407689,-0.271856201436114,TRUE,0.736282037181706,1.00100798771291,-0.250649521424371,FALSE,0.486306058329743,1.00101224689774,-0.166801431452058,TRUE,0.647545998528777,1.001253152486,-0.3261842354976,TRUE,0.916913308547246,1.00098928083518
304,"rand=1-2_rate=1.5_ROB=LH_Bias=Rct20_NRE20-35","1-2",1.5,"LH","Rct20_NRE20-35",0.182321556793955,0.182321556793955,0.182321556793955,0.182321556793955,0.182321556793955,0.300104592450338,0.197153586563982,0.197153586563982,-0.163849913498519,TRUE,0.66191395615074,1.00106210202527,-0.255831353489289,FALSE,0.484154534888785,1.00102395268533,-0.0465386491206337,TRUE,0.571301305019356,1.00107635359315,-0.450635860236798,FALSE,0.868409950122422,1.00100299412664
305,"rand=1-2_rate=1.5_ROB=LH_Bias=Rct20_NRE20-35","1-2",1.5,"LH","Rct20_NRE20-35",0.182321556793955,0.182321556793955,0.182321556793955,0.182321556793955,0.182321556793955,0.300104592450338,0.196302651633526,0.196302651633526,-0.037686242522555,TRUE,0.628093021379654,1.00100190246722,-0.0716637055604727,TRUE,0.511396240697282,1.00102668923142,-0.00362597484327187,TRUE,0.498812850148512,1.00113271124599,-0.15138367153112,TRUE,1.28738549841051,1.00099379080896
306,"rand=1-2_rate=1.5_ROB=LH_Bias=Rct20_NRE20-35","1-2",1.5,"LH","Rct20_NRE20-35",0.182321556793955,0.182321556793955,0.182321556793955,0.182321556793955,0.182321556793955,0.300104592450338,0.200474729313461,0.200474729313461,-0.231854822942679,TRUE,0.638224008979024,1.00160125709728,-0.306194151083626,FALSE,0.478523325063804,1.0009874592441,-0.160174816708818,TRUE,0.503945408278137,1.00114821762809,-0.455530018554548,FALSE,1.08388652662707,1.00098750886108
307,"rand=1-2_rate=1.5_ROB=LH_Bias=Rct20_NRE20-35","1-2",1.5,"LH","Rct20_NRE20-35",0.182321556793955,0.182321556793955,0.182321556793955,0.182321556793955,0.182321556793955,0.300104592450338,0.199935267779432,0.199935267779432,-0.211648262552197,TRUE,0.645998362718116,1.00099367531802,-0.243277125616484,FALSE,0.414308370193775,1.0009955480669,-0.0592444192991823,TRUE,0.539964398245907,1.00113802558317,-0.377190851551437,FALSE,0.667677841937438,1.00107784860179
308,"rand=1-2_rate=1.5_ROB=LH_Bias=Rct20_NRE20-35","1-2",1.5,"LH","Rct20_NRE20-35",0.182321556793955,0.182321556793955,0.182321556793955,0.182321556793955,0.182321556793955,0.300104592450338,0.202955696236598,0.202955696236598,-0.0818015802575398,TRUE,0.616492302778725,1.00101203048981,-0.0518857472118508,TRUE,0.377968219129484,1.0009977883979,0.0588830040147245,TRUE,0.49184584050598,1.00162520508914,-0.134685618856571,TRUE,0.693896447922495,1.00104883421317
309,"rand=1-2_rate=1.5_ROB=LH_Bias=Rct20_NRE20-35","1-2",1.5,"LH","Rct20_NRE20-35",0.182321556793955,0.182321556793955,0.182321556793955,0.182321556793955,0.182321556793955,0.300104592450338,0.205254747490031,0.205254747490031,-0.235780408152087,TRUE,0.689485956608022,1.00107310092065,-0.165036190768124,TRUE,0.481307254992192,1.00119675922301,0.00726261973299047,TRUE,0.702739473193751,1.00104586896765,-0.316565993225095,FALSE,0.71880934486004,1.00098715859428
310,"rand=1-2_rate=1.5_ROB=LH_Bias=Rct20_NRE20-35","1-2",1.5,"LH","Rct20_NRE20-35",0.182321556793955,0.182321556793955,0.182321556793955,0.182321556793955,0.182321556793955,0.300104592450338,0.210365271544605,0.210365271544605,-0.156367656638708,TRUE,0.570947816147502,1.00098608999929,-0.150488428433212,TRUE,0.33487575131523,1.00098738882929,-0.155363397759464,TRUE,0.596019327897141,1.00117445329914,-0.148480925902205,TRUE,0.526684411340769,1.00105994106501
311,"rand=1-2_rate=1.5_ROB=LH_Bias=Rct20_NRE20-35","1-2",1.5,"LH","Rct20_NRE20-35",0.182321556793955,0.182321556793955,0.182321556793955,0.182321556793955,0.182321556793955,0.300104592450338,0.217621684883641,0.217621684883641,-0.0773733144198305,TRUE,0.500738939336974,1.00102666782266,-0.13907194065961,TRUE,0.336416012432322,1.00107902454189,0.0307887726185019,TRUE,0.473205175283707,1.00101896797927,-0.236570706127391,FALSE,0.491324813016805,1.00098599061629
312,"rand=1-2_rate=1.5_ROB=LH_Bias=Rct20_NRE20-35","1-2",1.5,"LH","Rct20_NRE20-35",0.182321556793955,0.182321556793955,0.182321556793955,0.182321556793955,0.182321556793955,0.300104592450338,0.211232033031274,0.211232033031274,-0.344810578317843,FALSE,0.711538719221921,1.00100402628243,-0.327504809461254,FALSE,0.452767615978274,1.00104309342056,-0.263567261546388,TRUE,0.623993061282094,1.00227117988036,-0.369255186698111,FALSE,0.807402672273156,1.00099128314959
313,"rand=1-2_rate=1.5_ROB=LH_Bias=Rct20_NRE20-35","1-2",1.5,"LH","Rct20_NRE20-35",0.182321556793955,0.182321556793955,0.182321556793955,0.182321556793955,0.182321556793955,0.300104592450338,0.211433117374603,0.211433117374603,-0.00968122063612653,TRUE,0.564108001677786,1.00099090473812,-0.0963990293861929,TRUE,0.464312231316119,1.00098599364383,-0.0114533370214016,TRUE,0.47972748590481,1.00117208079668,-0.198859542567922,TRUE,1.14640765513855,1.00099461927496
314,"rand=1-2_rate=1.5_ROB=LH_Bias=Rct20_NRE20-35","1-2",1.5,"LH","Rct20_NRE20-35",0.182321556793955,0.182321556793955,0.182321556793955,0.182321556793955,0.182321556793955,0.300104592450338,0.185221803200022,0.185221803200022,-0.0761356717743591,TRUE,0.538539163536854,1.00098709766887,-0.0784759336460223,TRUE,0.323051872555071,1.00100351592768,-0.0525790143650366,TRUE,0.485679449005831,1.00132547930687,-0.0942334469651072,TRUE,0.573012931794331,1.00110949967774
315,"rand=1-2_rate=1.5_ROB=LH_Bias=Rct20_NRE20-35","1-2",1.5,"LH","Rct20_NRE20-35",0.182321556793955,0.182321556793955,0.182321556793955,0.182321556793955,0.182321556793955,0.300104592450338,0.20125296756216,0.20125296756216,-0.0945048150851333,TRUE,0.55139258191998,1.00099164349698,-0.185505312632265,FALSE,0.384469079363252,1.00099651483329,-0.152599289531994,TRUE,0.68463753565458,1.00112867409489,-0.211867621340677,TRUE,0.5554743079788,1.0009873074198
316,"rand=1-2_rate=1.5_ROB=LH_Bias=Rct20_NRE20-35","1-2",1.5,"LH","Rct20_NRE20-35",0.182321556793955,0.182321556793955,0.182321556793955,0.182321556793955,0.182321556793955,0.300104592450338,0.218895099112422,0.218895099112422,-0.0718699080325247,TRUE,0.589123613885715,1.00111988883842,-0.287261302962295,FALSE,0.624001193512784,1.00099998007574,-0.103201020798005,TRUE,0.630985870537236,1.00101545027969,-0.499039385738263,TRUE,1.52059389092104,1.00100778531222
317,"rand=1-2_rate=1.5_ROB=LH_Bias=Rct20_NRE20-35","1-2",1.5,"LH","Rct20_NRE20-35",0.182321556793955,0.182321556793955,0.182321556793955,0.182321556793955,0.182321556793955,0.300104592450338,0.198031942915884,0.198031942915884,-0.203508209662187,TRUE,0.633346683565211,1.00102255833175,-0.361661109131616,FALSE,0.44163999479905,1.00098606828606,-0.299900599934444,TRUE,0.750294951257589,1.00103246064272,-0.400421506615508,FALSE,0.684363313892498,1.00101286556474
318,"rand=1-2_rate=1.5_ROB=LH_Bias=Rct20_NRE20-35","1-2",1.5,"LH","Rct20_NRE20-35",0.182321556793955,0.182321556793955,0.182321556793955,0.182321556793955,0.182321556793955,0.300104592450338,0.18841741072923,0.18841741072923,-0.25718389699934,TRUE,0.659518516366701,1.0011949135897,-0.329367446150233,FALSE,0.450974769277344,1.00099458248817,-0.163346096314695,TRUE,0.535699717434047,1.00136315412197,-0.457378169455591,FALSE,0.879710498257601,1.0009882375556
319,"rand=1-2_rate=1.5_ROB=LH_Bias=Rct20_NRE20-35","1-2",1.5,"LH","Rct20_NRE20-35",0.182321556793955,0.182321556793955,0.182321556793955,0.182321556793955,0.182321556793955,0.300104592450338,0.208574316000986,0.208574316000986,-0.28978633946231,TRUE,0.724932041019621,1.00100908355918,-0.307346554848142,FALSE,0.490703943016104,1.00098648016277,-0.237733301327907,TRUE,0.627419392285646,1.00114464584724,-0.369378615532527,TRUE,0.980060266844002,1.00101213276388
320,"rand=1-2_rate=1.5_ROB=LH_Bias=Rct20_NRE20-35","1-2",1.5,"LH","Rct20_NRE20-35",0.182321556793955,0.182321556793955,0.182321556793955,0.182321556793955,0.182321556793955,0.300104592450338,0.20056908488509,0.20056908488509,-0.0597936968974622,TRUE,0.550286032324459,1.00098864876325,-0.180560597551756,TRUE,0.415608843824457,1.00102417277023,-0.113430503542012,TRUE,0.524137180791779,1.00109250006223,-0.231403463205077,TRUE,0.828637913299811,1.00098650080671
321,"rand=1-2_rate=1.5_ROB=LH_Bias=Rct20_NRE20-35","1-2",1.5,"LH","Rct20_NRE20-35",0.182321556793955,0.182321556793955,0.182321556793955,0.182321556793955,0.182321556793955,0.300104592450338,0.210688806657284,0.210688806657284,0.0112006693368708,TRUE,0.561521361305476,1.00100106110861,-0.214084447058216,TRUE,0.496089766684306,1.00098764789998,-0.201664173696618,TRUE,0.683247981129041,1.00115451786499,-0.213534477730535,TRUE,0.939337651806695,1.00099194884101
322,"rand=1-2_rate=1.5_ROB=LH_Bias=Rct20_NRE20-35","1-2",1.5,"LH","Rct20_NRE20-35",0.182321556793955,0.182321556793955,0.182321556793955,0.182321556793955,0.182321556793955,0.300104592450338,0.195784835825757,0.195784835825757,0.015802998755021,TRUE,0.457189747928803,1.00100164051273,-0.0698027028968848,TRUE,0.337813143601901,1.00106265055699,-0.0590448283824692,TRUE,0.547948152597789,1.00119022812543,-0.07714339507441,TRUE,0.558433050509569,1.00101965758208
323,"rand=1-2_rate=1.5_ROB=LH_Bias=Rct20_NRE20-35","1-2",1.5,"LH","Rct20_NRE20-35",0.182321556793955,0.182321556793955,0.182321556793955,0.182321556793955,0.182321556793955,0.300104592450338,0.189175845721851,0.189175845721851,-0.27821040149432,FALSE,0.57073861570436,1.00098611795903,-0.289746510204907,FALSE,0.351604999148293,1.00098766386029,-0.247991970304967,TRUE,0.810568262413335,1.0010156467888,-0.293253857142748,FALSE,0.38489463818319,1.00101768929206
324,"rand=1-2_rate=1.5_ROB=LH_Bias=Rct20_NRE20-35","1-2",1.5,"LH","Rct20_NRE20-35",0.182321556793955,0.182321556793955,0.182321556793955,0.182321556793955,0.182321556793955,0.300104592450338,0.210384444150452,0.210384444150452,-0.0775569635578892,TRUE,0.638666066995737,1.00099916423542,-0.183024759718936,TRUE,0.466962712952634,1.00099077904871,-0.280574238764297,TRUE,0.821336681742321,1.00100628600611,-0.110292824430574,TRUE,0.671090968420788,1.00098634671891
325,"rand=1-2_rate=1.5_ROB=LH_Bias=Rct20_NRE20-35","1-2",1.5,"LH","Rct20_NRE20-35",0.182321556793955,0.182321556793955,0.182321556793955,0.182321556793955,0.182321556793955,0.300104592450338,0.203625619279383,0.203625619279383,-0.130206660983795,TRUE,0.512612896863689,1.00102752141721,-0.239096988800556,FALSE,0.430414470412374,1.00101224172188,-0.101868977850535,TRUE,0.688325342102243,1.00106265136213,-0.33872213440494,FALSE,0.625901387644116,1.0009898750878
326,"rand=1-2_rate=1.5_ROB=LH_Bias=Rct20_NRE20-35","1-2",1.5,"LH","Rct20_NRE20-35",0.182321556793955,0.182321556793955,0.182321556793955,0.182321556793955,0.182321556793955,0.300104592450338,0.209234582638713,0.209234582638713,-0.249752933013424,TRUE,0.642613955518466,1.00110501000783,-0.256934048259706,FALSE,0.403740985270609,1.00099147324895,-0.28745341668266,FALSE,0.631114273824828,1.00136489702979,-0.237644393383503,TRUE,0.679823528590836,1.00098599067676
327,"rand=1-2_rate=1.5_ROB=LH_Bias=Rct20_NRE20-35","1-2",1.5,"LH","Rct20_NRE20-35",0.182321556793955,0.182321556793955,0.182321556793955,0.182321556793955,0.182321556793955,0.300104592450338,0.21194740229891,0.21194740229891,-0.00414304629877327,TRUE,0.392208865828503,1.00102844641735,-0.0121868336935651,TRUE,0.225604822180288,1.00106542853462,-0.183543591915041,TRUE,0.621087587006717,1.00105719365139,0.0228160371610812,TRUE,0.219092556925728,1.0010073788586
328,"rand=1-2_rate=1.5_ROB=LH_Bias=Rct20_NRE20-35","1-2",1.5,"LH","Rct20_NRE20-35",0.182321556793955,0.182321556793955,0.182321556793955,0.182321556793955,0.182321556793955,0.300104592450338,0.202991384302746,0.202991384302746,-0.117620961237099,TRUE,0.582418601016555,1.00100095395459,-0.0679553561700128,TRUE,0.386569803805117,1.00100358557746,-0.0978415705089954,TRUE,0.546570365941268,1.00152850968625,-0.0419717761163829,TRUE,0.703388036086232,1.00099294921221
329,"rand=1-2_rate=1.5_ROB=LH_Bias=Rct20_NRE20-35","1-2",1.5,"LH","Rct20_NRE20-35",0.182321556793955,0.182321556793955,0.182321556793955,0.182321556793955,0.182321556793955,0.300104592450338,0.210084908851956,0.210084908851956,-0.152277406771042,TRUE,0.592158659643516,1.00114034036217,-0.213758878088715,FALSE,0.422354940091835,1.00104710476654,-0.109353659133238,TRUE,0.55079782925879,1.00137687911246,-0.289528509976004,TRUE,0.793808366572053,1.00101968421375
330,"rand=1-2_rate=1.5_ROB=LH_Bias=Rct20_NRE20-35","1-2",1.5,"LH","Rct20_NRE20-35",0.182321556793955,0.182321556793955,0.182321556793955,0.182321556793955,0.182321556793955,0.300104592450338,0.202627131725934,0.202627131725934,-0.184672722524387,TRUE,0.601308819306451,1.00102648547287,-0.187120369356294,FALSE,0.374582962157596,1.00100058544405,-0.214300194423097,TRUE,0.697615793468095,1.00100398478813,-0.173756313999251,TRUE,0.529600128371159,1.00099414218472
331,"rand=1-2_rate=1.5_ROB=LH_Bias=Rct20_NRE20-35","1-2",1.5,"LH","Rct20_NRE20-35",0.182321556793955,0.182321556793955,0.182321556793955,0.182321556793955,0.182321556793955,0.300104592450338,0.214686305088174,0.214686305088174,-0.527293214102873,FALSE,0.806437609779882,1.00102703152368,-0.434111914330118,FALSE,0.512929662558271,1.00099398671595,-0.68901914198069,FALSE,0.867129530106113,1.00112206587451,-0.276210839761002,TRUE,0.689423292858911,1.00100338740981
332,"rand=1-2_rate=1.5_ROB=LH_Bias=Rct20_NRE20-35","1-2",1.5,"LH","Rct20_NRE20-35",0.182321556793955,0.182321556793955,0.182321556793955,0.182321556793955,0.182321556793955,0.300104592450338,0.189797032482691,0.189797032482691,-0.311018909092923,TRUE,0.727516799293486,1.0010168807517,-0.45024460954882,FALSE,0.549027742636014,1.00105438198514,-0.280071042496236,TRUE,0.665060444963183,1.00130615293601,-0.585286538805496,FALSE,1.10359317666447,1.00100282912484
333,"rand=1-2_rate=1.5_ROB=LH_Bias=Rct20_NRE20-35","1-2",1.5,"LH","Rct20_NRE20-35",0.182321556793955,0.182321556793955,0.182321556793955,0.182321556793955,0.182321556793955,0.300104592450338,0.204832524773225,0.204832524773225,-0.160290121946719,TRUE,0.669067150971036,1.00098599378813,-0.253593971520205,FALSE,0.542376392177223,1.000989060022,-0.20293749116076,TRUE,0.58444127040983,1.00098651654051,-0.273691267095566,TRUE,1.30162129772282,1.0009975984904
334,"rand=1-2_rate=1.5_ROB=LH_Bias=Rct20_NRE20-35","1-2",1.5,"LH","Rct20_NRE20-35",0.182321556793955,0.182321556793955,0.182321556793955,0.182321556793955,0.182321556793955,0.300104592450338,0.18253128283493,0.18253128283493,-0.322279778475728,FALSE,0.634193624505549,1.00101067615125,-0.38109364961318,FALSE,0.414173067935628,1.00113262029987,-0.286927187208365,FALSE,0.609304092110084,1.00235423212242,-0.434267707478752,FALSE,0.685010710651595,1.00098614567927
335,"rand=1-2_rate=1.5_ROB=LH_Bias=Rct20_NRE20-35","1-2",1.5,"LH","Rct20_NRE20-35",0.182321556793955,0.182321556793955,0.182321556793955,0.182321556793955,0.182321556793955,0.300104592450338,0.20619328983675,0.20619328983675,-0.275484411467852,TRUE,0.69141949630739,1.00102531759005,-0.309727942823977,FALSE,0.480262670203725,1.00099992643849,-0.25991880484643,FALSE,0.589905036802365,1.00098745980206,-0.348041397776045,TRUE,1.0318660052686,1.00099649307457
336,"rand=1-2_rate=1.5_ROB=LH_Bias=Rct20_NRE20-35","1-2",1.5,"LH","Rct20_NRE20-35",0.182321556793955,0.182321556793955,0.182321556793955,0.182321556793955,0.182321556793955,0.300104592450338,0.203361082955058,0.203361082955058,-0.101158267275462,TRUE,0.512451244175131,1.00144313398041,-0.224592936940617,FALSE,0.389359269850179,1.00098659570026,-0.107471908729535,TRUE,0.507497892771561,1.00098963922518,-0.301286392393251,TRUE,0.737436837333785,1.00098598994591
337,"rand=1-2_rate=1.5_ROB=LH_Bias=Rct20_NRE20-35","1-2",1.5,"LH","Rct20_NRE20-35",0.182321556793955,0.182321556793955,0.182321556793955,0.182321556793955,0.182321556793955,0.300104592450338,0.212848304320023,0.212848304320023,-0.226771185505395,TRUE,0.712047444027798,1.00098710053631,-0.256782603332341,FALSE,0.476064435359895,1.00099833091661,-0.399612410128313,FALSE,0.880944234023726,1.00100317139954,-0.158197121495693,TRUE,0.630254622699263,1.00098611599439
338,"rand=1-2_rate=1.5_ROB=LH_Bias=Rct20_NRE20-35","1-2",1.5,"LH","Rct20_NRE20-35",0.182321556793955,0.182321556793955,0.182321556793955,0.182321556793955,0.182321556793955,0.300104592450338,0.197033996130563,0.197033996130563,-0.182986799879126,TRUE,0.604088132334805,1.000991778866,-0.220050141469747,FALSE,0.390620428226008,1.0010343779251,-0.0870318806414041,TRUE,0.527594428041708,1.00183066268923,-0.312135663154178,FALSE,0.682759285109221,1.00098629415833
339,"rand=1-2_rate=1.5_ROB=LH_Bias=Rct20_NRE20-35","1-2",1.5,"LH","Rct20_NRE20-35",0.182321556793955,0.182321556793955,0.182321556793955,0.182321556793955,0.182321556793955,0.300104592450338,0.213560721382087,0.213560721382087,-0.207751427249246,TRUE,0.673697313708491,1.00098599028145,-0.235938689769104,FALSE,0.465037270818566,1.00098615649264,-0.19266080912272,TRUE,0.617739703676469,1.0013439551168,-0.264678414439482,TRUE,0.90918311355814,1.00098789044404
340,"rand=1-2_rate=1.5_ROB=LH_Bias=Rct20_NRE20-35","1-2",1.5,"LH","Rct20_NRE20-35",0.182321556793955,0.182321556793955,0.182321556793955,0.182321556793955,0.182321556793955,0.300104592450338,0.221714207363252,0.221714207363252,-0.341798906275869,FALSE,0.748132669555633,1.00102820339787,-0.437594600980423,FALSE,0.537827637752603,1.00104161769184,-0.485872163845691,FALSE,0.929095171027432,1.00098987129234,-0.402836016335205,FALSE,0.802413845589811,1.00099621346379
341,"rand=1-2_rate=1.5_ROB=LH_Bias=Rct20_NRE20-35","1-2",1.5,"LH","Rct20_NRE20-35",0.182321556793955,0.182321556793955,0.182321556793955,0.182321556793955,0.182321556793955,0.300104592450338,0.203639428756481,0.203639428756481,-0.0992443262566014,TRUE,0.559312970248463,1.0015409439274,-0.182749001382355,TRUE,0.398040622116965,1.00101015775067,-0.064480082980422,TRUE,0.478472702473745,1.00102497021247,-0.273103886472338,TRUE,0.835132502713564,1.00098752443667
342,"rand=1-2_rate=1.5_ROB=LH_Bias=Rct20_NRE20-35","1-2",1.5,"LH","Rct20_NRE20-35",0.182321556793955,0.182321556793955,0.182321556793955,0.182321556793955,0.182321556793955,0.300104592450338,0.207402288276576,0.207402288276576,-0.0940683154600874,TRUE,0.639676973764974,1.00106125205107,-0.0823742486168029,TRUE,0.43406336517607,1.00101311949675,-0.00320281532783295,TRUE,0.532800770243172,1.0009962367298,-0.152154038373997,TRUE,0.880828986433355,1.00102654129464
343,"rand=1-2_rate=1.5_ROB=LH_Bias=Rct20_NRE20-35","1-2",1.5,"LH","Rct20_NRE20-35",0.182321556793955,0.182321556793955,0.182321556793955,0.182321556793955,0.182321556793955,0.300104592450338,0.203694904053753,0.203694904053753,-0.276935542338822,TRUE,0.673570127650954,1.00099147804047,-0.35309523072113,FALSE,0.457994604029878,1.00101015038737,-0.544754353055593,FALSE,0.836347392950375,1.00178985282294,-0.254101298794425,TRUE,0.612716877322325,1.00098703231402
344,"rand=1-2_rate=1.5_ROB=LH_Bias=Rct20_NRE20-35","1-2",1.5,"LH","Rct20_NRE20-35",0.182321556793955,0.182321556793955,0.182321556793955,0.182321556793955,0.182321556793955,0.300104592450338,0.212753333398417,0.212753333398417,-0.121868221446157,TRUE,0.534572798192968,1.0022299089506,-0.197036229059879,FALSE,0.353335474968694,1.0009968368609,-0.0320976189576274,TRUE,0.48727652294951,1.00098599271176,-0.290511184144893,FALSE,0.604732576387162,1.00099217018181
345,"rand=1-2_rate=1.5_ROB=LH_Bias=Rct20_NRE20-35","1-2",1.5,"LH","Rct20_NRE20-35",0.182321556793955,0.182321556793955,0.182321556793955,0.182321556793955,0.182321556793955,0.300104592450338,0.192376921894224,0.192376921894224,-0.316370462342276,FALSE,0.624892665202854,1.00100802153833,-0.422117794456232,FALSE,0.400279198912549,1.00106777857931,-0.231728940024071,TRUE,0.575650326332161,1.00099445211498,-0.516287229544295,FALSE,0.631837567864004,1.00101149263616
346,"rand=1-2_rate=1.5_ROB=LH_Bias=Rct20_NRE20-35","1-2",1.5,"LH","Rct20_NRE20-35",0.182321556793955,0.182321556793955,0.182321556793955,0.182321556793955,0.182321556793955,0.300104592450338,0.201730871606637,0.201730871606637,-0.360629175340997,FALSE,0.743351522394812,1.00107359894348,-0.265958025829844,FALSE,0.488028386064691,1.0010233686771,-0.35806639190522,FALSE,0.701789987140828,1.0009861930535,-0.19526188486185,TRUE,0.856760820099929,1.00104738091079
347,"rand=1-2_rate=1.5_ROB=LH_Bias=Rct20_NRE20-35","1-2",1.5,"LH","Rct20_NRE20-35",0.182321556793955,0.182321556793955,0.182321556793955,0.182321556793955,0.182321556793955,0.300104592450338,0.204139848459941,0.204139848459941,-0.0781503545438782,TRUE,0.578199898393043,1.00110264966529,-0.179966706987322,TRUE,0.44016508069894,1.00099001533671,-0.0948686519971571,TRUE,0.590007546294045,1.00105331737092,-0.250769947518989,TRUE,0.822833397596231,1.00098620805988
348,"rand=1-2_rate=1.5_ROB=LH_Bias=Rct20_NRE20-35","1-2",1.5,"LH","Rct20_NRE20-35",0.182321556793955,0.182321556793955,0.182321556793955,0.182321556793955,0.182321556793955,0.300104592450338,0.212401410117172,0.212401410117172,-0.200951280616106,TRUE,0.63568201207147,1.00098745106532,-0.2721699581711,FALSE,0.465700902823588,1.00099877687407,-0.141042049346827,TRUE,0.528464531357582,1.00152863224198,-0.38148048179187,TRUE,0.984678581036871,1.00100618580955
349,"rand=1-2_rate=1.5_ROB=LH_Bias=Rct20_NRE20-35","1-2",1.5,"LH","Rct20_NRE20-35",0.182321556793955,0.182321556793955,0.182321556793955,0.182321556793955,0.182321556793955,0.300104592450338,0.200343831971495,0.200343831971495,-0.400324135770604,FALSE,0.853663440176111,1.00102445896994,-0.380361044607678,FALSE,0.581654713865716,1.00099058295528,-0.340182959336518,FALSE,0.746581478373534,1.00100670166043,-0.413032553740794,TRUE,1.1658414186548,1.00099280942889
350,"rand=1-2_rate=1.5_ROB=LH_Bias=Rct20_NRE20-35","1-2",1.5,"LH","Rct20_NRE20-35",0.182321556793955,0.182321556793955,0.182321556793955,0.182321556793955,0.182321556793955,0.300104592450338,0.193378820953799,0.193378820953799,-0.219742589799281,TRUE,0.536046932257835,1.00098812014244,-0.284113269794928,FALSE,0.324833910416665,1.00099043063455,-0.156142522947456,TRUE,0.537986951304686,1.00221962394548,-0.338709962003117,FALSE,0.472598023155477,1.00098781501491
351,"rand=1-2_rate=1.5_ROB=LH_Bias=Rct20_NRE20-35","1-2",1.5,"LH","Rct20_NRE20-35",0.182321556793955,0.182321556793955,0.182321556793955,0.182321556793955,0.182321556793955,0.300104592450338,0.189443098904035,0.189443098904035,-0.053676709627313,TRUE,0.540149108313078,1.00110883692453,-0.129478163606179,TRUE,0.377810459573856,1.00099100664567,0.0159529371470262,TRUE,0.461943431730988,1.00105639115898,-0.229308331930408,TRUE,0.747880180742934,1.00100181103874
352,"rand=1-2_rate=1.5_ROB=LH_Bias=Rct20_NRE20-35","1-2",1.5,"LH","Rct20_NRE20-35",0.182321556793955,0.182321556793955,0.182321556793955,0.182321556793955,0.182321556793955,0.300104592450338,0.202963148469636,0.202963148469636,-0.175979388490044,TRUE,0.679861029497305,1.00103343132847,-0.311015173852481,FALSE,0.494891362360034,1.0009863956046,-0.0704227228326977,TRUE,0.5503860828757,1.00107963025689,-0.533717349315725,FALSE,0.887713802005291,1.00103707533407
353,"rand=1-2_rate=1.5_ROB=LH_Bias=Rct20_NRE20-35","1-2",1.5,"LH","Rct20_NRE20-35",0.182321556793955,0.182321556793955,0.182321556793955,0.182321556793955,0.182321556793955,0.300104592450338,0.208288123249295,0.208288123249295,-0.133880345065215,TRUE,0.593882243038789,1.00098763738011,-0.210581023145023,FALSE,0.421365296317005,1.00102403533036,-0.274619397205923,FALSE,0.625985256530993,1.00126592189333,-0.167247857464606,TRUE,0.716687932351691,1.00102713212854
354,"rand=1-2_rate=1.5_ROB=LH_Bias=Rct20_NRE20-35","1-2",1.5,"LH","Rct20_NRE20-35",0.182321556793955,0.182321556793955,0.182321556793955,0.182321556793955,0.182321556793955,0.300104592450338,0.206501089316624,0.206501089316624,-0.0872280055759551,TRUE,0.546990139451343,1.00098654386094,-0.150920466384183,TRUE,0.374324002714125,1.00112759626908,0.000236092395512033,TRUE,0.489145312733689,1.0010012879371,-0.249966314324445,TRUE,0.647457822349133,1.00099264613901
355,"rand=1-2_rate=1.5_ROB=LH_Bias=Rct20_NRE20-35","1-2",1.5,"LH","Rct20_NRE20-35",0.182321556793955,0.182321556793955,0.182321556793955,0.182321556793955,0.182321556793955,0.300104592450338,0.183573091084754,0.183573091084754,-0.174002024293143,TRUE,0.610628980646325,1.00102948936652,-0.278906286264004,FALSE,0.458506261823849,1.00118049828128,-0.160862040345013,TRUE,0.58673757280682,1.00102601124967,-0.369519498076525,FALSE,0.865986572759621,1.00099117438744
356,"rand=1-2_rate=1.5_ROB=LH_Bias=Rct20_NRE20-35","1-2",1.5,"LH","Rct20_NRE20-35",0.182321556793955,0.182321556793955,0.182321556793955,0.182321556793955,0.182321556793955,0.300104592450338,0.195707313964689,0.195707313964689,-0.29601838076493,TRUE,0.919405142861063,1.00103868906619,-0.236830930749773,TRUE,0.60071589476491,1.00098599372981,-0.16265898833212,TRUE,0.808702129645922,1.00099471200336,-0.324757657511784,TRUE,1.22047798691182,1.00098640399995
357,"rand=1-2_rate=1.5_ROB=LH_Bias=Rct20_NRE20-35","1-2",1.5,"LH","Rct20_NRE20-35",0.182321556793955,0.182321556793955,0.182321556793955,0.182321556793955,0.182321556793955,0.300104592450338,0.19524205750835,0.19524205750835,-0.267276483334069,TRUE,0.687135123245678,1.00106785396003,-0.292916158872583,FALSE,0.43382228865254,1.00101626426764,-0.131351049489625,TRUE,0.600824479117678,1.00100493059932,-0.399968557603048,FALSE,0.705289846534385,1.00098609908464
358,"rand=1-2_rate=1.5_ROB=LH_Bias=Rct20_NRE20-35","1-2",1.5,"LH","Rct20_NRE20-35",0.182321556793955,0.182321556793955,0.182321556793955,0.182321556793955,0.182321556793955,0.300104592450338,0.215260929977024,0.215260929977024,-0.230523867743533,FALSE,0.513658656143008,1.00100085190479,-0.226359612313245,FALSE,0.251734855694159,1.00100077858744,-0.176092663137415,TRUE,0.642161953008011,1.0013408785276,-0.241141123931953,FALSE,0.295806765170245,1.00100467907657
359,"rand=1-2_rate=1.5_ROB=LH_Bias=Rct20_NRE20-35","1-2",1.5,"LH","Rct20_NRE20-35",0.182321556793955,0.182321556793955,0.182321556793955,0.182321556793955,0.182321556793955,0.300104592450338,0.190715355163541,0.190715355163541,-0.24373408422885,TRUE,0.782332274458745,1.00102771965737,-0.255300114232533,TRUE,0.586075557787805,1.00099904914497,-0.273861804749611,TRUE,0.701468800540067,1.00099793205284,-0.238216331169605,TRUE,1.30438059508579,1.00099917293692
360,"rand=1-2_rate=1.5_ROB=LH_Bias=Rct20_NRE20-35","1-2",1.5,"LH","Rct20_NRE20-35",0.182321556793955,0.182321556793955,0.182321556793955,0.182321556793955,0.182321556793955,0.300104592450338,0.20461295488516,0.20461295488516,-0.289384327619206,FALSE,0.646273339068526,1.00099100200833,-0.325055426467808,FALSE,0.413790835700556,1.00100673593359,-0.342657616483312,FALSE,0.65237666305679,1.00113073522209,-0.312493095774022,FALSE,0.69463679422406,1.0009877195673
361,"rand=1-2_rate=1.5_ROB=LH_Bias=Rct20_NRE20-35","1-2",1.5,"LH","Rct20_NRE20-35",0.182321556793955,0.182321556793955,0.182321556793955,0.182321556793955,0.182321556793955,0.300104592450338,0.202823165012509,0.202823165012509,0.0145264141548582,TRUE,0.570080767285816,1.00125708440025,-0.0417170873485848,TRUE,0.406668182159438,1.00101782247721,-0.0581399945945873,TRUE,0.606210098105731,1.00109279172681,-0.0297691530797115,TRUE,0.716589185582486,1.00101159042181
362,"rand=1-2_rate=1.5_ROB=LH_Bias=Rct20_NRE20-35","1-2",1.5,"LH","Rct20_NRE20-35",0.182321556793955,0.182321556793955,0.182321556793955,0.182321556793955,0.182321556793955,0.300104592450338,0.203455427531205,0.203455427531205,-0.367236732920865,FALSE,0.778278152181626,1.00112085072354,-0.449662051091986,FALSE,0.545300287452033,1.00099894802875,-0.310354798458792,FALSE,0.675674045000762,1.0010128479182,-0.564425508768279,FALSE,1.07967220553172,1.00102449012625
363,"rand=1-2_rate=1.5_ROB=LH_Bias=Rct20_NRE20-35","1-2",1.5,"LH","Rct20_NRE20-35",0.182321556793955,0.182321556793955,0.182321556793955,0.182321556793955,0.182321556793955,0.300104592450338,0.208230059679509,0.208230059679509,-0.390770903909732,FALSE,0.809301431511495,1.00115495496014,-0.234645715716683,TRUE,0.534331111282673,1.00105642100563,-0.251724904763119,TRUE,0.811142585972633,1.00101727750536,-0.213512742748156,TRUE,0.93532917170268,1.0009901172263
364,"rand=1-2_rate=1.5_ROB=LH_Bias=Rct20_NRE20-35","1-2",1.5,"LH","Rct20_NRE20-35",0.182321556793955,0.182321556793955,0.182321556793955,0.182321556793955,0.182321556793955,0.300104592450338,0.2092584839399,0.2092584839399,-0.198300918881323,TRUE,0.654606017737345,1.0011485128132,-0.275038244670184,FALSE,0.497497922885024,1.00098971058467,-0.0903072649735555,TRUE,0.547322244582212,1.00141787041377,-0.459767960131105,FALSE,0.987090156001709,1.00098602367954
365,"rand=1-2_rate=1.5_ROB=LH_Bias=Rct20_NRE20-35","1-2",1.5,"LH","Rct20_NRE20-35",0.182321556793955,0.182321556793955,0.182321556793955,0.182321556793955,0.182321556793955,0.300104592450338,0.190480977025155,0.190480977025155,-0.504681441323432,FALSE,0.849481577409256,1.00128365076112,-0.403576147291599,FALSE,0.557130370726373,1.00112606231784,-0.442483817878378,FALSE,0.789531851351984,1.00103788778296,-0.371587444475038,TRUE,1.0074225563151,1.000989655939
366,"rand=1-2_rate=1.5_ROB=LH_Bias=Rct20_NRE20-35","1-2",1.5,"LH","Rct20_NRE20-35",0.182321556793955,0.182321556793955,0.182321556793955,0.182321556793955,0.182321556793955,0.300104592450338,0.195437835910611,0.195437835910611,-0.294047709982586,FALSE,0.619486863657018,1.00099635270013,-0.262190355563886,FALSE,0.372419495968066,1.00104147199876,-0.215732243996159,TRUE,0.612315079729186,1.00098649772377,-0.287481687170735,FALSE,0.585847137552411,1.00098651600394
367,"rand=1-2_rate=1.5_ROB=LH_Bias=Rct20_NRE20-35","1-2",1.5,"LH","Rct20_NRE20-35",0.182321556793955,0.182321556793955,0.182321556793955,0.182321556793955,0.182321556793955,0.300104592450338,0.183582819757431,0.183582819757431,0.0198416490781415,TRUE,0.501104533656446,1.00104326336988,-0.183588771526624,TRUE,0.493476774105515,1.00100142000913,-0.115663161507103,TRUE,0.587238798806845,1.0012891598255,-0.252012059770965,TRUE,1.06044084229747,1.00101015355297
368,"rand=1-2_rate=1.5_ROB=LH_Bias=Rct20_NRE20-35","1-2",1.5,"LH","Rct20_NRE20-35",0.182321556793955,0.182321556793955,0.182321556793955,0.182321556793955,0.182321556793955,0.300104592450338,0.208916696493161,0.208916696493161,-0.0996210218876152,TRUE,0.611503278998509,1.00100245572182,-0.197345703622406,TRUE,0.446930532071729,1.00102114820448,-0.0963529240539005,TRUE,0.632843034871584,1.00112697651182,-0.277869560196341,TRUE,0.750434342727223,1.00101772686795
369,"rand=1-2_rate=1.5_ROB=LH_Bias=Rct20_NRE20-35","1-2",1.5,"LH","Rct20_NRE20-35",0.182321556793955,0.182321556793955,0.182321556793955,0.182321556793955,0.182321556793955,0.300104592450338,0.215751057832686,0.215751057832686,-0.164340736651059,TRUE,0.620817964310938,1.00110753535006,-0.176480870478393,TRUE,0.419986599943997,1.00111455278825,-0.324853022110619,FALSE,0.570505972633643,1.0010068311181,-0.0539380746216198,TRUE,0.71470813500115,1.00101317351277
370,"rand=1-2_rate=1.5_ROB=LH_Bias=Rct20_NRE20-35","1-2",1.5,"LH","Rct20_NRE20-35",0.182321556793955,0.182321556793955,0.182321556793955,0.182321556793955,0.182321556793955,0.300104592450338,0.202023292685931,0.202023292685931,-0.180810254156634,TRUE,0.557282882519235,1.00099320005669,-0.313242848190424,FALSE,0.418835614335208,1.00098889694691,-0.142058250534981,TRUE,0.550937652654043,1.00099038727232,-0.421839621148081,FALSE,0.698178535248684,1.00098829757484
371,"rand=1-2_rate=1.5_ROB=LH_Bias=Rct20_NRE20-35","1-2",1.5,"LH","Rct20_NRE20-35",0.182321556793955,0.182321556793955,0.182321556793955,0.182321556793955,0.182321556793955,0.300104592450338,0.208241083947137,0.208241083947137,-0.357554670323166,FALSE,0.788172702992283,1.0010517905904,-0.243083491964032,FALSE,0.497154666324531,1.00101542674186,-0.207099278496886,TRUE,0.740427738804055,1.00164142586319,-0.269510144322059,TRUE,0.877020546297551,1.00100727726884
372,"rand=1-2_rate=1.5_ROB=LH_Bias=Rct20_NRE20-35","1-2",1.5,"LH","Rct20_NRE20-35",0.182321556793955,0.182321556793955,0.182321556793955,0.182321556793955,0.182321556793955,0.300104592450338,0.203725694488121,0.203725694488121,-0.341695739567212,FALSE,0.637311095695608,1.00118977377179,-0.290140629015772,FALSE,0.361976586573916,1.00100829876199,-0.273875074598825,TRUE,0.719028295434427,1.00115944737185,-0.292070193263806,FALSE,0.479119332761665,1.00105789296075
373,"rand=1-2_rate=1.5_ROB=LH_Bias=Rct20_NRE20-35","1-2",1.5,"LH","Rct20_NRE20-35",0.182321556793955,0.182321556793955,0.182321556793955,0.182321556793955,0.182321556793955,0.300104592450338,0.217641923529385,0.217641923529385,-0.254700641854413,TRUE,0.625682910400499,1.00111985752907,-0.303912398576932,FALSE,0.461448914794192,1.00099210721539,-0.0729236348079869,TRUE,0.620659862303699,1.00116196185004,-0.481098113725318,FALSE,0.639812350749807,1.00102724982078
374,"rand=1-2_rate=1.5_ROB=LH_Bias=Rct20_NRE20-35","1-2",1.5,"LH","Rct20_NRE20-35",0.182321556793955,0.182321556793955,0.182321556793955,0.182321556793955,0.182321556793955,0.300104592450338,0.185638779232506,0.185638779232506,0.0245852820309134,TRUE,0.473644408484976,1.00100149595192,-0.0389275895637302,TRUE,0.319031964084671,1.00104686415369,-0.0374720243581104,TRUE,0.547312433050019,1.00126281183262,-0.0398892389354506,TRUE,0.499395721093164,1.00098986595807
375,"rand=1-2_rate=1.5_ROB=LH_Bias=Rct20_NRE20-35","1-2",1.5,"LH","Rct20_NRE20-35",0.182321556793955,0.182321556793955,0.182321556793955,0.182321556793955,0.182321556793955,0.300104592450338,0.207868984591488,0.207868984591488,-0.223939036354215,TRUE,0.651942181193857,1.00127034053733,-0.245232287520302,FALSE,0.428841954023596,1.00098611725274,-0.17007443135049,TRUE,0.582022310038452,1.00136306287637,-0.303570745305304,TRUE,0.790199866513205,1.00101682359537
376,"rand=1-2_rate=1.5_ROB=LH_Bias=Rct20_NRE20-35","1-2",1.5,"LH","Rct20_NRE20-35",0.182321556793955,0.182321556793955,0.182321556793955,0.182321556793955,0.182321556793955,0.300104592450338,0.199915804539353,0.199915804539353,-0.174828502440849,TRUE,0.526353103028444,1.00099151638039,-0.265697994770117,FALSE,0.330484125283265,1.00103436278699,-0.353431447085645,FALSE,0.774904206179782,1.00100321932735,-0.237069996992023,FALSE,0.391422048891289,1.0009871921598
377,"rand=1-2_rate=1.5_ROB=LH_Bias=Rct20_NRE20-35","1-2",1.5,"LH","Rct20_NRE20-35",0.182321556793955,0.182321556793955,0.182321556793955,0.182321556793955,0.182321556793955,0.300104592450338,0.211265970481316,0.211265970481316,-0.14873122734932,TRUE,0.508903713212773,1.00099813762073,-0.304659246249453,FALSE,0.44215453094986,1.00098896582121,0.0399710546206991,TRUE,0.438334550680204,1.00153512791318,-0.558802025125608,FALSE,0.608604867726783,1.00098768173132
378,"rand=1-2_rate=1.5_ROB=LH_Bias=Rct20_NRE20-35","1-2",1.5,"LH","Rct20_NRE20-35",0.182321556793955,0.182321556793955,0.182321556793955,0.182321556793955,0.182321556793955,0.300104592450338,0.193002515768689,0.193002515768689,-0.392722681275792,FALSE,0.607771926127827,1.00106206178067,-0.319757668037836,FALSE,0.280167165529864,1.00100270012677,-0.351967804796248,FALSE,0.648318181888371,1.00100108499477,-0.309792251169394,FALSE,0.371020253528928,1.0010093549527
379,"rand=1-2_rate=1.5_ROB=LH_Bias=Rct20_NRE20-35","1-2",1.5,"LH","Rct20_NRE20-35",0.182321556793955,0.182321556793955,0.182321556793955,0.182321556793955,0.182321556793955,0.300104592450338,0.220122124988167,0.220122124988167,-0.252692398383255,TRUE,0.769108268368502,1.0009972055856,-0.252981134319454,FALSE,0.516684639303108,1.00098728752049,-0.149221882832282,TRUE,0.735202959148245,1.00098876732435,-0.348412377285787,TRUE,0.919531302856223,1.00098823893148
380,"rand=1-2_rate=1.5_ROB=LH_Bias=Rct20_NRE20-35","1-2",1.5,"LH","Rct20_NRE20-35",0.182321556793955,0.182321556793955,0.182321556793955,0.182321556793955,0.182321556793955,0.300104592450338,0.198683273276165,0.198683273276165,-0.014330041394107,TRUE,0.532389825058368,1.00100924179936,-0.0408810264832646,TRUE,0.34852137987139,1.00101036161223,0.0414063213530517,TRUE,0.502954861064163,1.00128708359794,-0.0964512512113429,TRUE,0.577330045945187,1.00098854101598
381,"rand=1-2_rate=1.5_ROB=LH_Bias=Rct20_NRE20-35","1-2",1.5,"LH","Rct20_NRE20-35",0.182321556793955,0.182321556793955,0.182321556793955,0.182321556793955,0.182321556793955,0.300104592450338,0.187513596190903,0.187513596190903,-0.194071095341724,TRUE,0.494954374586632,1.0009893824317,-0.198035545089427,FALSE,0.252046684374247,1.00101011417319,-0.0867530444846245,TRUE,0.523327709560219,1.00127474071945,-0.222974207546949,FALSE,0.326430608377853,1.00100908134565
382,"rand=1-2_rate=1.5_ROB=LH_Bias=Rct20_NRE20-35","1-2",1.5,"LH","Rct20_NRE20-35",0.182321556793955,0.182321556793955,0.182321556793955,0.182321556793955,0.182321556793955,0.300104592450338,0.19985720507734,0.19985720507734,-0.372955284576032,FALSE,0.855314730599001,1.00102113868501,-0.337261299072631,FALSE,0.551502554184936,1.00098713216979,-0.425604720108235,FALSE,0.833517236438619,1.00098778571984,-0.27029296949868,TRUE,0.930304008713733,1.00098908739841
383,"rand=1-2_rate=1.5_ROB=LH_Bias=Rct20_NRE20-35","1-2",1.5,"LH","Rct20_NRE20-35",0.182321556793955,0.182321556793955,0.182321556793955,0.182321556793955,0.182321556793955,0.300104592450338,0.19612794999324,0.19612794999324,0.095183519249135,TRUE,0.415508750496616,1.00104762779975,0.0543594745973152,TRUE,0.27040754947438,1.00100828921005,-0.0124689739951449,TRUE,0.603128274995955,1.00100387091316,0.0824753355453344,TRUE,0.308235561816644,1.00100449681241
384,"rand=1-2_rate=1.5_ROB=LH_Bias=Rct20_NRE20-35","1-2",1.5,"LH","Rct20_NRE20-35",0.182321556793955,0.182321556793955,0.182321556793955,0.182321556793955,0.182321556793955,0.300104592450338,0.197231440186052,0.197231440186052,-0.22131548887283,TRUE,0.756800085085965,1.00103346675438,-0.260960601456198,FALSE,0.568217033136937,1.00100811031996,-0.31985619042034,FALSE,0.70240778071651,1.00103831626032,-0.197147323974703,TRUE,1.14664266833745,1.00100133611445
385,"rand=1-2_rate=1.5_ROB=LH_Bias=Rct20_NRE20-35","1-2",1.5,"LH","Rct20_NRE20-35",0.182321556793955,0.182321556793955,0.182321556793955,0.182321556793955,0.182321556793955,0.300104592450338,0.203631143815727,0.203631143815727,-0.19472871872133,TRUE,0.698667592721941,1.00127630002958,-0.134604198475534,TRUE,0.446615025146032,1.0009868339024,0.0111623117280272,TRUE,0.477805277427526,1.00135855562599,-0.289279891278806,TRUE,0.951557664209037,1.00100201732413
386,"rand=1-2_rate=1.5_ROB=LH_Bias=Rct20_NRE20-35","1-2",1.5,"LH","Rct20_NRE20-35",0.182321556793955,0.182321556793955,0.182321556793955,0.182321556793955,0.182321556793955,0.300104592450338,0.206313923438958,0.206313923438958,-0.270397269756185,TRUE,0.67148004700514,1.00099489924187,-0.332973154792947,FALSE,0.457681676072354,1.00103925305023,-0.385354403646721,FALSE,0.649212798829869,1.00111363524452,-0.297884406161486,TRUE,0.890662723249892,1.0009898330342
387,"rand=1-2_rate=1.5_ROB=LH_Bias=Rct20_NRE20-35","1-2",1.5,"LH","Rct20_NRE20-35",0.182321556793955,0.182321556793955,0.182321556793955,0.182321556793955,0.182321556793955,0.300104592450338,0.206622189924964,0.206622189924964,-0.234349520232225,TRUE,0.648936087894619,1.00101040532783,-0.26074539280891,FALSE,0.415722815856978,1.00101265952482,-0.411348354948659,FALSE,0.731246551108331,1.00098769259232,-0.180224073757656,TRUE,0.580488726551931,1.00101870849003
388,"rand=1-2_rate=1.5_ROB=LH_Bias=Rct20_NRE20-35","1-2",1.5,"LH","Rct20_NRE20-35",0.182321556793955,0.182321556793955,0.182321556793955,0.182321556793955,0.182321556793955,0.300104592450338,0.210654821722537,0.210654821722537,-0.149784754746887,TRUE,0.660963965436041,1.00116344091795,-0.288409362902799,FALSE,0.552715884452215,1.0009867973069,-0.215608622918217,TRUE,0.634286491085499,1.00123998063587,-0.347680198598819,TRUE,1.21408453726793,1.00099381591537
389,"rand=1-2_rate=1.5_ROB=LH_Bias=Rct20_NRE20-35","1-2",1.5,"LH","Rct20_NRE20-35",0.182321556793955,0.182321556793955,0.182321556793955,0.182321556793955,0.182321556793955,0.300104592450338,0.203485252530926,0.203485252530926,-0.404851914456947,FALSE,0.770624424721418,1.00098686444246,-0.434451552757181,FALSE,0.562127130326408,1.00100003663647,-0.397380567050209,FALSE,0.631568557072869,1.0010289058763,-0.454016728250223,TRUE,1.33118485941322,1.0010309976288
390,"rand=1-2_rate=1.5_ROB=LH_Bias=Rct20_NRE20-35","1-2",1.5,"LH","Rct20_NRE20-35",0.182321556793955,0.182321556793955,0.182321556793955,0.182321556793955,0.182321556793955,0.300104592450338,0.193778475487448,0.193778475487448,-0.102810519394954,TRUE,0.648929793076538,1.00098791933859,-0.240380779718522,FALSE,0.502635156340323,1.00102317563932,-0.17304982243299,TRUE,0.747062936834562,1.00102740358847,-0.307155862925031,TRUE,0.858800418950051,1.00101806631779
391,"rand=1-2_rate=1.5_ROB=LH_Bias=Rct20_NRE20-35","1-2",1.5,"LH","Rct20_NRE20-35",0.182321556793955,0.182321556793955,0.182321556793955,0.182321556793955,0.182321556793955,0.300104592450338,0.196079806044545,0.196079806044545,-0.140730395209415,TRUE,0.469683789882388,1.00101556924845,-0.178842450859361,FALSE,0.243937461789651,1.00129799621335,-0.0691308867802849,TRUE,0.511598028635421,1.00099078573926,-0.205633232520166,FALSE,0.316629323285884,1.00100955544993
392,"rand=1-2_rate=1.5_ROB=LH_Bias=Rct20_NRE20-35","1-2",1.5,"LH","Rct20_NRE20-35",0.182321556793955,0.182321556793955,0.182321556793955,0.182321556793955,0.182321556793955,0.300104592450338,0.213743889581328,0.213743889581328,-0.341319097388713,FALSE,0.616362279857081,1.00098722260279,-0.44210959406641,FALSE,0.438815172094121,1.00099931510804,-0.37572242103171,FALSE,0.648178350762829,1.00123004659449,-0.481977159593398,FALSE,0.759357336695591,1.00101644448825
393,"rand=1-2_rate=1.5_ROB=LH_Bias=Rct20_NRE20-35","1-2",1.5,"LH","Rct20_NRE20-35",0.182321556793955,0.182321556793955,0.182321556793955,0.182321556793955,0.182321556793955,0.300104592450338,0.202359771640494,0.202359771640494,-0.180525305320203,TRUE,0.604601671037432,1.0010063350326,-0.232970517352548,FALSE,0.41189669988595,1.0009883122319,-0.102557161097529,TRUE,0.527168543983222,1.00099650940412,-0.319729464044766,TRUE,0.751830944136062,1.0009915944744
394,"rand=1-2_rate=1.5_ROB=LH_Bias=Rct20_NRE20-35","1-2",1.5,"LH","Rct20_NRE20-35",0.182321556793955,0.182321556793955,0.182321556793955,0.182321556793955,0.182321556793955,0.300104592450338,0.218463140473925,0.218463140473925,-0.17643703848423,TRUE,0.621184371174215,1.00112866318546,-0.147174520177262,TRUE,0.412089248698478,1.00100281905428,0.0124058561378426,TRUE,0.548146284513858,1.00117475516281,-0.285688265641987,TRUE,0.675269220275535,1.00102029580543
395,"rand=1-2_rate=1.5_ROB=LH_Bias=Rct20_NRE20-35","1-2",1.5,"LH","Rct20_NRE20-35",0.182321556793955,0.182321556793955,0.182321556793955,0.182321556793955,0.182321556793955,0.300104592450338,0.188619478900275,0.188619478900275,-0.0229757981927268,TRUE,0.483961747586432,1.00098622558846,-0.114726710472661,TRUE,0.373195219238153,1.00104656222945,-0.246289236073776,TRUE,0.833345454674872,1.00100037912556,-0.0502356347238131,TRUE,0.384713734591235,1.00098718835672
396,"rand=1-2_rate=1.5_ROB=LH_Bias=Rct20_NRE20-35","1-2",1.5,"LH","Rct20_NRE20-35",0.182321556793955,0.182321556793955,0.182321556793955,0.182321556793955,0.182321556793955,0.300104592450338,0.214541262354496,0.214541262354496,-0.234021500377659,TRUE,0.699162808313339,1.00106585987106,-0.243610787490254,FALSE,0.459787572440986,1.00107220621571,-0.151122879286022,TRUE,0.659505168428716,1.00102932870314,-0.319457014204635,TRUE,0.786220639035525,1.00099374428283
397,"rand=1-2_rate=1.5_ROB=LH_Bias=Rct20_NRE20-35","1-2",1.5,"LH","Rct20_NRE20-35",0.182321556793955,0.182321556793955,0.182321556793955,0.182321556793955,0.182321556793955,0.300104592450338,0.214682390603849,0.214682390603849,-0.161114955062752,TRUE,0.598452069461953,1.00099805859211,-0.236228906843196,FALSE,0.40187077912553,1.00102352510542,-0.23684687697149,TRUE,0.570063390905394,1.00234289885781,-0.235283765181304,TRUE,0.752512645710815,1.00098636324807
398,"rand=1-2_rate=1.5_ROB=LH_Bias=Rct20_NRE20-35","1-2",1.5,"LH","Rct20_NRE20-35",0.182321556793955,0.182321556793955,0.182321556793955,0.182321556793955,0.182321556793955,0.300104592450338,0.203702796933637,0.203702796933637,-0.40027385547181,FALSE,0.669264838707341,1.00102596242784,-0.33076793729577,FALSE,0.384105558574895,1.00098652225036,-0.377970541576238,FALSE,0.807598296849674,1.00118835547348,-0.308320521389157,FALSE,0.488695215551718,1.00098618310033
399,"rand=1-2_rate=1.5_ROB=LH_Bias=Rct20_NRE20-35","1-2",1.5,"LH","Rct20_NRE20-35",0.182321556793955,0.182321556793955,0.182321556793955,0.182321556793955,0.182321556793955,0.300104592450338,0.211730425067578,0.211730425067578,-0.384652587860029,FALSE,0.748583100268739,1.00100112621552,-0.326761399194751,FALSE,0.450294153598978,1.00099305545096,-0.352859478387647,FALSE,0.711686064128919,1.0009896370578,-0.309685806400938,TRUE,0.74382854694926,1.00099255284464
400,"rand=1-2_rate=1.5_ROB=LH_Bias=Rct20_NRE20-35","1-2",1.5,"LH","Rct20_NRE20-35",0.182321556793955,0.182321556793955,0.182321556793955,0.182321556793955,0.182321556793955,0.300104592450338,0.214561476229776,0.214561476229776,-0.300947147534734,FALSE,0.623118818621259,1.00099265264234,-0.396331940478291,FALSE,0.415707761067861,1.00100097654319,-0.302755328795214,TRUE,0.747398605557255,1.00182370322249,-0.444415427036323,FALSE,0.590481339746934,1.00098605453123
401,"rand=1-2_rate=1.5_ROB=LH_Bias=Rct20_NRE20-35","1-2",1.5,"LH","Rct20_NRE20-35",0.182321556793955,0.182321556793955,0.182321556793955,0.182321556793955,0.182321556793955,0.300104592450338,0.19857521399692,0.19857521399692,-0.262950732024196,TRUE,0.790704112010072,1.00100381750669,-0.271142149617289,FALSE,0.535978240653627,1.00098812949004,-0.217972492065032,TRUE,0.828554329436366,1.00099302068566,-0.321921517290376,TRUE,0.895970088362326,1.00098661432056
402,"rand=1-2_rate=1.5_ROB=LH_Bias=Rct20_NRE20-35","1-2",1.5,"LH","Rct20_NRE20-35",0.182321556793955,0.182321556793955,0.182321556793955,0.182321556793955,0.182321556793955,0.300104592450338,0.18898604145888,0.18898604145888,-0.314659456708824,TRUE,0.852195477430708,1.00107665344601,-0.280709688674918,FALSE,0.577113471604417,1.00099565997863,-0.135929392203558,TRUE,0.59948046755954,1.00101012437004,-0.441318124418526,TRUE,1.33958708433147,1.00099333175325
403,"rand=1-2_rate=1.5_ROB=LH_Bias=Rct20_NRE20-35","1-2",1.5,"LH","Rct20_NRE20-35",0.182321556793955,0.182321556793955,0.182321556793955,0.182321556793955,0.182321556793955,0.300104592450338,0.201622499051401,0.201622499051401,-0.278880111465026,TRUE,0.629062732861572,1.00108105583963,-0.32275412708516,FALSE,0.39074950585454,1.00108809879544,-0.134184997807474,TRUE,0.539207262360135,1.00178802560512,-0.426297271397251,FALSE,0.613499469280764,1.00099702999501
404,"rand=1-2_rate=1.5_ROB=LH_Bias=Rct20_NRE20-35","1-2",1.5,"LH","Rct20_NRE20-35",0.182321556793955,0.182321556793955,0.182321556793955,0.182321556793955,0.182321556793955,0.300104592450338,0.210778235708062,0.210778235708062,-0.382500909207232,FALSE,0.596879019812838,1.00100455659504,-0.382817615725836,FALSE,0.328874616538392,1.00103337249673,-0.234338695342011,TRUE,0.644472755294891,1.00152140137371,-0.431758079983462,FALSE,0.398170796683612,1.00099690484816
405,"rand=1-2_rate=1.5_ROB=LH_Bias=Rct20_NRE20-35","1-2",1.5,"LH","Rct20_NRE20-35",0.182321556793955,0.182321556793955,0.182321556793955,0.182321556793955,0.182321556793955,0.300104592450338,0.190600930497097,0.190600930497097,-0.23106588186728,TRUE,0.770846188739359,1.00099419811262,-0.187481650407876,TRUE,0.517324822307268,1.00099110612205,-0.0846699120638934,TRUE,0.55526096079101,1.00103471814061,-0.292316129889386,TRUE,1.17511170303898,1.0009865870741
406,"rand=1-2_rate=1.5_ROB=LH_Bias=Rct20_NRE20-35","1-2",1.5,"LH","Rct20_NRE20-35",0.182321556793955,0.182321556793955,0.182321556793955,0.182321556793955,0.182321556793955,0.300104592450338,0.191000694530313,0.191000694530313,-0.186794417541898,TRUE,0.687872478589182,1.00128675323875,-0.159313806823304,TRUE,0.438356288465147,1.00101820350951,-0.0199331869246029,TRUE,0.562963889855447,1.00100631093885,-0.282154784234829,TRUE,0.792983094134155,1.0009892795744
407,"rand=1-2_rate=1.5_ROB=LH_Bias=Rct20_NRE20-35","1-2",1.5,"LH","Rct20_NRE20-35",0.182321556793955,0.182321556793955,0.182321556793955,0.182321556793955,0.182321556793955,0.300104592450338,0.197095738813519,0.197095738813519,-0.143591857166917,TRUE,0.495140632671815,1.00135572630598,-0.192103129752266,FALSE,0.285326884875563,1.00099308101013,-0.155405349075635,TRUE,0.57542593942983,1.00346904337004,-0.201976883178819,FALSE,0.413472331571594,1.0010507835344
408,"rand=1-2_rate=1.5_ROB=LH_Bias=Rct20_NRE20-35","1-2",1.5,"LH","Rct20_NRE20-35",0.182321556793955,0.182321556793955,0.182321556793955,0.182321556793955,0.182321556793955,0.300104592450338,0.196745200959474,0.196745200959474,-0.51075123965726,FALSE,0.573725527302042,1.00122889498441,-0.358997972787346,FALSE,0.352897106436036,1.00101722495684,-0.405185985850843,FALSE,0.644357480125971,1.00103423149202,-0.339201548777071,FALSE,0.547852997503048,1.00108234502735
409,"rand=1-2_rate=1.5_ROB=LH_Bias=Rct20_NRE20-35","1-2",1.5,"LH","Rct20_NRE20-35",0.182321556793955,0.182321556793955,0.182321556793955,0.182321556793955,0.182321556793955,0.300104592450338,0.192698017787701,0.192698017787701,-0.222978861540544,TRUE,0.678440778759408,1.00109191574065,-0.232044375156331,FALSE,0.491628777691746,1.00099094556086,-0.233375439356022,TRUE,0.557650704452525,1.00100726648279,-0.238414460054905,TRUE,1.11344693613543,1.00101929233551
410,"rand=1-2_rate=1.5_ROB=LH_Bias=Rct20_NRE20-35","1-2",1.5,"LH","Rct20_NRE20-35",0.182321556793955,0.182321556793955,0.182321556793955,0.182321556793955,0.182321556793955,0.300104592450338,0.20674256218144,0.20674256218144,-0.223592272307881,TRUE,0.640245002593542,1.00109993609757,-0.289434507949034,FALSE,0.444259873859886,1.001071931899,-0.181906049910622,TRUE,0.612391243755537,1.00112288692441,-0.362764297786203,FALSE,0.788089737125718,1.00100925674541
411,"rand=1-2_rate=1.5_ROB=LH_Bias=Rct20_NRE20-35","1-2",1.5,"LH","Rct20_NRE20-35",0.182321556793955,0.182321556793955,0.182321556793955,0.182321556793955,0.182321556793955,0.300104592450338,0.211190420442488,0.211190420442488,-0.263166963808689,TRUE,0.609977929403931,1.00098898521453,-0.391581159702338,FALSE,0.506576557893711,1.00098619798292,-0.169749025761042,TRUE,0.65712883311457,1.00114400801523,-0.575030084614168,FALSE,0.809760766036625,1.00098651287856
412,"rand=1-2_rate=1.5_ROB=LH_Bias=Rct20_NRE20-35","1-2",1.5,"LH","Rct20_NRE20-35",0.182321556793955,0.182321556793955,0.182321556793955,0.182321556793955,0.182321556793955,0.300104592450338,0.213807750126535,0.213807750126535,-0.229710798311007,TRUE,0.720275833211223,1.00102820917216,-0.156428300650528,TRUE,0.426182448795067,1.00102553115514,-0.219554606752325,TRUE,0.733229919645011,1.0010937207705,-0.110267401410068,TRUE,0.634096920590092,1.00099296261175
413,"rand=1-2_rate=1.5_ROB=LH_Bias=Rct20_NRE20-35","1-2",1.5,"LH","Rct20_NRE20-35",0.182321556793955,0.182321556793955,0.182321556793955,0.182321556793955,0.182321556793955,0.300104592450338,0.190682763578004,0.190682763578004,-0.0399290455796848,TRUE,0.643876183046417,1.00105061014007,-0.0689752466532434,TRUE,0.472053657285681,1.00098865153289,0.0165775646279264,TRUE,0.55818289983698,1.00099679003292,-0.17512165918445,TRUE,1.01022727381381,1.00098840124254
414,"rand=1-2_rate=1.5_ROB=LH_Bias=Rct20_NRE20-35","1-2",1.5,"LH","Rct20_NRE20-35",0.182321556793955,0.182321556793955,0.182321556793955,0.182321556793955,0.182321556793955,0.300104592450338,0.211639637579322,0.211639637579322,-0.311947482762246,FALSE,0.575766069476602,1.00103255087097,-0.359831300139143,FALSE,0.328195620373827,1.00098694924466,-0.193273803560092,TRUE,0.541021417308823,1.00101064286264,-0.424494969383568,FALSE,0.490993117790276,1.0009876849708
415,"rand=1-2_rate=1.5_ROB=LH_Bias=Rct20_NRE20-35","1-2",1.5,"LH","Rct20_NRE20-35",0.182321556793955,0.182321556793955,0.182321556793955,0.182321556793955,0.182321556793955,0.300104592450338,0.188057279552323,0.188057279552323,-0.0844642576128567,TRUE,0.614150286580124,1.00098795526801,-0.188808529620498,TRUE,0.461096754102359,1.00103947490599,-0.325766640468959,FALSE,0.621324144357709,1.00119506740594,-0.0575796608147905,TRUE,0.821308374732134,1.0010015730878
416,"rand=1-2_rate=1.5_ROB=LH_Bias=Rct20_NRE20-35","1-2",1.5,"LH","Rct20_NRE20-35",0.182321556793955,0.182321556793955,0.182321556793955,0.182321556793955,0.182321556793955,0.300104592450338,0.217001485115297,0.217001485115297,0.00822943095167805,TRUE,0.549027089523055,1.00112716733458,-0.164980272807675,TRUE,0.540978734854561,1.00103806534638,0.0072750291286573,TRUE,0.470762187978913,1.00098963257449,-0.376664563974678,TRUE,1.45825566957417,1.00098702057411
417,"rand=1-2_rate=1.5_ROB=LH_Bias=Rct20_NRE20-35","1-2",1.5,"LH","Rct20_NRE20-35",0.182321556793955,0.182321556793955,0.182321556793955,0.182321556793955,0.182321556793955,0.300104592450338,0.207455876354131,0.207455876354131,0.0278259006280077,TRUE,0.483052904804214,1.00098957712288,-0.131579847390824,TRUE,0.44968078511257,1.00098927408973,-0.0646390356556721,TRUE,0.53962255552573,1.00119497946703,-0.193438749536386,TRUE,0.968078634646606,1.00099226131691
418,"rand=1-2_rate=1.5_ROB=LH_Bias=Rct20_NRE20-35","1-2",1.5,"LH","Rct20_NRE20-35",0.182321556793955,0.182321556793955,0.182321556793955,0.182321556793955,0.182321556793955,0.300104592450338,0.204978351875301,0.204978351875301,-0.152629163968585,TRUE,0.578283099373338,1.00100102997352,-0.322772921704513,FALSE,0.543111888538794,1.00100136444044,-0.191182777363375,TRUE,0.629506495938861,1.00098620770069,-0.450875863395238,TRUE,1.13739482137826,1.00101949100624
419,"rand=1-2_rate=1.5_ROB=LH_Bias=Rct20_NRE20-35","1-2",1.5,"LH","Rct20_NRE20-35",0.182321556793955,0.182321556793955,0.182321556793955,0.182321556793955,0.182321556793955,0.300104592450338,0.212968081900216,0.212968081900216,-0.321643841037771,FALSE,0.504260767807245,1.00114373347513,-0.309565426108763,FALSE,0.231506881085302,1.00098624731102,-0.34912764116677,FALSE,0.627176665531001,1.00099940969104,-0.301760716065634,FALSE,0.275153277025153,1.00099408702441
420,"rand=1-2_rate=1.5_ROB=LH_Bias=Rct20_NRE20-35","1-2",1.5,"LH","Rct20_NRE20-35",0.182321556793955,0.182321556793955,0.182321556793955,0.182321556793955,0.182321556793955,0.300104592450338,0.206802690927636,0.206802690927636,-0.129614822866797,TRUE,0.631481821864158,1.00114271920911,-0.303294324038523,FALSE,0.568254272455174,1.00103773416375,-0.0590647003960707,TRUE,0.488151685517669,1.00128955359364,-0.590465658022146,FALSE,1.4491664666628,1.00107308717173
421,"rand=1-2_rate=1.5_ROB=LH_Bias=Rct20_NRE20-35","1-2",1.5,"LH","Rct20_NRE20-35",0.182321556793955,0.182321556793955,0.182321556793955,0.182321556793955,0.182321556793955,0.300104592450338,0.21176475528188,0.21176475528188,-0.359278408366921,FALSE,0.828072166140051,1.00103815261639,-0.351454340090983,FALSE,0.521175651476493,1.00100289395385,-0.37757978243407,FALSE,0.844954798766171,1.00100934219695,-0.332130612668645,TRUE,0.835451265945956,1.00100020145219
422,"rand=1-2_rate=1.5_ROB=LH_Bias=Rct20_NRE20-35","1-2",1.5,"LH","Rct20_NRE20-35",0.182321556793955,0.182321556793955,0.182321556793955,0.182321556793955,0.182321556793955,0.300104592450338,0.213518585821766,0.213518585821766,-0.389126622071578,FALSE,0.782324666951698,1.00100153354218,-0.400984824807689,FALSE,0.498559651267998,1.00101073288971,-0.149771105609757,TRUE,0.567030162076521,1.00099784480208,-0.604964234486189,FALSE,0.83732357009531,1.00098957504782
423,"rand=1-2_rate=1.5_ROB=LH_Bias=Rct20_NRE20-35","1-2",1.5,"LH","Rct20_NRE20-35",0.182321556793955,0.182321556793955,0.182321556793955,0.182321556793955,0.182321556793955,0.300104592450338,0.18684406263103,0.18684406263103,-0.184414626484058,TRUE,0.639209632355341,1.00100853775973,-0.208007246378933,FALSE,0.424945287303968,1.00125314169802,-0.116812367111336,TRUE,0.585290734436935,1.00102183045538,-0.27701154444122,TRUE,0.761346685031945,1.00099225561349
424,"rand=1-2_rate=1.5_ROB=LH_Bias=Rct20_NRE20-35","1-2",1.5,"LH","Rct20_NRE20-35",0.182321556793955,0.182321556793955,0.182321556793955,0.182321556793955,0.182321556793955,0.300104592450338,0.201103522964601,0.201103522964601,-0.243624168871415,TRUE,0.579733848254151,1.00100805283019,-0.275204640173354,FALSE,0.343714761985277,1.00107329012052,-0.352115149776417,FALSE,0.724861532430643,1.00110041714399,-0.246378888486673,FALSE,0.455955949837552,1.00100192678554
425,"rand=1-2_rate=1.5_ROB=LH_Bias=Rct20_NRE20-35","1-2",1.5,"LH","Rct20_NRE20-35",0.182321556793955,0.182321556793955,0.182321556793955,0.182321556793955,0.182321556793955,0.300104592450338,0.195713833543162,0.195713833543162,-0.154090096657595,TRUE,0.836670761602765,1.00099178115927,-0.229828270081857,FALSE,0.530155341253091,1.00103808982151,-0.492502597022156,FALSE,0.878846115449415,1.00104512702674,-0.0359930563107853,TRUE,0.689193447238745,1.00100828550832
426,"rand=1-2_rate=1.5_ROB=LH_Bias=Rct20_NRE20-35","1-2",1.5,"LH","Rct20_NRE20-35",0.182321556793955,0.182321556793955,0.182321556793955,0.182321556793955,0.182321556793955,0.300104592450338,0.204624531799375,0.204624531799375,-0.119838000968561,TRUE,0.56818489840744,1.00103356401278,-0.208017020325265,FALSE,0.38690561872004,1.0009878455075,-0.0662070388419096,TRUE,0.51417397511915,1.00119541162546,-0.302820061047166,FALSE,0.683415537507004,1.00108024147721
427,"rand=1-2_rate=1.5_ROB=LH_Bias=Rct20_NRE20-35","1-2",1.5,"LH","Rct20_NRE20-35",0.182321556793955,0.182321556793955,0.182321556793955,0.182321556793955,0.182321556793955,0.300104592450338,0.210793378206615,0.210793378206615,-0.187812145807149,TRUE,0.622151084522907,1.0010058519284,-0.256086957040657,FALSE,0.394930939500836,1.00098603152165,-0.276949455445319,TRUE,0.698703717380264,1.00107507540008,-0.244653313402871,TRUE,0.579015364403557,1.00113120998523
428,"rand=1-2_rate=1.5_ROB=LH_Bias=Rct20_NRE20-35","1-2",1.5,"LH","Rct20_NRE20-35",0.182321556793955,0.182321556793955,0.182321556793955,0.182321556793955,0.182321556793955,0.300104592450338,0.188481536553989,0.188481536553989,-0.166383117578942,TRUE,0.522702844382925,1.0010040047689,-0.262480714269487,FALSE,0.364293823693259,1.00099052867342,-0.0941507287969856,TRUE,0.581450113830114,1.00102349438529,-0.352288065694518,FALSE,0.484796628693835,1.00098855238004
429,"rand=1-2_rate=1.5_ROB=LH_Bias=Rct20_NRE20-35","1-2",1.5,"LH","Rct20_NRE20-35",0.182321556793955,0.182321556793955,0.182321556793955,0.182321556793955,0.182321556793955,0.300104592450338,0.204180380472533,0.204180380472533,-0.126075325794151,TRUE,0.624556097088346,1.00129487898783,-0.299590710362967,FALSE,0.551919959684464,1.00114989499119,-0.171435333889754,TRUE,0.607977489338674,1.00099678673064,-0.424871141163671,TRUE,1.23859328224806,1.00100281989116
430,"rand=1-2_rate=1.5_ROB=LH_Bias=Rct20_NRE20-35","1-2",1.5,"LH","Rct20_NRE20-35",0.182321556793955,0.182321556793955,0.182321556793955,0.182321556793955,0.182321556793955,0.300104592450338,0.196470029865596,0.196470029865596,-0.212864583872484,TRUE,0.680713910909057,1.00132937171669,-0.28480207142258,FALSE,0.475005740292639,1.00099163057094,-0.295504852046621,TRUE,0.684282162163179,1.00103611539495,-0.278539779466995,TRUE,0.88102919016678,1.00098955606126
431,"rand=1-2_rate=1.5_ROB=LH_Bias=Rct20_NRE20-35","1-2",1.5,"LH","Rct20_NRE20-35",0.182321556793955,0.182321556793955,0.182321556793955,0.182321556793955,0.182321556793955,0.300104592450338,0.206998829995292,0.206998829995292,-0.157322369459621,TRUE,0.563674066938846,1.00112677996026,-0.245779443806645,FALSE,0.404797273978138,1.00111980700036,-0.21401468233548,TRUE,0.602208934015862,1.00125960401708,-0.269344232400383,TRUE,0.702085207263152,1.00100253459881
432,"rand=1-2_rate=1.5_ROB=LH_Bias=Rct20_NRE20-35","1-2",1.5,"LH","Rct20_NRE20-35",0.182321556793955,0.182321556793955,0.182321556793955,0.182321556793955,0.182321556793955,0.300104592450338,0.210020165537913,0.210020165537913,-0.181620975532534,TRUE,0.637656729126674,1.00099158647379,-0.0839875964324011,TRUE,0.402231531320659,1.00104736511265,-0.107987199491832,TRUE,0.600855745049911,1.00098664708678,-0.0649033318319652,TRUE,0.701244457628135,1.00098756025549
433,"rand=1-2_rate=1.5_ROB=LH_Bias=Rct20_NRE20-35","1-2",1.5,"LH","Rct20_NRE20-35",0.182321556793955,0.182321556793955,0.182321556793955,0.182321556793955,0.182321556793955,0.300104592450338,0.19659747374004,0.19659747374004,-0.151929665041196,TRUE,0.562915299366551,1.0010412732949,-0.146314101875622,TRUE,0.342805857901758,1.00103402064608,-0.192425115324751,TRUE,0.59209159261477,1.00110554714579,-0.122848241215874,TRUE,0.525989621725643,1.00101496137888
434,"rand=1-2_rate=1.5_ROB=LH_Bias=Rct20_NRE20-35","1-2",1.5,"LH","Rct20_NRE20-35",0.182321556793955,0.182321556793955,0.182321556793955,0.182321556793955,0.182321556793955,0.300104592450338,0.213137773192531,0.213137773192531,-0.168391507060667,TRUE,0.532597012454522,1.00099060165859,-0.223193224047992,FALSE,0.327220470164282,1.00098858243473,-0.145541627546715,TRUE,0.507330047637312,1.00099753664331,-0.259435192833092,FALSE,0.552201646568315,1.00104376044268
435,"rand=1-2_rate=1.5_ROB=LH_Bias=Rct20_NRE20-35","1-2",1.5,"LH","Rct20_NRE20-35",0.182321556793955,0.182321556793955,0.182321556793955,0.182321556793955,0.182321556793955,0.300104592450338,0.202160788729491,0.202160788729491,-0.377677961682697,FALSE,0.687334240132886,1.00098599818229,-0.365636597046761,FALSE,0.426265485368741,1.00103852807909,-0.419942096923706,FALSE,0.880920840529428,1.00130828640938,-0.33786313046381,FALSE,0.538099588155083,1.00098923374648
436,"rand=1-2_rate=1.5_ROB=LH_Bias=Rct20_NRE20-35","1-2",1.5,"LH","Rct20_NRE20-35",0.182321556793955,0.182321556793955,0.182321556793955,0.182321556793955,0.182321556793955,0.300104592450338,0.181846069358523,0.181846069358523,-0.23371861200088,TRUE,0.646809100004944,1.00119832555766,-0.184726871677985,FALSE,0.40400832564503,1.00100518702601,-0.360513704149389,FALSE,0.700163052179549,1.00098835108384,-0.0875105919625012,TRUE,0.559711738083876,1.00099199063754
437,"rand=1-2_rate=1.5_ROB=LH_Bias=Rct20_NRE20-35","1-2",1.5,"LH","Rct20_NRE20-35",0.182321556793955,0.182321556793955,0.182321556793955,0.182321556793955,0.182321556793955,0.300104592450338,0.208481003900348,0.208481003900348,-0.232241793446704,TRUE,0.652654599059107,1.00098599169734,-0.21975903311073,FALSE,0.396424539085954,1.00099335824955,-0.118521053060195,TRUE,0.656959207300432,1.00100177095463,-0.286659308295168,FALSE,0.584207760325355,1.00164938475066
438,"rand=1-2_rate=1.5_ROB=LH_Bias=Rct20_NRE20-35","1-2",1.5,"LH","Rct20_NRE20-35",0.182321556793955,0.182321556793955,0.182321556793955,0.182321556793955,0.182321556793955,0.300104592450338,0.201465348089575,0.201465348089575,-0.156063676277328,TRUE,0.602765394675807,1.00099933910608,-0.203905960689377,FALSE,0.396289035140082,1.00104897095971,-0.263352571562081,TRUE,0.704775630869437,1.00098728157996,-0.167806494005166,TRUE,0.589202388429207,1.00101097546971
439,"rand=1-2_rate=1.5_ROB=LH_Bias=Rct20_NRE20-35","1-2",1.5,"LH","Rct20_NRE20-35",0.182321556793955,0.182321556793955,0.182321556793955,0.182321556793955,0.182321556793955,0.300104592450338,0.201717385859245,0.201717385859245,-0.341034346201843,TRUE,0.825573456555653,1.00099730276893,-0.178128791629377,TRUE,0.564212217179809,1.00098615581472,-0.361531789475913,TRUE,0.835908858883501,1.00115965747421,-0.0179527721536601,TRUE,0.906628631745262,1.00109757972266
440,"rand=1-2_rate=1.5_ROB=LH_Bias=Rct20_NRE20-35","1-2",1.5,"LH","Rct20_NRE20-35",0.182321556793955,0.182321556793955,0.182321556793955,0.182321556793955,0.182321556793955,0.300104592450338,0.201271430395661,0.201271430395661,-0.34155190003646,FALSE,0.663731426094685,1.00109205277855,-0.378113708231368,FALSE,0.415132586839515,1.00101129101138,-0.283138871646164,TRUE,0.655836630997643,1.00099467649231,-0.431679928438952,FALSE,0.660790350953078,1.00099429210453
441,"rand=1-2_rate=1.5_ROB=LH_Bias=Rct20_NRE20-35","1-2",1.5,"LH","Rct20_NRE20-35",0.182321556793955,0.182321556793955,0.182321556793955,0.182321556793955,0.182321556793955,0.300104592450338,0.191457077627173,0.191457077627173,-0.349515303411192,FALSE,0.746550104505864,1.00111050529451,-0.439626245636709,FALSE,0.519323319164216,1.00107070653389,-0.222952986765994,TRUE,0.594548673891612,1.00118684324467,-0.616859940540625,FALSE,0.961149991376232,1.0009871932175
442,"rand=1-2_rate=1.5_ROB=LH_Bias=Rct20_NRE20-35","1-2",1.5,"LH","Rct20_NRE20-35",0.182321556793955,0.182321556793955,0.182321556793955,0.182321556793955,0.182321556793955,0.300104592450338,0.194365598020243,0.194365598020243,-0.195494144885017,TRUE,0.557845893054547,1.00105184417265,-0.23020423777528,FALSE,0.336053678920986,1.00104392039662,-0.196121025536056,TRUE,0.516214733294709,1.00108754025519,-0.250265935166098,TRUE,0.614234844586272,1.00102273853772
443,"rand=1-2_rate=1.5_ROB=LH_Bias=Rct20_NRE20-35","1-2",1.5,"LH","Rct20_NRE20-35",0.182321556793955,0.182321556793955,0.182321556793955,0.182321556793955,0.182321556793955,0.300104592450338,0.200013873967308,0.200013873967308,-0.422703780041309,FALSE,0.666053128976095,1.0010041144794,-0.447042233076429,FALSE,0.413478977774458,1.00125671758197,-0.104014527840398,TRUE,0.528994209965649,1.00104549048726,-0.613399708489062,FALSE,0.424155219508815,1.00102660000439
444,"rand=1-2_rate=1.5_ROB=LH_Bias=Rct20_NRE20-35","1-2",1.5,"LH","Rct20_NRE20-35",0.182321556793955,0.182321556793955,0.182321556793955,0.182321556793955,0.182321556793955,0.300104592450338,0.207819095505507,0.207819095505507,-0.268581963364518,TRUE,0.710829695401215,1.00127869438205,-0.281031860457387,FALSE,0.46331692507683,1.00107403158838,-0.359258572681721,FALSE,0.822108218265565,1.00098713111936,-0.229243205782099,TRUE,0.673230186342917,1.00099822458025
445,"rand=1-2_rate=1.5_ROB=LH_Bias=Rct20_NRE20-35","1-2",1.5,"LH","Rct20_NRE20-35",0.182321556793955,0.182321556793955,0.182321556793955,0.182321556793955,0.182321556793955,0.300104592450338,0.220571479603068,0.220571479603068,-0.325388106356068,TRUE,0.762939411520315,1.00111941556956,-0.310011962839792,FALSE,0.491472005321274,1.00100487818086,-0.23314129425192,TRUE,0.76070760962244,1.00107013287878,-0.382649426878372,FALSE,0.799296436252304,1.00098618576097
446,"rand=1-2_rate=1.5_ROB=LH_Bias=Rct20_NRE20-35","1-2",1.5,"LH","Rct20_NRE20-35",0.182321556793955,0.182321556793955,0.182321556793955,0.182321556793955,0.182321556793955,0.300104592450338,0.196028876591194,0.196028876591194,-0.453269255664178,FALSE,0.834370800797251,1.00104977282126,-0.306110184386681,FALSE,0.574632439568067,1.00098727306406,-0.415884017195556,FALSE,0.70672154836496,1.00207586560268,-0.207687080914431,TRUE,1.20316957793194,1.0010015542764
447,"rand=1-2_rate=1.5_ROB=LH_Bias=Rct20_NRE20-35","1-2",1.5,"LH","Rct20_NRE20-35",0.182321556793955,0.182321556793955,0.182321556793955,0.182321556793955,0.182321556793955,0.300104592450338,0.20701233999772,0.20701233999772,-0.2953599706493,TRUE,0.729284843347948,1.00100132580299,-0.252031149056999,FALSE,0.47351917249803,1.00101426398932,-0.307462252576829,FALSE,0.693210075695405,1.00106463374552,-0.206954316877017,TRUE,0.844571623253917,1.00103683354883
448,"rand=1-2_rate=1.5_ROB=LH_Bias=Rct20_NRE20-35","1-2",1.5,"LH","Rct20_NRE20-35",0.182321556793955,0.182321556793955,0.182321556793955,0.182321556793955,0.182321556793955,0.300104592450338,0.211371159051037,0.211371159051037,-0.336707474754,FALSE,0.793795486539195,1.00098946143783,-0.220590133242412,FALSE,0.51105501378952,1.00098889027079,-0.442790710178401,FALSE,0.771674120089647,1.00109980907251,-0.0542501347091433,TRUE,0.742612794706674,1.00098895958786
449,"rand=1-2_rate=1.5_ROB=LH_Bias=Rct20_NRE20-35","1-2",1.5,"LH","Rct20_NRE20-35",0.182321556793955,0.182321556793955,0.182321556793955,0.182321556793955,0.182321556793955,0.300104592450338,0.201062620449143,0.201062620449143,-0.0385870062438083,TRUE,0.460872964219701,1.00102116847684,-0.143417622878672,TRUE,0.349600526640964,1.0010099863163,-0.12404129000004,TRUE,0.518902421470221,1.00106469780011,-0.157372687208196,TRUE,0.658292360292421,1.00101090385269
450,"rand=1-2_rate=1.5_ROB=LH_Bias=Rct20_NRE20-35","1-2",1.5,"LH","Rct20_NRE20-35",0.182321556793955,0.182321556793955,0.182321556793955,0.182321556793955,0.182321556793955,0.300104592450338,0.20696240535799,0.20696240535799,-0.269232960454852,TRUE,0.673103007897499,1.00103618455439,-0.197638227021704,FALSE,0.412029720363113,1.00099113956737,-0.263767501012671,TRUE,0.676355218380837,1.00102791158398,-0.15298360072269,TRUE,0.645104071760062,1.00098841327784
451,"rand=1-2_rate=1.5_ROB=LH_Bias=Rct20_NRE20-35","1-2",1.5,"LH","Rct20_NRE20-35",0.182321556793955,0.182321556793955,0.182321556793955,0.182321556793955,0.182321556793955,0.300104592450338,0.223730541267087,0.223730541267087,-0.0362648664147942,TRUE,0.692574411048196,1.00106415286159,-0.0762522287373466,TRUE,0.495150878273829,1.00099715450599,0.0782370618323945,TRUE,0.639050477487966,1.00110312139865,-0.250107565922075,TRUE,0.908939564523633,1.00098923557193
452,"rand=1-2_rate=1.5_ROB=LH_Bias=Rct20_NRE20-35","1-2",1.5,"LH","Rct20_NRE20-35",0.182321556793955,0.182321556793955,0.182321556793955,0.182321556793955,0.182321556793955,0.300104592450338,0.201597956609832,0.201597956609832,-0.240876663213403,TRUE,0.665900989828025,1.00099470825285,-0.241821212483594,FALSE,0.43958990727307,1.00098599865715,-0.286143357269576,TRUE,0.64741905737297,1.00105686059181,-0.211508668303083,TRUE,0.775895260195475,1.00099025306031
453,"rand=1-2_rate=1.5_ROB=LH_Bias=Rct20_NRE20-35","1-2",1.5,"LH","Rct20_NRE20-35",0.182321556793955,0.182321556793955,0.182321556793955,0.182321556793955,0.182321556793955,0.300104592450338,0.194507011594881,0.194507011594881,-0.161894202988278,TRUE,0.536963283184559,1.00100553958863,-0.160465697095656,FALSE,0.310790087325023,1.00099152638701,-0.179543719418678,TRUE,0.540011969935068,1.00282395521306,-0.153563281483964,TRUE,0.517690718967055,1.0010436019292
454,"rand=1-2_rate=1.5_ROB=LH_Bias=Rct20_NRE20-35","1-2",1.5,"LH","Rct20_NRE20-35",0.182321556793955,0.182321556793955,0.182321556793955,0.182321556793955,0.182321556793955,0.300104592450338,0.201325397329732,0.201325397329732,-0.244124642175961,TRUE,0.654780700423048,1.00104938825721,-0.215604645118664,FALSE,0.396686412330398,1.00100311528126,-0.117568393149853,TRUE,0.582792949254233,1.00148486412201,-0.273172974775444,TRUE,0.641784345410401,1.001005119059
455,"rand=1-2_rate=1.5_ROB=LH_Bias=Rct20_NRE20-35","1-2",1.5,"LH","Rct20_NRE20-35",0.182321556793955,0.182321556793955,0.182321556793955,0.182321556793955,0.182321556793955,0.300104592450338,0.206561034299077,0.206561034299077,-0.316339622549439,FALSE,0.639171216367987,1.0010002854412,-0.212901415061951,FALSE,0.405321742691689,1.00103181128938,-0.332609793737627,FALSE,0.688228654007981,1.00115308940481,-0.143348457275949,TRUE,0.590212929211492,1.00098624626069
456,"rand=1-2_rate=1.5_ROB=LH_Bias=Rct20_NRE20-35","1-2",1.5,"LH","Rct20_NRE20-35",0.182321556793955,0.182321556793955,0.182321556793955,0.182321556793955,0.182321556793955,0.300104592450338,0.197799581436504,0.197799581436504,-0.4146224542497,FALSE,0.734389485319088,1.00099159095482,-0.306023489101444,FALSE,0.488879684848846,1.00098807223166,-0.373445724125023,FALSE,0.681743197499702,1.00099816967389,-0.247341990033343,TRUE,0.867567905533966,1.00100483932494
457,"rand=1-2_rate=1.5_ROB=LH_Bias=Rct20_NRE20-35","1-2",1.5,"LH","Rct20_NRE20-35",0.182321556793955,0.182321556793955,0.182321556793955,0.182321556793955,0.182321556793955,0.300104592450338,0.200747034884716,0.200747034884716,-0.00993747944191248,TRUE,0.493138683693291,1.00116862824824,-0.113057700954055,TRUE,0.396590570952469,1.00103184969246,-0.0415398920576195,TRUE,0.492359110014959,1.00124416938039,-0.174499910477617,TRUE,0.830544580368947,1.00099070811771
458,"rand=1-2_rate=1.5_ROB=LH_Bias=Rct20_NRE20-35","1-2",1.5,"LH","Rct20_NRE20-35",0.182321556793955,0.182321556793955,0.182321556793955,0.182321556793955,0.182321556793955,0.300104592450338,0.210179565639927,0.210179565639927,-0.146314244026253,TRUE,0.651685663078257,1.00101764719639,-0.260287047577477,FALSE,0.486942874825189,1.00098714103309,-0.381672366125004,FALSE,0.723885964823313,1.00100715697868,-0.162459411587902,TRUE,0.799096337581286,1.00100761347558
459,"rand=1-2_rate=1.5_ROB=LH_Bias=Rct20_NRE20-35","1-2",1.5,"LH","Rct20_NRE20-35",0.182321556793955,0.182321556793955,0.182321556793955,0.182321556793955,0.182321556793955,0.300104592450338,0.195702790812551,0.195702790812551,-0.605002060423125,FALSE,0.733119481438832,1.00113314497178,-0.608061854753545,FALSE,0.456197923885043,1.00103965420636,-0.326060305682725,FALSE,0.710063280986444,1.00139695406509,-0.740530795214795,FALSE,0.49761106121481,1.00103974883946
460,"rand=1-2_rate=1.5_ROB=LH_Bias=Rct20_NRE20-35","1-2",1.5,"LH","Rct20_NRE20-35",0.182321556793955,0.182321556793955,0.182321556793955,0.182321556793955,0.182321556793955,0.300104592450338,0.18705781760993,0.18705781760993,-0.058299429351284,TRUE,0.479186891877392,1.00099382709182,-0.146159672273159,TRUE,0.361778107846823,1.00099618095786,-0.17158333214497,TRUE,0.521662226461587,1.00125702202138,-0.141762660840943,TRUE,0.67008480033375,1.00110468535931
461,"rand=1-2_rate=1.5_ROB=LH_Bias=Rct20_NRE20-35","1-2",1.5,"LH","Rct20_NRE20-35",0.182321556793955,0.182321556793955,0.182321556793955,0.182321556793955,0.182321556793955,0.300104592450338,0.196312928893533,0.196312928893533,-0.271211747794443,FALSE,0.553354246160978,1.00098599264459,-0.312584171201555,FALSE,0.335526077954434,1.00100087634308,-0.327195372155876,FALSE,0.726774149780023,1.00114745034584,-0.309122436287501,FALSE,0.435096144631584,1.00099859090071
462,"rand=1-2_rate=1.5_ROB=LH_Bias=Rct20_NRE20-35","1-2",1.5,"LH","Rct20_NRE20-35",0.182321556793955,0.182321556793955,0.182321556793955,0.182321556793955,0.182321556793955,0.300104592450338,0.209303696075378,0.209303696075378,-0.26712107019431,TRUE,0.661201674216344,1.00107684916802,-0.362171476602169,FALSE,0.470758529685416,1.00099086820347,-0.171320131637643,TRUE,0.579339752152284,1.00106077175162,-0.502163870347305,FALSE,0.865617367421532,1.00099859120867
463,"rand=1-2_rate=1.5_ROB=LH_Bias=Rct20_NRE20-35","1-2",1.5,"LH","Rct20_NRE20-35",0.182321556793955,0.182321556793955,0.182321556793955,0.182321556793955,0.182321556793955,0.300104592450338,0.195405968020056,0.195405968020056,-0.116895126661295,TRUE,0.543116466890688,1.00160052349905,-0.0985103622414751,TRUE,0.324075009000951,1.00103109666306,0.0315079077229036,TRUE,0.4951039234581,1.00098703902575,-0.166161159445016,TRUE,0.485873718967379,1.0010636266064
464,"rand=1-2_rate=1.5_ROB=LH_Bias=Rct20_NRE20-35","1-2",1.5,"LH","Rct20_NRE20-35",0.182321556793955,0.182321556793955,0.182321556793955,0.182321556793955,0.182321556793955,0.300104592450338,0.19389308482,0.19389308482,0.0528794745173624,TRUE,0.547440157354286,1.00110115821272,-0.136990522876683,TRUE,0.46780308435255,1.00098599185996,-0.0627443310821008,TRUE,0.55611424485288,1.0018963739624,-0.188883569369358,TRUE,0.99246461823342,1.00102144131342
465,"rand=1-2_rate=1.5_ROB=LH_Bias=Rct20_NRE20-35","1-2",1.5,"LH","Rct20_NRE20-35",0.182321556793955,0.182321556793955,0.182321556793955,0.182321556793955,0.182321556793955,0.300104592450338,0.186982681228973,0.186982681228973,-0.416917774184534,FALSE,0.744120586936866,1.00111298143792,-0.309839817451096,FALSE,0.436384784647994,1.00100154668331,-0.315743636105834,FALSE,0.627889829326658,1.00189588023278,-0.299168719606506,TRUE,0.803791281197821,1.00099783439615
466,"rand=1-2_rate=1.5_ROB=LH_Bias=Rct20_NRE20-35","1-2",1.5,"LH","Rct20_NRE20-35",0.182321556793955,0.182321556793955,0.182321556793955,0.182321556793955,0.182321556793955,0.300104592450338,0.206041542156299,0.206041542156299,-0.207644383411908,TRUE,0.625955913753532,1.00112635811886,-0.16986980635637,TRUE,0.378179172915674,1.00107517189523,-0.066724347181627,TRUE,0.582041709393791,1.00101207918693,-0.234577340773491,TRUE,0.585366715492449,1.00099264949189
467,"rand=1-2_rate=1.5_ROB=LH_Bias=Rct20_NRE20-35","1-2",1.5,"LH","Rct20_NRE20-35",0.182321556793955,0.182321556793955,0.182321556793955,0.182321556793955,0.182321556793955,0.300104592450338,0.192244415174049,0.192244415174049,-0.222206010583864,TRUE,0.567471025037399,1.00110421292966,-0.32819858004223,FALSE,0.418076006029306,1.00098783468017,-0.257911819882829,TRUE,0.671066541366991,1.00134946214776,-0.370913621221771,FALSE,0.664641287232083,1.00099122841663
468,"rand=1-2_rate=1.5_ROB=LH_Bias=Rct20_NRE20-35","1-2",1.5,"LH","Rct20_NRE20-35",0.182321556793955,0.182321556793955,0.182321556793955,0.182321556793955,0.182321556793955,0.300104592450338,0.207889825906712,0.207889825906712,-0.18567834235209,TRUE,0.655072403234812,1.00100008960314,-0.307517585935677,FALSE,0.50310825181321,1.00100546312713,-0.0820018413167845,TRUE,0.521009047570335,1.00119841965114,-0.520090110084935,FALSE,1.05025928994757,1.00100948731065
469,"rand=1-2_rate=1.5_ROB=LH_Bias=Rct20_NRE20-35","1-2",1.5,"LH","Rct20_NRE20-35",0.182321556793955,0.182321556793955,0.182321556793955,0.182321556793955,0.182321556793955,0.300104592450338,0.192821789629915,0.192821789629915,-0.324856079174199,TRUE,0.754126202850548,1.00106493405992,-0.19988274523747,TRUE,0.465118343253507,1.00098941575594,-0.180380533473858,TRUE,0.810739811839288,1.0009862308893,-0.20146207040612,TRUE,0.667681811042373,1.00099991374625
470,"rand=1-2_rate=1.5_ROB=LH_Bias=Rct20_NRE20-35","1-2",1.5,"LH","Rct20_NRE20-35",0.182321556793955,0.182321556793955,0.182321556793955,0.182321556793955,0.182321556793955,0.300104592450338,0.209586934297063,0.209586934297063,-0.305038649014345,FALSE,0.693252915381545,1.00098602353489,-0.273278410062603,FALSE,0.433237607646752,1.00103083691738,-0.307913898538482,TRUE,0.784386433911774,1.00098932866752,-0.252438235892777,TRUE,0.618494326679028,1.00098719490718
471,"rand=1-2_rate=1.5_ROB=LH_Bias=Rct20_NRE20-35","1-2",1.5,"LH","Rct20_NRE20-35",0.182321556793955,0.182321556793955,0.182321556793955,0.182321556793955,0.182321556793955,0.300104592450338,0.203645896409248,0.203645896409248,-0.0617432099387145,TRUE,0.659603755417493,1.0010375104587,-0.0859288307379604,TRUE,0.454398586762489,1.00098798694464,-0.120966426824939,TRUE,0.722231471149648,1.00110739832695,-0.0572711102548509,TRUE,0.742316535439805,1.00099787124567
472,"rand=1-2_rate=1.5_ROB=LH_Bias=Rct20_NRE20-35","1-2",1.5,"LH","Rct20_NRE20-35",0.182321556793955,0.182321556793955,0.182321556793955,0.182321556793955,0.182321556793955,0.300104592450338,0.225656155308509,0.225656155308509,-0.169898551676279,TRUE,0.675143808833618,1.00104777102241,-0.265327342206441,FALSE,0.514559417238188,1.00099821432833,-0.13751444601932,TRUE,0.630990950559918,1.00112021056557,-0.387529271525315,TRUE,1.02831102079018,1.00098620793352
473,"rand=1-2_rate=1.5_ROB=LH_Bias=Rct20_NRE20-35","1-2",1.5,"LH","Rct20_NRE20-35",0.182321556793955,0.182321556793955,0.182321556793955,0.182321556793955,0.182321556793955,0.300104592450338,0.200097237237142,0.200097237237142,-0.324347038738394,FALSE,0.613424586634939,1.00100118133281,-0.295737081144789,FALSE,0.326397456352104,1.00098864222808,-0.256716726246472,TRUE,0.596920354433251,1.00204882887489,-0.310834520535782,FALSE,0.486674471756603,1.00099958303997
474,"rand=1-2_rate=1.5_ROB=LH_Bias=Rct20_NRE20-35","1-2",1.5,"LH","Rct20_NRE20-35",0.182321556793955,0.182321556793955,0.182321556793955,0.182321556793955,0.182321556793955,0.300104592450338,0.188005084839746,0.188005084839746,-0.0778422082411643,TRUE,0.465289270329375,1.00111871303179,-0.142679579517533,TRUE,0.323873491349309,1.00101224686896,-0.0826353791873429,TRUE,0.717980619766934,1.00098600376222,-0.165327118182472,TRUE,0.368566952891946,1.00100094627065
475,"rand=1-2_rate=1.5_ROB=LH_Bias=Rct20_NRE20-35","1-2",1.5,"LH","Rct20_NRE20-35",0.182321556793955,0.182321556793955,0.182321556793955,0.182321556793955,0.182321556793955,0.300104592450338,0.182041960095308,0.182041960095308,-0.0075129436874386,TRUE,0.489681240379479,1.0012042549681,-0.0856338256653948,TRUE,0.299321000438964,1.00107214615172,-0.0982864387104487,TRUE,0.551570589274189,1.0009962306663,-0.0805958319098916,TRUE,0.465678736186839,1.00098687852683
476,"rand=1-2_rate=1.5_ROB=LH_Bias=Rct20_NRE20-35","1-2",1.5,"LH","Rct20_NRE20-35",0.182321556793955,0.182321556793955,0.182321556793955,0.182321556793955,0.182321556793955,0.300104592450338,0.19473278395665,0.19473278395665,-0.316485453904844,FALSE,0.654656455611515,1.00115761461259,-0.452063066616325,FALSE,0.555554848647896,1.0009965773998,-0.255325980132187,TRUE,0.621993430066454,1.00104384901563,-0.659965620780498,FALSE,1.15124531531869,1.0010243751115
477,"rand=1-2_rate=1.5_ROB=LH_Bias=Rct20_NRE20-35","1-2",1.5,"LH","Rct20_NRE20-35",0.182321556793955,0.182321556793955,0.182321556793955,0.182321556793955,0.182321556793955,0.300104592450338,0.214434244697481,0.214434244697481,-0.326597656131423,FALSE,0.68302853186441,1.00098657418902,-0.242154919253617,FALSE,0.371779020095285,1.00107198137517,-0.345071341637043,FALSE,0.625163795246299,1.00163548221321,-0.191087962085883,TRUE,0.598508488567085,1.00101316726602
478,"rand=1-2_rate=1.5_ROB=LH_Bias=Rct20_NRE20-35","1-2",1.5,"LH","Rct20_NRE20-35",0.182321556793955,0.182321556793955,0.182321556793955,0.182321556793955,0.182321556793955,0.300104592450338,0.207867262247313,0.207867262247313,-0.0216547539606644,TRUE,0.562497672932082,1.00127462125079,-0.163797950822423,TRUE,0.470209642967325,1.00102211847051,0.0991672119219884,TRUE,0.441562922041519,1.00144521196913,-0.433549389073488,FALSE,0.901556753580328,1.00100857484696
479,"rand=1-2_rate=1.5_ROB=LH_Bias=Rct20_NRE20-35","1-2",1.5,"LH","Rct20_NRE20-35",0.182321556793955,0.182321556793955,0.182321556793955,0.182321556793955,0.182321556793955,0.300104592450338,0.203421328133739,0.203421328133739,-0.347467321123762,FALSE,0.705532567828302,1.00098748769809,-0.305653208100332,FALSE,0.425900078528657,1.00098612201637,-0.129902183774902,TRUE,0.634499810972314,1.00099562753327,-0.417327838963165,FALSE,0.644667729141077,1.0009983685765
480,"rand=1-2_rate=1.5_ROB=LH_Bias=Rct20_NRE20-35","1-2",1.5,"LH","Rct20_NRE20-35",0.182321556793955,0.182321556793955,0.182321556793955,0.182321556793955,0.182321556793955,0.300104592450338,0.194915887520709,0.194915887520709,-0.319918493261928,FALSE,0.683291227862011,1.00099987135091,-0.225538190931635,FALSE,0.403116865856798,1.00101055539584,-0.177886745854828,TRUE,0.739340198023787,1.00098684921262,-0.249022078319449,FALSE,0.539574776032901,1.00099601389034
481,"rand=1-2_rate=1.5_ROB=LH_Bias=Rct20_NRE20-35","1-2",1.5,"LH","Rct20_NRE20-35",0.182321556793955,0.182321556793955,0.182321556793955,0.182321556793955,0.182321556793955,0.300104592450338,0.215230409901645,0.215230409901645,-0.227883540328322,TRUE,0.691842942226612,1.0015345737119,-0.380017980324392,FALSE,0.526205442522394,1.0009911771485,-0.28021568505259,FALSE,0.610703072041104,1.00104941060656,-0.458823744463192,TRUE,1.14180110198892,1.00100633200769
482,"rand=1-2_rate=1.5_ROB=LH_Bias=Rct20_NRE20-35","1-2",1.5,"LH","Rct20_NRE20-35",0.182321556793955,0.182321556793955,0.182321556793955,0.182321556793955,0.182321556793955,0.300104592450338,0.208346274712005,0.208346274712005,-0.282400194407997,TRUE,0.613720560526692,1.00111860427993,-0.272819177825996,FALSE,0.379034281625511,1.00099829022352,-0.231517237638024,TRUE,0.620892166145163,1.00164347812338,-0.295474166929606,FALSE,0.612573571927132,1.000987273046
483,"rand=1-2_rate=1.5_ROB=LH_Bias=Rct20_NRE20-35","1-2",1.5,"LH","Rct20_NRE20-35",0.182321556793955,0.182321556793955,0.182321556793955,0.182321556793955,0.182321556793955,0.300104592450338,0.212736499102177,0.212736499102177,-0.293072393686065,TRUE,0.684609654133429,1.00100386420704,-0.224874932856616,FALSE,0.423093654907992,1.00106412544887,-0.256648966106286,TRUE,0.691195020446031,1.00099752460296,-0.204235932023605,TRUE,0.666721544405045,1.00099507259844
484,"rand=1-2_rate=1.5_ROB=LH_Bias=Rct20_NRE20-35","1-2",1.5,"LH","Rct20_NRE20-35",0.182321556793955,0.182321556793955,0.182321556793955,0.182321556793955,0.182321556793955,0.300104592450338,0.219329973007578,0.219329973007578,-0.381512391431874,FALSE,0.730550067809177,1.00099093798648,-0.42185418284742,FALSE,0.4820660082321,1.0010725340332,-0.441878143183007,FALSE,0.755884161655749,1.00104681952523,-0.409880872491781,FALSE,0.800671575522332,1.00100206492194
485,"rand=1-2_rate=1.5_ROB=LH_Bias=Rct20_NRE20-35","1-2",1.5,"LH","Rct20_NRE20-35",0.182321556793955,0.182321556793955,0.182321556793955,0.182321556793955,0.182321556793955,0.300104592450338,0.18039909967036,0.18039909967036,-0.162886545721274,TRUE,0.601586272930663,1.00126024720656,-0.189962792822551,FALSE,0.403951949412297,1.00101416125012,-0.262664825714359,FALSE,0.541943021876476,1.00155069306463,-0.136847388650819,TRUE,0.805954245430128,1.00100093404529
486,"rand=1-2_rate=1.5_ROB=LH_Bias=Rct20_NRE20-35","1-2",1.5,"LH","Rct20_NRE20-35",0.182321556793955,0.182321556793955,0.182321556793955,0.182321556793955,0.182321556793955,0.300104592450338,0.195334211537086,0.195334211537086,-0.085064313982101,TRUE,0.634102050438244,1.00102768851607,-0.133172840068148,TRUE,0.425920579118779,1.0009936387831,0.0713226889808704,TRUE,0.485027384697356,1.00098758073576,-0.326813247660972,FALSE,0.735384140503305,1.00100286598021
487,"rand=1-2_rate=1.5_ROB=LH_Bias=Rct20_NRE20-35","1-2",1.5,"LH","Rct20_NRE20-35",0.182321556793955,0.182321556793955,0.182321556793955,0.182321556793955,0.182321556793955,0.300104592450338,0.200220017055257,0.200220017055257,-0.211330382369238,TRUE,0.706107688062439,1.00113909924365,-0.243222915871345,FALSE,0.503329157459879,1.00098629781887,-0.251496216228271,TRUE,0.655187169715452,1.0010373946132,-0.251474238037294,TRUE,1.0200096948254,1.00099170403073
488,"rand=1-2_rate=1.5_ROB=LH_Bias=Rct20_NRE20-35","1-2",1.5,"LH","Rct20_NRE20-35",0.182321556793955,0.182321556793955,0.182321556793955,0.182321556793955,0.182321556793955,0.300104592450338,0.205866815540346,0.205866815540346,-0.150498390157912,TRUE,0.703863685732168,1.00099106464723,-0.173821961851282,TRUE,0.500786541597389,1.00103035271002,-0.210960511963831,TRUE,0.705560267379029,1.0010715227087,-0.131182320374923,TRUE,0.924186265488458,1.00098904323663
489,"rand=1-2_rate=1.5_ROB=LH_Bias=Rct20_NRE20-35","1-2",1.5,"LH","Rct20_NRE20-35",0.182321556793955,0.182321556793955,0.182321556793955,0.182321556793955,0.182321556793955,0.300104592450338,0.192455591945443,0.192455591945443,-0.149803411855534,TRUE,0.632010699206817,1.00139264601837,-0.19150776602385,TRUE,0.41655578398256,1.00102952249792,0.0122862805811027,TRUE,0.473183954244315,1.00098861193785,-0.347894939240469,FALSE,0.724243528304032,1.00099111890266
490,"rand=1-2_rate=1.5_ROB=LH_Bias=Rct20_NRE20-35","1-2",1.5,"LH","Rct20_NRE20-35",0.182321556793955,0.182321556793955,0.182321556793955,0.182321556793955,0.182321556793955,0.300104592450338,0.19149725569259,0.19149725569259,-0.285152903134839,FALSE,0.643077178119506,1.00121646109088,-0.280705819777802,FALSE,0.398875001369502,1.00099078787948,-0.308942759688427,FALSE,0.609424212504691,1.00119991944363,-0.264899769488282,TRUE,0.685109186365836,1.00100854105842
491,"rand=1-2_rate=1.5_ROB=LH_Bias=Rct20_NRE20-35","1-2",1.5,"LH","Rct20_NRE20-35",0.182321556793955,0.182321556793955,0.182321556793955,0.182321556793955,0.182321556793955,0.300104592450338,0.212207018880653,0.212207018880653,-0.314467414425327,TRUE,0.729002214121765,1.00127446451581,-0.387829931957799,FALSE,0.531628432492711,1.00099689417448,-0.380707435208448,FALSE,0.687493731332005,1.00143990112925,-0.396534649090743,TRUE,1.05116395209662,1.00099282107115
492,"rand=1-2_rate=1.5_ROB=LH_Bias=Rct20_NRE20-35","1-2",1.5,"LH","Rct20_NRE20-35",0.182321556793955,0.182321556793955,0.182321556793955,0.182321556793955,0.182321556793955,0.300104592450338,0.207563207677033,0.207563207677033,-0.249839335909603,FALSE,0.553633713501577,1.00105358650272,-0.309216523345873,FALSE,0.32720823701336,1.00102229358303,-0.224758341962761,TRUE,0.614134553388828,1.00112274046721,-0.340737480450651,FALSE,0.451871423740563,1.00113078705702
493,"rand=1-2_rate=1.5_ROB=LH_Bias=Rct20_NRE20-35","1-2",1.5,"LH","Rct20_NRE20-35",0.182321556793955,0.182321556793955,0.182321556793955,0.182321556793955,0.182321556793955,0.300104592450338,0.188979824808152,0.188979824808152,-0.243524134976163,TRUE,0.699745241724821,1.00100544306472,-0.169764503287969,TRUE,0.432278527129321,1.00099484441581,-0.239180412248224,TRUE,0.588702762598102,1.00101697385567,-0.131532583623854,TRUE,0.836872650602902,1.00099876600915
494,"rand=1-2_rate=1.5_ROB=LH_Bias=Rct20_NRE20-35","1-2",1.5,"LH","Rct20_NRE20-35",0.182321556793955,0.182321556793955,0.182321556793955,0.182321556793955,0.182321556793955,0.300104592450338,0.209776844501974,0.209776844501974,-0.216378298964127,TRUE,0.737885153031792,1.00100382794245,-0.256191232140769,FALSE,0.533479640962655,1.0010458204309,-0.118059441123348,TRUE,0.610252077564474,1.00120630110867,-0.41326486713286,TRUE,1.12800214598238,1.00098664575028
495,"rand=1-2_rate=1.5_ROB=LH_Bias=Rct20_NRE20-35","1-2",1.5,"LH","Rct20_NRE20-35",0.182321556793955,0.182321556793955,0.182321556793955,0.182321556793955,0.182321556793955,0.300104592450338,0.182090462761281,0.182090462761281,-0.0627605392653954,TRUE,0.60410225737677,1.00098936779275,-0.0847191286063913,TRUE,0.464702454082522,1.00098733885028,0.0222962295031627,TRUE,0.486616849946642,1.00147292049971,-0.218831026199928,TRUE,1.07069621837646,1.00099075641233
496,"rand=1-2_rate=1.5_ROB=LH_Bias=Rct20_NRE20-35","1-2",1.5,"LH","Rct20_NRE20-35",0.182321556793955,0.182321556793955,0.182321556793955,0.182321556793955,0.182321556793955,0.300104592450338,0.201604331176222,0.201604331176222,-0.455903727128221,FALSE,0.812048485736087,1.00116334331961,-0.351200559769109,FALSE,0.486606902313305,1.00101491949707,-0.299024957173067,FALSE,0.657499324542153,1.00108250904342,-0.388871941967331,FALSE,0.907968426721891,1.00099255777747
497,"rand=1-2_rate=1.5_ROB=LH_Bias=Rct20_NRE20-35","1-2",1.5,"LH","Rct20_NRE20-35",0.182321556793955,0.182321556793955,0.182321556793955,0.182321556793955,0.182321556793955,0.300104592450338,0.221603612757414,0.221603612757414,-0.243309822444224,TRUE,0.682623168705043,1.00143454756166,-0.316943262507904,FALSE,0.473071077905795,1.00098636749148,-0.201115110753144,TRUE,0.630935347470874,1.00106575434504,-0.400228848846472,FALSE,0.879288385093967,1.00098678324686
498,"rand=1-2_rate=1.5_ROB=LH_Bias=Rct20_NRE20-35","1-2",1.5,"LH","Rct20_NRE20-35",0.182321556793955,0.182321556793955,0.182321556793955,0.182321556793955,0.182321556793955,0.300104592450338,0.186309729054266,0.186309729054266,-0.117627685788313,TRUE,0.554924150573133,1.00117981023369,-0.140403510203767,TRUE,0.343239248695363,1.00106239618609,-0.206672430082725,TRUE,0.694273872701341,1.00098609129028,-0.110797404911288,TRUE,0.463058306689157,1.00098999270311
499,"rand=1-2_rate=1.5_ROB=LH_Bias=Rct20_NRE20-35","1-2",1.5,"LH","Rct20_NRE20-35",0.182321556793955,0.182321556793955,0.182321556793955,0.182321556793955,0.182321556793955,0.300104592450338,0.203016164210544,0.203016164210544,-0.245821507716605,TRUE,0.671064035944252,1.00136536411913,-0.22983224735518,FALSE,0.453070334609283,1.00099205784171,-0.19625309308922,TRUE,0.552334301829039,1.00108441809316,-0.269066281708104,TRUE,0.96232613116869,1.00099590079822
500,"rand=1-2_rate=1.5_ROB=LH_Bias=Rct20_NRE20-35","1-2",1.5,"LH","Rct20_NRE20-35",0.182321556793955,0.182321556793955,0.182321556793955,0.182321556793955,0.182321556793955,0.300104592450338,0.211707729023716,0.211707729023716,0.0552738914366683,TRUE,0.493254778523814,1.00104772946072,0.0118952056103492,TRUE,0.336588442680124,1.00098840743174,0.169054517224057,TRUE,0.413920049455673,1.00098629112393,-0.108229014917925,TRUE,0.543293549656838,1.00099155487467
501,"rand=1-2_rate=1.5_ROB=LH_Bias=Rct20_NRE20-35","1-2",1.5,"LH","Rct20_NRE20-35",0.182321556793955,0.182321556793955,0.182321556793955,0.182321556793955,0.182321556793955,0.300104592450338,0.189044967049472,0.189044967049472,-0.456370645271777,FALSE,0.732462788955743,1.00113769022524,-0.493369737942742,FALSE,0.474756230174762,1.00098688267562,-0.408016300371454,FALSE,0.645117039170318,1.00132880714238,-0.538431435757329,FALSE,0.903177641405325,1.00099386878983
502,"rand=1-2_rate=1.5_ROB=LH_Bias=Rct20_NRE20-35","1-2",1.5,"LH","Rct20_NRE20-35",0.182321556793955,0.182321556793955,0.182321556793955,0.182321556793955,0.182321556793955,0.300104592450338,0.206189026887201,0.206189026887201,-0.193117736693941,TRUE,0.609905301086676,1.00100550739541,-0.318370921687833,FALSE,0.499849879359528,1.00098610799738,-0.243728029464946,TRUE,0.78923310456271,1.00098599570344,-0.379926252523499,FALSE,0.789683265631019,1.00099365376989
503,"rand=1-2_rate=1.5_ROB=LH_Bias=Rct20_NRE20-35","1-2",1.5,"LH","Rct20_NRE20-35",0.182321556793955,0.182321556793955,0.182321556793955,0.182321556793955,0.182321556793955,0.300104592450338,0.201523943418642,0.201523943418642,-0.113598155304986,TRUE,0.515993028571747,1.0010721813246,-0.202201163653426,FALSE,0.367373961419995,1.00102730169412,-0.189086951488452,TRUE,0.631310690760036,1.00109553638713,-0.208999347984575,TRUE,0.566673019221979,1.00099373235307
504,"rand=1-2_rate=1.5_ROB=LH_Bias=Rct20_NRE20-35","1-2",1.5,"LH","Rct20_NRE20-35",0.182321556793955,0.182321556793955,0.182321556793955,0.182321556793955,0.182321556793955,0.300104592450338,0.198525440056714,0.198525440056714,-0.353866360094869,FALSE,0.615211206596556,1.00105192128172,-0.458866648378111,FALSE,0.390897820858717,1.00102445672494,-0.230885332156506,TRUE,0.59607249756024,1.00099570963873,-0.559026993605274,FALSE,0.535129570353019,1.00098746663036
505,"rand=1-2_rate=1.5_ROB=LH_Bias=Rct20_NRE20-35","1-2",1.5,"LH","Rct20_NRE20-35",0.182321556793955,0.182321556793955,0.182321556793955,0.182321556793955,0.182321556793955,0.300104592450338,0.197279002440215,0.197279002440215,-0.0688535653400333,TRUE,0.595889243540867,1.00101303180206,-0.221501636418191,TRUE,0.470135373755715,1.00100917339553,0.0552181798278051,TRUE,0.423909839512724,1.00162612830827,-0.513806047980638,FALSE,0.941440693163408,1.00098755675633
506,"rand=1-2_rate=1.5_ROB=LH_Bias=Rct20_NRE20-35","1-2",1.5,"LH","Rct20_NRE20-35",0.182321556793955,0.182321556793955,0.182321556793955,0.182321556793955,0.182321556793955,0.300104592450338,0.196556342208365,0.196556342208365,-0.137856696489165,TRUE,0.831060242637308,1.00102034978182,-0.184097820683643,TRUE,0.594061867919524,1.00099411939292,-0.338158637593769,TRUE,0.88324537640886,1.00100673377016,-0.0254102816207176,TRUE,1.01301638254873,1.0010316412999
507,"rand=1-2_rate=1.5_ROB=LH_Bias=Rct20_NRE20-35","1-2",1.5,"LH","Rct20_NRE20-35",0.182321556793955,0.182321556793955,0.182321556793955,0.182321556793955,0.182321556793955,0.300104592450338,0.205818539765486,0.205818539765486,-0.268437557070548,TRUE,0.617972685366039,1.00101576308234,-0.330635908271343,FALSE,0.419800854237958,1.00099037119548,-0.365634115801305,FALSE,0.640148773045785,1.00107162948681,-0.306679455628144,TRUE,0.725505217104492,1.00098707552495
508,"rand=1-2_rate=1.5_ROB=LH_Bias=Rct20_NRE20-35","1-2",1.5,"LH","Rct20_NRE20-35",0.182321556793955,0.182321556793955,0.182321556793955,0.182321556793955,0.182321556793955,0.300104592450338,0.194592085445046,0.194592085445046,-0.072242195759437,TRUE,0.584788877123094,1.00104977084695,-0.0981594240984363,TRUE,0.375639297430901,1.00098635265823,0.0884561233695604,TRUE,0.493234892537027,1.00107615758989,-0.24080794904452,TRUE,0.561419007233496,1.00098664870822
509,"rand=1-2_rate=1.5_ROB=LH_Bias=Rct20_NRE20-35","1-2",1.5,"LH","Rct20_NRE20-35",0.182321556793955,0.182321556793955,0.182321556793955,0.182321556793955,0.182321556793955,0.300104592450338,0.202072139058464,0.202072139058464,-0.259083283997745,TRUE,0.707207512539839,1.00098761252554,-0.21890203344411,FALSE,0.469053130774862,1.00100796625607,-0.407069108914172,FALSE,0.810351206439287,1.00098656067614,-0.089238902609768,TRUE,0.617425322007063,1.00104255922783
510,"rand=1-2_rate=1.5_ROB=LH_Bias=Rct20_NRE20-35","1-2",1.5,"LH","Rct20_NRE20-35",0.182321556793955,0.182321556793955,0.182321556793955,0.182321556793955,0.182321556793955,0.300104592450338,0.200145416235772,0.200145416235772,-0.282706852972072,FALSE,0.624716943395708,1.00100251190348,-0.303353106446159,FALSE,0.393930043736398,1.00105057256766,-0.0753635970936455,TRUE,0.627426248049787,1.00099007996621,-0.415853462459828,FALSE,0.47199673221964,1.00102398543112
511,"rand=1-2_rate=1.5_ROB=LH_Bias=Rct20_NRE20-35","1-2",1.5,"LH","Rct20_NRE20-35",0.182321556793955,0.182321556793955,0.182321556793955,0.182321556793955,0.182321556793955,0.300104592450338,0.189315842639868,0.189315842639868,-0.100533474524268,TRUE,0.56712631398956,1.0009974630776,-0.207906677964191,TRUE,0.429157305323852,1.00099162700313,-0.0079722644268887,TRUE,0.51078002841846,1.00134534557125,-0.37507930040444,FALSE,0.746267531108428,1.00100037170996
512,"rand=1-2_rate=1.5_ROB=LH_Bias=Rct20_NRE20-35","1-2",1.5,"LH","Rct20_NRE20-35",0.182321556793955,0.182321556793955,0.182321556793955,0.182321556793955,0.182321556793955,0.300104592450338,0.201257188560123,0.201257188560123,-0.287407982633214,TRUE,0.712201428924077,1.00098867804775,-0.260814056533274,FALSE,0.429127460717937,1.00106270626123,-0.390607249883128,FALSE,0.676084318837419,1.00106954625961,-0.177879427612411,TRUE,0.662415039366384,1.00098634904702
513,"rand=1-2_rate=1.5_ROB=LH_Bias=Rct20_NRE20-35","1-2",1.5,"LH","Rct20_NRE20-35",0.182321556793955,0.182321556793955,0.182321556793955,0.182321556793955,0.182321556793955,0.300104592450338,0.199007075752082,0.199007075752082,-0.050667696827261,TRUE,0.539152970911867,1.0012124677546,-0.14929757526576,TRUE,0.422371396139985,1.00100668018681,0.0165480375357188,TRUE,0.466337057927991,1.00114898231577,-0.301260469521036,TRUE,0.865216514340305,1.00101546856292
514,"rand=1-2_rate=1.5_ROB=LH_Bias=Rct20_NRE20-35","1-2",1.5,"LH","Rct20_NRE20-35",0.182321556793955,0.182321556793955,0.182321556793955,0.182321556793955,0.182321556793955,0.300104592450338,0.200512841497646,0.200512841497646,0.142280218314067,TRUE,0.454552514911197,1.00116392130662,0.0280480810772749,TRUE,0.332720261699666,1.00099135483163,0.0853861271646391,TRUE,0.428021439339065,1.00116232037725,-0.00730134437253072,TRUE,0.654915204288987,1.00099922916537
515,"rand=1-2_rate=1.5_ROB=LH_Bias=Rct20_NRE20-35","1-2",1.5,"LH","Rct20_NRE20-35",0.182321556793955,0.182321556793955,0.182321556793955,0.182321556793955,0.182321556793955,0.300104592450338,0.198756043600062,0.198756043600062,-0.0582692455345168,TRUE,0.627690719929861,1.00099629120896,-0.0828382345402487,TRUE,0.420637217859406,1.00116882346284,-0.103018831916036,TRUE,0.696224107126246,1.00098790376842,-0.0666833409370751,TRUE,0.673993665004568,1.00099013284446
516,"rand=1-2_rate=1.5_ROB=LH_Bias=Rct20_NRE20-35","1-2",1.5,"LH","Rct20_NRE20-35",0.182321556793955,0.182321556793955,0.182321556793955,0.182321556793955,0.182321556793955,0.300104592450338,0.217563225579037,0.217563225579037,-0.144740475313568,TRUE,0.602275549096989,1.00102032274043,-0.16241914266364,TRUE,0.399533058426901,1.0010215418353,-0.134027132945736,TRUE,0.574340898053271,1.00104658512043,-0.186705022745801,TRUE,0.715518674748222,1.00098658082232
517,"rand=1-2_rate=1.5_ROB=LH_Bias=Rct20_NRE20-35","1-2",1.5,"LH","Rct20_NRE20-35",0.182321556793955,0.182321556793955,0.182321556793955,0.182321556793955,0.182321556793955,0.300104592450338,0.205764652400696,0.205764652400696,-0.212012716478972,TRUE,0.653161181046259,1.00098899668591,-0.241615435638543,FALSE,0.431843695782619,1.00098703092522,-0.211164373781967,TRUE,0.622285585816063,1.00103608803824,-0.26134464846014,TRUE,0.774024285853407,1.00098614053721
518,"rand=1-2_rate=1.5_ROB=LH_Bias=Rct20_NRE20-35","1-2",1.5,"LH","Rct20_NRE20-35",0.182321556793955,0.182321556793955,0.182321556793955,0.182321556793955,0.182321556793955,0.300104592450338,0.212719813344191,0.212719813344191,-0.0691353590832962,TRUE,0.586685292578056,1.00106686740785,-0.252996388685875,TRUE,0.561829816187409,1.00099245551849,-0.084607504623609,TRUE,0.521057338291322,1.00108339272246,-0.437917885240233,TRUE,1.4504827813815,1.00099229736069
519,"rand=1-2_rate=1.5_ROB=LH_Bias=Rct20_NRE20-35","1-2",1.5,"LH","Rct20_NRE20-35",0.182321556793955,0.182321556793955,0.182321556793955,0.182321556793955,0.182321556793955,0.300104592450338,0.214974055733403,0.214974055733403,-0.163971500361645,TRUE,0.672260337633211,1.00101043084256,-0.203592181041837,TRUE,0.491092259073026,1.00100419509623,-0.14837032769533,TRUE,0.551943019107319,1.00108361356427,-0.242141535114647,TRUE,1.12550854819168,1.00103605633494
520,"rand=1-2_rate=1.5_ROB=LH_Bias=Rct20_NRE20-35","1-2",1.5,"LH","Rct20_NRE20-35",0.182321556793955,0.182321556793955,0.182321556793955,0.182321556793955,0.182321556793955,0.300104592450338,0.215495133095619,0.215495133095619,-0.240053975355155,TRUE,0.638696055241555,1.00103388216916,-0.378943657107042,FALSE,0.497615470726485,1.00102293940105,-0.351158636816554,FALSE,0.620718993662607,1.00426647059605,-0.397995206768451,TRUE,1.05044413922164,1.00099473303158
521,"rand=1-2_rate=1.5_ROB=LH_Bias=Rct20_NRE20-35","1-2",1.5,"LH","Rct20_NRE20-35",0.182321556793955,0.182321556793955,0.182321556793955,0.182321556793955,0.182321556793955,0.300104592450338,0.206333556468223,0.206333556468223,0.00658975154929997,TRUE,0.663589144931716,1.00113053189748,-0.171037948702388,TRUE,0.564595093377844,1.00098907479775,-0.229324076725962,TRUE,0.82625424991736,1.00104913868376,-0.103864261144726,TRUE,1.05768667847147,1.00098655379919
522,"rand=1-2_rate=1.5_ROB=LH_Bias=Rct20_NRE20-35","1-2",1.5,"LH","Rct20_NRE20-35",0.182321556793955,0.182321556793955,0.182321556793955,0.182321556793955,0.182321556793955,0.300104592450338,0.188873345358245,0.188873345358245,-0.137997197076242,TRUE,0.651773964545812,1.00104043635398,-0.230671778944183,TRUE,0.461141182067507,1.00098614459193,0.0737624912159609,TRUE,0.454884970540268,1.00102909969058,-0.497284221036177,FALSE,0.714690135076983,1.0009867884566
523,"rand=1-2_rate=1.5_ROB=LH_Bias=Rct20_NRE20-35","1-2",1.5,"LH","Rct20_NRE20-35",0.182321556793955,0.182321556793955,0.182321556793955,0.182321556793955,0.182321556793955,0.300104592450338,0.20479962054092,0.20479962054092,-0.165720297220858,TRUE,0.589047016796423,1.00102089812106,-0.244977832718977,FALSE,0.411026546416632,1.00099587001091,-0.0620902069534877,TRUE,0.602414989228828,1.00099158336636,-0.361713118859642,FALSE,0.601305972063378,1.00100485610632
524,"rand=1-2_rate=1.5_ROB=LH_Bias=Rct20_NRE20-35","1-2",1.5,"LH","Rct20_NRE20-35",0.182321556793955,0.182321556793955,0.182321556793955,0.182321556793955,0.182321556793955,0.300104592450338,0.19371882064247,0.19371882064247,-0.160164069133476,TRUE,0.630910349018578,1.00109940198683,-0.183088444959043,TRUE,0.437263420898764,1.00100554864535,-0.128749601696802,TRUE,0.517062897366992,1.00193331498638,-0.232338695870538,TRUE,0.97292692243566,1.00098682673356
525,"rand=1-2_rate=1.5_ROB=LH_Bias=Rct20_NRE20-35","1-2",1.5,"LH","Rct20_NRE20-35",0.182321556793955,0.182321556793955,0.182321556793955,0.182321556793955,0.182321556793955,0.300104592450338,0.199597076285595,0.199597076285595,-0.303458599299456,FALSE,0.619807806215592,1.00099785769026,-0.289151617779196,FALSE,0.36715237875056,1.00098839022492,-0.114105672761585,TRUE,0.565547789787727,1.00101691957761,-0.375377913948693,FALSE,0.502223703035556,1.00101651249794
526,"rand=1-2_rate=1.5_ROB=LH_Bias=Rct20_NRE20-35","1-2",1.5,"LH","Rct20_NRE20-35",0.182321556793955,0.182321556793955,0.182321556793955,0.182321556793955,0.182321556793955,0.300104592450338,0.205950504505124,0.205950504505124,-0.255191827869958,FALSE,0.509150223292544,1.00099285614319,-0.19102201170287,FALSE,0.22917446503562,1.00114300211548,-0.318678460855389,FALSE,0.608111745086949,1.00138860773988,-0.166732952778425,FALSE,0.278702989935566,1.00101470945634
527,"rand=1-2_rate=1.5_ROB=LH_Bias=Rct20_NRE20-35","1-2",1.5,"LH","Rct20_NRE20-35",0.182321556793955,0.182321556793955,0.182321556793955,0.182321556793955,0.182321556793955,0.300104592450338,0.197052751173306,0.197052751173306,-0.112394114917088,TRUE,0.732991305346938,1.00131114420796,-0.215716666611116,TRUE,0.495609545076528,1.00098605364111,0.011528194790043,TRUE,0.512967125338534,1.00122655848033,-0.448555549206304,FALSE,0.993768621459947,1.00098724568345
528,"rand=1-2_rate=1.5_ROB=LH_Bias=Rct20_NRE20-35","1-2",1.5,"LH","Rct20_NRE20-35",0.182321556793955,0.182321556793955,0.182321556793955,0.182321556793955,0.182321556793955,0.300104592450338,0.187039594388564,0.187039594388564,-0.0044853393417168,TRUE,0.512394676796381,1.00121011052286,0.0282264634121957,TRUE,0.306749036337942,1.00099288319018,-0.0629431272463765,TRUE,0.551558109133158,1.00098929791301,0.074093351889353,TRUE,0.441784726763715,1.00100331429646
529,"rand=1-2_rate=1.5_ROB=LH_Bias=Rct20_NRE20-35","1-2",1.5,"LH","Rct20_NRE20-35",0.182321556793955,0.182321556793955,0.182321556793955,0.182321556793955,0.182321556793955,0.300104592450338,0.197874564238346,0.197874564238346,-0.178553502084397,TRUE,0.592585403821431,1.00114818639687,-0.265454526480564,FALSE,0.444491259525944,1.00098851212597,-0.211048227724528,TRUE,0.533077373730005,1.00251076155802,-0.311077362221508,TRUE,0.949179829602101,1.00104520858598
530,"rand=1-2_rate=1.5_ROB=LH_Bias=Rct20_NRE20-35","1-2",1.5,"LH","Rct20_NRE20-35",0.182321556793955,0.182321556793955,0.182321556793955,0.182321556793955,0.182321556793955,0.300104592450338,0.203650506871,0.203650506871,-0.118213155818579,TRUE,0.549985472927472,1.00125477264538,-0.16971456406095,FALSE,0.364451777798453,1.00105795042402,-0.242852644264182,TRUE,0.586551062125268,1.00119905457181,-0.132537848696879,TRUE,0.611690847492833,1.00098911605601
531,"rand=1-2_rate=1.5_ROB=LH_Bias=Rct20_NRE20-35","1-2",1.5,"LH","Rct20_NRE20-35",0.182321556793955,0.182321556793955,0.182321556793955,0.182321556793955,0.182321556793955,0.300104592450338,0.198454869821427,0.198454869821427,-0.22554333367262,TRUE,0.642402631389345,1.00107996178598,-0.276038333931808,FALSE,0.437413961278016,1.00100367332753,-0.364335005019841,FALSE,0.713847956135704,1.00101216517105,-0.224269966046745,TRUE,0.682961501382847,1.00098615020642
532,"rand=1-2_rate=1.5_ROB=LH_Bias=Rct20_NRE20-35","1-2",1.5,"LH","Rct20_NRE20-35",0.182321556793955,0.182321556793955,0.182321556793955,0.182321556793955,0.182321556793955,0.300104592450338,0.230920311015417,0.230920311015417,-0.297430751340403,FALSE,0.551205980060125,1.00103313842695,-0.317054395825443,FALSE,0.29420870162496,1.00101027286397,-0.216864861222184,TRUE,0.651228992656665,1.00110656208028,-0.346567851592739,FALSE,0.36193715081108,1.00108028764336
533,"rand=1-2_rate=1.5_ROB=LH_Bias=Rct20_NRE20-35","1-2",1.5,"LH","Rct20_NRE20-35",0.182321556793955,0.182321556793955,0.182321556793955,0.182321556793955,0.182321556793955,0.300104592450338,0.212900315818594,0.212900315818594,-0.274492666096775,FALSE,0.586326428706166,1.00098886632242,-0.359128436570782,FALSE,0.408755957079741,1.00102830962605,-0.310136132222127,FALSE,0.564411464397641,1.00141776943636,-0.39721045898895,FALSE,0.788280971025404,1.00099118079893
534,"rand=1-2_rate=1.5_ROB=LH_Bias=Rct20_NRE20-35","1-2",1.5,"LH","Rct20_NRE20-35",0.182321556793955,0.182321556793955,0.182321556793955,0.182321556793955,0.182321556793955,0.300104592450338,0.185353851520314,0.185353851520314,-0.212758618938352,TRUE,0.686435161525689,1.00100395978491,-0.312720268445997,FALSE,0.561662007927136,1.00098879388963,-0.191961743665963,TRUE,0.621911151931801,1.00107502248657,-0.439456428172729,TRUE,1.2418602713162,1.00098604358759
535,"rand=1-2_rate=1.5_ROB=LH_Bias=Rct20_NRE20-35","1-2",1.5,"LH","Rct20_NRE20-35",0.182321556793955,0.182321556793955,0.182321556793955,0.182321556793955,0.182321556793955,0.300104592450338,0.20457323389041,0.20457323389041,-0.422073831613573,FALSE,0.680315234173082,1.00106533701823,-0.410615028719272,FALSE,0.397357961519776,1.0009951817241,-0.373826183568146,FALSE,0.732884218160728,1.00131658517349,-0.42436614694195,FALSE,0.568968110335043,1.00100846053787
536,"rand=1-2_rate=1.5_ROB=LH_Bias=Rct20_NRE20-35","1-2",1.5,"LH","Rct20_NRE20-35",0.182321556793955,0.182321556793955,0.182321556793955,0.182321556793955,0.182321556793955,0.300104592450338,0.198076357795365,0.198076357795365,-0.210874580251327,TRUE,0.595237677100731,1.00115675567156,-0.208491345869947,FALSE,0.37329238112581,1.0010327777896,-0.138059749119259,TRUE,0.525809401388552,1.00098616225195,-0.245589497912097,TRUE,0.679737881825186,1.00100719019578
537,"rand=1-2_rate=1.5_ROB=LH_Bias=Rct20_NRE20-35","1-2",1.5,"LH","Rct20_NRE20-35",0.182321556793955,0.182321556793955,0.182321556793955,0.182321556793955,0.182321556793955,0.300104592450338,0.202711611538651,0.202711611538651,-0.0111967533229782,TRUE,0.590259765741148,1.00102947123849,-0.0239914194969866,TRUE,0.401764505296126,1.0009928357455,-0.0716064322904242,TRUE,0.609884913491088,1.00103708912884,0.0164874382941853,TRUE,0.677792577764321,1.00098793418358
538,"rand=1-2_rate=1.5_ROB=LH_Bias=Rct20_NRE20-35","1-2",1.5,"LH","Rct20_NRE20-35",0.182321556793955,0.182321556793955,0.182321556793955,0.182321556793955,0.182321556793955,0.300104592450338,0.22251277864885,0.22251277864885,-0.144677707324962,TRUE,0.472330756055568,1.00098633664779,-0.251800531711051,FALSE,0.37791543119257,1.00098785105552,-0.0960481311924983,TRUE,0.538670087818745,1.00102908633782,-0.348981039199313,FALSE,0.606090050815064,1.00098671332982
539,"rand=1-2_rate=1.5_ROB=LH_Bias=Rct20_NRE20-35","1-2",1.5,"LH","Rct20_NRE20-35",0.182321556793955,0.182321556793955,0.182321556793955,0.182321556793955,0.182321556793955,0.300104592450338,0.194315616755647,0.194315616755647,-0.390396558498374,FALSE,0.676681426365555,1.00138714819891,-0.23655114762736,FALSE,0.368487023246807,1.00099187045258,-0.29296993220314,FALSE,0.571863385349529,1.00137756840972,-0.20609720847434,TRUE,0.634014400030861,1.0010280650899
540,"rand=1-2_rate=1.5_ROB=LH_Bias=Rct20_NRE20-35","1-2",1.5,"LH","Rct20_NRE20-35",0.182321556793955,0.182321556793955,0.182321556793955,0.182321556793955,0.182321556793955,0.300104592450338,0.201477147847629,0.201477147847629,-0.109510810824035,TRUE,0.506458733687884,1.00102212397034,-0.0964833004558165,TRUE,0.268085558239067,1.00102148060923,-0.0607625162181413,TRUE,0.508929467480878,1.00099614051473,-0.110306891849386,TRUE,0.378457007740401,1.00098599211755
541,"rand=1-2_rate=1.5_ROB=LH_Bias=Rct20_NRE20-35","1-2",1.5,"LH","Rct20_NRE20-35",0.182321556793955,0.182321556793955,0.182321556793955,0.182321556793955,0.182321556793955,0.300104592450338,0.211663932707889,0.211663932707889,-0.0879301922231566,TRUE,0.765713462311459,1.00098599003984,-0.17496989012413,TRUE,0.567597593762396,1.00098603166721,-0.199118431394416,TRUE,0.863707245495943,1.00101222404172,-0.149728160120465,TRUE,1.03152624054087,1.00100660382936
542,"rand=1-2_rate=1.5_ROB=LH_Bias=Rct20_NRE20-35","1-2",1.5,"LH","Rct20_NRE20-35",0.182321556793955,0.182321556793955,0.182321556793955,0.182321556793955,0.182321556793955,0.300104592450338,0.208199173827916,0.208199173827916,-0.50694211926212,FALSE,0.837182396052393,1.0012307715327,-0.394929553517821,FALSE,0.500669189601807,1.00099459923665,-0.357252878018358,FALSE,0.668718120883145,1.0011942730874,-0.43417802456235,FALSE,0.974755629972004,1.00098631435425
543,"rand=1-2_rate=1.5_ROB=LH_Bias=Rct20_NRE20-35","1-2",1.5,"LH","Rct20_NRE20-35",0.182321556793955,0.182321556793955,0.182321556793955,0.182321556793955,0.182321556793955,0.300104592450338,0.183389881971621,0.183389881971621,-0.167310980383551,TRUE,0.497248653330009,1.00098929355611,-0.226567495568716,FALSE,0.286447355869411,1.00098598994768,-0.251934478540828,TRUE,0.645253079070296,1.00107347962102,-0.21906351191903,FALSE,0.372953209580714,1.00098894852144
544,"rand=1-2_rate=1.5_ROB=LH_Bias=Rct20_NRE20-35","1-2",1.5,"LH","Rct20_NRE20-35",0.182321556793955,0.182321556793955,0.182321556793955,0.182321556793955,0.182321556793955,0.300104592450338,0.190444541953202,0.190444541953202,-0.282757304934577,FALSE,0.626872894062883,1.00101024636275,-0.354479209555498,FALSE,0.429253459386852,1.00099512814257,-0.273190491621512,FALSE,0.593728431402563,1.00100383165145,-0.400360963638174,FALSE,0.784551707656132,1.0010053579406
545,"rand=1-2_rate=1.5_ROB=LH_Bias=Rct20_NRE20-35","1-2",1.5,"LH","Rct20_NRE20-35",0.182321556793955,0.182321556793955,0.182321556793955,0.182321556793955,0.182321556793955,0.300104592450338,0.18574087178592,0.18574087178592,-0.0549573915245474,TRUE,0.526010063703472,1.00128750604804,-0.15686339730807,TRUE,0.413874453661726,1.0009911251944,-0.0788470611449588,TRUE,0.509917254417584,1.00336296571228,-0.224161865226772,TRUE,0.872003124285574,1.00108009642175
546,"rand=1-2_rate=1.5_ROB=LH_Bias=Rct20_NRE20-35","1-2",1.5,"LH","Rct20_NRE20-35",0.182321556793955,0.182321556793955,0.182321556793955,0.182321556793955,0.182321556793955,0.300104592450338,0.217271957448092,0.217271957448092,-0.500019653970302,FALSE,0.795089567946947,1.00112185829195,-0.44673821160567,FALSE,0.501216216096371,1.00101559888113,-0.457137935954559,FALSE,0.7836701654369,1.00138719611964,-0.440355294850044,FALSE,0.824608076436175,1.00099523265216
547,"rand=1-2_rate=1.5_ROB=LH_Bias=Rct20_NRE20-35","1-2",1.5,"LH","Rct20_NRE20-35",0.182321556793955,0.182321556793955,0.182321556793955,0.182321556793955,0.182321556793955,0.300104592450338,0.199338947905307,0.199338947905307,-0.30258084357183,FALSE,0.662390888693221,1.00107024175417,-0.272993843819035,FALSE,0.396730423236084,1.00105678461911,-0.123044714710293,TRUE,0.665113553826042,1.00107826879163,-0.358443359026237,FALSE,0.538874339324905,1.00104170456243
548,"rand=1-2_rate=1.5_ROB=LH_Bias=Rct20_NRE20-35","1-2",1.5,"LH","Rct20_NRE20-35",0.182321556793955,0.182321556793955,0.182321556793955,0.182321556793955,0.182321556793955,0.300104592450338,0.210154023748528,0.210154023748528,-0.172581040102841,TRUE,0.608923167400824,1.00098617449088,-0.23818862491925,FALSE,0.438988978049322,1.00098821925221,-0.0720259738639222,TRUE,0.62846297402748,1.00098638788992,-0.36711997314697,FALSE,0.68211088910848,1.00098616474532
549,"rand=1-2_rate=1.5_ROB=LH_Bias=Rct20_NRE20-35","1-2",1.5,"LH","Rct20_NRE20-35",0.182321556793955,0.182321556793955,0.182321556793955,0.182321556793955,0.182321556793955,0.300104592450338,0.212661221478296,0.212661221478296,-0.320965906747856,FALSE,0.595260299559006,1.00101043760649,-0.402790578000397,FALSE,0.355873241769853,1.00098854475579,-0.290079461379458,FALSE,0.634063909117896,1.00107082903963,-0.450748997593454,FALSE,0.483462273160915,1.00100853885701
550,"rand=1-2_rate=1.5_ROB=LH_Bias=Rct20_NRE20-35","1-2",1.5,"LH","Rct20_NRE20-35",0.182321556793955,0.182321556793955,0.182321556793955,0.182321556793955,0.182321556793955,0.300104592450338,0.200717600102378,0.200717600102378,-0.206521109948776,TRUE,0.631479970872568,1.00098606601114,-0.292124590637383,FALSE,0.461881858609666,1.00098827571451,-0.162231327508453,TRUE,0.783898682712318,1.00102966508896,-0.392482250955996,FALSE,0.599869167180555,1.00099019920731
551,"rand=1-2_rate=1.5_ROB=LH_Bias=Rct20_NRE20-35","1-2",1.5,"LH","Rct20_NRE20-35",0.182321556793955,0.182321556793955,0.182321556793955,0.182321556793955,0.182321556793955,0.300104592450338,0.193665626408733,0.193665626408733,-0.443857372136903,FALSE,0.738880009827263,1.00099727951514,-0.31947360094862,FALSE,0.415038835580041,1.00098628128104,-0.328412617060142,FALSE,0.636440523170093,1.00157552781957,-0.322508960262258,FALSE,0.714070190574989,1.00098629246743
552,"rand=1-2_rate=1.5_ROB=LH_Bias=Rct20_NRE20-35","1-2",1.5,"LH","Rct20_NRE20-35",0.182321556793955,0.182321556793955,0.182321556793955,0.182321556793955,0.182321556793955,0.300104592450338,0.202110549181334,0.202110549181334,-0.0142614233745122,TRUE,0.548562269288753,1.00112731488303,-0.086126309683805,TRUE,0.392982650969563,1.00099957986053,-0.0806158457609325,TRUE,0.542833763551277,1.0011924944462,-0.0892000633659711,TRUE,0.727470748281223,1.00100253100816
553,"rand=1-2_rate=1.5_ROB=LH_Bias=Rct20_NRE20-35","1-2",1.5,"LH","Rct20_NRE20-35",0.182321556793955,0.182321556793955,0.182321556793955,0.182321556793955,0.182321556793955,0.300104592450338,0.203241843673151,0.203241843673151,-0.282941594463112,TRUE,0.794369909337089,1.00098640740877,-0.327608566421499,FALSE,0.541760984853055,1.00099738283822,-0.550796032111946,FALSE,0.77636743034128,1.00106035320257,-0.150588989614576,TRUE,0.826688684154953,1.00099911900386
554,"rand=1-2_rate=1.5_ROB=LH_Bias=Rct20_NRE20-35","1-2",1.5,"LH","Rct20_NRE20-35",0.182321556793955,0.182321556793955,0.182321556793955,0.182321556793955,0.182321556793955,0.300104592450338,0.215870108970586,0.215870108970586,-0.369917188335211,FALSE,0.749451454507742,1.00104126752206,-0.406611652424201,FALSE,0.498990169274029,1.00098806138204,-0.334156055278589,FALSE,0.693297433982038,1.00129755107033,-0.456832488406974,FALSE,0.92383546454346,1.00103273961426
555,"rand=1-2_rate=1.5_ROB=LH_Bias=Rct20_NRE20-35","1-2",1.5,"LH","Rct20_NRE20-35",0.182321556793955,0.182321556793955,0.182321556793955,0.182321556793955,0.182321556793955,0.300104592450338,0.20383981043388,0.20383981043388,-0.311438536762415,TRUE,0.805686566738689,1.0010446499763,-0.300443639035703,FALSE,0.533785673194645,1.00098770631578,-0.244706476370899,TRUE,0.741417380100348,1.00103307396921,-0.362854716987393,TRUE,1.0225060645069,1.00098602542903
556,"rand=1-2_rate=1.5_ROB=LH_Bias=Rct20_NRE20-35","1-2",1.5,"LH","Rct20_NRE20-35",0.182321556793955,0.182321556793955,0.182321556793955,0.182321556793955,0.182321556793955,0.300104592450338,0.199736323698852,0.199736323698852,-0.199612034704739,TRUE,0.80479607979185,1.00098619859281,-0.172578321683175,TRUE,0.546273577720839,1.00098626040712,-0.0837518642356747,TRUE,0.667643296037757,1.00123150749226,-0.273465703334066,TRUE,1.17296289736156,1.00098638611133
557,"rand=1-2_rate=1.5_ROB=LH_Bias=Rct20_NRE20-35","1-2",1.5,"LH","Rct20_NRE20-35",0.182321556793955,0.182321556793955,0.182321556793955,0.182321556793955,0.182321556793955,0.300104592450338,0.215447534787003,0.215447534787003,-0.16387514563138,TRUE,0.574428813670535,1.00098602962069,-0.158852658637773,TRUE,0.335866573512014,1.0010084642412,-0.0148427376618769,TRUE,0.451631108848183,1.00098864593219,-0.232943947498241,TRUE,0.578174231809056,1.00098733151479
558,"rand=1-2_rate=1.5_ROB=LH_Bias=Rct20_NRE20-35","1-2",1.5,"LH","Rct20_NRE20-35",0.182321556793955,0.182321556793955,0.182321556793955,0.182321556793955,0.182321556793955,0.300104592450338,0.198301285093457,0.198301285093457,-0.192681098797455,TRUE,0.588999548199332,1.00104444433758,-0.182755888075315,FALSE,0.34250785887928,1.00098600742817,-0.22905442712017,TRUE,0.636678379978653,1.00099622564639,-0.156053687531643,TRUE,0.487664900219121,1.00099710987113
559,"rand=1-2_rate=1.5_ROB=LH_Bias=Rct20_NRE20-35","1-2",1.5,"LH","Rct20_NRE20-35",0.182321556793955,0.182321556793955,0.182321556793955,0.182321556793955,0.182321556793955,0.300104592450338,0.214602283645401,0.214602283645401,-0.307488257425981,TRUE,0.805839918510106,1.00102734333519,-0.402989065785327,FALSE,0.596672025267824,1.00098620352275,-0.256652832562865,TRUE,0.688787355012885,1.00108884341553,-0.541449391500459,FALSE,1.25600873716143,1.00098861569583
560,"rand=1-2_rate=1.5_ROB=LH_Bias=Rct20_NRE20-35","1-2",1.5,"LH","Rct20_NRE20-35",0.182321556793955,0.182321556793955,0.182321556793955,0.182321556793955,0.182321556793955,0.300104592450338,0.190570777916931,0.190570777916931,-0.0268515573622128,TRUE,0.700471592245331,1.0009977430957,-0.0675714070697291,TRUE,0.48284987204897,1.00099176341437,-0.235582727654416,TRUE,0.657456851188541,1.00102712161154,0.0735553155657646,TRUE,0.820025516930075,1.00099268394223
561,"rand=1-2_rate=1.5_ROB=LH_Bias=Rct20_NRE20-35","1-2",1.5,"LH","Rct20_NRE20-35",0.182321556793955,0.182321556793955,0.182321556793955,0.182321556793955,0.182321556793955,0.300104592450338,0.205225316679494,0.205225316679494,-0.291521779310653,TRUE,0.758397504341745,1.00099415425631,-0.373936560538593,FALSE,0.584214808607662,1.00100467881986,-0.419474017719847,FALSE,0.702785108559553,1.0009860285345,-0.318735838975155,TRUE,1.21781131230054,1.00098671593477
562,"rand=1-2_rate=1.5_ROB=LH_Bias=Rct20_NRE20-35","1-2",1.5,"LH","Rct20_NRE20-35",0.182321556793955,0.182321556793955,0.182321556793955,0.182321556793955,0.182321556793955,0.300104592450338,0.209330837101393,0.209330837101393,0.00442368620897582,TRUE,0.481127355009207,1.00124104206154,-0.0976565889182688,TRUE,0.371242396168207,1.00099840659383,-0.123719922175144,TRUE,0.509349200252297,1.00104540620442,-0.07981628599499,TRUE,0.69320321449941,1.00099866511019
563,"rand=1-2_rate=1.5_ROB=LH_Bias=Rct20_NRE20-35","1-2",1.5,"LH","Rct20_NRE20-35",0.182321556793955,0.182321556793955,0.182321556793955,0.182321556793955,0.182321556793955,0.300104592450338,0.196127538724078,0.196127538724078,-0.0690440541489501,TRUE,0.536134439421652,1.00102021552054,-0.165642011658628,TRUE,0.413933335904864,1.00100341065049,-0.0741153615254784,TRUE,0.574334356609117,1.00111289762502,-0.23016864547714,TRUE,0.725648926167041,1.0009900919861
564,"rand=1-2_rate=1.5_ROB=LH_Bias=Rct20_NRE20-35","1-2",1.5,"LH","Rct20_NRE20-35",0.182321556793955,0.182321556793955,0.182321556793955,0.182321556793955,0.182321556793955,0.300104592450338,0.206430131416299,0.206430131416299,-0.146398935611531,TRUE,0.627437235043179,1.00099192630223,-0.165497152878349,TRUE,0.465412211079647,1.00103298588716,-0.205056786340026,TRUE,0.550151864532315,1.00135058005613,-0.132051302213349,TRUE,1.02734667296816,1.00098600733429
565,"rand=1-2_rate=1.5_ROB=LH_Bias=Rct20_NRE20-35","1-2",1.5,"LH","Rct20_NRE20-35",0.182321556793955,0.182321556793955,0.182321556793955,0.182321556793955,0.182321556793955,0.300104592450338,0.202523740539538,0.202523740539538,-0.39718927322175,FALSE,0.743614620378522,1.00116184631297,-0.205658156700266,FALSE,0.423714393473654,1.00102168488899,-0.185426355100789,TRUE,0.584799515870335,1.00102180425027,-0.230637678695517,TRUE,0.783957836613154,1.00100939792982
566,"rand=1-2_rate=1.5_ROB=LH_Bias=Rct20_NRE20-35","1-2",1.5,"LH","Rct20_NRE20-35",0.182321556793955,0.182321556793955,0.182321556793955,0.182321556793955,0.182321556793955,0.300104592450338,0.210223681823126,0.210223681823126,-0.0547386830237766,TRUE,0.546684445501561,1.00102404237031,-0.163953057022117,TRUE,0.397301594106298,1.00099827274258,-0.210479667284307,TRUE,0.576596085575257,1.00101013959184,-0.133434366318952,TRUE,0.700073674389894,1.00098806775715
567,"rand=1-2_rate=1.5_ROB=LH_Bias=Rct20_NRE20-35","1-2",1.5,"LH","Rct20_NRE20-35",0.182321556793955,0.182321556793955,0.182321556793955,0.182321556793955,0.182321556793955,0.300104592450338,0.195610527278692,0.195610527278692,-0.21488128792848,TRUE,0.525173254399299,1.00101294171678,-0.324162294955028,FALSE,0.374676448599945,1.00103128812127,-0.399757225290823,FALSE,0.631949806164682,1.00152120932696,-0.291477369916411,FALSE,0.589856801968927,1.0009937191439
568,"rand=1-2_rate=1.5_ROB=LH_Bias=Rct20_NRE20-35","1-2",1.5,"LH","Rct20_NRE20-35",0.182321556793955,0.182321556793955,0.182321556793955,0.182321556793955,0.182321556793955,0.300104592450338,0.210366716072408,0.210366716072408,-0.116059940671696,TRUE,0.601846946494774,1.00111810287707,-0.175349458105003,TRUE,0.426942176418518,1.00131487809169,-0.0818099450006624,TRUE,0.679474184195888,1.00100608709266,-0.246340102748137,TRUE,0.660145936838303,1.00099298045701
569,"rand=1-2_rate=1.5_ROB=LH_Bias=Rct20_NRE20-35","1-2",1.5,"LH","Rct20_NRE20-35",0.182321556793955,0.182321556793955,0.182321556793955,0.182321556793955,0.182321556793955,0.300104592450338,0.205674540178559,0.205674540178559,-0.140608434349838,TRUE,0.752782944862058,1.0010786837516,-0.270125731136566,FALSE,0.570588079351616,1.00099632175143,-0.165100165120787,TRUE,0.707459678923379,1.00100759022616,-0.370666237046079,TRUE,1.21143846505255,1.00098599011948
570,"rand=1-2_rate=1.5_ROB=LH_Bias=Rct20_NRE20-35","1-2",1.5,"LH","Rct20_NRE20-35",0.182321556793955,0.182321556793955,0.182321556793955,0.182321556793955,0.182321556793955,0.300104592450338,0.201839623602708,0.201839623602708,-0.172451172296581,TRUE,0.734941600701068,1.00098606693229,-0.280000933424713,FALSE,0.545214497839579,1.00098785574301,-0.0988011642644593,TRUE,0.578573237932915,1.00099828276185,-0.464558416224914,TRUE,1.19115307451609,1.00098858309605
571,"rand=1-2_rate=1.5_ROB=LH_Bias=Rct20_NRE20-35","1-2",1.5,"LH","Rct20_NRE20-35",0.182321556793955,0.182321556793955,0.182321556793955,0.182321556793955,0.182321556793955,0.300104592450338,0.183519075452969,0.183519075452969,-0.207664306816435,TRUE,0.611528310006817,1.00104696573238,-0.294038570543253,FALSE,0.458271601175338,1.00100888449331,-0.225494492722712,TRUE,0.680387379047732,1.00099131174645,-0.347052048813619,FALSE,0.776287421416706,1.00098991740303
572,"rand=1-2_rate=1.5_ROB=LH_Bias=Rct20_NRE20-35","1-2",1.5,"LH","Rct20_NRE20-35",0.182321556793955,0.182321556793955,0.182321556793955,0.182321556793955,0.182321556793955,0.300104592450338,0.207517713141334,0.207517713141334,-0.140222684133199,TRUE,0.503069650917551,1.00099379635822,-0.333356803350876,FALSE,0.432203562569942,1.00101152829453,-0.339260766265913,FALSE,0.655075558195231,1.00099028558259,-0.32732215281077,FALSE,0.745957320433258,1.00100999731262
573,"rand=1-2_rate=1.5_ROB=LH_Bias=Rct20_NRE20-35","1-2",1.5,"LH","Rct20_NRE20-35",0.182321556793955,0.182321556793955,0.182321556793955,0.182321556793955,0.182321556793955,0.300104592450338,0.215263654957263,0.215263654957263,-0.169396538995929,TRUE,0.56238457492578,1.00099487839494,-0.175175684931853,FALSE,0.341840977287325,1.00109824488864,-0.229930527515827,TRUE,0.656851788638362,1.00103792006706,-0.147090898218001,TRUE,0.476840689230933,1.00098601966945
574,"rand=1-2_rate=1.5_ROB=LH_Bias=Rct20_NRE20-35","1-2",1.5,"LH","Rct20_NRE20-35",0.182321556793955,0.182321556793955,0.182321556793955,0.182321556793955,0.182321556793955,0.300104592450338,0.211203528678013,0.211203528678013,-0.347022904238601,FALSE,0.744846870877642,1.00100109775884,-0.329815078520928,FALSE,0.493667955128454,1.0010143433909,-0.29777848102399,FALSE,0.606258501919092,1.00099341483812,-0.364225207986596,TRUE,1.03900426692813,1.00101053732053
575,"rand=1-2_rate=1.5_ROB=LH_Bias=Rct20_NRE20-35","1-2",1.5,"LH","Rct20_NRE20-35",0.182321556793955,0.182321556793955,0.182321556793955,0.182321556793955,0.182321556793955,0.300104592450338,0.200654080574797,0.200654080574797,-0.195182395947422,TRUE,0.679979213207215,1.00101525480967,-0.141177285012712,TRUE,0.442646133741035,1.000998753101,-0.254347114524042,TRUE,0.805777157470886,1.00111622579348,-0.0631096149738071,TRUE,0.63088504750645,1.00099619103174
576,"rand=1-2_rate=1.5_ROB=LH_Bias=Rct20_NRE20-35","1-2",1.5,"LH","Rct20_NRE20-35",0.182321556793955,0.182321556793955,0.182321556793955,0.182321556793955,0.182321556793955,0.300104592450338,0.1877548791708,0.1877548791708,-0.199564959605117,TRUE,0.673897209840535,1.00098681831705,-0.302553941580646,FALSE,0.476558376425834,1.00098943380641,-0.37634102899202,FALSE,0.890172928003769,1.00098701141358,-0.255656394100611,TRUE,0.655225385602092,1.00101772089063
577,"rand=1-2_rate=1.5_ROB=LH_Bias=Rct20_NRE20-35","1-2",1.5,"LH","Rct20_NRE20-35",0.182321556793955,0.182321556793955,0.182321556793955,0.182321556793955,0.182321556793955,0.300104592450338,0.188714602784515,0.188714602784515,-0.25269910936314,TRUE,0.653232158870657,1.00127914071936,-0.187409099998662,FALSE,0.383685819843721,1.00107078558735,-0.16476346528451,TRUE,0.52275346268203,1.0013838004336,-0.20711365674432,TRUE,0.741351862290798,1.00098621268977
578,"rand=1-2_rate=1.5_ROB=LH_Bias=Rct20_NRE20-35","1-2",1.5,"LH","Rct20_NRE20-35",0.182321556793955,0.182321556793955,0.182321556793955,0.182321556793955,0.182321556793955,0.300104592450338,0.193387829119972,0.193387829119972,-0.298359458288383,TRUE,0.799274252120384,1.00118901927677,-0.369552253314735,FALSE,0.554190649055217,1.00100457339733,-0.184986242938359,TRUE,0.687859214268193,1.00100376712018,-0.551991793788771,FALSE,1.0345602315601,1.00101525835154
579,"rand=1-2_rate=1.5_ROB=LH_Bias=Rct20_NRE20-35","1-2",1.5,"LH","Rct20_NRE20-35",0.182321556793955,0.182321556793955,0.182321556793955,0.182321556793955,0.182321556793955,0.300104592450338,0.203168310297608,0.203168310297608,-0.0701194730966528,TRUE,0.611339809383898,1.00098845742874,-0.287090083304238,FALSE,0.497191291561069,1.00099854173548,-0.157471781991937,TRUE,0.62714160918658,1.00114994128904,-0.394606731635401,TRUE,0.97392694317211,1.00098754979172
580,"rand=1-2_rate=1.5_ROB=LH_Bias=Rct20_NRE20-35","1-2",1.5,"LH","Rct20_NRE20-35",0.182321556793955,0.182321556793955,0.182321556793955,0.182321556793955,0.182321556793955,0.300104592450338,0.203258781163072,0.203258781163072,-0.14665922204419,TRUE,0.430065140267388,1.00142010033513,-0.203651111024201,FALSE,0.21444411908358,1.00110067908129,-0.11902451982022,TRUE,0.50815055856274,1.00100474330816,-0.22317799784738,FALSE,0.273007226266022,1.0010488999437
581,"rand=1-2_rate=1.5_ROB=LH_Bias=Rct20_NRE20-35","1-2",1.5,"LH","Rct20_NRE20-35",0.182321556793955,0.182321556793955,0.182321556793955,0.182321556793955,0.182321556793955,0.300104592450338,0.200309817989115,0.200309817989115,-0.268865149673944,FALSE,0.564366731462659,1.00111543848755,-0.28907475054359,FALSE,0.323094120493213,1.00098631179567,-0.184374557419168,TRUE,0.516799805684868,1.00100848876879,-0.325164506621507,FALSE,0.529894942373999,1.00098666227401
582,"rand=1-2_rate=1.5_ROB=LH_Bias=Rct20_NRE20-35","1-2",1.5,"LH","Rct20_NRE20-35",0.182321556793955,0.182321556793955,0.182321556793955,0.182321556793955,0.182321556793955,0.300104592450338,0.198885630805527,0.198885630805527,-0.212123844040833,TRUE,0.723653813283116,1.00101521173681,-0.333935975735262,FALSE,0.546730379752992,1.0010538214037,-0.32938802527166,FALSE,0.757668029491063,1.00100291866358,-0.334339342458365,TRUE,1.00344226034472,1.00098814231726
583,"rand=1-2_rate=1.5_ROB=LH_Bias=Rct20_NRE20-35","1-2",1.5,"LH","Rct20_NRE20-35",0.182321556793955,0.182321556793955,0.182321556793955,0.182321556793955,0.182321556793955,0.300104592450338,0.205121148006734,0.205121148006734,-0.210489598769739,TRUE,0.624671171338882,1.0010531859385,-0.177919981984401,FALSE,0.365719622216577,1.00099216011977,-0.164572413222681,TRUE,0.536343660231972,1.00108588404512,-0.185774708817529,TRUE,0.667678410935221,1.00099170052989
584,"rand=1-2_rate=1.5_ROB=LH_Bias=Rct20_NRE20-35","1-2",1.5,"LH","Rct20_NRE20-35",0.182321556793955,0.182321556793955,0.182321556793955,0.182321556793955,0.182321556793955,0.300104592450338,0.213154295987063,0.213154295987063,-0.121765211955538,TRUE,0.74771005521794,1.00099157709045,-0.151747335858006,TRUE,0.542284264169673,1.00099351788429,-0.10754229040404,TRUE,0.651197600334814,1.00101845132469,-0.206170837798314,TRUE,1.24628275682815,1.00098602022999
585,"rand=1-2_rate=1.5_ROB=LH_Bias=Rct20_NRE20-35","1-2",1.5,"LH","Rct20_NRE20-35",0.182321556793955,0.182321556793955,0.182321556793955,0.182321556793955,0.182321556793955,0.300104592450338,0.200745004140699,0.200745004140699,-0.132822481651613,TRUE,0.622682986966781,1.00103331372969,-0.216082287762396,TRUE,0.481070596959697,1.00138553639657,-0.169210949234031,TRUE,0.561459524331785,1.0025398058876,-0.250919343787882,TRUE,1.06400921332644,1.00099518554961
586,"rand=1-2_rate=1.5_ROB=LH_Bias=Rct20_NRE20-35","1-2",1.5,"LH","Rct20_NRE20-35",0.182321556793955,0.182321556793955,0.182321556793955,0.182321556793955,0.182321556793955,0.300104592450338,0.197560956841306,0.197560956841306,-0.197650450532911,TRUE,0.652788717574708,1.00108264434866,-0.294290856803426,FALSE,0.503268919002007,1.0009893163353,-0.289001979471405,FALSE,0.55866730817613,1.00100644611131,-0.3024150921871,TRUE,1.19569404215126,1.00099783165254
587,"rand=1-2_rate=1.5_ROB=LH_Bias=Rct20_NRE20-35","1-2",1.5,"LH","Rct20_NRE20-35",0.182321556793955,0.182321556793955,0.182321556793955,0.182321556793955,0.182321556793955,0.300104592450338,0.210441715180339,0.210441715180339,-0.222432536329734,TRUE,0.68593335888054,1.00099061406877,-0.228084752299043,FALSE,0.430316163736811,1.00098669070864,-0.114946786773131,TRUE,0.646985977691426,1.00105660373137,-0.313118740879252,FALSE,0.694296719352197,1.00098663746272
588,"rand=1-2_rate=1.5_ROB=LH_Bias=Rct20_NRE20-35","1-2",1.5,"LH","Rct20_NRE20-35",0.182321556793955,0.182321556793955,0.182321556793955,0.182321556793955,0.182321556793955,0.300104592450338,0.225570323217736,0.225570323217736,-0.275851613572758,FALSE,0.581469146177457,1.00105758923181,-0.158582375984472,TRUE,0.347469520874026,1.00105523500003,-0.129777697121439,TRUE,0.575046760736854,1.00113139705643,-0.171340429344546,TRUE,0.550889601601866,1.00102027750132
589,"rand=1-2_rate=1.5_ROB=LH_Bias=Rct20_NRE20-35","1-2",1.5,"LH","Rct20_NRE20-35",0.182321556793955,0.182321556793955,0.182321556793955,0.182321556793955,0.182321556793955,0.300104592450338,0.199153577266735,0.199153577266735,-0.224401762876985,TRUE,0.666905310721486,1.00101523616163,-0.28043664595198,FALSE,0.47012197914465,1.00099267554863,-0.342658018690686,FALSE,0.697172883030203,1.00110788447195,-0.238633363519767,TRUE,0.81679975351517,1.00099461955627
590,"rand=1-2_rate=1.5_ROB=LH_Bias=Rct20_NRE20-35","1-2",1.5,"LH","Rct20_NRE20-35",0.182321556793955,0.182321556793955,0.182321556793955,0.182321556793955,0.182321556793955,0.300104592450338,0.199613113132647,0.199613113132647,-0.278790256270444,FALSE,0.561362027220344,1.00119830850148,-0.380942909003229,FALSE,0.405523859401778,1.00105457007583,-0.289607013818393,FALSE,0.613844806204338,1.00111351461411,-0.428846080481726,FALSE,0.687107687858524,1.0009866722619
591,"rand=1-2_rate=1.5_ROB=LH_Bias=Rct20_NRE20-35","1-2",1.5,"LH","Rct20_NRE20-35",0.182321556793955,0.182321556793955,0.182321556793955,0.182321556793955,0.182321556793955,0.300104592450338,0.198015981715984,0.198015981715984,-0.0781524613871423,TRUE,0.555594925014048,1.00176861397997,-0.122262610116123,TRUE,0.371443656430709,1.00099018976585,-0.111408173006777,TRUE,0.505181948704891,1.00123169905326,-0.13127412593315,TRUE,0.71976009333233,1.00098640800456
592,"rand=1-2_rate=1.5_ROB=LH_Bias=Rct20_NRE20-35","1-2",1.5,"LH","Rct20_NRE20-35",0.182321556793955,0.182321556793955,0.182321556793955,0.182321556793955,0.182321556793955,0.300104592450338,0.192357393163003,0.192357393163003,-0.102917777036193,TRUE,0.56268082626148,1.00103165092903,-0.0850497892159694,TRUE,0.352128205625692,1.00100710874487,-0.152658630189254,TRUE,0.528531609196034,1.00105254617188,-0.0426097292351117,TRUE,0.622980914028064,1.00098886086401
593,"rand=1-2_rate=1.5_ROB=LH_Bias=Rct20_NRE20-35","1-2",1.5,"LH","Rct20_NRE20-35",0.182321556793955,0.182321556793955,0.182321556793955,0.182321556793955,0.182321556793955,0.300104592450338,0.193361270540836,0.193361270540836,-0.0429703172077138,TRUE,0.549219510638701,1.00103378736482,-0.100710884288632,TRUE,0.401956111255736,1.00098953297179,-0.0925203389768092,TRUE,0.513425397477007,1.00185125003633,-0.11387307346484,TRUE,0.832101192000049,1.00099021067097
594,"rand=1-2_rate=1.5_ROB=LH_Bias=Rct20_NRE20-35","1-2",1.5,"LH","Rct20_NRE20-35",0.182321556793955,0.182321556793955,0.182321556793955,0.182321556793955,0.182321556793955,0.300104592450338,0.211497280312618,0.211497280312618,-0.0890070255870086,TRUE,0.557214265285737,1.00105504053078,-0.188490808593182,TRUE,0.412516280640799,1.00098658982281,-0.022274195951018,TRUE,0.455281121833141,1.00152326295784,-0.323978197646043,TRUE,0.854964263690184,1.00099297723442
595,"rand=1-2_rate=1.5_ROB=LH_Bias=Rct20_NRE20-35","1-2",1.5,"LH","Rct20_NRE20-35",0.182321556793955,0.182321556793955,0.182321556793955,0.182321556793955,0.182321556793955,0.300104592450338,0.202033799566663,0.202033799566663,-0.0936986828850732,TRUE,0.587388500360189,1.00099638568432,-0.145498828408839,TRUE,0.423003636464915,1.00099017445291,-0.124196223810374,TRUE,0.584939660373374,1.0014535748131,-0.158796178596075,TRUE,0.790415228633991,1.00098746850115
596,"rand=1-2_rate=1.5_ROB=LH_Bias=Rct20_NRE20-35","1-2",1.5,"LH","Rct20_NRE20-35",0.182321556793955,0.182321556793955,0.182321556793955,0.182321556793955,0.182321556793955,0.300104592450338,0.193277561222304,0.193277561222304,-0.315485561152231,TRUE,0.770563048630818,1.00112540518619,-0.275790067442682,FALSE,0.502004161538544,1.0009871122537,-0.153074906303416,TRUE,0.567552646817315,1.00109794185666,-0.406864446005631,TRUE,1.08793089131895,1.0009913157672
597,"rand=1-2_rate=1.5_ROB=LH_Bias=Rct20_NRE20-35","1-2",1.5,"LH","Rct20_NRE20-35",0.182321556793955,0.182321556793955,0.182321556793955,0.182321556793955,0.182321556793955,0.300104592450338,0.216754221741688,0.216754221741688,-0.272919022511552,FALSE,0.518402917056171,1.00102785449455,-0.305410734703029,FALSE,0.272247611638406,1.00115331494215,-0.212664924964896,TRUE,0.645809665583467,1.00102385811242,-0.327339539836857,FALSE,0.33305332218196,1.00122178993061
598,"rand=1-2_rate=1.5_ROB=LH_Bias=Rct20_NRE20-35","1-2",1.5,"LH","Rct20_NRE20-35",0.182321556793955,0.182321556793955,0.182321556793955,0.182321556793955,0.182321556793955,0.300104592450338,0.195309462874634,0.195309462874634,-0.252370532038146,TRUE,0.731190543873826,1.00191337654506,-0.220584816998948,FALSE,0.457499012451991,1.00098649300267,-0.164172808072598,TRUE,0.570086885808225,1.00099958387137,-0.273917365799581,TRUE,0.955819044526,1.00098598994461
599,"rand=1-2_rate=1.5_ROB=LH_Bias=Rct20_NRE20-35","1-2",1.5,"LH","Rct20_NRE20-35",0.182321556793955,0.182321556793955,0.182321556793955,0.182321556793955,0.182321556793955,0.300104592450338,0.202174961175951,0.202174961175951,-0.30757175589503,TRUE,0.671718465739559,1.00115852561036,-0.43328407240264,FALSE,0.430546546619317,1.00099000138376,-0.275862548055208,FALSE,0.610471691944712,1.00124026534267,-0.522313926888116,FALSE,0.707295721182601,1.00102209825193
600,"rand=1-2_rate=1.5_ROB=LH_Bias=Rct20_NRE20-35","1-2",1.5,"LH","Rct20_NRE20-35",0.182321556793955,0.182321556793955,0.182321556793955,0.182321556793955,0.182321556793955,0.300104592450338,0.203040226992131,0.203040226992131,-0.109284829276654,TRUE,0.624839475334627,1.00121990781964,-0.164268006064863,TRUE,0.454710306495935,1.00099311928406,-0.162036329111825,TRUE,0.621319778526165,1.00098628023035,-0.161627362956772,TRUE,0.856882194330297,1.00098941143906
601,"rand=1-2_rate=1.5_ROB=LH_Bias=Rct20_NRE20-35","1-2",1.5,"LH","Rct20_NRE20-35",0.182321556793955,0.182321556793955,0.182321556793955,0.182321556793955,0.182321556793955,0.300104592450338,0.204608289314747,0.204608289314747,-0.319344490909017,FALSE,0.605094520063235,1.00119721033234,-0.274623210641426,FALSE,0.325962400193776,1.000996952385,-0.350695154289443,FALSE,0.602413587722124,1.00103512384824,-0.249865320811202,FALSE,0.51819970888196,1.0009870757061
602,"rand=1-2_rate=1.5_ROB=LH_Bias=Rct20_NRE20-35","1-2",1.5,"LH","Rct20_NRE20-35",0.182321556793955,0.182321556793955,0.182321556793955,0.182321556793955,0.182321556793955,0.300104592450338,0.199232549381648,0.199232549381648,-0.2467686164737,TRUE,0.721857651397807,1.00109731586852,-0.219409412397678,FALSE,0.441287171540024,1.00100183461577,-0.380055613557056,FALSE,0.728176220820018,1.00116675677201,-0.122534904401857,TRUE,0.65391422153687,1.00099215569772
603,"rand=1-2_rate=1.5_ROB=LH_Bias=Rct20_NRE20-35","1-2",1.5,"LH","Rct20_NRE20-35",0.182321556793955,0.182321556793955,0.182321556793955,0.182321556793955,0.182321556793955,0.300104592450338,0.198712750906001,0.198712750906001,-0.147977067537725,TRUE,0.646894781587231,1.00098635870807,-0.167589905762882,TRUE,0.448543467434432,1.00098789641319,-0.150140594447422,TRUE,0.554985287437197,1.00104044899729,-0.190370521774653,TRUE,0.949367711108387,1.00098707098191
604,"rand=1-2_rate=1.5_ROB=LH_Bias=Rct20_NRE20-35","1-2",1.5,"LH","Rct20_NRE20-35",0.182321556793955,0.182321556793955,0.182321556793955,0.182321556793955,0.182321556793955,0.300104592450338,0.204065159302111,0.204065159302111,-0.144066442890436,TRUE,0.678736581045424,1.00099136050708,-0.226745202206099,FALSE,0.463735946470445,1.00098722563741,-0.14156719774996,TRUE,0.637332898319496,1.00125629742452,-0.28348036468964,TRUE,0.855585679591253,1.00099877909811
605,"rand=1-2_rate=1.5_ROB=LH_Bias=Rct20_NRE20-35","1-2",1.5,"LH","Rct20_NRE20-35",0.182321556793955,0.182321556793955,0.182321556793955,0.182321556793955,0.182321556793955,0.300104592450338,0.203534635850074,0.203534635850074,-0.206315529998854,TRUE,0.609557485270589,1.00103995399704,-0.333575208343289,FALSE,0.411322472131175,1.00101390731208,-0.377425836625797,FALSE,0.787950767905977,1.00192185275098,-0.315632430899598,FALSE,0.585874914260381,1.00100619759576
606,"rand=1-2_rate=1.5_ROB=LH_Bias=Rct20_NRE20-35","1-2",1.5,"LH","Rct20_NRE20-35",0.182321556793955,0.182321556793955,0.182321556793955,0.182321556793955,0.182321556793955,0.300104592450338,0.209551530948161,0.209551530948161,-0.270060975389169,TRUE,0.795053699854012,1.00101484453801,-0.261050971985141,FALSE,0.524756868247138,1.00104950789496,-0.245182600401781,TRUE,0.97671615498427,1.00100800786547,-0.276938645920827,TRUE,0.724640650344704,1.00098979523024
607,"rand=1-2_rate=1.5_ROB=LH_Bias=Rct20_NRE20-35","1-2",1.5,"LH","Rct20_NRE20-35",0.182321556793955,0.182321556793955,0.182321556793955,0.182321556793955,0.182321556793955,0.300104592450338,0.207847825860085,0.207847825860085,-0.228199511624948,TRUE,0.669566765466133,1.00100365292392,-0.242855567073263,FALSE,0.441993425335476,1.00099405129503,-0.271487462669934,TRUE,0.64568757053761,1.00108407372263,-0.225296699057672,TRUE,0.783296733039107,1.00104083722963
608,"rand=1-2_rate=1.5_ROB=LH_Bias=Rct20_NRE20-35","1-2",1.5,"LH","Rct20_NRE20-35",0.182321556793955,0.182321556793955,0.182321556793955,0.182321556793955,0.182321556793955,0.300104592450338,0.199322897971695,0.199322897971695,-0.183421412155722,TRUE,0.69644829030686,1.00098723850895,-0.202178754001435,TRUE,0.476107216727408,1.00100813311122,-0.289365155249865,FALSE,0.631870235328206,1.00131643356697,-0.129197266700326,TRUE,0.900799124718235,1.00098602078061
609,"rand=1-2_rate=1.5_ROB=LH_Bias=Rct20_NRE20-35","1-2",1.5,"LH","Rct20_NRE20-35",0.182321556793955,0.182321556793955,0.182321556793955,0.182321556793955,0.182321556793955,0.300104592450338,0.187924455104086,0.187924455104086,-0.0931418275246878,TRUE,0.616793861917364,1.00099753519217,-0.196072605004102,TRUE,0.500991803341525,1.0010331513159,-0.0599816719540178,TRUE,0.459500688065637,1.00123563491715,-0.333264592462039,TRUE,1.34977604709223,1.00108718554357
610,"rand=1-2_rate=1.5_ROB=LH_Bias=Rct20_NRE20-35","1-2",1.5,"LH","Rct20_NRE20-35",0.182321556793955,0.182321556793955,0.182321556793955,0.182321556793955,0.182321556793955,0.300104592450338,0.213074693585097,0.213074693585097,-0.389248602873684,FALSE,0.59949006441804,1.00123613604682,-0.48236767337766,FALSE,0.387625135609792,1.00098766426813,-0.361383118840616,FALSE,0.692225013495455,1.00109227513729,-0.532769129721413,FALSE,0.561129045734249,1.00100547710203
611,"rand=1-2_rate=1.5_ROB=LH_Bias=Rct20_NRE20-35","1-2",1.5,"LH","Rct20_NRE20-35",0.182321556793955,0.182321556793955,0.182321556793955,0.182321556793955,0.182321556793955,0.300104592450338,0.218321688689793,0.218321688689793,-0.197909250054358,TRUE,0.683810857532873,1.00099102139797,-0.286912315283636,FALSE,0.483936312593785,1.00098679166895,-0.39042898612728,FALSE,0.864087536861228,1.00112770951104,-0.219973745794219,TRUE,0.693353186608711,1.00101572797041
612,"rand=1-2_rate=1.5_ROB=LH_Bias=Rct20_NRE20-35","1-2",1.5,"LH","Rct20_NRE20-35",0.182321556793955,0.182321556793955,0.182321556793955,0.182321556793955,0.182321556793955,0.300104592450338,0.209883031149443,0.209883031149443,-0.270297761821068,TRUE,0.731297518275206,1.00103523489055,-0.146494225500094,TRUE,0.478245392697299,1.00104158398497,0.0113316062983718,TRUE,0.748423315213941,1.00099828111672,-0.295116017518275,FALSE,0.56285442209448,1.00098796623841
613,"rand=1-2_rate=1.5_ROB=LH_Bias=Rct20_NRE20-35","1-2",1.5,"LH","Rct20_NRE20-35",0.182321556793955,0.182321556793955,0.182321556793955,0.182321556793955,0.182321556793955,0.300104592450338,0.182302248258572,0.182302248258572,-0.269085677674381,TRUE,0.693783014765932,1.00112817827439,-0.256471856002407,FALSE,0.451651209048695,1.00099115664628,-0.207109964864862,TRUE,0.647131674637441,1.00102406159447,-0.295715454633203,TRUE,0.794582096566443,1.00101003458556
614,"rand=1-2_rate=1.5_ROB=LH_Bias=Rct20_NRE20-35","1-2",1.5,"LH","Rct20_NRE20-35",0.182321556793955,0.182321556793955,0.182321556793955,0.182321556793955,0.182321556793955,0.300104592450338,0.197397048397053,0.197397048397053,-0.150283922470244,TRUE,0.623615983728532,1.00103655792785,-0.165443385378513,TRUE,0.429712679076955,1.0009919937015,-0.151917705400744,TRUE,0.521788260846897,1.0010172285612,-0.169890799211469,TRUE,0.912402482339183,1.00103596610871
615,"rand=1-2_rate=1.5_ROB=LH_Bias=Rct20_NRE20-35","1-2",1.5,"LH","Rct20_NRE20-35",0.182321556793955,0.182321556793955,0.182321556793955,0.182321556793955,0.182321556793955,0.300104592450338,0.207705396519783,0.207705396519783,-0.229490234926047,TRUE,0.680076999218811,1.0010983301543,-0.305725829063979,FALSE,0.435543887461347,1.00104033784071,-0.56502440861835,FALSE,0.721320876032059,1.00119341203597,-0.172191106527261,TRUE,0.629310251365086,1.00099145829301
616,"rand=1-2_rate=1.5_ROB=LH_Bias=Rct20_NRE20-35","1-2",1.5,"LH","Rct20_NRE20-35",0.182321556793955,0.182321556793955,0.182321556793955,0.182321556793955,0.182321556793955,0.300104592450338,0.217058059328025,0.217058059328025,-0.288146651541849,TRUE,0.662266226810016,1.000996642306,-0.350308210683679,FALSE,0.450606108601332,1.00100059581118,-0.139473561314595,TRUE,0.595645880489352,1.00136302444133,-0.48685708973021,FALSE,0.732344980785227,1.00098660639729
617,"rand=1-2_rate=1.5_ROB=LH_Bias=Rct20_NRE20-35","1-2",1.5,"LH","Rct20_NRE20-35",0.182321556793955,0.182321556793955,0.182321556793955,0.182321556793955,0.182321556793955,0.300104592450338,0.21854892507537,0.21854892507537,-0.039481238119943,TRUE,0.669438334885899,1.00098618547463,-0.131787566804508,TRUE,0.484138022988632,1.00104114140899,-0.0858910188396651,TRUE,0.718532185885374,1.00106030192914,-0.166638434943047,TRUE,0.881108653104623,1.000989506163
618,"rand=1-2_rate=1.5_ROB=LH_Bias=Rct20_NRE20-35","1-2",1.5,"LH","Rct20_NRE20-35",0.182321556793955,0.182321556793955,0.182321556793955,0.182321556793955,0.182321556793955,0.300104592450338,0.184481633969962,0.184481633969962,-0.159388358987223,TRUE,0.515271053782923,1.00098609765783,-0.317626580998701,FALSE,0.3445799407945,1.00105025481453,-0.300903275861568,FALSE,0.675059073831819,1.00127683949019,-0.324483609208732,FALSE,0.497815109940156,1.00101004328153
619,"rand=1-2_rate=1.5_ROB=LH_Bias=Rct20_NRE20-35","1-2",1.5,"LH","Rct20_NRE20-35",0.182321556793955,0.182321556793955,0.182321556793955,0.182321556793955,0.182321556793955,0.300104592450338,0.185689468047738,0.185689468047738,-0.411666601732221,FALSE,0.741398717458127,1.0010878334146,-0.364782253571559,FALSE,0.459515114411149,1.00100764408692,-0.454831943966649,FALSE,0.663668564977114,1.00109363166819,-0.304836927933829,TRUE,0.813785805359472,1.00107625449929
620,"rand=1-2_rate=1.5_ROB=LH_Bias=Rct20_NRE20-35","1-2",1.5,"LH","Rct20_NRE20-35",0.182321556793955,0.182321556793955,0.182321556793955,0.182321556793955,0.182321556793955,0.300104592450338,0.205922439493247,0.205922439493247,-0.308301945527926,TRUE,0.728389398443025,1.00110543193496,-0.427450636190339,FALSE,0.555844974855706,1.0010099871795,-0.414042114261947,FALSE,0.857819576396835,1.0009970752306,-0.439570957047411,FALSE,0.933763916461856,1.00110781578294
621,"rand=1-2_rate=1.5_ROB=LH_Bias=Rct20_NRE20-35","1-2",1.5,"LH","Rct20_NRE20-35",0.182321556793955,0.182321556793955,0.182321556793955,0.182321556793955,0.182321556793955,0.300104592450338,0.207903145391835,0.207903145391835,-0.244964547910998,FALSE,0.532726672514694,1.00100153177775,-0.286662438709779,FALSE,0.293264643078538,1.00109479848996,-0.15207395802357,TRUE,0.595812006300984,1.00103348120599,-0.329415025294869,FALSE,0.367217019558032,1.00098708340687
622,"rand=1-2_rate=1.5_ROB=LH_Bias=Rct20_NRE20-35","1-2",1.5,"LH","Rct20_NRE20-35",0.182321556793955,0.182321556793955,0.182321556793955,0.182321556793955,0.182321556793955,0.300104592450338,0.216365722572577,0.216365722572577,-0.275015061408733,FALSE,0.630256765208958,1.00118927051083,-0.345534025761643,FALSE,0.42342436067894,1.00098801255372,-0.303253800129747,FALSE,0.602648860627459,1.00099019911546,-0.371994955586034,FALSE,0.80204199937153,1.0011543960592
623,"rand=1-2_rate=1.5_ROB=LH_Bias=Rct20_NRE20-35","1-2",1.5,"LH","Rct20_NRE20-35",0.182321556793955,0.182321556793955,0.182321556793955,0.182321556793955,0.182321556793955,0.300104592450338,0.193413138415098,0.193413138415098,-0.101791621348247,TRUE,0.635902934901525,1.00099212671426,-0.164384455586723,TRUE,0.470425029999955,1.00098629047962,-0.0891960081335275,TRUE,0.616704090361876,1.00105725766367,-0.238772845799317,TRUE,0.928075158582342,1.00099232517121
624,"rand=1-2_rate=1.5_ROB=LH_Bias=Rct20_NRE20-35","1-2",1.5,"LH","Rct20_NRE20-35",0.182321556793955,0.182321556793955,0.182321556793955,0.182321556793955,0.182321556793955,0.300104592450338,0.203278724920501,0.203278724920501,-0.326400896224945,FALSE,0.662769084758682,1.00106318476202,-0.368374165367444,FALSE,0.437725173202018,1.00102390222451,-0.311400432778876,FALSE,0.604954619960965,1.00104899878559,-0.406120824180509,FALSE,0.85210133004307,1.00100656435315
625,"rand=1-2_rate=1.5_ROB=LH_Bias=Rct20_NRE20-35","1-2",1.5,"LH","Rct20_NRE20-35",0.182321556793955,0.182321556793955,0.182321556793955,0.182321556793955,0.182321556793955,0.300104592450338,0.194969372737464,0.194969372737464,-0.169287533012539,TRUE,0.608887483010903,1.0011805241002,-0.287548914767867,FALSE,0.481971760724628,1.00105106360748,-0.282278886515352,TRUE,0.652731419064301,1.0009978113317,-0.293777890661955,TRUE,0.921419248893505,1.00100770213691
626,"rand=1-2_rate=1.5_ROB=LH_Bias=Rct20_NRE20-35","1-2",1.5,"LH","Rct20_NRE20-35",0.182321556793955,0.182321556793955,0.182321556793955,0.182321556793955,0.182321556793955,0.300104592450338,0.203500771901631,0.203500771901631,-0.26736844411614,TRUE,0.673847363961784,1.00112704299745,-0.345504376518174,FALSE,0.482445584273775,1.00104646830103,-0.268605172291536,TRUE,0.63383786295539,1.00102766644137,-0.401733982788513,FALSE,0.928057825652345,1.00100270983225
627,"rand=1-2_rate=1.5_ROB=LH_Bias=Rct20_NRE20-35","1-2",1.5,"LH","Rct20_NRE20-35",0.182321556793955,0.182321556793955,0.182321556793955,0.182321556793955,0.182321556793955,0.300104592450338,0.206751995186166,0.206751995186166,-0.169935157546995,TRUE,0.726603799311493,1.0010202619826,-0.189995711581828,TRUE,0.517315365475585,1.00116438593429,-0.214477371589279,TRUE,0.728777002706156,1.00107590177853,-0.167410512567805,TRUE,0.961701577602648,1.00098599348651
628,"rand=1-2_rate=1.5_ROB=LH_Bias=Rct20_NRE20-35","1-2",1.5,"LH","Rct20_NRE20-35",0.182321556793955,0.182321556793955,0.182321556793955,0.182321556793955,0.182321556793955,0.300104592450338,0.19951679064837,0.19951679064837,-0.134964799360321,TRUE,0.63649555534719,1.00102754691296,-0.231825773156681,FALSE,0.487855563456766,1.00100495940373,-0.215020988920128,TRUE,0.713871336189966,1.00101361436397,-0.249416799580786,TRUE,0.890916102075611,1.00101716156991
629,"rand=1-2_rate=1.5_ROB=LH_Bias=Rct20_NRE20-35","1-2",1.5,"LH","Rct20_NRE20-35",0.182321556793955,0.182321556793955,0.182321556793955,0.182321556793955,0.182321556793955,0.300104592450338,0.196262384864778,0.196262384864778,-0.0966329962740462,TRUE,0.570504685012334,1.00113820025465,-0.203947662172071,FALSE,0.428921258567378,1.00100332133316,-0.0754149428988451,TRUE,0.496014597847924,1.00136569214587,-0.309147878324721,TRUE,0.869269786634906,1.00099162981365
630,"rand=1-2_rate=1.5_ROB=LH_Bias=Rct20_NRE20-35","1-2",1.5,"LH","Rct20_NRE20-35",0.182321556793955,0.182321556793955,0.182321556793955,0.182321556793955,0.182321556793955,0.300104592450338,0.194448969128108,0.194448969128108,-0.395269409957064,FALSE,0.820935213109132,1.00100016420352,-0.374555005091981,FALSE,0.540074502347174,1.0009998308671,-0.497201277122589,FALSE,0.821404866871594,1.00101845631656,-0.27572607715976,TRUE,0.897503041057261,1.00098677345489
631,"rand=1-2_rate=1.5_ROB=LH_Bias=Rct20_NRE20-35","1-2",1.5,"LH","Rct20_NRE20-35",0.182321556793955,0.182321556793955,0.182321556793955,0.182321556793955,0.182321556793955,0.300104592450338,0.21142018206108,0.21142018206108,0.0234451249432569,TRUE,0.502558540068518,1.00098599119021,-0.171790609556956,TRUE,0.454255858797624,1.00099548027339,-0.22719225204483,TRUE,0.681975851848156,1.00098758191404,-0.125518008536718,TRUE,0.780106998744545,1.00098600017394
632,"rand=1-2_rate=1.5_ROB=LH_Bias=Rct20_NRE20-35","1-2",1.5,"LH","Rct20_NRE20-35",0.182321556793955,0.182321556793955,0.182321556793955,0.182321556793955,0.182321556793955,0.300104592450338,0.207068335502992,0.207068335502992,-0.213214961325797,TRUE,0.715085348426041,1.00100143202613,-0.284999900396766,FALSE,0.521175967687875,1.00100176246478,-0.239931311823995,TRUE,0.763069499152997,1.00099246484587,-0.325243925418084,TRUE,0.933884564754987,1.00099231267355
633,"rand=1-2_rate=1.5_ROB=LH_Bias=Rct20_NRE20-35","1-2",1.5,"LH","Rct20_NRE20-35",0.182321556793955,0.182321556793955,0.182321556793955,0.182321556793955,0.182321556793955,0.300104592450338,0.204127554459339,0.204127554459339,-0.0108411517007467,TRUE,0.605677050541351,1.00107829848469,-0.0666294733795876,TRUE,0.433786795036976,1.00099660966698,-0.122172098595655,TRUE,0.606544369313999,1.00100884620989,-0.0237615717736877,TRUE,0.798541099154348,1.00098616233193
634,"rand=1-2_rate=1.5_ROB=LH_Bias=Rct20_NRE20-35","1-2",1.5,"LH","Rct20_NRE20-35",0.182321556793955,0.182321556793955,0.182321556793955,0.182321556793955,0.182321556793955,0.300104592450338,0.195939282166223,0.195939282166223,-0.379750558714808,FALSE,0.795639061367354,1.00101270704129,-0.282297535654762,FALSE,0.52425622675316,1.00099632073141,-0.33910271680595,FALSE,0.645818596111762,1.00100492919714,-0.238697821453898,TRUE,1.07869997476789,1.00103011287108
635,"rand=1-2_rate=1.5_ROB=LH_Bias=Rct20_NRE20-35","1-2",1.5,"LH","Rct20_NRE20-35",0.182321556793955,0.182321556793955,0.182321556793955,0.182321556793955,0.182321556793955,0.300104592450338,0.211294105681668,0.211294105681668,-0.055055764112153,TRUE,0.504603956940877,1.0010667945194,-0.0972446837460694,TRUE,0.31623141231488,1.00098846439581,-0.0672079559071124,TRUE,0.502851125622923,1.00098802829559,-0.110570296264765,TRUE,0.522468314540003,1.00104154874998
636,"rand=1-2_rate=1.5_ROB=LH_Bias=Rct20_NRE20-35","1-2",1.5,"LH","Rct20_NRE20-35",0.182321556793955,0.182321556793955,0.182321556793955,0.182321556793955,0.182321556793955,0.300104592450338,0.205556825985521,0.205556825985521,-0.13683981034554,TRUE,0.667291675114401,1.00099141647257,-0.325358348465002,FALSE,0.635569795093636,1.00108046101311,-0.147130550760865,TRUE,0.734049699546103,1.00099661316427,-0.555273178515205,FALSE,1.3835640128235,1.00099642027752
637,"rand=1-2_rate=1.5_ROB=LH_Bias=Rct20_NRE20-35","1-2",1.5,"LH","Rct20_NRE20-35",0.182321556793955,0.182321556793955,0.182321556793955,0.182321556793955,0.182321556793955,0.300104592450338,0.209828496410798,0.209828496410798,-0.233825171618412,TRUE,0.646712860767605,1.00101314472886,-0.240454005617958,FALSE,0.404536150451799,1.00098612726523,-0.290533611778492,TRUE,0.677538784309279,1.00098621765939,-0.212191902178092,TRUE,0.635438107815631,1.0009886111909
638,"rand=1-2_rate=1.5_ROB=LH_Bias=Rct20_NRE20-35","1-2",1.5,"LH","Rct20_NRE20-35",0.182321556793955,0.182321556793955,0.182321556793955,0.182321556793955,0.182321556793955,0.300104592450338,0.204704553646289,0.204704553646289,-0.163225218069775,TRUE,0.821386392473516,1.00107338997147,-0.244484338765773,FALSE,0.558781460746542,1.00100112284041,-0.430193395185264,FALSE,0.876330359184008,1.0009947311216,-0.0814012022377297,TRUE,0.850741030736064,1.00098763690346
639,"rand=1-2_rate=1.5_ROB=LH_Bias=Rct20_NRE20-35","1-2",1.5,"LH","Rct20_NRE20-35",0.182321556793955,0.182321556793955,0.182321556793955,0.182321556793955,0.182321556793955,0.300104592450338,0.206358266889425,0.206358266889425,-0.090747519080338,TRUE,0.556103642312164,1.00100325345203,-0.164159291758007,TRUE,0.351973397907232,1.00100348585182,0.00799453800785299,TRUE,0.506178825791337,1.00109289164106,-0.264437255391774,FALSE,0.485611659317292,1.00102576211355
640,"rand=1-2_rate=1.5_ROB=LH_Bias=Rct20_NRE20-35","1-2",1.5,"LH","Rct20_NRE20-35",0.182321556793955,0.182321556793955,0.182321556793955,0.182321556793955,0.182321556793955,0.300104592450338,0.207473190234022,0.207473190234022,-0.30485341334696,FALSE,0.622411063383957,1.00098617483069,-0.304751547619247,FALSE,0.376493803283189,1.00101822356982,-0.282476844496796,TRUE,0.699748655514347,1.00134169227585,-0.315465846031777,FALSE,0.542777773831164,1.00099430912035
641,"rand=1-2_rate=1.5_ROB=LH_Bias=Rct20_NRE20-35","1-2",1.5,"LH","Rct20_NRE20-35",0.182321556793955,0.182321556793955,0.182321556793955,0.182321556793955,0.182321556793955,0.300104592450338,0.206408549311411,0.206408549311411,-0.349305588532232,FALSE,0.62481589771679,1.00121553915424,-0.428168499656719,FALSE,0.40920269623159,1.00098747327268,-0.387124168824605,FALSE,0.656684053088395,1.00131851355862,-0.450793305475358,FALSE,0.674550870581726,1.00100693554613
642,"rand=1-2_rate=1.5_ROB=LH_Bias=Rct20_NRE20-35","1-2",1.5,"LH","Rct20_NRE20-35",0.182321556793955,0.182321556793955,0.182321556793955,0.182321556793955,0.182321556793955,0.300104592450338,0.195592774290649,0.195592774290649,-0.0996269982056814,TRUE,0.647781901555411,1.00099626713632,-0.110526671827196,TRUE,0.437680815885965,1.00101770037955,-0.18586676656006,TRUE,0.852173234709207,1.00099470929952,-0.0570526418658135,TRUE,0.54289420940687,1.00099363126371
643,"rand=1-2_rate=1.5_ROB=LH_Bias=Rct20_NRE20-35","1-2",1.5,"LH","Rct20_NRE20-35",0.182321556793955,0.182321556793955,0.182321556793955,0.182321556793955,0.182321556793955,0.300104592450338,0.200516892389475,0.200516892389475,-0.39619605925964,FALSE,0.770910859323176,1.00099748771337,-0.392343638152457,FALSE,0.494133965539411,1.00099304436604,-0.330136260868354,TRUE,0.807490892693845,1.0010667937039,-0.441897005199721,FALSE,0.742135972525181,1.00098922488852
644,"rand=1-2_rate=1.5_ROB=LH_Bias=Rct20_NRE20-35","1-2",1.5,"LH","Rct20_NRE20-35",0.182321556793955,0.182321556793955,0.182321556793955,0.182321556793955,0.182321556793955,0.300104592450338,0.211855643906224,0.211855643906224,-0.00910561298844437,TRUE,0.45844061872219,1.00099089487789,-0.278250326689719,FALSE,0.477404220630975,1.00108873936902,-0.199357328075048,TRUE,0.569809729450255,1.0024483426429,-0.334747853123594,TRUE,1.05088413929791,1.00101198102726
645,"rand=1-2_rate=1.5_ROB=LH_Bias=Rct20_NRE20-35","1-2",1.5,"LH","Rct20_NRE20-35",0.182321556793955,0.182321556793955,0.182321556793955,0.182321556793955,0.182321556793955,0.300104592450338,0.209477320333421,0.209477320333421,-0.227174650574963,TRUE,0.6380233530574,1.00101323568504,-0.309558024252028,FALSE,0.467789284914065,1.00098664335437,-0.213388848766878,TRUE,0.55387377201216,1.0010621105205,-0.3800502362881,TRUE,0.977873005197063,1.00099128669665
646,"rand=1-2_rate=1.5_ROB=LH_Bias=Rct20_NRE20-35","1-2",1.5,"LH","Rct20_NRE20-35",0.182321556793955,0.182321556793955,0.182321556793955,0.182321556793955,0.182321556793955,0.300104592450338,0.186238111750622,0.186238111750622,-0.091956748521645,TRUE,0.757345209785401,1.001103737806,-0.0421098908279134,TRUE,0.476874762544897,1.00101730224897,0.0701446476242819,TRUE,0.628809571879662,1.00099774906441,-0.162248253584089,TRUE,0.90961476946361,1.00100215175345
647,"rand=1-2_rate=1.5_ROB=LH_Bias=Rct20_NRE20-35","1-2",1.5,"LH","Rct20_NRE20-35",0.182321556793955,0.182321556793955,0.182321556793955,0.182321556793955,0.182321556793955,0.300104592450338,0.199584727832746,0.199584727832746,-0.477595916441575,FALSE,0.828497359463064,1.0010737923855,-0.377944795707733,FALSE,0.550698681747614,1.00098707576088,-0.639887593646903,FALSE,0.824809311281711,1.00113486553359,-0.187675441082814,TRUE,0.813506194927566,1.00106360374226
648,"rand=1-2_rate=1.5_ROB=LH_Bias=Rct20_NRE20-35","1-2",1.5,"LH","Rct20_NRE20-35",0.182321556793955,0.182321556793955,0.182321556793955,0.182321556793955,0.182321556793955,0.300104592450338,0.193906828575009,0.193906828575009,-0.291435664120212,FALSE,0.619507937658393,1.00109217578056,-0.285889574173279,FALSE,0.347736555396145,1.00103427360216,-0.320453980256707,FALSE,0.608744152575276,1.00165773120152,-0.272598748741876,FALSE,0.59029753898692,1.000986006691
649,"rand=1-2_rate=1.5_ROB=LH_Bias=Rct20_NRE20-35","1-2",1.5,"LH","Rct20_NRE20-35",0.182321556793955,0.182321556793955,0.182321556793955,0.182321556793955,0.182321556793955,0.300104592450338,0.199229620570668,0.199229620570668,-0.289236040619167,TRUE,0.782450035446642,1.00099049842175,-0.326680030992543,FALSE,0.544033726505278,1.00100200337764,-0.203078909239067,TRUE,0.687039142800301,1.00106445082746,-0.442654166341513,FALSE,1.06858593445793,1.00101266323089
650,"rand=1-2_rate=1.5_ROB=LH_Bias=Rct20_NRE20-35","1-2",1.5,"LH","Rct20_NRE20-35",0.182321556793955,0.182321556793955,0.182321556793955,0.182321556793955,0.182321556793955,0.300104592450338,0.188902368900773,0.188902368900773,-0.187420394174613,TRUE,0.551774066592356,1.00115572641745,-0.129267233266925,TRUE,0.307455252143954,1.00099641971787,-0.285535380273582,FALSE,0.569359115079417,1.00105425942817,-0.0597510427633801,TRUE,0.410845191741336,1.00099432668936
651,"rand=1-2_rate=1.5_ROB=LH_Bias=Rct20_NRE20-35","1-2",1.5,"LH","Rct20_NRE20-35",0.182321556793955,0.182321556793955,0.182321556793955,0.182321556793955,0.182321556793955,0.300104592450338,0.188356864588975,0.188356864588975,-0.127002556309048,TRUE,0.680583316417719,1.000999704713,-0.198447580551399,TRUE,0.495992607664408,1.00099547592407,-0.232743396419327,TRUE,0.900645475382434,1.00109457445468,-0.162423575558906,TRUE,0.666444195265316,1.00098739338061
652,"rand=1-2_rate=1.5_ROB=LH_Bias=Rct20_NRE20-35","1-2",1.5,"LH","Rct20_NRE20-35",0.182321556793955,0.182321556793955,0.182321556793955,0.182321556793955,0.182321556793955,0.300104592450338,0.202156713441784,0.202156713441784,-0.198375943034158,TRUE,0.596392479942313,1.00136218580596,-0.29784976710714,FALSE,0.409100802538365,1.00099694476163,-0.232227874446711,TRUE,0.599357601009606,1.00098770609215,-0.336437968142067,FALSE,0.714464620500857,1.00098622721028
653,"rand=1-2_rate=1.5_ROB=LH_Bias=Rct20_NRE20-35","1-2",1.5,"LH","Rct20_NRE20-35",0.182321556793955,0.182321556793955,0.182321556793955,0.182321556793955,0.182321556793955,0.300104592450338,0.215911916726927,0.215911916726927,-0.258482678057151,TRUE,0.699809262979825,1.00098687030817,-0.358921261031779,FALSE,0.51295389592538,1.0009859924372,-0.449685834622778,FALSE,0.934079866208504,1.00099050656673,-0.297920271858598,TRUE,0.71190526494034,1.00099714147465
654,"rand=1-2_rate=1.5_ROB=LH_Bias=Rct20_NRE20-35","1-2",1.5,"LH","Rct20_NRE20-35",0.182321556793955,0.182321556793955,0.182321556793955,0.182321556793955,0.182321556793955,0.300104592450338,0.19662054581335,0.19662054581335,-0.106479242893742,TRUE,0.567488174399948,1.00099585519222,-0.179891455354097,TRUE,0.36171196880904,1.00099294971811,0.00934853755517717,TRUE,0.464403438750345,1.00098972993659,-0.291893244082445,FALSE,0.621968760165504,1.00106442967545
655,"rand=1-2_rate=1.5_ROB=LH_Bias=Rct20_NRE20-35","1-2",1.5,"LH","Rct20_NRE20-35",0.182321556793955,0.182321556793955,0.182321556793955,0.182321556793955,0.182321556793955,0.300104592450338,0.206204444542655,0.206204444542655,-0.266529185828128,TRUE,0.750426739613111,1.00102166323055,-0.400018160854748,FALSE,0.564657680130068,1.00100663911227,-0.425929512080391,FALSE,0.886378395562656,1.00100078616871,-0.375378404996216,TRUE,0.937317053054299,1.00099848086315
656,"rand=1-2_rate=1.5_ROB=LH_Bias=Rct20_NRE20-35","1-2",1.5,"LH","Rct20_NRE20-35",0.182321556793955,0.182321556793955,0.182321556793955,0.182321556793955,0.182321556793955,0.300104592450338,0.202650963136033,0.202650963136033,-0.0583308361385053,TRUE,0.418551982614212,1.00112147379414,-0.116447516068056,FALSE,0.235963322394268,1.00107036569085,-0.039782642656834,TRUE,0.499992023330591,1.00163570172026,-0.138142936218495,TRUE,0.309764785970009,1.00099392931306
657,"rand=1-2_rate=1.5_ROB=LH_Bias=Rct20_NRE20-35","1-2",1.5,"LH","Rct20_NRE20-35",0.182321556793955,0.182321556793955,0.182321556793955,0.182321556793955,0.182321556793955,0.300104592450338,0.202662165494007,0.202662165494007,-0.116763575135177,TRUE,0.691936255198018,1.00098912806572,-0.167749709776547,TRUE,0.46208236927587,1.0010214669571,-0.0474288224693251,TRUE,0.694813079921664,1.00098789255079,-0.269283469931841,TRUE,0.760453141941724,1.00098864368336
658,"rand=1-2_rate=1.5_ROB=LH_Bias=Rct20_NRE20-35","1-2",1.5,"LH","Rct20_NRE20-35",0.182321556793955,0.182321556793955,0.182321556793955,0.182321556793955,0.182321556793955,0.300104592450338,0.18142096389055,0.18142096389055,-0.231969191545524,TRUE,0.609292838507393,1.00101051356999,-0.314667604230725,FALSE,0.377550346412252,1.00098912722155,-0.132125020651695,TRUE,0.55802705385586,1.00103740912343,-0.396167172281126,FALSE,0.557729697788717,1.00098730575825
659,"rand=1-2_rate=1.5_ROB=LH_Bias=Rct20_NRE20-35","1-2",1.5,"LH","Rct20_NRE20-35",0.182321556793955,0.182321556793955,0.182321556793955,0.182321556793955,0.182321556793955,0.300104592450338,0.186055466839139,0.186055466839139,-0.385717429716821,FALSE,0.732336011815939,1.00101430886817,-0.354771168783807,FALSE,0.457287724745373,1.0011205430217,-0.28654237979872,FALSE,0.645807297451397,1.00135448945094,-0.398844612825199,FALSE,0.808517882126898,1.000996241764
660,"rand=1-2_rate=1.5_ROB=LH_Bias=Rct20_NRE20-35","1-2",1.5,"LH","Rct20_NRE20-35",0.182321556793955,0.182321556793955,0.182321556793955,0.182321556793955,0.182321556793955,0.300104592450338,0.205308130004512,0.205308130004512,-0.195329501390084,TRUE,0.65212540463212,1.0010723132742,-0.323011974486683,FALSE,0.466979943931773,1.00100496124718,-0.290393970947622,TRUE,0.707089958691231,1.00105923072945,-0.344117338738755,FALSE,0.796894405260815,1.00103329640618
661,"rand=1-2_rate=1.5_ROB=LH_Bias=Rct20_NRE20-35","1-2",1.5,"LH","Rct20_NRE20-35",0.182321556793955,0.182321556793955,0.182321556793955,0.182321556793955,0.182321556793955,0.300104592450338,0.193474048400044,0.193474048400044,-0.282960887874487,TRUE,0.75546621911907,1.00100878172256,-0.315020963075182,FALSE,0.519952332133386,1.00098920235752,-0.36626460701815,FALSE,0.763044083287537,1.00109660542601,-0.272413542159084,TRUE,0.921100121227746,1.00098878842427
662,"rand=1-2_rate=1.5_ROB=LH_Bias=Rct20_NRE20-35","1-2",1.5,"LH","Rct20_NRE20-35",0.182321556793955,0.182321556793955,0.182321556793955,0.182321556793955,0.182321556793955,0.300104592450338,0.197938814993631,0.197938814993631,-0.223199409944777,FALSE,0.464004557785685,1.00098635918142,-0.223306390591323,FALSE,0.205321685294787,1.00099056228887,-0.212698960043134,TRUE,0.556315567214166,1.00107700517824,-0.226231442493232,FALSE,0.254824593950904,1.00102798425256
663,"rand=1-2_rate=1.5_ROB=LH_Bias=Rct20_NRE20-35","1-2",1.5,"LH","Rct20_NRE20-35",0.182321556793955,0.182321556793955,0.182321556793955,0.182321556793955,0.182321556793955,0.300104592450338,0.203668092499049,0.203668092499049,-0.241885998833333,TRUE,0.710290526547944,1.00122090796098,-0.164175393833738,TRUE,0.385489135273961,1.00099882490249,-0.314823557190423,FALSE,0.663542715631498,1.00102010393756,-0.0833953234647034,TRUE,0.555794649060405,1.00098645930363
664,"rand=1-2_rate=1.5_ROB=LH_Bias=Rct20_NRE20-35","1-2",1.5,"LH","Rct20_NRE20-35",0.182321556793955,0.182321556793955,0.182321556793955,0.182321556793955,0.182321556793955,0.300104592450338,0.194883381186982,0.194883381186982,-0.376389759176942,FALSE,0.544163942208469,1.00110376057388,-0.363825981495196,FALSE,0.231806642275382,1.00100034875485,-0.237683016496356,TRUE,0.625924462691196,1.00105239698712,-0.385690569718198,FALSE,0.268344348739728,1.00100036839701
665,"rand=1-2_rate=1.5_ROB=LH_Bias=Rct20_NRE20-35","1-2",1.5,"LH","Rct20_NRE20-35",0.182321556793955,0.182321556793955,0.182321556793955,0.182321556793955,0.182321556793955,0.300104592450338,0.214587601712872,0.214587601712872,-0.134998896333412,TRUE,0.64007656549209,1.00101384933132,-0.172845606355589,TRUE,0.43735188804937,1.00098640956185,-0.262738436159612,TRUE,0.648744888193543,1.00101308857826,-0.102641281837071,TRUE,0.729703634205729,1.00099364262817
666,"rand=1-2_rate=1.5_ROB=LH_Bias=Rct20_NRE20-35","1-2",1.5,"LH","Rct20_NRE20-35",0.182321556793955,0.182321556793955,0.182321556793955,0.182321556793955,0.182321556793955,0.300104592450338,0.201188531922658,0.201188531922658,-0.176877755528004,TRUE,0.581350934231979,1.0011928707678,-0.266415948538957,FALSE,0.408912190605462,1.000986106042,-0.354724374201592,FALSE,0.663095805930656,1.00099209829152,-0.213887918689145,TRUE,0.631964087752611,1.000992389962
667,"rand=1-2_rate=1.5_ROB=LH_Bias=Rct20_NRE20-35","1-2",1.5,"LH","Rct20_NRE20-35",0.182321556793955,0.182321556793955,0.182321556793955,0.182321556793955,0.182321556793955,0.300104592450338,0.205939372175292,0.205939372175292,-0.0234956438802052,TRUE,0.503521464601926,1.00132329231724,-0.146178695485237,TRUE,0.403993537170519,1.00103105997951,0.0307249096842387,TRUE,0.444226656892688,1.00127799592142,-0.299221144571527,TRUE,0.860697081296854,1.00099227633409
668,"rand=1-2_rate=1.5_ROB=LH_Bias=Rct20_NRE20-35","1-2",1.5,"LH","Rct20_NRE20-35",0.182321556793955,0.182321556793955,0.182321556793955,0.182321556793955,0.182321556793955,0.300104592450338,0.197195445732821,0.197195445732821,-0.301601082815038,FALSE,0.640499536389092,1.00105603813704,-0.278242802907559,FALSE,0.390781867475331,1.00102300627419,-0.178311649997351,TRUE,0.586323901286197,1.00132920235279,-0.334812336961473,FALSE,0.65369235392684,1.00099567999531
669,"rand=1-2_rate=1.5_ROB=LH_Bias=Rct20_NRE20-35","1-2",1.5,"LH","Rct20_NRE20-35",0.182321556793955,0.182321556793955,0.182321556793955,0.182321556793955,0.182321556793955,0.300104592450338,0.195766963100801,0.195766963100801,-0.155844741814408,TRUE,0.569988728668473,1.00113300887917,-0.215586967658528,FALSE,0.388428364469764,1.00098989712967,-0.154001086580798,TRUE,0.558050208911641,1.00150567050288,-0.257210645847416,TRUE,0.67835527408985,1.0009860286609
670,"rand=1-2_rate=1.5_ROB=LH_Bias=Rct20_NRE20-35","1-2",1.5,"LH","Rct20_NRE20-35",0.182321556793955,0.182321556793955,0.182321556793955,0.182321556793955,0.182321556793955,0.300104592450338,0.223162559333682,0.223162559333682,-0.211151646284063,TRUE,0.70744867897869,1.00104510886175,-0.288780582052484,FALSE,0.507742901326592,1.00100550199573,-0.209436055145937,TRUE,0.779087487398368,1.00101078149727,-0.352934526032876,TRUE,0.849919605053231,1.00103175652866
671,"rand=1-2_rate=1.5_ROB=LH_Bias=Rct20_NRE20-35","1-2",1.5,"LH","Rct20_NRE20-35",0.182321556793955,0.182321556793955,0.182321556793955,0.182321556793955,0.182321556793955,0.300104592450338,0.195216047484571,0.195216047484571,-0.346563306684047,FALSE,0.785428872521708,1.00106425462124,-0.444255748145262,FALSE,0.548600779845376,1.00104134989162,-0.144116465855681,TRUE,0.591465939185079,1.00114597627115,-0.726468938692832,FALSE,0.887863156977984,1.00098608521854
672,"rand=1-2_rate=1.5_ROB=LH_Bias=Rct20_NRE20-35","1-2",1.5,"LH","Rct20_NRE20-35",0.182321556793955,0.182321556793955,0.182321556793955,0.182321556793955,0.182321556793955,0.300104592450338,0.206457043608231,0.206457043608231,-0.318395526352072,TRUE,0.783405439446447,1.00099174176737,-0.310342434338441,FALSE,0.509494080178831,1.00131467846034,-0.233009523572081,TRUE,0.876765642608837,1.00099497288791,-0.368000890986711,FALSE,0.754150481480591,1.00100244518311
673,"rand=1-2_rate=1.5_ROB=LH_Bias=Rct20_NRE20-35","1-2",1.5,"LH","Rct20_NRE20-35",0.182321556793955,0.182321556793955,0.182321556793955,0.182321556793955,0.182321556793955,0.300104592450338,0.215713584012445,0.215713584012445,-0.247200296745208,FALSE,0.530086935795832,1.00099469490151,-0.421660757352762,FALSE,0.446161816065858,1.00098663656756,-0.260048207054201,FALSE,0.578113928101895,1.00124389572392,-0.52519892678092,FALSE,0.847567389204831,1.00101681291222
674,"rand=1-2_rate=1.5_ROB=LH_Bias=Rct20_NRE20-35","1-2",1.5,"LH","Rct20_NRE20-35",0.182321556793955,0.182321556793955,0.182321556793955,0.182321556793955,0.182321556793955,0.300104592450338,0.217498456164056,0.217498456164056,-0.296580507093879,FALSE,0.690435421143141,1.00147203767559,-0.231216193712405,FALSE,0.372145553994204,1.00098890462382,-0.17038198406467,TRUE,0.540837624796787,1.00276205204972,-0.26304455693251,TRUE,0.713262990244424,1.00106656609855
675,"rand=1-2_rate=1.5_ROB=LH_Bias=Rct20_NRE20-35","1-2",1.5,"LH","Rct20_NRE20-35",0.182321556793955,0.182321556793955,0.182321556793955,0.182321556793955,0.182321556793955,0.300104592450338,0.198333621607175,0.198333621607175,-0.0657734095221885,TRUE,0.581018584766281,1.00098599036163,-0.22870880453256,FALSE,0.422448226907955,1.00100400197302,-0.207487788977834,TRUE,0.629094879831945,1.0009927507474,-0.236418668639256,TRUE,0.746789448492111,1.00098886364218
676,"rand=1-2_rate=1.5_ROB=LH_Bias=Rct20_NRE20-35","1-2",1.5,"LH","Rct20_NRE20-35",0.182321556793955,0.182321556793955,0.182321556793955,0.182321556793955,0.182321556793955,0.300104592450338,0.205334292498532,0.205334292498532,-0.16519453292469,TRUE,0.585872617010772,1.0010296031263,-0.312857874105031,FALSE,0.444854578824378,1.00099988444879,-0.251773763549848,FALSE,0.579210726514742,1.00142872320513,-0.357828232855779,TRUE,0.884293019304572,1.00099242762539
677,"rand=1-2_rate=1.5_ROB=LH_Bias=Rct20_NRE20-35","1-2",1.5,"LH","Rct20_NRE20-35",0.182321556793955,0.182321556793955,0.182321556793955,0.182321556793955,0.182321556793955,0.300104592450338,0.223415985482294,0.223415985482294,-0.0628109682887654,TRUE,0.566940603674189,1.00136296659195,-0.259006453979182,FALSE,0.497480073319119,1.00099515232449,-0.0232433881604934,TRUE,0.473702725673651,1.00112764030442,-0.506045508637771,FALSE,1.08039792345362,1.00099336937175
678,"rand=1-2_rate=1.5_ROB=LH_Bias=Rct20_NRE20-35","1-2",1.5,"LH","Rct20_NRE20-35",0.182321556793955,0.182321556793955,0.182321556793955,0.182321556793955,0.182321556793955,0.300104592450338,0.205181774660732,0.205181774660732,-0.493348843474717,FALSE,0.706141616695666,1.00126652318717,-0.418316323105861,FALSE,0.396411091085948,1.00100425110488,-0.417631238643803,FALSE,0.659804103592923,1.00137115181504,-0.408656990846642,FALSE,0.709570708471152,1.00098789342007
679,"rand=1-2_rate=1.5_ROB=LH_Bias=Rct20_NRE20-35","1-2",1.5,"LH","Rct20_NRE20-35",0.182321556793955,0.182321556793955,0.182321556793955,0.182321556793955,0.182321556793955,0.300104592450338,0.210091736569384,0.210091736569384,-0.246508177294751,TRUE,0.720602820964302,1.00098623581939,-0.222243566873892,TRUE,0.487498366815726,1.00100204452033,-0.134401766493888,TRUE,0.546999379446236,1.00112415742518,-0.308274813692702,TRUE,1.05401273276849,1.00102402670036
680,"rand=1-2_rate=1.5_ROB=LH_Bias=Rct20_NRE20-35","1-2",1.5,"LH","Rct20_NRE20-35",0.182321556793955,0.182321556793955,0.182321556793955,0.182321556793955,0.182321556793955,0.300104592450338,0.202165593145178,0.202165593145178,-0.356716651592969,FALSE,0.737386173224496,1.00185420530322,-0.417495502011371,FALSE,0.565015707985482,1.00113536345915,-0.339661197930477,FALSE,0.609762506852624,1.00111977328925,-0.483912314577165,TRUE,1.29723204266424,1.00100576123659
681,"rand=1-2_rate=1.5_ROB=LH_Bias=Rct20_NRE20-35","1-2",1.5,"LH","Rct20_NRE20-35",0.182321556793955,0.182321556793955,0.182321556793955,0.182321556793955,0.182321556793955,0.300104592450338,0.214212056055394,0.214212056055394,-0.259647080749712,FALSE,0.551183686703877,1.00098930685746,-0.357853651412317,FALSE,0.384288839583174,1.00102982243589,-0.237974902003442,TRUE,0.5637230183659,1.00105487222164,-0.422918838113132,FALSE,0.675297572687927,1.00103302856916
682,"rand=1-2_rate=1.5_ROB=LH_Bias=Rct20_NRE20-35","1-2",1.5,"LH","Rct20_NRE20-35",0.182321556793955,0.182321556793955,0.182321556793955,0.182321556793955,0.182321556793955,0.300104592450338,0.202370425039109,0.202370425039109,-0.0997461920080063,TRUE,0.498793036774294,1.00110897351031,-0.214774750413568,FALSE,0.404294130864496,1.00099071983881,-0.0690261671667958,TRUE,0.541321497627873,1.00098765141722,-0.313654184960138,FALSE,0.695644653047,1.00098984976065
683,"rand=1-2_rate=1.5_ROB=LH_Bias=Rct20_NRE20-35","1-2",1.5,"LH","Rct20_NRE20-35",0.182321556793955,0.182321556793955,0.182321556793955,0.182321556793955,0.182321556793955,0.300104592450338,0.21482733886095,0.21482733886095,-0.0633095770251122,TRUE,0.647411667416491,1.00099310306359,-0.241874209139115,FALSE,0.540448134930376,1.00100913058108,-0.180459506126833,TRUE,0.694805932186901,1.00099585641913,-0.301842536133088,TRUE,1.10146116067103,1.00099687382644
684,"rand=1-2_rate=1.5_ROB=LH_Bias=Rct20_NRE20-35","1-2",1.5,"LH","Rct20_NRE20-35",0.182321556793955,0.182321556793955,0.182321556793955,0.182321556793955,0.182321556793955,0.300104592450338,0.214507583032869,0.214507583032869,-0.0540517646375072,TRUE,0.632399664198083,1.00098626595755,-0.0955332286917057,TRUE,0.444469618697335,1.0010042014206,-0.124628053674187,TRUE,0.732572065454797,1.00121787650528,-0.0772689984528141,TRUE,0.726011616085211,1.00099581964381
685,"rand=1-2_rate=1.5_ROB=LH_Bias=Rct20_NRE20-35","1-2",1.5,"LH","Rct20_NRE20-35",0.182321556793955,0.182321556793955,0.182321556793955,0.182321556793955,0.182321556793955,0.300104592450338,0.200081204709436,0.200081204709436,-0.171967345623824,TRUE,0.659630717438197,1.00101898889152,-0.135481510541702,TRUE,0.42341961514657,1.00100403587566,0.0145837170200402,TRUE,0.670967301848221,1.00106000641831,-0.249091484313227,TRUE,0.565853120048078,1.00105010868664
686,"rand=1-2_rate=1.5_ROB=LH_Bias=Rct20_NRE20-35","1-2",1.5,"LH","Rct20_NRE20-35",0.182321556793955,0.182321556793955,0.182321556793955,0.182321556793955,0.182321556793955,0.300104592450338,0.199539451020656,0.199539451020656,-0.287087933423358,TRUE,0.651733522620361,1.00107354995515,-0.343382092469,FALSE,0.429662817863862,1.00105666140673,-0.19897457184819,TRUE,0.555075185079165,1.0014422206121,-0.443506405614746,FALSE,0.764289682510103,1.00102140428297
687,"rand=1-2_rate=1.5_ROB=LH_Bias=Rct20_NRE20-35","1-2",1.5,"LH","Rct20_NRE20-35",0.182321556793955,0.182321556793955,0.182321556793955,0.182321556793955,0.182321556793955,0.300104592450338,0.199502358511994,0.199502358511994,-0.208772510678143,TRUE,0.61545479053806,1.00098872172069,-0.263190040760643,FALSE,0.41279660657488,1.00100618632275,-0.104893485486146,TRUE,0.465366127393963,1.00098696135296,-0.38444851922968,FALSE,0.825293337230753,1.00102654957233
688,"rand=1-2_rate=1.5_ROB=LH_Bias=Rct20_NRE20-35","1-2",1.5,"LH","Rct20_NRE20-35",0.182321556793955,0.182321556793955,0.182321556793955,0.182321556793955,0.182321556793955,0.300104592450338,0.217695611951596,0.217695611951596,-0.331875719878968,TRUE,0.764979975162509,1.00099760093619,-0.371673300977117,FALSE,0.513853811295911,1.0009931952098,-0.308511564637444,TRUE,0.878332263406547,1.00098725355272,-0.424736335238562,FALSE,0.749774994069325,1.00110391606636
689,"rand=1-2_rate=1.5_ROB=LH_Bias=Rct20_NRE20-35","1-2",1.5,"LH","Rct20_NRE20-35",0.182321556793955,0.182321556793955,0.182321556793955,0.182321556793955,0.182321556793955,0.300104592450338,0.195496405295176,0.195496405295176,-0.202533460994953,TRUE,0.643545086870762,1.00157892240803,-0.267661377223614,FALSE,0.466410306223545,1.00098796115086,-0.225043221220028,TRUE,0.581687923867961,1.00098973310893,-0.318619149723038,TRUE,0.979322276488941,1.00099270894891
690,"rand=1-2_rate=1.5_ROB=LH_Bias=Rct20_NRE20-35","1-2",1.5,"LH","Rct20_NRE20-35",0.182321556793955,0.182321556793955,0.182321556793955,0.182321556793955,0.182321556793955,0.300104592450338,0.214547670162588,0.214547670162588,-0.0524859064327465,TRUE,0.554378594931662,1.00103741284078,-0.126750192628147,TRUE,0.406783070903473,1.00098905906918,0.0248477098417369,TRUE,0.481270576528918,1.0010774933486,-0.253883681912517,TRUE,0.772317582315826,1.00100815416273
691,"rand=1-2_rate=1.5_ROB=LH_Bias=Rct20_NRE20-35","1-2",1.5,"LH","Rct20_NRE20-35",0.182321556793955,0.182321556793955,0.182321556793955,0.182321556793955,0.182321556793955,0.300104592450338,0.196945093592889,0.196945093592889,-0.245857527794409,TRUE,0.630515418491027,1.00102029758625,-0.256934855048044,FALSE,0.385269651825872,1.00100102900239,-0.2254131302956,TRUE,0.722436879113105,1.0009879951623,-0.279699980071705,FALSE,0.538010653807136,1.00098650392495
692,"rand=1-2_rate=1.5_ROB=LH_Bias=Rct20_NRE20-35","1-2",1.5,"LH","Rct20_NRE20-35",0.182321556793955,0.182321556793955,0.182321556793955,0.182321556793955,0.182321556793955,0.300104592450338,0.217206582993238,0.217206582993238,-0.349958304789002,FALSE,0.661848335915922,1.00106638190941,-0.339186559049426,FALSE,0.39970905656385,1.00105907563103,-0.266022297090425,TRUE,0.677409090756362,1.00098870935352,-0.378291055551703,FALSE,0.605805813695504,1.00103696620472
693,"rand=1-2_rate=1.5_ROB=LH_Bias=Rct20_NRE20-35","1-2",1.5,"LH","Rct20_NRE20-35",0.182321556793955,0.182321556793955,0.182321556793955,0.182321556793955,0.182321556793955,0.300104592450338,0.205499612780419,0.205499612780419,-0.145518556043789,TRUE,0.453305676756807,1.00098793478454,-0.269335009063187,FALSE,0.350669954957298,1.00100286478909,-0.0812064271501984,TRUE,0.53366182090197,1.00107880029251,-0.354477819193501,FALSE,0.527388659830036,1.00098605701191
694,"rand=1-2_rate=1.5_ROB=LH_Bias=Rct20_NRE20-35","1-2",1.5,"LH","Rct20_NRE20-35",0.182321556793955,0.182321556793955,0.182321556793955,0.182321556793955,0.182321556793955,0.300104592450338,0.211825079587125,0.211825079587125,-0.373038035746077,FALSE,0.738665681637733,1.0010881079903,-0.347676134308827,FALSE,0.488635781859527,1.00099780921472,-0.349122245479444,FALSE,0.623195233296263,1.00131005912169,-0.344783959713826,TRUE,0.990345236233078,1.00101417678217
695,"rand=1-2_rate=1.5_ROB=LH_Bias=Rct20_NRE20-35","1-2",1.5,"LH","Rct20_NRE20-35",0.182321556793955,0.182321556793955,0.182321556793955,0.182321556793955,0.182321556793955,0.300104592450338,0.193030393159794,0.193030393159794,-0.194061884269332,TRUE,0.718538710555565,1.00105686308534,-0.202989594445131,TRUE,0.511430136784558,1.0009938258566,-0.361904133164098,FALSE,0.612665447457264,1.00110754131724,-0.0791937928182682,TRUE,1.02848255281695,1.00098886327976
696,"rand=1-2_rate=1.5_ROB=LH_Bias=Rct20_NRE20-35","1-2",1.5,"LH","Rct20_NRE20-35",0.182321556793955,0.182321556793955,0.182321556793955,0.182321556793955,0.182321556793955,0.300104592450338,0.191790014773709,0.191790014773709,-0.163991225866284,TRUE,0.701478301043377,1.00099649483131,-0.132807309766866,TRUE,0.447140624602249,1.00098893325262,-0.029089563065221,TRUE,0.600965854539649,1.00105800457322,-0.225805458263118,TRUE,0.819864882198347,1.00104971588175
697,"rand=1-2_rate=1.5_ROB=LH_Bias=Rct20_NRE20-35","1-2",1.5,"LH","Rct20_NRE20-35",0.182321556793955,0.182321556793955,0.182321556793955,0.182321556793955,0.182321556793955,0.300104592450338,0.204240779692361,0.204240779692361,-0.257183350929211,TRUE,0.663222691015535,1.00099040451923,-0.375094806146801,FALSE,0.446559355237127,1.00099179792264,-0.151842871965124,TRUE,0.612503900369927,1.00101391049341,-0.516814024187066,FALSE,0.664762860273218,1.00098909723783
698,"rand=1-2_rate=1.5_ROB=LH_Bias=Rct20_NRE20-35","1-2",1.5,"LH","Rct20_NRE20-35",0.182321556793955,0.182321556793955,0.182321556793955,0.182321556793955,0.182321556793955,0.300104592450338,0.200109010370116,0.200109010370116,-0.258672372955386,TRUE,0.731393833655825,1.0010293524748,-0.309530323119194,FALSE,0.504998483125264,1.00099963855523,-0.195458235434573,TRUE,0.688490471437675,1.00099111537869,-0.409760628933427,FALSE,0.944088553327841,1.00099433394387
699,"rand=1-2_rate=1.5_ROB=LH_Bias=Rct20_NRE20-35","1-2",1.5,"LH","Rct20_NRE20-35",0.182321556793955,0.182321556793955,0.182321556793955,0.182321556793955,0.182321556793955,0.300104592450338,0.210728768614937,0.210728768614937,-0.182433629304836,TRUE,0.709443813282473,1.00118840979334,-0.210829253612949,TRUE,0.503766885889823,1.00100090409522,-0.0556915809690552,TRUE,0.545387696182719,1.00137346639594,-0.372783942544215,TRUE,1.05405057851766,1.0010097722115
700,"rand=1-2_rate=1.5_ROB=LH_Bias=Rct20_NRE20-35","1-2",1.5,"LH","Rct20_NRE20-35",0.182321556793955,0.182321556793955,0.182321556793955,0.182321556793955,0.182321556793955,0.300104592450338,0.204286306785965,0.204286306785965,-0.412441801873534,FALSE,0.756333487221462,1.0010302100084,-0.416011858777278,FALSE,0.499527135799854,1.00103130615684,-0.587144486844555,FALSE,0.766439376273141,1.00103816173399,-0.293287814062184,TRUE,0.780026059007713,1.00098608529415
701,"rand=1-2_rate=1.5_ROB=LH_Bias=Rct20_NRE20-35","1-2",1.5,"LH","Rct20_NRE20-35",0.182321556793955,0.182321556793955,0.182321556793955,0.182321556793955,0.182321556793955,0.300104592450338,0.198273469144955,0.198273469144955,-0.4628857997283,FALSE,0.718775215914132,1.00103547651776,-0.457108602006222,FALSE,0.434179182192446,1.00100585685243,-0.359556562916797,FALSE,0.622832727483899,1.00150483119383,-0.51073831059062,FALSE,0.790126141506441,1.00098624937748
702,"rand=1-2_rate=1.5_ROB=LH_Bias=Rct20_NRE20-35","1-2",1.5,"LH","Rct20_NRE20-35",0.182321556793955,0.182321556793955,0.182321556793955,0.182321556793955,0.182321556793955,0.300104592450338,0.194416066429066,0.194416066429066,-0.271685479927525,FALSE,0.586555621515853,1.00110537593756,-0.256938301661035,FALSE,0.327671373742552,1.00099899584131,-0.268571500088241,TRUE,0.612287269541587,1.00103510221691,-0.252360949133981,FALSE,0.47955561856042,1.00098833823143
703,"rand=1-2_rate=1.5_ROB=LH_Bias=Rct20_NRE20-35","1-2",1.5,"LH","Rct20_NRE20-35",0.182321556793955,0.182321556793955,0.182321556793955,0.182321556793955,0.182321556793955,0.300104592450338,0.201773401128045,0.201773401128045,-0.325960839873184,FALSE,0.704427526222754,1.00098917029405,-0.325747409587473,FALSE,0.444993299494427,1.0009945381006,-0.29668039252552,FALSE,0.634792528311084,1.00105722910177,-0.34815489747801,FALSE,0.818009898373592,1.00101967063658
704,"rand=1-2_rate=1.5_ROB=LH_Bias=Rct20_NRE20-35","1-2",1.5,"LH","Rct20_NRE20-35",0.182321556793955,0.182321556793955,0.182321556793955,0.182321556793955,0.182321556793955,0.300104592450338,0.195562525843175,0.195562525843175,-0.24595655563864,TRUE,0.588034758606578,1.00113033740251,-0.212749654836936,FALSE,0.341498392712863,1.00101011944047,-0.179663674707745,TRUE,0.537358327590301,1.0009865026629,-0.229671156420357,TRUE,0.59308656237715,1.00101138993734
705,"rand=1-2_rate=1.5_ROB=LH_Bias=Rct20_NRE20-35","1-2",1.5,"LH","Rct20_NRE20-35",0.182321556793955,0.182321556793955,0.182321556793955,0.182321556793955,0.182321556793955,0.300104592450338,0.196629824508404,0.196629824508404,-0.295068211251674,FALSE,0.681752552708375,1.00104312616293,-0.250829219351271,FALSE,0.393690752322009,1.00099879089574,-0.29148868668697,TRUE,0.699980411282972,1.00102482752195,-0.229225781069244,TRUE,0.598272685104169,1.00099605520691
706,"rand=1-2_rate=1.5_ROB=LH_Bias=Rct20_NRE20-35","1-2",1.5,"LH","Rct20_NRE20-35",0.182321556793955,0.182321556793955,0.182321556793955,0.182321556793955,0.182321556793955,0.300104592450338,0.187298020386961,0.187298020386961,-0.381804972488876,FALSE,0.750091493506674,1.00098963209666,-0.332435348636845,FALSE,0.483764308921409,1.00100664457401,-0.358630474430213,TRUE,0.854600696548685,1.0010625634811,-0.315795005891821,FALSE,0.702167941381682,1.00099439139237
707,"rand=1-2_rate=1.5_ROB=LH_Bias=Rct20_NRE20-35","1-2",1.5,"LH","Rct20_NRE20-35",0.182321556793955,0.182321556793955,0.182321556793955,0.182321556793955,0.182321556793955,0.300104592450338,0.197743281024669,0.197743281024669,-0.145036901124297,TRUE,0.627268485944255,1.0009956398856,-0.185446090870007,TRUE,0.429721483446124,1.0010136014277,-0.204333395654773,TRUE,0.633822596648265,1.00101265089765,-0.169116384463411,TRUE,0.763035822921897,1.00105833559746
708,"rand=1-2_rate=1.5_ROB=LH_Bias=Rct20_NRE20-35","1-2",1.5,"LH","Rct20_NRE20-35",0.182321556793955,0.182321556793955,0.182321556793955,0.182321556793955,0.182321556793955,0.300104592450338,0.198677768588646,0.198677768588646,-0.205921868603705,TRUE,0.635020979520337,1.0010044304879,-0.251399622666004,FALSE,0.434226964793919,1.00098781157384,-0.137594488102411,TRUE,0.519939059560076,1.0010351149175,-0.35166629178927,TRUE,0.907156936985045,1.00100424913993
709,"rand=1-2_rate=1.5_ROB=LH_Bias=Rct20_NRE20-35","1-2",1.5,"LH","Rct20_NRE20-35",0.182321556793955,0.182321556793955,0.182321556793955,0.182321556793955,0.182321556793955,0.300104592450338,0.20729446259354,0.20729446259354,-0.225972085109627,FALSE,0.484565143822671,1.00113808704925,-0.247871014826118,FALSE,0.216748756123313,1.00274713683402,-0.223243522212452,TRUE,0.772083999382678,1.00098648305908,-0.250100132938307,FALSE,0.229735709967724,1.00104447607814
710,"rand=1-2_rate=1.5_ROB=LH_Bias=Rct20_NRE20-35","1-2",1.5,"LH","Rct20_NRE20-35",0.182321556793955,0.182321556793955,0.182321556793955,0.182321556793955,0.182321556793955,0.300104592450338,0.194490580962568,0.194490580962568,-0.058088471571148,TRUE,0.63369726162389,1.00099696662948,-0.210200831018956,TRUE,0.512645331295116,1.00103670923416,-0.303211929798627,TRUE,0.744837338209425,1.0012089054441,-0.116179913164825,TRUE,0.894707137453679,1.00105649683
711,"rand=1-2_rate=1.5_ROB=LH_Bias=Rct20_NRE20-35","1-2",1.5,"LH","Rct20_NRE20-35",0.182321556793955,0.182321556793955,0.182321556793955,0.182321556793955,0.182321556793955,0.300104592450338,0.229873575897213,0.229873575897213,-0.302459886579974,FALSE,0.631001061902515,1.00101329289342,-0.336912353342547,FALSE,0.376482303008546,1.0010464743492,-0.343605478232747,FALSE,0.663034114965836,1.00098927665771,-0.334709609458361,FALSE,0.570803229929672,1.00099056445828
712,"rand=1-2_rate=1.5_ROB=LH_Bias=Rct20_NRE20-35","1-2",1.5,"LH","Rct20_NRE20-35",0.182321556793955,0.182321556793955,0.182321556793955,0.182321556793955,0.182321556793955,0.300104592450338,0.186751582475691,0.186751582475691,-0.161289145786365,TRUE,0.530286989126198,1.00123872026952,-0.0717505471745163,TRUE,0.341809213761616,1.00098943716222,-0.230960956582974,TRUE,0.647337412938256,1.00100693461429,0.0112394082459734,TRUE,0.440440554923092,1.00099205653989
713,"rand=1-2_rate=1.5_ROB=LH_Bias=Rct20_NRE20-35","1-2",1.5,"LH","Rct20_NRE20-35",0.182321556793955,0.182321556793955,0.182321556793955,0.182321556793955,0.182321556793955,0.300104592450338,0.199112652467048,0.199112652467048,-0.230112911796782,TRUE,0.611854977796414,1.00101256292397,-0.213247894920128,FALSE,0.395866078225089,1.00102160083415,-0.244357050445502,FALSE,0.551704394398072,1.00106592903968,-0.186176411526994,TRUE,0.75438326446478,1.00098932000484
714,"rand=1-2_rate=1.5_ROB=LH_Bias=Rct20_NRE20-35","1-2",1.5,"LH","Rct20_NRE20-35",0.182321556793955,0.182321556793955,0.182321556793955,0.182321556793955,0.182321556793955,0.300104592450338,0.219050718933514,0.219050718933514,-0.31805265352016,FALSE,0.646778599562344,1.00098704745816,-0.257778378794291,FALSE,0.369643150494149,1.00099832821987,-0.225333024761535,TRUE,0.708891718419291,1.00098602988073,-0.27207766310968,FALSE,0.519052378419153,1.00106897656481
715,"rand=1-2_rate=1.5_ROB=LH_Bias=Rct20_NRE20-35","1-2",1.5,"LH","Rct20_NRE20-35",0.182321556793955,0.182321556793955,0.182321556793955,0.182321556793955,0.182321556793955,0.300104592450338,0.197246901875882,0.197246901875882,-0.0553404655968657,TRUE,0.567319762801679,1.00108925985195,-0.125507540559697,TRUE,0.412808795490445,1.0009967735793,-0.0704216173839614,TRUE,0.49147022978398,1.0010020747764,-0.168348574854111,TRUE,0.897929546222609,1.00098753124524
716,"rand=1-2_rate=1.5_ROB=LH_Bias=Rct20_NRE20-35","1-2",1.5,"LH","Rct20_NRE20-35",0.182321556793955,0.182321556793955,0.182321556793955,0.182321556793955,0.182321556793955,0.300104592450338,0.194502990517678,0.194502990517678,-0.132149231181559,TRUE,0.579204167817421,1.00125681181583,-0.123085821346521,TRUE,0.321658659489998,1.00098974398454,-0.272455038853348,FALSE,0.606032451301745,1.00103335356798,-0.0610977887233142,TRUE,0.430430235629276,1.00098714202954
717,"rand=1-2_rate=1.5_ROB=LH_Bias=Rct20_NRE20-35","1-2",1.5,"LH","Rct20_NRE20-35",0.182321556793955,0.182321556793955,0.182321556793955,0.182321556793955,0.182321556793955,0.300104592450338,0.213941766645869,0.213941766645869,-0.0424318618396613,TRUE,0.561637512076156,1.0010026752638,-0.161404995188046,TRUE,0.427596467880051,1.00100464221697,-0.0819303324457892,TRUE,0.551460773491861,1.00175073565747,-0.21515690771223,TRUE,0.827124523645373,1.00099646607078
718,"rand=1-2_rate=1.5_ROB=LH_Bias=Rct20_NRE20-35","1-2",1.5,"LH","Rct20_NRE20-35",0.182321556793955,0.182321556793955,0.182321556793955,0.182321556793955,0.182321556793955,0.300104592450338,0.21381480970953,0.21381480970953,-0.181762111876271,TRUE,0.518427313300199,1.00098833635885,-0.290077435180398,FALSE,0.378383248697695,1.00102808884479,-0.0801675859066302,TRUE,0.555558541998083,1.00119928887475,-0.39754365404344,FALSE,0.522708445810035,1.00099953106007
719,"rand=1-2_rate=1.5_ROB=LH_Bias=Rct20_NRE20-35","1-2",1.5,"LH","Rct20_NRE20-35",0.182321556793955,0.182321556793955,0.182321556793955,0.182321556793955,0.182321556793955,0.300104592450338,0.199640826813141,0.199640826813141,-0.209043980014179,TRUE,0.614369378340217,1.00100453280953,-0.314979994757863,FALSE,0.436894140628583,1.00106740702137,-0.194453455462391,TRUE,0.582913232812184,1.00105421683266,-0.390995762388837,FALSE,0.792067182799217,1.0009860712817
720,"rand=1-2_rate=1.5_ROB=LH_Bias=Rct20_NRE20-35","1-2",1.5,"LH","Rct20_NRE20-35",0.182321556793955,0.182321556793955,0.182321556793955,0.182321556793955,0.182321556793955,0.300104592450338,0.209227866756316,0.209227866756316,-0.304019726681896,FALSE,0.697840222198667,1.00169053412521,-0.307461102988686,FALSE,0.438566094412373,1.00098693768666,-0.428169730711576,FALSE,0.689329772737577,1.00174228086417,-0.241660121120177,TRUE,0.732863821575159,1.00098820330098
721,"rand=1-2_rate=1.5_ROB=LH_Bias=Rct20_NRE20-35","1-2",1.5,"LH","Rct20_NRE20-35",0.182321556793955,0.182321556793955,0.182321556793955,0.182321556793955,0.182321556793955,0.300104592450338,0.201707682617157,0.201707682617157,-0.255774025060175,TRUE,0.696962610335262,1.00098703580494,-0.256312961740679,FALSE,0.468315396185658,1.00106662895176,-0.2526710189198,TRUE,0.594699391646529,1.00241651364869,-0.253434623891822,TRUE,0.963341958872004,1.00099913898127
722,"rand=1-2_rate=1.5_ROB=LH_Bias=Rct20_NRE20-35","1-2",1.5,"LH","Rct20_NRE20-35",0.182321556793955,0.182321556793955,0.182321556793955,0.182321556793955,0.182321556793955,0.300104592450338,0.208738605312882,0.208738605312882,-0.338314526173249,FALSE,0.61751083659121,1.0010092079138,-0.292382396665177,FALSE,0.342896248814843,1.00100453599726,-0.0962601964247436,TRUE,0.561248348103411,1.00115989358646,-0.373812711926073,FALSE,0.442416452066426,1.00098683880605
723,"rand=1-2_rate=1.5_ROB=LH_Bias=Rct20_NRE20-35","1-2",1.5,"LH","Rct20_NRE20-35",0.182321556793955,0.182321556793955,0.182321556793955,0.182321556793955,0.182321556793955,0.300104592450338,0.198911485142067,0.198911485142067,-0.455156691897082,FALSE,0.796425162867963,1.00101335104772,-0.417745560352007,FALSE,0.489739503100706,1.00099824881453,-0.281306956045193,TRUE,0.639370595998638,1.00107228963685,-0.521064604224357,FALSE,0.896827755575486,1.00098866229428
724,"rand=1-2_rate=1.5_ROB=LH_Bias=Rct20_NRE20-35","1-2",1.5,"LH","Rct20_NRE20-35",0.182321556793955,0.182321556793955,0.182321556793955,0.182321556793955,0.182321556793955,0.300104592450338,0.211161938762597,0.211161938762597,-0.447539672206887,FALSE,0.859202485541319,1.00101638964391,-0.387399382642607,FALSE,0.551571219724652,1.0009927393919,-0.525447725504789,FALSE,0.947523563165654,1.00100169442103,-0.280628341413915,TRUE,0.785493195526723,1.00099600300917
725,"rand=1-2_rate=1.5_ROB=LH_Bias=Rct20_NRE20-35","1-2",1.5,"LH","Rct20_NRE20-35",0.182321556793955,0.182321556793955,0.182321556793955,0.182321556793955,0.182321556793955,0.300104592450338,0.198415284029866,0.198415284029866,-0.14163132759613,TRUE,0.589829922160308,1.00098724187069,-0.21080910896289,FALSE,0.396904522212455,1.0009874233524,-0.0486644660889097,TRUE,0.525921146099408,1.00116050635427,-0.326626210399674,FALSE,0.67084665398976,1.00099041986883
726,"rand=1-2_rate=1.5_ROB=LH_Bias=Rct20_NRE20-35","1-2",1.5,"LH","Rct20_NRE20-35",0.182321556793955,0.182321556793955,0.182321556793955,0.182321556793955,0.182321556793955,0.300104592450338,0.182735327909676,0.182735327909676,-0.146004062981314,TRUE,0.636090252387787,1.00125952149816,-0.200989872911146,FALSE,0.418746472680359,1.00114292693493,-0.443554821134357,FALSE,0.691334747158492,1.00219547807911,-0.0656307218472378,TRUE,0.558480874557952,1.00098602082006
727,"rand=1-2_rate=1.5_ROB=LH_Bias=Rct20_NRE20-35","1-2",1.5,"LH","Rct20_NRE20-35",0.182321556793955,0.182321556793955,0.182321556793955,0.182321556793955,0.182321556793955,0.300104592450338,0.220402961271979,0.220402961271979,-0.15990835486109,TRUE,0.91632863070545,1.0011343741223,-0.301975857228845,FALSE,0.602019491678838,1.0009864107145,-0.458533925944043,FALSE,0.948573080864677,1.00098768591406,-0.160379816040616,TRUE,0.936156547441276,1.00098751861074
728,"rand=1-2_rate=1.5_ROB=LH_Bias=Rct20_NRE20-35","1-2",1.5,"LH","Rct20_NRE20-35",0.182321556793955,0.182321556793955,0.182321556793955,0.182321556793955,0.182321556793955,0.300104592450338,0.203757632290717,0.203757632290717,-0.248915877600483,TRUE,0.720910734869389,1.00099763954583,-0.334275646880888,FALSE,0.495941195845511,1.00099806909953,-0.258909266084851,TRUE,0.755331243879471,1.00108874209434,-0.396700624426559,FALSE,0.835724810886483,1.00099203712082
729,"rand=1-2_rate=1.5_ROB=LH_Bias=Rct20_NRE20-35","1-2",1.5,"LH","Rct20_NRE20-35",0.182321556793955,0.182321556793955,0.182321556793955,0.182321556793955,0.182321556793955,0.300104592450338,0.192876895290709,0.192876895290709,-0.0421391710019647,TRUE,0.518235356281494,1.00099151547288,-0.255179713790338,FALSE,0.488158658142005,1.00107078367534,-0.261711526068971,TRUE,0.68421829441732,1.00100690546621,-0.247507081199472,TRUE,0.898821615959892,1.00098672726829
730,"rand=1-2_rate=1.5_ROB=LH_Bias=Rct20_NRE20-35","1-2",1.5,"LH","Rct20_NRE20-35",0.182321556793955,0.182321556793955,0.182321556793955,0.182321556793955,0.182321556793955,0.300104592450338,0.186206566472421,0.186206566472421,-0.367122031317829,FALSE,0.637854416056967,1.00135359861454,-0.261778181537239,FALSE,0.411482046453604,1.00102595115223,-0.289139631744394,FALSE,0.611719073381178,1.00107494584557,-0.235744743646905,TRUE,0.730595024668598,1.00100021841886
731,"rand=1-2_rate=1.5_ROB=LH_Bias=Rct20_NRE20-35","1-2",1.5,"LH","Rct20_NRE20-35",0.182321556793955,0.182321556793955,0.182321556793955,0.182321556793955,0.182321556793955,0.300104592450338,0.180740961822544,0.180740961822544,-0.267805041990306,TRUE,0.781168979543448,1.00111635836974,-0.141098276253027,TRUE,0.458472814474129,1.00098711739406,-0.255805706330057,TRUE,0.614138429279852,1.000986963797,-0.0515019043412026,TRUE,0.830714822850873,1.00098655424897
732,"rand=1-2_rate=1.5_ROB=LH_Bias=Rct20_NRE20-35","1-2",1.5,"LH","Rct20_NRE20-35",0.182321556793955,0.182321556793955,0.182321556793955,0.182321556793955,0.182321556793955,0.300104592450338,0.209453550064749,0.209453550064749,-0.258737415542515,FALSE,0.534056698652297,1.0010127448333,-0.323848587557785,FALSE,0.301413928973918,1.00100080980344,-0.00667490658291969,TRUE,0.490103698585155,1.00106858049032,-0.409525737889641,FALSE,0.30431334643978,1.00103267733592
733,"rand=1-2_rate=1.5_ROB=LH_Bias=Rct20_NRE20-35","1-2",1.5,"LH","Rct20_NRE20-35",0.182321556793955,0.182321556793955,0.182321556793955,0.182321556793955,0.182321556793955,0.300104592450338,0.195947702800023,0.195947702800023,-0.495710168659517,FALSE,0.747317676125487,1.00098695413266,-0.33837276312708,FALSE,0.452695614963192,1.001093316551,-0.593856062265485,FALSE,0.752751983697149,1.00130894002257,-0.209286063274431,TRUE,0.663423163466428,1.0009930247746
734,"rand=1-2_rate=1.5_ROB=LH_Bias=Rct20_NRE20-35","1-2",1.5,"LH","Rct20_NRE20-35",0.182321556793955,0.182321556793955,0.182321556793955,0.182321556793955,0.182321556793955,0.300104592450338,0.206324418880429,0.206324418880429,-0.0559787948179369,TRUE,0.650365604448624,1.00135273821573,-0.168428306481355,TRUE,0.526149687931935,1.00099343814454,0.00567653916583633,TRUE,0.59277201375037,1.00107908446073,-0.356324666232828,TRUE,1.11591939838406,1.00098787611472
735,"rand=1-2_rate=1.5_ROB=LH_Bias=Rct20_NRE20-35","1-2",1.5,"LH","Rct20_NRE20-35",0.182321556793955,0.182321556793955,0.182321556793955,0.182321556793955,0.182321556793955,0.300104592450338,0.195517005917451,0.195517005917451,-0.203162710795397,TRUE,0.47957551902834,1.00098828820832,-0.2682694570333,FALSE,0.287196473285904,1.00100829382292,-0.202805873151774,TRUE,0.592172262363224,1.00101496684383,-0.286096307847103,FALSE,0.38589650784859,1.00101486601916
736,"rand=1-2_rate=1.5_ROB=LH_Bias=Rct20_NRE20-35","1-2",1.5,"LH","Rct20_NRE20-35",0.182321556793955,0.182321556793955,0.182321556793955,0.182321556793955,0.182321556793955,0.300104592450338,0.196510140338681,0.196510140338681,-0.290726523124438,TRUE,0.720039038089838,1.00122744222425,-0.23980710849086,FALSE,0.458486865706704,1.00099770320545,-0.28642717161126,FALSE,0.589739663155713,1.00098757891679,-0.204578653868545,TRUE,0.915659805397197,1.00099350833056
737,"rand=1-2_rate=1.5_ROB=LH_Bias=Rct20_NRE20-35","1-2",1.5,"LH","Rct20_NRE20-35",0.182321556793955,0.182321556793955,0.182321556793955,0.182321556793955,0.182321556793955,0.300104592450338,0.220580303319143,0.220580303319143,-0.0644181725915072,TRUE,0.64207089575222,1.00098710127679,-0.177158168581171,TRUE,0.537818543101469,1.00115929024583,-0.0488724266874596,TRUE,0.59214851688723,1.00098632588361,-0.319950189243311,TRUE,1.21815338878087,1.00098654902532
738,"rand=1-2_rate=1.5_ROB=LH_Bias=Rct20_NRE20-35","1-2",1.5,"LH","Rct20_NRE20-35",0.182321556793955,0.182321556793955,0.182321556793955,0.182321556793955,0.182321556793955,0.300104592450338,0.194242659284508,0.194242659284508,-0.107060362915268,TRUE,0.561258894130084,1.00098734585653,-0.216958047681889,FALSE,0.392718347790479,1.00102303281808,-0.24484058601066,TRUE,0.595024256680763,1.00266077579577,-0.20248649953673,TRUE,0.689194296514453,1.0009877165147
739,"rand=1-2_rate=1.5_ROB=LH_Bias=Rct20_NRE20-35","1-2",1.5,"LH","Rct20_NRE20-35",0.182321556793955,0.182321556793955,0.182321556793955,0.182321556793955,0.182321556793955,0.300104592450338,0.20635342105719,0.20635342105719,-0.0677054404677282,TRUE,0.593540873465433,1.0010003964012,-0.158494350349621,TRUE,0.438391775320923,1.00098969152776,0.0245093351158346,TRUE,0.515438835659229,1.00114834400046,-0.310633831501424,TRUE,0.795931429425624,1.00098724025272
740,"rand=1-2_rate=1.5_ROB=LH_Bias=Rct20_NRE20-35","1-2",1.5,"LH","Rct20_NRE20-35",0.182321556793955,0.182321556793955,0.182321556793955,0.182321556793955,0.182321556793955,0.300104592450338,0.207245285023864,0.207245285023864,-0.261521789282205,TRUE,0.749535869373453,1.000994457442,-0.341062312816393,FALSE,0.594183098535795,1.00099869730846,-0.404380706707386,FALSE,0.672883001184731,1.00163089339169,-0.272897962023412,TRUE,1.32846738086737,1.00098602961566
741,"rand=1-2_rate=1.5_ROB=LH_Bias=Rct20_NRE20-35","1-2",1.5,"LH","Rct20_NRE20-35",0.182321556793955,0.182321556793955,0.182321556793955,0.182321556793955,0.182321556793955,0.300104592450338,0.207455629093712,0.207455629093712,-0.228267514471304,TRUE,0.694191828761817,1.0010395785276,-0.270662800780435,FALSE,0.470102261111569,1.00103610361982,-0.13997165968433,TRUE,0.604908993946608,1.00127774345706,-0.387028418479179,FALSE,0.875083131325121,1.00101083826979
742,"rand=1-2_rate=1.5_ROB=LH_Bias=Rct20_NRE20-35","1-2",1.5,"LH","Rct20_NRE20-35",0.182321556793955,0.182321556793955,0.182321556793955,0.182321556793955,0.182321556793955,0.300104592450338,0.202625522956543,0.202625522956543,-0.1460160824504,TRUE,0.628153746924077,1.00098639463775,-0.0960797715297697,TRUE,0.387700970891385,1.00104969653448,-0.0475107830836401,TRUE,0.560204326022305,1.00134402806013,-0.129095040869289,TRUE,0.677552779753927,1.00098643023617
743,"rand=1-2_rate=1.5_ROB=LH_Bias=Rct20_NRE20-35","1-2",1.5,"LH","Rct20_NRE20-35",0.182321556793955,0.182321556793955,0.182321556793955,0.182321556793955,0.182321556793955,0.300104592450338,0.199567614276093,0.199567614276093,-0.320000512190873,FALSE,0.695536446628302,1.00098677618252,-0.329668189628736,FALSE,0.449177580253542,1.00100589639855,-0.237070386129994,TRUE,0.642884425375593,1.00142930391613,-0.398187125114955,FALSE,0.800889452721043,1.00099406432406
744,"rand=1-2_rate=1.5_ROB=LH_Bias=Rct20_NRE20-35","1-2",1.5,"LH","Rct20_NRE20-35",0.182321556793955,0.182321556793955,0.182321556793955,0.182321556793955,0.182321556793955,0.300104592450338,0.22402474480852,0.22402474480852,-0.374217888015627,FALSE,0.720878941649912,1.00108335720231,-0.429149527017386,FALSE,0.498177597490726,1.00100240688171,-0.322228015843012,FALSE,0.660832691776996,1.00118410827945,-0.517910866465363,FALSE,0.946024699239188,1.00100939568491
745,"rand=1-2_rate=1.5_ROB=LH_Bias=Rct20_NRE20-35","1-2",1.5,"LH","Rct20_NRE20-35",0.182321556793955,0.182321556793955,0.182321556793955,0.182321556793955,0.182321556793955,0.300104592450338,0.206278432854206,0.206278432854206,-0.0731344769249715,TRUE,0.630254993492851,1.00099010233134,-0.113517459855154,TRUE,0.441501355154402,1.00100647528355,-0.235065233981366,TRUE,0.739927900784961,1.00120929590279,-0.0224082775493124,TRUE,0.660572507062404,1.00104085485713
746,"rand=1-2_rate=1.5_ROB=LH_Bias=Rct20_NRE20-35","1-2",1.5,"LH","Rct20_NRE20-35",0.182321556793955,0.182321556793955,0.182321556793955,0.182321556793955,0.182321556793955,0.300104592450338,0.202723430481424,0.202723430481424,-0.00461627942164666,TRUE,0.634863503372037,1.00114554699119,-0.192492194670905,TRUE,0.49500480728992,1.00098620960329,-0.0357136798389661,TRUE,0.619877173916103,1.00120967264432,-0.340680489692424,TRUE,0.948435933693987,1.00099435811043
747,"rand=1-2_rate=1.5_ROB=LH_Bias=Rct20_NRE20-35","1-2",1.5,"LH","Rct20_NRE20-35",0.182321556793955,0.182321556793955,0.182321556793955,0.182321556793955,0.182321556793955,0.300104592450338,0.198565995594085,0.198565995594085,-0.471878325356538,FALSE,0.783012883425794,1.00112115797016,-0.482055964907993,FALSE,0.515763729446604,1.0010164999387,-0.557315819429465,FALSE,0.743921406931154,1.00114713543455,-0.438343972316205,FALSE,0.915627177008863,1.00098602924106
748,"rand=1-2_rate=1.5_ROB=LH_Bias=Rct20_NRE20-35","1-2",1.5,"LH","Rct20_NRE20-35",0.182321556793955,0.182321556793955,0.182321556793955,0.182321556793955,0.182321556793955,0.300104592450338,0.201065990264762,0.201065990264762,-0.177756521977237,TRUE,0.603138168219784,1.00098601145428,-0.22879546221398,FALSE,0.409383293175444,1.00099046411716,-0.130075043331324,TRUE,0.561486569272226,1.00098819493795,-0.301794920837147,TRUE,0.747002763030661,1.00098601565343
749,"rand=1-2_rate=1.5_ROB=LH_Bias=Rct20_NRE20-35","1-2",1.5,"LH","Rct20_NRE20-35",0.182321556793955,0.182321556793955,0.182321556793955,0.182321556793955,0.182321556793955,0.300104592450338,0.198887550204485,0.198887550204485,-0.0263890808860874,TRUE,0.56334797507763,1.0015647527947,-0.204209868340426,TRUE,0.47683580067191,1.00098745187245,-0.164149222672993,TRUE,0.575685155813169,1.00107896644924,-0.216348510100231,TRUE,0.986107107982892,1.00099097941037
750,"rand=1-2_rate=1.5_ROB=LH_Bias=Rct20_NRE20-35","1-2",1.5,"LH","Rct20_NRE20-35",0.182321556793955,0.182321556793955,0.182321556793955,0.182321556793955,0.182321556793955,0.300104592450338,0.195851474234792,0.195851474234792,-0.48534929119205,FALSE,0.803610697557713,1.00105783897825,-0.422670069680227,FALSE,0.527746918963792,1.00104597261761,-0.492546791557154,FALSE,0.738349135415896,1.00150334489966,-0.365000777456992,TRUE,0.97185683644425,1.00098922315332
751,"rand=1-2_rate=1.5_ROB=LH_Bias=Rct20_NRE20-35","1-2",1.5,"LH","Rct20_NRE20-35",0.182321556793955,0.182321556793955,0.182321556793955,0.182321556793955,0.182321556793955,0.300104592450338,0.194728969045745,0.194728969045745,-0.171878479341968,TRUE,0.669510634208179,1.00098743675387,-0.168099580733906,TRUE,0.439550631273382,1.00099770796172,-0.266165441836294,TRUE,0.709280329292233,1.00167001161415,-0.0993743533800224,TRUE,0.698727185178704,1.0009871391824
752,"rand=1-2_rate=1.5_ROB=LH_Bias=Rct20_NRE20-35","1-2",1.5,"LH","Rct20_NRE20-35",0.182321556793955,0.182321556793955,0.182321556793955,0.182321556793955,0.182321556793955,0.300104592450338,0.190079585915295,0.190079585915295,-0.204722734645082,TRUE,0.596619507399882,1.00126213090634,-0.148136926738123,TRUE,0.355778319339538,1.00099059244179,-0.311146703273806,FALSE,0.64069531214207,1.00103760162656,-0.0749090049178482,TRUE,0.515636263254039,1.00099664611197
753,"rand=1-2_rate=1.5_ROB=LH_Bias=Rct20_NRE20-35","1-2",1.5,"LH","Rct20_NRE20-35",0.182321556793955,0.182321556793955,0.182321556793955,0.182321556793955,0.182321556793955,0.300104592450338,0.18055601009248,0.18055601009248,-0.318972650835244,TRUE,0.941099201213538,1.00114813297264,-0.207664201398494,FALSE,0.512686465080711,1.00098868156773,-0.662562997493805,FALSE,0.812022649910866,1.00106055891016,0.0613203494896261,TRUE,0.470757903914314,1.00098889690285
754,"rand=1-2_rate=1.5_ROB=LH_Bias=Rct20_NRE20-35","1-2",1.5,"LH","Rct20_NRE20-35",0.182321556793955,0.182321556793955,0.182321556793955,0.182321556793955,0.182321556793955,0.300104592450338,0.20004661632893,0.20004661632893,-0.20095036131676,TRUE,0.587727445375149,1.0010123498053,-0.22706557682508,FALSE,0.376351646933848,1.00102288744732,-0.227190983668448,TRUE,0.559577079515708,1.00219190666979,-0.22613571661945,TRUE,0.66131854770574,1.00098920854139
755,"rand=1-2_rate=1.5_ROB=LH_Bias=Rct20_NRE20-35","1-2",1.5,"LH","Rct20_NRE20-35",0.182321556793955,0.182321556793955,0.182321556793955,0.182321556793955,0.182321556793955,0.300104592450338,0.18943408322097,0.18943408322097,-0.0619159200291288,TRUE,0.570427500511175,1.00098939763379,-0.0827064571987983,TRUE,0.373186925656506,1.00100915855008,-0.260165356507402,TRUE,0.61705463818555,1.00098602901314,0.0178945404343364,TRUE,0.546784517335014,1.0010121962012
756,"rand=1-2_rate=1.5_ROB=LH_Bias=Rct20_NRE20-35","1-2",1.5,"LH","Rct20_NRE20-35",0.182321556793955,0.182321556793955,0.182321556793955,0.182321556793955,0.182321556793955,0.300104592450338,0.205334391846338,0.205334391846338,-0.39738591764644,FALSE,0.781054485844288,1.00112150947286,-0.402913657614937,FALSE,0.563448483043034,1.0009860642783,-0.478267717346131,FALSE,0.690852025944314,1.00142967297352,-0.345160096430631,TRUE,1.17030781727088,1.00101568707895
757,"rand=1-2_rate=1.5_ROB=LH_Bias=Rct20_NRE20-35","1-2",1.5,"LH","Rct20_NRE20-35",0.182321556793955,0.182321556793955,0.182321556793955,0.182321556793955,0.182321556793955,0.300104592450338,0.203918691476586,0.203918691476586,-0.1312877453248,TRUE,0.56486217539829,1.00104920457574,-0.180553112254152,FALSE,0.370404511183787,1.0009934007136,-0.14910811032351,TRUE,0.613421114187249,1.00126038650864,-0.20058102421944,TRUE,0.600989849221669,1.00098638418833
758,"rand=1-2_rate=1.5_ROB=LH_Bias=Rct20_NRE20-35","1-2",1.5,"LH","Rct20_NRE20-35",0.182321556793955,0.182321556793955,0.182321556793955,0.182321556793955,0.182321556793955,0.300104592450338,0.214598203223643,0.214598203223643,-0.162851694491971,TRUE,0.60439743093675,1.00122983318329,-0.198749445752175,FALSE,0.385273763388055,1.00100107183308,-0.38273897772003,FALSE,0.662424599465832,1.00107608161464,-0.100850257419642,TRUE,0.52661365647613,1.00102463902117
759,"rand=1-2_rate=1.5_ROB=LH_Bias=Rct20_NRE20-35","1-2",1.5,"LH","Rct20_NRE20-35",0.182321556793955,0.182321556793955,0.182321556793955,0.182321556793955,0.182321556793955,0.300104592450338,0.207608389529701,0.207608389529701,-0.221490128203913,TRUE,0.582879999046975,1.00125687294405,-0.271128717374985,FALSE,0.358863873615887,1.00098602630243,-0.148214957528778,TRUE,0.571819074326305,1.00150328526876,-0.334499290003938,FALSE,0.539826386512741,1.00099531631452
760,"rand=1-2_rate=1.5_ROB=LH_Bias=Rct20_NRE20-35","1-2",1.5,"LH","Rct20_NRE20-35",0.182321556793955,0.182321556793955,0.182321556793955,0.182321556793955,0.182321556793955,0.300104592450338,0.187333384425802,0.187333384425802,-0.323399528470125,FALSE,0.74256313354974,1.00111478991059,-0.207767502154685,FALSE,0.48977432758998,1.00099401109945,-0.495798711554765,FALSE,0.682822435671441,1.00099039375561,0.00200635970961316,TRUE,0.736721314301728,1.00099344191751
761,"rand=1-2_rate=1.5_ROB=LH_Bias=Rct20_NRE20-35","1-2",1.5,"LH","Rct20_NRE20-35",0.182321556793955,0.182321556793955,0.182321556793955,0.182321556793955,0.182321556793955,0.300104592450338,0.192117485182208,0.192117485182208,-0.0911409800465217,TRUE,0.474010835731514,1.00107826603132,-0.152254043939456,FALSE,0.253648949624544,1.00184426494,-0.0763028324731583,TRUE,0.499049961497285,1.00176015997659,-0.173420642740422,FALSE,0.373940280734109,1.0010358521121
762,"rand=1-2_rate=1.5_ROB=LH_Bias=Rct20_NRE20-35","1-2",1.5,"LH","Rct20_NRE20-35",0.182321556793955,0.182321556793955,0.182321556793955,0.182321556793955,0.182321556793955,0.300104592450338,0.198159047272359,0.198159047272359,-0.155647453221176,TRUE,0.524531255272548,1.00148708303274,-0.111234369528915,TRUE,0.330346239760146,1.00101433324872,-0.184648919987432,TRUE,0.614545561995226,1.00191075342203,-0.0725091500214887,TRUE,0.479428809782466,1.0009906651161
763,"rand=1-2_rate=1.5_ROB=LH_Bias=Rct20_NRE20-35","1-2",1.5,"LH","Rct20_NRE20-35",0.182321556793955,0.182321556793955,0.182321556793955,0.182321556793955,0.182321556793955,0.300104592450338,0.215690770662492,0.215690770662492,-0.485990192312518,FALSE,0.898493358432212,1.0009903470533,-0.355077492216892,FALSE,0.491788424509682,1.00106597507139,-0.640746831455589,FALSE,0.805610977906437,1.00100563033685,-0.192591179945695,TRUE,0.650728953362492,1.00098767588791
764,"rand=1-2_rate=1.5_ROB=LH_Bias=Rct20_NRE20-35","1-2",1.5,"LH","Rct20_NRE20-35",0.182321556793955,0.182321556793955,0.182321556793955,0.182321556793955,0.182321556793955,0.300104592450338,0.209612875733569,0.209612875733569,-0.0382059797059775,TRUE,0.554385994607367,1.00099811518506,-0.167267513242656,TRUE,0.431106928971632,1.00099969441701,-0.0363428307956624,TRUE,0.524752498153125,1.00099568608883,-0.265886325665106,TRUE,0.841274586197087,1.00098603747253
765,"rand=1-2_rate=1.5_ROB=LH_Bias=Rct20_NRE20-35","1-2",1.5,"LH","Rct20_NRE20-35",0.182321556793955,0.182321556793955,0.182321556793955,0.182321556793955,0.182321556793955,0.300104592450338,0.190311087450605,0.190311087450605,-0.0968292324514424,TRUE,0.574837690312827,1.00111379923374,-0.168252535274355,TRUE,0.423513769848565,1.00100080903832,-0.0355889915504333,TRUE,0.533420200397183,1.00098819420374,-0.285406208760442,TRUE,0.778794999943062,1.00098634055953
766,"rand=1-2_rate=1.5_ROB=LH_Bias=Rct20_NRE20-35","1-2",1.5,"LH","Rct20_NRE20-35",0.182321556793955,0.182321556793955,0.182321556793955,0.182321556793955,0.182321556793955,0.300104592450338,0.202269525594992,0.202269525594992,-0.397304289279427,FALSE,0.705453935988565,1.00106113942901,-0.270272779758986,FALSE,0.39405646152189,1.00099869924818,-0.151866728593131,TRUE,0.53371869513317,1.00098600645183,-0.347838396210764,FALSE,0.669805576645815,1.00098959269553
767,"rand=1-2_rate=1.5_ROB=LH_Bias=Rct20_NRE20-35","1-2",1.5,"LH","Rct20_NRE20-35",0.182321556793955,0.182321556793955,0.182321556793955,0.182321556793955,0.182321556793955,0.300104592450338,0.202079684139146,0.202079684139146,-0.229970848282479,TRUE,0.669359679831786,1.00098656967719,-0.221125290261122,FALSE,0.431268696955504,1.00098608259476,-0.186013311465253,TRUE,0.587777767790805,1.00099524633287,-0.238624215982892,TRUE,0.811373242052104,1.00099105068563
768,"rand=1-2_rate=1.5_ROB=LH_Bias=Rct20_NRE20-35","1-2",1.5,"LH","Rct20_NRE20-35",0.182321556793955,0.182321556793955,0.182321556793955,0.182321556793955,0.182321556793955,0.300104592450338,0.209920557085286,0.209920557085286,-0.0289500444644566,TRUE,0.524602302903538,1.00134474798866,-0.0489998257305861,TRUE,0.341821856829968,1.00098622188203,-0.0675024131865698,TRUE,0.508685543256963,1.00099773393795,-0.0407693310110817,TRUE,0.626627880400325,1.00098761383149
769,"rand=1-2_rate=1.5_ROB=LH_Bias=Rct20_NRE20-35","1-2",1.5,"LH","Rct20_NRE20-35",0.182321556793955,0.182321556793955,0.182321556793955,0.182321556793955,0.182321556793955,0.300104592450338,0.207579891450458,0.207579891450458,-0.160579070627988,TRUE,0.790666746744446,1.00100241332363,-0.240464941505448,TRUE,0.553196674494119,1.0009861731562,-0.0871050562777198,TRUE,0.707062629321386,1.00100319610089,-0.41821231248053,TRUE,1.09352512601991,1.00100566341502
770,"rand=1-2_rate=1.5_ROB=LH_Bias=Rct20_NRE20-35","1-2",1.5,"LH","Rct20_NRE20-35",0.182321556793955,0.182321556793955,0.182321556793955,0.182321556793955,0.182321556793955,0.300104592450338,0.190543217558029,0.190543217558029,-0.24332353791349,FALSE,0.489396942491365,1.00117877412643,-0.344687295851937,FALSE,0.262427513965762,1.00104399337723,-0.0739039813585387,TRUE,0.505962695542908,1.00119278851857,-0.405119791480473,FALSE,0.278492945339685,1.00101021393625
771,"rand=1-2_rate=1.5_ROB=LH_Bias=Rct20_NRE20-35","1-2",1.5,"LH","Rct20_NRE20-35",0.182321556793955,0.182321556793955,0.182321556793955,0.182321556793955,0.182321556793955,0.300104592450338,0.192525040988016,0.192525040988016,-0.197089490874773,TRUE,0.656402435130602,1.00101159500439,-0.261552445990204,FALSE,0.440799269895729,1.00099922632183,-0.27729356386877,TRUE,0.806388915957614,1.0011527706311,-0.253639485721607,TRUE,0.641774573456802,1.0009940288925
772,"rand=1-2_rate=1.5_ROB=LH_Bias=Rct20_NRE20-35","1-2",1.5,"LH","Rct20_NRE20-35",0.182321556793955,0.182321556793955,0.182321556793955,0.182321556793955,0.182321556793955,0.300104592450338,0.207524880380378,0.207524880380378,0.0872102058572202,TRUE,0.45344528467351,1.00098792383561,-0.00528362347711253,TRUE,0.338257814400703,1.00100566939828,-0.0658330264795026,TRUE,0.486374497539376,1.001282455828,0.0332435990821875,TRUE,0.625785396925118,1.00099238631081
773,"rand=1-2_rate=1.5_ROB=LH_Bias=Rct20_NRE20-35","1-2",1.5,"LH","Rct20_NRE20-35",0.182321556793955,0.182321556793955,0.182321556793955,0.182321556793955,0.182321556793955,0.300104592450338,0.198684981820773,0.198684981820773,-0.17283953390871,TRUE,0.494332531360877,1.00120971300437,-0.144372349338073,FALSE,0.239233189890861,1.00098609101712,-0.304492280429874,FALSE,0.654879243622802,1.00103074604852,-0.110951832051329,TRUE,0.272234123627339,1.00112547884046
774,"rand=1-2_rate=1.5_ROB=LH_Bias=Rct20_NRE20-35","1-2",1.5,"LH","Rct20_NRE20-35",0.182321556793955,0.182321556793955,0.182321556793955,0.182321556793955,0.182321556793955,0.300104592450338,0.196879556241299,0.196879556241299,-0.17288921141538,TRUE,0.626977247555362,1.00102395775508,-0.188751020164843,FALSE,0.403921595242049,1.00098653023516,-0.25450020382185,TRUE,0.768077894092621,1.00102097429352,-0.152221478819372,TRUE,0.546754356228484,1.00104366313406
775,"rand=1-2_rate=1.5_ROB=LH_Bias=Rct20_NRE20-35","1-2",1.5,"LH","Rct20_NRE20-35",0.182321556793955,0.182321556793955,0.182321556793955,0.182321556793955,0.182321556793955,0.300104592450338,0.205252596971811,0.205252596971811,-0.095366691432589,TRUE,0.606605941132516,1.00101825730677,-0.160088420352617,TRUE,0.456250786903273,1.00108742134705,-0.144946695362524,TRUE,0.584474875693553,1.00117305022159,-0.182107366168365,TRUE,0.910482967117277,1.0009873734326
776,"rand=1-2_rate=1.5_ROB=LH_Bias=Rct20_NRE20-35","1-2",1.5,"LH","Rct20_NRE20-35",0.182321556793955,0.182321556793955,0.182321556793955,0.182321556793955,0.182321556793955,0.300104592450338,0.187786707005724,0.187786707005724,-0.0891513189076119,TRUE,0.622079468863776,1.00099476078916,-0.146395170065246,TRUE,0.424708569112332,1.00101163412197,-0.111568374826123,TRUE,0.72598933932597,1.00099959204094,-0.171348859456422,TRUE,0.650557981663966,1.00098840737559
777,"rand=1-2_rate=1.5_ROB=LH_Bias=Rct20_NRE20-35","1-2",1.5,"LH","Rct20_NRE20-35",0.182321556793955,0.182321556793955,0.182321556793955,0.182321556793955,0.182321556793955,0.300104592450338,0.206705522131928,0.206705522131928,-0.231429579384174,TRUE,0.569155159989739,1.00115166250149,-0.19771194617252,FALSE,0.327303675272082,1.00104740036663,-0.358583472983646,FALSE,0.634945531782415,1.00172164298909,-0.130861856092459,TRUE,0.453845297023033,1.00100062436382
778,"rand=1-2_rate=1.5_ROB=LH_Bias=Rct20_NRE20-35","1-2",1.5,"LH","Rct20_NRE20-35",0.182321556793955,0.182321556793955,0.182321556793955,0.182321556793955,0.182321556793955,0.300104592450338,0.203091438357023,0.203091438357023,-0.198007273817717,TRUE,0.778097555650483,1.00099507056355,-0.170210283912653,TRUE,0.514813020730356,1.00099256773846,-0.209655729996014,TRUE,0.869366410759481,1.00098713668157,-0.135756838304542,TRUE,0.79322691862441,1.00105104897492
779,"rand=1-2_rate=1.5_ROB=LH_Bias=Rct20_NRE20-35","1-2",1.5,"LH","Rct20_NRE20-35",0.182321556793955,0.182321556793955,0.182321556793955,0.182321556793955,0.182321556793955,0.300104592450338,0.202280353429301,0.202280353429301,-0.314872196065286,FALSE,0.652041914513571,1.00119885583045,-0.33217390291892,FALSE,0.410221764795958,1.00101641609408,-0.203585205705103,TRUE,0.587999946538339,1.00112980966469,-0.409925246501181,FALSE,0.673932066269873,1.00098740353454
780,"rand=1-2_rate=1.5_ROB=LH_Bias=Rct20_NRE20-35","1-2",1.5,"LH","Rct20_NRE20-35",0.182321556793955,0.182321556793955,0.182321556793955,0.182321556793955,0.182321556793955,0.300104592450338,0.197023509045365,0.197023509045365,-0.0632947042857797,TRUE,0.598383101625202,1.00100944055877,-0.228056932489553,FALSE,0.498525320867036,1.00100020276194,-0.236067319289003,TRUE,0.599719274468164,1.00117805235067,-0.208891782810766,TRUE,1.045393528701,1.00098759679395
781,"rand=1-2_rate=1.5_ROB=LH_Bias=Rct20_NRE20-35","1-2",1.5,"LH","Rct20_NRE20-35",0.182321556793955,0.182321556793955,0.182321556793955,0.182321556793955,0.182321556793955,0.300104592450338,0.197187458783363,0.197187458783363,-0.459355606275794,FALSE,0.885645821807945,1.00100109635658,-0.383083690191111,FALSE,0.586389967924895,1.00099207180401,-0.263743354209441,TRUE,0.654367417089571,1.00128591673079,-0.502529318439503,TRUE,1.27648122656876,1.00098735893887
782,"rand=1-2_rate=1.5_ROB=LH_Bias=Rct20_NRE20-35","1-2",1.5,"LH","Rct20_NRE20-35",0.182321556793955,0.182321556793955,0.182321556793955,0.182321556793955,0.182321556793955,0.300104592450338,0.199816245762282,0.199816245762282,-0.0720867152041522,TRUE,0.520087815980396,1.00156893500727,-0.0520313262979657,TRUE,0.320796227221744,1.00099524919579,-0.0358772378457526,TRUE,0.501367342390363,1.00136495105231,-0.0591442196266567,TRUE,0.547149815358453,1.00098894534328
783,"rand=1-2_rate=1.5_ROB=LH_Bias=Rct20_NRE20-35","1-2",1.5,"LH","Rct20_NRE20-35",0.182321556793955,0.182321556793955,0.182321556793955,0.182321556793955,0.182321556793955,0.300104592450338,0.191295485760895,0.191295485760895,-0.25997316643063,TRUE,0.671846465017708,1.00126030173667,-0.356217099652409,FALSE,0.460689289318056,1.00100463793369,-0.133335769659684,TRUE,0.549786136413487,1.00099428473953,-0.526092758826599,FALSE,0.789624163159679,1.00106329407272
784,"rand=1-2_rate=1.5_ROB=LH_Bias=Rct20_NRE20-35","1-2",1.5,"LH","Rct20_NRE20-35",0.182321556793955,0.182321556793955,0.182321556793955,0.182321556793955,0.182321556793955,0.300104592450338,0.203207879270259,0.203207879270259,0.0187987305133854,TRUE,0.507334132629843,1.00102387734108,-0.0146882682034093,TRUE,0.343059163314478,1.00098720171765,0.0921907336173209,TRUE,0.568664376012318,1.00098830156762,-0.0795535682690991,TRUE,0.503499105116235,1.00099694026333
785,"rand=1-2_rate=1.5_ROB=LH_Bias=Rct20_NRE20-35","1-2",1.5,"LH","Rct20_NRE20-35",0.182321556793955,0.182321556793955,0.182321556793955,0.182321556793955,0.182321556793955,0.300104592450338,0.207148384179982,0.207148384179982,-0.28513614874909,FALSE,0.586470939282367,1.0010572683029,-0.357412509301999,FALSE,0.37741041489166,1.0010331362223,-0.377755580887887,FALSE,0.674082522252267,1.00099175068979,-0.349025056761195,FALSE,0.591523371326056,1.00099506126527
786,"rand=1-2_rate=1.5_ROB=LH_Bias=Rct20_NRE20-35","1-2",1.5,"LH","Rct20_NRE20-35",0.182321556793955,0.182321556793955,0.182321556793955,0.182321556793955,0.182321556793955,0.300104592450338,0.203799858417463,0.203799858417463,-0.415412375205019,FALSE,0.737419159551789,1.00098609375102,-0.362442322204358,FALSE,0.440182973550436,1.00099559434262,-0.312413223821096,TRUE,0.799764021657655,1.00123856973503,-0.388994344965035,FALSE,0.613705730608363,1.00100545112451
787,"rand=1-2_rate=1.5_ROB=LH_Bias=Rct20_NRE20-35","1-2",1.5,"LH","Rct20_NRE20-35",0.182321556793955,0.182321556793955,0.182321556793955,0.182321556793955,0.182321556793955,0.300104592450338,0.202248949227283,0.202248949227283,-0.308221395462833,TRUE,0.705578976045359,1.00101466616855,-0.281461362562965,FALSE,0.445781252171334,1.00102535343438,-0.0429680120992857,TRUE,0.594260547371512,1.00098645296289,-0.447746749686518,FALSE,0.627004058310781,1.00099484277167
788,"rand=1-2_rate=1.5_ROB=LH_Bias=Rct20_NRE20-35","1-2",1.5,"LH","Rct20_NRE20-35",0.182321556793955,0.182321556793955,0.182321556793955,0.182321556793955,0.182321556793955,0.300104592450338,0.189187856602576,0.189187856602576,-0.428655355831114,FALSE,0.870788949120133,1.00105279400966,-0.346040087748487,FALSE,0.542191999596599,1.00098648514074,-0.375996489223676,TRUE,0.962808896153429,1.00101410301844,-0.318174327596827,TRUE,0.794915659719121,1.00105182399365
789,"rand=1-2_rate=1.5_ROB=LH_Bias=Rct20_NRE20-35","1-2",1.5,"LH","Rct20_NRE20-35",0.182321556793955,0.182321556793955,0.182321556793955,0.182321556793955,0.182321556793955,0.300104592450338,0.19853978964984,0.19853978964984,-0.123572647953236,TRUE,0.579937887602471,1.00098781765413,-0.123845950923557,TRUE,0.365366358609786,1.00100912317328,0.01664720051922,TRUE,0.454311408796368,1.00099879470366,-0.229282589854536,TRUE,0.68096292663773,1.00099449976065
790,"rand=1-2_rate=1.5_ROB=LH_Bias=Rct20_NRE20-35","1-2",1.5,"LH","Rct20_NRE20-35",0.182321556793955,0.182321556793955,0.182321556793955,0.182321556793955,0.182321556793955,0.300104592450338,0.209854929083597,0.209854929083597,-0.145264541050012,TRUE,0.583828221137431,1.00106241155148,-0.178304550223173,TRUE,0.38947077881023,1.00101444924272,-0.149919499853538,TRUE,0.608423832842036,1.00105040922568,-0.196893646126074,TRUE,0.664142139830366,1.0009927114767
791,"rand=1-2_rate=1.5_ROB=LH_Bias=Rct20_NRE20-35","1-2",1.5,"LH","Rct20_NRE20-35",0.182321556793955,0.182321556793955,0.182321556793955,0.182321556793955,0.182321556793955,0.300104592450338,0.206468101880164,0.206468101880164,-0.150344152107851,TRUE,0.555323091690571,1.00098831684537,-0.243841799237341,FALSE,0.361571936171577,1.00098935546995,-0.0898855278319248,TRUE,0.475680306626673,1.0015184451208,-0.337326236748153,FALSE,0.634843122609396,1.00117618845863
792,"rand=1-2_rate=1.5_ROB=LH_Bias=Rct20_NRE20-35","1-2",1.5,"LH","Rct20_NRE20-35",0.182321556793955,0.182321556793955,0.182321556793955,0.182321556793955,0.182321556793955,0.300104592450338,0.204400600446185,0.204400600446185,-0.285856591291687,FALSE,0.637354530488199,1.00111581023439,-0.274750924315683,FALSE,0.38951281777813,1.00099198783271,-0.311578889568618,FALSE,0.662600643991846,1.00103260682004,-0.253026353013358,TRUE,0.608695081955681,1.00103971017431
793,"rand=1-2_rate=1.5_ROB=LH_Bias=Rct20_NRE20-35","1-2",1.5,"LH","Rct20_NRE20-35",0.182321556793955,0.182321556793955,0.182321556793955,0.182321556793955,0.182321556793955,0.300104592450338,0.206529929628838,0.206529929628838,0.0264857597164551,TRUE,0.458021864263467,1.00099524311948,0.012326912137723,TRUE,0.271248982716737,1.00101270995192,0.142301795746513,TRUE,0.488591695819168,1.00119279531097,-0.0335634387567127,TRUE,0.354597050157984,1.00102318970412
794,"rand=1-2_rate=1.5_ROB=LH_Bias=Rct20_NRE20-35","1-2",1.5,"LH","Rct20_NRE20-35",0.182321556793955,0.182321556793955,0.182321556793955,0.182321556793955,0.182321556793955,0.300104592450338,0.190536980979285,0.190536980979285,-0.194719387028609,TRUE,0.759124228089724,1.00102095506515,-0.241131152610611,TRUE,0.527206244484299,1.00100642665347,-0.0423907812773143,TRUE,0.69040684868299,1.00098640738069,-0.461660389139535,FALSE,0.804766154217261,1.00100808268579
795,"rand=1-2_rate=1.5_ROB=LH_Bias=Rct20_NRE20-35","1-2",1.5,"LH","Rct20_NRE20-35",0.182321556793955,0.182321556793955,0.182321556793955,0.182321556793955,0.182321556793955,0.300104592450338,0.212066650046222,0.212066650046222,-0.281433511168864,TRUE,0.736922123240401,1.00110678665684,-0.195046724798723,TRUE,0.455790203612534,1.00099460117265,-0.0823063116567584,TRUE,0.702760723025114,1.00098655679627,-0.282932790414031,TRUE,0.704741344290429,1.00099544557903
796,"rand=1-2_rate=1.5_ROB=LH_Bias=Rct20_NRE20-35","1-2",1.5,"LH","Rct20_NRE20-35",0.182321556793955,0.182321556793955,0.182321556793955,0.182321556793955,0.182321556793955,0.300104592450338,0.187100624159675,0.187100624159675,-0.275631886385429,FALSE,0.504930215534353,1.00106332566008,-0.244940276010778,FALSE,0.257433779074698,1.00100653152893,-0.252984673639969,TRUE,0.593101634472227,1.00101564366254,-0.241761548313907,FALSE,0.345360755068762,1.0011561120943
797,"rand=1-2_rate=1.5_ROB=LH_Bias=Rct20_NRE20-35","1-2",1.5,"LH","Rct20_NRE20-35",0.182321556793955,0.182321556793955,0.182321556793955,0.182321556793955,0.182321556793955,0.300104592450338,0.181847628802331,0.181847628802331,-0.200789795832565,TRUE,0.585949825299966,1.00109471875802,-0.225215996322442,FALSE,0.352318843724457,1.00115094037953,-0.409666333132413,FALSE,0.733696420401941,1.00106145795063,-0.156339743282427,TRUE,0.428167215060929,1.00098642983243
798,"rand=1-2_rate=1.5_ROB=LH_Bias=Rct20_NRE20-35","1-2",1.5,"LH","Rct20_NRE20-35",0.182321556793955,0.182321556793955,0.182321556793955,0.182321556793955,0.182321556793955,0.300104592450338,0.206545126095,0.206545126095,-0.182852022611877,TRUE,0.62949298461095,1.00098615054932,-0.218745472893931,FALSE,0.417754927001555,1.00103261535166,-0.0224884990928753,TRUE,0.541574853639041,1.00099279951514,-0.368931235008589,FALSE,0.654894753656188,1.00099365853162
799,"rand=1-2_rate=1.5_ROB=LH_Bias=Rct20_NRE20-35","1-2",1.5,"LH","Rct20_NRE20-35",0.182321556793955,0.182321556793955,0.182321556793955,0.182321556793955,0.182321556793955,0.300104592450338,0.190406288697162,0.190406288697162,-0.225037168099893,TRUE,0.557660072189403,1.001005121649,-0.253398819302392,FALSE,0.306923857210479,1.00102648141131,-0.303949331458444,TRUE,0.753165185787742,1.00127722313308,-0.243006839056157,FALSE,0.37099617574513,1.00099048371355
800,"rand=1-2_rate=1.5_ROB=LH_Bias=Rct20_NRE20-35","1-2",1.5,"LH","Rct20_NRE20-35",0.182321556793955,0.182321556793955,0.182321556793955,0.182321556793955,0.182321556793955,0.300104592450338,0.21647191843162,0.21647191843162,-0.235638566540621,TRUE,0.695040099804325,1.00099505162959,-0.315307827429046,FALSE,0.510144684768245,1.00102031975867,-0.33278961986781,FALSE,0.68514396988289,1.00104023601076,-0.297915267520414,TRUE,0.988438601680804,1.00102692396048
801,"rand=1-2_rate=1.5_ROB=LH_Bias=Rct20_NRE20-35","1-2",1.5,"LH","Rct20_NRE20-35",0.182321556793955,0.182321556793955,0.182321556793955,0.182321556793955,0.182321556793955,0.300104592450338,0.205521625779,0.205521625779,-0.29882318012572,TRUE,0.647920530292144,1.00098748857885,-0.466425209570367,FALSE,0.472137038834147,1.00098772665565,-0.280792664315628,FALSE,0.6017967145008,1.00107951126524,-0.593791585132658,FALSE,0.836239408477222,1.00099440176003
802,"rand=1-2_rate=1.5_ROB=LH_Bias=Rct20_NRE20-35","1-2",1.5,"LH","Rct20_NRE20-35",0.182321556793955,0.182321556793955,0.182321556793955,0.182321556793955,0.182321556793955,0.300104592450338,0.203433640260616,0.203433640260616,-0.244479385986743,TRUE,0.715443843180188,1.00124229067376,-0.267091867027534,FALSE,0.532074721608586,1.00107205954745,-0.30239264870871,FALSE,0.641963393265233,1.00099196759744,-0.240085185720291,TRUE,1.18225126362552,1.00098696300141
803,"rand=1-2_rate=1.5_ROB=LH_Bias=Rct20_NRE20-35","1-2",1.5,"LH","Rct20_NRE20-35",0.182321556793955,0.182321556793955,0.182321556793955,0.182321556793955,0.182321556793955,0.300104592450338,0.202659396758224,0.202659396758224,-0.256098396205672,TRUE,0.769458274495752,1.00111586421415,-0.340865216486302,FALSE,0.544020336934395,1.00107563091549,-0.293168846922421,TRUE,0.726555351678053,1.00099802580735,-0.37871221681701,TRUE,1.08263118696005,1.00102554998569
804,"rand=1-2_rate=1.5_ROB=LH_Bias=Rct20_NRE20-35","1-2",1.5,"LH","Rct20_NRE20-35",0.182321556793955,0.182321556793955,0.182321556793955,0.182321556793955,0.182321556793955,0.300104592450338,0.183728002842883,0.183728002842883,-0.286403297801047,TRUE,0.739365499066439,1.00098663982307,-0.292064783773768,FALSE,0.495090927264244,1.00105434638879,-0.25342695311088,TRUE,0.716641121252308,1.00098633649285,-0.329112422750256,TRUE,0.903662142066382,1.00099028838366
805,"rand=1-2_rate=1.5_ROB=LH_Bias=Rct20_NRE20-35","1-2",1.5,"LH","Rct20_NRE20-35",0.182321556793955,0.182321556793955,0.182321556793955,0.182321556793955,0.182321556793955,0.300104592450338,0.200472487253909,0.200472487253909,-0.0513989498684781,TRUE,0.620566113035305,1.00099850815575,-0.0508163783361839,TRUE,0.416688490431953,1.00100896339081,0.0330042816881169,TRUE,0.548521077391403,1.00122202369766,-0.129556572248483,TRUE,0.780552193264185,1.00099319250724
806,"rand=1-2_rate=1.5_ROB=LH_Bias=Rct20_NRE20-35","1-2",1.5,"LH","Rct20_NRE20-35",0.182321556793955,0.182321556793955,0.182321556793955,0.182321556793955,0.182321556793955,0.300104592450338,0.20220892764033,0.20220892764033,-0.1374415305589,TRUE,0.575547474068664,1.0010021976381,-0.261867163801687,FALSE,0.462854540362872,1.00100047002175,-0.185305911756755,TRUE,0.602809331736361,1.00113648102707,-0.32250213381317,TRUE,0.886186687448432,1.00098627819638
807,"rand=1-2_rate=1.5_ROB=LH_Bias=Rct20_NRE20-35","1-2",1.5,"LH","Rct20_NRE20-35",0.182321556793955,0.182321556793955,0.182321556793955,0.182321556793955,0.182321556793955,0.300104592450338,0.21306036089665,0.21306036089665,-0.267738504500787,TRUE,0.682729094016808,1.00100457680638,-0.350231951409041,FALSE,0.469206346401919,1.00104887792017,-0.213077842601676,TRUE,0.58871017561668,1.00242937901149,-0.463163012867341,FALSE,0.918132348925401,1.00100225219034
808,"rand=1-2_rate=1.5_ROB=LH_Bias=Rct20_NRE20-35","1-2",1.5,"LH","Rct20_NRE20-35",0.182321556793955,0.182321556793955,0.182321556793955,0.182321556793955,0.182321556793955,0.300104592450338,0.211242241927173,0.211242241927173,-0.141081122245351,TRUE,0.714715728217083,1.00104337107914,-0.216524057557246,TRUE,0.527720529571988,1.0009927662441,-0.114208864953603,TRUE,0.702383675700759,1.00098779018891,-0.309511733089019,TRUE,0.995178225794907,1.00103183506581
809,"rand=1-2_rate=1.5_ROB=LH_Bias=Rct20_NRE20-35","1-2",1.5,"LH","Rct20_NRE20-35",0.182321556793955,0.182321556793955,0.182321556793955,0.182321556793955,0.182321556793955,0.300104592450338,0.189882539338242,0.189882539338242,-0.0336059724497793,TRUE,0.56331115811326,1.00099486049993,-0.149108705640894,TRUE,0.446703988992171,1.00098603421244,0.066802886162031,TRUE,0.437854750938772,1.00111602876135,-0.368993444467074,TRUE,0.964149527834292,1.00098980451248
810,"rand=1-2_rate=1.5_ROB=LH_Bias=Rct20_NRE20-35","1-2",1.5,"LH","Rct20_NRE20-35",0.182321556793955,0.182321556793955,0.182321556793955,0.182321556793955,0.182321556793955,0.300104592450338,0.196549418783445,0.196549418783445,-0.172005529746427,TRUE,0.608834254568731,1.00136434621863,-0.133734410709248,TRUE,0.38256576576293,1.00099988340313,-0.179437975906685,TRUE,0.567371402133344,1.00144896794122,-0.106166517158857,TRUE,0.68264237144459,1.00101958761417
811,"rand=1-2_rate=1.5_ROB=LH_Bias=Rct20_NRE20-35","1-2",1.5,"LH","Rct20_NRE20-35",0.182321556793955,0.182321556793955,0.182321556793955,0.182321556793955,0.182321556793955,0.300104592450338,0.20048206067768,0.20048206067768,-0.122362662572762,TRUE,0.623993122155856,1.00109639808927,-0.246950360195145,FALSE,0.521511097083469,1.00101771748302,-0.178128242799366,TRUE,0.601106306177015,1.00203272270057,-0.293021964147352,TRUE,1.18864394202813,1.00101909054997
812,"rand=1-2_rate=1.5_ROB=LH_Bias=Rct20_NRE20-35","1-2",1.5,"LH","Rct20_NRE20-35",0.182321556793955,0.182321556793955,0.182321556793955,0.182321556793955,0.182321556793955,0.300104592450338,0.19240660482072,0.19240660482072,-0.0980859338291373,TRUE,0.659491637624897,1.00098859087312,-0.297364299406249,FALSE,0.580017831535966,1.00102957711315,-0.476978172285702,FALSE,1.06061748182382,1.00105372798751,-0.155573944434318,TRUE,0.755911328919048,1.00098674270318
813,"rand=1-2_rate=1.5_ROB=LH_Bias=Rct20_NRE20-35","1-2",1.5,"LH","Rct20_NRE20-35",0.182321556793955,0.182321556793955,0.182321556793955,0.182321556793955,0.182321556793955,0.300104592450338,0.202783031992188,0.202783031992188,-0.456236161535821,FALSE,0.752844134737755,1.00107685380384,-0.497979654578657,FALSE,0.474170379718704,1.0009926916162,-0.300504086117283,FALSE,0.646074219171448,1.00135446705177,-0.619556577490043,FALSE,0.796767800917016,1.00098979007381
814,"rand=1-2_rate=1.5_ROB=LH_Bias=Rct20_NRE20-35","1-2",1.5,"LH","Rct20_NRE20-35",0.182321556793955,0.182321556793955,0.182321556793955,0.182321556793955,0.182321556793955,0.300104592450338,0.207027634856441,0.207027634856441,-0.143339022968208,TRUE,0.676646197600958,1.0010000659912,-0.242034326389055,FALSE,0.484318233247545,1.00105330275929,-0.364806869927441,FALSE,0.814522126223192,1.00099113044696,-0.153131577881613,TRUE,0.7142175584675,1.00098603007909
815,"rand=1-2_rate=1.5_ROB=LH_Bias=Rct20_NRE20-35","1-2",1.5,"LH","Rct20_NRE20-35",0.182321556793955,0.182321556793955,0.182321556793955,0.182321556793955,0.182321556793955,0.300104592450338,0.204271964601264,0.204271964601264,-0.0755498167343427,TRUE,0.739343937487198,1.00101128858536,-0.15178236595328,TRUE,0.501887894427876,1.00100314733984,-0.364594591528147,FALSE,0.801314627106794,1.00100273164226,0.0145677041415376,TRUE,0.67560653862086,1.0009862745866
816,"rand=1-2_rate=1.5_ROB=LH_Bias=Rct20_NRE20-35","1-2",1.5,"LH","Rct20_NRE20-35",0.182321556793955,0.182321556793955,0.182321556793955,0.182321556793955,0.182321556793955,0.300104592450338,0.210829493168858,0.210829493168858,-0.25970103221045,TRUE,0.811136094093768,1.00100368712057,-0.347721207367708,FALSE,0.602136977939743,1.00098625656674,-0.3233226826803,TRUE,0.978391350089657,1.00099802029783,-0.367262067157909,TRUE,0.947550934997247,1.00100355551443
817,"rand=1-2_rate=1.5_ROB=LH_Bias=Rct20_NRE20-35","1-2",1.5,"LH","Rct20_NRE20-35",0.182321556793955,0.182321556793955,0.182321556793955,0.182321556793955,0.182321556793955,0.300104592450338,0.221033180068064,0.221033180068064,-0.0305230906456557,TRUE,0.646304985754627,1.00105695835034,-0.24501539835297,TRUE,0.589990674346091,1.0010132280254,-0.125544023760138,TRUE,0.664754088839084,1.00105384473291,-0.381879434805621,TRUE,1.35732089053478,1.00098665347375
818,"rand=1-2_rate=1.5_ROB=LH_Bias=Rct20_NRE20-35","1-2",1.5,"LH","Rct20_NRE20-35",0.182321556793955,0.182321556793955,0.182321556793955,0.182321556793955,0.182321556793955,0.300104592450338,0.192312860447548,0.192312860447548,-0.383426309633846,FALSE,0.642540421273237,1.00106767926742,-0.396512173431172,FALSE,0.389462455351017,1.00101336869264,-0.556019586946311,FALSE,0.761369820376718,1.00150961481456,-0.337901748878327,FALSE,0.537988817970833,1.00098696210294
819,"rand=1-2_rate=1.5_ROB=LH_Bias=Rct20_NRE20-35","1-2",1.5,"LH","Rct20_NRE20-35",0.182321556793955,0.182321556793955,0.182321556793955,0.182321556793955,0.182321556793955,0.300104592450338,0.187217244762371,0.187217244762371,-0.327036056024077,FALSE,0.713129306517736,1.00117697581498,-0.336289872161365,FALSE,0.470669048736638,1.0010197172061,-0.251675272362062,TRUE,0.658580799708134,1.00101405136642,-0.402412611824564,FALSE,0.844944537429699,1.00098694013792
820,"rand=1-2_rate=1.5_ROB=LH_Bias=Rct20_NRE20-35","1-2",1.5,"LH","Rct20_NRE20-35",0.182321556793955,0.182321556793955,0.182321556793955,0.182321556793955,0.182321556793955,0.300104592450338,0.199902423504994,0.199902423504994,-0.307285636335296,TRUE,0.814698774158763,1.00113978252472,-0.386846080129561,FALSE,0.591943805170234,1.00106586484778,-0.189482280324276,TRUE,0.623528984618574,1.00109444073229,-0.593152717352038,FALSE,1.31754331852123,1.00098600096908
821,"rand=1-2_rate=1.5_ROB=LH_Bias=Rct20_NRE20-35","1-2",1.5,"LH","Rct20_NRE20-35",0.182321556793955,0.182321556793955,0.182321556793955,0.182321556793955,0.182321556793955,0.300104592450338,0.216638501346043,0.216638501346043,-0.255531329291731,TRUE,0.726520271848064,1.00116399531338,-0.320578848252105,FALSE,0.495015001326853,1.00100482480183,-0.386153607952781,FALSE,0.854242652333552,1.00099604375577,-0.277282194308115,TRUE,0.747662792606541,1.00099297395552
822,"rand=1-2_rate=1.5_ROB=LH_Bias=Rct20_NRE20-35","1-2",1.5,"LH","Rct20_NRE20-35",0.182321556793955,0.182321556793955,0.182321556793955,0.182321556793955,0.182321556793955,0.300104592450338,0.213669099638641,0.213669099638641,-0.245947916300441,TRUE,0.605339545550795,1.000987115525,-0.242331658054281,FALSE,0.356710159417564,1.00101348503911,-0.285716889098304,TRUE,0.714272684803024,1.00098980313102,-0.219378049776439,TRUE,0.483482642657789,1.00102973661512
823,"rand=1-2_rate=1.5_ROB=LH_Bias=Rct20_NRE20-35","1-2",1.5,"LH","Rct20_NRE20-35",0.182321556793955,0.182321556793955,0.182321556793955,0.182321556793955,0.182321556793955,0.300104592450338,0.200189496961668,0.200189496961668,-0.279869038650944,TRUE,0.781380811262379,1.00099164924535,-0.322110031759998,FALSE,0.5522343304825,1.00098893509107,-0.254074363906215,TRUE,0.741697350029911,1.00103219788926,-0.387371073980734,TRUE,1.07883482942247,1.00098940296749
824,"rand=1-2_rate=1.5_ROB=LH_Bias=Rct20_NRE20-35","1-2",1.5,"LH","Rct20_NRE20-35",0.182321556793955,0.182321556793955,0.182321556793955,0.182321556793955,0.182321556793955,0.300104592450338,0.19881882196843,0.19881882196843,-0.420128850577189,FALSE,0.69544117308354,1.00098778310354,-0.420164429367305,FALSE,0.413345950610108,1.00103740237124,-0.328523613702694,FALSE,0.708424911509436,1.00120726170308,-0.466410076265702,FALSE,0.60990279485704,1.00098911148191
825,"rand=1-2_rate=1.5_ROB=LH_Bias=Rct20_NRE20-35","1-2",1.5,"LH","Rct20_NRE20-35",0.182321556793955,0.182321556793955,0.182321556793955,0.182321556793955,0.182321556793955,0.300104592450338,0.209963975845742,0.209963975845742,-0.329464012094031,TRUE,0.778198184159058,1.00127012026151,-0.454044261931992,FALSE,0.546294783883788,1.00106527163362,-0.107809729371535,TRUE,0.497046429995193,1.00100417697811,-0.793877947745273,FALSE,1.02993459149218,1.00100551871083
826,"rand=1-2_rate=1.5_ROB=LH_Bias=Rct20_NRE20-35","1-2",1.5,"LH","Rct20_NRE20-35",0.182321556793955,0.182321556793955,0.182321556793955,0.182321556793955,0.182321556793955,0.300104592450338,0.204157193304637,0.204157193304637,-0.00397901536757517,TRUE,0.586341069433598,1.00107307705422,-0.0796223422758899,TRUE,0.439538215853786,1.00098657721176,-0.0368092644409459,TRUE,0.551160109853276,1.00113228509948,-0.10877430311345,TRUE,0.884253055680364,1.00099002942443
827,"rand=1-2_rate=1.5_ROB=LH_Bias=Rct20_NRE20-35","1-2",1.5,"LH","Rct20_NRE20-35",0.182321556793955,0.182321556793955,0.182321556793955,0.182321556793955,0.182321556793955,0.300104592450338,0.211644609604313,0.211644609604313,-0.215444558402456,TRUE,0.714279841810354,1.00098702598909,-0.274122308031418,FALSE,0.513365834204765,1.00098683593552,-0.22941172161238,TRUE,0.908062713245291,1.001080072468,-0.312002755244834,TRUE,0.752889871689099,1.00104243244841
828,"rand=1-2_rate=1.5_ROB=LH_Bias=Rct20_NRE20-35","1-2",1.5,"LH","Rct20_NRE20-35",0.182321556793955,0.182321556793955,0.182321556793955,0.182321556793955,0.182321556793955,0.300104592450338,0.174763900806489,0.174763900806489,-0.390630484152635,FALSE,0.610781516778315,1.0010046784355,-0.368742126341976,FALSE,0.308220927856317,1.00098621294816,-0.280956176831927,TRUE,0.716916884722263,1.00171197193755,-0.393170181457598,FALSE,0.37830706003569,1.00098612927633
829,"rand=1-2_rate=1.5_ROB=LH_Bias=Rct20_NRE20-35","1-2",1.5,"LH","Rct20_NRE20-35",0.182321556793955,0.182321556793955,0.182321556793955,0.182321556793955,0.182321556793955,0.300104592450338,0.188799423411845,0.188799423411845,-0.338101538912126,FALSE,0.744546721491998,1.00106059628974,-0.199045678777388,FALSE,0.431940128032036,1.00098853602718,-0.283660006020286,TRUE,0.714792540285327,1.00099580902835,-0.138908199452297,TRUE,0.659577323714733,1.00098762499434
830,"rand=1-2_rate=1.5_ROB=LH_Bias=Rct20_NRE20-35","1-2",1.5,"LH","Rct20_NRE20-35",0.182321556793955,0.182321556793955,0.182321556793955,0.182321556793955,0.182321556793955,0.300104592450338,0.196987014875415,0.196987014875415,0.0285469006142876,TRUE,0.477256146755841,1.00098600555366,-0.0875502059397626,TRUE,0.372155899904326,1.00098628096768,-0.0510572815440402,TRUE,0.577691162937216,1.00142366795239,-0.11244233665178,TRUE,0.617338349189437,1.00112945796574
831,"rand=1-2_rate=1.5_ROB=LH_Bias=Rct20_NRE20-35","1-2",1.5,"LH","Rct20_NRE20-35",0.182321556793955,0.182321556793955,0.182321556793955,0.182321556793955,0.182321556793955,0.300104592450338,0.202153316647389,0.202153316647389,-0.101186527616311,TRUE,0.642546906648481,1.0010222952479,-0.170860298030561,TRUE,0.453741901493473,1.00100775606162,0.0368434314099017,TRUE,0.517026591044519,1.0009867364024,-0.370055402166906,FALSE,0.809363462872537,1.00101833834088
832,"rand=1-2_rate=1.5_ROB=LH_Bias=Rct20_NRE20-35","1-2",1.5,"LH","Rct20_NRE20-35",0.182321556793955,0.182321556793955,0.182321556793955,0.182321556793955,0.182321556793955,0.300104592450338,0.201569946146338,0.201569946146338,-0.223226417637286,TRUE,0.866216449903007,1.00102862232675,-0.206929429705385,TRUE,0.593505295924227,1.0009879432615,-0.172542622676163,TRUE,0.810601218112815,1.00108091534047,-0.250122857853387,TRUE,1.21807584749264,1.00098604258515
833,"rand=1-2_rate=1.5_ROB=LH_Bias=Rct20_NRE20-35","1-2",1.5,"LH","Rct20_NRE20-35",0.182321556793955,0.182321556793955,0.182321556793955,0.182321556793955,0.182321556793955,0.300104592450338,0.199102456090885,0.199102456090885,-0.213943808709231,TRUE,0.608932208845836,1.00130322047056,-0.248820640054777,FALSE,0.384162459043517,1.00099324434113,-0.286962767261728,FALSE,0.576820024057029,1.00101823246825,-0.221585386017321,TRUE,0.674200579271981,1.00098602431056
834,"rand=1-2_rate=1.5_ROB=LH_Bias=Rct20_NRE20-35","1-2",1.5,"LH","Rct20_NRE20-35",0.182321556793955,0.182321556793955,0.182321556793955,0.182321556793955,0.182321556793955,0.300104592450338,0.194800628128737,0.194800628128737,-0.180301493936948,TRUE,0.600862324570776,1.00107320804696,-0.19998898853164,FALSE,0.376725032345066,1.00098647049141,-0.101952857733013,TRUE,0.57822017546034,1.00101202234078,-0.261429663709624,TRUE,0.605105833781759,1.00110662777773
835,"rand=1-2_rate=1.5_ROB=LH_Bias=Rct20_NRE20-35","1-2",1.5,"LH","Rct20_NRE20-35",0.182321556793955,0.182321556793955,0.182321556793955,0.182321556793955,0.182321556793955,0.300104592450338,0.187541712662863,0.187541712662863,-0.101050093045458,TRUE,0.624238376214432,1.00108490776141,-0.205839058777049,FALSE,0.443143707822509,1.00114565672068,-0.126457534551063,TRUE,0.554033662771778,1.00101273743342,-0.254741891068946,TRUE,0.894591420736046,1.00098774233212
836,"rand=1-2_rate=1.5_ROB=LH_Bias=Rct20_NRE20-35","1-2",1.5,"LH","Rct20_NRE20-35",0.182321556793955,0.182321556793955,0.182321556793955,0.182321556793955,0.182321556793955,0.300104592450338,0.200561262071252,0.200561262071252,-0.143929773040359,TRUE,0.462046231735064,1.00100090500364,-0.111433508567767,FALSE,0.227305224262586,1.00104240269106,-0.376284006472524,FALSE,0.711191750124904,1.00103216409395,-0.065987344701691,TRUE,0.214199159557283,1.00112946300613
837,"rand=1-2_rate=1.5_ROB=LH_Bias=Rct20_NRE20-35","1-2",1.5,"LH","Rct20_NRE20-35",0.182321556793955,0.182321556793955,0.182321556793955,0.182321556793955,0.182321556793955,0.300104592450338,0.201042621904851,0.201042621904851,-0.346856012467842,FALSE,0.826066428549845,1.00100048430587,-0.388529556721513,FALSE,0.589168200377759,1.00099394686101,-0.327223600797585,TRUE,0.810455456784117,1.00099971974231,-0.45217091489511,FALSE,1.11832117673876,1.00098937223138
838,"rand=1-2_rate=1.5_ROB=LH_Bias=Rct20_NRE20-35","1-2",1.5,"LH","Rct20_NRE20-35",0.182321556793955,0.182321556793955,0.182321556793955,0.182321556793955,0.182321556793955,0.300104592450338,0.214448912874669,0.214448912874669,-0.405496028034998,FALSE,0.804992309146126,1.00104066224135,-0.463938588255196,FALSE,0.622758989023219,1.00106311583499,-0.296762816049992,TRUE,0.768611732226883,1.00109540108187,-0.652527643918854,FALSE,1.2639945252055,1.00099284173919
839,"rand=1-2_rate=1.5_ROB=LH_Bias=Rct20_NRE20-35","1-2",1.5,"LH","Rct20_NRE20-35",0.182321556793955,0.182321556793955,0.182321556793955,0.182321556793955,0.182321556793955,0.300104592450338,0.200682736905384,0.200682736905384,-0.333298056775565,TRUE,0.801885827455622,1.00103594357836,-0.341546214195388,FALSE,0.532113960204738,1.00099712138775,-0.187822083349335,TRUE,0.628810591297649,1.00100834644135,-0.481004494331154,FALSE,1.05709908431253,1.00098902234345
840,"rand=1-2_rate=1.5_ROB=LH_Bias=Rct20_NRE20-35","1-2",1.5,"LH","Rct20_NRE20-35",0.182321556793955,0.182321556793955,0.182321556793955,0.182321556793955,0.182321556793955,0.300104592450338,0.197429259261757,0.197429259261757,-0.284132288169068,TRUE,0.748747820580039,1.00103183293089,-0.264661811897445,FALSE,0.522612945822376,1.00100090985954,-0.469424463530865,FALSE,0.691404535693886,1.00099178273718,-0.0913666802058772,TRUE,0.89916477866621,1.00098945415831
841,"rand=1-2_rate=1.5_ROB=LH_Bias=Rct20_NRE20-35","1-2",1.5,"LH","Rct20_NRE20-35",0.182321556793955,0.182321556793955,0.182321556793955,0.182321556793955,0.182321556793955,0.300104592450338,0.197406715808625,0.197406715808625,-0.137153040409829,TRUE,0.626424500683578,1.00108396668256,-0.312760297495485,FALSE,0.494547473327045,1.00099992471611,-0.134127823754633,TRUE,0.522260160557546,1.00098809287879,-0.481001359990163,FALSE,1.09586786512622,1.00101896875466
842,"rand=1-2_rate=1.5_ROB=LH_Bias=Rct20_NRE20-35","1-2",1.5,"LH","Rct20_NRE20-35",0.182321556793955,0.182321556793955,0.182321556793955,0.182321556793955,0.182321556793955,0.300104592450338,0.198978204661759,0.198978204661759,-0.0348165107037046,TRUE,0.564753749804959,1.00137542365357,-0.199556044306808,TRUE,0.55088185524553,1.00099032402606,0.0408254540361115,TRUE,0.455009152803251,1.00114705460893,-0.502645575447419,TRUE,1.38796680353103,1.00100498912426
843,"rand=1-2_rate=1.5_ROB=LH_Bias=Rct20_NRE20-35","1-2",1.5,"LH","Rct20_NRE20-35",0.182321556793955,0.182321556793955,0.182321556793955,0.182321556793955,0.182321556793955,0.300104592450338,0.197037589664434,0.197037589664434,-0.119058719722201,TRUE,0.545705329489158,1.00102526197459,-0.0684249426946708,TRUE,0.335578729903589,1.00100166489025,-0.139718738066978,TRUE,0.61385566406847,1.00109605086145,-0.030038592185625,TRUE,0.479371481641654,1.00099061362533
844,"rand=1-2_rate=1.5_ROB=LH_Bias=Rct20_NRE20-35","1-2",1.5,"LH","Rct20_NRE20-35",0.182321556793955,0.182321556793955,0.182321556793955,0.182321556793955,0.182321556793955,0.300104592450338,0.200467588106774,0.200467588106774,-0.194431545611375,TRUE,0.541599783124981,1.00100520714248,-0.290826167209489,FALSE,0.364876474247575,1.00098600310203,-0.170073147287889,TRUE,0.636942063347142,1.00116960189166,-0.353281342632412,FALSE,0.489219621742135,1.00100408608126
845,"rand=1-2_rate=1.5_ROB=LH_Bias=Rct20_NRE20-35","1-2",1.5,"LH","Rct20_NRE20-35",0.182321556793955,0.182321556793955,0.182321556793955,0.182321556793955,0.182321556793955,0.300104592450338,0.209121840314866,0.209121840314866,-0.0797633877163959,TRUE,0.670087227866981,1.00107214452022,-0.151314355698285,TRUE,0.514443881941015,1.00098718616229,-0.0843503327728072,TRUE,0.599103239229027,1.00104409529366,-0.225035841504723,TRUE,1.11284992989855,1.00098612500728
846,"rand=1-2_rate=1.5_ROB=LH_Bias=Rct20_NRE20-35","1-2",1.5,"LH","Rct20_NRE20-35",0.182321556793955,0.182321556793955,0.182321556793955,0.182321556793955,0.182321556793955,0.300104592450338,0.198951065419889,0.198951065419889,-0.0919838734371743,TRUE,0.54269270725518,1.00105617852997,-0.177643716544863,FALSE,0.372582764932996,1.00101060444172,-0.100270885329353,TRUE,0.559414764456615,1.00126704084951,-0.228441549990787,TRUE,0.612352329512374,1.00099147661379
847,"rand=1-2_rate=1.5_ROB=LH_Bias=Rct20_NRE20-35","1-2",1.5,"LH","Rct20_NRE20-35",0.182321556793955,0.182321556793955,0.182321556793955,0.182321556793955,0.182321556793955,0.300104592450338,0.199128380384064,0.199128380384064,-0.221266964444379,TRUE,0.595551077894998,1.00131407383802,-0.273725586139168,FALSE,0.407178422366314,1.00099726223331,-0.275710372405844,FALSE,0.563036000686074,1.00098598997045,-0.281470297616084,TRUE,0.793439242415602,1.00098600463673
848,"rand=1-2_rate=1.5_ROB=LH_Bias=Rct20_NRE20-35","1-2",1.5,"LH","Rct20_NRE20-35",0.182321556793955,0.182321556793955,0.182321556793955,0.182321556793955,0.182321556793955,0.300104592450338,0.190134832791968,0.190134832791968,-0.369227686683131,FALSE,0.815022960900406,1.00106249341077,-0.23270513063878,FALSE,0.492049910458015,1.0009877648947,-0.360487225222481,FALSE,0.763313025530268,1.00100625320824,-0.139323820457496,TRUE,0.790244668404443,1.00098727488117
849,"rand=1-2_rate=1.5_ROB=LH_Bias=Rct20_NRE20-35","1-2",1.5,"LH","Rct20_NRE20-35",0.182321556793955,0.182321556793955,0.182321556793955,0.182321556793955,0.182321556793955,0.300104592450338,0.186967647971966,0.186967647971966,-0.13971945887923,TRUE,0.650875005069199,1.00100577521765,-0.201511718365408,FALSE,0.441061558507048,1.00098697895911,-0.278951529528896,TRUE,0.817637940158499,1.00098654612984,-0.15277339315894,TRUE,0.638334505766597,1.00098927336898
850,"rand=1-2_rate=1.5_ROB=LH_Bias=Rct20_NRE20-35","1-2",1.5,"LH","Rct20_NRE20-35",0.182321556793955,0.182321556793955,0.182321556793955,0.182321556793955,0.182321556793955,0.300104592450338,0.201459846851724,0.201459846851724,-0.185493564326555,TRUE,0.554103805465104,1.00112496151559,-0.249462860032115,FALSE,0.369952914555122,1.00102457290552,-0.217624420800902,TRUE,0.647210592984631,1.00101087076716,-0.266162885844934,FALSE,0.534348406145233,1.00104240390522
851,"rand=1-2_rate=1.5_ROB=LH_Bias=Rct20_NRE20-35","1-2",1.5,"LH","Rct20_NRE20-35",0.182321556793955,0.182321556793955,0.182321556793955,0.182321556793955,0.182321556793955,0.300104592450338,0.211341975802158,0.211341975802158,-0.219912231667656,TRUE,0.692762836415937,1.00110864517136,-0.219538003270228,FALSE,0.453646229636446,1.00099642709839,-0.17236344711936,TRUE,0.666057872008446,1.00103435404537,-0.2606294165331,TRUE,0.817681643002264,1.00098610845852
852,"rand=1-2_rate=1.5_ROB=LH_Bias=Rct20_NRE20-35","1-2",1.5,"LH","Rct20_NRE20-35",0.182321556793955,0.182321556793955,0.182321556793955,0.182321556793955,0.182321556793955,0.300104592450338,0.187779880938584,0.187779880938584,-0.220500701206939,TRUE,0.857360838682075,1.00098608604094,-0.201185450573048,TRUE,0.589706594767985,1.0009882759632,-0.267658342733194,TRUE,0.898451260231508,1.00098622387505,-0.132906666653916,TRUE,1.02699314452205,1.00101497887887
853,"rand=1-2_rate=1.5_ROB=LH_Bias=Rct20_NRE20-35","1-2",1.5,"LH","Rct20_NRE20-35",0.182321556793955,0.182321556793955,0.182321556793955,0.182321556793955,0.182321556793955,0.300104592450338,0.195466346106752,0.195466346106752,-0.24775429898176,TRUE,0.694295677024598,1.00111060448081,-0.189277702819677,TRUE,0.435825238548701,1.00103812043803,-0.267285316536822,TRUE,0.644085649638443,1.00110085651465,-0.134638308978619,TRUE,0.754094348067088,1.00103070863144
854,"rand=1-2_rate=1.5_ROB=LH_Bias=Rct20_NRE20-35","1-2",1.5,"LH","Rct20_NRE20-35",0.182321556793955,0.182321556793955,0.182321556793955,0.182321556793955,0.182321556793955,0.300104592450338,0.194576041620397,0.194576041620397,-0.0726877072052241,TRUE,0.586190073410658,1.00098749547333,-0.0936104873359531,TRUE,0.395006845798112,1.00112123339676,0.0125993663369245,TRUE,0.663337367718983,1.00098738375498,-0.168903646727211,TRUE,0.533308027942882,1.00100203805575
855,"rand=1-2_rate=1.5_ROB=LH_Bias=Rct20_NRE20-35","1-2",1.5,"LH","Rct20_NRE20-35",0.182321556793955,0.182321556793955,0.182321556793955,0.182321556793955,0.182321556793955,0.300104592450338,0.202247913248286,0.202247913248286,-0.0358541650892334,TRUE,0.470080371669054,1.00100096896389,-0.0902506379690855,TRUE,0.305920163536125,1.00098943585166,-0.130751160075551,TRUE,0.514482131821983,1.00101400107497,-0.0736755711985979,TRUE,0.506244968960231,1.0010066933546
856,"rand=1-2_rate=1.5_ROB=LH_Bias=Rct20_NRE20-35","1-2",1.5,"LH","Rct20_NRE20-35",0.182321556793955,0.182321556793955,0.182321556793955,0.182321556793955,0.182321556793955,0.300104592450338,0.200121267586186,0.200121267586186,-0.389270757141004,FALSE,0.710020186724967,1.00105176103632,-0.37498825599589,FALSE,0.436452630550425,1.00099234777464,-0.110932647104482,TRUE,0.546307670003248,1.00099208369382,-0.544829558783275,FALSE,0.5994134008742,1.00099549473713
857,"rand=1-2_rate=1.5_ROB=LH_Bias=Rct20_NRE20-35","1-2",1.5,"LH","Rct20_NRE20-35",0.182321556793955,0.182321556793955,0.182321556793955,0.182321556793955,0.182321556793955,0.300104592450338,0.216638161377876,0.216638161377876,-0.174287880253579,TRUE,0.553829005635418,1.00108377886827,-0.242230275876966,FALSE,0.476668900957809,1.00100841721126,-0.0086417223831543,TRUE,0.634529533139116,1.00106823354623,-0.431353928135762,FALSE,0.709158982505624,1.00103156124597
858,"rand=1-2_rate=1.5_ROB=LH_Bias=Rct20_NRE20-35","1-2",1.5,"LH","Rct20_NRE20-35",0.182321556793955,0.182321556793955,0.182321556793955,0.182321556793955,0.182321556793955,0.300104592450338,0.1911085075453,0.1911085075453,-0.0354338213244174,TRUE,0.443985560643756,1.00098818504439,0.00401873206881609,TRUE,0.237094397295923,1.00135298066706,-0.15227229098727,TRUE,0.58178059966041,1.00103230880962,0.0434561641719196,TRUE,0.283973147689644,1.00103714725497
859,"rand=1-2_rate=1.5_ROB=LH_Bias=Rct20_NRE20-35","1-2",1.5,"LH","Rct20_NRE20-35",0.182321556793955,0.182321556793955,0.182321556793955,0.182321556793955,0.182321556793955,0.300104592450338,0.216536677422168,0.216536677422168,-0.320934362134463,TRUE,0.761918945064597,1.00112744436614,-0.369267953901301,FALSE,0.634446392995099,1.00109547075935,-0.364913692594679,FALSE,0.623751788693902,1.0010502348338,-0.358763773010586,TRUE,1.57462653260075,1.00098718760657
860,"rand=1-2_rate=1.5_ROB=LH_Bias=Rct20_NRE20-35","1-2",1.5,"LH","Rct20_NRE20-35",0.182321556793955,0.182321556793955,0.182321556793955,0.182321556793955,0.182321556793955,0.300104592450338,0.192469237266717,0.192469237266717,-0.138447985568828,TRUE,0.532262449945253,1.00118301608278,-0.147618721178574,TRUE,0.322627121586004,1.00099181738972,-0.14064787566132,TRUE,0.518865020288689,1.00116659986423,-0.149316955823403,TRUE,0.546078263209722,1.00104394359804
861,"rand=1-2_rate=1.5_ROB=LH_Bias=Rct20_NRE20-35","1-2",1.5,"LH","Rct20_NRE20-35",0.182321556793955,0.182321556793955,0.182321556793955,0.182321556793955,0.182321556793955,0.300104592450338,0.199053430295627,0.199053430295627,-0.0369254195793238,TRUE,0.534510156379578,1.0013394925291,-0.157850182191992,TRUE,0.41962053430875,1.00098880265046,-0.0414791327654924,TRUE,0.546483005945619,1.0013086833862,-0.245500091986127,TRUE,0.763136453475859,1.00099075120828
862,"rand=1-2_rate=1.5_ROB=LH_Bias=Rct20_NRE20-35","1-2",1.5,"LH","Rct20_NRE20-35",0.182321556793955,0.182321556793955,0.182321556793955,0.182321556793955,0.182321556793955,0.300104592450338,0.188739533757264,0.188739533757264,-0.247196454126626,TRUE,0.671938529622535,1.00098634547791,-0.29247004024834,FALSE,0.49164409466705,1.00119909217636,-0.346019377534301,FALSE,0.624943146501974,1.00159493030935,-0.254168895086431,TRUE,0.980936920832015,1.0009884657349
863,"rand=1-2_rate=1.5_ROB=LH_Bias=Rct20_NRE20-35","1-2",1.5,"LH","Rct20_NRE20-35",0.182321556793955,0.182321556793955,0.182321556793955,0.182321556793955,0.182321556793955,0.300104592450338,0.208022532662044,0.208022532662044,-0.272943843314155,TRUE,0.617615726572159,1.00114623150915,-0.239906194305274,FALSE,0.370145214351475,1.00098599310669,-0.155853811820801,TRUE,0.572767201085674,1.00117174804636,-0.286272371268417,FALSE,0.594967982730094,1.00099718846391
864,"rand=1-2_rate=1.5_ROB=LH_Bias=Rct20_NRE20-35","1-2",1.5,"LH","Rct20_NRE20-35",0.182321556793955,0.182321556793955,0.182321556793955,0.182321556793955,0.182321556793955,0.300104592450338,0.202427912523313,0.202427912523313,-0.141319409576591,TRUE,0.696480589405818,1.0009952444603,-0.232116500891563,FALSE,0.53596750749705,1.00116092061523,-0.304694393266305,FALSE,0.669056518800597,1.00107107223597,-0.149280428401786,TRUE,1.04142043568944,1.00099340068541
865,"rand=1-2_rate=1.5_ROB=LH_Bias=Rct20_NRE20-35","1-2",1.5,"LH","Rct20_NRE20-35",0.182321556793955,0.182321556793955,0.182321556793955,0.182321556793955,0.182321556793955,0.300104592450338,0.198006352074698,0.198006352074698,-0.340064461282835,FALSE,0.593207830364395,1.00112834859834,-0.237555025244093,FALSE,0.309701716354521,1.00129187822228,-0.240175999202945,TRUE,0.57533012688172,1.00136262993041,-0.2297082665814,FALSE,0.474683119692394,1.00098628987422
866,"rand=1-2_rate=1.5_ROB=LH_Bias=Rct20_NRE20-35","1-2",1.5,"LH","Rct20_NRE20-35",0.182321556793955,0.182321556793955,0.182321556793955,0.182321556793955,0.182321556793955,0.300104592450338,0.220247290232924,0.220247290232924,-0.0189713866407857,TRUE,0.48836966977587,1.00100026518158,-0.0946662933523554,TRUE,0.35599116271994,1.00098825508904,-0.0307118548031076,TRUE,0.531721918718183,1.00099532264169,-0.138071003884895,TRUE,0.603868459684118,1.00099019091005
867,"rand=1-2_rate=1.5_ROB=LH_Bias=Rct20_NRE20-35","1-2",1.5,"LH","Rct20_NRE20-35",0.182321556793955,0.182321556793955,0.182321556793955,0.182321556793955,0.182321556793955,0.300104592450338,0.199556685178405,0.199556685178405,-0.336269494968742,TRUE,0.812433750782176,1.00098979857527,-0.343828550617425,FALSE,0.544885462608172,1.00102261218861,-0.391460299441125,TRUE,1.05441470870648,1.00098958080404,-0.301850849002364,FALSE,0.682339501719292,1.00098948457383
868,"rand=1-2_rate=1.5_ROB=LH_Bias=Rct20_NRE20-35","1-2",1.5,"LH","Rct20_NRE20-35",0.182321556793955,0.182321556793955,0.182321556793955,0.182321556793955,0.182321556793955,0.300104592450338,0.197608362812472,0.197608362812472,-0.250625809969746,TRUE,0.75939378886369,1.00113147385338,-0.362976873776321,FALSE,0.550590397181991,1.00098627766463,-0.505018518032948,FALSE,0.792113793601152,1.00128525321646,-0.260672835368194,TRUE,0.946875124170564,1.00100000305666
869,"rand=1-2_rate=1.5_ROB=LH_Bias=Rct20_NRE20-35","1-2",1.5,"LH","Rct20_NRE20-35",0.182321556793955,0.182321556793955,0.182321556793955,0.182321556793955,0.182321556793955,0.300104592450338,0.200229902036361,0.200229902036361,-0.150962758036935,TRUE,0.541429231893949,1.00142083548081,-0.253312379595989,FALSE,0.387416025523095,1.00099427372085,-0.228270618796777,TRUE,0.631510137412472,1.00101381489427,-0.266542998893894,TRUE,0.614676139635119,1.00099047133181
870,"rand=1-2_rate=1.5_ROB=LH_Bias=Rct20_NRE20-35","1-2",1.5,"LH","Rct20_NRE20-35",0.182321556793955,0.182321556793955,0.182321556793955,0.182321556793955,0.182321556793955,0.300104592450338,0.195348521887552,0.195348521887552,-0.126522241604448,TRUE,0.583709592904093,1.00229897869689,-0.168578555120407,TRUE,0.401237397960406,1.00103705733529,-0.161540566447707,TRUE,0.556352838571108,1.00252137682618,-0.173681165709215,TRUE,0.7829767526066,1.00099424930706
871,"rand=1-2_rate=1.5_ROB=LH_Bias=Rct20_NRE20-35","1-2",1.5,"LH","Rct20_NRE20-35",0.182321556793955,0.182321556793955,0.182321556793955,0.182321556793955,0.182321556793955,0.300104592450338,0.201398712930486,0.201398712930486,-0.384160181124398,FALSE,0.67590936042673,1.00133169231162,-0.336679452538019,FALSE,0.396584585221076,1.00098607306011,-0.417925643236567,FALSE,0.731799557257695,1.00184074219662,-0.299411912624254,FALSE,0.586155478790008,1.0010322735111
872,"rand=1-2_rate=1.5_ROB=LH_Bias=Rct20_NRE20-35","1-2",1.5,"LH","Rct20_NRE20-35",0.182321556793955,0.182321556793955,0.182321556793955,0.182321556793955,0.182321556793955,0.300104592450338,0.189734645298836,0.189734645298836,-0.476626683463137,FALSE,0.908674086568521,1.00103628663261,-0.417951037752806,FALSE,0.600776240724428,1.0009955332359,-0.439801997103346,FALSE,0.724441931695863,1.00118941756995,-0.401980998097463,TRUE,1.24126924715208,1.00099856082697
873,"rand=1-2_rate=1.5_ROB=LH_Bias=Rct20_NRE20-35","1-2",1.5,"LH","Rct20_NRE20-35",0.182321556793955,0.182321556793955,0.182321556793955,0.182321556793955,0.182321556793955,0.300104592450338,0.190715502012388,0.190715502012388,-0.22222862210048,TRUE,0.651797296322555,1.00105959417251,-0.301424338276972,FALSE,0.438418571310068,1.00109110033351,-0.342974034441439,FALSE,0.62194726055264,1.00140070289383,-0.268788562455801,TRUE,0.847017901484552,1.00099096733907
874,"rand=1-2_rate=1.5_ROB=LH_Bias=Rct20_NRE20-35","1-2",1.5,"LH","Rct20_NRE20-35",0.182321556793955,0.182321556793955,0.182321556793955,0.182321556793955,0.182321556793955,0.300104592450338,0.204728047179866,0.204728047179866,-0.460863313540953,FALSE,0.795734450239249,1.00114682817845,-0.449729633020442,FALSE,0.506521742604887,1.00102996078764,-0.291810863811139,FALSE,0.667835880700195,1.00106301493652,-0.574270191516301,FALSE,0.910859830639337,1.00098891957476
875,"rand=1-2_rate=1.5_ROB=LH_Bias=Rct20_NRE20-35","1-2",1.5,"LH","Rct20_NRE20-35",0.182321556793955,0.182321556793955,0.182321556793955,0.182321556793955,0.182321556793955,0.300104592450338,0.195446651566844,0.195446651566844,-0.382858786731846,FALSE,0.766575673772655,1.00098865307607,-0.220397086664158,FALSE,0.40087884935604,1.00098649285868,-0.376652048469433,FALSE,0.664973271496449,1.00098599727544,-0.136712136144075,TRUE,0.592679516042032,1.0010026143931
876,"rand=1-2_rate=1.5_ROB=LH_Bias=Rct20_NRE20-35","1-2",1.5,"LH","Rct20_NRE20-35",0.182321556793955,0.182321556793955,0.182321556793955,0.182321556793955,0.182321556793955,0.300104592450338,0.220020994507345,0.220020994507345,-0.11881524869612,TRUE,0.654955627519763,1.00103702101413,-0.132495869786966,TRUE,0.438735250293426,1.00107241488585,-0.249669161822593,TRUE,0.677376897537071,1.00118192580154,-0.048759503511286,TRUE,0.699249720455571,1.00101022695557
877,"rand=1-2_rate=1.5_ROB=LH_Bias=Rct20_NRE20-35","1-2",1.5,"LH","Rct20_NRE20-35",0.182321556793955,0.182321556793955,0.182321556793955,0.182321556793955,0.182321556793955,0.300104592450338,0.185986380032886,0.185986380032886,-0.487093942103216,FALSE,0.777052332787345,1.00101052327277,-0.479380555283436,FALSE,0.524679011846229,1.00098629320094,-0.52655399812127,FALSE,0.690573295016376,1.00102299161725,-0.434114586521181,TRUE,1.0801601917962,1.00103595895646
878,"rand=1-2_rate=1.5_ROB=LH_Bias=Rct20_NRE20-35","1-2",1.5,"LH","Rct20_NRE20-35",0.182321556793955,0.182321556793955,0.182321556793955,0.182321556793955,0.182321556793955,0.300104592450338,0.201282568387089,0.201282568387089,-0.067884506050407,TRUE,0.625290514890651,1.00112387653323,-0.0334997534658936,TRUE,0.386981439633808,1.00100371416551,-0.251793761534394,TRUE,0.707828513574115,1.00100523657227,0.0932796966988935,TRUE,0.454680074538019,1.00104847125247
879,"rand=1-2_rate=1.5_ROB=LH_Bias=Rct20_NRE20-35","1-2",1.5,"LH","Rct20_NRE20-35",0.182321556793955,0.182321556793955,0.182321556793955,0.182321556793955,0.182321556793955,0.300104592450338,0.204599040419628,0.204599040419628,-0.150213877055837,TRUE,0.580415831365716,1.00143740701455,-0.114302921716531,TRUE,0.34571415340366,1.00100756891949,0.0619197224727339,TRUE,0.437448886546912,1.00155528756146,-0.232601106433791,TRUE,0.550047732752524,1.00100664361802
880,"rand=1-2_rate=1.5_ROB=LH_Bias=Rct20_NRE20-35","1-2",1.5,"LH","Rct20_NRE20-35",0.182321556793955,0.182321556793955,0.182321556793955,0.182321556793955,0.182321556793955,0.300104592450338,0.203505920487791,0.203505920487791,-0.406790483973247,FALSE,0.634090034181272,1.00110121343654,-0.456460829894036,FALSE,0.384765940034222,1.00104042560144,-0.157355980528764,TRUE,0.566669279960534,1.00099575978993,-0.581230938091562,FALSE,0.4123278264411,1.00098934835627
881,"rand=1-2_rate=1.5_ROB=LH_Bias=Rct20_NRE20-35","1-2",1.5,"LH","Rct20_NRE20-35",0.182321556793955,0.182321556793955,0.182321556793955,0.182321556793955,0.182321556793955,0.300104592450338,0.18598671155977,0.18598671155977,-0.453828235558003,FALSE,0.572483224072054,1.00100447516565,-0.281895901376209,FALSE,0.336300357991883,1.00099382638739,-0.386909537411319,FALSE,0.623633514147028,1.00311870320153,-0.237085122010928,TRUE,0.521034391098627,1.0010248189449
882,"rand=1-2_rate=1.5_ROB=LH_Bias=Rct20_NRE20-35","1-2",1.5,"LH","Rct20_NRE20-35",0.182321556793955,0.182321556793955,0.182321556793955,0.182321556793955,0.182321556793955,0.300104592450338,0.218152252280727,0.218152252280727,-0.0386960690794371,TRUE,0.571682906145637,1.00103891353596,-0.126237891064337,TRUE,0.423089587766883,1.00099493965422,-0.203522655886321,TRUE,0.634016163498245,1.00102569754306,-0.0758746318226386,TRUE,0.726215128174678,1.00098745579963
883,"rand=1-2_rate=1.5_ROB=LH_Bias=Rct20_NRE20-35","1-2",1.5,"LH","Rct20_NRE20-35",0.182321556793955,0.182321556793955,0.182321556793955,0.182321556793955,0.182321556793955,0.300104592450338,0.187823496626135,0.187823496626135,-0.469199935399977,FALSE,0.628697478953853,1.00099283550468,-0.331483110362242,FALSE,0.347129048726783,1.00101484375963,-0.264375713966569,FALSE,0.569739613683945,1.00098991705695,-0.356662767046952,FALSE,0.540024424643115,1.00098714805814
884,"rand=1-2_rate=1.5_ROB=LH_Bias=Rct20_NRE20-35","1-2",1.5,"LH","Rct20_NRE20-35",0.182321556793955,0.182321556793955,0.182321556793955,0.182321556793955,0.182321556793955,0.300104592450338,0.206181839000552,0.206181839000552,-0.192206197653382,TRUE,0.664339720267672,1.00098655156168,-0.212954417370351,FALSE,0.437742517894503,1.00098639911485,-0.315620678428965,FALSE,0.65416243488061,1.00109292486256,-0.13267864217818,TRUE,0.72870682115276,1.00100923242375
885,"rand=1-2_rate=1.5_ROB=LH_Bias=Rct20_NRE20-35","1-2",1.5,"LH","Rct20_NRE20-35",0.182321556793955,0.182321556793955,0.182321556793955,0.182321556793955,0.182321556793955,0.300104592450338,0.211188775476527,0.211188775476527,-0.340217047253396,FALSE,0.658394249543558,1.00103932477968,-0.460351138913577,FALSE,0.489984290062498,1.00098978764203,-0.313101322683113,FALSE,0.579399385342688,1.00157395066464,-0.575266053366041,FALSE,1.03544832198614,1.00099103691656
886,"rand=1-2_rate=1.5_ROB=LH_Bias=Rct20_NRE20-35","1-2",1.5,"LH","Rct20_NRE20-35",0.182321556793955,0.182321556793955,0.182321556793955,0.182321556793955,0.182321556793955,0.300104592450338,0.228314019007878,0.228314019007878,-0.149080848958608,TRUE,0.534666166097265,1.0009939035658,-0.148937245077154,FALSE,0.303810450242952,1.00098601592704,-0.0956625948943632,TRUE,0.505865880207835,1.00155929639116,-0.172584162735567,TRUE,0.48670317398335,1.00099681419686
887,"rand=1-2_rate=1.5_ROB=LH_Bias=Rct20_NRE20-35","1-2",1.5,"LH","Rct20_NRE20-35",0.182321556793955,0.182321556793955,0.182321556793955,0.182321556793955,0.182321556793955,0.300104592450338,0.20607191529507,0.20607191529507,-0.233836168508329,TRUE,0.674120696415121,1.00104036050764,-0.254670141387575,FALSE,0.482907107095191,1.00100110390774,-0.238978419379161,TRUE,0.595411113981744,1.00320699893908,-0.276572991970688,TRUE,1.04415049269979,1.00098683857379
888,"rand=1-2_rate=1.5_ROB=LH_Bias=Rct20_NRE20-35","1-2",1.5,"LH","Rct20_NRE20-35",0.182321556793955,0.182321556793955,0.182321556793955,0.182321556793955,0.182321556793955,0.300104592450338,0.205785923890123,0.205785923890123,-0.630619719246496,FALSE,0.798841286508199,1.00111490768763,-0.608976673131331,FALSE,0.47906820425621,1.00101180183132,-0.504864412533706,FALSE,0.792588551869779,1.00124149666683,-0.664661670371935,FALSE,0.724755123803826,1.00114067096713
889,"rand=1-2_rate=1.5_ROB=LH_Bias=Rct20_NRE20-35","1-2",1.5,"LH","Rct20_NRE20-35",0.182321556793955,0.182321556793955,0.182321556793955,0.182321556793955,0.182321556793955,0.300104592450338,0.214948893197952,0.214948893197952,-0.346812672833029,FALSE,0.722770906786754,1.00109859197581,-0.286280090824221,FALSE,0.480112883792071,1.00098843398443,-0.326461363233963,FALSE,0.631821467196007,1.00121421159281,-0.238311409370351,TRUE,0.917883309090229,1.00098910992086
890,"rand=1-2_rate=1.5_ROB=LH_Bias=Rct20_NRE20-35","1-2",1.5,"LH","Rct20_NRE20-35",0.182321556793955,0.182321556793955,0.182321556793955,0.182321556793955,0.182321556793955,0.300104592450338,0.202973692124957,0.202973692124957,-0.200510151932736,TRUE,0.667863163950153,1.00115320419999,-0.293444393845405,FALSE,0.489179738359605,1.00098603398444,-0.331491441719383,FALSE,0.737258559812918,1.00116323257784,-0.257702610562808,TRUE,0.833698030177506,1.00098891898115
891,"rand=1-2_rate=1.5_ROB=LH_Bias=Rct20_NRE20-35","1-2",1.5,"LH","Rct20_NRE20-35",0.182321556793955,0.182321556793955,0.182321556793955,0.182321556793955,0.182321556793955,0.300104592450338,0.199070513404938,0.199070513404938,-0.312452852990035,FALSE,0.640187577461534,1.00110957599401,-0.262383496091843,FALSE,0.386585456528099,1.00098602043343,-0.455760888147846,FALSE,0.777188429891228,1.00098660790223,-0.181948289074114,TRUE,0.475864508518031,1.0009860474165
892,"rand=1-2_rate=1.5_ROB=LH_Bias=Rct20_NRE20-35","1-2",1.5,"LH","Rct20_NRE20-35",0.182321556793955,0.182321556793955,0.182321556793955,0.182321556793955,0.182321556793955,0.300104592450338,0.215210238812528,0.215210238812528,-0.0823949874882171,TRUE,0.518938977635476,1.00105681743555,-0.16495801147047,TRUE,0.461311080578737,1.00098613034825,0.0564038336476314,TRUE,0.540722758878736,1.00108385273954,-0.384036441752484,FALSE,0.760256330358279,1.00103272616279
893,"rand=1-2_rate=1.5_ROB=LH_Bias=Rct20_NRE20-35","1-2",1.5,"LH","Rct20_NRE20-35",0.182321556793955,0.182321556793955,0.182321556793955,0.182321556793955,0.182321556793955,0.300104592450338,0.193466304990141,0.193466304990141,-0.323473411540939,FALSE,0.685358608176237,1.00099631589264,-0.296390022987117,FALSE,0.409262042430805,1.001058554989,-0.309467736756853,TRUE,0.772685366168147,1.00112022305265,-0.289800333167919,FALSE,0.580800523177899,1.00101184428022
894,"rand=1-2_rate=1.5_ROB=LH_Bias=Rct20_NRE20-35","1-2",1.5,"LH","Rct20_NRE20-35",0.182321556793955,0.182321556793955,0.182321556793955,0.182321556793955,0.182321556793955,0.300104592450338,0.21214553311482,0.21214553311482,-0.30529017664414,FALSE,0.688744620195621,1.001124904634,-0.3783822080704,FALSE,0.462402244037795,1.00103311619214,-0.216886435247357,TRUE,0.640723036936373,1.00117570707907,-0.483574848487208,FALSE,0.779390243348565,1.00100023153255
895,"rand=1-2_rate=1.5_ROB=LH_Bias=Rct20_NRE20-35","1-2",1.5,"LH","Rct20_NRE20-35",0.182321556793955,0.182321556793955,0.182321556793955,0.182321556793955,0.182321556793955,0.300104592450338,0.193621260300131,0.193621260300131,-0.416396012839153,FALSE,0.913775384120463,1.00099848263458,-0.390488900599961,FALSE,0.622139391570284,1.00101010574454,-0.402035788427711,FALSE,0.861288193376418,1.00101623158172,-0.370830464066201,TRUE,1.17418453201032,1.00101936816014
896,"rand=1-2_rate=1.5_ROB=LH_Bias=Rct20_NRE20-35","1-2",1.5,"LH","Rct20_NRE20-35",0.182321556793955,0.182321556793955,0.182321556793955,0.182321556793955,0.182321556793955,0.300104592450338,0.189596918908928,0.189596918908928,-0.167173835645267,TRUE,0.66975467403984,1.00101321249286,-0.218753705632459,TRUE,0.469085842416476,1.00101908358598,-0.0733512664096525,TRUE,0.581960540787767,1.00106160220308,-0.352267621738944,TRUE,0.881697863602306,1.0009860248514
897,"rand=1-2_rate=1.5_ROB=LH_Bias=Rct20_NRE20-35","1-2",1.5,"LH","Rct20_NRE20-35",0.182321556793955,0.182321556793955,0.182321556793955,0.182321556793955,0.182321556793955,0.300104592450338,0.186964798378447,0.186964798378447,-0.119923311082426,TRUE,0.635063526217358,1.00101140940037,-0.128075125244208,TRUE,0.434750344993185,1.00099993825763,-0.105949741727268,TRUE,0.592531742100779,1.00098687539005,-0.146979685969698,TRUE,0.808070468853714,1.00101061549497
898,"rand=1-2_rate=1.5_ROB=LH_Bias=Rct20_NRE20-35","1-2",1.5,"LH","Rct20_NRE20-35",0.182321556793955,0.182321556793955,0.182321556793955,0.182321556793955,0.182321556793955,0.300104592450338,0.199228807262661,0.199228807262661,-0.215167777354369,TRUE,0.55511864377598,1.00151377157575,-0.167006490147333,FALSE,0.30898022231341,1.00103520370307,-0.253585380839193,TRUE,0.591911332585335,1.00165430414761,-0.131635814327209,TRUE,0.44317562517144,1.00101802558373
899,"rand=1-2_rate=1.5_ROB=LH_Bias=Rct20_NRE20-35","1-2",1.5,"LH","Rct20_NRE20-35",0.182321556793955,0.182321556793955,0.182321556793955,0.182321556793955,0.182321556793955,0.300104592450338,0.208610818821295,0.208610818821295,-0.143449506778796,TRUE,0.510912614753554,1.00107901299366,-0.226246361823691,FALSE,0.312578941336812,1.00098939050281,-0.0445660479647279,TRUE,0.483112168518476,1.00141048533112,-0.295700572814933,FALSE,0.470380193641199,1.00098727246428
900,"rand=1-2_rate=1.5_ROB=LH_Bias=Rct20_NRE20-35","1-2",1.5,"LH","Rct20_NRE20-35",0.182321556793955,0.182321556793955,0.182321556793955,0.182321556793955,0.182321556793955,0.300104592450338,0.193393360812341,0.193393360812341,-0.209338504835686,TRUE,0.575634298703833,1.000992889439,-0.255448755652482,FALSE,0.363025571838681,1.00100058675715,-0.169876850667442,TRUE,0.571604228267341,1.00115264767542,-0.302834495216857,FALSE,0.579319567209232,1.0009868793919
901,"rand=1-2_rate=1.5_ROB=LH_Bias=Rct20_NRE20-35","1-2",1.5,"LH","Rct20_NRE20-35",0.182321556793955,0.182321556793955,0.182321556793955,0.182321556793955,0.182321556793955,0.300104592450338,0.213420292487552,0.213420292487552,-0.169530074718365,TRUE,0.635085543051871,1.00167728105381,-0.160792940925629,TRUE,0.431347982593821,1.00110559688351,-0.185477707013299,TRUE,0.57733379257461,1.00100000748814,-0.132837071762175,TRUE,0.833171293843156,1.00098677119405
902,"rand=1-2_rate=1.5_ROB=LH_Bias=Rct20_NRE20-35","1-2",1.5,"LH","Rct20_NRE20-35",0.182321556793955,0.182321556793955,0.182321556793955,0.182321556793955,0.182321556793955,0.300104592450338,0.204334544968286,0.204334544968286,-0.0322596261913533,TRUE,0.6705110843291,1.00105669164552,-0.223152972923919,TRUE,0.575577500831951,1.00099486052866,-0.259418208451956,TRUE,0.971436760851905,1.00101598600107,-0.183940912973346,TRUE,0.892896025902658,1.00100716787163
903,"rand=1-2_rate=1.5_ROB=LH_Bias=Rct20_NRE20-35","1-2",1.5,"LH","Rct20_NRE20-35",0.182321556793955,0.182321556793955,0.182321556793955,0.182321556793955,0.182321556793955,0.300104592450338,0.197977767108679,0.197977767108679,-0.28157797757801,FALSE,0.653545647145308,1.00098801246258,-0.198762268119426,FALSE,0.401430702332727,1.0009879038181,-0.261073267827202,TRUE,0.696135433910884,1.00115468945877,-0.160321551722067,TRUE,0.587766311536327,1.00099181276674
904,"rand=1-2_rate=1.5_ROB=LH_Bias=Rct20_NRE20-35","1-2",1.5,"LH","Rct20_NRE20-35",0.182321556793955,0.182321556793955,0.182321556793955,0.182321556793955,0.182321556793955,0.300104592450338,0.191259245319322,0.191259245319322,-0.186087859728716,TRUE,0.73247210664127,1.0009882666613,-0.229518146978225,FALSE,0.509946177190214,1.00099402281926,-0.258325114092623,TRUE,0.832571885867024,1.0009863196756,-0.203395864700929,TRUE,0.791745110230134,1.00099191329935
905,"rand=1-2_rate=1.5_ROB=LH_Bias=Rct20_NRE20-35","1-2",1.5,"LH","Rct20_NRE20-35",0.182321556793955,0.182321556793955,0.182321556793955,0.182321556793955,0.182321556793955,0.300104592450338,0.213820002119114,0.213820002119114,-0.223918544198267,TRUE,0.564291982492837,1.00101081326716,-0.294525636643938,FALSE,0.407891224181941,1.00098777336875,-0.123821587689295,TRUE,0.665553444895937,1.00102416546348,-0.400564641556374,FALSE,0.521710117897138,1.00098606447015
906,"rand=1-2_rate=1.5_ROB=LH_Bias=Rct20_NRE20-35","1-2",1.5,"LH","Rct20_NRE20-35",0.182321556793955,0.182321556793955,0.182321556793955,0.182321556793955,0.182321556793955,0.300104592450338,0.204974325967374,0.204974325967374,0.0735201134171448,TRUE,0.500898153732402,1.00098678528455,0.0750503674694483,TRUE,0.313048066777851,1.00098614741319,-0.0708581562152077,TRUE,0.572701454997098,1.00103872802946,0.152182695347529,TRUE,0.40529709289787,1.0010553033824
907,"rand=1-2_rate=1.5_ROB=LH_Bias=Rct20_NRE20-35","1-2",1.5,"LH","Rct20_NRE20-35",0.182321556793955,0.182321556793955,0.182321556793955,0.182321556793955,0.182321556793955,0.300104592450338,0.196294491194756,0.196294491194756,-0.139066835044946,TRUE,0.666659684100992,1.00106297651528,-0.156356146818335,TRUE,0.463258672443026,1.00106508801671,-0.276837709719303,FALSE,0.613727092678573,1.0013368881496,-0.0502342213041675,TRUE,0.851948402429135,1.00102142781737
908,"rand=1-2_rate=1.5_ROB=LH_Bias=Rct20_NRE20-35","1-2",1.5,"LH","Rct20_NRE20-35",0.182321556793955,0.182321556793955,0.182321556793955,0.182321556793955,0.182321556793955,0.300104592450338,0.20196962648043,0.20196962648043,-0.222627529885914,TRUE,0.685715369896519,1.0010169225483,-0.230749659326431,FALSE,0.483556654920014,1.00101435898438,-0.181781491799199,TRUE,0.567195079562768,1.00099486267072,-0.276802911834003,TRUE,1.04439066442893,1.00098762115794
909,"rand=1-2_rate=1.5_ROB=LH_Bias=Rct20_NRE20-35","1-2",1.5,"LH","Rct20_NRE20-35",0.182321556793955,0.182321556793955,0.182321556793955,0.182321556793955,0.182321556793955,0.300104592450338,0.207221202200863,0.207221202200863,-0.289875590131968,TRUE,0.805169513568143,1.00103014247549,-0.196503265103495,TRUE,0.508850896209688,1.0010189734994,-0.250877345546672,TRUE,0.651369168704732,1.00138267833416,-0.155110215903374,TRUE,1.01598553629908,1.0010170754193
910,"rand=1-2_rate=1.5_ROB=LH_Bias=Rct20_NRE20-35","1-2",1.5,"LH","Rct20_NRE20-35",0.182321556793955,0.182321556793955,0.182321556793955,0.182321556793955,0.182321556793955,0.300104592450338,0.206983543435647,0.206983543435647,-0.131443460401322,TRUE,0.573111842804832,1.00104049318629,-0.233640317792311,FALSE,0.393890631441161,1.00101437884717,-0.24631985729735,TRUE,0.622642513598004,1.00100935974397,-0.226512713855317,TRUE,0.663811110172842,1.0010261222285
911,"rand=1-2_rate=1.5_ROB=LH_Bias=Rct20_NRE20-35","1-2",1.5,"LH","Rct20_NRE20-35",0.182321556793955,0.182321556793955,0.182321556793955,0.182321556793955,0.182321556793955,0.300104592450338,0.201080785592149,0.201080785592149,-0.0871961911724364,TRUE,0.702535071592114,1.00141507201689,-0.180886358111934,TRUE,0.476833252288848,1.00100202127229,-0.342445170644878,FALSE,0.65887588876115,1.00127901487813,-0.0583066178759835,TRUE,0.821575473673059,1.00098617141442
912,"rand=1-2_rate=1.5_ROB=LH_Bias=Rct20_NRE20-35","1-2",1.5,"LH","Rct20_NRE20-35",0.182321556793955,0.182321556793955,0.182321556793955,0.182321556793955,0.182321556793955,0.300104592450338,0.193146658188414,0.193146658188414,-0.430396745512114,FALSE,0.768761106589679,1.00112131464457,-0.514009538064557,FALSE,0.521086190414337,1.00104731023752,-0.19864626992425,TRUE,0.578015806106516,1.00098668430904,-0.747247679803809,FALSE,0.80818365881667,1.00098800931036
913,"rand=1-2_rate=1.5_ROB=LH_Bias=Rct20_NRE20-35","1-2",1.5,"LH","Rct20_NRE20-35",0.182321556793955,0.182321556793955,0.182321556793955,0.182321556793955,0.182321556793955,0.300104592450338,0.193492147609828,0.193492147609828,-0.0863665671009552,TRUE,0.535709623004078,1.00106178937987,-0.136881676443062,TRUE,0.35366039210271,1.00104099526828,-0.103785816550728,TRUE,0.545138521526106,1.00101707680322,-0.158165375642968,TRUE,0.602889290913013,1.00099403084398
914,"rand=1-2_rate=1.5_ROB=LH_Bias=Rct20_NRE20-35","1-2",1.5,"LH","Rct20_NRE20-35",0.182321556793955,0.182321556793955,0.182321556793955,0.182321556793955,0.182321556793955,0.300104592450338,0.20804785381735,0.20804785381735,-0.187064082563692,TRUE,0.493196974965042,1.00148734516695,-0.177090162659015,FALSE,0.232631336590275,1.0012874715934,-0.179199941522534,TRUE,0.548533939367091,1.00103000447757,-0.177919188333753,FALSE,0.325633949064395,1.00103116825679
915,"rand=1-2_rate=1.5_ROB=LH_Bias=Rct20_NRE20-35","1-2",1.5,"LH","Rct20_NRE20-35",0.182321556793955,0.182321556793955,0.182321556793955,0.182321556793955,0.182321556793955,0.300104592450338,0.208599230995868,0.208599230995868,-0.370106694355031,FALSE,0.843605228750541,1.00102091487924,-0.263537804785491,FALSE,0.542880184868953,1.00104618524429,-0.232580802881495,TRUE,0.819619400608282,1.00099056860972,-0.29400138721918,TRUE,0.947444048653401,1.00101713282951
916,"rand=1-2_rate=1.5_ROB=LH_Bias=Rct20_NRE20-35","1-2",1.5,"LH","Rct20_NRE20-35",0.182321556793955,0.182321556793955,0.182321556793955,0.182321556793955,0.182321556793955,0.300104592450338,0.189800466670301,0.189800466670301,-0.231247087348326,TRUE,0.545161956510372,1.00098803545493,-0.279947076528976,FALSE,0.327706050234698,1.00100050035297,-0.217378274795395,TRUE,0.570864348370286,1.00106445325697,-0.306616873555636,FALSE,0.500532728644051,1.00102420515637
917,"rand=1-2_rate=1.5_ROB=LH_Bias=Rct20_NRE20-35","1-2",1.5,"LH","Rct20_NRE20-35",0.182321556793955,0.182321556793955,0.182321556793955,0.182321556793955,0.182321556793955,0.300104592450338,0.188777466361435,0.188777466361435,0.0594973789796843,TRUE,0.55285429483568,1.00098623299487,-0.0680144694669436,TRUE,0.450339141255573,1.000986377421,0.134272232399194,TRUE,0.431407151218718,1.00107217927388,-0.294974030891196,TRUE,0.97594224721295,1.0010633184673
918,"rand=1-2_rate=1.5_ROB=LH_Bias=Rct20_NRE20-35","1-2",1.5,"LH","Rct20_NRE20-35",0.182321556793955,0.182321556793955,0.182321556793955,0.182321556793955,0.182321556793955,0.300104592450338,0.197327938510588,0.197327938510588,-0.124948490525347,TRUE,0.613312466506127,1.00102569290972,-0.114410356621651,TRUE,0.378338908898506,1.00101065881308,-0.139694731703343,TRUE,0.680057352684554,1.0009899283194,-0.0944052497076824,TRUE,0.520925227769664,1.00098602643762
919,"rand=1-2_rate=1.5_ROB=LH_Bias=Rct20_NRE20-35","1-2",1.5,"LH","Rct20_NRE20-35",0.182321556793955,0.182321556793955,0.182321556793955,0.182321556793955,0.182321556793955,0.300104592450338,0.185327161315133,0.185327161315133,-0.115211323752449,TRUE,0.511925869080897,1.0010018744591,-0.200643336413704,FALSE,0.351189018604314,1.00098621316106,-0.123445088112641,TRUE,0.514561164872765,1.00098701540851,-0.242777807730477,TRUE,0.625790586771908,1.00107343361467
920,"rand=1-2_rate=1.5_ROB=LH_Bias=Rct20_NRE20-35","1-2",1.5,"LH","Rct20_NRE20-35",0.182321556793955,0.182321556793955,0.182321556793955,0.182321556793955,0.182321556793955,0.300104592450338,0.215905834731135,0.215905834731135,-0.311729572438068,TRUE,0.716989041434299,1.00099535849487,-0.397608038859814,FALSE,0.545347111296969,1.00098650021903,-0.407777846223039,FALSE,0.610954595374217,1.00111690622322,-0.381497009482606,TRUE,1.28794440075287,1.00101414896663
921,"rand=1-2_rate=1.5_ROB=LH_Bias=Rct20_NRE20-35","1-2",1.5,"LH","Rct20_NRE20-35",0.182321556793955,0.182321556793955,0.182321556793955,0.182321556793955,0.182321556793955,0.300104592450338,0.181879489078862,0.181879489078862,-0.0946596311817831,TRUE,0.648917736889843,1.00121168980531,-0.213954825010973,TRUE,0.4768158224811,1.0009945927196,-0.171511072157176,TRUE,0.598001481504497,1.00101062203606,-0.241864713096006,TRUE,0.989108814303831,1.0009992759898
922,"rand=1-2_rate=1.5_ROB=LH_Bias=Rct20_NRE20-35","1-2",1.5,"LH","Rct20_NRE20-35",0.182321556793955,0.182321556793955,0.182321556793955,0.182321556793955,0.182321556793955,0.300104592450338,0.209079548515523,0.209079548515523,-0.220644436787991,TRUE,0.608144219762854,1.00100628334798,-0.242126040364786,FALSE,0.382859677626216,1.00100152640821,-0.238313891130971,TRUE,0.549335217958263,1.00453475633775,-0.240061392923036,TRUE,0.732947440874218,1.00098668776522
923,"rand=1-2_rate=1.5_ROB=LH_Bias=Rct20_NRE20-35","1-2",1.5,"LH","Rct20_NRE20-35",0.182321556793955,0.182321556793955,0.182321556793955,0.182321556793955,0.182321556793955,0.300104592450338,0.219409334070543,0.219409334070543,-0.333084727765068,FALSE,0.761639478220382,1.00102724137604,-0.359092844359747,FALSE,0.528442980835567,1.00098814243519,-0.545362599741661,FALSE,0.763943405436173,1.00113498079201,-0.232530234174438,TRUE,0.861855426238241,1.00100012167671
924,"rand=1-2_rate=1.5_ROB=LH_Bias=Rct20_NRE20-35","1-2",1.5,"LH","Rct20_NRE20-35",0.182321556793955,0.182321556793955,0.182321556793955,0.182321556793955,0.182321556793955,0.300104592450338,0.205626818731078,0.205626818731078,-0.193420122746672,TRUE,0.625910765399689,1.00099525193402,-0.328916644020973,FALSE,0.627370671412885,1.00098784936869,-0.0897380985067207,TRUE,0.766405110688085,1.00098992965865,-0.622291259291373,FALSE,1.10318818745188,1.0009873595647
925,"rand=1-2_rate=1.5_ROB=LH_Bias=Rct20_NRE20-35","1-2",1.5,"LH","Rct20_NRE20-35",0.182321556793955,0.182321556793955,0.182321556793955,0.182321556793955,0.182321556793955,0.300104592450338,0.21000052926175,0.21000052926175,-0.205086892730204,TRUE,0.83719124213822,1.00100787187062,-0.233442139473173,TRUE,0.579581665824332,1.00098611783933,-0.258472308438306,TRUE,0.900604520490657,1.00111552218132,-0.208716709836948,TRUE,0.996443117293832,1.00102974679481
926,"rand=1-2_rate=1.5_ROB=LH_Bias=Rct20_NRE20-35","1-2",1.5,"LH","Rct20_NRE20-35",0.182321556793955,0.182321556793955,0.182321556793955,0.182321556793955,0.182321556793955,0.300104592450338,0.199422635195482,0.199422635195482,-0.0292209347492418,TRUE,0.513598119737311,1.00124278047402,-0.189056234225439,TRUE,0.42966412898591,1.00098599148938,-0.178054087271339,TRUE,0.538596527209473,1.00184500740922,-0.189234164557229,TRUE,0.871896449983588,1.00102868450804
927,"rand=1-2_rate=1.5_ROB=LH_Bias=Rct20_NRE20-35","1-2",1.5,"LH","Rct20_NRE20-35",0.182321556793955,0.182321556793955,0.182321556793955,0.182321556793955,0.182321556793955,0.300104592450338,0.197479272400397,0.197479272400397,-0.410368191954973,FALSE,0.884686950027358,1.00101727759637,-0.323006846770479,FALSE,0.585864711168505,1.00098840919696,-0.531191046884984,FALSE,0.714677873166518,1.0009964048362,-0.157982692573642,TRUE,1.13482628505469,1.00100093989915
928,"rand=1-2_rate=1.5_ROB=LH_Bias=Rct20_NRE20-35","1-2",1.5,"LH","Rct20_NRE20-35",0.182321556793955,0.182321556793955,0.182321556793955,0.182321556793955,0.182321556793955,0.300104592450338,0.207333696276119,0.207333696276119,-0.122900685771733,TRUE,0.549759337827042,1.00110183607377,-0.186748347222397,FALSE,0.372808336790195,1.00098670894492,-0.143684328216946,TRUE,0.516646207838993,1.00328787991688,-0.218216309520563,TRUE,0.73204015908495,1.00101125855695
929,"rand=1-2_rate=1.5_ROB=LH_Bias=Rct20_NRE20-35","1-2",1.5,"LH","Rct20_NRE20-35",0.182321556793955,0.182321556793955,0.182321556793955,0.182321556793955,0.182321556793955,0.300104592450338,0.21247644896466,0.21247644896466,-0.244321897357572,TRUE,0.639627167713254,1.00099615562889,-0.352318310647106,FALSE,0.446806899979089,1.00098930042663,-0.19260548258988,TRUE,0.573108768983075,1.00197879543675,-0.467609129910944,FALSE,0.828092258025684,1.00098722300419
930,"rand=1-2_rate=1.5_ROB=LH_Bias=Rct20_NRE20-35","1-2",1.5,"LH","Rct20_NRE20-35",0.182321556793955,0.182321556793955,0.182321556793955,0.182321556793955,0.182321556793955,0.300104592450338,0.203633470793694,0.203633470793694,-0.325179839686924,FALSE,0.609114496395662,1.00136275730404,-0.415911097713183,FALSE,0.347252655393196,1.00133208627188,-0.298762731668652,TRUE,0.727900770253477,1.00104501035505,-0.46540597934814,FALSE,0.400310891887399,1.00098698024358
931,"rand=1-2_rate=1.5_ROB=LH_Bias=Rct20_NRE20-35","1-2",1.5,"LH","Rct20_NRE20-35",0.182321556793955,0.182321556793955,0.182321556793955,0.182321556793955,0.182321556793955,0.300104592450338,0.192385382266763,0.192385382266763,-0.18343038687804,TRUE,0.514548974222303,1.00107553636229,-0.199293894402409,FALSE,0.272987419005965,1.00107061095311,-0.111241581466129,TRUE,0.53760146353088,1.00136903072482,-0.22631816738826,FALSE,0.369052942799414,1.00106915647119
932,"rand=1-2_rate=1.5_ROB=LH_Bias=Rct20_NRE20-35","1-2",1.5,"LH","Rct20_NRE20-35",0.182321556793955,0.182321556793955,0.182321556793955,0.182321556793955,0.182321556793955,0.300104592450338,0.20124839945843,0.20124839945843,-0.240317664113759,TRUE,0.582237968515057,1.00110372790402,-0.242828794157524,FALSE,0.35024220207716,1.00099458347785,-0.172411692599513,TRUE,0.534074969435736,1.00381873685656,-0.275439096799538,FALSE,0.599354020631156,1.00098994678484
933,"rand=1-2_rate=1.5_ROB=LH_Bias=Rct20_NRE20-35","1-2",1.5,"LH","Rct20_NRE20-35",0.182321556793955,0.182321556793955,0.182321556793955,0.182321556793955,0.182321556793955,0.300104592450338,0.19929003395965,0.19929003395965,-0.285371878191548,TRUE,0.68474131492902,1.00110776471147,-0.294753859325405,FALSE,0.455637505960003,1.00105274064008,-0.368647372409367,FALSE,0.674436428899063,1.00099478833399,-0.238432484897414,TRUE,0.789964907257794,1.00099103841257
934,"rand=1-2_rate=1.5_ROB=LH_Bias=Rct20_NRE20-35","1-2",1.5,"LH","Rct20_NRE20-35",0.182321556793955,0.182321556793955,0.182321556793955,0.182321556793955,0.182321556793955,0.300104592450338,0.220015720950676,0.220015720950676,-0.225449210466525,TRUE,0.635998770624865,1.00113072305462,-0.273741851403059,FALSE,0.428862869982727,1.00098628239619,-0.182254579735809,TRUE,0.574527981161672,1.00134907453412,-0.34376472267863,FALSE,0.799204840520427,1.00098786274008
935,"rand=1-2_rate=1.5_ROB=LH_Bias=Rct20_NRE20-35","1-2",1.5,"LH","Rct20_NRE20-35",0.182321556793955,0.182321556793955,0.182321556793955,0.182321556793955,0.182321556793955,0.300104592450338,0.182873487000554,0.182873487000554,-0.431939109079831,FALSE,0.78538831785192,1.0009976119235,-0.277345769972681,FALSE,0.522185705951287,1.00099135704791,-0.41526916695858,FALSE,0.691763024989734,1.00134792140362,-0.171110453624872,TRUE,0.981916691146796,1.0009869101307
936,"rand=1-2_rate=1.5_ROB=LH_Bias=Rct20_NRE20-35","1-2",1.5,"LH","Rct20_NRE20-35",0.182321556793955,0.182321556793955,0.182321556793955,0.182321556793955,0.182321556793955,0.300104592450338,0.21389712172609,0.21389712172609,-0.228061638650904,TRUE,0.594650050164204,1.00099671243473,-0.218076836591233,FALSE,0.357780186721665,1.00099903871378,-0.18079123766591,TRUE,0.557150533156029,1.00100930930534,-0.24087881970282,TRUE,0.618637818460511,1.00098987468896
937,"rand=1-2_rate=1.5_ROB=LH_Bias=Rct20_NRE20-35","1-2",1.5,"LH","Rct20_NRE20-35",0.182321556793955,0.182321556793955,0.182321556793955,0.182321556793955,0.182321556793955,0.300104592450338,0.19163154562122,0.19163154562122,-0.232398323947747,TRUE,0.600242711379216,1.00115839024171,-0.275756732938192,FALSE,0.391460011448257,1.00099644900922,-0.272279315996766,TRUE,0.659787211193199,1.00119764182404,-0.279147555287555,FALSE,0.605650734574316,1.00100185735634
938,"rand=1-2_rate=1.5_ROB=LH_Bias=Rct20_NRE20-35","1-2",1.5,"LH","Rct20_NRE20-35",0.182321556793955,0.182321556793955,0.182321556793955,0.182321556793955,0.182321556793955,0.300104592450338,0.214426049810683,0.214426049810683,-0.103732390067145,TRUE,0.600400957200259,1.00121219319262,-0.175872786943793,TRUE,0.430875056885814,1.00105986053356,-0.0166447046120779,TRUE,0.509501464641274,1.00102838600397,-0.300415130710708,TRUE,0.864615350693287,1.00102267779892
939,"rand=1-2_rate=1.5_ROB=LH_Bias=Rct20_NRE20-35","1-2",1.5,"LH","Rct20_NRE20-35",0.182321556793955,0.182321556793955,0.182321556793955,0.182321556793955,0.182321556793955,0.300104592450338,0.183791284577281,0.183791284577281,-0.0881236300975066,TRUE,0.821503139423579,1.00110456628557,-0.228235310321115,TRUE,0.613284845462658,1.00098603614021,-0.0980589207353963,TRUE,0.842923806862702,1.00107710806571,-0.409559424372261,TRUE,1.17146598107286,1.00098853274794
940,"rand=1-2_rate=1.5_ROB=LH_Bias=Rct20_NRE20-35","1-2",1.5,"LH","Rct20_NRE20-35",0.182321556793955,0.182321556793955,0.182321556793955,0.182321556793955,0.182321556793955,0.300104592450338,0.205643841803524,0.205643841803524,-0.194143217759306,TRUE,0.65340382946655,1.00117102138412,-0.25356844672147,FALSE,0.463326795120211,1.00117612243503,-0.102675888182514,TRUE,0.535842105330711,1.00101181526561,-0.394285340953909,FALSE,0.925164863096787,1.00099023351691
941,"rand=1-2_rate=1.5_ROB=LH_Bias=Rct20_NRE20-35","1-2",1.5,"LH","Rct20_NRE20-35",0.182321556793955,0.182321556793955,0.182321556793955,0.182321556793955,0.182321556793955,0.300104592450338,0.199335164659191,0.199335164659191,-0.224534543965871,TRUE,0.584914618562164,1.00110005367959,-0.151834221857568,FALSE,0.366902016837498,1.00100650289516,-0.436307341963686,FALSE,0.690170157266357,1.00107896541235,-0.0314621517263569,TRUE,0.37505583033469,1.00098928991688
942,"rand=1-2_rate=1.5_ROB=LH_Bias=Rct20_NRE20-35","1-2",1.5,"LH","Rct20_NRE20-35",0.182321556793955,0.182321556793955,0.182321556793955,0.182321556793955,0.182321556793955,0.300104592450338,0.222710832030235,0.222710832030235,-0.308521215060923,FALSE,0.691324922577711,1.00102354654041,-0.265141511805487,FALSE,0.419306923313161,1.00102795091519,-0.479349089345938,FALSE,0.699131689883448,1.00109253321503,-0.154096402719778,TRUE,0.594613397196585,1.00100123848624
943,"rand=1-2_rate=1.5_ROB=LH_Bias=Rct20_NRE20-35","1-2",1.5,"LH","Rct20_NRE20-35",0.182321556793955,0.182321556793955,0.182321556793955,0.182321556793955,0.182321556793955,0.300104592450338,0.201919771030338,0.201919771030338,-0.305629576989084,TRUE,0.758975273292996,1.0009883569557,-0.376611726632793,FALSE,0.542848654824259,1.00098973791508,-0.287267710236355,TRUE,0.772934510893857,1.0010755693104,-0.459246699011766,FALSE,0.983985023099826,1.00104013434258
944,"rand=1-2_rate=1.5_ROB=LH_Bias=Rct20_NRE20-35","1-2",1.5,"LH","Rct20_NRE20-35",0.182321556793955,0.182321556793955,0.182321556793955,0.182321556793955,0.182321556793955,0.300104592450338,0.214609895502947,0.214609895502947,-0.240555792232943,TRUE,0.639390509641308,1.00098600154315,-0.297996276735718,FALSE,0.4623191783745,1.00101021881435,-0.206986267478014,TRUE,0.743017639244182,1.00100810464794,-0.362192710566505,FALSE,0.713555419943591,1.00099214427076
945,"rand=1-2_rate=1.5_ROB=LH_Bias=Rct20_NRE20-35","1-2",1.5,"LH","Rct20_NRE20-35",0.182321556793955,0.182321556793955,0.182321556793955,0.182321556793955,0.182321556793955,0.300104592450338,0.193730831426436,0.193730831426436,-0.160630107148638,TRUE,0.690632606432902,1.00101705076162,-0.144761180139556,TRUE,0.502770562051963,1.00099150650941,-0.423482245110654,TRUE,1.02087217169035,1.00101436958928,0.0467705031876888,TRUE,0.384584220735796,1.0009895142626
946,"rand=1-2_rate=1.5_ROB=LH_Bias=Rct20_NRE20-35","1-2",1.5,"LH","Rct20_NRE20-35",0.182321556793955,0.182321556793955,0.182321556793955,0.182321556793955,0.182321556793955,0.300104592450338,0.191215441396041,0.191215441396041,-0.21511721765732,TRUE,0.711044812080598,1.0011708920973,-0.215605130756292,FALSE,0.46714499676648,1.00099603825422,-0.242774820478752,TRUE,0.711392936542636,1.00102472756321,-0.196578840312848,TRUE,0.784822118024749,1.00103591025571
947,"rand=1-2_rate=1.5_ROB=LH_Bias=Rct20_NRE20-35","1-2",1.5,"LH","Rct20_NRE20-35",0.182321556793955,0.182321556793955,0.182321556793955,0.182321556793955,0.182321556793955,0.300104592450338,0.193916359262682,0.193916359262682,-0.354311718251654,FALSE,0.599488722670755,1.00162340533712,-0.253064571565117,FALSE,0.346392452137993,1.00106991861911,-0.319837108589924,FALSE,0.592276938225463,1.00100407699437,-0.221544186970748,TRUE,0.553744775674915,1.00104784188173
948,"rand=1-2_rate=1.5_ROB=LH_Bias=Rct20_NRE20-35","1-2",1.5,"LH","Rct20_NRE20-35",0.182321556793955,0.182321556793955,0.182321556793955,0.182321556793955,0.182321556793955,0.300104592450338,0.18987087276864,0.18987087276864,-0.214393840827708,TRUE,0.776847218421319,1.00102107397326,-0.340029607261398,FALSE,0.594919471022098,1.00098738696077,-0.360327260510375,TRUE,0.931246054857972,1.00108790926263,-0.319218613404231,TRUE,1.0214812262511,1.00099564319145
949,"rand=1-2_rate=1.5_ROB=LH_Bias=Rct20_NRE20-35","1-2",1.5,"LH","Rct20_NRE20-35",0.182321556793955,0.182321556793955,0.182321556793955,0.182321556793955,0.182321556793955,0.300104592450338,0.195362871449698,0.195362871449698,-0.129658603227427,TRUE,0.583649233150842,1.00168927146002,-0.155257543161894,TRUE,0.385566276876862,1.00101746336262,-0.184802249867794,TRUE,0.568937280552145,1.00099002862944,-0.139397533828225,TRUE,0.690339807328616,1.00100343328434
950,"rand=1-2_rate=1.5_ROB=LH_Bias=Rct20_NRE20-35","1-2",1.5,"LH","Rct20_NRE20-35",0.182321556793955,0.182321556793955,0.182321556793955,0.182321556793955,0.182321556793955,0.300104592450338,0.211688422208804,0.211688422208804,-0.190034067497841,TRUE,0.681196135810134,1.00098707648903,-0.146943756120431,TRUE,0.428675567618452,1.00106420084493,0.0162410160724421,TRUE,0.441107509278539,1.00197474519176,-0.306588930330748,TRUE,0.931339358346702,1.00099224733617
951,"rand=1-2_rate=1.5_ROB=LH_Bias=Rct20_NRE20-35","1-2",1.5,"LH","Rct20_NRE20-35",0.182321556793955,0.182321556793955,0.182321556793955,0.182321556793955,0.182321556793955,0.300104592450338,0.202718156068468,0.202718156068468,-0.488201368115222,FALSE,1.00938249029051,1.00098645411852,-0.411877401978841,FALSE,0.674482849571635,1.00099594933377,-0.482342255771174,FALSE,0.976034150377664,1.00106586030564,-0.350864885935462,TRUE,1.21969398175335,1.00100499619173
952,"rand=1-2_rate=1.5_ROB=LH_Bias=Rct20_NRE20-35","1-2",1.5,"LH","Rct20_NRE20-35",0.182321556793955,0.182321556793955,0.182321556793955,0.182321556793955,0.182321556793955,0.300104592450338,0.198072506647453,0.198072506647453,-0.239672877924628,TRUE,0.570854056372851,1.00101506692788,-0.216695315374716,FALSE,0.328717619065269,1.00099561979231,-0.246115582687026,TRUE,0.671435637417847,1.00110480764367,-0.203625685682283,TRUE,0.444843176254536,1.00099524771906
953,"rand=1-2_rate=1.5_ROB=LH_Bias=Rct20_NRE20-35","1-2",1.5,"LH","Rct20_NRE20-35",0.182321556793955,0.182321556793955,0.182321556793955,0.182321556793955,0.182321556793955,0.300104592450338,0.215513899415386,0.215513899415386,-0.0883529523285524,TRUE,0.746420101573001,1.00099870308764,-0.128730063716707,TRUE,0.530122873597,1.00099131769964,-0.0942995701647233,TRUE,0.775787697872397,1.0009862536577,-0.161523557215123,TRUE,0.969000140369571,1.00098690804293
954,"rand=1-2_rate=1.5_ROB=LH_Bias=Rct20_NRE20-35","1-2",1.5,"LH","Rct20_NRE20-35",0.182321556793955,0.182321556793955,0.182321556793955,0.182321556793955,0.182321556793955,0.300104592450338,0.202282214654371,0.202282214654371,-0.270621892714477,TRUE,0.68845286014312,1.00098932128591,-0.219675966692543,FALSE,0.438335841624793,1.0010282364917,-0.231897689052926,TRUE,0.702126924985995,1.00104798990066,-0.211926501633771,TRUE,0.728048146680199,1.00103308578436
955,"rand=1-2_rate=1.5_ROB=LH_Bias=Rct20_NRE20-35","1-2",1.5,"LH","Rct20_NRE20-35",0.182321556793955,0.182321556793955,0.182321556793955,0.182321556793955,0.182321556793955,0.300104592450338,0.196064742476994,0.196064742476994,-0.133824303427505,TRUE,0.585514724207711,1.00116903225015,-0.187032818268803,TRUE,0.40249962844331,1.00108183795988,0.100409313454179,TRUE,0.4433574516175,1.00172973684786,-0.392585418803292,FALSE,0.486312452772507,1.00106748420928
956,"rand=1-2_rate=1.5_ROB=LH_Bias=Rct20_NRE20-35","1-2",1.5,"LH","Rct20_NRE20-35",0.182321556793955,0.182321556793955,0.182321556793955,0.182321556793955,0.182321556793955,0.300104592450338,0.186917624846617,0.186917624846617,-0.179961560956467,TRUE,0.641412216023393,1.0011389898388,-0.121050425309701,TRUE,0.417410951650821,1.00099308891474,-0.176049444174107,TRUE,0.623484414409352,1.00109033926785,-0.0711736567945076,TRUE,0.706987575477852,1.00102960335248
957,"rand=1-2_rate=1.5_ROB=LH_Bias=Rct20_NRE20-35","1-2",1.5,"LH","Rct20_NRE20-35",0.182321556793955,0.182321556793955,0.182321556793955,0.182321556793955,0.182321556793955,0.300104592450338,0.19199266243832,0.19199266243832,0.037648327398117,TRUE,0.625240024555952,1.00098742420389,-0.0811568890538998,TRUE,0.500735143625366,1.00100103309678,0.00149499112015106,TRUE,0.714057939926336,1.00100362407205,-0.17482148825993,TRUE,0.910049891122595,1.0010201096396
958,"rand=1-2_rate=1.5_ROB=LH_Bias=Rct20_NRE20-35","1-2",1.5,"LH","Rct20_NRE20-35",0.182321556793955,0.182321556793955,0.182321556793955,0.182321556793955,0.182321556793955,0.300104592450338,0.205632130739282,0.205632130739282,0.0251785335375129,TRUE,0.450918241716736,1.00104723616008,-0.0206499577620942,TRUE,0.290630156762979,1.00104468299065,-0.0392582077084236,TRUE,0.50263572881247,1.00118305493675,-0.0156998261374208,TRUE,0.461406362675259,1.0009923965999
959,"rand=1-2_rate=1.5_ROB=LH_Bias=Rct20_NRE20-35","1-2",1.5,"LH","Rct20_NRE20-35",0.182321556793955,0.182321556793955,0.182321556793955,0.182321556793955,0.182321556793955,0.300104592450338,0.211494370564219,0.211494370564219,-0.248332445194796,TRUE,0.596954920616328,1.00102512485272,-0.353248355872381,FALSE,0.429362775470992,1.00098833232658,-0.237571515347621,TRUE,0.616781513080507,1.00113188764693,-0.422264823647567,FALSE,0.74787679163173,1.00098776938112
960,"rand=1-2_rate=1.5_ROB=LH_Bias=Rct20_NRE20-35","1-2",1.5,"LH","Rct20_NRE20-35",0.182321556793955,0.182321556793955,0.182321556793955,0.182321556793955,0.182321556793955,0.300104592450338,0.205148934293847,0.205148934293847,-0.323768203447797,FALSE,0.634604046855435,1.00100335268319,-0.262644604605242,FALSE,0.372835819632463,1.00098660278234,-0.525012110254331,FALSE,0.724557291119214,1.00098953769882,-0.156398566822851,TRUE,0.431764270735183,1.0010422395941
961,"rand=1-2_rate=1.5_ROB=LH_Bias=Rct20_NRE20-35","1-2",1.5,"LH","Rct20_NRE20-35",0.182321556793955,0.182321556793955,0.182321556793955,0.182321556793955,0.182321556793955,0.300104592450338,0.211149943950426,0.211149943950426,-0.0921729632083594,TRUE,0.567255127572388,1.00101431773654,-0.351776319540879,FALSE,0.605860494848061,1.00098620894468,-0.238784547931901,TRUE,0.63427666183477,1.00113739754699,-0.453327783301811,TRUE,1.38464100323136,1.0010195811906
962,"rand=1-2_rate=1.5_ROB=LH_Bias=Rct20_NRE20-35","1-2",1.5,"LH","Rct20_NRE20-35",0.182321556793955,0.182321556793955,0.182321556793955,0.182321556793955,0.182321556793955,0.300104592450338,0.205553264711109,0.205553264711109,-0.112829716573637,TRUE,0.590698067716984,1.0009864046682,-0.103968723789829,TRUE,0.363485344132375,1.0010127237808,-0.134079390194181,TRUE,0.637843593142433,1.00102189038529,-0.0844352458743327,TRUE,0.545449498353624,1.00098611283912
963,"rand=1-2_rate=1.5_ROB=LH_Bias=Rct20_NRE20-35","1-2",1.5,"LH","Rct20_NRE20-35",0.182321556793955,0.182321556793955,0.182321556793955,0.182321556793955,0.182321556793955,0.300104592450338,0.198127492609648,0.198127492609648,-0.225727466549895,TRUE,0.611371830686261,1.00098614901071,-0.280508211705555,FALSE,0.454949230685806,1.00107664335604,-0.0481326321594717,TRUE,0.61867814884211,1.00101770396511,-0.484071683077457,FALSE,0.548347272930992,1.00098702117092
964,"rand=1-2_rate=1.5_ROB=LH_Bias=Rct20_NRE20-35","1-2",1.5,"LH","Rct20_NRE20-35",0.182321556793955,0.182321556793955,0.182321556793955,0.182321556793955,0.182321556793955,0.300104592450338,0.193537490811064,0.193537490811064,-0.0568674586191686,TRUE,0.468999757079767,1.00100634234874,-0.222990791249026,FALSE,0.381792701502058,1.00101002146498,-0.114045960166585,TRUE,0.595737420088045,1.0010402880109,-0.282468143064123,FALSE,0.601268963782784,1.00101033302734
965,"rand=1-2_rate=1.5_ROB=LH_Bias=Rct20_NRE20-35","1-2",1.5,"LH","Rct20_NRE20-35",0.182321556793955,0.182321556793955,0.182321556793955,0.182321556793955,0.182321556793955,0.300104592450338,0.205802240876796,0.205802240876796,-0.154513727509857,TRUE,0.639874271338479,1.0010250202131,-0.193158065206265,TRUE,0.437450141094436,1.00099542049909,-0.0931482538700117,TRUE,0.590190894468618,1.001023713895,-0.277016567228226,TRUE,0.789579485908149,1.00098636954724
966,"rand=1-2_rate=1.5_ROB=LH_Bias=Rct20_NRE20-35","1-2",1.5,"LH","Rct20_NRE20-35",0.182321556793955,0.182321556793955,0.182321556793955,0.182321556793955,0.182321556793955,0.300104592450338,0.212453259203327,0.212453259203327,-0.244359065373402,TRUE,0.699744316814043,1.00098601166972,-0.231151080823228,FALSE,0.487242711128766,1.0009943373085,-0.240667532301112,TRUE,0.641533104400868,1.00103706590713,-0.219797761170961,TRUE,0.915509518547189,1.00100465067711
967,"rand=1-2_rate=1.5_ROB=LH_Bias=Rct20_NRE20-35","1-2",1.5,"LH","Rct20_NRE20-35",0.182321556793955,0.182321556793955,0.182321556793955,0.182321556793955,0.182321556793955,0.300104592450338,0.187531053937518,0.187531053937518,-0.0697909394014364,TRUE,0.59636104827333,1.00098656517832,-0.153436066167204,TRUE,0.471925029780449,1.00099429764982,-0.110150835415593,TRUE,0.535993274609436,1.00102352881563,-0.193962580035497,TRUE,1.03450460813989,1.00099098931983
968,"rand=1-2_rate=1.5_ROB=LH_Bias=Rct20_NRE20-35","1-2",1.5,"LH","Rct20_NRE20-35",0.182321556793955,0.182321556793955,0.182321556793955,0.182321556793955,0.182321556793955,0.300104592450338,0.19476835167737,0.19476835167737,-0.178358963826688,TRUE,0.544602179250432,1.00099319782817,-0.211497269137245,FALSE,0.313940189100162,1.00101466620387,-0.0944039965337136,TRUE,0.531872222005695,1.0018454217243,-0.256404441793949,FALSE,0.47524004099029,1.00098599489825
969,"rand=1-2_rate=1.5_ROB=LH_Bias=Rct20_NRE20-35","1-2",1.5,"LH","Rct20_NRE20-35",0.182321556793955,0.182321556793955,0.182321556793955,0.182321556793955,0.182321556793955,0.300104592450338,0.200093876266181,0.200093876266181,-0.369289754360208,FALSE,0.695920855789213,1.00132253654741,-0.484223183984893,FALSE,0.486007706111636,1.00100430376906,-0.33597692529117,FALSE,0.613495606508848,1.00103890298041,-0.590349068808384,FALSE,0.926834063205198,1.00106150619082
970,"rand=1-2_rate=1.5_ROB=LH_Bias=Rct20_NRE20-35","1-2",1.5,"LH","Rct20_NRE20-35",0.182321556793955,0.182321556793955,0.182321556793955,0.182321556793955,0.182321556793955,0.300104592450338,0.206954452531905,0.206954452531905,-0.220977707265167,TRUE,0.745753039693589,1.00117384948642,-0.299001405228933,FALSE,0.507095604201122,1.0011243580291,-0.537804313465865,FALSE,0.787478898583316,1.00141362687849,-0.136667108218083,TRUE,0.728609670983553,1.00098602040417
971,"rand=1-2_rate=1.5_ROB=LH_Bias=Rct20_NRE20-35","1-2",1.5,"LH","Rct20_NRE20-35",0.182321556793955,0.182321556793955,0.182321556793955,0.182321556793955,0.182321556793955,0.300104592450338,0.21013636237389,0.21013636237389,-0.240648653741275,TRUE,0.711532003083488,1.00098761148245,-0.24889021461591,FALSE,0.48320234710541,1.00101895152073,-0.359173329898876,FALSE,0.718340244179864,1.00111136903079,-0.158718209975568,TRUE,0.800118215459398,1.00102311564278
972,"rand=1-2_rate=1.5_ROB=LH_Bias=Rct20_NRE20-35","1-2",1.5,"LH","Rct20_NRE20-35",0.182321556793955,0.182321556793955,0.182321556793955,0.182321556793955,0.182321556793955,0.300104592450338,0.19699135290297,0.19699135290297,-0.182920558253527,TRUE,0.645141855522908,1.00125145009229,-0.154047374313319,TRUE,0.437351229549474,1.0010149291621,-0.257985069624225,FALSE,0.563067254402216,1.00119363153366,-0.0686700814061407,TRUE,0.85121028206814,1.00101883105713
973,"rand=1-2_rate=1.5_ROB=LH_Bias=Rct20_NRE20-35","1-2",1.5,"LH","Rct20_NRE20-35",0.182321556793955,0.182321556793955,0.182321556793955,0.182321556793955,0.182321556793955,0.300104592450338,0.203571084136729,0.203571084136729,-0.340382767436925,FALSE,0.750183680410364,1.00104556588382,-0.282537833625684,FALSE,0.463952964615232,1.00105148090918,-0.140494376228653,TRUE,0.610744428458772,1.00130661955181,-0.40017060430206,FALSE,0.842234987739129,1.00098863287435
974,"rand=1-2_rate=1.5_ROB=LH_Bias=Rct20_NRE20-35","1-2",1.5,"LH","Rct20_NRE20-35",0.182321556793955,0.182321556793955,0.182321556793955,0.182321556793955,0.182321556793955,0.300104592450338,0.207547359481082,0.207547359481082,-0.306506051103598,TRUE,0.745032127346893,1.0010109509599,-0.202693871046099,TRUE,0.480787657495416,1.00098885449099,-0.174843388380942,TRUE,0.575628460690173,1.00108869778709,-0.227886333002222,TRUE,1.01983169932355,1.00098813813204
975,"rand=1-2_rate=1.5_ROB=LH_Bias=Rct20_NRE20-35","1-2",1.5,"LH","Rct20_NRE20-35",0.182321556793955,0.182321556793955,0.182321556793955,0.182321556793955,0.182321556793955,0.300104592450338,0.209044664506912,0.209044664506912,-0.417222308535749,FALSE,0.842412161191998,1.00098819412119,-0.565525087976446,FALSE,0.645244907858263,1.00099323211175,-0.172891770432687,TRUE,0.571765460976137,1.00098693229072,-1.03498718449665,FALSE,1.05115921293439,1.00101601426869
976,"rand=1-2_rate=1.5_ROB=LH_Bias=Rct20_NRE20-35","1-2",1.5,"LH","Rct20_NRE20-35",0.182321556793955,0.182321556793955,0.182321556793955,0.182321556793955,0.182321556793955,0.300104592450338,0.199192435999496,0.199192435999496,-0.260522588345217,TRUE,0.609801636171452,1.00103574338649,-0.366115321331367,FALSE,0.426647733337719,1.00100411162239,-0.156014852836301,TRUE,0.51549908517234,1.00183743231643,-0.506564075426706,FALSE,0.780262916826654,1.00105081994796
977,"rand=1-2_rate=1.5_ROB=LH_Bias=Rct20_NRE20-35","1-2",1.5,"LH","Rct20_NRE20-35",0.182321556793955,0.182321556793955,0.182321556793955,0.182321556793955,0.182321556793955,0.300104592450338,0.205316118303853,0.205316118303853,-0.107632679750238,TRUE,0.61281550156317,1.0010499868568,-0.111513011197709,TRUE,0.403973272358731,1.00100087444109,-0.00554433663220832,TRUE,0.525135000380384,1.00106145108514,-0.197587852241651,TRUE,0.728120347217136,1.0010011962316
978,"rand=1-2_rate=1.5_ROB=LH_Bias=Rct20_NRE20-35","1-2",1.5,"LH","Rct20_NRE20-35",0.182321556793955,0.182321556793955,0.182321556793955,0.182321556793955,0.182321556793955,0.300104592450338,0.206803433987801,0.206803433987801,-0.149759836039285,TRUE,0.641726991462005,1.00106647314502,-0.228741548244306,FALSE,0.475565265567237,1.00101408551466,-0.252031513861869,TRUE,0.682710195182677,1.00107587961572,-0.211563142460666,TRUE,0.864181836838832,1.00102279481723
979,"rand=1-2_rate=1.5_ROB=LH_Bias=Rct20_NRE20-35","1-2",1.5,"LH","Rct20_NRE20-35",0.182321556793955,0.182321556793955,0.182321556793955,0.182321556793955,0.182321556793955,0.300104592450338,0.223997856588805,0.223997856588805,-0.163064856102034,TRUE,0.563556986718943,1.0011597620009,-0.245119008625199,FALSE,0.383896633312429,1.00111789760277,-0.217023039992777,TRUE,0.567108355944063,1.00178707495036,-0.262893881044552,TRUE,0.697169966014355,1.0009885798191
980,"rand=1-2_rate=1.5_ROB=LH_Bias=Rct20_NRE20-35","1-2",1.5,"LH","Rct20_NRE20-35",0.182321556793955,0.182321556793955,0.182321556793955,0.182321556793955,0.182321556793955,0.300104592450338,0.210327800581867,0.210327800581867,-0.28698852861858,TRUE,0.679964476679621,1.00100646222472,-0.317690788025651,FALSE,0.442502601280174,1.00114029568264,-0.407228457807907,FALSE,0.64402767666419,1.00110099228992,-0.255174615569799,TRUE,0.803628977184816,1.00098732302373
981,"rand=1-2_rate=1.5_ROB=LH_Bias=Rct20_NRE20-35","1-2",1.5,"LH","Rct20_NRE20-35",0.182321556793955,0.182321556793955,0.182321556793955,0.182321556793955,0.182321556793955,0.300104592450338,0.210671703695319,0.210671703695319,0.0344779080436519,TRUE,0.423436893375528,1.00155132632416,-0.111953676897759,TRUE,0.340592142894607,1.00099902151468,0.011131833647122,TRUE,0.43716898314286,1.00150869522688,-0.184982338618922,TRUE,0.643631332236596,1.00104910022803
982,"rand=1-2_rate=1.5_ROB=LH_Bias=Rct20_NRE20-35","1-2",1.5,"LH","Rct20_NRE20-35",0.182321556793955,0.182321556793955,0.182321556793955,0.182321556793955,0.182321556793955,0.300104592450338,0.212424927208276,0.212424927208276,-0.545310903397393,FALSE,0.805333020299983,1.0011071363685,-0.48002035023982,FALSE,0.516451869603213,1.00098840531988,-0.60246251039749,FALSE,0.813213923891218,1.00127145436963,-0.40086945496939,FALSE,0.836325698981253,1.00098870320039
983,"rand=1-2_rate=1.5_ROB=LH_Bias=Rct20_NRE20-35","1-2",1.5,"LH","Rct20_NRE20-35",0.182321556793955,0.182321556793955,0.182321556793955,0.182321556793955,0.182321556793955,0.300104592450338,0.202381226690574,0.202381226690574,-0.224399884035993,TRUE,0.737472208268852,1.00102148592732,-0.291665775761427,FALSE,0.540367195524583,1.00103124498266,-0.182405463677712,TRUE,0.844195482516246,1.00099592860158,-0.38821103780654,FALSE,0.870421594298423,1.00098883841523
984,"rand=1-2_rate=1.5_ROB=LH_Bias=Rct20_NRE20-35","1-2",1.5,"LH","Rct20_NRE20-35",0.182321556793955,0.182321556793955,0.182321556793955,0.182321556793955,0.182321556793955,0.300104592450338,0.21760879583663,0.21760879583663,-0.264093547446595,TRUE,0.801920327881243,1.00098608985293,-0.223668096971091,TRUE,0.526531071880888,1.00098717099963,-0.362223568034812,FALSE,0.676700624534863,1.00099089080483,-0.113918329215942,TRUE,1.00666037434379,1.00099092362885
985,"rand=1-2_rate=1.5_ROB=LH_Bias=Rct20_NRE20-35","1-2",1.5,"LH","Rct20_NRE20-35",0.182321556793955,0.182321556793955,0.182321556793955,0.182321556793955,0.182321556793955,0.300104592450338,0.19714374457029,0.19714374457029,-0.197189817824303,TRUE,0.567428505580006,1.00100556839981,-0.216622465866107,FALSE,0.336919325099927,1.00103313801229,-0.208848717617578,TRUE,0.592642907341005,1.00098986151795,-0.219465413531384,TRUE,0.524458818884899,1.00102828428042
986,"rand=1-2_rate=1.5_ROB=LH_Bias=Rct20_NRE20-35","1-2",1.5,"LH","Rct20_NRE20-35",0.182321556793955,0.182321556793955,0.182321556793955,0.182321556793955,0.182321556793955,0.300104592450338,0.198042627560723,0.198042627560723,-0.265331312075127,FALSE,0.504511259200624,1.00099590853187,-0.253205578509597,FALSE,0.23592091760914,1.00138850819359,-0.303177016147349,FALSE,0.642138388995942,1.0009911513839,-0.244234124647156,FALSE,0.277872141566884,1.00117889727588
987,"rand=1-2_rate=1.5_ROB=LH_Bias=Rct20_NRE20-35","1-2",1.5,"LH","Rct20_NRE20-35",0.182321556793955,0.182321556793955,0.182321556793955,0.182321556793955,0.182321556793955,0.300104592450338,0.18518131210612,0.18518131210612,-0.322455822704099,FALSE,0.709772554144565,1.00098652457099,-0.218000573798079,FALSE,0.414638136924035,1.0009925319928,-0.108104055346762,TRUE,0.524769361846736,1.00107573982042,-0.307976798024467,TRUE,0.791408704198599,1.000990689443
988,"rand=1-2_rate=1.5_ROB=LH_Bias=Rct20_NRE20-35","1-2",1.5,"LH","Rct20_NRE20-35",0.182321556793955,0.182321556793955,0.182321556793955,0.182321556793955,0.182321556793955,0.300104592450338,0.190241311278144,0.190241311278144,-0.16588246507632,TRUE,0.691661168511881,1.00112275936421,-0.213873014080295,TRUE,0.473128292381325,1.0010143426514,-0.140308232246378,TRUE,0.659628434357874,1.00100008734571,-0.271591147049321,TRUE,0.863097134271392,1.00099072045468
989,"rand=1-2_rate=1.5_ROB=LH_Bias=Rct20_NRE20-35","1-2",1.5,"LH","Rct20_NRE20-35",0.182321556793955,0.182321556793955,0.182321556793955,0.182321556793955,0.182321556793955,0.300104592450338,0.198532669010632,0.198532669010632,-0.177530799569304,TRUE,0.711512592267728,1.00101486426231,-0.227857454639198,FALSE,0.500472500300686,1.00103356315815,-0.250739426316632,TRUE,0.821519250972487,1.00103978661717,-0.209322280110089,TRUE,0.814523998810323,1.00098955958469
990,"rand=1-2_rate=1.5_ROB=LH_Bias=Rct20_NRE20-35","1-2",1.5,"LH","Rct20_NRE20-35",0.182321556793955,0.182321556793955,0.182321556793955,0.182321556793955,0.182321556793955,0.300104592450338,0.219112173883315,0.219112173883315,-0.252326892688776,TRUE,0.662270582132649,1.00105338301742,-0.284563120365185,FALSE,0.435351764108183,1.00101208895315,-0.317475865860267,TRUE,0.822785810061039,1.00099661740024,-0.266703851244323,TRUE,0.606282922515119,1.0010136103387
991,"rand=1-2_rate=1.5_ROB=LH_Bias=Rct20_NRE20-35","1-2",1.5,"LH","Rct20_NRE20-35",0.182321556793955,0.182321556793955,0.182321556793955,0.182321556793955,0.182321556793955,0.300104592450338,0.1954363970828,0.1954363970828,-0.567217141621081,FALSE,0.923724220891221,1.00107269119576,-0.467285959356526,FALSE,0.56624892041952,1.00098601482348,-0.430240080819347,FALSE,0.747952680524879,1.00098623140228,-0.48930953377117,FALSE,1.09585737653743,1.00101396676054
992,"rand=1-2_rate=1.5_ROB=LH_Bias=Rct20_NRE20-35","1-2",1.5,"LH","Rct20_NRE20-35",0.182321556793955,0.182321556793955,0.182321556793955,0.182321556793955,0.182321556793955,0.300104592450338,0.191067724196336,0.191067724196336,-0.0772153592211899,TRUE,0.573969065677746,1.00126648827084,-0.122542418852883,TRUE,0.408294086868484,1.00102347034257,-0.0917878252329203,TRUE,0.539383903795346,1.00099410693162,-0.149239777415951,TRUE,0.801385946266139,1.00098776506987
993,"rand=1-2_rate=1.5_ROB=LH_Bias=Rct20_NRE20-35","1-2",1.5,"LH","Rct20_NRE20-35",0.182321556793955,0.182321556793955,0.182321556793955,0.182321556793955,0.182321556793955,0.300104592450338,0.182021436015442,0.182021436015442,-0.133898675544013,TRUE,0.70128966329228,1.0009876551495,-0.129347304182975,TRUE,0.439466447084594,1.0010242275401,-0.18162723761592,TRUE,0.659114969112832,1.00100752117578,-0.0971341428291468,TRUE,0.746733879851729,1.000992838331
994,"rand=1-2_rate=1.5_ROB=LH_Bias=Rct20_NRE20-35","1-2",1.5,"LH","Rct20_NRE20-35",0.182321556793955,0.182321556793955,0.182321556793955,0.182321556793955,0.182321556793955,0.300104592450338,0.208308638810224,0.208308638810224,-0.223206071323535,TRUE,0.668380569438414,1.001080930113,-0.312469042994538,FALSE,0.499071404417284,1.00098772321481,-0.224812004778617,TRUE,0.687588574551321,1.00109771074939,-0.384493525240907,FALSE,0.916007820673426,1.00098705742335
995,"rand=1-2_rate=1.5_ROB=LH_Bias=Rct20_NRE20-35","1-2",1.5,"LH","Rct20_NRE20-35",0.182321556793955,0.182321556793955,0.182321556793955,0.182321556793955,0.182321556793955,0.300104592450338,0.184955830288893,0.184955830288893,-0.231766219111479,TRUE,0.661858852057931,1.0009905151528,-0.207960928482714,TRUE,0.45907069004968,1.00102256267311,-0.220236953624584,TRUE,0.602338466076674,1.00109443161736,-0.20001758787018,TRUE,0.923748167641652,1.00098671815666
996,"rand=1-2_rate=1.5_ROB=LH_Bias=Rct20_NRE20-35","1-2",1.5,"LH","Rct20_NRE20-35",0.182321556793955,0.182321556793955,0.182321556793955,0.182321556793955,0.182321556793955,0.300104592450338,0.199394217148993,0.199394217148993,-0.562185813878675,FALSE,0.653275257570299,1.00101458062892,-0.524382123237466,FALSE,0.34542020583631,1.00131513234,-0.669874652408348,FALSE,0.879868889839964,1.00102924742089,-0.487001467154301,FALSE,0.386722867338737,1.00098687208005
997,"rand=1-2_rate=1.5_ROB=LH_Bias=Rct20_NRE20-35","1-2",1.5,"LH","Rct20_NRE20-35",0.182321556793955,0.182321556793955,0.182321556793955,0.182321556793955,0.182321556793955,0.300104592450338,0.200081514883245,0.200081514883245,-0.0957693958022483,TRUE,0.674332089972612,1.00100887086844,-0.227171327821327,TRUE,0.501970720018907,1.00098634158561,-0.10305120222304,TRUE,0.592584106358187,1.00117138201291,-0.345624624335466,TRUE,1.02790695836668,1.00100593490432
998,"rand=1-2_rate=1.5_ROB=LH_Bias=Rct20_NRE20-35","1-2",1.5,"LH","Rct20_NRE20-35",0.182321556793955,0.182321556793955,0.182321556793955,0.182321556793955,0.182321556793955,0.300104592450338,0.197727009433938,0.197727009433938,-0.104043227472064,TRUE,0.685211708555424,1.00099880370961,-0.192804872096153,TRUE,0.504514665788863,1.00102769249712,-0.238555894063336,TRUE,0.810047642287212,1.00098859125736,-0.154017970857935,TRUE,0.834145606136776,1.00098624745032
999,"rand=1-2_rate=1.5_ROB=LH_Bias=Rct20_NRE20-35","1-2",1.5,"LH","Rct20_NRE20-35",0.182321556793955,0.182321556793955,0.182321556793955,0.182321556793955,0.182321556793955,0.300104592450338,0.184365787568098,0.184365787568098,-0.215234218467975,TRUE,0.647149769134941,1.00102008229188,-0.132220768753138,TRUE,0.365714397122372,1.00103229631468,-0.0820430676429089,TRUE,0.545979333507243,1.00098883932485,-0.163831462150161,TRUE,0.623308370507962,1.00098888052153
1000,"rand=1-2_rate=1.5_ROB=LH_Bias=Rct20_NRE20-35","1-2",1.5,"LH","Rct20_NRE20-35",0.182321556793955,0.182321556793955,0.182321556793955,0.182321556793955,0.182321556793955,0.300104592450338,0.191843698653983,0.191843698653983,-0.16839980798927,TRUE,0.684376151432199,1.00105946668163,-0.212029059665015,TRUE,0.511270794135693,1.000991029791,-0.120185413361769,TRUE,0.552360736512375,1.00121034074883,-0.30218446775836,TRUE,1.20154302267057,1.00104316074106
