"sim","scenario","Rand","Nrct_rate","ROB_srt","bias_pattern","low_rct","unclear_rct","high_rct","low_obs","unclear_obs","high_obs","mean_true_bias","mean_abs_true_bias","bias","coverage","CIw","Rhat","bias_naive","coverage_naive","CIw_naive","R_naive","bias_rct_est","coverage_rct","CIw_rct","R_rct","bias_obs_est","coverage_obs","CIw_obs","R_rct.1"
1,"rand=1-2_rate=2_ROB=L_UH_Bias=Rct-NRE Moderate","1-2",2,"L_UH","Rct-NRE Moderate",0,0.0953101798043249,0.139761942375159,0.048790164169432,0.182321556793955,0.300104592450338,0.0985901682616996,0.0999712358222848,-0.130470168539908,TRUE,0.556827795396459,1.00102421336741,-0.153816717292564,TRUE,0.435885607822528,1.00100758397138,-0.223800883915965,TRUE,0.630437756774923,1.0015827702628,-0.111817275830055,TRUE,0.649762550989316,1.00098835139715
2,"rand=1-2_rate=2_ROB=L_UH_Bias=Rct-NRE Moderate","1-2",2,"L_UH","Rct-NRE Moderate",0,0.0953101798043249,0.139761942375159,0.048790164169432,0.182321556793955,0.300104592450338,0.106029356557565,0.107049250090878,0.0756333442015181,TRUE,0.381007603361885,1.00098688984308,-0.0279743029810882,TRUE,0.321421381436334,1.00099003387228,0.0839791451248365,TRUE,0.485752315658415,1.0011705655102,-0.0715804095920796,TRUE,0.459148435998211,1.00101538926862
3,"rand=1-2_rate=2_ROB=L_UH_Bias=Rct-NRE Moderate","1-2",2,"L_UH","Rct-NRE Moderate",0,0.0953101798043249,0.139761942375159,0.048790164169432,0.182321556793955,0.300104592450338,0.104088323745856,0.105871165571312,0.105938800231068,TRUE,0.370344391706795,1.00109568220158,0.0408732694002586,TRUE,0.27009246912155,1.00101180116407,0.0867965175354631,TRUE,0.471591350649655,1.00123624212435,0.0252067220417194,TRUE,0.379498303952796,1.00098675028066
4,"rand=1-2_rate=2_ROB=L_UH_Bias=Rct-NRE Moderate","1-2",2,"L_UH","Rct-NRE Moderate",0,0.0953101798043249,0.139761942375159,0.048790164169432,0.182321556793955,0.300104592450338,0.106957094388887,0.110261018539215,-0.176548761981853,TRUE,0.586381085382568,1.0010609859324,-0.193020734252292,FALSE,0.40676121749474,1.00098700744341,-0.059144559398487,TRUE,0.632821494893427,1.00098598998373,-0.248017892873436,TRUE,0.581607324110467,1.00098599377856
5,"rand=1-2_rate=2_ROB=L_UH_Bias=Rct-NRE Moderate","1-2",2,"L_UH","Rct-NRE Moderate",0,0.0953101798043249,0.139761942375159,0.048790164169432,0.182321556793955,0.300104592450338,0.106387390473456,0.108577305015263,0.11673552084559,TRUE,0.383912045946394,1.00104831387636,0.0186837081864916,TRUE,0.335600391376236,1.00100689375286,0.0367118484292258,TRUE,0.747105068355847,1.00101609462724,0.0110950682034744,TRUE,0.418619553567187,1.00099300786366
6,"rand=1-2_rate=2_ROB=L_UH_Bias=Rct-NRE Moderate","1-2",2,"L_UH","Rct-NRE Moderate",0,0.0953101798043249,0.139761942375159,0.048790164169432,0.182321556793955,0.300104592450338,0.107567624775609,0.110789437937497,-0.178084774962534,TRUE,0.562747951105397,1.00099470604019,-0.166828601724259,FALSE,0.354039898045897,1.00103676464304,-0.361248945115531,FALSE,0.798346517681123,1.00122347611735,-0.105448027600685,TRUE,0.417230618882472,1.00098969098379
7,"rand=1-2_rate=2_ROB=L_UH_Bias=Rct-NRE Moderate","1-2",2,"L_UH","Rct-NRE Moderate",0,0.0953101798043249,0.139761942375159,0.048790164169432,0.182321556793955,0.300104592450338,0.110222671869286,0.111401135802366,-0.144966311386592,TRUE,0.519274548233137,1.00098644799846,-0.177058480613798,FALSE,0.365903257701766,1.00098617489731,-0.248964884273542,TRUE,0.66997912950378,1.0013079383523,-0.15048563532971,TRUE,0.494741820963293,1.00101862063474
8,"rand=1-2_rate=2_ROB=L_UH_Bias=Rct-NRE Moderate","1-2",2,"L_UH","Rct-NRE Moderate",0,0.0953101798043249,0.139761942375159,0.048790164169432,0.182321556793955,0.300104592450338,0.11442622582253,0.115766663365533,0.00436835354713816,TRUE,0.484019620229712,1.00106225140559,-0.0553494722073231,TRUE,0.363780735981487,1.00099015932098,0.0369032819410688,TRUE,0.59555618216,1.00108523529351,-0.101769073230445,TRUE,0.520514927964941,1.00098617889587
9,"rand=1-2_rate=2_ROB=L_UH_Bias=Rct-NRE Moderate","1-2",2,"L_UH","Rct-NRE Moderate",0,0.0953101798043249,0.139761942375159,0.048790164169432,0.182321556793955,0.300104592450338,0.104024619043801,0.106131957849504,0.0418212583672131,TRUE,0.508673907483092,1.00101552429988,-0.0619813288179862,TRUE,0.43141155821768,1.00098628631136,0.120948091469822,TRUE,0.525915124557074,1.00122983778634,-0.157616559595267,TRUE,0.680471873374579,1.00099839510709
10,"rand=1-2_rate=2_ROB=L_UH_Bias=Rct-NRE Moderate","1-2",2,"L_UH","Rct-NRE Moderate",0,0.0953101798043249,0.139761942375159,0.048790164169432,0.182321556793955,0.300104592450338,0.09981032469085,0.100378933396042,-0.118359982025659,TRUE,0.503022324404231,1.00199565258935,-0.1462093145717,TRUE,0.375419651733281,1.00098706096695,-0.111202624501101,TRUE,0.569196023241338,1.00101871323798,-0.157696189697158,TRUE,0.57445385203468,1.00099116051834
11,"rand=1-2_rate=2_ROB=L_UH_Bias=Rct-NRE Moderate","1-2",2,"L_UH","Rct-NRE Moderate",0,0.0953101798043249,0.139761942375159,0.048790164169432,0.182321556793955,0.300104592450338,0.112553691825209,0.113591367894548,-0.0936322390740927,TRUE,0.596277347880494,1.0010702183574,-0.230310795550413,FALSE,0.522660848030694,1.00101508065114,-0.352547313826339,TRUE,0.905954173598302,1.00103070404188,-0.169086184513402,TRUE,0.729564903869164,1.00103371408268
12,"rand=1-2_rate=2_ROB=L_UH_Bias=Rct-NRE Moderate","1-2",2,"L_UH","Rct-NRE Moderate",0,0.0953101798043249,0.139761942375159,0.048790164169432,0.182321556793955,0.300104592450338,0.0970900671304038,0.0971200399418369,0.110189983839174,TRUE,0.399213921624994,1.00120877293203,0.00781047514105337,TRUE,0.34493659481798,1.00104005610355,0.244013449225918,FALSE,0.403949334547846,1.00153691113722,-0.120263280712827,TRUE,0.521722056148836,1.00098625645803
13,"rand=1-2_rate=2_ROB=L_UH_Bias=Rct-NRE Moderate","1-2",2,"L_UH","Rct-NRE Moderate",0,0.0953101798043249,0.139761942375159,0.048790164169432,0.182321556793955,0.300104592450338,0.110390961615506,0.111674880607503,-0.012746938410201,TRUE,0.534395214209846,1.00105095438664,-0.15513242321414,TRUE,0.45197520758541,1.00099799467272,0.131265323074876,TRUE,0.474960369511155,1.00121612538546,-0.33659691233886,FALSE,0.683462083536352,1.00101002349072
14,"rand=1-2_rate=2_ROB=L_UH_Bias=Rct-NRE Moderate","1-2",2,"L_UH","Rct-NRE Moderate",0,0.0953101798043249,0.139761942375159,0.048790164169432,0.182321556793955,0.300104592450338,0.103118009894293,0.105170298686051,-0.0261349581543904,TRUE,0.456952546260674,1.00099487295043,-0.056433722339581,TRUE,0.313358657696347,1.00098914058246,-0.190419144502781,TRUE,0.628353826563926,1.00140893476981,-0.0107094385597792,TRUE,0.401338643721847,1.00099225031121
15,"rand=1-2_rate=2_ROB=L_UH_Bias=Rct-NRE Moderate","1-2",2,"L_UH","Rct-NRE Moderate",0,0.0953101798043249,0.139761942375159,0.048790164169432,0.182321556793955,0.300104592450338,0.104813721457284,0.106956276480844,0.115952691526003,TRUE,0.409730395323726,1.00098600390925,0.0386978379479702,TRUE,0.31998966859254,1.00100041639472,0.111449012633928,TRUE,0.57530147781984,1.00102672135429,0.0102776888719944,TRUE,0.435920023635307,1.00101929354997
16,"rand=1-2_rate=2_ROB=L_UH_Bias=Rct-NRE Moderate","1-2",2,"L_UH","Rct-NRE Moderate",0,0.0953101798043249,0.139761942375159,0.048790164169432,0.182321556793955,0.300104592450338,0.0952241376410984,0.0966055473845969,-0.0825509682012435,TRUE,0.57513240254012,1.00101739638586,-0.116479202683367,TRUE,0.435593275820065,1.00098726648697,-0.0446729088172371,TRUE,0.664816225090523,1.00099914273571,-0.154213534199338,TRUE,0.64669360869872,1.00098644482217
17,"rand=1-2_rate=2_ROB=L_UH_Bias=Rct-NRE Moderate","1-2",2,"L_UH","Rct-NRE Moderate",0,0.0953101798043249,0.139761942375159,0.048790164169432,0.182321556793955,0.300104592450338,0.105614188897946,0.107357845110881,0.0295444821016485,TRUE,0.476342208177365,1.00116757072906,-0.0619423888463992,TRUE,0.371964240918653,1.00098599429132,0.0483647195853169,TRUE,0.591250593648466,1.00099810207135,-0.107915230480755,TRUE,0.521235024188994,1.0009972730746
18,"rand=1-2_rate=2_ROB=L_UH_Bias=Rct-NRE Moderate","1-2",2,"L_UH","Rct-NRE Moderate",0,0.0953101798043249,0.139761942375159,0.048790164169432,0.182321556793955,0.300104592450338,0.102860455069177,0.103474570618144,-0.151762427482961,TRUE,0.506375337250451,1.00098698963757,-0.189968991866273,FALSE,0.357084045403733,1.00101867505314,-0.165635550053454,TRUE,0.609422665090842,1.00099681498099,-0.199649187438085,TRUE,0.501994218711544,1.00098687801235
19,"rand=1-2_rate=2_ROB=L_UH_Bias=Rct-NRE Moderate","1-2",2,"L_UH","Rct-NRE Moderate",0,0.0953101798043249,0.139761942375159,0.048790164169432,0.182321556793955,0.300104592450338,0.107482172844102,0.10753629761707,-0.0963238258230938,TRUE,0.478669366621749,1.00099230490158,-0.112058514941932,TRUE,0.320950124417189,1.00098611584024,-0.11265117843236,TRUE,0.590056906449882,1.00104747295583,-0.113666968484415,TRUE,0.4389073233891,1.00099162180389
20,"rand=1-2_rate=2_ROB=L_UH_Bias=Rct-NRE Moderate","1-2",2,"L_UH","Rct-NRE Moderate",0,0.0953101798043249,0.139761942375159,0.048790164169432,0.182321556793955,0.300104592450338,0.0931293749974579,0.0977906587320495,0.111150466832371,TRUE,0.493953566263365,1.00102500256086,0.0609853853043114,TRUE,0.399493757563429,1.0009927760749,0.0712975826540779,TRUE,0.689430051495376,1.0010361374943,0.0524790068559542,TRUE,0.574481086146986,1.00099839661429
21,"rand=1-2_rate=2_ROB=L_UH_Bias=Rct-NRE Moderate","1-2",2,"L_UH","Rct-NRE Moderate",0,0.0953101798043249,0.139761942375159,0.048790164169432,0.182321556793955,0.300104592450338,0.096779124616394,0.0981806409469393,-0.0163497225960432,TRUE,0.457706511378287,1.00111176567231,-0.0884996841597661,TRUE,0.370810278673181,1.00100640969572,-0.054265876740103,TRUE,0.58314207926742,1.00121262201363,-0.0999388034684785,TRUE,0.54784230186643,1.00104617689431
22,"rand=1-2_rate=2_ROB=L_UH_Bias=Rct-NRE Moderate","1-2",2,"L_UH","Rct-NRE Moderate",0,0.0953101798043249,0.139761942375159,0.048790164169432,0.182321556793955,0.300104592450338,0.0975956062654382,0.0984564513209902,0.0130588714430848,TRUE,0.452738909228324,1.00100421654554,-0.0435737770693441,TRUE,0.313702103456398,1.00100431456538,0.0728831334266389,TRUE,0.754127640340937,1.00098895519965,-0.0805177042851672,TRUE,0.349276376764134,1.0009973726915
23,"rand=1-2_rate=2_ROB=L_UH_Bias=Rct-NRE Moderate","1-2",2,"L_UH","Rct-NRE Moderate",0,0.0953101798043249,0.139761942375159,0.048790164169432,0.182321556793955,0.300104592450338,0.0962643940795142,0.0973100971382281,0.0233937723863186,TRUE,0.52759452156016,1.00100750630142,-0.0427122321740838,TRUE,0.444021554618275,1.00099922381018,-0.168141822644395,TRUE,1.04759699172815,1.00099091611593,0.0235814982594965,TRUE,0.512643178286157,1.0010290661154
24,"rand=1-2_rate=2_ROB=L_UH_Bias=Rct-NRE Moderate","1-2",2,"L_UH","Rct-NRE Moderate",0,0.0953101798043249,0.139761942375159,0.048790164169432,0.182321556793955,0.300104592450338,0.110877239266539,0.11113713522735,0.0175298932514447,TRUE,0.431502741828138,1.00100135731783,-0.0620515559997745,TRUE,0.333733247718603,1.00100001035844,0.0188741462347836,TRUE,0.573427888782091,1.00124431331252,-0.0926729422953771,TRUE,0.464734136952452,1.00102523686792
25,"rand=1-2_rate=2_ROB=L_UH_Bias=Rct-NRE Moderate","1-2",2,"L_UH","Rct-NRE Moderate",0,0.0953101798043249,0.139761942375159,0.048790164169432,0.182321556793955,0.300104592450338,0.110195762391473,0.111831824443991,-0.0803857139373196,TRUE,0.493474471611208,1.00103934856475,-0.223658793777216,FALSE,0.419470378827491,1.00099477820595,-0.0965235361194536,TRUE,0.593981779356376,1.00098610421446,-0.277010745548179,TRUE,0.634810053020843,1.00099185135019
26,"rand=1-2_rate=2_ROB=L_UH_Bias=Rct-NRE Moderate","1-2",2,"L_UH","Rct-NRE Moderate",0,0.0953101798043249,0.139761942375159,0.048790164169432,0.182321556793955,0.300104592450338,0.104838751525471,0.106697807703849,-0.105312693556909,TRUE,0.437161418935956,1.00122294410156,-0.175916841614851,FALSE,0.323714012143314,1.00099850856892,-0.241708735485206,TRUE,0.606497648358968,1.00098610173315,-0.156154408157688,TRUE,0.450603019934797,1.00106481055858
27,"rand=1-2_rate=2_ROB=L_UH_Bias=Rct-NRE Moderate","1-2",2,"L_UH","Rct-NRE Moderate",0,0.0953101798043249,0.139761942375159,0.048790164169432,0.182321556793955,0.300104592450338,0.0990150937214994,0.100135876910397,-0.130045573588235,TRUE,0.434381684520822,1.00098848116382,-0.238414488557619,FALSE,0.293290081575305,1.00099794391401,-0.030038283929148,TRUE,0.534099800699176,1.00117588708912,-0.292214950889796,FALSE,0.36860847298788,1.0010116783255
28,"rand=1-2_rate=2_ROB=L_UH_Bias=Rct-NRE Moderate","1-2",2,"L_UH","Rct-NRE Moderate",0,0.0953101798043249,0.139761942375159,0.048790164169432,0.182321556793955,0.300104592450338,0.098867607326881,0.0992187373594032,-0.116359768796405,TRUE,0.549823157427595,1.00098696245562,-0.115462607344755,TRUE,0.426296311116904,1.00099752995948,-0.154772550596212,TRUE,0.671877218665142,1.00104296479455,-0.0981681680988478,TRUE,0.635429439630335,1.00098889629652
29,"rand=1-2_rate=2_ROB=L_UH_Bias=Rct-NRE Moderate","1-2",2,"L_UH","Rct-NRE Moderate",0,0.0953101798043249,0.139761942375159,0.048790164169432,0.182321556793955,0.300104592450338,0.106908094317164,0.107847767600856,-0.0772767165935528,TRUE,0.490698732252088,1.00100588297267,-0.206936428162796,TRUE,0.458530087433198,1.0009978210366,-0.177038765591774,TRUE,0.575484213645451,1.00101267372903,-0.220261547370702,TRUE,0.760067389624084,1.00098838982587
30,"rand=1-2_rate=2_ROB=L_UH_Bias=Rct-NRE Moderate","1-2",2,"L_UH","Rct-NRE Moderate",0,0.0953101798043249,0.139761942375159,0.048790164169432,0.182321556793955,0.300104592450338,0.10967676633581,0.109947328661315,0.0160823306485067,TRUE,0.508343412190163,1.00099766430778,-0.0432604755607868,TRUE,0.377230542236211,1.00102047597032,0.115319310657229,TRUE,0.563403120135583,1.0010876507782,-0.12222298525707,TRUE,0.539542049166712,1.00105267578981
31,"rand=1-2_rate=2_ROB=L_UH_Bias=Rct-NRE Moderate","1-2",2,"L_UH","Rct-NRE Moderate",0,0.0953101798043249,0.139761942375159,0.048790164169432,0.182321556793955,0.300104592450338,0.0848540629725988,0.0858767731706342,-0.0287940160174913,TRUE,0.471457295832749,1.00098611761164,-0.0515796922086871,TRUE,0.352856157315518,1.00098619859174,-0.0502663019088543,TRUE,0.52293603006872,1.00098833193255,-0.0491441261605161,TRUE,0.530054451658252,1.00099876218768
32,"rand=1-2_rate=2_ROB=L_UH_Bias=Rct-NRE Moderate","1-2",2,"L_UH","Rct-NRE Moderate",0,0.0953101798043249,0.139761942375159,0.048790164169432,0.182321556793955,0.300104592450338,0.106230236054953,0.108664608957461,-0.0035084376386183,TRUE,0.465907192501759,1.00105943097695,-0.0576040786224339,TRUE,0.373338017060344,1.00099279018322,-0.00808757884195632,TRUE,0.645259553384445,1.00099149961001,-0.0845113548105434,TRUE,0.533680262026481,1.00100100193254
33,"rand=1-2_rate=2_ROB=L_UH_Bias=Rct-NRE Moderate","1-2",2,"L_UH","Rct-NRE Moderate",0,0.0953101798043249,0.139761942375159,0.048790164169432,0.182321556793955,0.300104592450338,0.0981075121977115,0.100010796323677,-0.17487198771534,TRUE,0.52225284658429,1.00101139273279,-0.259815655764308,FALSE,0.388489194199096,1.00101114606072,-0.0881791528325047,TRUE,0.596121025621508,1.00104665925208,-0.325654141769539,FALSE,0.544754784520271,1.00098623110246
34,"rand=1-2_rate=2_ROB=L_UH_Bias=Rct-NRE Moderate","1-2",2,"L_UH","Rct-NRE Moderate",0,0.0953101798043249,0.139761942375159,0.048790164169432,0.182321556793955,0.300104592450338,0.0989747960623253,0.101312950352681,-0.233806782003193,TRUE,0.526680854367216,1.00100121459866,-0.25148785199606,FALSE,0.324578621219237,1.00098948425109,-0.0639473007727829,TRUE,0.584827021536459,1.00132886600237,-0.307780676963383,FALSE,0.403962791710022,1.00100468790562
35,"rand=1-2_rate=2_ROB=L_UH_Bias=Rct-NRE Moderate","1-2",2,"L_UH","Rct-NRE Moderate",0,0.0953101798043249,0.139761942375159,0.048790164169432,0.182321556793955,0.300104592450338,0.106901814132249,0.109440106085069,0.0117895312610158,TRUE,0.50921459102489,1.0010083810419,-0.065103992655015,TRUE,0.389787715515645,1.00100239284653,0.0864459405300114,TRUE,0.756567778631115,1.00098604146271,-0.143881233883023,TRUE,0.508201994971661,1.0010188077898
36,"rand=1-2_rate=2_ROB=L_UH_Bias=Rct-NRE Moderate","1-2",2,"L_UH","Rct-NRE Moderate",0,0.0953101798043249,0.139761942375159,0.048790164169432,0.182321556793955,0.300104592450338,0.116030767295984,0.11928009987325,-0.109822756995202,TRUE,0.550770062418846,1.00110531931521,-0.165882776606377,TRUE,0.424512515538631,1.00100303329103,-0.0315682274664477,TRUE,0.578524543354048,1.00178445569659,-0.229125125376444,TRUE,0.658117916332774,1.00099577499737
37,"rand=1-2_rate=2_ROB=L_UH_Bias=Rct-NRE Moderate","1-2",2,"L_UH","Rct-NRE Moderate",0,0.0953101798043249,0.139761942375159,0.048790164169432,0.182321556793955,0.300104592450338,0.106087360261962,0.10809006278891,-0.104832929185086,TRUE,0.556469015243775,1.00111698442213,-0.112392820026709,TRUE,0.415674739949347,1.00098777666908,-0.0462929689412335,TRUE,0.575270264814389,1.00102859250317,-0.15700478666887,TRUE,0.653516957930834,1.00098599076958
38,"rand=1-2_rate=2_ROB=L_UH_Bias=Rct-NRE Moderate","1-2",2,"L_UH","Rct-NRE Moderate",0,0.0953101798043249,0.139761942375159,0.048790164169432,0.182321556793955,0.300104592450338,0.102216109503315,0.102518606512544,-0.0849404581584106,TRUE,0.531355629375047,1.00114159414573,-0.106504054679416,TRUE,0.37554791903702,1.00100435651909,-0.0852791740271093,TRUE,0.65788418162896,1.00112297134221,-0.115433230243069,TRUE,0.524702252492093,1.00100493011729
39,"rand=1-2_rate=2_ROB=L_UH_Bias=Rct-NRE Moderate","1-2",2,"L_UH","Rct-NRE Moderate",0,0.0953101798043249,0.139761942375159,0.048790164169432,0.182321556793955,0.300104592450338,0.116678383258823,0.11679442681241,-0.0683649270525941,TRUE,0.486993860084622,1.00102792722127,-0.0642281238354798,TRUE,0.331930081748598,1.00098768632697,-0.136736736750935,TRUE,0.665635939679193,1.00128935948871,-0.0404889255367531,TRUE,0.44370326575576,1.00099118850391
40,"rand=1-2_rate=2_ROB=L_UH_Bias=Rct-NRE Moderate","1-2",2,"L_UH","Rct-NRE Moderate",0,0.0953101798043249,0.139761942375159,0.048790164169432,0.182321556793955,0.300104592450338,0.103369302593736,0.104327218124607,-0.0225401434781627,TRUE,0.448813242377978,1.00105365554452,-0.0814160289785999,TRUE,0.320066513943863,1.00107235615864,-0.128004236869089,TRUE,0.604313282600199,1.00145020611688,-0.0628639884737583,TRUE,0.435452703294437,1.00099949982303
41,"rand=1-2_rate=2_ROB=L_UH_Bias=Rct-NRE Moderate","1-2",2,"L_UH","Rct-NRE Moderate",0,0.0953101798043249,0.139761942375159,0.048790164169432,0.182321556793955,0.300104592450338,0.119742327344663,0.12032511398603,-0.294267012478086,FALSE,0.587728888206472,1.00100045972357,-0.308313018272965,FALSE,0.397923954385481,1.0010803287465,-0.228709963570797,TRUE,0.735288227772085,1.0010441970202,-0.340146120136575,FALSE,0.537325793389643,1.00102465714979
42,"rand=1-2_rate=2_ROB=L_UH_Bias=Rct-NRE Moderate","1-2",2,"L_UH","Rct-NRE Moderate",0,0.0953101798043249,0.139761942375159,0.048790164169432,0.182321556793955,0.300104592450338,0.101766067561998,0.102348604320707,-0.0590120747567904,TRUE,0.401098418155554,1.00105103722719,-0.149083373070276,FALSE,0.255870722877027,1.00098616367081,0.04936649844774,TRUE,0.566075578908165,1.00151481628503,-0.190695147626448,FALSE,0.29329355183821,1.00098762584619
43,"rand=1-2_rate=2_ROB=L_UH_Bias=Rct-NRE Moderate","1-2",2,"L_UH","Rct-NRE Moderate",0,0.0953101798043249,0.139761942375159,0.048790164169432,0.182321556793955,0.300104592450338,0.107885573273435,0.108425058621838,0.00849776446350581,TRUE,0.420008917231246,1.00125710975833,-0.0796736958279327,TRUE,0.289916199758958,1.00099104697583,0.0792343598717823,TRUE,0.466811640861832,1.0010931853222,-0.130640030161154,TRUE,0.407131556773588,1.00101106976777
44,"rand=1-2_rate=2_ROB=L_UH_Bias=Rct-NRE Moderate","1-2",2,"L_UH","Rct-NRE Moderate",0,0.0953101798043249,0.139761942375159,0.048790164169432,0.182321556793955,0.300104592450338,0.109235310146051,0.11074265058387,-0.106511018216892,TRUE,0.598376445277891,1.00098609131098,-0.202142244459243,TRUE,0.488169041525548,1.00099020370525,-0.14758805220107,TRUE,1.01655696642837,1.00099904593299,-0.229455930029475,TRUE,0.637904933890672,1.00100809491396
45,"rand=1-2_rate=2_ROB=L_UH_Bias=Rct-NRE Moderate","1-2",2,"L_UH","Rct-NRE Moderate",0,0.0953101798043249,0.139761942375159,0.048790164169432,0.182321556793955,0.300104592450338,0.108755219163579,0.109784225835338,-0.13666363217721,TRUE,0.502584450649681,1.00100209570183,-0.227647521513697,FALSE,0.381896811539868,1.00098906483716,-0.0692246171785884,TRUE,0.545354243859412,1.00098992375801,-0.291873184571806,FALSE,0.573291799307339,1.00098603852436
46,"rand=1-2_rate=2_ROB=L_UH_Bias=Rct-NRE Moderate","1-2",2,"L_UH","Rct-NRE Moderate",0,0.0953101798043249,0.139761942375159,0.048790164169432,0.182321556793955,0.300104592450338,0.0931941677624503,0.0943552302350754,-0.166439000696605,TRUE,0.530100443033078,1.00105450720675,-0.220388405453413,FALSE,0.364746633083833,1.0009873289403,-0.0467632110814544,TRUE,0.551573345465829,1.00238579417868,-0.284151207608807,FALSE,0.518190439069159,1.00100757444957
47,"rand=1-2_rate=2_ROB=L_UH_Bias=Rct-NRE Moderate","1-2",2,"L_UH","Rct-NRE Moderate",0,0.0953101798043249,0.139761942375159,0.048790164169432,0.182321556793955,0.300104592450338,0.0926130343324629,0.0941746378363693,-0.0168837549296752,TRUE,0.450507662764638,1.00142678190001,-0.127330525763175,TRUE,0.396949960223933,1.00100249695357,-0.0454208923659389,TRUE,0.534390298004885,1.00099909334858,-0.166559371831925,TRUE,0.637231172222238,1.00098766738429
48,"rand=1-2_rate=2_ROB=L_UH_Bias=Rct-NRE Moderate","1-2",2,"L_UH","Rct-NRE Moderate",0,0.0953101798043249,0.139761942375159,0.048790164169432,0.182321556793955,0.300104592450338,0.108155535453562,0.10888582954946,-0.0100091308791288,TRUE,0.461240520046377,1.00100918071065,-0.126034635501242,TRUE,0.364245137771312,1.00100150379751,-0.129285883225889,TRUE,0.745934799369472,1.00105175936706,-0.125906273290053,TRUE,0.473347260182835,1.00099396639919
49,"rand=1-2_rate=2_ROB=L_UH_Bias=Rct-NRE Moderate","1-2",2,"L_UH","Rct-NRE Moderate",0,0.0953101798043249,0.139761942375159,0.048790164169432,0.182321556793955,0.300104592450338,0.0919958991022339,0.093513577470901,0.0642581326866308,TRUE,0.445905966499427,1.00099989103578,-0.00921626291076927,TRUE,0.33198670081881,1.00101945482636,-0.0369057557064205,TRUE,0.698645536020881,1.00106123761295,0.00283113532584311,TRUE,0.426240273451075,1.00099165323013
50,"rand=1-2_rate=2_ROB=L_UH_Bias=Rct-NRE Moderate","1-2",2,"L_UH","Rct-NRE Moderate",0,0.0953101798043249,0.139761942375159,0.048790164169432,0.182321556793955,0.300104592450338,0.105818648205498,0.108862308515609,-0.0698365004317147,TRUE,0.519963708114347,1.00098976232578,-0.108537038153808,TRUE,0.369928536085441,1.00098703029669,-0.0571812821575246,TRUE,0.619439331813242,1.0019422538835,-0.126866501423746,TRUE,0.528633035562477,1.00099629862545
51,"rand=1-2_rate=2_ROB=L_UH_Bias=Rct-NRE Moderate","1-2",2,"L_UH","Rct-NRE Moderate",0,0.0953101798043249,0.139761942375159,0.048790164169432,0.182321556793955,0.300104592450338,0.090203232279475,0.0930688206146805,-0.152194277949876,TRUE,0.531163414833373,1.00099952413705,-0.180962002865049,FALSE,0.378913014682065,1.00103253714702,-0.301919027481764,TRUE,0.677487103946481,1.0011072462885,-0.139172909921748,TRUE,0.520552937759905,1.00102337940981
52,"rand=1-2_rate=2_ROB=L_UH_Bias=Rct-NRE Moderate","1-2",2,"L_UH","Rct-NRE Moderate",0,0.0953101798043249,0.139761942375159,0.048790164169432,0.182321556793955,0.300104592450338,0.11341349704819,0.115659259910879,0.0444254440001995,TRUE,0.383058713921225,1.00109549919305,-0.0652173863355829,TRUE,0.318141972377807,1.00099655305722,0.115749243248497,TRUE,0.467646080090268,1.00137970280694,-0.131630821965879,TRUE,0.453962273885581,1.00100697268032
53,"rand=1-2_rate=2_ROB=L_UH_Bias=Rct-NRE Moderate","1-2",2,"L_UH","Rct-NRE Moderate",0,0.0953101798043249,0.139761942375159,0.048790164169432,0.182321556793955,0.300104592450338,0.101980213386858,0.104539068075242,0.0325706758788584,TRUE,0.41693984165246,1.00112165239537,-0.109660626214171,TRUE,0.35731348179274,1.00098778799126,0.104694740890421,TRUE,0.48916441467676,1.00114406339665,-0.20173718836921,TRUE,0.509208252896031,1.00098812073881
54,"rand=1-2_rate=2_ROB=L_UH_Bias=Rct-NRE Moderate","1-2",2,"L_UH","Rct-NRE Moderate",0,0.0953101798043249,0.139761942375159,0.048790164169432,0.182321556793955,0.300104592450338,0.0995808152801417,0.100942498959515,-0.072596478948288,TRUE,0.474375507473303,1.00144714332533,-0.121286761705703,TRUE,0.381075883470477,1.00098977721457,-0.0272182721783254,TRUE,0.546093349600869,1.00227527980056,-0.163761231446689,TRUE,0.597139356762354,1.00099260824192
55,"rand=1-2_rate=2_ROB=L_UH_Bias=Rct-NRE Moderate","1-2",2,"L_UH","Rct-NRE Moderate",0,0.0953101798043249,0.139761942375159,0.048790164169432,0.182321556793955,0.300104592450338,0.0854591300712848,0.0861783919682591,-0.0540882500376394,TRUE,0.556758689850634,1.00112333668829,-0.0623057766108983,TRUE,0.423618271861617,1.00099199826904,-0.151847694153999,TRUE,0.678374262734628,1.00103153479978,-0.0225248358594672,TRUE,0.605050670385763,1.00100507451292
56,"rand=1-2_rate=2_ROB=L_UH_Bias=Rct-NRE Moderate","1-2",2,"L_UH","Rct-NRE Moderate",0,0.0953101798043249,0.139761942375159,0.048790164169432,0.182321556793955,0.300104592450338,0.106148692150054,0.107763286157004,-0.00740684474870479,TRUE,0.484144604272371,1.00118418877274,-0.0644873825229988,TRUE,0.380347925414279,1.00098645868975,0.0450245302822361,TRUE,0.482323149949456,1.00113425940279,-0.114946758457036,TRUE,0.628448610456351,1.00098660328646
57,"rand=1-2_rate=2_ROB=L_UH_Bias=Rct-NRE Moderate","1-2",2,"L_UH","Rct-NRE Moderate",0,0.0953101798043249,0.139761942375159,0.048790164169432,0.182321556793955,0.300104592450338,0.0950518319133067,0.0958121189587201,-0.0377308701464325,TRUE,0.489376037561802,1.00101880815837,-0.160119195725905,TRUE,0.407881258769313,1.00098734907362,-0.272347790744213,TRUE,0.814997396432348,1.00110493594746,-0.116836678356886,TRUE,0.530728332676675,1.00098635553804
58,"rand=1-2_rate=2_ROB=L_UH_Bias=Rct-NRE Moderate","1-2",2,"L_UH","Rct-NRE Moderate",0,0.0953101798043249,0.139761942375159,0.048790164169432,0.182321556793955,0.300104592450338,0.108162874304471,0.108582531476116,-0.0580071083164402,TRUE,0.518273361878305,1.00101050156334,-0.104641385963125,TRUE,0.402214650595639,1.00103345199021,-0.0273318668475149,TRUE,0.584156793848863,1.00098603623133,-0.141209610545571,TRUE,0.612520166173274,1.00098717072856
59,"rand=1-2_rate=2_ROB=L_UH_Bias=Rct-NRE Moderate","1-2",2,"L_UH","Rct-NRE Moderate",0,0.0953101798043249,0.139761942375159,0.048790164169432,0.182321556793955,0.300104592450338,0.11379280989227,0.118042953579923,-0.0386055487664805,TRUE,0.506723194120995,1.00105968162368,-0.147960137897962,TRUE,0.46271921462236,1.00098810282343,-0.0639079332310339,TRUE,0.629948153771508,1.00103931322578,-0.191832386015378,TRUE,0.714263321826312,1.00100680288472
60,"rand=1-2_rate=2_ROB=L_UH_Bias=Rct-NRE Moderate","1-2",2,"L_UH","Rct-NRE Moderate",0,0.0953101798043249,0.139761942375159,0.048790164169432,0.182321556793955,0.300104592450338,0.097420862873912,0.097956817902484,-0.133699869921541,TRUE,0.506672872249081,1.0012275571719,-0.184704720963895,FALSE,0.341711047559314,1.00101140871191,-0.0202223287688981,TRUE,0.551486081383508,1.00113694601091,-0.242493135683894,FALSE,0.467524094056683,1.00098599111015
61,"rand=1-2_rate=2_ROB=L_UH_Bias=Rct-NRE Moderate","1-2",2,"L_UH","Rct-NRE Moderate",0,0.0953101798043249,0.139761942375159,0.048790164169432,0.182321556793955,0.300104592450338,0.112477788234806,0.114092046522965,-0.0880221155708836,TRUE,0.51365438356341,1.00102047399727,-0.14396218536829,TRUE,0.36560244325391,1.00099018241904,-0.124471152330472,TRUE,0.832386880365124,1.00113714094418,-0.151741824312245,TRUE,0.449118968656462,1.00104492984659
62,"rand=1-2_rate=2_ROB=L_UH_Bias=Rct-NRE Moderate","1-2",2,"L_UH","Rct-NRE Moderate",0,0.0953101798043249,0.139761942375159,0.048790164169432,0.182321556793955,0.300104592450338,0.105922867456471,0.108069149278378,-0.00403900774197319,TRUE,0.40375011398796,1.00106594975594,-0.0719124072659785,TRUE,0.321091144332532,1.00099547930077,-0.360875926466246,TRUE,0.889222884220698,1.00098724694388,-0.001929486575174,TRUE,0.341421635101143,1.00103435107584
63,"rand=1-2_rate=2_ROB=L_UH_Bias=Rct-NRE Moderate","1-2",2,"L_UH","Rct-NRE Moderate",0,0.0953101798043249,0.139761942375159,0.048790164169432,0.182321556793955,0.300104592450338,0.09665775499299,0.0975022626249768,-0.0230947431572905,TRUE,0.533730153419171,1.00099123396029,-0.0663042095577113,TRUE,0.391573079587679,1.00100392302729,0.0537276077394309,TRUE,0.817089968878299,1.00099709604444,-0.120653064505896,TRUE,0.478278403702666,1.00098676148795
64,"rand=1-2_rate=2_ROB=L_UH_Bias=Rct-NRE Moderate","1-2",2,"L_UH","Rct-NRE Moderate",0,0.0953101798043249,0.139761942375159,0.048790164169432,0.182321556793955,0.300104592450338,0.103942076041034,0.104892900576001,-0.143003566805054,TRUE,0.528905789465349,1.00109656047579,-0.120705817682198,TRUE,0.369941529606973,1.0010026101794,-0.0705495243643552,TRUE,0.612744984848589,1.00098676414045,-0.144182047290133,TRUE,0.526886341626092,1.00109142115347
65,"rand=1-2_rate=2_ROB=L_UH_Bias=Rct-NRE Moderate","1-2",2,"L_UH","Rct-NRE Moderate",0,0.0953101798043249,0.139761942375159,0.048790164169432,0.182321556793955,0.300104592450338,0.0947314478059598,0.096108851937078,-0.141098428683593,TRUE,0.522736947135953,1.0010054105234,-0.220969885606215,FALSE,0.43839860504485,1.00098599315394,0.0339010499610595,TRUE,0.527288703982393,1.00099892003002,-0.366166669511205,FALSE,0.675442269330568,1.00099500609384
66,"rand=1-2_rate=2_ROB=L_UH_Bias=Rct-NRE Moderate","1-2",2,"L_UH","Rct-NRE Moderate",0,0.0953101798043249,0.139761942375159,0.048790164169432,0.182321556793955,0.300104592450338,0.101385410177534,0.102684270772923,0.102732911322417,TRUE,0.386590808170063,1.00099230786257,0.0421787789569043,TRUE,0.283078955644449,1.00098726511281,-0.0541889388252608,TRUE,0.690103147481651,1.00098620144389,0.0702782026738783,TRUE,0.336922116617758,1.00100763745365
67,"rand=1-2_rate=2_ROB=L_UH_Bias=Rct-NRE Moderate","1-2",2,"L_UH","Rct-NRE Moderate",0,0.0953101798043249,0.139761942375159,0.048790164169432,0.182321556793955,0.300104592450338,0.0952604501826493,0.0964466099954818,-0.135027390657547,TRUE,0.452558902790336,1.00101501449893,-0.205373326566175,FALSE,0.339025727296334,1.0010192871,-0.295407961120521,TRUE,0.72531293608976,1.00104504393946,-0.179966055452656,TRUE,0.42489209782445,1.00099194399216
68,"rand=1-2_rate=2_ROB=L_UH_Bias=Rct-NRE Moderate","1-2",2,"L_UH","Rct-NRE Moderate",0,0.0953101798043249,0.139761942375159,0.048790164169432,0.182321556793955,0.300104592450338,0.108684372254886,0.110505913389676,-0.167486198108997,TRUE,0.559487971380814,1.0009860648343,-0.253040727038368,FALSE,0.456755639452094,1.00102413178503,-0.205653015539087,TRUE,0.690870064851933,1.00100683218598,-0.272674111797774,TRUE,0.677894376623934,1.00098616772519
69,"rand=1-2_rate=2_ROB=L_UH_Bias=Rct-NRE Moderate","1-2",2,"L_UH","Rct-NRE Moderate",0,0.0953101798043249,0.139761942375159,0.048790164169432,0.182321556793955,0.300104592450338,0.0918923726160251,0.0928724326489877,-0.0944739833617996,TRUE,0.565899266622407,1.00098601477102,-0.106643424713023,TRUE,0.397883861494149,1.00100021823333,-0.230071098333053,TRUE,0.800861344342553,1.00098980130049,-0.0538968370108426,TRUE,0.504214377165136,1.00100336119234
70,"rand=1-2_rate=2_ROB=L_UH_Bias=Rct-NRE Moderate","1-2",2,"L_UH","Rct-NRE Moderate",0,0.0953101798043249,0.139761942375159,0.048790164169432,0.182321556793955,0.300104592450338,0.0994127839839292,0.100488266642476,-0.0667423223303218,TRUE,0.581125393876884,1.0009861501698,-0.101928190930466,TRUE,0.410534838055781,1.00099359460287,-0.364026278685543,FALSE,0.771335309359277,1.00101451258073,0.00478219366790067,TRUE,0.515615043986663,1.00099914176997
71,"rand=1-2_rate=2_ROB=L_UH_Bias=Rct-NRE Moderate","1-2",2,"L_UH","Rct-NRE Moderate",0,0.0953101798043249,0.139761942375159,0.048790164169432,0.182321556793955,0.300104592450338,0.0968786828620507,0.0990279508354169,0.0898527214155042,TRUE,0.454253339815785,1.00099332999279,0.0336721330471109,TRUE,0.333838437134522,1.00099058841202,0.0924746243523712,TRUE,0.60236459955742,1.00109259180896,0.0112707714784438,TRUE,0.458807927949021,1.00100922970262
72,"rand=1-2_rate=2_ROB=L_UH_Bias=Rct-NRE Moderate","1-2",2,"L_UH","Rct-NRE Moderate",0,0.0953101798043249,0.139761942375159,0.048790164169432,0.182321556793955,0.300104592450338,0.102414213624014,0.10276158930959,-0.14482539409531,TRUE,0.474446679119243,1.00099692750106,-0.159798864096534,FALSE,0.313290745405804,1.00103670354958,-0.12210785982594,TRUE,0.787456724158737,1.00102271840822,-0.169265824543476,FALSE,0.369074366717373,1.00103239138615
73,"rand=1-2_rate=2_ROB=L_UH_Bias=Rct-NRE Moderate","1-2",2,"L_UH","Rct-NRE Moderate",0,0.0953101798043249,0.139761942375159,0.048790164169432,0.182321556793955,0.300104592450338,0.112596312830749,0.113376271630915,-0.0935852440486851,TRUE,0.505386305430955,1.00135893784395,-0.145494465029567,TRUE,0.349902904017046,1.00098670611639,0.206572498652056,TRUE,0.50853158471579,1.00099189406095,-0.281602822459232,FALSE,0.376492136638522,1.00099514282311
74,"rand=1-2_rate=2_ROB=L_UH_Bias=Rct-NRE Moderate","1-2",2,"L_UH","Rct-NRE Moderate",0,0.0953101798043249,0.139761942375159,0.048790164169432,0.182321556793955,0.300104592450338,0.0892025356882553,0.0902334919121281,-0.264942932188823,TRUE,0.629111827001686,1.00099173956168,-0.182417886805311,TRUE,0.42686393569675,1.00104474516685,-0.441120536076404,FALSE,0.785863614184108,1.00120798419104,-0.0820514030505504,TRUE,0.540900126600176,1.00107088238942
75,"rand=1-2_rate=2_ROB=L_UH_Bias=Rct-NRE Moderate","1-2",2,"L_UH","Rct-NRE Moderate",0,0.0953101798043249,0.139761942375159,0.048790164169432,0.182321556793955,0.300104592450338,0.0925284201168352,0.0935603852976255,-0.336277073970663,FALSE,0.679226482742277,1.00099032152592,-0.328130234170733,FALSE,0.479533169502181,1.00103487089661,-0.14856994494474,TRUE,0.781498957432288,1.00098967536653,-0.41286723468705,FALSE,0.666392588092008,1.00105803459925
76,"rand=1-2_rate=2_ROB=L_UH_Bias=Rct-NRE Moderate","1-2",2,"L_UH","Rct-NRE Moderate",0,0.0953101798043249,0.139761942375159,0.048790164169432,0.182321556793955,0.300104592450338,0.104538616823454,0.104742894809368,-0.0494247386684485,TRUE,0.551323371949837,1.00098686410088,-0.258418321000447,FALSE,0.527602142029794,1.00102818183347,0.031173284902935,TRUE,0.587552709668248,1.00123222063963,-0.424071279850219,FALSE,0.824092098763699,1.00098638321941
77,"rand=1-2_rate=2_ROB=L_UH_Bias=Rct-NRE Moderate","1-2",2,"L_UH","Rct-NRE Moderate",0,0.0953101798043249,0.139761942375159,0.048790164169432,0.182321556793955,0.300104592450338,0.116100375091218,0.117557333736991,-0.00282312534760121,TRUE,0.374727232580673,1.00099031013268,-0.136402005518161,TRUE,0.316283580033002,1.00105628598509,0.146194167860764,TRUE,0.469490816583925,1.00117591149879,-0.243250784971612,FALSE,0.384556039133872,1.00098599829066
78,"rand=1-2_rate=2_ROB=L_UH_Bias=Rct-NRE Moderate","1-2",2,"L_UH","Rct-NRE Moderate",0,0.0953101798043249,0.139761942375159,0.048790164169432,0.182321556793955,0.300104592450338,0.110462479618994,0.111605869200583,0.00614520098943483,TRUE,0.451887586220336,1.00099624725853,-0.0752695458944987,TRUE,0.344132829840621,1.00104137082475,0.136437966749737,TRUE,0.496154088267616,1.00099031238639,-0.162100363372563,TRUE,0.475082272942215,1.00098641807209
79,"rand=1-2_rate=2_ROB=L_UH_Bias=Rct-NRE Moderate","1-2",2,"L_UH","Rct-NRE Moderate",0,0.0953101798043249,0.139761942375159,0.048790164169432,0.182321556793955,0.300104592450338,0.100827645944718,0.101325357422707,-0.124089883171979,TRUE,0.530936025170265,1.00099311755506,-0.222145357512589,FALSE,0.437066791126259,1.00099848327765,-0.264004945737267,TRUE,0.743307027885007,1.00131454403211,-0.202815239904348,TRUE,0.616172697609181,1.00099286206287
80,"rand=1-2_rate=2_ROB=L_UH_Bias=Rct-NRE Moderate","1-2",2,"L_UH","Rct-NRE Moderate",0,0.0953101798043249,0.139761942375159,0.048790164169432,0.182321556793955,0.300104592450338,0.0932670112984222,0.0958001913099505,-0.0912941845093946,TRUE,0.539499465720234,1.00098598996897,-0.112953369482186,TRUE,0.385907491651334,1.00099270073613,-0.0524049007595937,TRUE,0.675607962390399,1.00098610840512,-0.141716649546195,TRUE,0.539017607735389,1.00099033708432
81,"rand=1-2_rate=2_ROB=L_UH_Bias=Rct-NRE Moderate","1-2",2,"L_UH","Rct-NRE Moderate",0,0.0953101798043249,0.139761942375159,0.048790164169432,0.182321556793955,0.300104592450338,0.0803838331619249,0.0824063441829035,-0.261266584380257,FALSE,0.579625411861114,1.00129406423604,-0.24780891835782,FALSE,0.392478213603888,1.00100800504508,-0.0371879318461821,TRUE,0.67655063653185,1.00099581585316,-0.337126211364712,FALSE,0.509876590870858,1.00102099182263
82,"rand=1-2_rate=2_ROB=L_UH_Bias=Rct-NRE Moderate","1-2",2,"L_UH","Rct-NRE Moderate",0,0.0953101798043249,0.139761942375159,0.048790164169432,0.182321556793955,0.300104592450338,0.103159477877325,0.104481392124383,-0.116122197909246,TRUE,0.579608160575015,1.00099379958835,-0.152154331454387,TRUE,0.444364537064102,1.0009914396074,0.00505589817476293,TRUE,0.600128859517631,1.00109773129957,-0.233675913149277,TRUE,0.675307992523021,1.00101003963328
83,"rand=1-2_rate=2_ROB=L_UH_Bias=Rct-NRE Moderate","1-2",2,"L_UH","Rct-NRE Moderate",0,0.0953101798043249,0.139761942375159,0.048790164169432,0.182321556793955,0.300104592450338,0.0985807163712152,0.0994357391080889,-0.101753455201143,TRUE,0.48969463994386,1.00103580581336,-0.151746970522464,TRUE,0.337869205999919,1.00099278651041,-0.0154785896839231,TRUE,0.542541555119157,1.00109384762277,-0.202405164200913,TRUE,0.47040275593567,1.00099475546552
84,"rand=1-2_rate=2_ROB=L_UH_Bias=Rct-NRE Moderate","1-2",2,"L_UH","Rct-NRE Moderate",0,0.0953101798043249,0.139761942375159,0.048790164169432,0.182321556793955,0.300104592450338,0.0907387275193565,0.0946966353806614,0.169490813835382,TRUE,0.482910903611672,1.00130086894137,0.0666100638074731,TRUE,0.383418000885555,1.00102946838107,0.297215427718465,FALSE,0.417535752254555,1.00101049261825,-0.0767378543903801,TRUE,0.597283396855584,1.00099494636366
85,"rand=1-2_rate=2_ROB=L_UH_Bias=Rct-NRE Moderate","1-2",2,"L_UH","Rct-NRE Moderate",0,0.0953101798043249,0.139761942375159,0.048790164169432,0.182321556793955,0.300104592450338,0.107598241598579,0.10814627835041,-0.063328896747944,TRUE,0.489723417955324,1.00099426551737,-0.183316261528488,TRUE,0.44701898333353,1.00099375050668,-0.0400134813991826,TRUE,0.530506697334145,1.00157279622535,-0.2544610890229,TRUE,0.752864501715495,1.0009991031808
86,"rand=1-2_rate=2_ROB=L_UH_Bias=Rct-NRE Moderate","1-2",2,"L_UH","Rct-NRE Moderate",0,0.0953101798043249,0.139761942375159,0.048790164169432,0.182321556793955,0.300104592450338,0.10484760823484,0.105567609908933,0.00532258386309992,TRUE,0.470358309476646,1.00104023298613,-0.120167617516796,TRUE,0.447695575073937,1.00098620013164,-0.0223438963858364,TRUE,0.649108787605238,1.00152799873279,-0.177919761092802,TRUE,0.688590024670081,1.00105658398929
87,"rand=1-2_rate=2_ROB=L_UH_Bias=Rct-NRE Moderate","1-2",2,"L_UH","Rct-NRE Moderate",0,0.0953101798043249,0.139761942375159,0.048790164169432,0.182321556793955,0.300104592450338,0.100614452441918,0.102508016499124,-0.101975500802874,TRUE,0.509586483856893,1.00103708637338,-0.149084852984705,TRUE,0.339573065586406,1.00101026727965,-0.0907394514435138,TRUE,0.638634917340062,1.00101425995895,-0.1679809826941,TRUE,0.451070796597718,1.00098643265713
88,"rand=1-2_rate=2_ROB=L_UH_Bias=Rct-NRE Moderate","1-2",2,"L_UH","Rct-NRE Moderate",0,0.0953101798043249,0.139761942375159,0.048790164169432,0.182321556793955,0.300104592450338,0.105440212252307,0.106472325896414,-0.153245933159358,TRUE,0.506138816433988,1.00098918477424,-0.104340424272368,TRUE,0.31929494729527,1.00099087116555,-0.235882870750002,TRUE,0.639463913087026,1.00100496780572,-0.0660300211512326,TRUE,0.422070937065678,1.00098691203998
89,"rand=1-2_rate=2_ROB=L_UH_Bias=Rct-NRE Moderate","1-2",2,"L_UH","Rct-NRE Moderate",0,0.0953101798043249,0.139761942375159,0.048790164169432,0.182321556793955,0.300104592450338,0.0948815696483997,0.0965997013170091,-0.0839555149123323,TRUE,0.495302138742991,1.00103286308037,-0.135107602903538,TRUE,0.359984820532321,1.0009919143513,-0.219272618929631,TRUE,0.876662037668184,1.00099021375015,-0.105651700570226,TRUE,0.425803278696143,1.00098607535813
90,"rand=1-2_rate=2_ROB=L_UH_Bias=Rct-NRE Moderate","1-2",2,"L_UH","Rct-NRE Moderate",0,0.0953101798043249,0.139761942375159,0.048790164169432,0.182321556793955,0.300104592450338,0.100109075604818,0.103328635882942,-0.0313850444807195,TRUE,0.508962096646495,1.00100583391582,-0.129629152198822,TRUE,0.428901555036467,1.00099939938631,-0.188350068185978,TRUE,0.866802500570301,1.00098934042423,-0.101894819898921,TRUE,0.569000686193594,1.00098997430739
91,"rand=1-2_rate=2_ROB=L_UH_Bias=Rct-NRE Moderate","1-2",2,"L_UH","Rct-NRE Moderate",0,0.0953101798043249,0.139761942375159,0.048790164169432,0.182321556793955,0.300104592450338,0.097186575893078,0.0983533380025278,0.0598821376530776,TRUE,0.454763119584387,1.00102098168734,-0.028916201210015,TRUE,0.35202866945368,1.00105149153938,0.206704124880289,TRUE,0.519438386119897,1.00099202214667,-0.142211009301626,TRUE,0.454390154972799,1.00100094539816
92,"rand=1-2_rate=2_ROB=L_UH_Bias=Rct-NRE Moderate","1-2",2,"L_UH","Rct-NRE Moderate",0,0.0953101798043249,0.139761942375159,0.048790164169432,0.182321556793955,0.300104592450338,0.108251204021233,0.108926997645173,-0.103150130153693,TRUE,0.509696579576079,1.00098931085186,-0.20941370782339,FALSE,0.42624246747273,1.00102359417242,-0.0126116465060213,TRUE,0.620753619391246,1.00104284413194,-0.305012512307136,FALSE,0.614452291312826,1.00098920902525
93,"rand=1-2_rate=2_ROB=L_UH_Bias=Rct-NRE Moderate","1-2",2,"L_UH","Rct-NRE Moderate",0,0.0953101798043249,0.139761942375159,0.048790164169432,0.182321556793955,0.300104592450338,0.0993401244179166,0.100530819333819,0.0119494327354968,TRUE,0.441096175266184,1.00104479000652,-0.127020104027233,TRUE,0.404626299162764,1.00098620128052,-0.0848656073038667,TRUE,0.660003919971609,1.0011567091506,-0.146627359033601,TRUE,0.589939934328264,1.00098682259237
94,"rand=1-2_rate=2_ROB=L_UH_Bias=Rct-NRE Moderate","1-2",2,"L_UH","Rct-NRE Moderate",0,0.0953101798043249,0.139761942375159,0.048790164169432,0.182321556793955,0.300104592450338,0.110080204935164,0.110714297888869,-0.185827665796774,TRUE,0.5879894796807,1.00099886457298,-0.229108165549547,FALSE,0.443261193857354,1.00098607229351,-0.126914678727495,TRUE,0.641396574818321,1.0011151943985,-0.2780736336499,TRUE,0.680955715389105,1.00099167843707
95,"rand=1-2_rate=2_ROB=L_UH_Bias=Rct-NRE Moderate","1-2",2,"L_UH","Rct-NRE Moderate",0,0.0953101798043249,0.139761942375159,0.048790164169432,0.182321556793955,0.300104592450338,0.104380485121858,0.105447872668461,0.0165521986841033,TRUE,0.493278776692384,1.00154002455914,-0.0518682953918452,TRUE,0.391834270514008,1.00103097761913,0.0138929696104187,TRUE,0.558869479672184,1.00104229009925,-0.0803038431538188,TRUE,0.60442324799178,1.00099021782516
96,"rand=1-2_rate=2_ROB=L_UH_Bias=Rct-NRE Moderate","1-2",2,"L_UH","Rct-NRE Moderate",0,0.0953101798043249,0.139761942375159,0.048790164169432,0.182321556793955,0.300104592450338,0.0907357346943591,0.0908133980259556,-0.0372542667271563,TRUE,0.449363119843188,1.00099947781873,-0.104988889047869,TRUE,0.32231844919633,1.00100429653572,-0.105058604073476,TRUE,0.581017034517662,1.00103749465046,-0.105363771141355,TRUE,0.447527432808996,1.00099635377845
97,"rand=1-2_rate=2_ROB=L_UH_Bias=Rct-NRE Moderate","1-2",2,"L_UH","Rct-NRE Moderate",0,0.0953101798043249,0.139761942375159,0.048790164169432,0.182321556793955,0.300104592450338,0.0930466156034603,0.0950214532282859,0.0286296834120331,TRUE,0.432216194802382,1.00098643207665,-0.0766093285185261,TRUE,0.38659327847701,1.00099492240579,-0.0458975867984965,TRUE,0.552089118072245,1.00098696767871,-0.0923091684486022,TRUE,0.606147192224756,1.00101513825535
98,"rand=1-2_rate=2_ROB=L_UH_Bias=Rct-NRE Moderate","1-2",2,"L_UH","Rct-NRE Moderate",0,0.0953101798043249,0.139761942375159,0.048790164169432,0.182321556793955,0.300104592450338,0.0925126477691171,0.0934727264903145,0.0611379914470552,TRUE,0.443563368675588,1.00098794488208,-0.0101980529565018,TRUE,0.349787756703046,1.00098691210187,-0.12182714628195,TRUE,0.821078375537438,1.00100963902828,0.032376120683429,TRUE,0.418965938408287,1.00100157040201
99,"rand=1-2_rate=2_ROB=L_UH_Bias=Rct-NRE Moderate","1-2",2,"L_UH","Rct-NRE Moderate",0,0.0953101798043249,0.139761942375159,0.048790164169432,0.182321556793955,0.300104592450338,0.0794260044967418,0.0819982848102394,0.0402969809539329,TRUE,0.446417089092535,1.00122872611152,-0.0820411271397878,TRUE,0.386077011927868,1.00099630229909,0.135503674759487,TRUE,0.467961252412152,1.00106477859988,-0.192487492816008,TRUE,0.587297981439088,1.00100910316085
100,"rand=1-2_rate=2_ROB=L_UH_Bias=Rct-NRE Moderate","1-2",2,"L_UH","Rct-NRE Moderate",0,0.0953101798043249,0.139761942375159,0.048790164169432,0.182321556793955,0.300104592450338,0.0920082413294385,0.0926924989689535,-0.12498800230707,TRUE,0.492804614171671,1.00142277641224,-0.216163008833041,FALSE,0.367658645691695,1.00098603931619,-0.1952173608437,TRUE,0.606583873176777,1.00103206521957,-0.224209177425348,TRUE,0.535104347020505,1.0010062880085
101,"rand=1-2_rate=2_ROB=L_UH_Bias=Rct-NRE Moderate","1-2",2,"L_UH","Rct-NRE Moderate",0,0.0953101798043249,0.139761942375159,0.048790164169432,0.182321556793955,0.300104592450338,0.103138111023001,0.105680287362252,-0.0794368660398705,TRUE,0.523345442522823,1.00106490429674,-0.0865021730436237,TRUE,0.357953847997266,1.00098604845472,-0.267642160220342,TRUE,0.70593850693965,1.00129700235546,-0.0187561633912856,TRUE,0.448002518460358,1.00100370014093
102,"rand=1-2_rate=2_ROB=L_UH_Bias=Rct-NRE Moderate","1-2",2,"L_UH","Rct-NRE Moderate",0,0.0953101798043249,0.139761942375159,0.048790164169432,0.182321556793955,0.300104592450338,0.108496017245182,0.109055750102421,0.108543125281094,TRUE,0.473167672100289,1.00104730288795,0.0255205453489079,TRUE,0.364011796829213,1.00099142413611,0.259859977515136,FALSE,0.389749407577017,1.00098963852713,-0.103387820896436,TRUE,0.556584975201905,1.0010383963748
103,"rand=1-2_rate=2_ROB=L_UH_Bias=Rct-NRE Moderate","1-2",2,"L_UH","Rct-NRE Moderate",0,0.0953101798043249,0.139761942375159,0.048790164169432,0.182321556793955,0.300104592450338,0.0894896167822722,0.090089393765696,-0.0947126266353637,TRUE,0.48250928665878,1.00099532180148,-0.130594851585973,TRUE,0.287218532321638,1.00099356194404,-0.0212753791898652,TRUE,0.757733648603684,1.00099378794267,-0.161898086241876,FALSE,0.327425119018782,1.0010172877576
104,"rand=1-2_rate=2_ROB=L_UH_Bias=Rct-NRE Moderate","1-2",2,"L_UH","Rct-NRE Moderate",0,0.0953101798043249,0.139761942375159,0.048790164169432,0.182321556793955,0.300104592450338,0.100974717611623,0.103713799817976,-0.0683748055354936,TRUE,0.507706998018895,1.00108571570475,-0.139306415156017,TRUE,0.447952772697257,1.00100721056725,0.0468614617296281,TRUE,0.51929637408615,1.00145416004991,-0.248595548654647,TRUE,0.736355456236275,1.00100382278101
105,"rand=1-2_rate=2_ROB=L_UH_Bias=Rct-NRE Moderate","1-2",2,"L_UH","Rct-NRE Moderate",0,0.0953101798043249,0.139761942375159,0.048790164169432,0.182321556793955,0.300104592450338,0.11141249389266,0.112266514799899,-0.144669374197979,TRUE,0.532173060331569,1.00100162330166,-0.184266675448163,FALSE,0.384145651629896,1.00098918068092,-0.287022951284235,TRUE,0.721064255855365,1.00151528902115,-0.143536663437473,TRUE,0.522381808781055,1.00099252183327
106,"rand=1-2_rate=2_ROB=L_UH_Bias=Rct-NRE Moderate","1-2",2,"L_UH","Rct-NRE Moderate",0,0.0953101798043249,0.139761942375159,0.048790164169432,0.182321556793955,0.300104592450338,0.093900114886919,0.0955958054250171,-0.0773341459445969,TRUE,0.466319752131221,1.00098709202465,-0.203340701803851,FALSE,0.414522037203834,1.00102700672098,-0.00210037275085906,TRUE,0.607539619222771,1.00111967799092,-0.30697214589514,FALSE,0.592851953588445,1.00098636708236
107,"rand=1-2_rate=2_ROB=L_UH_Bias=Rct-NRE Moderate","1-2",2,"L_UH","Rct-NRE Moderate",0,0.0953101798043249,0.139761942375159,0.048790164169432,0.182321556793955,0.300104592450338,0.105375964151206,0.107652290408441,-0.0800143543131697,TRUE,0.469885475131368,1.00102759675793,-0.146547732198046,TRUE,0.327100236632716,1.00102821516909,-0.251193449162492,TRUE,0.690915825225944,1.00123738315292,-0.114392895042565,TRUE,0.423054874915779,1.00099686848701
108,"rand=1-2_rate=2_ROB=L_UH_Bias=Rct-NRE Moderate","1-2",2,"L_UH","Rct-NRE Moderate",0,0.0953101798043249,0.139761942375159,0.048790164169432,0.182321556793955,0.300104592450338,0.103675453761382,0.105047656080195,-0.110264430899545,TRUE,0.483847531172923,1.00105099654715,-0.152994115972269,FALSE,0.30191558159744,1.00098745418852,0.0320225607460806,TRUE,0.550158977944369,1.00114177720733,-0.209837912190976,FALSE,0.382313025957468,1.00098990418045
109,"rand=1-2_rate=2_ROB=L_UH_Bias=Rct-NRE Moderate","1-2",2,"L_UH","Rct-NRE Moderate",0,0.0953101798043249,0.139761942375159,0.048790164169432,0.182321556793955,0.300104592450338,0.0916424368718392,0.0921944808166127,-0.23357867926334,TRUE,0.58311775255196,1.00103860292343,-0.217167615265944,FALSE,0.391771373332519,1.00102127164203,-0.39263780286128,FALSE,0.915801443240303,1.0010306340636,-0.155756885667992,TRUE,0.452035989228257,1.00109667260035
110,"rand=1-2_rate=2_ROB=L_UH_Bias=Rct-NRE Moderate","1-2",2,"L_UH","Rct-NRE Moderate",0,0.0953101798043249,0.139761942375159,0.048790164169432,0.182321556793955,0.300104592450338,0.0906680259756468,0.0921659535960959,-0.121083984085254,TRUE,0.543515696588983,1.00134803812188,-0.108850475966893,TRUE,0.371732264437851,1.00100447515741,0.0143388478657069,TRUE,0.65238017388957,1.00104532895804,-0.1657602053197,TRUE,0.504657634078609,1.00098966594759
111,"rand=1-2_rate=2_ROB=L_UH_Bias=Rct-NRE Moderate","1-2",2,"L_UH","Rct-NRE Moderate",0,0.0953101798043249,0.139761942375159,0.048790164169432,0.182321556793955,0.300104592450338,0.114159745503592,0.115485184395261,-0.113672324309188,TRUE,0.500010888473859,1.00099137755846,-0.182603167417708,FALSE,0.359158124011637,1.00105495021117,-0.038444782710821,TRUE,0.59556621589105,1.00104191982687,-0.245338340515432,FALSE,0.493367378040052,1.00099670151063
112,"rand=1-2_rate=2_ROB=L_UH_Bias=Rct-NRE Moderate","1-2",2,"L_UH","Rct-NRE Moderate",0,0.0953101798043249,0.139761942375159,0.048790164169432,0.182321556793955,0.300104592450338,0.116825127205576,0.117447810674104,-0.159647778417966,TRUE,0.629773849507599,1.0011288315604,-0.202914023467426,TRUE,0.488873960683361,1.0009939195504,-0.304792874850897,TRUE,0.801472921286235,1.00135782211832,-0.160563387544181,TRUE,0.706044947581119,1.0009860733472
113,"rand=1-2_rate=2_ROB=L_UH_Bias=Rct-NRE Moderate","1-2",2,"L_UH","Rct-NRE Moderate",0,0.0953101798043249,0.139761942375159,0.048790164169432,0.182321556793955,0.300104592450338,0.100268180437927,0.101837298355677,0.0502295183725948,TRUE,0.389772970822247,1.00098945308436,0.0348845028759487,TRUE,0.256002150074582,1.00104075559519,0.121860877244346,TRUE,0.536058240105875,1.00104464420109,0.00486712867692785,TRUE,0.31331054260633,1.00102441025294
114,"rand=1-2_rate=2_ROB=L_UH_Bias=Rct-NRE Moderate","1-2",2,"L_UH","Rct-NRE Moderate",0,0.0953101798043249,0.139761942375159,0.048790164169432,0.182321556793955,0.300104592450338,0.104458673896309,0.105224101647303,-0.017563963893849,TRUE,0.487458649758188,1.00101715590938,-0.0284139515199524,TRUE,0.33596188506041,1.00099563693444,-0.0757533456500539,TRUE,0.706138862258869,1.00106847219063,-0.011246360369749,TRUE,0.432837251725192,1.00100153220227
115,"rand=1-2_rate=2_ROB=L_UH_Bias=Rct-NRE Moderate","1-2",2,"L_UH","Rct-NRE Moderate",0,0.0953101798043249,0.139761942375159,0.048790164169432,0.182321556793955,0.300104592450338,0.109395337719836,0.110131673480323,-0.0775559989277568,TRUE,0.520327166736916,1.00125770202728,-0.249803416242105,FALSE,0.507962178377254,1.00098659752347,0.00782836335351711,TRUE,0.552093777488999,1.00103064897326,-0.406226366730152,FALSE,0.829601096328007,1.00098682230604
116,"rand=1-2_rate=2_ROB=L_UH_Bias=Rct-NRE Moderate","1-2",2,"L_UH","Rct-NRE Moderate",0,0.0953101798043249,0.139761942375159,0.048790164169432,0.182321556793955,0.300104592450338,0.10859863566683,0.108952378419122,-0.228487065081537,TRUE,0.555372283957984,1.00116172093482,-0.327078344219037,FALSE,0.432328709894024,1.00098604774645,-0.177701009022132,TRUE,0.599380649647989,1.00193093361997,-0.396386276458062,FALSE,0.67227987685904,1.00098609762792
117,"rand=1-2_rate=2_ROB=L_UH_Bias=Rct-NRE Moderate","1-2",2,"L_UH","Rct-NRE Moderate",0,0.0953101798043249,0.139761942375159,0.048790164169432,0.182321556793955,0.300104592450338,0.108304377110969,0.109554941243911,-0.0786206263395115,TRUE,0.545344144661436,1.00108287170556,-0.139496772287197,TRUE,0.414151381639333,1.00104670224441,-0.0361057088996379,TRUE,0.832618111489117,1.00112152363193,-0.185888784408757,TRUE,0.527643907415277,1.0010161048706
118,"rand=1-2_rate=2_ROB=L_UH_Bias=Rct-NRE Moderate","1-2",2,"L_UH","Rct-NRE Moderate",0,0.0953101798043249,0.139761942375159,0.048790164169432,0.182321556793955,0.300104592450338,0.106338024807917,0.107474879763365,0.177912040875847,TRUE,0.424022755678381,1.00098747859924,0.0626638600172754,TRUE,0.413437786677143,1.0009870098572,0.0115619077520084,TRUE,0.503268312333757,1.00106517648237,0.0953725768963201,TRUE,0.677819598909893,1.00099302505459
119,"rand=1-2_rate=2_ROB=L_UH_Bias=Rct-NRE Moderate","1-2",2,"L_UH","Rct-NRE Moderate",0,0.0953101798043249,0.139761942375159,0.048790164169432,0.182321556793955,0.300104592450338,0.100199146327331,0.102872736696382,-0.173927280445016,TRUE,0.487474528252875,1.00098942801858,-0.13870996804292,TRUE,0.323466686709357,1.00099961579303,-0.201932803391117,TRUE,0.733232395668676,1.00102704144301,-0.120033732569083,TRUE,0.399782572432042,1.00099587492129
120,"rand=1-2_rate=2_ROB=L_UH_Bias=Rct-NRE Moderate","1-2",2,"L_UH","Rct-NRE Moderate",0,0.0953101798043249,0.139761942375159,0.048790164169432,0.182321556793955,0.300104592450338,0.085594761836902,0.0872213280293871,-0.0989781533108463,TRUE,0.511346462461011,1.00107449669172,-0.0982555748359133,TRUE,0.335517665566194,1.00102858744987,0.028071735870751,TRUE,0.587694407730221,1.00103223807733,-0.143307069881755,TRUE,0.441839277238645,1.00098885120367
121,"rand=1-2_rate=2_ROB=L_UH_Bias=Rct-NRE Moderate","1-2",2,"L_UH","Rct-NRE Moderate",0,0.0953101798043249,0.139761942375159,0.048790164169432,0.182321556793955,0.300104592450338,0.100017838058584,0.100332004330114,-0.0806629879106562,TRUE,0.453296717690885,1.00101424660602,-0.114250084491107,TRUE,0.321541649763396,1.00098752052869,0.0184775534881798,TRUE,0.65527900829447,1.00098601173454,-0.160919929467824,TRUE,0.393724666119214,1.00102784390816
122,"rand=1-2_rate=2_ROB=L_UH_Bias=Rct-NRE Moderate","1-2",2,"L_UH","Rct-NRE Moderate",0,0.0953101798043249,0.139761942375159,0.048790164169432,0.182321556793955,0.300104592450338,0.107400782458138,0.108035580290108,-0.131025785895602,TRUE,0.567772580392237,1.00148526484392,-0.208940178534434,TRUE,0.443167263701935,1.0010181699527,-0.0230677076294095,TRUE,0.685942840756863,1.00099637906457,-0.304980080872405,FALSE,0.626631893138848,1.00100409605808
123,"rand=1-2_rate=2_ROB=L_UH_Bias=Rct-NRE Moderate","1-2",2,"L_UH","Rct-NRE Moderate",0,0.0953101798043249,0.139761942375159,0.048790164169432,0.182321556793955,0.300104592450338,0.104960654625655,0.109770441697026,0.073384630050789,TRUE,0.443416679661611,1.00155078578711,-0.114266734449393,TRUE,0.400696943923542,1.00101053613654,0.130952127828995,TRUE,0.54431680515912,1.00100670659197,-0.229097701571676,TRUE,0.558872600089276,1.00098942296251
124,"rand=1-2_rate=2_ROB=L_UH_Bias=Rct-NRE Moderate","1-2",2,"L_UH","Rct-NRE Moderate",0,0.0953101798043249,0.139761942375159,0.048790164169432,0.182321556793955,0.300104592450338,0.0996921190813851,0.10018448061318,-0.0277726212958747,TRUE,0.448045054899458,1.00112968125895,-0.15035949757796,TRUE,0.397225713935455,1.00103785768854,-0.0299385845324067,TRUE,0.549444232346891,1.0009908460914,-0.211458523824464,TRUE,0.605466553400614,1.00099721794627
125,"rand=1-2_rate=2_ROB=L_UH_Bias=Rct-NRE Moderate","1-2",2,"L_UH","Rct-NRE Moderate",0,0.0953101798043249,0.139761942375159,0.048790164169432,0.182321556793955,0.300104592450338,0.111830372428607,0.11350185302724,-0.0332721142382042,TRUE,0.522976327756465,1.0010163820907,-0.200409211160449,TRUE,0.458636562306938,1.00098603720209,0.125623334115744,TRUE,0.471034979066551,1.00101508400352,-0.386402144570121,FALSE,0.691520557754583,1.00098720403745
126,"rand=1-2_rate=2_ROB=L_UH_Bias=Rct-NRE Moderate","1-2",2,"L_UH","Rct-NRE Moderate",0,0.0953101798043249,0.139761942375159,0.048790164169432,0.182321556793955,0.300104592450338,0.112917978785531,0.114460411095161,0.0292701400199773,TRUE,0.385570497606198,1.00099925055908,-0.015432015058821,TRUE,0.290121077766512,1.00098624895798,-0.194268326825105,TRUE,0.707599263664073,1.00114097206545,0.0338781747162754,TRUE,0.326837120255061,1.00098745580159
127,"rand=1-2_rate=2_ROB=L_UH_Bias=Rct-NRE Moderate","1-2",2,"L_UH","Rct-NRE Moderate",0,0.0953101798043249,0.139761942375159,0.048790164169432,0.182321556793955,0.300104592450338,0.118845879116,0.120887698628571,0.151739216382805,TRUE,0.366680233954016,1.00110081556931,-0.028430100313573,TRUE,0.382182579267232,1.00098976209299,0.13189966900567,TRUE,0.476624087528511,1.00099230533286,-0.106726207887392,TRUE,0.602892225476155,1.00104286264655
128,"rand=1-2_rate=2_ROB=L_UH_Bias=Rct-NRE Moderate","1-2",2,"L_UH","Rct-NRE Moderate",0,0.0953101798043249,0.139761942375159,0.048790164169432,0.182321556793955,0.300104592450338,0.100992968507894,0.101458563931956,0.00164908295539457,TRUE,0.440647906359228,1.0009869544065,-0.0698928034753894,TRUE,0.338293181338571,1.000986798773,-0.177343109886749,TRUE,0.603421013685307,1.0010084775581,-0.0326891689545352,TRUE,0.471687159879904,1.00098789792231
129,"rand=1-2_rate=2_ROB=L_UH_Bias=Rct-NRE Moderate","1-2",2,"L_UH","Rct-NRE Moderate",0,0.0953101798043249,0.139761942375159,0.048790164169432,0.182321556793955,0.300104592450338,0.113534148199538,0.115018488826778,-0.113672883565774,TRUE,0.563170325138951,1.00099184438211,-0.231304633819793,FALSE,0.444155265139798,1.00099805724608,-0.0183632014577226,TRUE,0.747327099618202,1.00102883336255,-0.337916067164637,FALSE,0.587112525357075,1.00098605122991
130,"rand=1-2_rate=2_ROB=L_UH_Bias=Rct-NRE Moderate","1-2",2,"L_UH","Rct-NRE Moderate",0,0.0953101798043249,0.139761942375159,0.048790164169432,0.182321556793955,0.300104592450338,0.101383210752519,0.103960366922135,-0.0192079699085188,TRUE,0.494783856948198,1.00110671115544,-0.136651276449083,TRUE,0.454303257965502,1.00099404311339,0.202609176860445,TRUE,0.451046038335829,1.00146187814013,-0.35699070105879,FALSE,0.662567165654157,1.00100741618202
131,"rand=1-2_rate=2_ROB=L_UH_Bias=Rct-NRE Moderate","1-2",2,"L_UH","Rct-NRE Moderate",0,0.0953101798043249,0.139761942375159,0.048790164169432,0.182321556793955,0.300104592450338,0.103648537309472,0.104585750418999,0.00395206269165493,TRUE,0.45353713215747,1.00100334139159,-0.0987858290391812,TRUE,0.387500211224746,1.00099983864159,0.0514660583398098,TRUE,0.6068635275516,1.00112595105186,-0.164585913784999,TRUE,0.544750386693964,1.00098625657558
132,"rand=1-2_rate=2_ROB=L_UH_Bias=Rct-NRE Moderate","1-2",2,"L_UH","Rct-NRE Moderate",0,0.0953101798043249,0.139761942375159,0.048790164169432,0.182321556793955,0.300104592450338,0.0872425481619318,0.0883150236270571,-0.219894291125444,TRUE,0.525537377401159,1.00104683693388,-0.283931782895951,FALSE,0.378940666423324,1.00098789887439,-0.235377481877679,TRUE,0.666122251514791,1.0018195915059,-0.302403750683977,FALSE,0.542090640864993,1.0010038900942
133,"rand=1-2_rate=2_ROB=L_UH_Bias=Rct-NRE Moderate","1-2",2,"L_UH","Rct-NRE Moderate",0,0.0953101798043249,0.139761942375159,0.048790164169432,0.182321556793955,0.300104592450338,0.106234781259717,0.107437830823157,-0.0266283520483221,TRUE,0.50379556474632,1.00102493637373,-0.144642374640648,TRUE,0.423449747291169,1.00106252784021,0.0115028728384097,TRUE,0.760221865210782,1.00099275061946,-0.230481466893286,TRUE,0.569643743491523,1.00098965707783
134,"rand=1-2_rate=2_ROB=L_UH_Bias=Rct-NRE Moderate","1-2",2,"L_UH","Rct-NRE Moderate",0,0.0953101798043249,0.139761942375159,0.048790164169432,0.182321556793955,0.300104592450338,0.126001481801382,0.127542577323426,-0.0585187741059703,TRUE,0.485233221845712,1.00107158116171,-0.178200844708864,FALSE,0.362587266912924,1.00100324021641,0.0166659582259721,TRUE,0.572301713957936,1.00101590267876,-0.254962683847443,FALSE,0.488321857627261,1.00098619318588
135,"rand=1-2_rate=2_ROB=L_UH_Bias=Rct-NRE Moderate","1-2",2,"L_UH","Rct-NRE Moderate",0,0.0953101798043249,0.139761942375159,0.048790164169432,0.182321556793955,0.300104592450338,0.107717503570628,0.109016309194588,-0.125804023773974,TRUE,0.503851556068073,1.00098681782805,-0.1673239236003,FALSE,0.339548611609389,1.0009863706882,-0.0752798139897013,TRUE,0.696778905752618,1.00101976576924,-0.200124735118257,FALSE,0.429045242988117,1.00101104069491
136,"rand=1-2_rate=2_ROB=L_UH_Bias=Rct-NRE Moderate","1-2",2,"L_UH","Rct-NRE Moderate",0,0.0953101798043249,0.139761942375159,0.048790164169432,0.182321556793955,0.300104592450338,0.114619560855163,0.115863923353389,-0.184105867285301,TRUE,0.496724631539687,1.00098756381221,-0.303869320632087,FALSE,0.384586359564782,1.00098599166372,-0.251575421839438,TRUE,1.08065998679339,1.00105199927984,-0.322626291281403,FALSE,0.420992423744453,1.00099845257293
137,"rand=1-2_rate=2_ROB=L_UH_Bias=Rct-NRE Moderate","1-2",2,"L_UH","Rct-NRE Moderate",0,0.0953101798043249,0.139761942375159,0.048790164169432,0.182321556793955,0.300104592450338,0.0932525889744583,0.0937551167406327,-0.0201303724709878,TRUE,0.450274567077076,1.00102013037519,-0.0384785410351589,TRUE,0.319802605743081,1.00098601091532,0.287352703563043,TRUE,0.538371191312399,1.0009873315971,-0.160759549622643,FALSE,0.294519845808034,1.00098771112564
138,"rand=1-2_rate=2_ROB=L_UH_Bias=Rct-NRE Moderate","1-2",2,"L_UH","Rct-NRE Moderate",0,0.0953101798043249,0.139761942375159,0.048790164169432,0.182321556793955,0.300104592450338,0.119183746662256,0.119850373944352,-0.0444522638338267,TRUE,0.429008982966687,1.00125959316902,-0.165113082814948,FALSE,0.299584226161146,1.00098691139149,0.0209483859760062,TRUE,0.647902847983056,1.00101978752629,-0.215873540568127,FALSE,0.347088049904392,1.00098896198293
139,"rand=1-2_rate=2_ROB=L_UH_Bias=Rct-NRE Moderate","1-2",2,"L_UH","Rct-NRE Moderate",0,0.0953101798043249,0.139761942375159,0.048790164169432,0.182321556793955,0.300104592450338,0.0942953705357454,0.0947142051689433,-0.0514340586345226,TRUE,0.522935303518582,1.00118845278245,-0.0697445111623274,TRUE,0.382790278284992,1.00099392907682,0.0655640674684612,TRUE,0.552335907403821,1.00098819445994,-0.136193245318832,TRUE,0.569223070439132,1.00099397182149
140,"rand=1-2_rate=2_ROB=L_UH_Bias=Rct-NRE Moderate","1-2",2,"L_UH","Rct-NRE Moderate",0,0.0953101798043249,0.139761942375159,0.048790164169432,0.182321556793955,0.300104592450338,0.0977429250956256,0.101334462100218,0.0160450142204817,TRUE,0.456683559419746,1.00108486231546,-0.0509360338287244,TRUE,0.345610277321868,1.00098861994939,0.0080164012883126,TRUE,0.590153820982178,1.00098672237793,-0.0687887167712748,TRUE,0.484280216382101,1.00101510942775
141,"rand=1-2_rate=2_ROB=L_UH_Bias=Rct-NRE Moderate","1-2",2,"L_UH","Rct-NRE Moderate",0,0.0953101798043249,0.139761942375159,0.048790164169432,0.182321556793955,0.300104592450338,0.0944947237167544,0.0955241381172657,-0.0690222814374037,TRUE,0.483298036933065,1.00119704349416,-0.119665627272655,TRUE,0.358119300420782,1.00100074473462,-0.148749078917591,TRUE,0.616957738838694,1.00135905013549,-0.108191059373548,TRUE,0.51387616447302,1.00098842995614
142,"rand=1-2_rate=2_ROB=L_UH_Bias=Rct-NRE Moderate","1-2",2,"L_UH","Rct-NRE Moderate",0,0.0953101798043249,0.139761942375159,0.048790164169432,0.182321556793955,0.300104592450338,0.0950102185671006,0.0953401560094281,-0.0386373875224488,TRUE,0.469382270457871,1.00103549775509,-0.0757812841365844,TRUE,0.323200172464858,1.0010018887748,-0.0826203437363831,TRUE,0.598445994282365,1.00098600907899,-0.0722435083805928,TRUE,0.44191374398408,1.00100445685671
143,"rand=1-2_rate=2_ROB=L_UH_Bias=Rct-NRE Moderate","1-2",2,"L_UH","Rct-NRE Moderate",0,0.0953101798043249,0.139761942375159,0.048790164169432,0.182321556793955,0.300104592450338,0.107833890190971,0.109269731255048,-0.0104143789039914,TRUE,0.480136646450293,1.00102330654171,-0.134388310320415,TRUE,0.416473599804289,1.0010027766811,0.0714031244510471,TRUE,0.494469897548103,1.00099067301842,-0.244509423530991,TRUE,0.65793063513643,1.00101056345499
144,"rand=1-2_rate=2_ROB=L_UH_Bias=Rct-NRE Moderate","1-2",2,"L_UH","Rct-NRE Moderate",0,0.0953101798043249,0.139761942375159,0.048790164169432,0.182321556793955,0.300104592450338,0.114361497167477,0.114717504907424,-0.0457627014456872,TRUE,0.507077333340927,1.00099681973219,-0.174604531946721,TRUE,0.46831092806807,1.00098706569212,0.127125059725848,TRUE,0.650760264279456,1.00098830596297,-0.359796833375602,FALSE,0.6054735786633,1.00098671246845
145,"rand=1-2_rate=2_ROB=L_UH_Bias=Rct-NRE Moderate","1-2",2,"L_UH","Rct-NRE Moderate",0,0.0953101798043249,0.139761942375159,0.048790164169432,0.182321556793955,0.300104592450338,0.107416339172488,0.109271243833865,-0.234555429519445,TRUE,0.59875079723321,1.00120668316314,-0.334847356173198,FALSE,0.488304131842776,1.00101333912525,-0.322645718055264,TRUE,0.839338713405427,1.00099634366082,-0.338678895690492,FALSE,0.680137368601325,1.00099962394602
146,"rand=1-2_rate=2_ROB=L_UH_Bias=Rct-NRE Moderate","1-2",2,"L_UH","Rct-NRE Moderate",0,0.0953101798043249,0.139761942375159,0.048790164169432,0.182321556793955,0.300104592450338,0.105356790527469,0.108320810286794,0.141736108347205,TRUE,0.422525387890079,1.00107009812122,0.0409006524852007,TRUE,0.37604570085135,1.00109092093097,0.194423989380313,TRUE,0.468777514210686,1.00133698309785,-0.0471151238766774,TRUE,0.593930100648697,1.00099768916118
147,"rand=1-2_rate=2_ROB=L_UH_Bias=Rct-NRE Moderate","1-2",2,"L_UH","Rct-NRE Moderate",0,0.0953101798043249,0.139761942375159,0.048790164169432,0.182321556793955,0.300104592450338,0.0983982482547477,0.0995031443788641,-0.222572596360444,TRUE,0.598836651821269,1.00100276674075,-0.205781740053489,FALSE,0.388238433698737,1.0009873994993,-0.243051496381462,TRUE,0.83033606959041,1.00105112752008,-0.193532169947219,TRUE,0.491818389070194,1.00098955083502
148,"rand=1-2_rate=2_ROB=L_UH_Bias=Rct-NRE Moderate","1-2",2,"L_UH","Rct-NRE Moderate",0,0.0953101798043249,0.139761942375159,0.048790164169432,0.182321556793955,0.300104592450338,0.0968490089426681,0.0985504241284005,-0.0359772293609517,TRUE,0.392250943566012,1.00106094443886,-0.14548594010623,FALSE,0.282844418084648,1.00103058068792,-0.0107892137710213,TRUE,0.515239469113832,1.00250116982454,-0.185222008926083,FALSE,0.377061417782769,1.00099368731807
149,"rand=1-2_rate=2_ROB=L_UH_Bias=Rct-NRE Moderate","1-2",2,"L_UH","Rct-NRE Moderate",0,0.0953101798043249,0.139761942375159,0.048790164169432,0.182321556793955,0.300104592450338,0.112361302049705,0.112929047974476,-0.0256765530400036,TRUE,0.514564153469853,1.00098815414809,-0.134748287682438,TRUE,0.476917723924331,1.00099003452811,0.10073295643106,TRUE,0.590857445340416,1.00099067071795,-0.289631600187658,TRUE,0.730384262571071,1.00098599256762
150,"rand=1-2_rate=2_ROB=L_UH_Bias=Rct-NRE Moderate","1-2",2,"L_UH","Rct-NRE Moderate",0,0.0953101798043249,0.139761942375159,0.048790164169432,0.182321556793955,0.300104592450338,0.0991762036077855,0.100715638978558,-0.0857874011783679,TRUE,0.533789878900632,1.00099059635406,-0.145446623947099,TRUE,0.414212471576098,1.00099433735372,0.0023193110606522,TRUE,0.535970389877564,1.00101915075571,-0.220682636344658,TRUE,0.649690777556599,1.00100867844403
151,"rand=1-2_rate=2_ROB=L_UH_Bias=Rct-NRE Moderate","1-2",2,"L_UH","Rct-NRE Moderate",0,0.0953101798043249,0.139761942375159,0.048790164169432,0.182321556793955,0.300104592450338,0.0978517134724354,0.0992530025307043,0.0371539495439639,TRUE,0.417304637828224,1.00100707391123,-0.0225705279441624,TRUE,0.298311013263104,1.00105305633527,0.106543270571961,TRUE,0.457619513016586,1.0018497726722,-0.0693116309641915,TRUE,0.428018942724562,1.00099137284437
152,"rand=1-2_rate=2_ROB=L_UH_Bias=Rct-NRE Moderate","1-2",2,"L_UH","Rct-NRE Moderate",0,0.0953101798043249,0.139761942375159,0.048790164169432,0.182321556793955,0.300104592450338,0.112038157319057,0.112191205136136,0.110765540893754,TRUE,0.416878312104165,1.00100026357071,0.00562668488115303,TRUE,0.373336748419218,1.00100348184464,0.08096764179002,TRUE,0.600789702868444,1.00128025645978,-0.0337631747684746,TRUE,0.546175609936913,1.00101512028029
153,"rand=1-2_rate=2_ROB=L_UH_Bias=Rct-NRE Moderate","1-2",2,"L_UH","Rct-NRE Moderate",0,0.0953101798043249,0.139761942375159,0.048790164169432,0.182321556793955,0.300104592450338,0.110855207265899,0.115042261719843,-0.0383684950270669,TRUE,0.518820661058015,1.00164625415533,-0.147621529285559,TRUE,0.418489438662496,1.00104062442231,0.129640238374589,TRUE,0.522583544810907,1.00113325718545,-0.291868002020608,FALSE,0.590730415483719,1.00098719027133
154,"rand=1-2_rate=2_ROB=L_UH_Bias=Rct-NRE Moderate","1-2",2,"L_UH","Rct-NRE Moderate",0,0.0953101798043249,0.139761942375159,0.048790164169432,0.182321556793955,0.300104592450338,0.0829270281117464,0.0878550639557606,0.102884821971458,TRUE,0.345848058862017,1.00098716743997,-0.0194257505956226,TRUE,0.283866761623064,1.00101236539279,0.0509061213994181,TRUE,0.482476168109432,1.00110977765731,-0.0436891076359929,TRUE,0.398157660197412,1.0010341648765
155,"rand=1-2_rate=2_ROB=L_UH_Bias=Rct-NRE Moderate","1-2",2,"L_UH","Rct-NRE Moderate",0,0.0953101798043249,0.139761942375159,0.048790164169432,0.182321556793955,0.300104592450338,0.0949380324584799,0.0968825831949695,0.060874705120511,TRUE,0.446534602967899,1.00102470328162,-0.00595174329318748,TRUE,0.33286246992852,1.00099216292928,0.00702283003004278,TRUE,0.689960569783159,1.00099684104301,-0.00957034236935628,TRUE,0.432847482964428,1.00098937876041
156,"rand=1-2_rate=2_ROB=L_UH_Bias=Rct-NRE Moderate","1-2",2,"L_UH","Rct-NRE Moderate",0,0.0953101798043249,0.139761942375159,0.048790164169432,0.182321556793955,0.300104592450338,0.107597593044862,0.108209103447492,-0.129147141739686,TRUE,0.518039489582784,1.00125984537565,-0.170833776061443,TRUE,0.388373040306826,1.00099123711222,-0.250431647851078,TRUE,0.662735549705064,1.00101241671659,-0.131222322775638,TRUE,0.553311911249899,1.00098598995971
157,"rand=1-2_rate=2_ROB=L_UH_Bias=Rct-NRE Moderate","1-2",2,"L_UH","Rct-NRE Moderate",0,0.0953101798043249,0.139761942375159,0.048790164169432,0.182321556793955,0.300104592450338,0.0991573160579022,0.100215152890142,0.11479424811615,TRUE,0.480051264216703,1.00112407285529,-0.0180311460403004,TRUE,0.453786629065428,1.00102330106714,0.0834494732734828,TRUE,0.821008536981024,1.00102995339582,-0.079836843338271,TRUE,0.636919834084705,1.00098802946144
158,"rand=1-2_rate=2_ROB=L_UH_Bias=Rct-NRE Moderate","1-2",2,"L_UH","Rct-NRE Moderate",0,0.0953101798043249,0.139761942375159,0.048790164169432,0.182321556793955,0.300104592450338,0.093132079448027,0.0936727322244843,0.0546503410838897,TRUE,0.428218164252576,1.00102267845656,-0.102442523445962,TRUE,0.411387703470701,1.00099380996115,0.0119574171501073,TRUE,0.810031403783913,1.00098793671327,-0.159534181495411,TRUE,0.532761505051052,1.00106757526262
159,"rand=1-2_rate=2_ROB=L_UH_Bias=Rct-NRE Moderate","1-2",2,"L_UH","Rct-NRE Moderate",0,0.0953101798043249,0.139761942375159,0.048790164169432,0.182321556793955,0.300104592450338,0.0971881344434321,0.097636520111757,-0.0444810009690835,TRUE,0.45041994507264,1.00100132865722,-0.0439941949361042,TRUE,0.267461126028611,1.00099037716578,-0.0458086350675742,TRUE,0.625062014998753,1.00110372865916,-0.0440802936337823,TRUE,0.332138697218017,1.00106263359331
160,"rand=1-2_rate=2_ROB=L_UH_Bias=Rct-NRE Moderate","1-2",2,"L_UH","Rct-NRE Moderate",0,0.0953101798043249,0.139761942375159,0.048790164169432,0.182321556793955,0.300104592450338,0.0960848998702842,0.0971704284081471,-0.178777882546581,TRUE,0.46615112873192,1.00106587910207,-0.240354299405555,FALSE,0.296809475905812,1.00098924904073,-0.117312776444457,TRUE,0.5995482148506,1.0009902550567,-0.27196865499459,FALSE,0.387895790117677,1.00098688473234
161,"rand=1-2_rate=2_ROB=L_UH_Bias=Rct-NRE Moderate","1-2",2,"L_UH","Rct-NRE Moderate",0,0.0953101798043249,0.139761942375159,0.048790164169432,0.182321556793955,0.300104592450338,0.0984531036920352,0.0998163515101764,-0.134018377412753,TRUE,0.46824606451093,1.00098800205646,-0.0607543520146911,TRUE,0.289312391827578,1.00098630083053,-0.0527217895755225,TRUE,0.62997710903377,1.00104194280986,-0.0625152910500861,TRUE,0.368476005787982,1.00103804038744
162,"rand=1-2_rate=2_ROB=L_UH_Bias=Rct-NRE Moderate","1-2",2,"L_UH","Rct-NRE Moderate",0,0.0953101798043249,0.139761942375159,0.048790164169432,0.182321556793955,0.300104592450338,0.112303580530798,0.112841159559628,-0.101197100260939,TRUE,0.545613243035263,1.00106200411641,-0.113801469494028,TRUE,0.373769664436671,1.00114810599609,-0.0195158550558872,TRUE,0.736148540068673,1.00099749481793,-0.156044548297023,TRUE,0.482543064299057,1.00099807786458
163,"rand=1-2_rate=2_ROB=L_UH_Bias=Rct-NRE Moderate","1-2",2,"L_UH","Rct-NRE Moderate",0,0.0953101798043249,0.139761942375159,0.048790164169432,0.182321556793955,0.300104592450338,0.103777989302282,0.105909855793608,-0.158582312855887,TRUE,0.565567290632719,1.00098965235916,-0.200393889129408,TRUE,0.438355380474112,1.00098871230495,-0.164043098496985,TRUE,0.722864661443346,1.00098605473208,-0.22031053482973,TRUE,0.635246151633909,1.00098860575937
164,"rand=1-2_rate=2_ROB=L_UH_Bias=Rct-NRE Moderate","1-2",2,"L_UH","Rct-NRE Moderate",0,0.0953101798043249,0.139761942375159,0.048790164169432,0.182321556793955,0.300104592450338,0.104101837303773,0.107481618468528,0.0284401287066697,TRUE,0.463756349760261,1.00105272704785,-0.0658116218143605,TRUE,0.393824200056433,1.00101887146819,0.0844229435833829,TRUE,0.567332921984688,1.00103699223327,-0.146412087599175,TRUE,0.580118606624934,1.00098661778542
165,"rand=1-2_rate=2_ROB=L_UH_Bias=Rct-NRE Moderate","1-2",2,"L_UH","Rct-NRE Moderate",0,0.0953101798043249,0.139761942375159,0.048790164169432,0.182321556793955,0.300104592450338,0.0943164752316221,0.0954532398559896,-0.0213251368409897,TRUE,0.520901891420607,1.00101456629097,-0.0559951799735579,TRUE,0.364534653058179,1.00098600382186,0.00285410738578884,TRUE,0.737309691369259,1.00104294593085,-0.080368501615208,TRUE,0.473543254346628,1.00100915983208
166,"rand=1-2_rate=2_ROB=L_UH_Bias=Rct-NRE Moderate","1-2",2,"L_UH","Rct-NRE Moderate",0,0.0953101798043249,0.139761942375159,0.048790164169432,0.182321556793955,0.300104592450338,0.108159304719858,0.109765536665585,0.00911726832455106,TRUE,0.468549171673035,1.00100239787129,-0.125234237924278,TRUE,0.407786737133607,1.00099214600713,0.0527294352330437,TRUE,0.485085101087784,1.00164680129939,-0.213438174703027,TRUE,0.650916328652363,1.00099332300234
167,"rand=1-2_rate=2_ROB=L_UH_Bias=Rct-NRE Moderate","1-2",2,"L_UH","Rct-NRE Moderate",0,0.0953101798043249,0.139761942375159,0.048790164169432,0.182321556793955,0.300104592450338,0.0959858756041084,0.0970584051138743,0.0685823836175542,TRUE,0.418929254823972,1.00127248165693,3.05294280738e-05,TRUE,0.3055916533835,1.00101786495362,0.119389616054361,TRUE,0.476588566278636,1.00098697908171,-0.0488884137974892,TRUE,0.428956389998423,1.00099021929788
168,"rand=1-2_rate=2_ROB=L_UH_Bias=Rct-NRE Moderate","1-2",2,"L_UH","Rct-NRE Moderate",0,0.0953101798043249,0.139761942375159,0.048790164169432,0.182321556793955,0.300104592450338,0.0927183891976493,0.0941243683022972,0.0875717124755719,TRUE,0.553674713086379,1.00098822618873,0.0748064272105423,TRUE,0.439281201420071,1.00098599166885,0.289858147840961,TRUE,0.536559472866262,1.00099048851653,-0.0970281088134386,TRUE,0.685271630417582,1.0009926276461
169,"rand=1-2_rate=2_ROB=L_UH_Bias=Rct-NRE Moderate","1-2",2,"L_UH","Rct-NRE Moderate",0,0.0953101798043249,0.139761942375159,0.048790164169432,0.182321556793955,0.300104592450338,0.101134787462828,0.102048920468107,0.0398037457168698,TRUE,0.492211079151297,1.00098626427441,-0.0658297823397769,TRUE,0.424245202938615,1.00099173323265,-0.0501302324816852,TRUE,0.75858780368509,1.00108198392488,-0.0717496220264819,TRUE,0.595737007520918,1.0009934786983
170,"rand=1-2_rate=2_ROB=L_UH_Bias=Rct-NRE Moderate","1-2",2,"L_UH","Rct-NRE Moderate",0,0.0953101798043249,0.139761942375159,0.048790164169432,0.182321556793955,0.300104592450338,0.099936965097489,0.102246211965777,0.0676539707969268,TRUE,0.393151754739994,1.00125871163741,0.0493013392052796,TRUE,0.238215627237983,1.00099802513474,-0.106372022128974,TRUE,0.59065775141778,1.0009861666152,0.0837043473898489,TRUE,0.275814396159951,1.0009864361625
171,"rand=1-2_rate=2_ROB=L_UH_Bias=Rct-NRE Moderate","1-2",2,"L_UH","Rct-NRE Moderate",0,0.0953101798043249,0.139761942375159,0.048790164169432,0.182321556793955,0.300104592450338,0.110308183569532,0.110969999298528,-0.0712374433818883,TRUE,0.42892208591245,1.00101220146776,-0.1507003239114,FALSE,0.298596663293543,1.00105750640076,-0.014809153022264,TRUE,0.525901428236747,1.00159879249244,-0.194826441403361,FALSE,0.413146024640003,1.0009963424471
172,"rand=1-2_rate=2_ROB=L_UH_Bias=Rct-NRE Moderate","1-2",2,"L_UH","Rct-NRE Moderate",0,0.0953101798043249,0.139761942375159,0.048790164169432,0.182321556793955,0.300104592450338,0.111003835334767,0.112282326880251,-0.087882660952237,TRUE,0.419579314275715,1.00098657936027,-0.199739259172866,FALSE,0.361601949452617,1.00098606366986,-0.130645378833134,TRUE,0.578736997895462,1.00109974584649,-0.222544719613287,TRUE,0.522047664905015,1.00098941743264
173,"rand=1-2_rate=2_ROB=L_UH_Bias=Rct-NRE Moderate","1-2",2,"L_UH","Rct-NRE Moderate",0,0.0953101798043249,0.139761942375159,0.048790164169432,0.182321556793955,0.300104592450338,0.0977576930052709,0.100025177413481,-0.0865665309903805,TRUE,0.562524370415265,1.00108487791146,-0.168742634169687,TRUE,0.484438253480257,1.00098720717498,-0.322706484841504,TRUE,0.813617604411274,1.00104985677043,-0.095419611750728,TRUE,0.670774116057339,1.00098604815872
174,"rand=1-2_rate=2_ROB=L_UH_Bias=Rct-NRE Moderate","1-2",2,"L_UH","Rct-NRE Moderate",0,0.0953101798043249,0.139761942375159,0.048790164169432,0.182321556793955,0.300104592450338,0.09938828454438,0.101211055400836,0.0881627628840402,TRUE,0.464351610875662,1.00098670598353,0.0291502782903353,TRUE,0.355011410741177,1.000997922817,0.0875258929924017,TRUE,0.61159557102215,1.00112579078509,-8.70216739883301e-05,TRUE,0.491775396081974,1.00103139097455
175,"rand=1-2_rate=2_ROB=L_UH_Bias=Rct-NRE Moderate","1-2",2,"L_UH","Rct-NRE Moderate",0,0.0953101798043249,0.139761942375159,0.048790164169432,0.182321556793955,0.300104592450338,0.112703336903453,0.115033805528428,-0.251474223264613,TRUE,0.693427090803084,1.00098930081567,-0.325134805731314,FALSE,0.529850294331555,1.00103792953381,-0.275628200932614,TRUE,1.07205015897338,1.00099764577583,-0.354278639842213,FALSE,0.700917222882195,1.00100651114541
176,"rand=1-2_rate=2_ROB=L_UH_Bias=Rct-NRE Moderate","1-2",2,"L_UH","Rct-NRE Moderate",0,0.0953101798043249,0.139761942375159,0.048790164169432,0.182321556793955,0.300104592450338,0.109908540184026,0.110567422344366,-0.0894918938375187,TRUE,0.486631665290848,1.0011250068957,-0.211027527471167,FALSE,0.406565994499791,1.0010448817504,-0.163706178955818,TRUE,0.809238733585004,1.00106378252409,-0.230923941472435,TRUE,0.533115580715603,1.00105733129057
177,"rand=1-2_rate=2_ROB=L_UH_Bias=Rct-NRE Moderate","1-2",2,"L_UH","Rct-NRE Moderate",0,0.0953101798043249,0.139761942375159,0.048790164169432,0.182321556793955,0.300104592450338,0.104539291558294,0.106185527058858,-0.0850925328295813,TRUE,0.416428810772014,1.00136484118579,-0.21386769425996,FALSE,0.325849675700028,1.00098830476757,-0.0631575728504683,TRUE,0.611557574553674,1.00106685722041,-0.261341497800278,FALSE,0.428254451396051,1.00103054766051
178,"rand=1-2_rate=2_ROB=L_UH_Bias=Rct-NRE Moderate","1-2",2,"L_UH","Rct-NRE Moderate",0,0.0953101798043249,0.139761942375159,0.048790164169432,0.182321556793955,0.300104592450338,0.0951142728049047,0.0970903358120806,-0.0597121243077474,TRUE,0.448269665888092,1.00126737250267,-0.141033130639924,TRUE,0.312346651207626,1.00100050669139,0.0106392896274859,TRUE,0.529842848737451,1.00118836518343,-0.192781192415198,FALSE,0.426283078160094,1.00099670922622
179,"rand=1-2_rate=2_ROB=L_UH_Bias=Rct-NRE Moderate","1-2",2,"L_UH","Rct-NRE Moderate",0,0.0953101798043249,0.139761942375159,0.048790164169432,0.182321556793955,0.300104592450338,0.106190586047089,0.10676464241601,-0.141480799586486,TRUE,0.498858879986058,1.00098599048621,-0.214027316419354,FALSE,0.374792677403168,1.00099703119606,-0.15712656553667,TRUE,0.61558536116287,1.00134107877101,-0.238633972628686,TRUE,0.551400316297443,1.00100016302446
180,"rand=1-2_rate=2_ROB=L_UH_Bias=Rct-NRE Moderate","1-2",2,"L_UH","Rct-NRE Moderate",0,0.0953101798043249,0.139761942375159,0.048790164169432,0.182321556793955,0.300104592450338,0.0994949934338366,0.103401941818465,0.00296227254938308,TRUE,0.512053834768916,1.00098603937982,-0.0457752286262663,TRUE,0.380253602244773,1.00102854026022,-0.0116791604203923,TRUE,0.732668691484896,1.00112420268602,-0.0626867305218006,TRUE,0.513181882967234,1.0009905802931
181,"rand=1-2_rate=2_ROB=L_UH_Bias=Rct-NRE Moderate","1-2",2,"L_UH","Rct-NRE Moderate",0,0.0953101798043249,0.139761942375159,0.048790164169432,0.182321556793955,0.300104592450338,0.130299415534305,0.131858606220414,-0.151459651409652,TRUE,0.510458043382072,1.00098839916098,-0.183544999808295,FALSE,0.355755974714641,1.00102153013958,-0.168154449719138,TRUE,0.600810970286263,1.00204060420275,-0.184811226737865,TRUE,0.513195136671467,1.00098950792715
182,"rand=1-2_rate=2_ROB=L_UH_Bias=Rct-NRE Moderate","1-2",2,"L_UH","Rct-NRE Moderate",0,0.0953101798043249,0.139761942375159,0.048790164169432,0.182321556793955,0.300104592450338,0.0968769946927752,0.0982105884735093,0.0311249457247839,TRUE,0.407912900592044,1.00106721257411,-0.0968640955342135,TRUE,0.365554263231476,1.00098602667103,0.0619978007846992,TRUE,0.568769234276255,1.00098890017809,-0.162680846322349,TRUE,0.512102985894914,1.00099160614943
183,"rand=1-2_rate=2_ROB=L_UH_Bias=Rct-NRE Moderate","1-2",2,"L_UH","Rct-NRE Moderate",0,0.0953101798043249,0.139761942375159,0.048790164169432,0.182321556793955,0.300104592450338,0.0926736363473852,0.0937690650813335,-0.0192230389761414,TRUE,0.394995336822734,1.00104288762858,-0.0931961705848485,TRUE,0.263688558187659,1.00098604009104,-0.276570781580685,TRUE,0.95696382310668,1.00103593189096,-0.0578868479610997,TRUE,0.262662137543525,1.00099030025582
184,"rand=1-2_rate=2_ROB=L_UH_Bias=Rct-NRE Moderate","1-2",2,"L_UH","Rct-NRE Moderate",0,0.0953101798043249,0.139761942375159,0.048790164169432,0.182321556793955,0.300104592450338,0.0937578666625306,0.0963395505765899,-0.043928279397113,TRUE,0.502531428610855,1.00100471313644,-0.167398803073129,TRUE,0.448760141484902,1.00099507289557,-0.0398310980964609,TRUE,0.59890063884062,1.00101064008571,-0.24197435977775,TRUE,0.708040889899316,1.00098964989547
185,"rand=1-2_rate=2_ROB=L_UH_Bias=Rct-NRE Moderate","1-2",2,"L_UH","Rct-NRE Moderate",0,0.0953101798043249,0.139761942375159,0.048790164169432,0.182321556793955,0.300104592450338,0.106712477830612,0.107432188086224,-0.155083946586079,TRUE,0.490831020360496,1.00098896343885,-0.204962107518177,FALSE,0.283111467793877,1.00102777338118,0.0056557840282051,TRUE,0.599724956907821,1.0009973062197,-0.265012871837301,FALSE,0.319321777217215,1.00098956206981
186,"rand=1-2_rate=2_ROB=L_UH_Bias=Rct-NRE Moderate","1-2",2,"L_UH","Rct-NRE Moderate",0,0.0953101798043249,0.139761942375159,0.048790164169432,0.182321556793955,0.300104592450338,0.110416655137956,0.111334095315607,-0.192771347412431,TRUE,0.572878971622854,1.0010570918994,-0.178147450139863,TRUE,0.410707258841936,1.00100671781055,-0.275510975030292,TRUE,0.724260370472555,1.00107079396132,-0.136975903000914,TRUE,0.568334113546254,1.00099270089216
187,"rand=1-2_rate=2_ROB=L_UH_Bias=Rct-NRE Moderate","1-2",2,"L_UH","Rct-NRE Moderate",0,0.0953101798043249,0.139761942375159,0.048790164169432,0.182321556793955,0.300104592450338,0.0951376747232638,0.0966891777408681,-0.0529973255852836,TRUE,0.492138570935419,1.0011195968237,-0.132713075243273,TRUE,0.409462876429725,1.00098879690654,-0.000347092889162459,TRUE,0.479131252794372,1.00103854295751,-0.202205273918579,TRUE,0.692372334739641,1.00107836290953
188,"rand=1-2_rate=2_ROB=L_UH_Bias=Rct-NRE Moderate","1-2",2,"L_UH","Rct-NRE Moderate",0,0.0953101798043249,0.139761942375159,0.048790164169432,0.182321556793955,0.300104592450338,0.0812676293215721,0.0817551094549289,-0.117754972747807,TRUE,0.496638608747617,1.00098986296285,-0.251905942501852,FALSE,0.416695460192029,1.00099621469991,-0.179943053493001,TRUE,0.878019994294297,1.00110569992109,-0.278343675832347,FALSE,0.528519705084559,1.00102725843917
189,"rand=1-2_rate=2_ROB=L_UH_Bias=Rct-NRE Moderate","1-2",2,"L_UH","Rct-NRE Moderate",0,0.0953101798043249,0.139761942375159,0.048790164169432,0.182321556793955,0.300104592450338,0.111522981064252,0.11570317370651,0.0906793654010742,TRUE,0.474452636096251,1.00110910058582,-0.0136495737711595,TRUE,0.413943768227552,1.00112045081815,0.0996104835531982,TRUE,0.506554797169446,1.00098889922388,-0.0802932181779783,TRUE,0.682590092653579,1.00100699627869
190,"rand=1-2_rate=2_ROB=L_UH_Bias=Rct-NRE Moderate","1-2",2,"L_UH","Rct-NRE Moderate",0,0.0953101798043249,0.139761942375159,0.048790164169432,0.182321556793955,0.300104592450338,0.104155720511622,0.104582117274541,-0.0212258864101937,TRUE,0.524870270104796,1.00104634551362,-0.0545934958290306,TRUE,0.417952179617204,1.00098624131528,0.0766912201452423,TRUE,0.560770420058696,1.00108674111447,-0.125144118136816,TRUE,0.651965523724736,1.00099985860644
191,"rand=1-2_rate=2_ROB=L_UH_Bias=Rct-NRE Moderate","1-2",2,"L_UH","Rct-NRE Moderate",0,0.0953101798043249,0.139761942375159,0.048790164169432,0.182321556793955,0.300104592450338,0.0984891415222316,0.0999679597152597,-0.154377997593557,TRUE,0.507940551177244,1.00115545180916,-0.181457019008298,FALSE,0.339207574706158,1.00098707942244,-0.21390949069349,TRUE,0.660682545737714,1.0009998615675,-0.172570241408534,TRUE,0.459162300825398,1.00098760726684
192,"rand=1-2_rate=2_ROB=L_UH_Bias=Rct-NRE Moderate","1-2",2,"L_UH","Rct-NRE Moderate",0,0.0953101798043249,0.139761942375159,0.048790164169432,0.182321556793955,0.300104592450338,0.106695559723372,0.1107374692373,0.0175469833557598,TRUE,0.428348773978325,1.00106284441014,-0.0857034165547308,TRUE,0.354989088248213,1.00099161434828,-0.0365344578366009,TRUE,0.682165144579364,1.00098625962523,-0.107518709362303,TRUE,0.479862062281683,1.00101543751659
193,"rand=1-2_rate=2_ROB=L_UH_Bias=Rct-NRE Moderate","1-2",2,"L_UH","Rct-NRE Moderate",0,0.0953101798043249,0.139761942375159,0.048790164169432,0.182321556793955,0.300104592450338,0.111207712955621,0.111313888155493,-0.119582357405025,TRUE,0.604662423161557,1.00098900915637,-0.197117390325183,TRUE,0.503352487764645,1.00103410799641,0.070869919534373,TRUE,0.577020533543254,1.00098602850635,-0.382118603334397,FALSE,0.779199899063022,1.00098704622898
194,"rand=1-2_rate=2_ROB=L_UH_Bias=Rct-NRE Moderate","1-2",2,"L_UH","Rct-NRE Moderate",0,0.0953101798043249,0.139761942375159,0.048790164169432,0.182321556793955,0.300104592450338,0.101814273338178,0.102990806792393,-0.256025015000749,FALSE,0.520532810206142,1.00117659452435,-0.409225459628457,FALSE,0.529966823795888,1.00098709606598,-0.247950195111904,TRUE,0.78014126035998,1.0010057513683,-0.492124002603409,FALSE,0.790364439542626,1.00099730773149
195,"rand=1-2_rate=2_ROB=L_UH_Bias=Rct-NRE Moderate","1-2",2,"L_UH","Rct-NRE Moderate",0,0.0953101798043249,0.139761942375159,0.048790164169432,0.182321556793955,0.300104592450338,0.108957918692083,0.109676981470164,-0.134183992192638,TRUE,0.425544789092841,1.00101954182557,-0.151772195355477,FALSE,0.250297815119451,1.00099748500177,-0.125210994977603,TRUE,0.564152675146367,1.00111542351768,-0.157975686506445,FALSE,0.3161384531386,1.0009863856521
196,"rand=1-2_rate=2_ROB=L_UH_Bias=Rct-NRE Moderate","1-2",2,"L_UH","Rct-NRE Moderate",0,0.0953101798043249,0.139761942375159,0.048790164169432,0.182321556793955,0.300104592450338,0.0910076754588828,0.0925907547313116,-0.0926920911099596,TRUE,0.517840568676445,1.00140133157581,-0.146243862340292,TRUE,0.398255846627998,1.00103648213731,-0.156710140899989,TRUE,0.620660166181587,1.00118767488336,-0.144080471992386,TRUE,0.596988120875712,1.0009944412573
197,"rand=1-2_rate=2_ROB=L_UH_Bias=Rct-NRE Moderate","1-2",2,"L_UH","Rct-NRE Moderate",0,0.0953101798043249,0.139761942375159,0.048790164169432,0.182321556793955,0.300104592450338,0.0971416541232053,0.098493834670693,-0.0913444204448894,TRUE,0.544199494349894,1.00098692785873,-0.116069740951698,TRUE,0.404815332450832,1.00099150022137,0.0115245817833541,TRUE,0.614359451844706,1.00107688585651,-0.182230245777497,TRUE,0.591787573425776,1.00104555331233
198,"rand=1-2_rate=2_ROB=L_UH_Bias=Rct-NRE Moderate","1-2",2,"L_UH","Rct-NRE Moderate",0,0.0953101798043249,0.139761942375159,0.048790164169432,0.182321556793955,0.300104592450338,0.104041044883001,0.104931598176759,-0.028269510232475,TRUE,0.511265792586726,1.00101632042598,-0.137917457703116,TRUE,0.467141677230925,1.00101136853222,-0.108449344842142,TRUE,0.907279743233078,1.00099735479089,-0.150602803470267,TRUE,0.634304712661122,1.00100357956397
199,"rand=1-2_rate=2_ROB=L_UH_Bias=Rct-NRE Moderate","1-2",2,"L_UH","Rct-NRE Moderate",0,0.0953101798043249,0.139761942375159,0.048790164169432,0.182321556793955,0.300104592450338,0.107493621508221,0.108717242999969,-0.132741545737601,TRUE,0.55027649204788,1.0010178567988,-0.186319591518425,TRUE,0.41474003137271,1.00104694359716,-0.125991107875822,TRUE,0.675732115985906,1.0010695624043,-0.211800402167499,TRUE,0.60522131745035,1.00099997358574
200,"rand=1-2_rate=2_ROB=L_UH_Bias=Rct-NRE Moderate","1-2",2,"L_UH","Rct-NRE Moderate",0,0.0953101798043249,0.139761942375159,0.048790164169432,0.182321556793955,0.300104592450338,0.100084547357571,0.101535190248059,-0.146614177993318,TRUE,0.498462396022071,1.0009866743882,-0.237420639984833,FALSE,0.37839227430568,1.00098925732426,-0.303559058977747,TRUE,0.825869737320538,1.00101437147022,-0.212066849552289,TRUE,0.480301003563987,1.00100777477004
201,"rand=1-2_rate=2_ROB=L_UH_Bias=Rct-NRE Moderate","1-2",2,"L_UH","Rct-NRE Moderate",0,0.0953101798043249,0.139761942375159,0.048790164169432,0.182321556793955,0.300104592450338,0.111149533840691,0.112541094909817,-0.172466818625022,TRUE,0.489551114489707,1.00140452845335,-0.185477168828262,FALSE,0.314494891142712,1.00102960801988,-0.149461390724986,TRUE,0.597530012347724,1.00099539869018,-0.196129891027436,FALSE,0.42260196604635,1.00098688916962
202,"rand=1-2_rate=2_ROB=L_UH_Bias=Rct-NRE Moderate","1-2",2,"L_UH","Rct-NRE Moderate",0,0.0953101798043249,0.139761942375159,0.048790164169432,0.182321556793955,0.300104592450338,0.0932648677578447,0.0958560510368602,-0.132445860894288,TRUE,0.523001815388051,1.00104999992023,-0.212729054518919,FALSE,0.426763001201044,1.0010726925103,-0.197111683345525,TRUE,0.661858902374978,1.00101444845338,-0.215502561491786,TRUE,0.625135367483732,1.00098668085309
203,"rand=1-2_rate=2_ROB=L_UH_Bias=Rct-NRE Moderate","1-2",2,"L_UH","Rct-NRE Moderate",0,0.0953101798043249,0.139761942375159,0.048790164169432,0.182321556793955,0.300104592450338,0.0894047689844384,0.091049893632733,0.00427967117621453,TRUE,0.476904588241162,1.00115422327093,-0.0779651989092411,TRUE,0.373956377578769,1.00098966184284,-0.101315316798305,TRUE,0.612951755318181,1.00100993601823,-0.0668316721536812,TRUE,0.547037463604514,1.00100194716901
204,"rand=1-2_rate=2_ROB=L_UH_Bias=Rct-NRE Moderate","1-2",2,"L_UH","Rct-NRE Moderate",0,0.0953101798043249,0.139761942375159,0.048790164169432,0.182321556793955,0.300104592450338,0.105329971782732,0.105764769779297,-0.101963951556326,TRUE,0.5484789891946,1.00101911106756,-0.192389377575383,TRUE,0.441436717000047,1.00103974994202,-0.00467895266906493,TRUE,0.591776436551055,1.00099230230299,-0.29280402940842,FALSE,0.648416919094966,1.00101678799545
205,"rand=1-2_rate=2_ROB=L_UH_Bias=Rct-NRE Moderate","1-2",2,"L_UH","Rct-NRE Moderate",0,0.0953101798043249,0.139761942375159,0.048790164169432,0.182321556793955,0.300104592450338,0.112450012241468,0.11342042781879,0.0652460002473014,TRUE,0.41519918235241,1.00100048679734,-0.00843926055871425,TRUE,0.329743859670553,1.00098963387925,0.0465021367230234,TRUE,0.485964784312506,1.00111305902368,-0.0337955410741713,TRUE,0.513621619378977,1.00104354146728
206,"rand=1-2_rate=2_ROB=L_UH_Bias=Rct-NRE Moderate","1-2",2,"L_UH","Rct-NRE Moderate",0,0.0953101798043249,0.139761942375159,0.048790164169432,0.182321556793955,0.300104592450338,0.092601657108461,0.0949388078614847,-0.110563912081621,TRUE,0.484485228813825,1.00115473934306,-0.163164389919683,FALSE,0.323051409782119,1.0010288066432,-0.00663703240470048,TRUE,0.598199777887186,1.00098825900662,-0.213735758007825,FALSE,0.405647105524582,1.00103830747858
207,"rand=1-2_rate=2_ROB=L_UH_Bias=Rct-NRE Moderate","1-2",2,"L_UH","Rct-NRE Moderate",0,0.0953101798043249,0.139761942375159,0.048790164169432,0.182321556793955,0.300104592450338,0.0973782569223126,0.0979925041961476,-0.0450682951085046,TRUE,0.421607623153002,1.00135078918683,-0.114269942194708,TRUE,0.296352119293683,1.00099053262093,-0.204187643207105,TRUE,0.643377327628368,1.00135079113872,-0.0888969164864601,TRUE,0.369798978424001,1.00099467170522
208,"rand=1-2_rate=2_ROB=L_UH_Bias=Rct-NRE Moderate","1-2",2,"L_UH","Rct-NRE Moderate",0,0.0953101798043249,0.139761942375159,0.048790164169432,0.182321556793955,0.300104592450338,0.0925608835419933,0.0933262212498261,-0.261221321347793,TRUE,0.627415732171533,1.00106527601229,-0.312946752076188,FALSE,0.440877541557365,1.000997241114,-0.559916413120958,FALSE,1.07417856274675,1.0010020123496,-0.228063958255349,FALSE,0.491597516334325,1.00099118119645
209,"rand=1-2_rate=2_ROB=L_UH_Bias=Rct-NRE Moderate","1-2",2,"L_UH","Rct-NRE Moderate",0,0.0953101798043249,0.139761942375159,0.048790164169432,0.182321556793955,0.300104592450338,0.103592138914686,0.104528922190259,-0.12463802900184,TRUE,0.423354023558019,1.0010027402552,-0.229289883029658,FALSE,0.331504333560837,1.00113593142754,-0.0536526285263004,TRUE,0.56020730514692,1.00112921545182,-0.285799187108841,FALSE,0.449765083431549,1.00099189800689
210,"rand=1-2_rate=2_ROB=L_UH_Bias=Rct-NRE Moderate","1-2",2,"L_UH","Rct-NRE Moderate",0,0.0953101798043249,0.139761942375159,0.048790164169432,0.182321556793955,0.300104592450338,0.106474200063446,0.107335760038896,-0.131947043653685,TRUE,0.509750025571892,1.00115043324067,-0.16817951778514,FALSE,0.356301765432684,1.00100873326369,-0.16693257612233,TRUE,0.611318123475869,1.00143916340334,-0.169478341203986,TRUE,0.50691788260209,1.00114007509723
211,"rand=1-2_rate=2_ROB=L_UH_Bias=Rct-NRE Moderate","1-2",2,"L_UH","Rct-NRE Moderate",0,0.0953101798043249,0.139761942375159,0.048790164169432,0.182321556793955,0.300104592450338,0.0905779079012594,0.0910663710626485,-0.00331702159699909,TRUE,0.454009846237174,1.00098713994004,-0.0682873144479559,TRUE,0.302223894314668,1.00099893092797,0.124391629829448,TRUE,0.481542207944992,1.00102998740961,-0.139967500301839,TRUE,0.388253428403556,1.00101482892654
212,"rand=1-2_rate=2_ROB=L_UH_Bias=Rct-NRE Moderate","1-2",2,"L_UH","Rct-NRE Moderate",0,0.0953101798043249,0.139761942375159,0.048790164169432,0.182321556793955,0.300104592450338,0.0804760289861532,0.0857378431254197,0.010575827814299,TRUE,0.444362804849032,1.00113205388383,0.0197478800870736,TRUE,0.29548773827113,1.00098994218521,0.00714288117014594,TRUE,0.515426431290111,1.00099662901551,0.0279227483520753,TRUE,0.413764519750693,1.00099719083778
213,"rand=1-2_rate=2_ROB=L_UH_Bias=Rct-NRE Moderate","1-2",2,"L_UH","Rct-NRE Moderate",0,0.0953101798043249,0.139761942375159,0.048790164169432,0.182321556793955,0.300104592450338,0.090682933702393,0.0913996392735149,-0.222049992479467,TRUE,0.680470083356271,1.00100196409269,-0.142056894523555,TRUE,0.537531014785813,1.00103475506941,-0.389637011716557,FALSE,0.810493921720501,1.00125257439352,-0.0320709537271577,TRUE,0.77067813561539,1.00098604766239
214,"rand=1-2_rate=2_ROB=L_UH_Bias=Rct-NRE Moderate","1-2",2,"L_UH","Rct-NRE Moderate",0,0.0953101798043249,0.139761942375159,0.048790164169432,0.182321556793955,0.300104592450338,0.102064077215144,0.103890346904511,-0.117319336494329,TRUE,0.526640977887199,1.00098859750116,-0.162579737334785,TRUE,0.427297232962044,1.00099394449105,-0.214280127563895,TRUE,0.981951690447015,1.00102896734884,-0.141550099381813,TRUE,0.526078932917595,1.00098954501495
215,"rand=1-2_rate=2_ROB=L_UH_Bias=Rct-NRE Moderate","1-2",2,"L_UH","Rct-NRE Moderate",0,0.0953101798043249,0.139761942375159,0.048790164169432,0.182321556793955,0.300104592450338,0.105556401101031,0.105934594659843,-0.0029963002101614,TRUE,0.462490118275984,1.0009883281,-0.0942277838013388,TRUE,0.343194460907739,1.00101015073992,0.0788732850692115,TRUE,0.570939053881933,1.00098712559672,-0.171815502271606,TRUE,0.458485668172362,1.0009863414268
216,"rand=1-2_rate=2_ROB=L_UH_Bias=Rct-NRE Moderate","1-2",2,"L_UH","Rct-NRE Moderate",0,0.0953101798043249,0.139761942375159,0.048790164169432,0.182321556793955,0.300104592450338,0.0915609182673396,0.0936193635585188,-0.245374021685476,TRUE,0.661648481976468,1.00099572827278,-0.233858723006587,FALSE,0.445670171906579,1.00101183766057,-0.258218953755898,TRUE,0.96464759843539,1.00139034366314,-0.223847890699687,TRUE,0.572273173405076,1.00100396475603
217,"rand=1-2_rate=2_ROB=L_UH_Bias=Rct-NRE Moderate","1-2",2,"L_UH","Rct-NRE Moderate",0,0.0953101798043249,0.139761942375159,0.048790164169432,0.182321556793955,0.300104592450338,0.0965088400798877,0.0978397675200746,0.0645671590103779,TRUE,0.440903344100054,1.00100193728625,-0.000842785703376592,TRUE,0.344977350622592,1.00099452257549,0.224881243978187,TRUE,0.468167665518437,1.00129207085621,-0.114387668465736,TRUE,0.465666182742176,1.00098713573126
218,"rand=1-2_rate=2_ROB=L_UH_Bias=Rct-NRE Moderate","1-2",2,"L_UH","Rct-NRE Moderate",0,0.0953101798043249,0.139761942375159,0.048790164169432,0.182321556793955,0.300104592450338,0.113010837018575,0.114063705058877,-0.163311751227366,TRUE,0.536359340279032,1.00098738436889,-0.252360124357476,FALSE,0.412866985601609,1.00100682865212,-0.139892415034362,TRUE,0.625771150194859,1.00213615743335,-0.30534851705421,FALSE,0.610700707486532,1.00099092213809
219,"rand=1-2_rate=2_ROB=L_UH_Bias=Rct-NRE Moderate","1-2",2,"L_UH","Rct-NRE Moderate",0,0.0953101798043249,0.139761942375159,0.048790164169432,0.182321556793955,0.300104592450338,0.102558847201867,0.103995992359313,-0.0885007311151513,TRUE,0.559555332652736,1.00099671333496,-0.173668216382271,TRUE,0.419787220695156,1.00103044658953,-0.305797482514218,TRUE,0.875163304301359,1.00099413447506,-0.123976307113453,TRUE,0.531298702886534,1.00099494192
220,"rand=1-2_rate=2_ROB=L_UH_Bias=Rct-NRE Moderate","1-2",2,"L_UH","Rct-NRE Moderate",0,0.0953101798043249,0.139761942375159,0.048790164169432,0.182321556793955,0.300104592450338,0.0997694952806266,0.101454461815008,-0.0266839246750374,TRUE,0.428808420165775,1.00099059965321,-0.137814665454228,TRUE,0.377660618968425,1.00099135013213,-0.0435011000681873,TRUE,0.573918249559805,1.00102995146273,-0.180166109629321,TRUE,0.563142381520093,1.00099128721645
221,"rand=1-2_rate=2_ROB=L_UH_Bias=Rct-NRE Moderate","1-2",2,"L_UH","Rct-NRE Moderate",0,0.0953101798043249,0.139761942375159,0.048790164169432,0.182321556793955,0.300104592450338,0.0983092445244092,0.0993538758227947,0.0146562062858717,TRUE,0.432783379993307,1.00100183807835,-0.0782013159940076,TRUE,0.336359484619096,1.00104573190314,0.140621763394742,TRUE,0.533998030109598,1.00110924101092,-0.165876400820475,TRUE,0.431981839052249,1.00104133467045
222,"rand=1-2_rate=2_ROB=L_UH_Bias=Rct-NRE Moderate","1-2",2,"L_UH","Rct-NRE Moderate",0,0.0953101798043249,0.139761942375159,0.048790164169432,0.182321556793955,0.300104592450338,0.101094580289782,0.102322407359276,-0.0863448163592202,TRUE,0.580669909537938,1.00099484412273,-0.101303654384018,TRUE,0.425703852834572,1.00098619608185,-0.174281791992888,TRUE,0.88581571321881,1.0009885131605,-0.0683751373258101,TRUE,0.548175913757419,1.00101739104655
223,"rand=1-2_rate=2_ROB=L_UH_Bias=Rct-NRE Moderate","1-2",2,"L_UH","Rct-NRE Moderate",0,0.0953101798043249,0.139761942375159,0.048790164169432,0.182321556793955,0.300104592450338,0.100735136598687,0.101219315168925,-0.0417540080108518,TRUE,0.462422368371936,1.00101815293286,-0.125572404081289,TRUE,0.34794052348273,1.00099431750474,0.0240440226326258,TRUE,0.512158564861727,1.00098804140133,-0.190917372131282,TRUE,0.495416796651017,1.00099136974824
224,"rand=1-2_rate=2_ROB=L_UH_Bias=Rct-NRE Moderate","1-2",2,"L_UH","Rct-NRE Moderate",0,0.0953101798043249,0.139761942375159,0.048790164169432,0.182321556793955,0.300104592450338,0.112442660257126,0.113207329265226,-0.338595559393693,FALSE,0.611208444318965,1.00106093395641,-0.414587761951879,FALSE,0.451796954933273,1.00098989386601,-0.235854433762959,TRUE,0.954652951931804,1.00106901405632,-0.476119298975612,FALSE,0.574000304064439,1.00099504443367
225,"rand=1-2_rate=2_ROB=L_UH_Bias=Rct-NRE Moderate","1-2",2,"L_UH","Rct-NRE Moderate",0,0.0953101798043249,0.139761942375159,0.048790164169432,0.182321556793955,0.300104592450338,0.108269305553691,0.109706851065942,-0.133163240860746,TRUE,0.555746519256032,1.00098950603144,-0.215179124676741,TRUE,0.455053100008301,1.00100877040373,0.00841344164553837,TRUE,0.67078787149951,1.00146550709239,-0.327911686246306,FALSE,0.638955429590093,1.00098951476541
226,"rand=1-2_rate=2_ROB=L_UH_Bias=Rct-NRE Moderate","1-2",2,"L_UH","Rct-NRE Moderate",0,0.0953101798043249,0.139761942375159,0.048790164169432,0.182321556793955,0.300104592450338,0.0836999193580624,0.0851851777307252,0.0502454293810073,TRUE,0.421103796025674,1.001126576883,-0.0932515455667606,TRUE,0.414415271154941,1.00098603060365,0.0549833456958984,TRUE,0.551321701063819,1.00099822913596,-0.172067660544717,TRUE,0.641259488641068,1.00100076453646
227,"rand=1-2_rate=2_ROB=L_UH_Bias=Rct-NRE Moderate","1-2",2,"L_UH","Rct-NRE Moderate",0,0.0953101798043249,0.139761942375159,0.048790164169432,0.182321556793955,0.300104592450338,0.0929836015713001,0.0934930139924407,-0.023718225457475,TRUE,0.471758962899817,1.00102089177186,-0.121378253241264,TRUE,0.361769556938866,1.00098599794063,-0.0998662975653981,TRUE,0.815023582325368,1.00104078316758,-0.130030448361841,TRUE,0.44698771126054,1.0009914686507
228,"rand=1-2_rate=2_ROB=L_UH_Bias=Rct-NRE Moderate","1-2",2,"L_UH","Rct-NRE Moderate",0,0.0953101798043249,0.139761942375159,0.048790164169432,0.182321556793955,0.300104592450338,0.0968334798865695,0.0986228561327111,-0.0946479380119669,TRUE,0.442203083773922,1.00101066921891,-0.108732342194399,TRUE,0.386616429037512,1.00099540650268,-0.224155438698058,TRUE,0.674923273255865,1.00100200836627,-0.0608949542603328,TRUE,0.539890399182909,1.00100151566221
229,"rand=1-2_rate=2_ROB=L_UH_Bias=Rct-NRE Moderate","1-2",2,"L_UH","Rct-NRE Moderate",0,0.0953101798043249,0.139761942375159,0.048790164169432,0.182321556793955,0.300104592450338,0.109084830117558,0.109660885282695,-0.257587603246836,TRUE,0.615437530353956,1.00143346929699,-0.238883061175444,FALSE,0.419489814879978,1.00098799317942,-0.377695012870723,FALSE,0.868225748920851,1.00104713975166,-0.187501414390148,TRUE,0.524733354718117,1.00100872021053
230,"rand=1-2_rate=2_ROB=L_UH_Bias=Rct-NRE Moderate","1-2",2,"L_UH","Rct-NRE Moderate",0,0.0953101798043249,0.139761942375159,0.048790164169432,0.182321556793955,0.300104592450338,0.101403239360094,0.102148742836011,-0.151741611045638,TRUE,0.523870875327589,1.00122147620422,-0.202966374143705,FALSE,0.365163275178763,1.00098675205176,-0.293580481006297,TRUE,0.712157652233201,1.00115419333287,-0.16876770180199,TRUE,0.487947519195591,1.00101059828006
231,"rand=1-2_rate=2_ROB=L_UH_Bias=Rct-NRE Moderate","1-2",2,"L_UH","Rct-NRE Moderate",0,0.0953101798043249,0.139761942375159,0.048790164169432,0.182321556793955,0.300104592450338,0.110374621290633,0.11044158349342,-0.189054185071603,TRUE,0.493335078099413,1.00111432899046,-0.131720808971589,FALSE,0.273446732679119,1.00099718510207,-0.235860753879191,TRUE,0.761304420496811,1.00099794026716,-0.110829564897883,TRUE,0.307201271742452,1.00099107265924
232,"rand=1-2_rate=2_ROB=L_UH_Bias=Rct-NRE Moderate","1-2",2,"L_UH","Rct-NRE Moderate",0,0.0953101798043249,0.139761942375159,0.048790164169432,0.182321556793955,0.300104592450338,0.0954303156255806,0.0995272335166121,-0.10048324403049,TRUE,0.53622233646354,1.00106968845062,-0.165179646512167,TRUE,0.389472115723021,1.001028505971,0.0471585643937531,TRUE,0.705206486279799,1.00098600548558,-0.246596714372747,FALSE,0.491813673426525,1.00098620506106
233,"rand=1-2_rate=2_ROB=L_UH_Bias=Rct-NRE Moderate","1-2",2,"L_UH","Rct-NRE Moderate",0,0.0953101798043249,0.139761942375159,0.048790164169432,0.182321556793955,0.300104592450338,0.100092324176075,0.100575663028832,-0.0102540425265196,TRUE,0.528810976790508,1.00124750364311,-0.0470841060777181,TRUE,0.395272980509415,1.00099447180455,0.0364049254579215,TRUE,0.638843321045308,1.00098709012179,-0.0916552694012813,TRUE,0.578390931614684,1.00100308688749
234,"rand=1-2_rate=2_ROB=L_UH_Bias=Rct-NRE Moderate","1-2",2,"L_UH","Rct-NRE Moderate",0,0.0953101798043249,0.139761942375159,0.048790164169432,0.182321556793955,0.300104592450338,0.0930560037348473,0.096965830437134,-0.150099299773607,TRUE,0.580341867745549,1.00114012316159,-0.169342535317669,TRUE,0.345962686709444,1.00112917123262,0.179956465159309,TRUE,0.47435909888659,1.00114784776181,-0.304322278852867,FALSE,0.368307689918071,1.0009999411158
235,"rand=1-2_rate=2_ROB=L_UH_Bias=Rct-NRE Moderate","1-2",2,"L_UH","Rct-NRE Moderate",0,0.0953101798043249,0.139761942375159,0.048790164169432,0.182321556793955,0.300104592450338,0.108346511449066,0.114011633592712,-0.0571325778823482,TRUE,0.566294010222781,1.00098600661206,-0.183104446835222,TRUE,0.520469544801669,1.00098970056587,-0.0966722252973331,TRUE,0.904659501382009,1.00098599050213,-0.235310058649078,TRUE,0.743021630433005,1.00099002426383
236,"rand=1-2_rate=2_ROB=L_UH_Bias=Rct-NRE Moderate","1-2",2,"L_UH","Rct-NRE Moderate",0,0.0953101798043249,0.139761942375159,0.048790164169432,0.182321556793955,0.300104592450338,0.11743198616756,0.117937039839452,0.0273517539683071,TRUE,0.505955376637478,1.0010283536987,-0.112721414545815,TRUE,0.498122434731266,1.00101900238495,-0.052994595740385,TRUE,0.675970696121755,1.00114166664179,-0.139059399305943,TRUE,0.793130640581579,1.00100283744243
237,"rand=1-2_rate=2_ROB=L_UH_Bias=Rct-NRE Moderate","1-2",2,"L_UH","Rct-NRE Moderate",0,0.0953101798043249,0.139761942375159,0.048790164169432,0.182321556793955,0.300104592450338,0.115800423832465,0.118549092882453,-0.0127271887853779,TRUE,0.543088150055745,1.00227436249854,-0.145861140826885,TRUE,0.405290382658666,1.00098641075715,0.179406855263557,TRUE,0.431094442031737,1.00145757403997,-0.319918827873787,FALSE,0.580847974424559,1.00098705672658
238,"rand=1-2_rate=2_ROB=L_UH_Bias=Rct-NRE Moderate","1-2",2,"L_UH","Rct-NRE Moderate",0,0.0953101798043249,0.139761942375159,0.048790164169432,0.182321556793955,0.300104592450338,0.0855004347738487,0.0861783044658202,0.017128888431866,TRUE,0.450655991410284,1.0012477543723,-0.0172125932628535,TRUE,0.347420195048724,1.00108976345673,0.0332289149822358,TRUE,0.545044120925477,1.00098811413326,-0.0432127469435859,TRUE,0.518130398351117,1.00098619897428
239,"rand=1-2_rate=2_ROB=L_UH_Bias=Rct-NRE Moderate","1-2",2,"L_UH","Rct-NRE Moderate",0,0.0953101798043249,0.139761942375159,0.048790164169432,0.182321556793955,0.300104592450338,0.0993738697134981,0.100000823963138,0.00349048786420469,TRUE,0.494983673269294,1.0010197281322,-0.0747509379787532,TRUE,0.406151950769956,1.00099093150538,0.0452728712419768,TRUE,0.696801181770991,1.00110020599247,-0.135588850842785,TRUE,0.560632450634297,1.00103097534856
240,"rand=1-2_rate=2_ROB=L_UH_Bias=Rct-NRE Moderate","1-2",2,"L_UH","Rct-NRE Moderate",0,0.0953101798043249,0.139761942375159,0.048790164169432,0.182321556793955,0.300104592450338,0.107572401594697,0.108835069940607,-0.210646154670781,TRUE,0.485911259901187,1.00100922563843,-0.208654244115504,FALSE,0.363805552923149,1.00100443115632,-0.341003197872082,FALSE,0.765851816241581,1.00109262296222,-0.166401282533609,TRUE,0.46389929841331,1.00098774630004
241,"rand=1-2_rate=2_ROB=L_UH_Bias=Rct-NRE Moderate","1-2",2,"L_UH","Rct-NRE Moderate",0,0.0953101798043249,0.139761942375159,0.048790164169432,0.182321556793955,0.300104592450338,0.0972434840081591,0.0993862436229178,-0.0689351234806517,TRUE,0.472722056017106,1.00100268628957,-0.122388749063849,TRUE,0.321129661054938,1.00101878618091,-0.0768984517881908,TRUE,0.722804348817717,1.00100445557898,-0.137233381258591,TRUE,0.398289125619784,1.00099704269137
242,"rand=1-2_rate=2_ROB=L_UH_Bias=Rct-NRE Moderate","1-2",2,"L_UH","Rct-NRE Moderate",0,0.0953101798043249,0.139761942375159,0.048790164169432,0.182321556793955,0.300104592450338,0.0994927526844679,0.101422762929639,-0.132208397562778,TRUE,0.554605350922525,1.0010808071791,-0.126534191354202,TRUE,0.428893337942648,1.00099651147011,-0.00429502398147585,TRUE,0.619731251840772,1.00099995385892,-0.191419001049241,TRUE,0.654999092577925,1.00099938821007
243,"rand=1-2_rate=2_ROB=L_UH_Bias=Rct-NRE Moderate","1-2",2,"L_UH","Rct-NRE Moderate",0,0.0953101798043249,0.139761942375159,0.048790164169432,0.182321556793955,0.300104592450338,0.114370843382658,0.11502248205942,0.0336360661956715,TRUE,0.438982804199128,1.0012383055226,-0.034331455094422,TRUE,0.359830461668177,1.00099219435047,0.0419358194983208,TRUE,0.505766834980888,1.00111631617389,-0.0689845331015857,TRUE,0.564544738227221,1.0009885999187
244,"rand=1-2_rate=2_ROB=L_UH_Bias=Rct-NRE Moderate","1-2",2,"L_UH","Rct-NRE Moderate",0,0.0953101798043249,0.139761942375159,0.048790164169432,0.182321556793955,0.300104592450338,0.0945931610273489,0.0986211532255929,-0.100970729489873,TRUE,0.539080387530832,1.0009910254542,-0.0802167305016963,TRUE,0.393365396036974,1.00098607978379,-0.194008966392482,TRUE,0.651151380556782,1.00106319744699,-0.0328683013348243,TRUE,0.558528668510865,1.00099403256521
245,"rand=1-2_rate=2_ROB=L_UH_Bias=Rct-NRE Moderate","1-2",2,"L_UH","Rct-NRE Moderate",0,0.0953101798043249,0.139761942375159,0.048790164169432,0.182321556793955,0.300104592450338,0.0790556276345821,0.0793216514456264,0.0975026750827515,TRUE,0.42270340644907,1.00100534364835,0.03775779717344,TRUE,0.319071162487541,1.00102178394674,-0.114061084952308,TRUE,0.622918630195784,1.00157617837852,0.0944909824005677,TRUE,0.40454844235412,1.0009865850337
246,"rand=1-2_rate=2_ROB=L_UH_Bias=Rct-NRE Moderate","1-2",2,"L_UH","Rct-NRE Moderate",0,0.0953101798043249,0.139761942375159,0.048790164169432,0.182321556793955,0.300104592450338,0.10952049350485,0.111105376514141,-0.0149303481500871,TRUE,0.458582794634213,1.00099103962168,-0.133881303685621,TRUE,0.382130443426931,1.00099062791033,-0.0620158237811423,TRUE,0.634794339645284,1.00104423968732,-0.164647739596386,TRUE,0.551576371864761,1.00098923665873
247,"rand=1-2_rate=2_ROB=L_UH_Bias=Rct-NRE Moderate","1-2",2,"L_UH","Rct-NRE Moderate",0,0.0953101798043249,0.139761942375159,0.048790164169432,0.182321556793955,0.300104592450338,0.111899430393988,0.112766694817594,0.0512343146361143,TRUE,0.399467760559235,1.00103248037869,-0.0157421586791335,TRUE,0.280458275603621,1.00099052952442,0.0851106646623184,TRUE,0.524765236302121,1.0014655274423,-0.0451311493575082,TRUE,0.373914802303914,1.00104807007652
248,"rand=1-2_rate=2_ROB=L_UH_Bias=Rct-NRE Moderate","1-2",2,"L_UH","Rct-NRE Moderate",0,0.0953101798043249,0.139761942375159,0.048790164169432,0.182321556793955,0.300104592450338,0.0997212625883056,0.100036307027479,-0.198547772724503,TRUE,0.671512676254664,1.00100272384995,-0.260493466116339,FALSE,0.525457655447672,1.00099731806002,-0.223847253631791,TRUE,0.959301160695919,1.00098720032849,-0.278816980344059,TRUE,0.73347530162873,1.00110707501963
249,"rand=1-2_rate=2_ROB=L_UH_Bias=Rct-NRE Moderate","1-2",2,"L_UH","Rct-NRE Moderate",0,0.0953101798043249,0.139761942375159,0.048790164169432,0.182321556793955,0.300104592450338,0.0951740148371326,0.0960351456011647,0.0346290915655214,TRUE,0.471391101236481,1.00103195674349,0.0506815933249349,TRUE,0.318381247294538,1.00099726018194,-0.0673442230065646,TRUE,0.619853614476806,1.00105977620368,0.0979362302329535,TRUE,0.405995358031465,1.00101489997616
250,"rand=1-2_rate=2_ROB=L_UH_Bias=Rct-NRE Moderate","1-2",2,"L_UH","Rct-NRE Moderate",0,0.0953101798043249,0.139761942375159,0.048790164169432,0.182321556793955,0.300104592450338,0.0836618942664422,0.0847058254256681,-0.0645653804276201,TRUE,0.531105450499368,1.00110991593278,-0.0546578838492533,TRUE,0.377511325953313,1.00099239003853,0.0529998069541765,TRUE,0.645640315171811,1.00098640026585,-0.106023266439763,TRUE,0.518108693468113,1.00107208952201
251,"rand=1-2_rate=2_ROB=L_UH_Bias=Rct-NRE Moderate","1-2",2,"L_UH","Rct-NRE Moderate",0,0.0953101798043249,0.139761942375159,0.048790164169432,0.182321556793955,0.300104592450338,0.101580306042044,0.103525520521292,-0.203190001760948,TRUE,0.534323895207207,1.00110071248733,-0.199651228784438,FALSE,0.350983583614539,1.00105140846656,-0.255460727870619,TRUE,0.656376673894354,1.00106788361872,-0.183973363450533,TRUE,0.47569318782665,1.00103652445757
252,"rand=1-2_rate=2_ROB=L_UH_Bias=Rct-NRE Moderate","1-2",2,"L_UH","Rct-NRE Moderate",0,0.0953101798043249,0.139761942375159,0.048790164169432,0.182321556793955,0.300104592450338,0.094042727733017,0.098167470935565,-0.196843225861087,TRUE,0.59255966362911,1.00102320956929,-0.174713372483247,FALSE,0.385601651688377,1.0009862811354,-0.371143587054196,FALSE,0.786071879472903,1.00113350148388,-0.10606715111997,TRUE,0.477958726674609,1.00098898549034
253,"rand=1-2_rate=2_ROB=L_UH_Bias=Rct-NRE Moderate","1-2",2,"L_UH","Rct-NRE Moderate",0,0.0953101798043249,0.139761942375159,0.048790164169432,0.182321556793955,0.300104592450338,0.0969693114660328,0.099670391563916,0.0310046824226886,TRUE,0.416594445176102,1.00107623384927,-0.0584905170189316,TRUE,0.31382841491842,1.00104566745953,-0.0298884751516824,TRUE,0.573432252719423,1.00118622281932,-0.0685202472063049,TRUE,0.437883875814422,1.00104605888912
254,"rand=1-2_rate=2_ROB=L_UH_Bias=Rct-NRE Moderate","1-2",2,"L_UH","Rct-NRE Moderate",0,0.0953101798043249,0.139761942375159,0.048790164169432,0.182321556793955,0.300104592450338,0.104297424023328,0.105154372770719,-0.112921423597092,TRUE,0.473470760833871,1.00110876048252,-0.142100151251904,TRUE,0.30016765779238,1.00109702146424,-0.0959608238474952,TRUE,0.581259952819676,1.00140280695472,-0.155966588513589,TRUE,0.398652428551373,1.00099191503278
255,"rand=1-2_rate=2_ROB=L_UH_Bias=Rct-NRE Moderate","1-2",2,"L_UH","Rct-NRE Moderate",0,0.0953101798043249,0.139761942375159,0.048790164169432,0.182321556793955,0.300104592450338,0.107636236004217,0.109103585264299,-0.237220114000492,TRUE,0.561062604160285,1.0011380058447,-0.243025472197305,FALSE,0.397923541222569,1.00099833959028,-0.268104039480237,TRUE,0.612065093150402,1.0011270010535,-0.234602649375137,TRUE,0.606581258890646,1.00098676764793
256,"rand=1-2_rate=2_ROB=L_UH_Bias=Rct-NRE Moderate","1-2",2,"L_UH","Rct-NRE Moderate",0,0.0953101798043249,0.139761942375159,0.048790164169432,0.182321556793955,0.300104592450338,0.101105932194275,0.101777718608021,0.018446136074011,TRUE,0.457268375412619,1.0010464570675,-0.0122904516002438,TRUE,0.336416341066564,1.00104280151414,0.0132769552466089,TRUE,0.544033423419082,1.0012206271492,-0.0219543297794804,TRUE,0.490183446270914,1.00098683744969
257,"rand=1-2_rate=2_ROB=L_UH_Bias=Rct-NRE Moderate","1-2",2,"L_UH","Rct-NRE Moderate",0,0.0953101798043249,0.139761942375159,0.048790164169432,0.182321556793955,0.300104592450338,0.108264855322393,0.109352649062014,-0.0920909196535762,TRUE,0.471560745233528,1.00098885158367,-0.0950639106577897,TRUE,0.300250461595953,1.00104990611084,0.0872639867972157,TRUE,0.496147614020984,1.00126594668508,-0.15677436902956,TRUE,0.393014836065552,1.00099072041605
258,"rand=1-2_rate=2_ROB=L_UH_Bias=Rct-NRE Moderate","1-2",2,"L_UH","Rct-NRE Moderate",0,0.0953101798043249,0.139761942375159,0.048790164169432,0.182321556793955,0.300104592450338,0.09738990760084,0.0987263083076813,-0.062242403557015,TRUE,0.472782681009636,1.00100108829504,-0.0307950301387248,TRUE,0.326726293540791,1.00098677560417,-0.0447645359633217,TRUE,0.738093263822276,1.00113452679609,-0.0245636861417768,TRUE,0.406950827355582,1.00099569695592
259,"rand=1-2_rate=2_ROB=L_UH_Bias=Rct-NRE Moderate","1-2",2,"L_UH","Rct-NRE Moderate",0,0.0953101798043249,0.139761942375159,0.048790164169432,0.182321556793955,0.300104592450338,0.106413495585586,0.108470853591327,-0.0343224945666429,TRUE,0.445793847263292,1.00110648084714,-0.174333777781011,TRUE,0.403169547887458,1.0010919666867,0.0600888480866626,TRUE,0.548269071823445,1.00101042835882,-0.289938022611276,FALSE,0.570192615387449,1.00098603820573
260,"rand=1-2_rate=2_ROB=L_UH_Bias=Rct-NRE Moderate","1-2",2,"L_UH","Rct-NRE Moderate",0,0.0953101798043249,0.139761942375159,0.048790164169432,0.182321556793955,0.300104592450338,0.110696934525279,0.112259801947293,-0.252479897636639,TRUE,0.562286341935634,1.00107189919399,-0.339576845113974,FALSE,0.385674318068812,1.00105261953242,-0.300243548836359,TRUE,0.751690374176222,1.00113496212819,-0.351918358195929,FALSE,0.505448206701564,1.00098771749508
261,"rand=1-2_rate=2_ROB=L_UH_Bias=Rct-NRE Moderate","1-2",2,"L_UH","Rct-NRE Moderate",0,0.0953101798043249,0.139761942375159,0.048790164169432,0.182321556793955,0.300104592450338,0.10334150668693,0.10604214636056,-0.168577786154802,TRUE,0.561657874029211,1.00110805496969,-0.128658239941492,TRUE,0.362192467562702,1.00103379428555,-0.189329288286087,TRUE,0.665493163742978,1.00098604380772,-0.106708527541967,TRUE,0.496086871527432,1.00099727146754
262,"rand=1-2_rate=2_ROB=L_UH_Bias=Rct-NRE Moderate","1-2",2,"L_UH","Rct-NRE Moderate",0,0.0953101798043249,0.139761942375159,0.048790164169432,0.182321556793955,0.300104592450338,0.123169505108582,0.123720794934863,-0.0545703426373454,TRUE,0.496398560855638,1.00113048350327,-0.119119521103068,TRUE,0.378586044294442,1.00103451227957,-0.219626391383408,TRUE,0.967250139514567,1.00116262819727,-0.0867465074083678,TRUE,0.440787219376648,1.00100202613481
263,"rand=1-2_rate=2_ROB=L_UH_Bias=Rct-NRE Moderate","1-2",2,"L_UH","Rct-NRE Moderate",0,0.0953101798043249,0.139761942375159,0.048790164169432,0.182321556793955,0.300104592450338,0.100801114308498,0.101092638342202,-0.011940342416298,TRUE,0.494046176986508,1.0011043129241,-0.0453668321887049,TRUE,0.373608640851039,1.00102002703976,-0.0122524956656944,TRUE,0.58133283544172,1.00182886372959,-0.0639404656660429,TRUE,0.559941661965791,1.00098873563203
264,"rand=1-2_rate=2_ROB=L_UH_Bias=Rct-NRE Moderate","1-2",2,"L_UH","Rct-NRE Moderate",0,0.0953101798043249,0.139761942375159,0.048790164169432,0.182321556793955,0.300104592450338,0.0794022780562507,0.0800810627518424,-0.134565344040765,TRUE,0.48175602847197,1.00110468450815,-0.223332902291368,FALSE,0.296509286828619,1.00107864606677,0.0703187765980868,TRUE,0.529335378263697,1.00098624626124,-0.300324972541057,FALSE,0.326661680254022,1.00099568048979
265,"rand=1-2_rate=2_ROB=L_UH_Bias=Rct-NRE Moderate","1-2",2,"L_UH","Rct-NRE Moderate",0,0.0953101798043249,0.139761942375159,0.048790164169432,0.182321556793955,0.300104592450338,0.0783016958109496,0.0794243785099158,0.133873252307263,TRUE,0.387366914241261,1.00098610600412,0.0394988413845533,TRUE,0.318673694473259,1.00098705150063,0.195554456745649,TRUE,0.499440101618248,1.00098736687591,-0.0332839033181194,TRUE,0.436811948132031,1.00098608717545
266,"rand=1-2_rate=2_ROB=L_UH_Bias=Rct-NRE Moderate","1-2",2,"L_UH","Rct-NRE Moderate",0,0.0953101798043249,0.139761942375159,0.048790164169432,0.182321556793955,0.300104592450338,0.111124625822797,0.11233990116524,-0.121775208018478,TRUE,0.481848547685675,1.00105765990501,-0.16024662342437,FALSE,0.342196604138719,1.00098601922002,-0.305556878083736,TRUE,0.713251878840852,1.00174896965321,-0.117609076299213,TRUE,0.437357347614464,1.00103492078406
267,"rand=1-2_rate=2_ROB=L_UH_Bias=Rct-NRE Moderate","1-2",2,"L_UH","Rct-NRE Moderate",0,0.0953101798043249,0.139761942375159,0.048790164169432,0.182321556793955,0.300104592450338,0.111298603028578,0.111735447629444,-0.153053549079558,TRUE,0.446559754153136,1.00099606875609,-0.206191356606952,FALSE,0.396499942483127,1.00104744671671,-0.210093644891211,TRUE,0.69231626026449,1.00099094128739,-0.202670189891797,TRUE,0.550731014797258,1.00100341978751
268,"rand=1-2_rate=2_ROB=L_UH_Bias=Rct-NRE Moderate","1-2",2,"L_UH","Rct-NRE Moderate",0,0.0953101798043249,0.139761942375159,0.048790164169432,0.182321556793955,0.300104592450338,0.0907775515848492,0.0915423166618105,-0.109214248940966,TRUE,0.587701408888235,1.00102647841395,-0.189892467448392,TRUE,0.441967391531032,1.00101702406009,0.051770738266541,TRUE,0.558103193673566,1.00122116813612,-0.315216219496454,FALSE,0.660904528384728,1.00099486187779
269,"rand=1-2_rate=2_ROB=L_UH_Bias=Rct-NRE Moderate","1-2",2,"L_UH","Rct-NRE Moderate",0,0.0953101798043249,0.139761942375159,0.048790164169432,0.182321556793955,0.300104592450338,0.107487950096492,0.109656940401652,-0.165288938184928,TRUE,0.527235419917785,1.00098955138216,-0.189949958730956,FALSE,0.383244723459301,1.00104448405239,-0.174922422855321,TRUE,0.597163066288258,1.00150825925754,-0.196952505209773,TRUE,0.576924373253784,1.0009866777257
270,"rand=1-2_rate=2_ROB=L_UH_Bias=Rct-NRE Moderate","1-2",2,"L_UH","Rct-NRE Moderate",0,0.0953101798043249,0.139761942375159,0.048790164169432,0.182321556793955,0.300104592450338,0.101912211338348,0.10293939438682,0.079852279163911,TRUE,0.408853837770818,1.00099139857813,-0.0530577303804207,TRUE,0.374698598395307,1.00099912629452,0.243137039951694,FALSE,0.384452764967213,1.00100673860179,-0.224811581571412,TRUE,0.545749157392416,1.00105680130042
271,"rand=1-2_rate=2_ROB=L_UH_Bias=Rct-NRE Moderate","1-2",2,"L_UH","Rct-NRE Moderate",0,0.0953101798043249,0.139761942375159,0.048790164169432,0.182321556793955,0.300104592450338,0.0921848973608651,0.0932677048415492,-0.114754412036807,TRUE,0.526424413858744,1.00111990254402,-0.182058310520657,FALSE,0.365638336268489,1.0009888578557,-0.00856321125313797,TRUE,0.58752342185525,1.00102935832024,-0.254728841555225,FALSE,0.488856529874379,1.00098960090378
272,"rand=1-2_rate=2_ROB=L_UH_Bias=Rct-NRE Moderate","1-2",2,"L_UH","Rct-NRE Moderate",0,0.0953101798043249,0.139761942375159,0.048790164169432,0.182321556793955,0.300104592450338,0.106866507656089,0.107169392120658,-0.245475432003394,TRUE,0.638445745772056,1.00109193387285,-0.247514860778842,FALSE,0.454573801671347,1.00098629771289,-0.264709923826643,TRUE,0.847484466180136,1.00112143702812,-0.24083732341754,TRUE,0.620474564851967,1.00100984762036
273,"rand=1-2_rate=2_ROB=L_UH_Bias=Rct-NRE Moderate","1-2",2,"L_UH","Rct-NRE Moderate",0,0.0953101798043249,0.139761942375159,0.048790164169432,0.182321556793955,0.300104592450338,0.0950071475719852,0.0969418927565799,-0.0722447483189337,TRUE,0.552547891074755,1.00107670677385,-0.201374917277022,TRUE,0.503450166640588,1.00112339992846,-0.119587468803745,TRUE,0.760391019089524,1.00109041652145,-0.249304062807228,TRUE,0.75573515965985,1.00106920553043
274,"rand=1-2_rate=2_ROB=L_UH_Bias=Rct-NRE Moderate","1-2",2,"L_UH","Rct-NRE Moderate",0,0.0953101798043249,0.139761942375159,0.048790164169432,0.182321556793955,0.300104592450338,0.0963102419901658,0.0993569820033466,-0.101389153595907,TRUE,0.514159002011758,1.00100193374996,-0.109104496413925,TRUE,0.389168047848049,1.00099947122556,0.099864379936036,TRUE,0.695403923894392,1.00098862163983,-0.204305158757519,TRUE,0.494533203017418,1.00098890836155
275,"rand=1-2_rate=2_ROB=L_UH_Bias=Rct-NRE Moderate","1-2",2,"L_UH","Rct-NRE Moderate",0,0.0953101798043249,0.139761942375159,0.048790164169432,0.182321556793955,0.300104592450338,0.0883441677738971,0.089469302009143,-0.0319149581193336,TRUE,0.461444761640491,1.00134357610131,-0.0667141120005659,TRUE,0.279517796275687,1.00099740382935,-0.0148163533912324,TRUE,0.637100067044996,1.00115795712547,-0.0799906443564653,TRUE,0.341755037062914,1.00098755510036
276,"rand=1-2_rate=2_ROB=L_UH_Bias=Rct-NRE Moderate","1-2",2,"L_UH","Rct-NRE Moderate",0,0.0953101798043249,0.139761942375159,0.048790164169432,0.182321556793955,0.300104592450338,0.0923862469048093,0.0938016753358506,-0.0491197496851949,TRUE,0.514260753185241,1.00100824211093,-0.0199829152672844,TRUE,0.334231807125543,1.00098599538783,-0.0554837297920769,TRUE,0.733208979457216,1.00117022892815,-0.00483517167539871,TRUE,0.425806052493208,1.0010354781544
277,"rand=1-2_rate=2_ROB=L_UH_Bias=Rct-NRE Moderate","1-2",2,"L_UH","Rct-NRE Moderate",0,0.0953101798043249,0.139761942375159,0.048790164169432,0.182321556793955,0.300104592450338,0.0906505821140036,0.0916564155844532,0.0332504415052408,TRUE,0.414744650837511,1.00116313133287,0.0375955855517599,TRUE,0.235378811681668,1.00099691337592,-0.124422149459783,TRUE,0.81240304498417,1.00106058415136,0.0727103235713955,TRUE,0.232862378131797,1.00105963124486
278,"rand=1-2_rate=2_ROB=L_UH_Bias=Rct-NRE Moderate","1-2",2,"L_UH","Rct-NRE Moderate",0,0.0953101798043249,0.139761942375159,0.048790164169432,0.182321556793955,0.300104592450338,0.101024678269522,0.101994598748786,-0.115439440310552,TRUE,0.472250431213743,1.00100923974193,-0.192488059745866,FALSE,0.32007761464504,1.00102376996273,-0.196388459445003,TRUE,0.733918665299805,1.00107551645152,-0.192194273955828,FALSE,0.389236344120027,1.00105629413956
279,"rand=1-2_rate=2_ROB=L_UH_Bias=Rct-NRE Moderate","1-2",2,"L_UH","Rct-NRE Moderate",0,0.0953101798043249,0.139761942375159,0.048790164169432,0.182321556793955,0.300104592450338,0.10250563803046,0.106010134253201,0.0269957602298564,TRUE,0.447999470150939,1.00101681307503,-0.0533869705160348,TRUE,0.395813776359028,1.00100611450773,0.0313933257589761,TRUE,0.543527115247269,1.00102385175521,-0.100446116603331,TRUE,0.619366108642405,1.00098694624523
280,"rand=1-2_rate=2_ROB=L_UH_Bias=Rct-NRE Moderate","1-2",2,"L_UH","Rct-NRE Moderate",0,0.0953101798043249,0.139761942375159,0.048790164169432,0.182321556793955,0.300104592450338,0.0949623429261346,0.0985569431350909,-0.0854177124722399,TRUE,0.412762556534067,1.00099711636462,-0.142038337531953,FALSE,0.236096687143189,1.00114478716734,-0.117765725316209,TRUE,0.823533778740176,1.0010060286642,-0.148975680539949,FALSE,0.268278561392807,1.00098643177613
281,"rand=1-2_rate=2_ROB=L_UH_Bias=Rct-NRE Moderate","1-2",2,"L_UH","Rct-NRE Moderate",0,0.0953101798043249,0.139761942375159,0.048790164169432,0.182321556793955,0.300104592450338,0.110176969934821,0.110974545660543,-0.128255234065841,TRUE,0.502761233599407,1.00098605178469,-0.233601478430622,FALSE,0.381143120874073,1.00098599058277,-0.0285047133257426,TRUE,0.508332207515435,1.00166619249908,-0.321690138384782,FALSE,0.569348967584979,1.00101440724473
282,"rand=1-2_rate=2_ROB=L_UH_Bias=Rct-NRE Moderate","1-2",2,"L_UH","Rct-NRE Moderate",0,0.0953101798043249,0.139761942375159,0.048790164169432,0.182321556793955,0.300104592450338,0.102060608115279,0.103481152312634,-0.0110634490709862,TRUE,0.451705318853208,1.00108588425213,-0.136030604066923,TRUE,0.394951045750604,1.00100400160672,0.163835081161273,TRUE,0.475737459740621,1.00115849856217,-0.287235538367928,FALSE,0.544902136176426,1.00105412836897
283,"rand=1-2_rate=2_ROB=L_UH_Bias=Rct-NRE Moderate","1-2",2,"L_UH","Rct-NRE Moderate",0,0.0953101798043249,0.139761942375159,0.048790164169432,0.182321556793955,0.300104592450338,0.100157659865317,0.100745252601404,-0.120828243393184,TRUE,0.609874643419793,1.00098970646521,-0.175792062776428,TRUE,0.473702308825292,1.00101055950476,-0.185082013713264,TRUE,1.06524273868181,1.00100507786299,-0.173379740725079,TRUE,0.571262811375641,1.00100543942696
284,"rand=1-2_rate=2_ROB=L_UH_Bias=Rct-NRE Moderate","1-2",2,"L_UH","Rct-NRE Moderate",0,0.0953101798043249,0.139761942375159,0.048790164169432,0.182321556793955,0.300104592450338,0.111781692253033,0.112914739112685,-0.0713898726758289,TRUE,0.459112430400663,1.0009976433388,-0.068802598415501,TRUE,0.286110171424617,1.00098614994239,0.0425029918340245,TRUE,0.498965715729894,1.00104979988995,-0.105613930908775,TRUE,0.380884604975814,1.00099219303684
285,"rand=1-2_rate=2_ROB=L_UH_Bias=Rct-NRE Moderate","1-2",2,"L_UH","Rct-NRE Moderate",0,0.0953101798043249,0.139761942375159,0.048790164169432,0.182321556793955,0.300104592450338,0.103604772564148,0.105103561544823,-0.102646464882932,TRUE,0.55830370531658,1.00123432887454,-0.120301633612697,TRUE,0.418444759387354,1.00098953824995,-0.105967221960385,TRUE,0.650790133258721,1.00101822835605,-0.130859542263172,TRUE,0.618550785138058,1.00098839415713
286,"rand=1-2_rate=2_ROB=L_UH_Bias=Rct-NRE Moderate","1-2",2,"L_UH","Rct-NRE Moderate",0,0.0953101798043249,0.139761942375159,0.048790164169432,0.182321556793955,0.300104592450338,0.101176127228584,0.10295285440266,-0.022342419054195,TRUE,0.457462387502036,1.00098668235735,-0.0826567474457878,TRUE,0.323083698593088,1.00103521450885,-0.0913703792463794,TRUE,0.62906877802981,1.00101383372882,-0.0762944678512449,TRUE,0.432461975551704,1.00099452259384
287,"rand=1-2_rate=2_ROB=L_UH_Bias=Rct-NRE Moderate","1-2",2,"L_UH","Rct-NRE Moderate",0,0.0953101798043249,0.139761942375159,0.048790164169432,0.182321556793955,0.300104592450338,0.101317504546496,0.102078541609538,-0.0904686412311495,TRUE,0.464434922393405,1.00173245576147,-0.148794894542107,FALSE,0.30644094050984,1.00099289744411,-0.0415125393179969,TRUE,0.551369618837825,1.00295348752078,-0.181472827877478,TRUE,0.41828635417028,1.00098795756636
288,"rand=1-2_rate=2_ROB=L_UH_Bias=Rct-NRE Moderate","1-2",2,"L_UH","Rct-NRE Moderate",0,0.0953101798043249,0.139761942375159,0.048790164169432,0.182321556793955,0.300104592450338,0.101709973053079,0.102189276889956,-0.0814020190759073,TRUE,0.420205879702393,1.0009883156921,-0.175698554041025,FALSE,0.273944456055589,1.0010007130162,-0.0377530550905145,TRUE,0.556897044437735,1.00098830215757,-0.210495384588426,FALSE,0.352209108465331,1.00099053298166
289,"rand=1-2_rate=2_ROB=L_UH_Bias=Rct-NRE Moderate","1-2",2,"L_UH","Rct-NRE Moderate",0,0.0953101798043249,0.139761942375159,0.048790164169432,0.182321556793955,0.300104592450338,0.10157693887347,0.103842044390736,-0.0454402274096759,TRUE,0.496653714393083,1.00102296435692,-0.142270583835715,TRUE,0.37897719768067,1.00099654165362,0.081007780783432,TRUE,0.52718589762331,1.00145924686006,-0.24287904783759,FALSE,0.526457620464811,1.00101385055174
290,"rand=1-2_rate=2_ROB=L_UH_Bias=Rct-NRE Moderate","1-2",2,"L_UH","Rct-NRE Moderate",0,0.0953101798043249,0.139761942375159,0.048790164169432,0.182321556793955,0.300104592450338,0.106086041775236,0.106985696753304,-0.0948529519668915,TRUE,0.449376267901619,1.00098738889377,-0.207226152108427,FALSE,0.328499298218124,1.00100618972634,0.0091975136642557,TRUE,0.549882997901717,1.00117527368366,-0.278429695166623,FALSE,0.4242367463245,1.0010550809692
291,"rand=1-2_rate=2_ROB=L_UH_Bias=Rct-NRE Moderate","1-2",2,"L_UH","Rct-NRE Moderate",0,0.0953101798043249,0.139761942375159,0.048790164169432,0.182321556793955,0.300104592450338,0.106392175390133,0.107453120881828,-0.0278199391637202,TRUE,0.415745435991803,1.00099709838427,-0.146293019989201,TRUE,0.387915180688222,1.00098647764144,0.0285947454347986,TRUE,0.570443781542702,1.00099339026242,-0.229673693174238,TRUE,0.571739465893251,1.0010100997673
292,"rand=1-2_rate=2_ROB=L_UH_Bias=Rct-NRE Moderate","1-2",2,"L_UH","Rct-NRE Moderate",0,0.0953101798043249,0.139761942375159,0.048790164169432,0.182321556793955,0.300104592450338,0.110218301818275,0.111305723381523,-0.093406616948515,TRUE,0.493179753124863,1.0009886643428,-0.0688922408291155,TRUE,0.289830479818481,1.00107181151806,-0.0530109781719668,TRUE,0.68836749814237,1.00110246052773,-0.0720480712643892,TRUE,0.351376284538132,1.00099473442128
293,"rand=1-2_rate=2_ROB=L_UH_Bias=Rct-NRE Moderate","1-2",2,"L_UH","Rct-NRE Moderate",0,0.0953101798043249,0.139761942375159,0.048790164169432,0.182321556793955,0.300104592450338,0.111737305376434,0.112605569147083,-0.120154877985542,TRUE,0.564821083269831,1.00099306022529,-0.179658717391662,TRUE,0.419961462350064,1.00098753908882,-0.252155381978759,TRUE,0.821057642556526,1.00109997635204,-0.149178511314068,TRUE,0.555248276203167,1.00100477996857
294,"rand=1-2_rate=2_ROB=L_UH_Bias=Rct-NRE Moderate","1-2",2,"L_UH","Rct-NRE Moderate",0,0.0953101798043249,0.139761942375159,0.048790164169432,0.182321556793955,0.300104592450338,0.101807779983676,0.102886018552976,0.0588031628467935,TRUE,0.507530832387988,1.00108276760912,0.05236519628277,TRUE,0.36676234412187,1.00099583343956,0.0411062006518527,TRUE,0.652268536889963,1.00104404460034,0.0549801544235283,TRUE,0.520557645179101,1.00098969786629
295,"rand=1-2_rate=2_ROB=L_UH_Bias=Rct-NRE Moderate","1-2",2,"L_UH","Rct-NRE Moderate",0,0.0953101798043249,0.139761942375159,0.048790164169432,0.182321556793955,0.300104592450338,0.1101847725175,0.110696908467436,-0.10423159303254,TRUE,0.544308991717827,1.0010199225618,-0.145464358781282,TRUE,0.401104191836204,1.00104738916978,-0.139991741611853,TRUE,0.729043506743743,1.00098978257873,-0.147832025138646,TRUE,0.553471548697732,1.00100137290865
296,"rand=1-2_rate=2_ROB=L_UH_Bias=Rct-NRE Moderate","1-2",2,"L_UH","Rct-NRE Moderate",0,0.0953101798043249,0.139761942375159,0.048790164169432,0.182321556793955,0.300104592450338,0.106783595499217,0.108496681192431,-0.0369993803405884,TRUE,0.553707995034877,1.00114207686379,-0.0947329902353056,TRUE,0.426909839264715,1.00100218573092,0.0775048316821579,TRUE,0.57756275752614,1.00101208938657,-0.187360751075687,TRUE,0.652290156842301,1.00098644645146
297,"rand=1-2_rate=2_ROB=L_UH_Bias=Rct-NRE Moderate","1-2",2,"L_UH","Rct-NRE Moderate",0,0.0953101798043249,0.139761942375159,0.048790164169432,0.182321556793955,0.300104592450338,0.105092119891929,0.105799032880466,0.0298178735986231,TRUE,0.431816198231272,1.00099193290076,-0.0416109737798696,TRUE,0.338525842855017,1.0009900403588,-0.137458000339457,TRUE,0.698091028098892,1.00120271922883,-0.00719653172039947,TRUE,0.435249153752158,1.00101342857397
298,"rand=1-2_rate=2_ROB=L_UH_Bias=Rct-NRE Moderate","1-2",2,"L_UH","Rct-NRE Moderate",0,0.0953101798043249,0.139761942375159,0.048790164169432,0.182321556793955,0.300104592450338,0.0956592816262885,0.0967614749158466,-0.15123524085645,TRUE,0.522015376304661,1.00098754155226,-0.136266650959654,TRUE,0.335943987722367,1.00099322888745,0.0981570929498984,TRUE,0.546937343720147,1.00133909461995,-0.227785160929017,FALSE,0.423539115869962,1.00103269502542
299,"rand=1-2_rate=2_ROB=L_UH_Bias=Rct-NRE Moderate","1-2",2,"L_UH","Rct-NRE Moderate",0,0.0953101798043249,0.139761942375159,0.048790164169432,0.182321556793955,0.300104592450338,0.0828934161790131,0.0843872152476431,0.0274372649277363,TRUE,0.463820526666117,1.00099824181534,-0.0555350511574995,TRUE,0.387117664785734,1.00100297612593,-0.165310030850337,TRUE,0.875279856084404,1.00102271589411,-0.00764232670246456,TRUE,0.46779670149175,1.00098625262028
300,"rand=1-2_rate=2_ROB=L_UH_Bias=Rct-NRE Moderate","1-2",2,"L_UH","Rct-NRE Moderate",0,0.0953101798043249,0.139761942375159,0.048790164169432,0.182321556793955,0.300104592450338,0.106999016350324,0.107568452593173,-0.0755986339434591,TRUE,0.450820039580593,1.00099997934138,-0.145067566024424,TRUE,0.325825399272429,1.00101158365658,-0.0362146201247562,TRUE,0.555141279789402,1.00105951831004,-0.185937407432643,TRUE,0.449855734843953,1.00110353086129
301,"rand=1-2_rate=2_ROB=L_UH_Bias=Rct-NRE Moderate","1-2",2,"L_UH","Rct-NRE Moderate",0,0.0953101798043249,0.139761942375159,0.048790164169432,0.182321556793955,0.300104592450338,0.109290209270385,0.109977344005485,-0.104215615950027,TRUE,0.471504909684917,1.00106566837823,-0.160558146921715,FALSE,0.315771242999075,1.00109100950341,-0.0622924146245827,TRUE,0.581388025339336,1.00116204055526,-0.1933154733933,FALSE,0.414480513988442,1.00098792341316
302,"rand=1-2_rate=2_ROB=L_UH_Bias=Rct-NRE Moderate","1-2",2,"L_UH","Rct-NRE Moderate",0,0.0953101798043249,0.139761942375159,0.048790164169432,0.182321556793955,0.300104592450338,0.100208738910292,0.10206330435076,-0.142546827753824,TRUE,0.630792075414496,1.0011098584556,-0.199809538666387,TRUE,0.511376831601868,1.00102273989349,-0.297683786244578,TRUE,0.844314358066502,1.00117337136933,-0.161309878687631,TRUE,0.730443398728731,1.00098845260871
303,"rand=1-2_rate=2_ROB=L_UH_Bias=Rct-NRE Moderate","1-2",2,"L_UH","Rct-NRE Moderate",0,0.0953101798043249,0.139761942375159,0.048790164169432,0.182321556793955,0.300104592450338,0.11437756845957,0.116144139779838,-0.0338754807756227,TRUE,0.522850771554417,1.00100849323902,-0.107636620019028,TRUE,0.399145961251167,1.00098820816612,-0.0613150652462215,TRUE,0.760972791209516,1.00099683168462,-0.128569815632172,TRUE,0.537354140223219,1.00105095413385
304,"rand=1-2_rate=2_ROB=L_UH_Bias=Rct-NRE Moderate","1-2",2,"L_UH","Rct-NRE Moderate",0,0.0953101798043249,0.139761942375159,0.048790164169432,0.182321556793955,0.300104592450338,0.10702561621257,0.107043080740869,-0.235407385618742,TRUE,0.696801822726751,1.00102682716598,-0.170376780619554,TRUE,0.486753442573465,1.00099880745128,-0.150400197511777,TRUE,0.993690296138621,1.00102328864412,-0.176427180673845,TRUE,0.63118348777923,1.00100868705062
305,"rand=1-2_rate=2_ROB=L_UH_Bias=Rct-NRE Moderate","1-2",2,"L_UH","Rct-NRE Moderate",0,0.0953101798043249,0.139761942375159,0.048790164169432,0.182321556793955,0.300104592450338,0.101120895328228,0.101522478269084,-0.130369075521005,TRUE,0.51439127940018,1.00101394043433,-0.250297444456858,FALSE,0.413273132907852,1.00099609810355,-0.140149347990539,TRUE,0.70146783502049,1.00116549903395,-0.292561180790084,FALSE,0.580177555764414,1.00099751973501
306,"rand=1-2_rate=2_ROB=L_UH_Bias=Rct-NRE Moderate","1-2",2,"L_UH","Rct-NRE Moderate",0,0.0953101798043249,0.139761942375159,0.048790164169432,0.182321556793955,0.300104592450338,0.109397868325107,0.112333998863652,-0.177846987225135,TRUE,0.566198928746954,1.00099027970106,-0.170375892778789,TRUE,0.369628777473689,1.00099002686158,-0.0651737905174021,TRUE,0.733996292427764,1.00100141498577,-0.212878211754675,TRUE,0.471178034555931,1.00099292770298
307,"rand=1-2_rate=2_ROB=L_UH_Bias=Rct-NRE Moderate","1-2",2,"L_UH","Rct-NRE Moderate",0,0.0953101798043249,0.139761942375159,0.048790164169432,0.182321556793955,0.300104592450338,0.0983250381270813,0.0994094543752727,-0.13518828235058,TRUE,0.522515021746129,1.00098695999658,-0.13704182051622,TRUE,0.332028329010219,1.00100099894139,-0.200059832929325,TRUE,0.797473599738189,1.0010152060672,-0.116738531105787,TRUE,0.402910643558156,1.00098598993599
308,"rand=1-2_rate=2_ROB=L_UH_Bias=Rct-NRE Moderate","1-2",2,"L_UH","Rct-NRE Moderate",0,0.0953101798043249,0.139761942375159,0.048790164169432,0.182321556793955,0.300104592450338,0.102079158433862,0.105083051259535,-0.0275842897503262,TRUE,0.514361212646896,1.0010679822532,-0.143571411082066,TRUE,0.466793038839498,1.00101948986509,0.0782251943329577,TRUE,0.497401857174218,1.00115509408926,-0.264579383637641,TRUE,0.797134093767629,1.00098611564768
309,"rand=1-2_rate=2_ROB=L_UH_Bias=Rct-NRE Moderate","1-2",2,"L_UH","Rct-NRE Moderate",0,0.0953101798043249,0.139761942375159,0.048790164169432,0.182321556793955,0.300104592450338,0.0952098927135986,0.0966611784516833,0.0879095094871902,TRUE,0.502026505319882,1.0010084424004,-0.0157952494435776,TRUE,0.43407437544452,1.00098599228603,-0.115814415840551,TRUE,1.01653079640781,1.00098604932198,0.032194702696686,TRUE,0.514503455429634,1.00099823287769
310,"rand=1-2_rate=2_ROB=L_UH_Bias=Rct-NRE Moderate","1-2",2,"L_UH","Rct-NRE Moderate",0,0.0953101798043249,0.139761942375159,0.048790164169432,0.182321556793955,0.300104592450338,0.10248797624594,0.104444472187393,-0.105013244340074,TRUE,0.534700453080002,1.00102149341666,-0.186283566208785,FALSE,0.381795735002314,1.00098903817136,-0.063720888022657,TRUE,0.802500202374911,1.00101778328532,-0.242623075919956,FALSE,0.463792540008669,1.00101157734137
311,"rand=1-2_rate=2_ROB=L_UH_Bias=Rct-NRE Moderate","1-2",2,"L_UH","Rct-NRE Moderate",0,0.0953101798043249,0.139761942375159,0.048790164169432,0.182321556793955,0.300104592450338,0.115842301569056,0.116751618939929,0.000605871484857579,TRUE,0.601196446654752,1.00098795053043,-0.067345083127814,TRUE,0.500059255051498,1.00099746422203,-0.0385615220052706,TRUE,0.852210149182595,1.00098855127305,-0.0866374179744449,TRUE,0.746705465592812,1.00100142603364
312,"rand=1-2_rate=2_ROB=L_UH_Bias=Rct-NRE Moderate","1-2",2,"L_UH","Rct-NRE Moderate",0,0.0953101798043249,0.139761942375159,0.048790164169432,0.182321556793955,0.300104592450338,0.117386871260112,0.118029460441435,-0.0686651172322283,TRUE,0.520211208364298,1.00099201290463,-0.0947568893169033,TRUE,0.391706293576034,1.00100168301287,-0.0391199798592978,TRUE,0.559347325227218,1.0009867867858,-0.12275739644786,TRUE,0.606933327063964,1.00098668771893
313,"rand=1-2_rate=2_ROB=L_UH_Bias=Rct-NRE Moderate","1-2",2,"L_UH","Rct-NRE Moderate",0,0.0953101798043249,0.139761942375159,0.048790164169432,0.182321556793955,0.300104592450338,0.104363370027875,0.105279349986955,-0.10532660106032,TRUE,0.503602490176537,1.00098816025609,-0.216593372200523,FALSE,0.394300220656731,1.00099544927013,-0.0486289958492638,TRUE,0.567956101553101,1.00103199855397,-0.292510193833848,FALSE,0.566790685291432,1.00099636644222
314,"rand=1-2_rate=2_ROB=L_UH_Bias=Rct-NRE Moderate","1-2",2,"L_UH","Rct-NRE Moderate",0,0.0953101798043249,0.139761942375159,0.048790164169432,0.182321556793955,0.300104592450338,0.0943903624176983,0.0949718498860285,-0.0462781036252748,TRUE,0.442268043508472,1.00107386851422,-0.179029356777507,FALSE,0.343961984540448,1.00101030948852,-0.0711390182332519,TRUE,0.87417941296563,1.00105788326554,-0.217336810132265,FALSE,0.405460757881996,1.00098627410512
315,"rand=1-2_rate=2_ROB=L_UH_Bias=Rct-NRE Moderate","1-2",2,"L_UH","Rct-NRE Moderate",0,0.0953101798043249,0.139761942375159,0.048790164169432,0.182321556793955,0.300104592450338,0.0961980381713248,0.0973332987774622,-0.0682213005551264,TRUE,0.474992692482925,1.00099923158781,-0.169692496706005,TRUE,0.383207339902521,1.00098663828374,-0.127851535194818,TRUE,0.588078064842321,1.00100367233926,-0.189450843306195,TRUE,0.570545415096464,1.00098907374192
316,"rand=1-2_rate=2_ROB=L_UH_Bias=Rct-NRE Moderate","1-2",2,"L_UH","Rct-NRE Moderate",0,0.0953101798043249,0.139761942375159,0.048790164169432,0.182321556793955,0.300104592450338,0.107303099856708,0.107866903847188,-0.0976318882976017,TRUE,0.545168577502641,1.0010595208929,-0.122620856307277,TRUE,0.373474564591368,1.00099469865788,-0.320953689674514,TRUE,0.948033650604698,1.00098618470465,-0.0557560217297375,TRUE,0.404438220088267,1.00099809348265
317,"rand=1-2_rate=2_ROB=L_UH_Bias=Rct-NRE Moderate","1-2",2,"L_UH","Rct-NRE Moderate",0,0.0953101798043249,0.139761942375159,0.048790164169432,0.182321556793955,0.300104592450338,0.108643726540199,0.110482762200021,0.0867918359154004,TRUE,0.499530220495771,1.00099873667683,-0.0549050494012324,TRUE,0.501776653864972,1.00101318491745,-0.0363360953668499,TRUE,0.960926257586094,1.00099855119725,-0.0653717492602333,TRUE,0.693722540342081,1.00098874679534
318,"rand=1-2_rate=2_ROB=L_UH_Bias=Rct-NRE Moderate","1-2",2,"L_UH","Rct-NRE Moderate",0,0.0953101798043249,0.139761942375159,0.048790164169432,0.182321556793955,0.300104592450338,0.1070577835837,0.109256768039376,0.0867154703186476,TRUE,0.447660777458819,1.00099626399623,0.00601232555563702,TRUE,0.375232904478486,1.00099897833705,0.12577333593819,TRUE,0.570675248219541,1.00100222872052,-0.0549850243042824,TRUE,0.545594077488798,1.00104640811206
319,"rand=1-2_rate=2_ROB=L_UH_Bias=Rct-NRE Moderate","1-2",2,"L_UH","Rct-NRE Moderate",0,0.0953101798043249,0.139761942375159,0.048790164169432,0.182321556793955,0.300104592450338,0.0980066940096691,0.0994496096801958,-0.0943786669615219,TRUE,0.492953428405197,1.00131922281487,-0.162346493236619,TRUE,0.352752323048295,1.00104898804487,0.0659600476556923,TRUE,0.495022958347258,1.00105360199766,-0.256084944855991,FALSE,0.48340658103728,1.00104760380083
320,"rand=1-2_rate=2_ROB=L_UH_Bias=Rct-NRE Moderate","1-2",2,"L_UH","Rct-NRE Moderate",0,0.0953101798043249,0.139761942375159,0.048790164169432,0.182321556793955,0.300104592450338,0.108842251737848,0.109307166651865,-0.051621879950879,TRUE,0.533232685788195,1.00098606360747,-0.173514903939865,TRUE,0.469861183561808,1.00099216708602,-0.199389921669858,TRUE,1.0086023861053,1.00100211123908,-0.162213144695998,TRUE,0.599864800638051,1.00098630932996
321,"rand=1-2_rate=2_ROB=L_UH_Bias=Rct-NRE Moderate","1-2",2,"L_UH","Rct-NRE Moderate",0,0.0953101798043249,0.139761942375159,0.048790164169432,0.182321556793955,0.300104592450338,0.0997073274180715,0.102134762857421,-0.0552528093539519,TRUE,0.553749661448813,1.00102013608151,-0.113157418774129,TRUE,0.424386254122166,1.00100405578188,0.0397869810458908,TRUE,0.642108229349628,1.00139468636192,-0.188071334867264,TRUE,0.614810129947164,1.00101174940229
322,"rand=1-2_rate=2_ROB=L_UH_Bias=Rct-NRE Moderate","1-2",2,"L_UH","Rct-NRE Moderate",0,0.0953101798043249,0.139761942375159,0.048790164169432,0.182321556793955,0.300104592450338,0.111246001530372,0.112745298366886,0.0116115223738965,TRUE,0.454267160644846,1.00098599385004,-0.0776897206029263,TRUE,0.336536718371871,1.00100460000448,-0.0368310693540901,TRUE,0.67357161407173,1.00107048537486,-0.0924386367216263,TRUE,0.435760574933046,1.00098599147783
323,"rand=1-2_rate=2_ROB=L_UH_Bias=Rct-NRE Moderate","1-2",2,"L_UH","Rct-NRE Moderate",0,0.0953101798043249,0.139761942375159,0.048790164169432,0.182321556793955,0.300104592450338,0.0944015070737572,0.0949761190357914,0.0363309327777775,TRUE,0.453051636670164,1.00101383713903,-0.0387766848253988,TRUE,0.339228557929622,1.00098773223932,0.116523420855131,TRUE,0.708822960932544,1.00099035079637,-0.105825307166187,TRUE,0.395160566701158,1.00101672340766
324,"rand=1-2_rate=2_ROB=L_UH_Bias=Rct-NRE Moderate","1-2",2,"L_UH","Rct-NRE Moderate",0,0.0953101798043249,0.139761942375159,0.048790164169432,0.182321556793955,0.300104592450338,0.101852778359365,0.102792919168763,-0.0731971679357968,TRUE,0.447319369400927,1.00105138831305,-0.0913168821993466,TRUE,0.271867153837127,1.0010187113982,-0.0503207312356435,TRUE,0.547982341867665,1.00116514740961,-0.103998404911728,TRUE,0.362850901771189,1.00098734710029
325,"rand=1-2_rate=2_ROB=L_UH_Bias=Rct-NRE Moderate","1-2",2,"L_UH","Rct-NRE Moderate",0,0.0953101798043249,0.139761942375159,0.048790164169432,0.182321556793955,0.300104592450338,0.103898391998827,0.10452573952109,0.0297665994346203,TRUE,0.451859624219969,1.00099967309651,-0.0370454093767971,TRUE,0.389317061041182,1.00098990101257,0.00811414627376339,TRUE,0.477682492335768,1.00098673783866,-0.0619077920110391,TRUE,0.658242674178368,1.00099032271142
326,"rand=1-2_rate=2_ROB=L_UH_Bias=Rct-NRE Moderate","1-2",2,"L_UH","Rct-NRE Moderate",0,0.0953101798043249,0.139761942375159,0.048790164169432,0.182321556793955,0.300104592450338,0.115642643973944,0.116446066508659,-0.0575419772666863,TRUE,0.567413833417885,1.00098957784571,-0.0981133882993408,TRUE,0.447417044319573,1.00100703485166,-0.306373492612081,TRUE,0.809235832085794,1.00115828285912,-0.00871788924795469,TRUE,0.572849629981719,1.00098855804029
327,"rand=1-2_rate=2_ROB=L_UH_Bias=Rct-NRE Moderate","1-2",2,"L_UH","Rct-NRE Moderate",0,0.0953101798043249,0.139761942375159,0.048790164169432,0.182321556793955,0.300104592450338,0.0994114824183161,0.0998891190737092,-0.143817974369266,TRUE,0.568514506695185,1.00098766007769,-0.187178547585727,TRUE,0.429879627923312,1.00100346756989,-0.291160223228558,TRUE,0.738047873888504,1.00098917630076,-0.142105665299554,TRUE,0.591428408003325,1.00098907821036
328,"rand=1-2_rate=2_ROB=L_UH_Bias=Rct-NRE Moderate","1-2",2,"L_UH","Rct-NRE Moderate",0,0.0953101798043249,0.139761942375159,0.048790164169432,0.182321556793955,0.300104592450338,0.0755653804689981,0.0776474866858463,-0.25684471704066,TRUE,0.65977198642994,1.00107228038321,-0.30457942424145,FALSE,0.482838644704716,1.00098841250775,-0.326460458160072,TRUE,1.07686177151954,1.00099207198093,-0.291531553753366,FALSE,0.611225390726995,1.00107145914634
329,"rand=1-2_rate=2_ROB=L_UH_Bias=Rct-NRE Moderate","1-2",2,"L_UH","Rct-NRE Moderate",0,0.0953101798043249,0.139761942375159,0.048790164169432,0.182321556793955,0.300104592450338,0.096329181893097,0.0976032107190008,-0.0723742971147707,TRUE,0.516416481988785,1.00099584378739,-0.135266743029539,TRUE,0.391253012980715,1.00098604733257,0.0226125319177417,TRUE,0.539647740699956,1.00109713010242,-0.200575486764476,TRUE,0.58073573278532,1.00098873455896
330,"rand=1-2_rate=2_ROB=L_UH_Bias=Rct-NRE Moderate","1-2",2,"L_UH","Rct-NRE Moderate",0,0.0953101798043249,0.139761942375159,0.048790164169432,0.182321556793955,0.300104592450338,0.111486959820489,0.114184597405212,-0.0895636736303156,TRUE,0.640503335324801,1.00099048379212,-0.175156915871411,TRUE,0.539451164168767,1.00099549482426,0.00513018813091015,TRUE,1.08255441967358,1.00101005558615,-0.277534434826422,TRUE,0.653418395414888,1.00105967433642
331,"rand=1-2_rate=2_ROB=L_UH_Bias=Rct-NRE Moderate","1-2",2,"L_UH","Rct-NRE Moderate",0,0.0953101798043249,0.139761942375159,0.048790164169432,0.182321556793955,0.300104592450338,0.103848610433854,0.103858598634461,-0.156603281450063,TRUE,0.480019081732004,1.00118440185554,-0.189540536368102,FALSE,0.26454996808472,1.00099471071388,-0.0276952872917222,TRUE,0.753084750795871,1.00098829023077,-0.222977260595179,FALSE,0.279514167781222,1.00098626999694
332,"rand=1-2_rate=2_ROB=L_UH_Bias=Rct-NRE Moderate","1-2",2,"L_UH","Rct-NRE Moderate",0,0.0953101798043249,0.139761942375159,0.048790164169432,0.182321556793955,0.300104592450338,0.0767057949194957,0.0774294676333523,0.0500101826419128,TRUE,0.517122693961439,1.00100315724185,-0.0364568871065918,TRUE,0.420416071977733,1.00114227916352,-0.0220388071373909,TRUE,0.896798592897275,1.00099217740026,-0.0436399558846869,TRUE,0.536554552966792,1.00100238355245
333,"rand=1-2_rate=2_ROB=L_UH_Bias=Rct-NRE Moderate","1-2",2,"L_UH","Rct-NRE Moderate",0,0.0953101798043249,0.139761942375159,0.048790164169432,0.182321556793955,0.300104592450338,0.100165037766136,0.100460560995007,0.00185010637210636,TRUE,0.543518062149482,1.00098599232711,-0.00943391183980813,TRUE,0.388336509627353,1.00098623611675,-0.00516742074105037,TRUE,0.858649846996132,1.00098607018266,-0.0113008689990433,TRUE,0.491842822374189,1.0010005242801
334,"rand=1-2_rate=2_ROB=L_UH_Bias=Rct-NRE Moderate","1-2",2,"L_UH","Rct-NRE Moderate",0,0.0953101798043249,0.139761942375159,0.048790164169432,0.182321556793955,0.300104592450338,0.113286441871678,0.114065285945288,-0.180913352044274,TRUE,0.515910147064692,1.00101468390074,-0.257910102266015,FALSE,0.449807757349264,1.00098653227611,0.0169437801003572,TRUE,0.654281752933315,1.00109281905522,-0.402302175009259,FALSE,0.597347436061849,1.00099880242353
335,"rand=1-2_rate=2_ROB=L_UH_Bias=Rct-NRE Moderate","1-2",2,"L_UH","Rct-NRE Moderate",0,0.0953101798043249,0.139761942375159,0.048790164169432,0.182321556793955,0.300104592450338,0.108469233860925,0.110556263815326,-0.130068098208894,TRUE,0.535158573758763,1.00112549796408,-0.268228629798363,FALSE,0.488718866543584,1.00098603361732,-0.0592116399834293,TRUE,0.648639156699602,1.00100616056598,-0.388131887796322,FALSE,0.763916838767555,1.00103345372771
336,"rand=1-2_rate=2_ROB=L_UH_Bias=Rct-NRE Moderate","1-2",2,"L_UH","Rct-NRE Moderate",0,0.0953101798043249,0.139761942375159,0.048790164169432,0.182321556793955,0.300104592450338,0.10878911197741,0.10902379390626,0.0340904848527545,TRUE,0.519689916516224,1.00164806193415,-0.0573374007534586,TRUE,0.445305843017337,1.00101356631442,-0.33634482627266,TRUE,0.950687015456709,1.00102888711139,0.0689176003330997,TRUE,0.496449251764089,1.00110943700715
337,"rand=1-2_rate=2_ROB=L_UH_Bias=Rct-NRE Moderate","1-2",2,"L_UH","Rct-NRE Moderate",0,0.0953101798043249,0.139761942375159,0.048790164169432,0.182321556793955,0.300104592450338,0.109791052862909,0.111133870311218,0.034193908405615,TRUE,0.455264610311447,1.00136369353782,-0.0864979649148028,TRUE,0.363884566195975,1.00098654908531,0.173488037182623,TRUE,0.520810861799624,1.00105102784693,-0.185946445868501,TRUE,0.474881085728218,1.00099995423227
338,"rand=1-2_rate=2_ROB=L_UH_Bias=Rct-NRE Moderate","1-2",2,"L_UH","Rct-NRE Moderate",0,0.0953101798043249,0.139761942375159,0.048790164169432,0.182321556793955,0.300104592450338,0.0978727580714407,0.0985482736664464,-0.0879947336017166,TRUE,0.476808562980773,1.00114741476899,-0.088288379637973,TRUE,0.301758219303751,1.00099222560531,-0.0954171323962496,TRUE,0.616553810062736,1.00111212472613,-0.0825117240249127,TRUE,0.396284183801431,1.00099142549736
339,"rand=1-2_rate=2_ROB=L_UH_Bias=Rct-NRE Moderate","1-2",2,"L_UH","Rct-NRE Moderate",0,0.0953101798043249,0.139761942375159,0.048790164169432,0.182321556793955,0.300104592450338,0.0734574949650993,0.0742166665017525,-0.0264592483625725,TRUE,0.549062882487555,1.00112515320791,-0.0730892707729429,TRUE,0.42194988281107,1.00102332535648,-0.136750814971761,TRUE,0.68723857529625,1.00104283188114,-0.0368772627062541,TRUE,0.60348288830569,1.00100305875051
340,"rand=1-2_rate=2_ROB=L_UH_Bias=Rct-NRE Moderate","1-2",2,"L_UH","Rct-NRE Moderate",0,0.0953101798043249,0.139761942375159,0.048790164169432,0.182321556793955,0.300104592450338,0.101137565163295,0.101248828449954,0.0378697151001737,TRUE,0.397460818761067,1.0009859921984,-0.041452188786965,TRUE,0.288651097954707,1.00106400356103,0.0395876350750943,TRUE,0.622766804069295,1.00105481608423,-0.067401742374388,TRUE,0.361289562083632,1.00107220856118
341,"rand=1-2_rate=2_ROB=L_UH_Bias=Rct-NRE Moderate","1-2",2,"L_UH","Rct-NRE Moderate",0,0.0953101798043249,0.139761942375159,0.048790164169432,0.182321556793955,0.300104592450338,0.103873091112261,0.103970247964954,-0.185410298613532,TRUE,0.52868233156781,1.0010694328968,-0.163778524311893,FALSE,0.328820520046105,1.00099033526063,-0.200864812450942,TRUE,0.759976838307823,1.00099819965045,-0.152101132320094,TRUE,0.40552145123192,1.00100049783165
342,"rand=1-2_rate=2_ROB=L_UH_Bias=Rct-NRE Moderate","1-2",2,"L_UH","Rct-NRE Moderate",0,0.0953101798043249,0.139761942375159,0.048790164169432,0.182321556793955,0.300104592450338,0.0999143606318676,0.101926020374675,0.00520295269921178,TRUE,0.539996381122316,1.00104179017976,-0.0400130083258805,TRUE,0.420324927080402,1.00099233430167,0.0232790199760596,TRUE,0.849932428676743,1.00098823994433,-0.0690838433803744,TRUE,0.545349912969895,1.00098897289484
343,"rand=1-2_rate=2_ROB=L_UH_Bias=Rct-NRE Moderate","1-2",2,"L_UH","Rct-NRE Moderate",0,0.0953101798043249,0.139761942375159,0.048790164169432,0.182321556793955,0.300104592450338,0.0972186503209193,0.0989624226716952,0.00495729920285193,TRUE,0.516559787568736,1.00132784265515,-0.0795713848481037,TRUE,0.412569008825236,1.00108376214688,-0.0257095178241786,TRUE,0.720802066997501,1.00105343453264,-0.10337608956165,TRUE,0.57513464010137,1.0009864529221
344,"rand=1-2_rate=2_ROB=L_UH_Bias=Rct-NRE Moderate","1-2",2,"L_UH","Rct-NRE Moderate",0,0.0953101798043249,0.139761942375159,0.048790164169432,0.182321556793955,0.300104592450338,0.10782252691786,0.10982979184731,-0.0428595191026404,TRUE,0.554437843584417,1.00101913501398,-0.0300078515246818,TRUE,0.424859421901466,1.00098602050143,-0.0705709542348258,TRUE,0.701140018710015,1.00098623537454,-0.0114933731878109,TRUE,0.608372238959701,1.00098694520995
345,"rand=1-2_rate=2_ROB=L_UH_Bias=Rct-NRE Moderate","1-2",2,"L_UH","Rct-NRE Moderate",0,0.0953101798043249,0.139761942375159,0.048790164169432,0.182321556793955,0.300104592450338,0.100963794352453,0.103561028085672,0.0864840854667009,TRUE,0.473352255673652,1.00160852018439,-0.0619402894625405,TRUE,0.435513903095,1.00098847637796,0.158157195256376,TRUE,0.562044077176558,1.00111047575597,-0.19472140738248,TRUE,0.656644423376549,1.00099275290433
346,"rand=1-2_rate=2_ROB=L_UH_Bias=Rct-NRE Moderate","1-2",2,"L_UH","Rct-NRE Moderate",0,0.0953101798043249,0.139761942375159,0.048790164169432,0.182321556793955,0.300104592450338,0.100565598085734,0.101637447353674,-0.0688700365701662,TRUE,0.492713194128213,1.00100204515014,-0.134762504808557,TRUE,0.374347020776497,1.00099646847135,-0.131598443693132,TRUE,0.647614282798764,1.00109694967226,-0.133650714079948,TRUE,0.524205993362998,1.00098731204848
347,"rand=1-2_rate=2_ROB=L_UH_Bias=Rct-NRE Moderate","1-2",2,"L_UH","Rct-NRE Moderate",0,0.0953101798043249,0.139761942375159,0.048790164169432,0.182321556793955,0.300104592450338,0.106419102853313,0.107469384550152,-0.0404006405856197,TRUE,0.457279018652745,1.00103340500187,-0.117433777994092,TRUE,0.316915515241275,1.00102778089412,-0.102482926113586,TRUE,0.628395857069936,1.00109121336784,-0.122866030444703,TRUE,0.414451748576397,1.00101596646932
348,"rand=1-2_rate=2_ROB=L_UH_Bias=Rct-NRE Moderate","1-2",2,"L_UH","Rct-NRE Moderate",0,0.0953101798043249,0.139761942375159,0.048790164169432,0.182321556793955,0.300104592450338,0.105702569940047,0.107382927309199,-0.199912613276939,TRUE,0.690856945149123,1.00100902002261,-0.298295355248249,FALSE,0.508124962127415,1.00102010188735,-0.0170895225991048,TRUE,0.80515798149441,1.00127898890109,-0.451337134123864,FALSE,0.669292163375047,1.00100395431505
349,"rand=1-2_rate=2_ROB=L_UH_Bias=Rct-NRE Moderate","1-2",2,"L_UH","Rct-NRE Moderate",0,0.0953101798043249,0.139761942375159,0.048790164169432,0.182321556793955,0.300104592450338,0.107565353033772,0.109622233465769,-0.0129471171457747,TRUE,0.501520697237023,1.00099220695426,-0.101027034358158,TRUE,0.447695238104219,1.00098962560058,-0.00534290009918093,TRUE,0.995775274737601,1.00099032411983,-0.151070740969807,TRUE,0.520804858530146,1.00107859181707
350,"rand=1-2_rate=2_ROB=L_UH_Bias=Rct-NRE Moderate","1-2",2,"L_UH","Rct-NRE Moderate",0,0.0953101798043249,0.139761942375159,0.048790164169432,0.182321556793955,0.300104592450338,0.0923377131597914,0.0925847554582103,-0.105785824156982,TRUE,0.475539943880577,1.00098828220627,-0.136865624064508,TRUE,0.313205880416076,1.00103981413629,-0.231805967929749,TRUE,0.812388560999217,1.00101926467259,-0.111464638524404,TRUE,0.366456441134561,1.00114438970286
351,"rand=1-2_rate=2_ROB=L_UH_Bias=Rct-NRE Moderate","1-2",2,"L_UH","Rct-NRE Moderate",0,0.0953101798043249,0.139761942375159,0.048790164169432,0.182321556793955,0.300104592450338,0.112778009457756,0.114991477909719,-0.0655524518400372,TRUE,0.576243253931511,1.00101267886793,-0.186947615512789,TRUE,0.497354322402887,1.00105179028082,-0.247032133747218,TRUE,0.898841675371721,1.00107720324096,-0.156517087750828,TRUE,0.702610418448043,1.00098668793188
352,"rand=1-2_rate=2_ROB=L_UH_Bias=Rct-NRE Moderate","1-2",2,"L_UH","Rct-NRE Moderate",0,0.0953101798043249,0.139761942375159,0.048790164169432,0.182321556793955,0.300104592450338,0.0989583939032403,0.0994958337224832,-0.0341724004183694,TRUE,0.434359699876444,1.00127469277019,-0.0916755751007432,TRUE,0.3038732756037,1.00098613310613,-0.254034952569577,TRUE,0.878800638511159,1.00116769588734,-0.0493497067434208,TRUE,0.337146569281793,1.00101105624358
353,"rand=1-2_rate=2_ROB=L_UH_Bias=Rct-NRE Moderate","1-2",2,"L_UH","Rct-NRE Moderate",0,0.0953101798043249,0.139761942375159,0.048790164169432,0.182321556793955,0.300104592450338,0.104889365981787,0.106658829645238,-0.256919961231325,TRUE,0.586415271394333,1.00098770164364,-0.266087298964202,FALSE,0.373986431587923,1.00099464185939,-0.281095409677854,TRUE,0.825524017829404,1.00098631019409,-0.260738971171474,FALSE,0.474516167081019,1.00098629134609
354,"rand=1-2_rate=2_ROB=L_UH_Bias=Rct-NRE Moderate","1-2",2,"L_UH","Rct-NRE Moderate",0,0.0953101798043249,0.139761942375159,0.048790164169432,0.182321556793955,0.300104592450338,0.101865714442626,0.103913568151716,-0.00974573473746765,TRUE,0.47438162160989,1.00112165544987,-0.0801854521738146,TRUE,0.377303481576206,1.00099540406476,-0.084382032018812,TRUE,0.591481600536316,1.00111124486294,-0.078385289046804,TRUE,0.55268251048645,1.00098611457013
355,"rand=1-2_rate=2_ROB=L_UH_Bias=Rct-NRE Moderate","1-2",2,"L_UH","Rct-NRE Moderate",0,0.0953101798043249,0.139761942375159,0.048790164169432,0.182321556793955,0.300104592450338,0.111265353656579,0.112053721841062,-0.0831526954004551,TRUE,0.491877268598952,1.00107531756764,-0.142477113720889,TRUE,0.340074514931638,1.0009905333966,-0.417095189034657,FALSE,0.866762712748421,1.00100346608227,-0.066361040356562,TRUE,0.357184803930304,1.00100729858159
356,"rand=1-2_rate=2_ROB=L_UH_Bias=Rct-NRE Moderate","1-2",2,"L_UH","Rct-NRE Moderate",0,0.0953101798043249,0.139761942375159,0.048790164169432,0.182321556793955,0.300104592450338,0.102506222913352,0.103387533282997,0.0281168726343962,TRUE,0.516469137009095,1.00098769865568,-0.0287935874358425,TRUE,0.414350564048457,1.00101868499282,-0.0781039914846819,TRUE,0.682208981883354,1.00113339536395,0.00240531424435897,TRUE,0.595300091181416,1.00099942735568
357,"rand=1-2_rate=2_ROB=L_UH_Bias=Rct-NRE Moderate","1-2",2,"L_UH","Rct-NRE Moderate",0,0.0953101798043249,0.139761942375159,0.048790164169432,0.182321556793955,0.300104592450338,0.096420225419772,0.101209393943346,0.0619635736471258,TRUE,0.472497627779951,1.00114675565358,-0.11366351679187,TRUE,0.500648263375664,1.00101460350952,0.167148963426889,TRUE,0.459224724590482,1.00099985631467,-0.322130229516465,TRUE,0.871191521535029,1.00098899392616
358,"rand=1-2_rate=2_ROB=L_UH_Bias=Rct-NRE Moderate","1-2",2,"L_UH","Rct-NRE Moderate",0,0.0953101798043249,0.139761942375159,0.048790164169432,0.182321556793955,0.300104592450338,0.0997206837071234,0.10086281667527,-0.0791863378993243,TRUE,0.498135292011154,1.00105123753925,-0.0720925967308765,TRUE,0.312463070930489,1.00103463127629,-0.0469734131623794,TRUE,0.616943000386398,1.00101187982758,-0.0795830734795611,TRUE,0.408675800400574,1.00098921300855
359,"rand=1-2_rate=2_ROB=L_UH_Bias=Rct-NRE Moderate","1-2",2,"L_UH","Rct-NRE Moderate",0,0.0953101798043249,0.139761942375159,0.048790164169432,0.182321556793955,0.300104592450338,0.0924296678460414,0.0940485293349728,-0.189210976887848,TRUE,0.494615471017525,1.00100908883185,-0.19209941912466,FALSE,0.323715385883105,1.00112617539428,-0.206104489111075,TRUE,0.578181189434931,1.00123201342507,-0.186822003437525,TRUE,0.45317690294875,1.00098631534523
360,"rand=1-2_rate=2_ROB=L_UH_Bias=Rct-NRE Moderate","1-2",2,"L_UH","Rct-NRE Moderate",0,0.0953101798043249,0.139761942375159,0.048790164169432,0.182321556793955,0.300104592450338,0.0979669752401663,0.0991037411242166,-0.301972336594021,FALSE,0.607040825793354,1.00098746958785,-0.383243510442024,FALSE,0.442601055493457,1.00105523623166,-0.244563568124075,TRUE,0.747972685506453,1.00098606746032,-0.437569388747307,FALSE,0.612552155392866,1.00101742970096
361,"rand=1-2_rate=2_ROB=L_UH_Bias=Rct-NRE Moderate","1-2",2,"L_UH","Rct-NRE Moderate",0,0.0953101798043249,0.139761942375159,0.048790164169432,0.182321556793955,0.300104592450338,0.117145037590289,0.118247173862864,-0.08851046940513,TRUE,0.408496910973175,1.00108975654272,-0.136615077568255,FALSE,0.202042551081737,1.00098901831553,-0.0273796698951785,TRUE,0.690513557180996,1.00101346483951,-0.149370648747566,FALSE,0.220902860079613,1.00101981006624
362,"rand=1-2_rate=2_ROB=L_UH_Bias=Rct-NRE Moderate","1-2",2,"L_UH","Rct-NRE Moderate",0,0.0953101798043249,0.139761942375159,0.048790164169432,0.182321556793955,0.300104592450338,0.0964835105439485,0.103432084872353,0.0950175909365666,TRUE,0.394168487412365,1.00098656420694,0.0340984776445322,TRUE,0.28012110105804,1.00098599758231,0.0799502794001815,TRUE,0.514394314378234,1.0011109752942,0.0192902909334095,TRUE,0.382051763528373,1.00101124622765
363,"rand=1-2_rate=2_ROB=L_UH_Bias=Rct-NRE Moderate","1-2",2,"L_UH","Rct-NRE Moderate",0,0.0953101798043249,0.139761942375159,0.048790164169432,0.182321556793955,0.300104592450338,0.108345920330397,0.108694105561687,-0.237581149100003,TRUE,0.632594444513632,1.00118855885206,-0.260682607634293,FALSE,0.493154032549674,1.00100538503512,-0.303939079367404,TRUE,0.712114459787315,1.00103369640811,-0.247342337304279,TRUE,0.757381966441967,1.00098599062714
364,"rand=1-2_rate=2_ROB=L_UH_Bias=Rct-NRE Moderate","1-2",2,"L_UH","Rct-NRE Moderate",0,0.0953101798043249,0.139761942375159,0.048790164169432,0.182321556793955,0.300104592450338,0.0946841407971788,0.0961918471721454,-0.137904516534831,TRUE,0.492840338224208,1.00098714919504,-0.171744747271004,FALSE,0.334430252543421,1.00098656075795,0.00898207107225679,TRUE,0.477573756632078,1.00111236892191,-0.242574380885287,FALSE,0.488994922086114,1.00098603372363
365,"rand=1-2_rate=2_ROB=L_UH_Bias=Rct-NRE Moderate","1-2",2,"L_UH","Rct-NRE Moderate",0,0.0953101798043249,0.139761942375159,0.048790164169432,0.182321556793955,0.300104592450338,0.111083732171765,0.112280109904282,-0.147385007807059,TRUE,0.544402983361231,1.00101411971216,-0.171440249774422,TRUE,0.453632481691217,1.00102615837248,-0.179692356421375,TRUE,0.622880559876497,1.00186557155956,-0.161095792270045,TRUE,0.714284691397392,1.00098678950386
366,"rand=1-2_rate=2_ROB=L_UH_Bias=Rct-NRE Moderate","1-2",2,"L_UH","Rct-NRE Moderate",0,0.0953101798043249,0.139761942375159,0.048790164169432,0.182321556793955,0.300104592450338,0.114051266491329,0.114542961340912,-0.105853960735227,TRUE,0.469441053789543,1.00098602132121,-0.116555255011823,TRUE,0.304879874748491,1.00098925566566,-0.310176024574338,FALSE,0.611994678392246,1.00202759732114,-0.0595860083200792,TRUE,0.390358045539614,1.00099193611558
367,"rand=1-2_rate=2_ROB=L_UH_Bias=Rct-NRE Moderate","1-2",2,"L_UH","Rct-NRE Moderate",0,0.0953101798043249,0.139761942375159,0.048790164169432,0.182321556793955,0.300104592450338,0.104537084188514,0.10608498912702,-0.13267238689801,TRUE,0.512032938919044,1.00108154322852,-0.259356055019453,FALSE,0.44431785765513,1.00106374408036,-0.0383384669322555,TRUE,0.58674443717814,1.00106754043741,-0.375617500711394,FALSE,0.655717918665494,1.00098807400005
368,"rand=1-2_rate=2_ROB=L_UH_Bias=Rct-NRE Moderate","1-2",2,"L_UH","Rct-NRE Moderate",0,0.0953101798043249,0.139761942375159,0.048790164169432,0.182321556793955,0.300104592450338,0.0910477923509267,0.0926044095156265,-0.244683335187774,TRUE,0.641427511856514,1.00105445508033,-0.24777179812877,FALSE,0.434166970189545,1.00098601589265,-0.599824193424765,FALSE,1.01041468944738,1.0010562122242,-0.127658081071943,TRUE,0.458650413827975,1.00099431017773
369,"rand=1-2_rate=2_ROB=L_UH_Bias=Rct-NRE Moderate","1-2",2,"L_UH","Rct-NRE Moderate",0,0.0953101798043249,0.139761942375159,0.048790164169432,0.182321556793955,0.300104592450338,0.0988205047416702,0.100444723020268,-0.209774118027115,TRUE,0.580678646155962,1.00144464384462,-0.261011955058245,FALSE,0.457283075803847,1.00101120803886,-0.29606839390524,TRUE,0.719123943610805,1.00108998969132,-0.242680285414583,TRUE,0.682531809802447,1.00100649419451
370,"rand=1-2_rate=2_ROB=L_UH_Bias=Rct-NRE Moderate","1-2",2,"L_UH","Rct-NRE Moderate",0,0.0953101798043249,0.139761942375159,0.048790164169432,0.182321556793955,0.300104592450338,0.104921472592106,0.104921472592106,-0.0626015051340751,TRUE,0.509176957881445,1.00105382604597,-0.16992652867319,TRUE,0.419273422870681,1.00113438633222,-0.12783383245599,TRUE,0.794095291224681,1.00098845309378,-0.187125654731419,TRUE,0.570860200572393,1.00101940026937
371,"rand=1-2_rate=2_ROB=L_UH_Bias=Rct-NRE Moderate","1-2",2,"L_UH","Rct-NRE Moderate",0,0.0953101798043249,0.139761942375159,0.048790164169432,0.182321556793955,0.300104592450338,0.100087353898513,0.100920675696376,-0.0381342139582812,TRUE,0.465704085813264,1.00098795586187,-0.117301524966283,TRUE,0.35048747742627,1.00098638259578,-0.175634581434034,TRUE,0.66173834745341,1.00098761291509,-0.0975593170717368,TRUE,0.472870873203198,1.00105020765692
372,"rand=1-2_rate=2_ROB=L_UH_Bias=Rct-NRE Moderate","1-2",2,"L_UH","Rct-NRE Moderate",0,0.0953101798043249,0.139761942375159,0.048790164169432,0.182321556793955,0.300104592450338,0.0947678611952808,0.096060740499701,-0.193985629150862,TRUE,0.545638556700145,1.00099510039671,-0.284781315399375,FALSE,0.43044661700114,1.00100263809367,-0.233350007868986,TRUE,0.623861641583437,1.00124879719636,-0.302212932577859,FALSE,0.669229765207067,1.00098675786266
373,"rand=1-2_rate=2_ROB=L_UH_Bias=Rct-NRE Moderate","1-2",2,"L_UH","Rct-NRE Moderate",0,0.0953101798043249,0.139761942375159,0.048790164169432,0.182321556793955,0.300104592450338,0.102007339388803,0.10412116686782,-0.0398448415399415,TRUE,0.450212366665575,1.00127278119625,-0.0666849228768487,TRUE,0.317475648255834,1.00098800864956,-0.0387483029455633,TRUE,0.523769410847521,1.00116551402038,-0.0733322774989962,TRUE,0.462550210751546,1.00102589439615
374,"rand=1-2_rate=2_ROB=L_UH_Bias=Rct-NRE Moderate","1-2",2,"L_UH","Rct-NRE Moderate",0,0.0953101798043249,0.139761942375159,0.048790164169432,0.182321556793955,0.300104592450338,0.104889923250627,0.110009208880373,-0.0393936322230122,TRUE,0.503297784922804,1.00116302593709,-0.105038104969013,TRUE,0.447305360571908,1.00098714853879,-0.016395171154826,TRUE,0.512455872175337,1.00121352486147,-0.151877410107248,TRUE,0.778039792419249,1.00100353459489
375,"rand=1-2_rate=2_ROB=L_UH_Bias=Rct-NRE Moderate","1-2",2,"L_UH","Rct-NRE Moderate",0,0.0953101798043249,0.139761942375159,0.048790164169432,0.182321556793955,0.300104592450338,0.118808291917904,0.119042717334152,-0.00398704381910608,TRUE,0.505763321415031,1.00121013916437,-0.0853108547322283,TRUE,0.378381824309676,1.00099391037868,0.0668090458157676,TRUE,0.583896105135884,1.00131905861369,-0.159760282344867,TRUE,0.536952498673563,1.001010790695
376,"rand=1-2_rate=2_ROB=L_UH_Bias=Rct-NRE Moderate","1-2",2,"L_UH","Rct-NRE Moderate",0,0.0953101798043249,0.139761942375159,0.048790164169432,0.182321556793955,0.300104592450338,0.111887310809075,0.112942177318659,-0.0162149119445072,TRUE,0.38254592732196,1.00109687088194,-0.157565617055717,TRUE,0.350620227351434,1.0014028005742,0.089697061519414,TRUE,0.493216154611864,1.00102085831155,-0.264488941379712,FALSE,0.480890155608638,1.00102867017036
377,"rand=1-2_rate=2_ROB=L_UH_Bias=Rct-NRE Moderate","1-2",2,"L_UH","Rct-NRE Moderate",0,0.0953101798043249,0.139761942375159,0.048790164169432,0.182321556793955,0.300104592450338,0.10430500351454,0.1046613309261,-0.060112565983222,TRUE,0.445598211680713,1.00135383949262,-0.0865620161819776,TRUE,0.298113729046047,1.0009912550278,-0.104962728096472,TRUE,0.581861676983391,1.00115097807915,-0.081085692098315,TRUE,0.402728770967076,1.00098746766129
378,"rand=1-2_rate=2_ROB=L_UH_Bias=Rct-NRE Moderate","1-2",2,"L_UH","Rct-NRE Moderate",0,0.0953101798043249,0.139761942375159,0.048790164169432,0.182321556793955,0.300104592450338,0.0900817832650428,0.0912139378116403,-0.0278074532591019,TRUE,0.468627714862903,1.00098844807985,-0.103286227311282,TRUE,0.337976027194978,1.00103609208789,0.0811262976328005,TRUE,0.47530211536781,1.00106702426676,-0.180872460448732,TRUE,0.485324434689996,1.00099182406002
379,"rand=1-2_rate=2_ROB=L_UH_Bias=Rct-NRE Moderate","1-2",2,"L_UH","Rct-NRE Moderate",0,0.0953101798043249,0.139761942375159,0.048790164169432,0.182321556793955,0.300104592450338,0.0914549827237712,0.0930877653460211,-0.142759902325946,TRUE,0.481447725695519,1.00098693235315,-0.222234762944996,FALSE,0.319286252986011,1.00098813285528,-0.063533705460201,TRUE,0.550795647504877,1.00109075328968,-0.272920381225506,FALSE,0.440293031509696,1.00099213335436
380,"rand=1-2_rate=2_ROB=L_UH_Bias=Rct-NRE Moderate","1-2",2,"L_UH","Rct-NRE Moderate",0,0.0953101798043249,0.139761942375159,0.048790164169432,0.182321556793955,0.300104592450338,0.0951042204990572,0.0964003357611683,-0.133263839833851,TRUE,0.510544122404108,1.00104227995473,-0.171329160102703,FALSE,0.333849452817564,1.00103508346441,0.03285165080277,TRUE,0.530866923086033,1.00106140156983,-0.245889549128306,FALSE,0.441765775323207,1.000986077469
381,"rand=1-2_rate=2_ROB=L_UH_Bias=Rct-NRE Moderate","1-2",2,"L_UH","Rct-NRE Moderate",0,0.0953101798043249,0.139761942375159,0.048790164169432,0.182321556793955,0.300104592450338,0.104839445999501,0.105652851508834,-0.136427093330214,TRUE,0.525773927165879,1.0010482273306,-0.28703249969763,FALSE,0.479188694637879,1.0009859992482,-0.0373764106959833,TRUE,0.580381583812946,1.00202956507531,-0.421498960245891,FALSE,0.746948956766468,1.00100362608671
382,"rand=1-2_rate=2_ROB=L_UH_Bias=Rct-NRE Moderate","1-2",2,"L_UH","Rct-NRE Moderate",0,0.0953101798043249,0.139761942375159,0.048790164169432,0.182321556793955,0.300104592450338,0.113399906006958,0.114949052345059,0.0469979624483395,TRUE,0.478196160779352,1.00099350477373,-0.0621973361797596,TRUE,0.390473472621786,1.00098599115434,0.00653642619351513,TRUE,0.726483480893317,1.00099182999223,-0.0950906856182281,TRUE,0.534770412570349,1.00107983229419
383,"rand=1-2_rate=2_ROB=L_UH_Bias=Rct-NRE Moderate","1-2",2,"L_UH","Rct-NRE Moderate",0,0.0953101798043249,0.139761942375159,0.048790164169432,0.182321556793955,0.300104592450338,0.100675891296373,0.101221971910337,-0.203895719636898,TRUE,0.60282892698452,1.0010073995702,-0.248079540899546,FALSE,0.432490892695117,1.00098794466348,-0.112777097067956,TRUE,0.656894628305578,1.00103179539725,-0.308683486284134,FALSE,0.641593644818137,1.00105279215815
384,"rand=1-2_rate=2_ROB=L_UH_Bias=Rct-NRE Moderate","1-2",2,"L_UH","Rct-NRE Moderate",0,0.0953101798043249,0.139761942375159,0.048790164169432,0.182321556793955,0.300104592450338,0.107957251890852,0.110336369181712,0.031088174996917,TRUE,0.469982341635232,1.00107510215179,-0.0737362247180364,TRUE,0.405416701554751,1.00098629122187,0.0874907526692774,TRUE,0.52156495807312,1.00099123459624,-0.157509577743509,TRUE,0.642461293699472,1.00108156796391
385,"rand=1-2_rate=2_ROB=L_UH_Bias=Rct-NRE Moderate","1-2",2,"L_UH","Rct-NRE Moderate",0,0.0953101798043249,0.139761942375159,0.048790164169432,0.182321556793955,0.300104592450338,0.102900660591056,0.10295892391124,-0.210142095667463,TRUE,0.624882432443472,1.00108553436617,-0.274114151013377,FALSE,0.477822547832141,1.00099840234239,-0.102993969064919,TRUE,1.04952758780838,1.00098614114022,-0.342773311895097,FALSE,0.560245819894671,1.00099491336633
386,"rand=1-2_rate=2_ROB=L_UH_Bias=Rct-NRE Moderate","1-2",2,"L_UH","Rct-NRE Moderate",0,0.0953101798043249,0.139761942375159,0.048790164169432,0.182321556793955,0.300104592450338,0.0804722274465745,0.0812885788482847,-0.0556228648934136,TRUE,0.492386410574616,1.000992736767,-0.0257818614528844,TRUE,0.312637750773699,1.00099090151411,-0.0920579562346906,TRUE,0.646138952010616,1.00118875007439,-0.00228464012480556,TRUE,0.404427419304385,1.00109505685122
387,"rand=1-2_rate=2_ROB=L_UH_Bias=Rct-NRE Moderate","1-2",2,"L_UH","Rct-NRE Moderate",0,0.0953101798043249,0.139761942375159,0.048790164169432,0.182321556793955,0.300104592450338,0.102217424819747,0.102881804844322,-0.168672418800283,TRUE,0.518958924699455,1.00099557125032,-0.188389136918186,FALSE,0.380597278850624,1.00099084747168,-0.191813230729069,TRUE,0.623781939700657,1.00174794097935,-0.188321811381919,TRUE,0.546361959509249,1.00099288557403
388,"rand=1-2_rate=2_ROB=L_UH_Bias=Rct-NRE Moderate","1-2",2,"L_UH","Rct-NRE Moderate",0,0.0953101798043249,0.139761942375159,0.048790164169432,0.182321556793955,0.300104592450338,0.106057289406108,0.10626584642496,-0.0848169370318972,TRUE,0.558809316970615,1.00105463671348,-0.115652226844286,TRUE,0.455991343559807,1.00099257517287,-0.0728107788349506,TRUE,0.619202327240921,1.00098599656145,-0.145038428967863,TRUE,0.72919430074285,1.00098629337425
389,"rand=1-2_rate=2_ROB=L_UH_Bias=Rct-NRE Moderate","1-2",2,"L_UH","Rct-NRE Moderate",0,0.0953101798043249,0.139761942375159,0.048790164169432,0.182321556793955,0.300104592450338,0.104714813280066,0.106543347515588,-0.132201005524392,TRUE,0.582067803624417,1.00099774519196,-0.149359292791422,TRUE,0.411519366264055,1.00099197327822,0.0667249315461623,TRUE,0.595387602005646,1.00098648586714,-0.256995326545074,TRUE,0.585357394127756,1.00102064278101
390,"rand=1-2_rate=2_ROB=L_UH_Bias=Rct-NRE Moderate","1-2",2,"L_UH","Rct-NRE Moderate",0,0.0953101798043249,0.139761942375159,0.048790164169432,0.182321556793955,0.300104592450338,0.0977499249224171,0.100612471782751,-0.0566196066370861,TRUE,0.388754183154502,1.0010040961185,-0.0941153796387144,FALSE,0.188811194567297,1.00122281712922,-0.070442705397338,TRUE,0.630439884710891,1.00098654680124,-0.0976660276898351,FALSE,0.206244690431818,1.00101586218218
391,"rand=1-2_rate=2_ROB=L_UH_Bias=Rct-NRE Moderate","1-2",2,"L_UH","Rct-NRE Moderate",0,0.0953101798043249,0.139761942375159,0.048790164169432,0.182321556793955,0.300104592450338,0.111432492295512,0.111985281619135,-0.0341820891563371,TRUE,0.439247915041292,1.00107674458697,-0.112804018721043,TRUE,0.312412934311859,1.00103488098101,0.0121389698353733,TRUE,0.485807896238371,1.00122482302499,-0.155567286378645,TRUE,0.447510967398327,1.00101367347926
392,"rand=1-2_rate=2_ROB=L_UH_Bias=Rct-NRE Moderate","1-2",2,"L_UH","Rct-NRE Moderate",0,0.0953101798043249,0.139761942375159,0.048790164169432,0.182321556793955,0.300104592450338,0.101653256054265,0.102307438854703,-0.138324699337915,TRUE,0.545857704767193,1.00100973824291,-0.151054081998102,TRUE,0.393657654136878,1.00101956210937,-0.0485909939473164,TRUE,0.914652581286018,1.00115215428175,-0.191629533555364,TRUE,0.463120025644051,1.00098819741069
393,"rand=1-2_rate=2_ROB=L_UH_Bias=Rct-NRE Moderate","1-2",2,"L_UH","Rct-NRE Moderate",0,0.0953101798043249,0.139761942375159,0.048790164169432,0.182321556793955,0.300104592450338,0.103469500948481,0.103877249470554,-0.117477896644485,TRUE,0.48175274760251,1.00103586436127,-0.185236640629381,FALSE,0.352484294342748,1.00101624825732,-0.245002035879804,TRUE,0.646175022694008,1.00116622408421,-0.166922159518937,TRUE,0.489494143587915,1.00100229976673
394,"rand=1-2_rate=2_ROB=L_UH_Bias=Rct-NRE Moderate","1-2",2,"L_UH","Rct-NRE Moderate",0,0.0953101798043249,0.139761942375159,0.048790164169432,0.182321556793955,0.300104592450338,0.0909888231957807,0.0924760416278341,-0.124210268562169,TRUE,0.5073543746941,1.00115421082534,-0.160643046821211,FALSE,0.353638566603937,1.00099250486664,-0.306390079182788,TRUE,0.761529452199367,1.00098877906215,-0.117430765867481,TRUE,0.444966390630766,1.00098906189097
395,"rand=1-2_rate=2_ROB=L_UH_Bias=Rct-NRE Moderate","1-2",2,"L_UH","Rct-NRE Moderate",0,0.0953101798043249,0.139761942375159,0.048790164169432,0.182321556793955,0.300104592450338,0.0981318334970431,0.0995869358623153,0.0702431973250988,TRUE,0.468596479609415,1.00098602167913,-0.0310019690212446,TRUE,0.40473851992561,1.00102128121208,0.136948985206106,TRUE,0.52001682450678,1.00100559850938,-0.123641512677268,TRUE,0.624371871570861,1.0009898277407
396,"rand=1-2_rate=2_ROB=L_UH_Bias=Rct-NRE Moderate","1-2",2,"L_UH","Rct-NRE Moderate",0,0.0953101798043249,0.139761942375159,0.048790164169432,0.182321556793955,0.300104592450338,0.0945115055148966,0.095111223804302,-0.344408736147193,FALSE,0.633779369257051,1.00115171335682,-0.311442511938687,FALSE,0.432209993994659,1.00100426095763,-0.344488435586613,FALSE,0.778632966552053,1.000988356862,-0.297009008738468,FALSE,0.595956814227598,1.00100008358968
397,"rand=1-2_rate=2_ROB=L_UH_Bias=Rct-NRE Moderate","1-2",2,"L_UH","Rct-NRE Moderate",0,0.0953101798043249,0.139761942375159,0.048790164169432,0.182321556793955,0.300104592450338,0.108689724922373,0.110523259248724,-0.141094896637272,TRUE,0.514989137561212,1.00103071229539,-0.153831876357131,TRUE,0.330545279900424,1.00100707441642,0.00189526875395685,TRUE,0.668659214134202,1.00129492563558,-0.201606737613458,FALSE,0.417840771512129,1.00098637852842
398,"rand=1-2_rate=2_ROB=L_UH_Bias=Rct-NRE Moderate","1-2",2,"L_UH","Rct-NRE Moderate",0,0.0953101798043249,0.139761942375159,0.048790164169432,0.182321556793955,0.300104592450338,0.103849639906093,0.104410021708803,-0.0532661717028551,TRUE,0.51927312417707,1.00102066056469,-0.19010779565332,TRUE,0.423948752919478,1.00101875353522,0.0841902307876987,TRUE,0.591659442573854,1.00101234461726,-0.327309245692216,FALSE,0.56802019288225,1.00098768798808
399,"rand=1-2_rate=2_ROB=L_UH_Bias=Rct-NRE Moderate","1-2",2,"L_UH","Rct-NRE Moderate",0,0.0953101798043249,0.139761942375159,0.048790164169432,0.182321556793955,0.300104592450338,0.11111160224405,0.112359311673899,-0.143674488923059,TRUE,0.562166320282267,1.0009879846357,-0.2380232078468,FALSE,0.473210831882075,1.00098980098419,-0.0976277370436294,TRUE,0.554877432753708,1.00103005667769,-0.310406688907829,TRUE,0.802007716003995,1.00101537057315
400,"rand=1-2_rate=2_ROB=L_UH_Bias=Rct-NRE Moderate","1-2",2,"L_UH","Rct-NRE Moderate",0,0.0953101798043249,0.139761942375159,0.048790164169432,0.182321556793955,0.300104592450338,0.10597807175308,0.106062894201979,-0.0118704938770713,TRUE,0.498942798605113,1.00101864274565,-0.115045675913584,TRUE,0.393680495516591,1.00099599748568,-0.0548364709785736,TRUE,0.701474793955167,1.00108033759761,-0.143454786207279,TRUE,0.553135104685311,1.00099007105019
401,"rand=1-2_rate=2_ROB=L_UH_Bias=Rct-NRE Moderate","1-2",2,"L_UH","Rct-NRE Moderate",0,0.0953101798043249,0.139761942375159,0.048790164169432,0.182321556793955,0.300104592450338,0.116104507842257,0.119399999478709,-0.00796858711584081,TRUE,0.421184458900574,1.0010684664286,-0.112556490085213,TRUE,0.32316243014125,1.00099681829851,0.0558521830577944,TRUE,0.573210311377334,1.00121010191846,-0.169420521759202,TRUE,0.425539460927322,1.00098623624725
402,"rand=1-2_rate=2_ROB=L_UH_Bias=Rct-NRE Moderate","1-2",2,"L_UH","Rct-NRE Moderate",0,0.0953101798043249,0.139761942375159,0.048790164169432,0.182321556793955,0.300104592450338,0.11380095486889,0.114792755557294,-0.133633084178982,TRUE,0.605475410512286,1.0009860048086,-0.179470147157458,TRUE,0.463380666681638,1.00098671123053,-0.163417199584641,TRUE,0.813893863487176,1.00098853663431,-0.187857088984761,TRUE,0.646259350264956,1.0009888902301
403,"rand=1-2_rate=2_ROB=L_UH_Bias=Rct-NRE Moderate","1-2",2,"L_UH","Rct-NRE Moderate",0,0.0953101798043249,0.139761942375159,0.048790164169432,0.182321556793955,0.300104592450338,0.0917945189438556,0.0930791920105871,-0.165310565685385,TRUE,0.62102191368999,1.00106495002961,-0.26013307516355,FALSE,0.482929979207567,1.00098653410862,-0.114408850774763,TRUE,0.761724439376627,1.00099714040364,-0.335456789739544,FALSE,0.702137223279133,1.00101661587693
404,"rand=1-2_rate=2_ROB=L_UH_Bias=Rct-NRE Moderate","1-2",2,"L_UH","Rct-NRE Moderate",0,0.0953101798043249,0.139761942375159,0.048790164169432,0.182321556793955,0.300104592450338,0.102528238634646,0.102580623687914,-0.0618609569788315,TRUE,0.514377328594486,1.00102946333778,-0.156089742961414,TRUE,0.459489669470903,1.0010014818694,0.058596310461513,TRUE,0.753494833058873,1.00107336560312,-0.273598545847551,FALSE,0.627606119804738,1.00099311662264
405,"rand=1-2_rate=2_ROB=L_UH_Bias=Rct-NRE Moderate","1-2",2,"L_UH","Rct-NRE Moderate",0,0.0953101798043249,0.139761942375159,0.048790164169432,0.182321556793955,0.300104592450338,0.0969668331789515,0.0988981031406576,0.084725799769214,TRUE,0.364261457370458,1.0009922737465,0.0119260185759292,TRUE,0.263788502771214,1.00102224460023,0.0443198180375689,TRUE,0.552292733825437,1.00167296936748,0.00352895431468214,TRUE,0.336328005705524,1.00098783150579
406,"rand=1-2_rate=2_ROB=L_UH_Bias=Rct-NRE Moderate","1-2",2,"L_UH","Rct-NRE Moderate",0,0.0953101798043249,0.139761942375159,0.048790164169432,0.182321556793955,0.300104592450338,0.106299753065426,0.106358877277684,-0.0246715945867033,TRUE,0.447104761882012,1.0012371798861,-0.143608257961779,TRUE,0.329276931771624,1.00108822880383,0.0571882256559499,TRUE,0.536700442328089,1.00126370529854,-0.214039138601072,FALSE,0.431742781398871,1.00104987886865
407,"rand=1-2_rate=2_ROB=L_UH_Bias=Rct-NRE Moderate","1-2",2,"L_UH","Rct-NRE Moderate",0,0.0953101798043249,0.139761942375159,0.048790164169432,0.182321556793955,0.300104592450338,0.104141653503126,0.10442474899982,0.0377270529781966,TRUE,0.354021048441792,1.00102821101542,-0.0175172635884298,TRUE,0.199436020634099,1.00101269361495,-0.139652687726846,TRUE,0.624811341818062,1.00105663842076,0.00211097843598507,TRUE,0.225620521711041,1.00099024253435
408,"rand=1-2_rate=2_ROB=L_UH_Bias=Rct-NRE Moderate","1-2",2,"L_UH","Rct-NRE Moderate",0,0.0953101798043249,0.139761942375159,0.048790164169432,0.182321556793955,0.300104592450338,0.0939076603338839,0.0975783876534754,0.0799306978966948,TRUE,0.51174836455415,1.00098619323155,0.0226941214027462,TRUE,0.364261661534994,1.00102230150509,0.274202089318358,FALSE,0.442027542216239,1.00110549355118,-0.127742514076106,TRUE,0.489655386089773,1.0009866036449
409,"rand=1-2_rate=2_ROB=L_UH_Bias=Rct-NRE Moderate","1-2",2,"L_UH","Rct-NRE Moderate",0,0.0953101798043249,0.139761942375159,0.048790164169432,0.182321556793955,0.300104592450338,0.0962907205207694,0.0967125397394847,-0.0554707898673479,TRUE,0.541143007075945,1.00099603181585,-0.0767474762750529,TRUE,0.40621268375191,1.00098942261242,-0.161232967443463,TRUE,0.673935517391593,1.00109977120666,-0.0393003851727298,TRUE,0.584561075993725,1.00099992574643
410,"rand=1-2_rate=2_ROB=L_UH_Bias=Rct-NRE Moderate","1-2",2,"L_UH","Rct-NRE Moderate",0,0.0953101798043249,0.139761942375159,0.048790164169432,0.182321556793955,0.300104592450338,0.0891981527209791,0.0917724047942877,-0.0139140186996993,TRUE,0.512694077792906,1.0010288119272,-0.11590292814896,TRUE,0.41005864980914,1.0009894150405,0.0806885846227279,TRUE,0.66194305097475,1.00113795811609,-0.217504278684412,TRUE,0.557855783639881,1.00098601843151
411,"rand=1-2_rate=2_ROB=L_UH_Bias=Rct-NRE Moderate","1-2",2,"L_UH","Rct-NRE Moderate",0,0.0953101798043249,0.139761942375159,0.048790164169432,0.182321556793955,0.300104592450338,0.111378119766764,0.115654578137871,-0.0668819171907351,TRUE,0.49560383239935,1.00102644308243,-0.0275468926013163,TRUE,0.311975612875129,1.00101263187911,-0.060167223558049,TRUE,0.747386058150815,1.00110209296929,-0.0141813564434579,TRUE,0.373020011734319,1.00100016433564
412,"rand=1-2_rate=2_ROB=L_UH_Bias=Rct-NRE Moderate","1-2",2,"L_UH","Rct-NRE Moderate",0,0.0953101798043249,0.139761942375159,0.048790164169432,0.182321556793955,0.300104592450338,0.0998268433737225,0.100930257517942,-0.0725486470465022,TRUE,0.45119567000726,1.00099659583856,-0.0598949593418676,TRUE,0.275633383593574,1.00100174778086,-0.0210190502577325,TRUE,0.544085268474392,1.00179627151568,-0.0727456506483437,TRUE,0.356794130796227,1.00098624382474
413,"rand=1-2_rate=2_ROB=L_UH_Bias=Rct-NRE Moderate","1-2",2,"L_UH","Rct-NRE Moderate",0,0.0953101798043249,0.139761942375159,0.048790164169432,0.182321556793955,0.300104592450338,0.0954921571986937,0.0961272273841921,-0.140559143552531,TRUE,0.536607641483404,1.00134376140694,-0.174161377647766,TRUE,0.409728941075778,1.00105758649898,-0.087366178160468,TRUE,0.564754664516319,1.00104923255081,-0.208262361652471,TRUE,0.636268623903156,1.00101289264164
414,"rand=1-2_rate=2_ROB=L_UH_Bias=Rct-NRE Moderate","1-2",2,"L_UH","Rct-NRE Moderate",0,0.0953101798043249,0.139761942375159,0.048790164169432,0.182321556793955,0.300104592450338,0.104346019637098,0.104407503829375,-0.0970411069145647,TRUE,0.51040895728738,1.00129669686877,-0.0838890658455593,TRUE,0.356239280273348,1.0010640862657,-0.0879535885130251,TRUE,0.550847257532165,1.00151439164673,-0.07756033615182,TRUE,0.535824417891542,1.00099945969401
415,"rand=1-2_rate=2_ROB=L_UH_Bias=Rct-NRE Moderate","1-2",2,"L_UH","Rct-NRE Moderate",0,0.0953101798043249,0.139761942375159,0.048790164169432,0.182321556793955,0.300104592450338,0.105146895750655,0.106636895160911,0.00833835851053544,TRUE,0.404403205887839,1.00108006965811,-0.041040715056222,TRUE,0.298846264676861,1.00102081267601,-0.0113335263642105,TRUE,0.771145177469799,1.00121562284245,-0.0521758064171121,TRUE,0.345809178048309,1.00100991423204
416,"rand=1-2_rate=2_ROB=L_UH_Bias=Rct-NRE Moderate","1-2",2,"L_UH","Rct-NRE Moderate",0,0.0953101798043249,0.139761942375159,0.048790164169432,0.182321556793955,0.300104592450338,0.11995165632646,0.120750347071631,-0.0535127499451946,TRUE,0.489548622516237,1.00099690103318,-0.114558921401728,TRUE,0.339800786962801,1.00118184073115,-0.0212805466836241,TRUE,0.762296236276237,1.00110124094816,-0.150668981246562,TRUE,0.40668833632713,1.00099070755972
417,"rand=1-2_rate=2_ROB=L_UH_Bias=Rct-NRE Moderate","1-2",2,"L_UH","Rct-NRE Moderate",0,0.0953101798043249,0.139761942375159,0.048790164169432,0.182321556793955,0.300104592450338,0.128315438596772,0.128832662733662,-0.0480893645153373,TRUE,0.512100362335011,1.00102267298264,-0.214070666344341,TRUE,0.463912440315965,1.00100847736346,0.107730268987907,TRUE,0.438295533779781,1.00113971155446,-0.404703837313963,FALSE,0.738845704934522,1.0010260593352
418,"rand=1-2_rate=2_ROB=L_UH_Bias=Rct-NRE Moderate","1-2",2,"L_UH","Rct-NRE Moderate",0,0.0953101798043249,0.139761942375159,0.048790164169432,0.182321556793955,0.300104592450338,0.0959456849995679,0.0969043901495125,0.0600688867360941,TRUE,0.445764405932384,1.00099387379853,-0.0316470350062903,TRUE,0.393069410706145,1.00099516857782,0.101904137547898,TRUE,0.594752664151984,1.0012240197356,-0.0993494402589987,TRUE,0.570107741215847,1.00098599067899
419,"rand=1-2_rate=2_ROB=L_UH_Bias=Rct-NRE Moderate","1-2",2,"L_UH","Rct-NRE Moderate",0,0.0953101798043249,0.139761942375159,0.048790164169432,0.182321556793955,0.300104592450338,0.10133988703186,0.103490980963214,0.00205037440878308,TRUE,0.454461220907482,1.000986735199,-0.0623097463015683,TRUE,0.329862137599142,1.00099700237504,-0.175474138016316,TRUE,0.778304943097356,1.00099447653017,-0.0261972949584515,TRUE,0.396307603199152,1.00098954134282
420,"rand=1-2_rate=2_ROB=L_UH_Bias=Rct-NRE Moderate","1-2",2,"L_UH","Rct-NRE Moderate",0,0.0953101798043249,0.139761942375159,0.048790164169432,0.182321556793955,0.300104592450338,0.117155661086415,0.118986705751265,-0.197912892641666,TRUE,0.459212333207166,1.00098639649842,-0.304024578698366,FALSE,0.317995397371049,1.00100346195956,-0.104657699249284,TRUE,0.643409522412937,1.00098752552891,-0.356957911133505,FALSE,0.381116841202235,1.00098685374568
421,"rand=1-2_rate=2_ROB=L_UH_Bias=Rct-NRE Moderate","1-2",2,"L_UH","Rct-NRE Moderate",0,0.0953101798043249,0.139761942375159,0.048790164169432,0.182321556793955,0.300104592450338,0.0996000111646239,0.101950090164042,-0.137965216182183,TRUE,0.53036208100783,1.00098928591176,-0.237029332032564,FALSE,0.444853214822382,1.00104166099323,-0.113708767839554,TRUE,0.64575117952126,1.0010071442963,-0.288072584957803,TRUE,0.664879115746289,1.0010794108683
422,"rand=1-2_rate=2_ROB=L_UH_Bias=Rct-NRE Moderate","1-2",2,"L_UH","Rct-NRE Moderate",0,0.0953101798043249,0.139761942375159,0.048790164169432,0.182321556793955,0.300104592450338,0.106380765799536,0.107275572825985,-0.0967168292671328,TRUE,0.4726874499196,1.00107404307516,-0.107025311635875,TRUE,0.308935901957502,1.00098690604359,-0.118477290200734,TRUE,0.556607398824691,1.00168684177847,-0.102653986160634,TRUE,0.430719644461812,1.00098962907851
423,"rand=1-2_rate=2_ROB=L_UH_Bias=Rct-NRE Moderate","1-2",2,"L_UH","Rct-NRE Moderate",0,0.0953101798043249,0.139761942375159,0.048790164169432,0.182321556793955,0.300104592450338,0.0799190062357981,0.0824466807009453,-0.000295470991954039,TRUE,0.448696169278947,1.00103527062689,-0.0197532280264727,TRUE,0.310523801951742,1.00103057531026,-0.0389802957355072,TRUE,0.563156344285395,1.00113137488504,-0.0139731339002631,TRUE,0.423235638604159,1.00104496558611
424,"rand=1-2_rate=2_ROB=L_UH_Bias=Rct-NRE Moderate","1-2",2,"L_UH","Rct-NRE Moderate",0,0.0953101798043249,0.139761942375159,0.048790164169432,0.182321556793955,0.300104592450338,0.0964501104715887,0.0964834514617924,-0.00773386765190454,TRUE,0.515886713035195,1.0010068254021,-0.0815068418357081,TRUE,0.421055662924289,1.000988975099,-0.0926630093111052,TRUE,0.902983689899342,1.00099146770927,-0.0740845525434706,TRUE,0.542426582544551,1.00098810449419
425,"rand=1-2_rate=2_ROB=L_UH_Bias=Rct-NRE Moderate","1-2",2,"L_UH","Rct-NRE Moderate",0,0.0953101798043249,0.139761942375159,0.048790164169432,0.182321556793955,0.300104592450338,0.105066010053598,0.106155355076255,-0.0467200032727049,TRUE,0.501263133872035,1.00099747209382,-0.135688311787881,TRUE,0.452585011097091,1.00100234413197,-0.176168905643027,TRUE,0.843618935977212,1.00098609548347,-0.111850154120054,TRUE,0.628678463000164,1.00098892796134
426,"rand=1-2_rate=2_ROB=L_UH_Bias=Rct-NRE Moderate","1-2",2,"L_UH","Rct-NRE Moderate",0,0.0953101798043249,0.139761942375159,0.048790164169432,0.182321556793955,0.300104592450338,0.104976126774075,0.105822399347143,-0.0252196246640224,TRUE,0.423144519040949,1.00102795042119,-0.108267974712881,TRUE,0.274822238445507,1.00099099684207,0.0882092059166127,TRUE,0.471265298957824,1.00100643418466,-0.16498273908398,FALSE,0.348397841320153,1.00099235670963
427,"rand=1-2_rate=2_ROB=L_UH_Bias=Rct-NRE Moderate","1-2",2,"L_UH","Rct-NRE Moderate",0,0.0953101798043249,0.139761942375159,0.048790164169432,0.182321556793955,0.300104592450338,0.108988180080613,0.110794198407838,0.037792191985538,TRUE,0.479247987526937,1.00102105194472,-0.0357173155142598,TRUE,0.428975032946869,1.0009894521036,0.0169142866701597,TRUE,0.538130143161353,1.00125506169187,-0.0722927125398078,TRUE,0.716937755234764,1.00100544459165
428,"rand=1-2_rate=2_ROB=L_UH_Bias=Rct-NRE Moderate","1-2",2,"L_UH","Rct-NRE Moderate",0,0.0953101798043249,0.139761942375159,0.048790164169432,0.182321556793955,0.300104592450338,0.10774897661304,0.109088528045882,-0.15811346578339,TRUE,0.527899770860438,1.00108369124553,-0.214696642796159,FALSE,0.381832757951509,1.00099158286057,-0.0334655286299792,TRUE,0.599928398035687,1.00099230496253,-0.292335553011716,FALSE,0.520511869168783,1.00107520484435
429,"rand=1-2_rate=2_ROB=L_UH_Bias=Rct-NRE Moderate","1-2",2,"L_UH","Rct-NRE Moderate",0,0.0953101798043249,0.139761942375159,0.048790164169432,0.182321556793955,0.300104592450338,0.106136170636443,0.107561356217794,-0.201912113127789,TRUE,0.550282844514633,1.00106059569357,-0.173951408814359,FALSE,0.333623732471756,1.00098885557388,-0.222942429578003,TRUE,1.04439101329525,1.00099719817378,-0.158142619433562,FALSE,0.336330413752068,1.0009996666552
430,"rand=1-2_rate=2_ROB=L_UH_Bias=Rct-NRE Moderate","1-2",2,"L_UH","Rct-NRE Moderate",0,0.0953101798043249,0.139761942375159,0.048790164169432,0.182321556793955,0.300104592450338,0.10358325117415,0.104646989910095,-0.0759073472496781,TRUE,0.504868325003651,1.00098598999974,-0.127848369634561,TRUE,0.389876903937329,1.00098949251339,-0.331715728702273,FALSE,0.746328259499697,1.00112758600084,-0.0529128741959521,TRUE,0.501848240847812,1.00103350442359
431,"rand=1-2_rate=2_ROB=L_UH_Bias=Rct-NRE Moderate","1-2",2,"L_UH","Rct-NRE Moderate",0,0.0953101798043249,0.139761942375159,0.048790164169432,0.182321556793955,0.300104592450338,0.100703313919761,0.102043652766256,-0.00572521266321568,TRUE,0.475621984066513,1.00099336415957,-0.0669755968615959,TRUE,0.357984903187532,1.00100786546335,-0.0297351636336842,TRUE,0.637134382930683,1.00098660487257,-0.0828742795756983,TRUE,0.497693265203305,1.00102581708758
432,"rand=1-2_rate=2_ROB=L_UH_Bias=Rct-NRE Moderate","1-2",2,"L_UH","Rct-NRE Moderate",0,0.0953101798043249,0.139761942375159,0.048790164169432,0.182321556793955,0.300104592450338,0.104749113976902,0.105993768490048,-0.129955961720571,TRUE,0.554180276603378,1.00101884521507,-0.134099963847631,TRUE,0.361609441751256,1.00098619378743,-0.173428463136847,TRUE,0.954626340571552,1.00105537774194,-0.124797064452965,TRUE,0.43801046224169,1.00099032504157
433,"rand=1-2_rate=2_ROB=L_UH_Bias=Rct-NRE Moderate","1-2",2,"L_UH","Rct-NRE Moderate",0,0.0953101798043249,0.139761942375159,0.048790164169432,0.182321556793955,0.300104592450338,0.0905197716140927,0.0910260584619004,-0.102443675605178,TRUE,0.504296674169508,1.00122690694504,-0.131852715845821,TRUE,0.360757823426725,1.00103115952026,-0.120704201771419,TRUE,0.571898129863936,1.00108855447805,-0.129877802942286,TRUE,0.53263414474523,1.00101728489383
434,"rand=1-2_rate=2_ROB=L_UH_Bias=Rct-NRE Moderate","1-2",2,"L_UH","Rct-NRE Moderate",0,0.0953101798043249,0.139761942375159,0.048790164169432,0.182321556793955,0.300104592450338,0.104319966909775,0.104808692934732,-0.0720039979414369,TRUE,0.453824147751025,1.00099788422651,-0.108755486473226,TRUE,0.271563255721528,1.00105176509269,-0.0916981696883667,TRUE,0.609910360405503,1.00109857071057,-0.113072216338584,TRUE,0.342089299986844,1.00098630027892
435,"rand=1-2_rate=2_ROB=L_UH_Bias=Rct-NRE Moderate","1-2",2,"L_UH","Rct-NRE Moderate",0,0.0953101798043249,0.139761942375159,0.048790164169432,0.182321556793955,0.300104592450338,0.0899669915516589,0.09292491142563,-0.0379442263261194,TRUE,0.510306534524097,1.00107313150551,-0.0982444485184371,TRUE,0.376752708725375,1.00103526440552,0.0873151427265267,TRUE,0.509744710791996,1.00108539165096,-0.18105523280693,TRUE,0.568330609620288,1.00099858470945
436,"rand=1-2_rate=2_ROB=L_UH_Bias=Rct-NRE Moderate","1-2",2,"L_UH","Rct-NRE Moderate",0,0.0953101798043249,0.139761942375159,0.048790164169432,0.182321556793955,0.300104592450338,0.106314273040662,0.106882706625722,-0.184443757741122,TRUE,0.465817327929039,1.00110299637334,-0.244530074556317,FALSE,0.26533732598083,1.0010056256045,-0.188020825917517,TRUE,0.64523211556727,1.00098743369779,-0.254378711158973,FALSE,0.326728876043556,1.00101140558423
437,"rand=1-2_rate=2_ROB=L_UH_Bias=Rct-NRE Moderate","1-2",2,"L_UH","Rct-NRE Moderate",0,0.0953101798043249,0.139761942375159,0.048790164169432,0.182321556793955,0.300104592450338,0.105788672868428,0.106433355213165,-0.0936779147321967,TRUE,0.535459770347618,1.00102720199378,-0.257073055186894,FALSE,0.52882069797961,1.0010097313589,0.00926788671771284,TRUE,0.566240334185706,1.00149821493788,-0.421148007745492,FALSE,0.87027325324048,1.00098767700205
438,"rand=1-2_rate=2_ROB=L_UH_Bias=Rct-NRE Moderate","1-2",2,"L_UH","Rct-NRE Moderate",0,0.0953101798043249,0.139761942375159,0.048790164169432,0.182321556793955,0.300104592450338,0.107732610117072,0.109583275096325,-0.00650273447481986,TRUE,0.492489734431768,1.00220034267437,-0.12614072206354,TRUE,0.462942813880428,1.00098608616649,0.0224625112396589,TRUE,0.529211256028443,1.00263969367696,-0.209085075664774,TRUE,0.806220964415945,1.00105737351598
439,"rand=1-2_rate=2_ROB=L_UH_Bias=Rct-NRE Moderate","1-2",2,"L_UH","Rct-NRE Moderate",0,0.0953101798043249,0.139761942375159,0.048790164169432,0.182321556793955,0.300104592450338,0.117349817160232,0.119742039790532,-0.182636712457613,TRUE,0.590551812655977,1.00099592683398,-0.309206919089158,FALSE,0.512800232315674,1.00102888341825,-0.0812202028183178,TRUE,0.631318908932365,1.00124073394035,-0.437951389730118,FALSE,0.80824575104427,1.00098746103033
440,"rand=1-2_rate=2_ROB=L_UH_Bias=Rct-NRE Moderate","1-2",2,"L_UH","Rct-NRE Moderate",0,0.0953101798043249,0.139761942375159,0.048790164169432,0.182321556793955,0.300104592450338,0.110960104737237,0.111791564909193,-0.301296807472099,FALSE,0.605444441689325,1.00133577936743,-0.228540580499402,FALSE,0.451101475528074,1.00108829987278,-0.3364864684208,FALSE,0.691866006888852,1.00151643048358,-0.178688971284918,TRUE,0.671111526429786,1.00098746100679
441,"rand=1-2_rate=2_ROB=L_UH_Bias=Rct-NRE Moderate","1-2",2,"L_UH","Rct-NRE Moderate",0,0.0953101798043249,0.139761942375159,0.048790164169432,0.182321556793955,0.300104592450338,0.0962568779416353,0.0998250089274272,0.0553288522349341,TRUE,0.429531743645158,1.00162917910472,-0.0277341445356487,TRUE,0.34424476215397,1.00098747235523,-0.0028771499827549,TRUE,0.491266168679801,1.00103941073693,-0.0346240643685336,TRUE,0.542372239237191,1.00099313050226
442,"rand=1-2_rate=2_ROB=L_UH_Bias=Rct-NRE Moderate","1-2",2,"L_UH","Rct-NRE Moderate",0,0.0953101798043249,0.139761942375159,0.048790164169432,0.182321556793955,0.300104592450338,0.0893765417869132,0.0893765417869132,-0.103484292827764,TRUE,0.48766124110509,1.00108648441616,-0.140659095269005,TRUE,0.314308707238953,1.00101356338651,0.00831805855030487,TRUE,0.537426119628992,1.00166028452242,-0.185645063281187,TRUE,0.427655348896133,1.00098612968761
443,"rand=1-2_rate=2_ROB=L_UH_Bias=Rct-NRE Moderate","1-2",2,"L_UH","Rct-NRE Moderate",0,0.0953101798043249,0.139761942375159,0.048790164169432,0.182321556793955,0.300104592450338,0.0950786424168332,0.0960335036829013,-0.140766120462791,TRUE,0.530215836786015,1.00098696500748,-0.184524259170453,FALSE,0.362260956686053,1.00098611497306,-0.237802550002328,TRUE,0.821436572770169,1.00100076932428,-0.165654396112709,TRUE,0.443808587463186,1.00101143630897
444,"rand=1-2_rate=2_ROB=L_UH_Bias=Rct-NRE Moderate","1-2",2,"L_UH","Rct-NRE Moderate",0,0.0953101798043249,0.139761942375159,0.048790164169432,0.182321556793955,0.300104592450338,0.0988478620018067,0.10192289570834,-0.119176486394365,TRUE,0.503159680916073,1.00103938116571,-0.223951712259307,FALSE,0.394319175793851,1.00098742789799,-0.0814187973093985,TRUE,0.56344134107204,1.00203792756697,-0.288332486068913,FALSE,0.584408084132093,1.00099294542166
445,"rand=1-2_rate=2_ROB=L_UH_Bias=Rct-NRE Moderate","1-2",2,"L_UH","Rct-NRE Moderate",0,0.0953101798043249,0.139761942375159,0.048790164169432,0.182321556793955,0.300104592450338,0.0847866694912072,0.0850955315624398,-0.170091467264516,TRUE,0.5220529079743,1.00099840945991,-0.168753306938626,FALSE,0.325721563232754,1.00099516057252,-0.247330606264905,TRUE,0.685828397184108,1.00167719882118,-0.141891683193178,TRUE,0.422731632004799,1.0009859969051
446,"rand=1-2_rate=2_ROB=L_UH_Bias=Rct-NRE Moderate","1-2",2,"L_UH","Rct-NRE Moderate",0,0.0953101798043249,0.139761942375159,0.048790164169432,0.182321556793955,0.300104592450338,0.101776737819124,0.103321921771253,-0.0851751122110953,TRUE,0.533229612531555,1.00110030373426,-0.116516177791749,TRUE,0.405733908967792,1.00099879691749,0.123255996121235,TRUE,0.716978607236757,1.00098615582983,-0.235981605393232,FALSE,0.493739421572899,1.00101445733353
447,"rand=1-2_rate=2_ROB=L_UH_Bias=Rct-NRE Moderate","1-2",2,"L_UH","Rct-NRE Moderate",0,0.0953101798043249,0.139761942375159,0.048790164169432,0.182321556793955,0.300104592450338,0.103545485244634,0.104392761315386,-0.0885354150316842,TRUE,0.492569937701741,1.00104747084069,-0.113092245800624,TRUE,0.328494327850525,1.00101328774997,-0.0400450081968307,TRUE,0.655753930315805,1.00098739372775,-0.137626999674423,TRUE,0.423023653607669,1.00099506012497
448,"rand=1-2_rate=2_ROB=L_UH_Bias=Rct-NRE Moderate","1-2",2,"L_UH","Rct-NRE Moderate",0,0.0953101798043249,0.139761942375159,0.048790164169432,0.182321556793955,0.300104592450338,0.105082109738742,0.107294451156747,0.00473338296166959,TRUE,0.477244015863709,1.00099149496407,-0.0769840808896873,TRUE,0.37455040552494,1.00099671958819,0.0650256957853735,TRUE,0.589230243341567,1.00101562416505,-0.145467429076386,TRUE,0.53813911174751,1.00101811074378
449,"rand=1-2_rate=2_ROB=L_UH_Bias=Rct-NRE Moderate","1-2",2,"L_UH","Rct-NRE Moderate",0,0.0953101798043249,0.139761942375159,0.048790164169432,0.182321556793955,0.300104592450338,0.101790452670969,0.102125427082277,-0.0153531313251791,TRUE,0.457625889385717,1.0010220698459,-0.0504675507813324,TRUE,0.333542496650992,1.00098926738298,-0.0433679546438002,TRUE,0.525873411670878,1.0011962567136,-0.05567440486437,TRUE,0.507445395539937,1.00098766523447
450,"rand=1-2_rate=2_ROB=L_UH_Bias=Rct-NRE Moderate","1-2",2,"L_UH","Rct-NRE Moderate",0,0.0953101798043249,0.139761942375159,0.048790164169432,0.182321556793955,0.300104592450338,0.0965189593509682,0.0979108677025774,0.104675866279722,TRUE,0.439898958703421,1.00104379055421,-0.00362760147414098,TRUE,0.393707006263299,1.00098606605435,0.15679615182287,TRUE,0.533810526886492,1.00100477775697,-0.0955816579745592,TRUE,0.606610640464749,1.00099910669072
451,"rand=1-2_rate=2_ROB=L_UH_Bias=Rct-NRE Moderate","1-2",2,"L_UH","Rct-NRE Moderate",0,0.0953101798043249,0.139761942375159,0.048790164169432,0.182321556793955,0.300104592450338,0.105796448058715,0.106316200291152,-0.0100344811368764,TRUE,0.426375907586456,1.00101124217988,-0.101867542117695,TRUE,0.377600623263636,1.00107104358586,-0.113880520490595,TRUE,0.579791882126852,1.00106776410902,-0.0943932973378572,TRUE,0.554966547100193,1.00099820326667
452,"rand=1-2_rate=2_ROB=L_UH_Bias=Rct-NRE Moderate","1-2",2,"L_UH","Rct-NRE Moderate",0,0.0953101798043249,0.139761942375159,0.048790164169432,0.182321556793955,0.300104592450338,0.0822538271055341,0.0846357726785136,-0.0366632759368708,TRUE,0.431908877917219,1.00099117981612,-0.146470988833263,TRUE,0.382690218162427,1.00100399374763,-0.0514690028684355,TRUE,0.577397019965268,1.00119137485367,-0.189299735034368,TRUE,0.581819187006151,1.00098820982663
453,"rand=1-2_rate=2_ROB=L_UH_Bias=Rct-NRE Moderate","1-2",2,"L_UH","Rct-NRE Moderate",0,0.0953101798043249,0.139761942375159,0.048790164169432,0.182321556793955,0.300104592450338,0.106556860939276,0.107649034867576,-0.114787538603712,TRUE,0.531163801666138,1.00098646278574,-0.189559241073369,FALSE,0.395382855525394,1.00098618031684,-0.214708509278992,TRUE,1.02046783125785,1.00098858926198,-0.182665478740597,TRUE,0.441946262957869,1.00099835042535
454,"rand=1-2_rate=2_ROB=L_UH_Bias=Rct-NRE Moderate","1-2",2,"L_UH","Rct-NRE Moderate",0,0.0953101798043249,0.139761942375159,0.048790164169432,0.182321556793955,0.300104592450338,0.0900783664285758,0.0928540649420493,-0.094114187199005,TRUE,0.518956402149211,1.00206779032526,-0.141230277619523,TRUE,0.374601141528623,1.0010395702426,-0.0501300231125075,TRUE,0.554504476157815,1.00132323350008,-0.177268558326392,TRUE,0.562434420239679,1.00099615393151
455,"rand=1-2_rate=2_ROB=L_UH_Bias=Rct-NRE Moderate","1-2",2,"L_UH","Rct-NRE Moderate",0,0.0953101798043249,0.139761942375159,0.048790164169432,0.182321556793955,0.300104592450338,0.113685237872895,0.114549955321472,-0.0322576756599782,TRUE,0.471577739629289,1.00116434252138,-0.0897621321114535,TRUE,0.345492806778548,1.00100583675498,0.00545232494371417,TRUE,0.562422843594806,1.00101058381913,-0.128576316343826,TRUE,0.501377817656775,1.00098656748929
456,"rand=1-2_rate=2_ROB=L_UH_Bias=Rct-NRE Moderate","1-2",2,"L_UH","Rct-NRE Moderate",0,0.0953101798043249,0.139761942375159,0.048790164169432,0.182321556793955,0.300104592450338,0.104577114147806,0.104877844091542,-0.1498320793168,TRUE,0.493525765416361,1.00108611620798,-0.243464882553917,FALSE,0.329820363026244,1.00102378954063,0.0105187554190544,TRUE,0.522420190435723,1.0010344839208,-0.326636032091745,FALSE,0.423632083448771,1.0009910312007
457,"rand=1-2_rate=2_ROB=L_UH_Bias=Rct-NRE Moderate","1-2",2,"L_UH","Rct-NRE Moderate",0,0.0953101798043249,0.139761942375159,0.048790164169432,0.182321556793955,0.300104592450338,0.0994441585847572,0.0996137636390853,-0.050994770480896,TRUE,0.482060862686274,1.00098607315143,-0.020794560092886,TRUE,0.300745812348437,1.00098885822362,-0.166644518792572,TRUE,0.632756041804848,1.00117295415497,0.0226988504306007,TRUE,0.37504505618942,1.00099880100693
458,"rand=1-2_rate=2_ROB=L_UH_Bias=Rct-NRE Moderate","1-2",2,"L_UH","Rct-NRE Moderate",0,0.0953101798043249,0.139761942375159,0.048790164169432,0.182321556793955,0.300104592450338,0.0996753722257914,0.100663038689531,0.0170029750466862,TRUE,0.43570324477048,1.00104230137089,0.0435230273430247,TRUE,0.251661769970328,1.00102101109029,-0.27544544369311,TRUE,0.720831587927257,1.00111629719649,0.101364094242799,TRUE,0.266519833210363,1.00098719442093
459,"rand=1-2_rate=2_ROB=L_UH_Bias=Rct-NRE Moderate","1-2",2,"L_UH","Rct-NRE Moderate",0,0.0953101798043249,0.139761942375159,0.048790164169432,0.182321556793955,0.300104592450338,0.120258381946043,0.122571055900371,-0.279332552367286,FALSE,0.502414705392484,1.00098667243491,-0.382328674609336,FALSE,0.313503526517304,1.00099226679226,-0.308063844221788,TRUE,0.841500961772784,1.00103942018851,-0.402025295470531,FALSE,0.360887833803784,1.00102226226769
460,"rand=1-2_rate=2_ROB=L_UH_Bias=Rct-NRE Moderate","1-2",2,"L_UH","Rct-NRE Moderate",0,0.0953101798043249,0.139761942375159,0.048790164169432,0.182321556793955,0.300104592450338,0.101963015333292,0.102861150071502,-0.241193579628807,TRUE,0.604349769208163,1.00107263548474,-0.249150236345594,FALSE,0.457556843252747,1.00099347876296,-0.180405810835532,TRUE,0.651904422494116,1.00101739741675,-0.287778712158195,TRUE,0.711987963499254,1.00099169733973
461,"rand=1-2_rate=2_ROB=L_UH_Bias=Rct-NRE Moderate","1-2",2,"L_UH","Rct-NRE Moderate",0,0.0953101798043249,0.139761942375159,0.048790164169432,0.182321556793955,0.300104592450338,0.0943542241070334,0.0947125970024113,0.0119240436818515,TRUE,0.485748983379276,1.00115098291318,-0.069809386937373,TRUE,0.410300695868563,1.00098610431431,0.0464433340873709,TRUE,0.511611898998876,1.00126011392574,-0.128673333714739,TRUE,0.673316115558336,1.00099084284181
462,"rand=1-2_rate=2_ROB=L_UH_Bias=Rct-NRE Moderate","1-2",2,"L_UH","Rct-NRE Moderate",0,0.0953101798043249,0.139761942375159,0.048790164169432,0.182321556793955,0.300104592450338,0.0941442195821586,0.095524336010521,-0.153645339006943,TRUE,0.569049424522093,1.00102825624422,-0.156006628181952,TRUE,0.380507960202404,1.00098829249018,-0.186847610368166,TRUE,0.828377868265644,1.00100671712894,-0.145206443166501,TRUE,0.47779564012853,1.0009927902577
463,"rand=1-2_rate=2_ROB=L_UH_Bias=Rct-NRE Moderate","1-2",2,"L_UH","Rct-NRE Moderate",0,0.0953101798043249,0.139761942375159,0.048790164169432,0.182321556793955,0.300104592450338,0.10524342796289,0.108486137013754,-0.174814037658497,TRUE,0.562804351731187,1.00098951798604,-0.235053487111131,FALSE,0.417487884424864,1.00098897940247,-0.112038496948326,TRUE,0.614990846372724,1.00111343558546,-0.290167238285445,FALSE,0.620255166308733,1.0009910088241
464,"rand=1-2_rate=2_ROB=L_UH_Bias=Rct-NRE Moderate","1-2",2,"L_UH","Rct-NRE Moderate",0,0.0953101798043249,0.139761942375159,0.048790164169432,0.182321556793955,0.300104592450338,0.107995446810862,0.109373130815558,0.0688699566755935,TRUE,0.434560358868356,1.0010810038642,-0.0079724732541786,TRUE,0.322613660919893,1.00100540360141,0.189414666594988,TRUE,0.425074068943674,1.00098765116123,-0.0960548124484479,TRUE,0.468900433071422,1.00098636470926
465,"rand=1-2_rate=2_ROB=L_UH_Bias=Rct-NRE Moderate","1-2",2,"L_UH","Rct-NRE Moderate",0,0.0953101798043249,0.139761942375159,0.048790164169432,0.182321556793955,0.300104592450338,0.105819556239781,0.107916754938333,-0.0294476037461922,TRUE,0.525889865180288,1.00119885203067,-0.15816832235182,TRUE,0.454380402497239,1.00099458198433,-0.0522927715021206,TRUE,0.769431734008744,1.0011245657756,-0.211730505701833,TRUE,0.650205750947511,1.00101241253337
466,"rand=1-2_rate=2_ROB=L_UH_Bias=Rct-NRE Moderate","1-2",2,"L_UH","Rct-NRE Moderate",0,0.0953101798043249,0.139761942375159,0.048790164169432,0.182321556793955,0.300104592450338,0.0915551400209315,0.0917410662288888,-0.224025313204659,TRUE,0.601347543563338,1.0011043500856,-0.233361722625023,FALSE,0.435467427682366,1.00098782638191,-0.329732091328316,FALSE,0.700452120855301,1.00141248670674,-0.192933267413346,TRUE,0.6332277862167,1.00100711535747
467,"rand=1-2_rate=2_ROB=L_UH_Bias=Rct-NRE Moderate","1-2",2,"L_UH","Rct-NRE Moderate",0,0.0953101798043249,0.139761942375159,0.048790164169432,0.182321556793955,0.300104592450338,0.0968355607076205,0.0996080725232153,-0.177718956738914,TRUE,0.576444805294201,1.00109867815664,-0.28489777726179,FALSE,0.47297287596417,1.00099062635931,-0.0744671050648258,TRUE,0.585875675286237,1.00118066437505,-0.395507729855299,FALSE,0.742723903500426,1.00098620824914
468,"rand=1-2_rate=2_ROB=L_UH_Bias=Rct-NRE Moderate","1-2",2,"L_UH","Rct-NRE Moderate",0,0.0953101798043249,0.139761942375159,0.048790164169432,0.182321556793955,0.300104592450338,0.0842166337548844,0.0871386077126309,0.0643418428304688,TRUE,0.368577928463538,1.00098607959781,0.00863204675708751,TRUE,0.250037662683559,1.00099770860601,-0.00828341002452282,TRUE,0.524427448735763,1.00113766972555,0.0125937276933408,TRUE,0.32960584064273,1.00099023425935
469,"rand=1-2_rate=2_ROB=L_UH_Bias=Rct-NRE Moderate","1-2",2,"L_UH","Rct-NRE Moderate",0,0.0953101798043249,0.139761942375159,0.048790164169432,0.182321556793955,0.300104592450338,0.106636320450248,0.107153271009541,0.0346290885202821,TRUE,0.462337247951446,1.00099043459662,0.00304710577066747,TRUE,0.335903125825136,1.00099138632993,-0.0725322784798124,TRUE,0.608985435609414,1.00107032946768,0.0369280911598098,TRUE,0.453748824319556,1.00099045722902
470,"rand=1-2_rate=2_ROB=L_UH_Bias=Rct-NRE Moderate","1-2",2,"L_UH","Rct-NRE Moderate",0,0.0953101798043249,0.139761942375159,0.048790164169432,0.182321556793955,0.300104592450338,0.11094184637395,0.111873786962625,-0.0692603427972949,TRUE,0.526453371511205,1.00110934707717,-0.0809000596905458,TRUE,0.387705329451709,1.00098611859386,-0.00544639829839211,TRUE,0.629064976765326,1.00139131882104,-0.114340245172818,TRUE,0.562389896707293,1.00099543106795
471,"rand=1-2_rate=2_ROB=L_UH_Bias=Rct-NRE Moderate","1-2",2,"L_UH","Rct-NRE Moderate",0,0.0953101798043249,0.139761942375159,0.048790164169432,0.182321556793955,0.300104592450338,0.100082543646521,0.100321485140242,0.0487044976603372,TRUE,0.412909993321725,1.00100011837508,-0.0563258882212772,TRUE,0.350104969279183,1.00103513585279,0.0943900601977676,TRUE,0.478571229686819,1.00128257005754,-0.124033256185554,TRUE,0.539706412468689,1.00098926438202
472,"rand=1-2_rate=2_ROB=L_UH_Bias=Rct-NRE Moderate","1-2",2,"L_UH","Rct-NRE Moderate",0,0.0953101798043249,0.139761942375159,0.048790164169432,0.182321556793955,0.300104592450338,0.0941918696316059,0.0952534539905834,-0.093079963731773,TRUE,0.481843016560769,1.00159772894803,-0.173991189828768,TRUE,0.405203557953505,1.0009895447417,-0.164583132361115,TRUE,0.613069904906572,1.00119979502522,-0.174160144308008,TRUE,0.602624033854184,1.00098948282889
473,"rand=1-2_rate=2_ROB=L_UH_Bias=Rct-NRE Moderate","1-2",2,"L_UH","Rct-NRE Moderate",0,0.0953101798043249,0.139761942375159,0.048790164169432,0.182321556793955,0.300104592450338,0.101680551010711,0.101812428426602,-0.199077834640765,TRUE,0.562314892735847,1.00098702124266,-0.147866221740631,TRUE,0.37360942784043,1.00098628540665,-0.224291142460267,TRUE,0.669742833010163,1.00110130507629,-0.119060617881043,TRUE,0.511009308539586,1.00099671509473
474,"rand=1-2_rate=2_ROB=L_UH_Bias=Rct-NRE Moderate","1-2",2,"L_UH","Rct-NRE Moderate",0,0.0953101798043249,0.139761942375159,0.048790164169432,0.182321556793955,0.300104592450338,0.105801639884374,0.112266380494769,0.154768092973032,TRUE,0.416937227230991,1.00101297415582,-0.00498570917695274,TRUE,0.431256438715211,1.0009920694776,0.202788807779489,TRUE,0.5021870917695,1.00112687942217,-0.133656793685932,TRUE,0.689068816720003,1.00099128514637
475,"rand=1-2_rate=2_ROB=L_UH_Bias=Rct-NRE Moderate","1-2",2,"L_UH","Rct-NRE Moderate",0,0.0953101798043249,0.139761942375159,0.048790164169432,0.182321556793955,0.300104592450338,0.0974407947775699,0.0988723427990852,-0.0935279695448605,TRUE,0.495799660292092,1.00116413453644,-0.152517358259441,TRUE,0.39559506987349,1.00099842036102,-0.0883725867602649,TRUE,0.596486249063643,1.00104304703528,-0.187582887080042,TRUE,0.587570367042026,1.00099104483918
476,"rand=1-2_rate=2_ROB=L_UH_Bias=Rct-NRE Moderate","1-2",2,"L_UH","Rct-NRE Moderate",0,0.0953101798043249,0.139761942375159,0.048790164169432,0.182321556793955,0.300104592450338,0.0990227104644159,0.100317314832513,-0.0239096672198487,TRUE,0.429240057100606,1.00156089657113,-0.0958294202548906,TRUE,0.305591659736679,1.00102317476091,0.0799745380259731,TRUE,0.517703670859902,1.00264571938303,-0.154312097427314,TRUE,0.405191081296997,1.00099552279468
477,"rand=1-2_rate=2_ROB=L_UH_Bias=Rct-NRE Moderate","1-2",2,"L_UH","Rct-NRE Moderate",0,0.0953101798043249,0.139761942375159,0.048790164169432,0.182321556793955,0.300104592450338,0.0991260803792058,0.100244668992575,-0.164528808610085,TRUE,0.556368612055393,1.0010086616837,-0.156105680858967,TRUE,0.395300381209392,1.00101803311188,-0.171422185341521,TRUE,0.610672022790761,1.00110154097671,-0.148489573968073,TRUE,0.586517966989579,1.00100141518507
478,"rand=1-2_rate=2_ROB=L_UH_Bias=Rct-NRE Moderate","1-2",2,"L_UH","Rct-NRE Moderate",0,0.0953101798043249,0.139761942375159,0.048790164169432,0.182321556793955,0.300104592450338,0.108126927973576,0.109469169647826,-0.142300885660871,TRUE,0.516381857019821,1.00103753687447,-0.122624678323069,TRUE,0.324339204574325,1.00099169004892,-0.171673597343326,TRUE,0.645495740881146,1.00098694817907,-0.10939745323052,TRUE,0.428147195363574,1.00101173672462
479,"rand=1-2_rate=2_ROB=L_UH_Bias=Rct-NRE Moderate","1-2",2,"L_UH","Rct-NRE Moderate",0,0.0953101798043249,0.139761942375159,0.048790164169432,0.182321556793955,0.300104592450338,0.116149055961664,0.118559754833807,-0.0933913460255809,TRUE,0.50278593856272,1.00147418111437,-0.10676588914349,TRUE,0.41122218445207,1.00098695040565,-0.212894724313417,TRUE,0.738846378413816,1.0010883285754,-0.0597767189060308,TRUE,0.580046111007169,1.00098613198672
480,"rand=1-2_rate=2_ROB=L_UH_Bias=Rct-NRE Moderate","1-2",2,"L_UH","Rct-NRE Moderate",0,0.0953101798043249,0.139761942375159,0.048790164169432,0.182321556793955,0.300104592450338,0.092626791122979,0.0943542540397067,0.0539739313591183,TRUE,0.420142642250386,1.00098623673505,-0.0417585616645006,TRUE,0.341593428048554,1.00098625208952,0.0192545802049695,TRUE,0.765937923726039,1.00098952174009,-0.066500152274737,TRUE,0.416207768313667,1.00099318459405
481,"rand=1-2_rate=2_ROB=L_UH_Bias=Rct-NRE Moderate","1-2",2,"L_UH","Rct-NRE Moderate",0,0.0953101798043249,0.139761942375159,0.048790164169432,0.182321556793955,0.300104592450338,0.0985935407112271,0.0987365142619529,0.0121807730890044,TRUE,0.451794207773562,1.0010123506607,-0.0342700308953325,TRUE,0.319836276726386,1.00106276904005,-0.0601515398124723,TRUE,0.639918295923466,1.00115829374771,-0.0238470740612338,TRUE,0.421760754613,1.00098609632455
482,"rand=1-2_rate=2_ROB=L_UH_Bias=Rct-NRE Moderate","1-2",2,"L_UH","Rct-NRE Moderate",0,0.0953101798043249,0.139761942375159,0.048790164169432,0.182321556793955,0.300104592450338,0.105642368690371,0.107237979232929,0.0924272797639797,TRUE,0.43800279718657,1.00106734900138,-0.00540568115367002,TRUE,0.358023428476952,1.00104639418888,-0.109596458088767,TRUE,0.796975736649445,1.00098768842973,0.0380337512713628,TRUE,0.447317700827641,1.00099102370483
483,"rand=1-2_rate=2_ROB=L_UH_Bias=Rct-NRE Moderate","1-2",2,"L_UH","Rct-NRE Moderate",0,0.0953101798043249,0.139761942375159,0.048790164169432,0.182321556793955,0.300104592450338,0.115842597348406,0.117137273470481,-0.125312673207069,TRUE,0.509218084762334,1.00115047959772,-0.204645012007278,FALSE,0.386202436843831,1.00103551521952,-0.157893064893031,TRUE,0.613993658582871,1.00214223261344,-0.220936655315913,TRUE,0.574372463951266,1.00099319887958
484,"rand=1-2_rate=2_ROB=L_UH_Bias=Rct-NRE Moderate","1-2",2,"L_UH","Rct-NRE Moderate",0,0.0953101798043249,0.139761942375159,0.048790164169432,0.182321556793955,0.300104592450338,0.100529194294232,0.101990877047201,-0.0944326781794387,TRUE,0.51964261289543,1.00112475960224,-0.0980558337689355,TRUE,0.347775639211824,1.00100681772999,-0.26178100987513,TRUE,0.689236228901183,1.00098652236102,-0.0416966067800506,TRUE,0.432406896978825,1.00100798653645
485,"rand=1-2_rate=2_ROB=L_UH_Bias=Rct-NRE Moderate","1-2",2,"L_UH","Rct-NRE Moderate",0,0.0953101798043249,0.139761942375159,0.048790164169432,0.182321556793955,0.300104592450338,0.101888574668905,0.103530813407611,-0.0528831816971354,TRUE,0.473253759334097,1.00102031295999,-0.152196837968237,TRUE,0.354747198352969,1.00099015003051,0.0769727446249174,TRUE,0.69229204296583,1.00100379627744,-0.238262541402106,FALSE,0.419591066229409,1.00101743011666
486,"rand=1-2_rate=2_ROB=L_UH_Bias=Rct-NRE Moderate","1-2",2,"L_UH","Rct-NRE Moderate",0,0.0953101798043249,0.139761942375159,0.048790164169432,0.182321556793955,0.300104592450338,0.121816465637854,0.12290396204708,-0.144668591268111,TRUE,0.535426876032905,1.0010123853557,-0.247410598805532,FALSE,0.428025415447307,1.00099111971977,0.000590204568776009,TRUE,0.566162173057692,1.00098635983508,-0.366236771994586,FALSE,0.617527345002822,1.00099056590223
487,"rand=1-2_rate=2_ROB=L_UH_Bias=Rct-NRE Moderate","1-2",2,"L_UH","Rct-NRE Moderate",0,0.0953101798043249,0.139761942375159,0.048790164169432,0.182321556793955,0.300104592450338,0.0999908365964393,0.101044112750151,-0.119581790948156,TRUE,0.502570106710417,1.00170521228134,-0.138406531053711,TRUE,0.353778672188789,1.00099325432985,-0.0447270852518005,TRUE,0.531950584441854,1.00122794808028,-0.182292069271337,TRUE,0.528529198479127,1.00099019330102
488,"rand=1-2_rate=2_ROB=L_UH_Bias=Rct-NRE Moderate","1-2",2,"L_UH","Rct-NRE Moderate",0,0.0953101798043249,0.139761942375159,0.048790164169432,0.182321556793955,0.300104592450338,0.0993834377765987,0.101426771640301,-0.0278027871885065,TRUE,0.451720347242913,1.00107379907578,-0.0952742672432558,TRUE,0.3990062980157,1.00098993500439,-0.149678944932635,TRUE,0.672467734878877,1.00101593788925,-0.0647632697888783,TRUE,0.564351343708492,1.00103480510456
489,"rand=1-2_rate=2_ROB=L_UH_Bias=Rct-NRE Moderate","1-2",2,"L_UH","Rct-NRE Moderate",0,0.0953101798043249,0.139761942375159,0.048790164169432,0.182321556793955,0.300104592450338,0.109822528653686,0.11021938223689,-0.0704262429620859,TRUE,0.477524910082707,1.00098838042958,-0.143639580167853,TRUE,0.369733116330849,1.00098723903603,-0.0876336869488252,TRUE,0.602493641966194,1.00107058214535,-0.168566884702371,TRUE,0.529674284478652,1.00103554925532
490,"rand=1-2_rate=2_ROB=L_UH_Bias=Rct-NRE Moderate","1-2",2,"L_UH","Rct-NRE Moderate",0,0.0953101798043249,0.139761942375159,0.048790164169432,0.182321556793955,0.300104592450338,0.0867611344249271,0.0883205015837423,0.0471547404064337,TRUE,0.478073871283133,1.00099779629578,-0.0341278322835084,TRUE,0.33007932539035,1.00104661961986,0.117379169467821,TRUE,0.641120128285452,1.00106269607087,-0.0965189952672354,TRUE,0.412262719593762,1.00099413737466
491,"rand=1-2_rate=2_ROB=L_UH_Bias=Rct-NRE Moderate","1-2",2,"L_UH","Rct-NRE Moderate",0,0.0953101798043249,0.139761942375159,0.048790164169432,0.182321556793955,0.300104592450338,0.105206715000754,0.107455649977601,0.0375022608105426,TRUE,0.418299636651824,1.00101466377955,-0.0785609411200718,TRUE,0.336648439721822,1.0010168660465,-0.0722716332920796,TRUE,0.65247257564211,1.00098867123931,-0.0771772264976218,TRUE,0.448611546997488,1.0010063031914
492,"rand=1-2_rate=2_ROB=L_UH_Bias=Rct-NRE Moderate","1-2",2,"L_UH","Rct-NRE Moderate",0,0.0953101798043249,0.139761942375159,0.048790164169432,0.182321556793955,0.300104592450338,0.111994283641734,0.112933223141332,-0.178711611202297,TRUE,0.502142272712745,1.00105031141277,-0.312638577289558,FALSE,0.330419195112822,1.00098640311278,0.0337453108991224,TRUE,0.50657769036253,1.00126845695603,-0.412483276640596,FALSE,0.389915635225517,1.00099079676481
493,"rand=1-2_rate=2_ROB=L_UH_Bias=Rct-NRE Moderate","1-2",2,"L_UH","Rct-NRE Moderate",0,0.0953101798043249,0.139761942375159,0.048790164169432,0.182321556793955,0.300104592450338,0.107537633863415,0.107537633863415,0.0547199902154409,TRUE,0.383555918843815,1.00098674346212,-0.00543084686791584,TRUE,0.24391561838722,1.0010172330368,0.0660597166332552,TRUE,0.657582570562261,1.00105049754819,-0.0209505449126786,TRUE,0.287808986870337,1.00098926522402
494,"rand=1-2_rate=2_ROB=L_UH_Bias=Rct-NRE Moderate","1-2",2,"L_UH","Rct-NRE Moderate",0,0.0953101798043249,0.139761942375159,0.048790164169432,0.182321556793955,0.300104592450338,0.106145816633888,0.10716063956577,-0.000310523611281477,TRUE,0.550582408575222,1.001055614939,-0.119727877844084,TRUE,0.492871708342545,1.001039719237,-0.064077944694835,TRUE,0.891357443360239,1.0009881247422,-0.147812051843424,TRUE,0.705214594401762,1.00100299540695
495,"rand=1-2_rate=2_ROB=L_UH_Bias=Rct-NRE Moderate","1-2",2,"L_UH","Rct-NRE Moderate",0,0.0953101798043249,0.139761942375159,0.048790164169432,0.182321556793955,0.300104592450338,0.11090547506231,0.114284441561935,-0.0566526532881746,TRUE,0.455997169381468,1.00155078526566,-0.0655631118654196,TRUE,0.286766013814615,1.00098849412952,0.0116930239426882,TRUE,0.52496069806717,1.0009887942556,-0.0890991509294268,TRUE,0.393888400326957,1.00098604249941
496,"rand=1-2_rate=2_ROB=L_UH_Bias=Rct-NRE Moderate","1-2",2,"L_UH","Rct-NRE Moderate",0,0.0953101798043249,0.139761942375159,0.048790164169432,0.182321556793955,0.300104592450338,0.102107514926092,0.102671950816911,-0.0179843230713868,TRUE,0.503874181604769,1.0009871935213,-0.0595803012278289,TRUE,0.348419202900988,1.00100592316615,0.0323228405122835,TRUE,0.777429196040307,1.00102367348629,-0.0984906109668451,TRUE,0.418997195767125,1.00098728976887
497,"rand=1-2_rate=2_ROB=L_UH_Bias=Rct-NRE Moderate","1-2",2,"L_UH","Rct-NRE Moderate",0,0.0953101798043249,0.139761942375159,0.048790164169432,0.182321556793955,0.300104592450338,0.090897020462856,0.0923408904292837,-0.0913458207582789,TRUE,0.44645810000464,1.00099073941366,-0.123249348880328,FALSE,0.238787598974816,1.00099457781778,-0.113349076208308,TRUE,0.625240903611079,1.00197074324553,-0.125097900473767,TRUE,0.291277233706104,1.00099196528369
498,"rand=1-2_rate=2_ROB=L_UH_Bias=Rct-NRE Moderate","1-2",2,"L_UH","Rct-NRE Moderate",0,0.0953101798043249,0.139761942375159,0.048790164169432,0.182321556793955,0.300104592450338,0.109010465022588,0.109374556739391,-0.124088500821472,TRUE,0.537397536491281,1.0009862421321,-0.16064255362785,TRUE,0.412020544854345,1.00102252855026,-0.00636567269541821,TRUE,0.760946068976375,1.00105784731945,-0.231752052814572,TRUE,0.530102472657316,1.00099560893017
499,"rand=1-2_rate=2_ROB=L_UH_Bias=Rct-NRE Moderate","1-2",2,"L_UH","Rct-NRE Moderate",0,0.0953101798043249,0.139761942375159,0.048790164169432,0.182321556793955,0.300104592450338,0.113903225669152,0.114324866823313,0.0112352042007238,TRUE,0.459912634329513,1.00100030946914,-0.0671611475287304,TRUE,0.364608236179749,1.00102062153563,-0.0803203751859132,TRUE,0.592835728699692,1.00215538683547,-0.0587235449102774,TRUE,0.525213287160106,1.00102206869086
500,"rand=1-2_rate=2_ROB=L_UH_Bias=Rct-NRE Moderate","1-2",2,"L_UH","Rct-NRE Moderate",0,0.0953101798043249,0.139761942375159,0.048790164169432,0.182321556793955,0.300104592450338,0.109099946498104,0.110187246159223,0.106295698615753,TRUE,0.381455754983084,1.0010842443827,-0.0400465811450124,TRUE,0.394344693240129,1.00099242455333,0.255226280249379,FALSE,0.391835462793913,1.00145179249556,-0.216271262009589,TRUE,0.598513014778844,1.00101092458136
501,"rand=1-2_rate=2_ROB=L_UH_Bias=Rct-NRE Moderate","1-2",2,"L_UH","Rct-NRE Moderate",0,0.0953101798043249,0.139761942375159,0.048790164169432,0.182321556793955,0.300104592450338,0.0844527423713828,0.0874089360478739,-0.136807749858434,TRUE,0.723545647520019,1.00098607283648,-0.176552958071468,TRUE,0.537579848380055,1.00098612352723,-0.538580727051412,TRUE,1.41081252785314,1.00100355761312,-0.03029689079738,TRUE,0.538655140934528,1.0010279315929
502,"rand=1-2_rate=2_ROB=L_UH_Bias=Rct-NRE Moderate","1-2",2,"L_UH","Rct-NRE Moderate",0,0.0953101798043249,0.139761942375159,0.048790164169432,0.182321556793955,0.300104592450338,0.106737297489821,0.107449634451104,-0.0433861166658747,TRUE,0.462145364917959,1.00101032840878,-0.100252804863675,TRUE,0.334682071964305,1.0010911050038,-0.115396005074449,TRUE,0.589377353668293,1.00104530343909,-0.0911050557321103,TRUE,0.472746326345175,1.00109207317423
503,"rand=1-2_rate=2_ROB=L_UH_Bias=Rct-NRE Moderate","1-2",2,"L_UH","Rct-NRE Moderate",0,0.0953101798043249,0.139761942375159,0.048790164169432,0.182321556793955,0.300104592450338,0.112621925441499,0.112866316871553,-0.00894028939697455,TRUE,0.614349972054155,1.00107208833178,-0.192639720003067,TRUE,0.577444606276203,1.00103964321251,0.117522530142307,TRUE,0.633685435701688,1.00099929527856,-0.437675743295001,FALSE,0.947283962921174,1.0010154799318
504,"rand=1-2_rate=2_ROB=L_UH_Bias=Rct-NRE Moderate","1-2",2,"L_UH","Rct-NRE Moderate",0,0.0953101798043249,0.139761942375159,0.048790164169432,0.182321556793955,0.300104592450338,0.0969134240959923,0.0996206683351726,-0.133823247971799,TRUE,0.465009013996115,1.0009864491997,-0.176081853884426,FALSE,0.299818296422644,1.00102498163134,-0.151584642722675,TRUE,0.594730943312219,1.00099943559053,-0.181494302185931,TRUE,0.402482497938959,1.00098717662631
505,"rand=1-2_rate=2_ROB=L_UH_Bias=Rct-NRE Moderate","1-2",2,"L_UH","Rct-NRE Moderate",0,0.0953101798043249,0.139761942375159,0.048790164169432,0.182321556793955,0.300104592450338,0.121162821824889,0.122838755023102,-0.157511261862068,TRUE,0.49478121708803,1.00100359137873,-0.175039332573393,FALSE,0.290416435332321,1.00104962102507,-0.120828484944804,TRUE,0.697260923519967,1.00102132935087,-0.191495774064824,FALSE,0.344543256959015,1.00105914361546
506,"rand=1-2_rate=2_ROB=L_UH_Bias=Rct-NRE Moderate","1-2",2,"L_UH","Rct-NRE Moderate",0,0.0953101798043249,0.139761942375159,0.048790164169432,0.182321556793955,0.300104592450338,0.101568761927677,0.103554823602655,-0.0309449229138856,TRUE,0.451637094444889,1.00131814815808,-0.0070515288282782,TRUE,0.271677083829567,1.00102132113861,-0.132443779468771,TRUE,0.549011990390992,1.00126556465636,0.0302855974452976,TRUE,0.360480080048212,1.00098874691039
507,"rand=1-2_rate=2_ROB=L_UH_Bias=Rct-NRE Moderate","1-2",2,"L_UH","Rct-NRE Moderate",0,0.0953101798043249,0.139761942375159,0.048790164169432,0.182321556793955,0.300104592450338,0.100662786767232,0.102459979153054,0.0575677846070832,TRUE,0.412577768605941,1.00115750962561,0.00168581464215256,TRUE,0.290083945742182,1.00109557993055,0.0305547128556408,TRUE,0.514720852680805,1.00134445849661,-0.00701680030569851,TRUE,0.408720884302737,1.0010055627543
508,"rand=1-2_rate=2_ROB=L_UH_Bias=Rct-NRE Moderate","1-2",2,"L_UH","Rct-NRE Moderate",0,0.0953101798043249,0.139761942375159,0.048790164169432,0.182321556793955,0.300104592450338,0.116673508459507,0.11703915694747,0.0521194134055882,TRUE,0.452195077652446,1.00133028264339,0.0409881683513132,TRUE,0.322895625736074,1.0009865705269,-0.0130118189044088,TRUE,0.523125589709189,1.00136687233689,0.0630050683230675,TRUE,0.464582165824561,1.00099190655489
509,"rand=1-2_rate=2_ROB=L_UH_Bias=Rct-NRE Moderate","1-2",2,"L_UH","Rct-NRE Moderate",0,0.0953101798043249,0.139761942375159,0.048790164169432,0.182321556793955,0.300104592450338,0.111591259317274,0.113876052852168,-0.179684365070958,TRUE,0.523268789405977,1.00119662859903,-0.267216015422647,FALSE,0.391017896455608,1.00102369506192,-0.0612956476402162,TRUE,0.635233234976129,1.00102100435602,-0.347154031581088,FALSE,0.52076886704354,1.00103712205065
510,"rand=1-2_rate=2_ROB=L_UH_Bias=Rct-NRE Moderate","1-2",2,"L_UH","Rct-NRE Moderate",0,0.0953101798043249,0.139761942375159,0.048790164169432,0.182321556793955,0.300104592450338,0.109681899186587,0.110636222245917,-0.178760447389673,TRUE,0.623615242791914,1.0009860463478,-0.297254768620302,FALSE,0.519092272159109,1.00101400051079,-0.0948718007088585,TRUE,0.662712234083765,1.00100470558956,-0.403777921633687,FALSE,0.814511753208176,1.00098618279292
511,"rand=1-2_rate=2_ROB=L_UH_Bias=Rct-NRE Moderate","1-2",2,"L_UH","Rct-NRE Moderate",0,0.0953101798043249,0.139761942375159,0.048790164169432,0.182321556793955,0.300104592450338,0.104681419384998,0.106927834487302,-0.0281250020793953,TRUE,0.550344073967014,1.00127722938768,-0.174244752056468,TRUE,0.49954573673728,1.00100249046525,0.106983334966859,TRUE,0.519532138690319,1.00099213943364,-0.357660834619098,FALSE,0.822820266551155,1.0010155871958
512,"rand=1-2_rate=2_ROB=L_UH_Bias=Rct-NRE Moderate","1-2",2,"L_UH","Rct-NRE Moderate",0,0.0953101798043249,0.139761942375159,0.048790164169432,0.182321556793955,0.300104592450338,0.0818006607010892,0.0856738622133825,0.131152839645541,TRUE,0.368427907107765,1.00105060405877,0.0203138527682157,TRUE,0.326906911531148,1.00099515717505,0.193056923785717,TRUE,0.441069250339186,1.00127212462229,-0.0556397455515263,TRUE,0.486266189579973,1.00098802342427
513,"rand=1-2_rate=2_ROB=L_UH_Bias=Rct-NRE Moderate","1-2",2,"L_UH","Rct-NRE Moderate",0,0.0953101798043249,0.139761942375159,0.048790164169432,0.182321556793955,0.300104592450338,0.0925409892831378,0.0961108412428629,-0.0750156707958192,TRUE,0.426722731764275,1.0010056305442,-0.224570343805167,FALSE,0.419904587637052,1.00099174467815,-0.0210666486079023,TRUE,0.604729208513765,1.00118295546748,-0.322237790875792,FALSE,0.604843728393265,1.00109679471485
514,"rand=1-2_rate=2_ROB=L_UH_Bias=Rct-NRE Moderate","1-2",2,"L_UH","Rct-NRE Moderate",0,0.0953101798043249,0.139761942375159,0.048790164169432,0.182321556793955,0.300104592450338,0.100382869382442,0.100587546080123,-0.185419498512842,TRUE,0.63094786953091,1.00098752326608,-0.188618860159719,TRUE,0.4629657537405,1.00100085002961,-0.135627658991611,TRUE,0.770882741648923,1.00123410378834,-0.213039415370783,TRUE,0.658951977933504,1.00098679811327
515,"rand=1-2_rate=2_ROB=L_UH_Bias=Rct-NRE Moderate","1-2",2,"L_UH","Rct-NRE Moderate",0,0.0953101798043249,0.139761942375159,0.048790164169432,0.182321556793955,0.300104592450338,0.102606472152492,0.10400032220815,-0.0943224712384809,TRUE,0.434398357951828,1.00099040691534,-0.0569288558807581,TRUE,0.250008712997207,1.00101407036322,0.0699263508180696,TRUE,0.541556730332689,1.00099524742425,-0.08923982342889,TRUE,0.30131122778515,1.00099437760121
516,"rand=1-2_rate=2_ROB=L_UH_Bias=Rct-NRE Moderate","1-2",2,"L_UH","Rct-NRE Moderate",0,0.0953101798043249,0.139761942375159,0.048790164169432,0.182321556793955,0.300104592450338,0.0984868384636952,0.0984868384636952,-0.245824371935918,TRUE,0.611655707600549,1.00098599458732,-0.307005310529077,FALSE,0.438711440165021,1.00099964795379,-0.457619760033148,TRUE,1.34588000755594,1.00107940694818,-0.261831647442782,FALSE,0.462219388147258,1.00113057957561
517,"rand=1-2_rate=2_ROB=L_UH_Bias=Rct-NRE Moderate","1-2",2,"L_UH","Rct-NRE Moderate",0,0.0953101798043249,0.139761942375159,0.048790164169432,0.182321556793955,0.300104592450338,0.0903636628490813,0.0922030657226783,0.113517115377867,TRUE,0.358292638814073,1.00098931351085,0.0513774737553501,TRUE,0.303704899000735,1.00103670159881,0.223494044507916,TRUE,0.529245793333876,1.00099374062178,-0.0158853437358497,TRUE,0.379473843189937,1.00106975696162
518,"rand=1-2_rate=2_ROB=L_UH_Bias=Rct-NRE Moderate","1-2",2,"L_UH","Rct-NRE Moderate",0,0.0953101798043249,0.139761942375159,0.048790164169432,0.182321556793955,0.300104592450338,0.0900786366132041,0.0916463916427563,-0.180411294782558,TRUE,0.574573757136464,1.00099184581122,-0.17675633602774,TRUE,0.395357091015087,1.00100426449546,-0.22897749533869,TRUE,0.7354288942506,1.00098810140848,-0.155556027227585,TRUE,0.532719938141997,1.00101208653057
519,"rand=1-2_rate=2_ROB=L_UH_Bias=Rct-NRE Moderate","1-2",2,"L_UH","Rct-NRE Moderate",0,0.0953101798043249,0.139761942375159,0.048790164169432,0.182321556793955,0.300104592450338,0.101756675647344,0.104395075881776,-0.0751696610864607,TRUE,0.412010418817874,1.00101717672339,-0.0868152362401298,TRUE,0.246627710740249,1.00100428711978,-0.120203239968314,TRUE,0.677493033354522,1.0009862139393,-0.0802314319706294,TRUE,0.2850755357879,1.0010054900255
520,"rand=1-2_rate=2_ROB=L_UH_Bias=Rct-NRE Moderate","1-2",2,"L_UH","Rct-NRE Moderate",0,0.0953101798043249,0.139761942375159,0.048790164169432,0.182321556793955,0.300104592450338,0.0945223834241043,0.0962023897701582,-0.0428626145574811,TRUE,0.49523660534211,1.00109519135802,-0.116376395234012,TRUE,0.357682633929037,1.00104425111814,-0.137215360774178,TRUE,0.761674701659504,1.00101413174775,-0.107950272373177,TRUE,0.460515754468318,1.00099637488623
521,"rand=1-2_rate=2_ROB=L_UH_Bias=Rct-NRE Moderate","1-2",2,"L_UH","Rct-NRE Moderate",0,0.0953101798043249,0.139761942375159,0.048790164169432,0.182321556793955,0.300104592450338,0.0928436326640954,0.0940230804590297,-0.116325496247691,TRUE,0.617782440289018,1.00100868471266,-0.144766590780961,TRUE,0.449768007382317,1.00100929114702,-0.041465431837107,TRUE,0.944338161156472,1.00099559584347,-0.198985231449435,TRUE,0.561222220229596,1.00101811685883
522,"rand=1-2_rate=2_ROB=L_UH_Bias=Rct-NRE Moderate","1-2",2,"L_UH","Rct-NRE Moderate",0,0.0953101798043249,0.139761942375159,0.048790164169432,0.182321556793955,0.300104592450338,0.101470259181581,0.101835359541946,-0.00583107722218501,TRUE,0.421000544414884,1.00114395672523,-0.0980194003010668,TRUE,0.298831147230134,1.00099169628023,0.101583769299163,TRUE,0.503989752130573,1.00101943606792,-0.16469699808402,TRUE,0.382067732390699,1.00099399392154
523,"rand=1-2_rate=2_ROB=L_UH_Bias=Rct-NRE Moderate","1-2",2,"L_UH","Rct-NRE Moderate",0,0.0953101798043249,0.139761942375159,0.048790164169432,0.182321556793955,0.300104592450338,0.114131595028912,0.11458954260075,-0.139147366974826,TRUE,0.55701169240396,1.00101791113207,-0.220668517537486,FALSE,0.427437946113044,1.00100297378715,-0.00325206972809844,TRUE,0.593617889516164,1.00117423956274,-0.322594553537999,FALSE,0.615776207175966,1.00098696785144
524,"rand=1-2_rate=2_ROB=L_UH_Bias=Rct-NRE Moderate","1-2",2,"L_UH","Rct-NRE Moderate",0,0.0953101798043249,0.139761942375159,0.048790164169432,0.182321556793955,0.300104592450338,0.0984899797315006,0.0995248926626879,-0.00520769989868097,TRUE,0.435249448833754,1.00099788927876,-0.0172195163036777,TRUE,0.283727646890253,1.00124230899696,-0.197432789084288,TRUE,0.7007018438855,1.00123198005535,0.0285369345712828,TRUE,0.325459771580573,1.00104136703538
525,"rand=1-2_rate=2_ROB=L_UH_Bias=Rct-NRE Moderate","1-2",2,"L_UH","Rct-NRE Moderate",0,0.0953101798043249,0.139761942375159,0.048790164169432,0.182321556793955,0.300104592450338,0.102896858013856,0.103989226169318,-0.0566043206873967,TRUE,0.469428800603839,1.00106007544532,-0.0742677747399403,TRUE,0.311297279099063,1.00098599985672,-0.138461271947036,TRUE,0.586868487141916,1.00098879265361,-0.0499783452073272,TRUE,0.416714501172945,1.00099947883141
526,"rand=1-2_rate=2_ROB=L_UH_Bias=Rct-NRE Moderate","1-2",2,"L_UH","Rct-NRE Moderate",0,0.0953101798043249,0.139761942375159,0.048790164169432,0.182321556793955,0.300104592450338,0.101984717957139,0.10593988893228,0.0381598059303334,TRUE,0.403894101632609,1.00098761333253,-0.0586337613344725,TRUE,0.324476340888311,1.00103084179167,0.0742161314630345,TRUE,0.539811854566156,1.00139088306231,-0.11350133626291,TRUE,0.445182880967269,1.00098599452532
527,"rand=1-2_rate=2_ROB=L_UH_Bias=Rct-NRE Moderate","1-2",2,"L_UH","Rct-NRE Moderate",0,0.0953101798043249,0.139761942375159,0.048790164169432,0.182321556793955,0.300104592450338,0.108174059727322,0.110291463004478,0.00725814239669254,TRUE,0.36498737736388,1.00104455744759,-0.137942186315186,TRUE,0.330324207994287,1.00111080715536,-0.0422384839253778,TRUE,0.676022242149149,1.00226359777856,-0.168779440433548,TRUE,0.42207003729825,1.0009864525556
528,"rand=1-2_rate=2_ROB=L_UH_Bias=Rct-NRE Moderate","1-2",2,"L_UH","Rct-NRE Moderate",0,0.0953101798043249,0.139761942375159,0.048790164169432,0.182321556793955,0.300104592450338,0.0945355981389294,0.0960790789536847,-0.141641576339807,TRUE,0.561135921441261,1.00112388040142,-0.152242117419007,TRUE,0.402128495935891,1.00104510907909,-0.140232153433577,TRUE,0.642550060085315,1.00147218939516,-0.152948803343093,TRUE,0.585245384147417,1.0009902523429
529,"rand=1-2_rate=2_ROB=L_UH_Bias=Rct-NRE Moderate","1-2",2,"L_UH","Rct-NRE Moderate",0,0.0953101798043249,0.139761942375159,0.048790164169432,0.182321556793955,0.300104592450338,0.108371830440785,0.109023604440962,-0.018283578961225,TRUE,0.451049307586769,1.00098642835472,-0.0811627655996263,TRUE,0.386746931632829,1.00098599041251,-0.066683900237565,TRUE,0.562858676584447,1.00099152398621,-0.0826822336344262,TRUE,0.586876132600234,1.00100518164462
530,"rand=1-2_rate=2_ROB=L_UH_Bias=Rct-NRE Moderate","1-2",2,"L_UH","Rct-NRE Moderate",0,0.0953101798043249,0.139761942375159,0.048790164169432,0.182321556793955,0.300104592450338,0.0998000668068046,0.101062280877232,0.111653463533949,TRUE,0.39918910646043,1.00102070295863,0.010537581864518,TRUE,0.36200873275508,1.00100855849973,0.0878883623318184,TRUE,0.466585003082885,1.00098756688312,-0.0227240194501246,TRUE,0.588376740872916,1.00099722192116
531,"rand=1-2_rate=2_ROB=L_UH_Bias=Rct-NRE Moderate","1-2",2,"L_UH","Rct-NRE Moderate",0,0.0953101798043249,0.139761942375159,0.048790164169432,0.182321556793955,0.300104592450338,0.107483204930707,0.10866634381892,-0.0898097095307491,TRUE,0.494507768861347,1.00102440298681,-0.215033325851181,FALSE,0.430898130373301,1.00103534151094,-0.0924353126687487,TRUE,0.683340105966015,1.00125352570978,-0.27414024869391,TRUE,0.630132794041195,1.00099304283113
532,"rand=1-2_rate=2_ROB=L_UH_Bias=Rct-NRE Moderate","1-2",2,"L_UH","Rct-NRE Moderate",0,0.0953101798043249,0.139761942375159,0.048790164169432,0.182321556793955,0.300104592450338,0.115658612363507,0.116050089100949,-0.0787509766938379,TRUE,0.527918201216183,1.00109048204391,-0.102290743001903,TRUE,0.340584786675864,1.00100138879996,0.0682997721887225,TRUE,0.700080051860633,1.00111562748817,-0.167999702064819,TRUE,0.406257891411486,1.00099489569534
533,"rand=1-2_rate=2_ROB=L_UH_Bias=Rct-NRE Moderate","1-2",2,"L_UH","Rct-NRE Moderate",0,0.0953101798043249,0.139761942375159,0.048790164169432,0.182321556793955,0.300104592450338,0.0997955139137461,0.100467950599529,0.113437494305808,TRUE,0.335643084651729,1.00101871526926,0.033403452031126,TRUE,0.297513910384686,1.00099460286313,0.0910611480297743,TRUE,0.495339197165457,1.00133634656228,0.00875972177391215,TRUE,0.432682405846559,1.00101521781116
534,"rand=1-2_rate=2_ROB=L_UH_Bias=Rct-NRE Moderate","1-2",2,"L_UH","Rct-NRE Moderate",0,0.0953101798043249,0.139761942375159,0.048790164169432,0.182321556793955,0.300104592450338,0.0970790560211205,0.0980178514525138,-0.120836284060403,TRUE,0.534265458077479,1.00100217122675,-0.173887687020924,TRUE,0.374949062671567,1.00104039012466,-0.124834981332093,TRUE,0.988244734803687,1.00099136767184,-0.191513576775121,FALSE,0.402801168359466,1.00098887754544
535,"rand=1-2_rate=2_ROB=L_UH_Bias=Rct-NRE Moderate","1-2",2,"L_UH","Rct-NRE Moderate",0,0.0953101798043249,0.139761942375159,0.048790164169432,0.182321556793955,0.300104592450338,0.118441017044709,0.119573882270625,-0.165394577049056,TRUE,0.572689238938312,1.00136806744954,-0.299202172072335,FALSE,0.478637690314678,1.00107373966302,-0.038789105064519,TRUE,0.666279241030993,1.0010313255213,-0.431433010227886,FALSE,0.680302768756403,1.00098616095075
536,"rand=1-2_rate=2_ROB=L_UH_Bias=Rct-NRE Moderate","1-2",2,"L_UH","Rct-NRE Moderate",0,0.0953101798043249,0.139761942375159,0.048790164169432,0.182321556793955,0.300104592450338,0.10440264803634,0.106980166808595,-0.171879789140003,TRUE,0.546513967212633,1.0009924630205,-0.283239577893978,FALSE,0.38884437284466,1.00098716849786,-0.347957980671,TRUE,1.0187652330353,1.00098838818284,-0.262925605451991,FALSE,0.447862451358845,1.00106967186606
537,"rand=1-2_rate=2_ROB=L_UH_Bias=Rct-NRE Moderate","1-2",2,"L_UH","Rct-NRE Moderate",0,0.0953101798043249,0.139761942375159,0.048790164169432,0.182321556793955,0.300104592450338,0.111190826409844,0.111575143751063,-0.203300125502249,TRUE,0.519096791820935,1.00105090147434,-0.246357576294747,FALSE,0.31299226400273,1.00108316170404,-0.216475949963784,TRUE,0.887202345405934,1.00106574574922,-0.255393067389925,FALSE,0.345499898729509,1.00100452970475
538,"rand=1-2_rate=2_ROB=L_UH_Bias=Rct-NRE Moderate","1-2",2,"L_UH","Rct-NRE Moderate",0,0.0953101798043249,0.139761942375159,0.048790164169432,0.182321556793955,0.300104592450338,0.108022638888498,0.108191900857694,-0.035312508515827,TRUE,0.472694460197477,1.00104168416237,-0.130923092933718,TRUE,0.36682739530837,1.00099246269768,-0.0135639404339534,TRUE,0.57397598473339,1.00100995988409,-0.173924364114983,TRUE,0.527839811855094,1.00098660698245
539,"rand=1-2_rate=2_ROB=L_UH_Bias=Rct-NRE Moderate","1-2",2,"L_UH","Rct-NRE Moderate",0,0.0953101798043249,0.139761942375159,0.048790164169432,0.182321556793955,0.300104592450338,0.105797156127774,0.110181116557611,-0.0617756320318941,TRUE,0.41039875919147,1.00112269262897,-0.156569621070023,FALSE,0.289594944805911,1.00099299166748,-0.143036964903686,TRUE,0.749735235435292,1.00114711044262,-0.161377319753843,FALSE,0.339701645718857,1.00104976526602
540,"rand=1-2_rate=2_ROB=L_UH_Bias=Rct-NRE Moderate","1-2",2,"L_UH","Rct-NRE Moderate",0,0.0953101798043249,0.139761942375159,0.048790164169432,0.182321556793955,0.300104592450338,0.110831870857333,0.111035942460111,-0.115452114932531,TRUE,0.518822196693933,1.00102999652993,-0.189644700190504,TRUE,0.441547573013751,1.00099561203176,-0.126547123562072,TRUE,0.657346986558666,1.00103252271942,-0.213575524735321,TRUE,0.654890826397664,1.00102360784977
541,"rand=1-2_rate=2_ROB=L_UH_Bias=Rct-NRE Moderate","1-2",2,"L_UH","Rct-NRE Moderate",0,0.0953101798043249,0.139761942375159,0.048790164169432,0.182321556793955,0.300104592450338,0.107133831210957,0.107757517476755,-0.210437657898716,TRUE,0.501481867943485,1.00109566881195,-0.249371637091687,FALSE,0.312877568146672,1.0010302687602,-0.153060345983876,TRUE,0.592586957145087,1.00104039578273,-0.276784869888778,FALSE,0.418255715932258,1.00099402058173
542,"rand=1-2_rate=2_ROB=L_UH_Bias=Rct-NRE Moderate","1-2",2,"L_UH","Rct-NRE Moderate",0,0.0953101798043249,0.139761942375159,0.048790164169432,0.182321556793955,0.300104592450338,0.0972250579493153,0.0988283356165208,-0.0567639328471843,TRUE,0.480169920074955,1.00100448653835,-0.166173337871581,TRUE,0.371378398881301,1.00100334847977,0.0170177623773706,TRUE,0.609144894836267,1.00101033567033,-0.240311987365055,FALSE,0.492571601068937,1.00099231914962
543,"rand=1-2_rate=2_ROB=L_UH_Bias=Rct-NRE Moderate","1-2",2,"L_UH","Rct-NRE Moderate",0,0.0953101798043249,0.139761942375159,0.048790164169432,0.182321556793955,0.300104592450338,0.0941278493866379,0.0961007772557284,-0.126201220483257,TRUE,0.529856098557293,1.00107948975321,-0.212340405735132,FALSE,0.406033959511788,1.0009885888641,-0.0803900037608067,TRUE,0.754079058703548,1.00111100945219,-0.275095212045617,FALSE,0.529376489127118,1.00099181005094
544,"rand=1-2_rate=2_ROB=L_UH_Bias=Rct-NRE Moderate","1-2",2,"L_UH","Rct-NRE Moderate",0,0.0953101798043249,0.139761942375159,0.048790164169432,0.182321556793955,0.300104592450338,0.103538869523628,0.104558697670165,0.0638256820701267,TRUE,0.439053166844353,1.00100077084487,-0.0407175884771864,TRUE,0.376692374124928,1.00104767667576,0.148048899608727,TRUE,0.490799345841785,1.00102401494719,-0.135532248304148,TRUE,0.561093110564195,1.00098754514227
545,"rand=1-2_rate=2_ROB=L_UH_Bias=Rct-NRE Moderate","1-2",2,"L_UH","Rct-NRE Moderate",0,0.0953101798043249,0.139761942375159,0.048790164169432,0.182321556793955,0.300104592450338,0.104357628324291,0.107984077077213,-0.27621637857348,FALSE,0.571957905953115,1.00111211261767,-0.376085353639143,FALSE,0.442220061244161,1.00102809706784,-0.245046489564068,TRUE,0.672814051274858,1.00099145482636,-0.43175212631913,FALSE,0.652631653034317,1.0009885903288
546,"rand=1-2_rate=2_ROB=L_UH_Bias=Rct-NRE Moderate","1-2",2,"L_UH","Rct-NRE Moderate",0,0.0953101798043249,0.139761942375159,0.048790164169432,0.182321556793955,0.300104592450338,0.104868569355599,0.10892887590168,-0.00385175671545834,TRUE,0.451198843871535,1.00104793084265,0.0220556278597902,TRUE,0.283416600061959,1.00098642401065,-0.066679282423431,TRUE,0.584185233753449,1.00100443737137,0.0500693803833482,TRUE,0.362773185223491,1.00100434167755
547,"rand=1-2_rate=2_ROB=L_UH_Bias=Rct-NRE Moderate","1-2",2,"L_UH","Rct-NRE Moderate",0,0.0953101798043249,0.139761942375159,0.048790164169432,0.182321556793955,0.300104592450338,0.0994187044330603,0.102128375774472,-0.0495434110195407,TRUE,0.445647320003482,1.00107716665008,-0.0877714012548423,TRUE,0.329208857484243,1.00107501677209,-0.0418442663802803,TRUE,0.610894541354968,1.00120885827118,-0.102650622448804,TRUE,0.440987172317894,1.00102758194313
548,"rand=1-2_rate=2_ROB=L_UH_Bias=Rct-NRE Moderate","1-2",2,"L_UH","Rct-NRE Moderate",0,0.0953101798043249,0.139761942375159,0.048790164169432,0.182321556793955,0.300104592450338,0.0891036860435029,0.0908293414019068,-0.151457849838637,TRUE,0.552218048647631,1.00107223015867,-0.161503583253431,TRUE,0.382817897669612,1.00098801798143,-0.00605863664818762,TRUE,0.602750717549625,1.00120365971775,-0.224060472312689,TRUE,0.536556897789437,1.00100560899689
549,"rand=1-2_rate=2_ROB=L_UH_Bias=Rct-NRE Moderate","1-2",2,"L_UH","Rct-NRE Moderate",0,0.0953101798043249,0.139761942375159,0.048790164169432,0.182321556793955,0.300104592450338,0.0965352596150763,0.0988121817212376,-0.0798011296444625,TRUE,0.49302791171042,1.00098665833447,-0.0323099441726058,TRUE,0.308470031418027,1.00100078455165,-0.204688033614503,TRUE,0.733417971892592,1.00108027426613,0.0193841054260467,TRUE,0.355148389428017,1.00099106301988
550,"rand=1-2_rate=2_ROB=L_UH_Bias=Rct-NRE Moderate","1-2",2,"L_UH","Rct-NRE Moderate",0,0.0953101798043249,0.139761942375159,0.048790164169432,0.182321556793955,0.300104592450338,0.104724498359964,0.105292644859516,-0.134062056787012,TRUE,0.521145823158651,1.00138179304073,-0.0768904415637834,TRUE,0.321729508659559,1.00100415133168,-0.205242300692476,TRUE,0.596090660704867,1.00171613871176,-0.03413717923729,TRUE,0.443598839811392,1.00101338236782
551,"rand=1-2_rate=2_ROB=L_UH_Bias=Rct-NRE Moderate","1-2",2,"L_UH","Rct-NRE Moderate",0,0.0953101798043249,0.139761942375159,0.048790164169432,0.182321556793955,0.300104592450338,0.106078274237075,0.107051290584213,-0.0707992314268506,TRUE,0.540659253386645,1.00105340867178,-0.172499677149654,TRUE,0.482074741547145,1.0009995297768,-0.0502957586079531,TRUE,0.628476437912627,1.00099261891335,-0.244154415376179,TRUE,0.761542562118828,1.00098610837253
552,"rand=1-2_rate=2_ROB=L_UH_Bias=Rct-NRE Moderate","1-2",2,"L_UH","Rct-NRE Moderate",0,0.0953101798043249,0.139761942375159,0.048790164169432,0.182321556793955,0.300104592450338,0.106051058029481,0.109095377916875,-0.0302076535888913,TRUE,0.444888607290573,1.00109585166931,-0.130355806800005,TRUE,0.325455156333319,1.00099470998637,-0.170824667011052,TRUE,0.803857519732683,1.00099863501556,-0.117463657689175,TRUE,0.37607458497111,1.00099596184023
553,"rand=1-2_rate=2_ROB=L_UH_Bias=Rct-NRE Moderate","1-2",2,"L_UH","Rct-NRE Moderate",0,0.0953101798043249,0.139761942375159,0.048790164169432,0.182321556793955,0.300104592450338,0.0999332640833138,0.100899702188732,-0.234020577966928,TRUE,0.570339208878608,1.00100004734848,-0.226190132763521,FALSE,0.409927334653469,1.00103399110687,-0.17388478569535,TRUE,0.657188425125223,1.00154671600659,-0.249360144002941,TRUE,0.593962023741027,1.00098601633016
554,"rand=1-2_rate=2_ROB=L_UH_Bias=Rct-NRE Moderate","1-2",2,"L_UH","Rct-NRE Moderate",0,0.0953101798043249,0.139761942375159,0.048790164169432,0.182321556793955,0.300104592450338,0.0964269963343656,0.0966572787863935,-0.0975765687328196,TRUE,0.49450038313692,1.00113881327664,-0.112255543738508,TRUE,0.312238150803583,1.00098649986769,-0.111141715011515,TRUE,0.727668824823847,1.0010219364035,-0.112461646707619,TRUE,0.380637716629187,1.00107608109217
555,"rand=1-2_rate=2_ROB=L_UH_Bias=Rct-NRE Moderate","1-2",2,"L_UH","Rct-NRE Moderate",0,0.0953101798043249,0.139761942375159,0.048790164169432,0.182321556793955,0.300104592450338,0.101681718386424,0.102526728333935,-0.139341916328803,TRUE,0.512952378562792,1.00100711726402,-0.17606507003486,FALSE,0.339470589166732,1.00100365342675,-0.237068528585824,TRUE,0.833839031513359,1.00119345265546,-0.158134431820734,TRUE,0.412167901309941,1.00098722977326
556,"rand=1-2_rate=2_ROB=L_UH_Bias=Rct-NRE Moderate","1-2",2,"L_UH","Rct-NRE Moderate",0,0.0953101798043249,0.139761942375159,0.048790164169432,0.182321556793955,0.300104592450338,0.107998730450668,0.108834264298784,-0.0739639812169897,TRUE,0.528156193990113,1.0010333953747,-0.18249088681991,TRUE,0.492506235862192,1.00100638416626,-0.208667551744007,TRUE,0.763997920055509,1.0010853879509,-0.173420792175262,TRUE,0.750041425362511,1.00099020039008
557,"rand=1-2_rate=2_ROB=L_UH_Bias=Rct-NRE Moderate","1-2",2,"L_UH","Rct-NRE Moderate",0,0.0953101798043249,0.139761942375159,0.048790164169432,0.182321556793955,0.300104592450338,0.10176596309503,0.102592492467786,-0.189815967543476,TRUE,0.51896890255778,1.00101017236871,-0.319844108617336,FALSE,0.402232906948021,1.00102555154946,-0.122725690071436,TRUE,0.618220116630449,1.00127799184434,-0.392192167424554,FALSE,0.562081263087517,1.00099061416765
558,"rand=1-2_rate=2_ROB=L_UH_Bias=Rct-NRE Moderate","1-2",2,"L_UH","Rct-NRE Moderate",0,0.0953101798043249,0.139761942375159,0.048790164169432,0.182321556793955,0.300104592450338,0.117815223880975,0.119609391437739,-0.0996998632502506,TRUE,0.488568045629325,1.00113967153854,-0.184587423602887,FALSE,0.377823408518423,1.00103990526309,-0.0168718868210798,TRUE,0.539382366159678,1.0010361015834,-0.257108149697496,FALSE,0.55445067371829,1.00099045361767
559,"rand=1-2_rate=2_ROB=L_UH_Bias=Rct-NRE Moderate","1-2",2,"L_UH","Rct-NRE Moderate",0,0.0953101798043249,0.139761942375159,0.048790164169432,0.182321556793955,0.300104592450338,0.115069667841036,0.115069667841036,-0.205151190578988,TRUE,0.578687629895951,1.00101313370142,-0.297133693609981,FALSE,0.429390623125761,1.00100422393629,-0.0242565531325463,TRUE,0.656735712885738,1.00104217980767,-0.415435181453535,FALSE,0.554822490578636,1.00101763011912
560,"rand=1-2_rate=2_ROB=L_UH_Bias=Rct-NRE Moderate","1-2",2,"L_UH","Rct-NRE Moderate",0,0.0953101798043249,0.139761942375159,0.048790164169432,0.182321556793955,0.300104592450338,0.0974066676056138,0.0983670425901953,-0.053932706593828,TRUE,0.488088183353409,1.00137762299804,-0.122346418822219,TRUE,0.376522378889905,1.00100372934535,-0.000214697520657836,TRUE,0.57143996373159,1.0009974445572,-0.17533404141239,TRUE,0.545408870689787,1.00100121536896
561,"rand=1-2_rate=2_ROB=L_UH_Bias=Rct-NRE Moderate","1-2",2,"L_UH","Rct-NRE Moderate",0,0.0953101798043249,0.139761942375159,0.048790164169432,0.182321556793955,0.300104592450338,0.109844394262682,0.109844394262682,0.0303406050104265,TRUE,0.412353626866629,1.00103747509944,-0.107221922574524,TRUE,0.363120886391002,1.00098908410724,0.127913306325051,TRUE,0.479612521703447,1.00142855218373,-0.2204033063568,TRUE,0.509699982405672,1.00098715241433
562,"rand=1-2_rate=2_ROB=L_UH_Bias=Rct-NRE Moderate","1-2",2,"L_UH","Rct-NRE Moderate",0,0.0953101798043249,0.139761942375159,0.048790164169432,0.182321556793955,0.300104592450338,0.103431239181123,0.103745000947409,-0.113664070107531,TRUE,0.577496306559074,1.00098668207224,-0.150626539837249,TRUE,0.479516819489876,1.00098600689216,0.0820353938983485,TRUE,0.881620246133753,1.00100504020576,-0.289168591866751,FALSE,0.591513788105817,1.00102080503977
563,"rand=1-2_rate=2_ROB=L_UH_Bias=Rct-NRE Moderate","1-2",2,"L_UH","Rct-NRE Moderate",0,0.0953101798043249,0.139761942375159,0.048790164169432,0.182321556793955,0.300104592450338,0.101589345309584,0.102622185427646,-0.161128587468095,TRUE,0.579790712185826,1.00100559199795,-0.295202328559147,FALSE,0.541960811835937,1.0010908282611,-0.0709866042897211,TRUE,0.676338875291656,1.00101467205818,-0.437799886071168,FALSE,0.856119888896774,1.00112992926575
564,"rand=1-2_rate=2_ROB=L_UH_Bias=Rct-NRE Moderate","1-2",2,"L_UH","Rct-NRE Moderate",0,0.0953101798043249,0.139761942375159,0.048790164169432,0.182321556793955,0.300104592450338,0.105851089062337,0.106287088215404,-0.106450004550424,TRUE,0.574027830533476,1.0010133493995,-0.244618464320333,TRUE,0.536606006757042,1.00099807610315,-0.0140021055051258,TRUE,0.634140651812869,1.00119566236905,-0.395357107034471,FALSE,0.875387551653675,1.00105643381643
565,"rand=1-2_rate=2_ROB=L_UH_Bias=Rct-NRE Moderate","1-2",2,"L_UH","Rct-NRE Moderate",0,0.0953101798043249,0.139761942375159,0.048790164169432,0.182321556793955,0.300104592450338,0.113255342226587,0.114706298255843,-0.200929241519404,TRUE,0.563226857701595,1.00104571219304,-0.231733447204926,FALSE,0.421744150272621,1.00106737978756,-0.389712167138215,FALSE,0.765603330138243,1.00152180589565,-0.168844028611383,TRUE,0.554264346290888,1.00108154276985
566,"rand=1-2_rate=2_ROB=L_UH_Bias=Rct-NRE Moderate","1-2",2,"L_UH","Rct-NRE Moderate",0,0.0953101798043249,0.139761942375159,0.048790164169432,0.182321556793955,0.300104592450338,0.0945107200819482,0.0954687676156305,-0.202008811224928,TRUE,0.585115118581755,1.00098604140439,-0.224987145579029,FALSE,0.432346216731347,1.00099565806259,-0.349333391192036,FALSE,0.762706045209955,1.00098678410707,-0.171860103895753,TRUE,0.590029491404301,1.00098611609214
567,"rand=1-2_rate=2_ROB=L_UH_Bias=Rct-NRE Moderate","1-2",2,"L_UH","Rct-NRE Moderate",0,0.0953101798043249,0.139761942375159,0.048790164169432,0.182321556793955,0.300104592450338,0.0861446135641062,0.0869614259421283,-0.0770190992229789,TRUE,0.53623983559681,1.00099491879616,-0.128758974201955,TRUE,0.374549084784854,1.00100037035548,-0.0571436904467939,TRUE,0.871764365518551,1.00102421639966,-0.156808931011593,TRUE,0.452771384734256,1.00104103591987
568,"rand=1-2_rate=2_ROB=L_UH_Bias=Rct-NRE Moderate","1-2",2,"L_UH","Rct-NRE Moderate",0,0.0953101798043249,0.139761942375159,0.048790164169432,0.182321556793955,0.300104592450338,0.112695060524428,0.11390943183944,-0.129007595376425,TRUE,0.508960330178462,1.00098755358581,-0.189872734272885,FALSE,0.385098304400326,1.00099835143865,-0.156008836120324,TRUE,0.682144387358423,1.00122469696916,-0.203183737296834,TRUE,0.538421649710124,1.0010157749125
569,"rand=1-2_rate=2_ROB=L_UH_Bias=Rct-NRE Moderate","1-2",2,"L_UH","Rct-NRE Moderate",0,0.0953101798043249,0.139761942375159,0.048790164169432,0.182321556793955,0.300104592450338,0.109471040011567,0.11017427597324,0.0713089678124427,TRUE,0.431140051547201,1.00098740968842,-0.0558332494365787,TRUE,0.391540127433903,1.00103022656056,0.0708386521490766,TRUE,0.541333808271012,1.00099748183333,-0.118512743433242,TRUE,0.604562433149166,1.0009930953925
570,"rand=1-2_rate=2_ROB=L_UH_Bias=Rct-NRE Moderate","1-2",2,"L_UH","Rct-NRE Moderate",0,0.0953101798043249,0.139761942375159,0.048790164169432,0.182321556793955,0.300104592450338,0.114043411986731,0.116211867826377,-0.0823727857284984,TRUE,0.449673957630414,1.00099565876227,-0.139422746166055,FALSE,0.275928737517864,1.00109673720227,-0.0718080561981334,TRUE,0.568138487439948,1.00239065154554,-0.157563488519338,TRUE,0.357047356590555,1.00101931451649
571,"rand=1-2_rate=2_ROB=L_UH_Bias=Rct-NRE Moderate","1-2",2,"L_UH","Rct-NRE Moderate",0,0.0953101798043249,0.139761942375159,0.048790164169432,0.182321556793955,0.300104592450338,0.108708355072688,0.109795445466136,0.00633470987400786,TRUE,0.49594242650433,1.00099389849092,-0.0861347371762888,TRUE,0.387589670493078,1.00098871498389,-0.15495585335926,TRUE,1.19545029899282,1.00099257201103,-0.0574753650897482,TRUE,0.392608883281918,1.00099123231783
572,"rand=1-2_rate=2_ROB=L_UH_Bias=Rct-NRE Moderate","1-2",2,"L_UH","Rct-NRE Moderate",0,0.0953101798043249,0.139761942375159,0.048790164169432,0.182321556793955,0.300104592450338,0.106471840529548,0.108840745665574,0.03560284110235,TRUE,0.42654373372792,1.00132126857721,-0.10555178503204,TRUE,0.37019951326406,1.00099865458574,0.131234932272279,TRUE,0.469111625344171,1.00098794379553,-0.208614415940534,TRUE,0.532181550646334,1.00098648248954
573,"rand=1-2_rate=2_ROB=L_UH_Bias=Rct-NRE Moderate","1-2",2,"L_UH","Rct-NRE Moderate",0,0.0953101798043249,0.139761942375159,0.048790164169432,0.182321556793955,0.300104592450338,0.098285880527831,0.101611466002981,-0.0603419963541594,TRUE,0.55331012517603,1.00099316710586,-0.140886709471159,TRUE,0.434784436904938,1.00101381036675,-0.223789807982804,TRUE,1.34177152586279,1.00105209414453,-0.132243057830497,TRUE,0.460662542182357,1.00099152177948
574,"rand=1-2_rate=2_ROB=L_UH_Bias=Rct-NRE Moderate","1-2",2,"L_UH","Rct-NRE Moderate",0,0.0953101798043249,0.139761942375159,0.048790164169432,0.182321556793955,0.300104592450338,0.115729242959049,0.116535320954978,-0.213071513899441,TRUE,0.494411645258019,1.00118999887932,-0.308587300160164,FALSE,0.382760235154418,1.00101408814304,-0.206587988354983,TRUE,0.615640097770971,1.00144231773462,-0.349696295026396,FALSE,0.556833364170601,1.00102146851832
575,"rand=1-2_rate=2_ROB=L_UH_Bias=Rct-NRE Moderate","1-2",2,"L_UH","Rct-NRE Moderate",0,0.0953101798043249,0.139761942375159,0.048790164169432,0.182321556793955,0.300104592450338,0.104147269418761,0.106160446438317,-0.158976485875273,TRUE,0.556962446727783,1.00103034339773,-0.246190286855501,FALSE,0.436866768291851,1.00098637453669,-0.247053634227293,TRUE,0.772754947080042,1.00099527722389,-0.244997348984115,TRUE,0.60139775714056,1.00110378782242
576,"rand=1-2_rate=2_ROB=L_UH_Bias=Rct-NRE Moderate","1-2",2,"L_UH","Rct-NRE Moderate",0,0.0953101798043249,0.139761942375159,0.048790164169432,0.182321556793955,0.300104592450338,0.107961250920705,0.108884071580074,-0.159448303319886,TRUE,0.471972789762315,1.00098971659823,-0.256095942293517,FALSE,0.294462637652434,1.00098617352525,-0.00442716403002397,TRUE,0.609978563405494,1.00105831363139,-0.323322656553658,FALSE,0.325816979954789,1.0010013153116
577,"rand=1-2_rate=2_ROB=L_UH_Bias=Rct-NRE Moderate","1-2",2,"L_UH","Rct-NRE Moderate",0,0.0953101798043249,0.139761942375159,0.048790164169432,0.182321556793955,0.300104592450338,0.0989670610733048,0.100895425555367,0.0448373604498882,TRUE,0.373949276715588,1.00098969739542,-0.114000740117215,TRUE,0.373941743757779,1.00098635942717,-0.0823131474495027,TRUE,0.763280859555441,1.00106438625791,-0.126757780509293,TRUE,0.487757243285195,1.00101544237793
578,"rand=1-2_rate=2_ROB=L_UH_Bias=Rct-NRE Moderate","1-2",2,"L_UH","Rct-NRE Moderate",0,0.0953101798043249,0.139761942375159,0.048790164169432,0.182321556793955,0.300104592450338,0.104563195322781,0.105319669693633,-0.0707784590985525,TRUE,0.543516106918644,1.00104232733997,-0.117924141533914,TRUE,0.401855501667774,1.00098615324561,0.00978176925706176,TRUE,0.657283723756192,1.00120371785523,-0.175922464874074,TRUE,0.561938492723574,1.00098880617974
579,"rand=1-2_rate=2_ROB=L_UH_Bias=Rct-NRE Moderate","1-2",2,"L_UH","Rct-NRE Moderate",0,0.0953101798043249,0.139761942375159,0.048790164169432,0.182321556793955,0.300104592450338,0.085007222028954,0.0853592387390334,0.00437204449474171,TRUE,0.425295942816665,1.00109223802816,-0.0905569577683103,TRUE,0.312771388296823,1.00098882900353,0.106202579137007,TRUE,0.461715139921174,1.00184392506599,-0.166968381594633,TRUE,0.431921996528936,1.00098619134794
580,"rand=1-2_rate=2_ROB=L_UH_Bias=Rct-NRE Moderate","1-2",2,"L_UH","Rct-NRE Moderate",0,0.0953101798043249,0.139761942375159,0.048790164169432,0.182321556793955,0.300104592450338,0.107526000701059,0.107956134534978,-0.20885516877405,TRUE,0.556966168581281,1.00108089607906,-0.22269574338658,FALSE,0.365442421368457,1.00098937084323,-0.150677924442518,TRUE,0.610526730698149,1.00098711058293,-0.243736567013572,FALSE,0.519950546290958,1.00099067171373
581,"rand=1-2_rate=2_ROB=L_UH_Bias=Rct-NRE Moderate","1-2",2,"L_UH","Rct-NRE Moderate",0,0.0953101798043249,0.139761942375159,0.048790164169432,0.182321556793955,0.300104592450338,0.0972027801475591,0.0980614760583792,-0.0953503803688183,TRUE,0.498296596607309,1.00100311617219,-0.107662346624537,TRUE,0.329436453091101,1.00099824429189,-0.114380349595063,TRUE,0.906367745603547,1.00099873029451,-0.109492926119921,TRUE,0.364878863371749,1.00100386678686
582,"rand=1-2_rate=2_ROB=L_UH_Bias=Rct-NRE Moderate","1-2",2,"L_UH","Rct-NRE Moderate",0,0.0953101798043249,0.139761942375159,0.048790164169432,0.182321556793955,0.300104592450338,0.106618432111255,0.107181960570195,-0.139576178558008,TRUE,0.507202173110908,1.0009974345655,-0.183021965398831,FALSE,0.343841827517749,1.00100563327565,-0.0849347714591788,TRUE,0.554937012634479,1.00132457338062,-0.222959589295955,FALSE,0.494571196592207,1.00098631328547
583,"rand=1-2_rate=2_ROB=L_UH_Bias=Rct-NRE Moderate","1-2",2,"L_UH","Rct-NRE Moderate",0,0.0953101798043249,0.139761942375159,0.048790164169432,0.182321556793955,0.300104592450338,0.104952580958132,0.10784329893217,0.0437067903576311,TRUE,0.437247177046811,1.0009879357861,-0.111367042153537,TRUE,0.406848428084884,1.00099488952022,0.143277316512575,TRUE,0.515583350807841,1.00112714489952,-0.246935095584337,TRUE,0.586200122032155,1.00099895528841
584,"rand=1-2_rate=2_ROB=L_UH_Bias=Rct-NRE Moderate","1-2",2,"L_UH","Rct-NRE Moderate",0,0.0953101798043249,0.139761942375159,0.048790164169432,0.182321556793955,0.300104592450338,0.096623918901453,0.0988585502940544,-0.0433374459748253,TRUE,0.49149580310997,1.00101336094829,-0.0635706668653275,TRUE,0.35426276646079,1.00101833994866,0.00198365631085107,TRUE,0.535934843895498,1.00100953816004,-0.0957227374169174,TRUE,0.530516277103624,1.00098639618453
585,"rand=1-2_rate=2_ROB=L_UH_Bias=Rct-NRE Moderate","1-2",2,"L_UH","Rct-NRE Moderate",0,0.0953101798043249,0.139761942375159,0.048790164169432,0.182321556793955,0.300104592450338,0.0863893837891857,0.0869337536433732,0.0243069191061496,TRUE,0.433138340535713,1.00118388978952,-0.0650626471029288,TRUE,0.356204645896071,1.0010615105999,0.208033950637398,TRUE,0.460135076730523,1.0013049051125,-0.189311012816509,TRUE,0.490674443205201,1.00098614858834
586,"rand=1-2_rate=2_ROB=L_UH_Bias=Rct-NRE Moderate","1-2",2,"L_UH","Rct-NRE Moderate",0,0.0953101798043249,0.139761942375159,0.048790164169432,0.182321556793955,0.300104592450338,0.107381859070093,0.107750114778363,-0.089693708867808,TRUE,0.540285763067497,1.00105565949186,-0.203241842838645,TRUE,0.478068989182716,1.00101129852909,-0.237323096870735,TRUE,0.727507232731495,1.00098702186964,-0.178154776290256,TRUE,0.709329449869402,1.00098927083235
587,"rand=1-2_rate=2_ROB=L_UH_Bias=Rct-NRE Moderate","1-2",2,"L_UH","Rct-NRE Moderate",0,0.0953101798043249,0.139761942375159,0.048790164169432,0.182321556793955,0.300104592450338,0.0934574977087007,0.096152711896084,-0.0103557725092753,TRUE,0.430155132131308,1.00127823281996,-0.0278248220672135,TRUE,0.285736238907376,1.000986054835,-0.0872267145289338,TRUE,0.547995746543456,1.00107417988439,-0.0121277455306128,TRUE,0.388788297343793,1.00103835171908
588,"rand=1-2_rate=2_ROB=L_UH_Bias=Rct-NRE Moderate","1-2",2,"L_UH","Rct-NRE Moderate",0,0.0953101798043249,0.139761942375159,0.048790164169432,0.182321556793955,0.300104592450338,0.100374117874088,0.102438443265354,-0.119626265142721,TRUE,0.552160254730093,1.00107204853414,-0.113187763368003,TRUE,0.358199820883094,1.00098642422466,-0.228619477549807,TRUE,0.924777680040972,1.00112625485845,-0.0740298069944987,TRUE,0.4155427676089,1.00098731845545
589,"rand=1-2_rate=2_ROB=L_UH_Bias=Rct-NRE Moderate","1-2",2,"L_UH","Rct-NRE Moderate",0,0.0953101798043249,0.139761942375159,0.048790164169432,0.182321556793955,0.300104592450338,0.0862460187943332,0.0869765988209296,-0.060621939300125,TRUE,0.594463554870654,1.0012408673196,-0.0463098435407561,TRUE,0.460450164965916,1.00101708323355,-0.182718804043095,TRUE,0.921228180913317,1.00099434343295,0.018679971273353,TRUE,0.58894675157563,1.0010317564766
590,"rand=1-2_rate=2_ROB=L_UH_Bias=Rct-NRE Moderate","1-2",2,"L_UH","Rct-NRE Moderate",0,0.0953101798043249,0.139761942375159,0.048790164169432,0.182321556793955,0.300104592450338,0.11254909932324,0.11352944056484,-0.0307613199892305,TRUE,0.466069572190479,1.00111339585774,-0.125097933970534,TRUE,0.388286444345535,1.00099950630156,0.0997128859963002,TRUE,0.694351130857253,1.00101635380364,-0.227524297898267,FALSE,0.481529176426155,1.00100558260872
591,"rand=1-2_rate=2_ROB=L_UH_Bias=Rct-NRE Moderate","1-2",2,"L_UH","Rct-NRE Moderate",0,0.0953101798043249,0.139761942375159,0.048790164169432,0.182321556793955,0.300104592450338,0.111252609202998,0.111994845035846,-0.0181928336955064,TRUE,0.485522331999109,1.00118572170639,-0.0555102633952917,TRUE,0.366248374689665,1.00098609491273,-0.147278031146392,TRUE,0.665068917972192,1.00105683871502,-0.0128801644725391,TRUE,0.493155694867009,1.00100240266832
592,"rand=1-2_rate=2_ROB=L_UH_Bias=Rct-NRE Moderate","1-2",2,"L_UH","Rct-NRE Moderate",0,0.0953101798043249,0.139761942375159,0.048790164169432,0.182321556793955,0.300104592450338,0.109503224423968,0.110155847681156,-0.165228681376748,TRUE,0.571009043482537,1.00098726046621,-0.21465879865348,FALSE,0.414015355183661,1.00099819257065,-0.475481513773304,TRUE,1.21332038179508,1.0009861502672,-0.123895743991315,TRUE,0.389955812482826,1.0010072896132
593,"rand=1-2_rate=2_ROB=L_UH_Bias=Rct-NRE Moderate","1-2",2,"L_UH","Rct-NRE Moderate",0,0.0953101798043249,0.139761942375159,0.048790164169432,0.182321556793955,0.300104592450338,0.119155435409638,0.120409406456363,0.033843917673431,TRUE,0.468775940291899,1.00098960663014,-0.116789536419506,TRUE,0.492574595933046,1.0009873066583,-0.0277809713142436,TRUE,0.565513332424861,1.00098720714749,-0.167118070772482,TRUE,0.862934427610604,1.00098606029237
594,"rand=1-2_rate=2_ROB=L_UH_Bias=Rct-NRE Moderate","1-2",2,"L_UH","Rct-NRE Moderate",0,0.0953101798043249,0.139761942375159,0.048790164169432,0.182321556793955,0.300104592450338,0.102723374495075,0.103029078070643,-0.0696243723253429,TRUE,0.474390521107718,1.00117109019908,-0.184443704424615,TRUE,0.487785590775559,1.00098600289056,0.0387080304908587,TRUE,0.522414722556514,1.00102647078191,-0.339545093157724,TRUE,0.824383047287334,1.00120462478718
595,"rand=1-2_rate=2_ROB=L_UH_Bias=Rct-NRE Moderate","1-2",2,"L_UH","Rct-NRE Moderate",0,0.0953101798043249,0.139761942375159,0.048790164169432,0.182321556793955,0.300104592450338,0.104966096851163,0.105960611532009,0.0574984547180333,TRUE,0.394071202635443,1.00100748432291,-0.0466997311441355,TRUE,0.315874389886339,1.00108390432486,-0.0561400929405247,TRUE,0.571080255975199,1.00144129553098,-0.0439525930976994,TRUE,0.436438844330889,1.00098610676351
596,"rand=1-2_rate=2_ROB=L_UH_Bias=Rct-NRE Moderate","1-2",2,"L_UH","Rct-NRE Moderate",0,0.0953101798043249,0.139761942375159,0.048790164169432,0.182321556793955,0.300104592450338,0.0952555656097187,0.0994241439181634,0.0381063747003824,TRUE,0.360910143430132,1.00108428293055,-0.0288962347041211,TRUE,0.242363417885876,1.00098608752062,0.0334954913124277,TRUE,0.510921566732742,1.00128781541532,-0.0435292558036,TRUE,0.316944196372594,1.00100930614627
597,"rand=1-2_rate=2_ROB=L_UH_Bias=Rct-NRE Moderate","1-2",2,"L_UH","Rct-NRE Moderate",0,0.0953101798043249,0.139761942375159,0.048790164169432,0.182321556793955,0.300104592450338,0.110673358852379,0.111730203556329,-0.0632579138345637,TRUE,0.469772098124008,1.00098926629532,-0.146155803602184,TRUE,0.337477739735902,1.00099134498753,0.0176982984010536,TRUE,0.526003274154392,1.00103997902331,-0.207408607563172,TRUE,0.466566288958941,1.00098682172106
598,"rand=1-2_rate=2_ROB=L_UH_Bias=Rct-NRE Moderate","1-2",2,"L_UH","Rct-NRE Moderate",0,0.0953101798043249,0.139761942375159,0.048790164169432,0.182321556793955,0.300104592450338,0.089758409775721,0.0922484857278759,0.0371916183774261,TRUE,0.418481885800563,1.00102789771113,-0.0913487615265058,TRUE,0.373288065586545,1.00102256821562,0.0488381514456766,TRUE,0.507333810525702,1.00140757473976,-0.151624875163601,TRUE,0.570913921833321,1.00100174925848
599,"rand=1-2_rate=2_ROB=L_UH_Bias=Rct-NRE Moderate","1-2",2,"L_UH","Rct-NRE Moderate",0,0.0953101798043249,0.139761942375159,0.048790164169432,0.182321556793955,0.300104592450338,0.0984925838232321,0.0995101576730107,0.0370782214761162,TRUE,0.437672064747801,1.00102217546131,-0.0657539678629118,TRUE,0.36631540058299,1.00099141992219,0.119541065812571,TRUE,0.527804790257347,1.00206296252074,-0.14807884330703,TRUE,0.522124123489941,1.00100281656065
600,"rand=1-2_rate=2_ROB=L_UH_Bias=Rct-NRE Moderate","1-2",2,"L_UH","Rct-NRE Moderate",0,0.0953101798043249,0.139761942375159,0.048790164169432,0.182321556793955,0.300104592450338,0.107668960546191,0.108184836830174,-0.0497665543608499,TRUE,0.478341383139616,1.00105070002245,-0.155242949872226,TRUE,0.391149516408813,1.00102907412542,-0.0338449658157831,TRUE,0.582889691378627,1.00100674885282,-0.206425879359343,TRUE,0.574261630013081,1.00099670511741
601,"rand=1-2_rate=2_ROB=L_UH_Bias=Rct-NRE Moderate","1-2",2,"L_UH","Rct-NRE Moderate",0,0.0953101798043249,0.139761942375159,0.048790164169432,0.182321556793955,0.300104592450338,0.108057775399414,0.10857473713081,-0.0762759104743536,TRUE,0.473196411425668,1.00104013558786,-0.0771565656397755,TRUE,0.312907211413152,1.00098712468701,-0.177679898712562,TRUE,0.637084858166348,1.00099758331835,-0.049653644842057,TRUE,0.411236334310358,1.00098756008427
602,"rand=1-2_rate=2_ROB=L_UH_Bias=Rct-NRE Moderate","1-2",2,"L_UH","Rct-NRE Moderate",0,0.0953101798043249,0.139761942375159,0.048790164169432,0.182321556793955,0.300104592450338,0.102845525999205,0.103752387378127,-0.0709271544596661,TRUE,0.509584900216791,1.00099872106658,-0.189968563857764,TRUE,0.431249891424002,1.00105882765475,-0.109332594707504,TRUE,0.820353955774566,1.00101951934538,-0.227783162166396,TRUE,0.578492691199854,1.00098921482564
603,"rand=1-2_rate=2_ROB=L_UH_Bias=Rct-NRE Moderate","1-2",2,"L_UH","Rct-NRE Moderate",0,0.0953101798043249,0.139761942375159,0.048790164169432,0.182321556793955,0.300104592450338,0.122386417648338,0.123963528941174,0.00866659213270171,TRUE,0.443918725712738,1.00098693021525,-0.0245643406001446,TRUE,0.286996032121332,1.00101052349663,0.00785637864009359,TRUE,0.571218148962775,1.00149348478926,-0.0343807532437381,TRUE,0.375979660310483,1.0009998581782
604,"rand=1-2_rate=2_ROB=L_UH_Bias=Rct-NRE Moderate","1-2",2,"L_UH","Rct-NRE Moderate",0,0.0953101798043249,0.139761942375159,0.048790164169432,0.182321556793955,0.300104592450338,0.10183730040257,0.104489401518944,-0.0128507276932657,TRUE,0.439940569433527,1.00108679469683,-0.0678256624990636,TRUE,0.314370742791723,1.00099969922709,-0.200027593614527,TRUE,0.788097572651997,1.00117607986991,-0.0273141310293146,TRUE,0.356700331234259,1.00101278545133
605,"rand=1-2_rate=2_ROB=L_UH_Bias=Rct-NRE Moderate","1-2",2,"L_UH","Rct-NRE Moderate",0,0.0953101798043249,0.139761942375159,0.048790164169432,0.182321556793955,0.300104592450338,0.110925206313753,0.111638299191308,-0.00541177399880444,TRUE,0.409110642362208,1.00100534877116,-0.139772840968259,TRUE,0.35822200250451,1.0009905830406,-0.162455500799582,TRUE,0.862440750048787,1.00101095387357,-0.130238244471314,TRUE,0.432746452621131,1.00099608793551
606,"rand=1-2_rate=2_ROB=L_UH_Bias=Rct-NRE Moderate","1-2",2,"L_UH","Rct-NRE Moderate",0,0.0953101798043249,0.139761942375159,0.048790164169432,0.182321556793955,0.300104592450338,0.0866650569465839,0.08794183726012,-0.0412072738805509,TRUE,0.37809878619206,1.00152030228326,-0.153309970476976,FALSE,0.273787128311617,1.00099338271342,0.00668931961849895,TRUE,0.541299526335731,1.00113722916881,-0.19499572279228,FALSE,0.338427566326546,1.00103627270546
607,"rand=1-2_rate=2_ROB=L_UH_Bias=Rct-NRE Moderate","1-2",2,"L_UH","Rct-NRE Moderate",0,0.0953101798043249,0.139761942375159,0.048790164169432,0.182321556793955,0.300104592450338,0.100957589841203,0.101950463254726,-0.103990933221261,TRUE,0.547334184283118,1.00099026317472,-0.161693123579634,TRUE,0.434087141739196,1.00099269482412,-0.097165443132883,TRUE,0.600754567962031,1.00133747091663,-0.185846826980528,TRUE,0.67835765198154,1.00098919423361
608,"rand=1-2_rate=2_ROB=L_UH_Bias=Rct-NRE Moderate","1-2",2,"L_UH","Rct-NRE Moderate",0,0.0953101798043249,0.139761942375159,0.048790164169432,0.182321556793955,0.300104592450338,0.0978149103130259,0.0997875543106241,-0.104084523654852,TRUE,0.477992067419922,1.00104145538123,-0.192999648835747,FALSE,0.378390239143925,1.00105057500535,-0.357059353003745,FALSE,0.699486006154296,1.00112705455798,-0.130458069533538,TRUE,0.505847864740831,1.00101683335622
609,"rand=1-2_rate=2_ROB=L_UH_Bias=Rct-NRE Moderate","1-2",2,"L_UH","Rct-NRE Moderate",0,0.0953101798043249,0.139761942375159,0.048790164169432,0.182321556793955,0.300104592450338,0.101210329395804,0.102301664660309,-0.139151814522069,TRUE,0.527214858702561,1.00100790917882,-0.198582623922769,FALSE,0.391144453929109,1.0010098592417,-0.0403652790739311,TRUE,0.554173556196672,1.00098745257664,-0.267674909906187,FALSE,0.587050545981479,1.00098859330148
610,"rand=1-2_rate=2_ROB=L_UH_Bias=Rct-NRE Moderate","1-2",2,"L_UH","Rct-NRE Moderate",0,0.0953101798043249,0.139761942375159,0.048790164169432,0.182321556793955,0.300104592450338,0.0972773153074409,0.0990029767503127,-0.178706984931627,TRUE,0.546092073710742,1.00107954586513,-0.221850900819514,FALSE,0.346494031024042,1.00103261730103,-0.0203570923313405,TRUE,0.661521646343966,1.00103878983103,-0.291815372757879,FALSE,0.4260064795819,1.00098989159935
611,"rand=1-2_rate=2_ROB=L_UH_Bias=Rct-NRE Moderate","1-2",2,"L_UH","Rct-NRE Moderate",0,0.0953101798043249,0.139761942375159,0.048790164169432,0.182321556793955,0.300104592450338,0.0953322660233098,0.0974520448488476,0.0271025851089237,TRUE,0.484997808485959,1.00101450479468,-0.0517751247305605,TRUE,0.40715622351408,1.00098816054121,0.0987626378709885,TRUE,0.538159758839538,1.00144158958853,-0.140349296987482,TRUE,0.626888726200087,1.00103230222659
612,"rand=1-2_rate=2_ROB=L_UH_Bias=Rct-NRE Moderate","1-2",2,"L_UH","Rct-NRE Moderate",0,0.0953101798043249,0.139761942375159,0.048790164169432,0.182321556793955,0.300104592450338,0.0958425978147977,0.0965004970363164,-0.0543024180147615,TRUE,0.588796210668399,1.00101504334422,-0.0969597985996618,TRUE,0.442159983041747,1.0010044058016,-0.165302353268193,TRUE,0.964608184906203,1.00098840489087,-0.0663470888858066,TRUE,0.565747294646681,1.00098655460787
613,"rand=1-2_rate=2_ROB=L_UH_Bias=Rct-NRE Moderate","1-2",2,"L_UH","Rct-NRE Moderate",0,0.0953101798043249,0.139761942375159,0.048790164169432,0.182321556793955,0.300104592450338,0.102698975866458,0.103893806072373,-0.0457541912383803,TRUE,0.481189954266077,1.00101338225158,-0.115286097981048,TRUE,0.351515200919266,1.00099531521435,-0.166776785512629,TRUE,0.653894782856563,1.00208631695555,-0.0938158943777094,TRUE,0.474129799341914,1.00100864801907
614,"rand=1-2_rate=2_ROB=L_UH_Bias=Rct-NRE Moderate","1-2",2,"L_UH","Rct-NRE Moderate",0,0.0953101798043249,0.139761942375159,0.048790164169432,0.182321556793955,0.300104592450338,0.0995031085445548,0.100389552122044,-0.13035038445392,TRUE,0.455312485093325,1.00104384116849,-0.216070985473736,FALSE,0.323506339182231,1.0009940698705,-0.155470368257582,TRUE,0.611288248803012,1.00113226125692,-0.23735121243547,FALSE,0.441307272163032,1.00098937443613
615,"rand=1-2_rate=2_ROB=L_UH_Bias=Rct-NRE Moderate","1-2",2,"L_UH","Rct-NRE Moderate",0,0.0953101798043249,0.139761942375159,0.048790164169432,0.182321556793955,0.300104592450338,0.109649708372247,0.11080132071995,-0.0295723593049257,TRUE,0.541003341825937,1.00098634022629,-0.0789730899977574,TRUE,0.423258505004256,1.00100674016761,-0.0917232047810308,TRUE,0.731911620702777,1.00099464908191,-0.0742834934945329,TRUE,0.595288043559797,1.00108810253299
616,"rand=1-2_rate=2_ROB=L_UH_Bias=Rct-NRE Moderate","1-2",2,"L_UH","Rct-NRE Moderate",0,0.0953101798043249,0.139761942375159,0.048790164169432,0.182321556793955,0.300104592450338,0.0963516740841076,0.0970784674599309,-0.394970484195991,FALSE,0.644805579559248,1.00148347310887,-0.39309731418591,FALSE,0.461884225995097,1.00100825203903,-0.435147390204043,FALSE,0.725512101316849,1.00098602180407,-0.374306008964529,FALSE,0.686043616869368,1.00098788118469
617,"rand=1-2_rate=2_ROB=L_UH_Bias=Rct-NRE Moderate","1-2",2,"L_UH","Rct-NRE Moderate",0,0.0953101798043249,0.139761942375159,0.048790164169432,0.182321556793955,0.300104592450338,0.0911615516841225,0.0961462906711394,-0.0323715313925406,TRUE,0.467974162025372,1.00155503353369,-0.081126772384233,TRUE,0.354869526766288,1.00098891072788,-0.0255767665608837,TRUE,0.667029107824302,1.00111456613898,-0.107206893063105,TRUE,0.486137774375611,1.00098823163549
618,"rand=1-2_rate=2_ROB=L_UH_Bias=Rct-NRE Moderate","1-2",2,"L_UH","Rct-NRE Moderate",0,0.0953101798043249,0.139761942375159,0.048790164169432,0.182321556793955,0.300104592450338,0.101285199829167,0.103242598447529,-0.0695549898165344,TRUE,0.432173944505876,1.00105097022504,-0.0900817727968206,TRUE,0.252050893429608,1.00102106922123,-0.106296223633911,TRUE,0.650392226623092,1.00125236984418,-0.086351074463054,TRUE,0.301976622407544,1.00098815804213
619,"rand=1-2_rate=2_ROB=L_UH_Bias=Rct-NRE Moderate","1-2",2,"L_UH","Rct-NRE Moderate",0,0.0953101798043249,0.139761942375159,0.048790164169432,0.182321556793955,0.300104592450338,0.0897588772835248,0.0910256771024346,-0.00423115508867244,TRUE,0.493734657497922,1.00116949449587,-0.0555389608663148,TRUE,0.413731742730792,1.00100200994904,-0.124992575102274,TRUE,0.618943270265131,1.00142207432932,-0.00838227270362424,TRUE,0.603785716275365,1.00099720971906
620,"rand=1-2_rate=2_ROB=L_UH_Bias=Rct-NRE Moderate","1-2",2,"L_UH","Rct-NRE Moderate",0,0.0953101798043249,0.139761942375159,0.048790164169432,0.182321556793955,0.300104592450338,0.0998852829131771,0.101420587541894,-0.25052110409566,TRUE,0.612436073897815,1.00115181117499,-0.312557234161752,FALSE,0.437319301698384,1.00098601985646,-0.179328225977377,TRUE,0.768376873211778,1.00099862662643,-0.37209840885341,FALSE,0.601306646523202,1.00098618197659
621,"rand=1-2_rate=2_ROB=L_UH_Bias=Rct-NRE Moderate","1-2",2,"L_UH","Rct-NRE Moderate",0,0.0953101798043249,0.139761942375159,0.048790164169432,0.182321556793955,0.300104592450338,0.106734537575081,0.107689378614218,-0.364935373688985,FALSE,0.711953475827094,1.00112677245369,-0.383393197372676,FALSE,0.486091993572112,1.00098658631666,-0.132939948310059,TRUE,0.710640879672537,1.0009866476291,-0.509286765855643,FALSE,0.678261225776261,1.001011600104
622,"rand=1-2_rate=2_ROB=L_UH_Bias=Rct-NRE Moderate","1-2",2,"L_UH","Rct-NRE Moderate",0,0.0953101798043249,0.139761942375159,0.048790164169432,0.182321556793955,0.300104592450338,0.101035985296427,0.101926083240942,0.0125432476675467,TRUE,0.441573715269644,1.00103196049244,-0.0665300066375258,TRUE,0.323682581381747,1.00098856410066,0.128937035104316,TRUE,0.483506811250174,1.00101346996727,-0.13783094154139,TRUE,0.444718102850238,1.00103838812529
623,"rand=1-2_rate=2_ROB=L_UH_Bias=Rct-NRE Moderate","1-2",2,"L_UH","Rct-NRE Moderate",0,0.0953101798043249,0.139761942375159,0.048790164169432,0.182321556793955,0.300104592450338,0.107361412650967,0.108022011833095,0.00709338188989372,TRUE,0.505318224545706,1.00106043342868,-0.107189587198001,TRUE,0.419446192667481,1.00104594736633,0.0948986396230076,TRUE,0.637934871903005,1.00112980021523,-0.216604391082845,TRUE,0.586696236040679,1.00098910745555
624,"rand=1-2_rate=2_ROB=L_UH_Bias=Rct-NRE Moderate","1-2",2,"L_UH","Rct-NRE Moderate",0,0.0953101798043249,0.139761942375159,0.048790164169432,0.182321556793955,0.300104592450338,0.094781931093629,0.0959144134622098,0.040168359415148,TRUE,0.47045058172363,1.00099192313671,0.0129276343644568,TRUE,0.365865844018122,1.00099720950171,0.0213916296493075,TRUE,0.576925703332745,1.00116068650338,0.0104558504842432,TRUE,0.535337638295989,1.0009881770773
625,"rand=1-2_rate=2_ROB=L_UH_Bias=Rct-NRE Moderate","1-2",2,"L_UH","Rct-NRE Moderate",0,0.0953101798043249,0.139761942375159,0.048790164169432,0.182321556793955,0.300104592450338,0.0952392288514135,0.0964629129830595,0.0118175613042553,TRUE,0.513817911372516,1.00099835812984,-0.0697291394939086,TRUE,0.403534178338571,1.00101381666284,0.156373697695697,TRUE,0.673189335222873,1.00100209490586,-0.191192420217484,TRUE,0.503430714533648,1.00098640582256
626,"rand=1-2_rate=2_ROB=L_UH_Bias=Rct-NRE Moderate","1-2",2,"L_UH","Rct-NRE Moderate",0,0.0953101798043249,0.139761942375159,0.048790164169432,0.182321556793955,0.300104592450338,0.0989944687882249,0.0996929300432612,-0.0835203108576856,TRUE,0.439279560084198,1.00100072464792,-0.174836237290211,FALSE,0.304155358363561,1.00099356508222,0.031609638606511,TRUE,0.633740504681977,1.00111334693832,-0.237046974239785,FALSE,0.345386003725518,1.00099799902035
627,"rand=1-2_rate=2_ROB=L_UH_Bias=Rct-NRE Moderate","1-2",2,"L_UH","Rct-NRE Moderate",0,0.0953101798043249,0.139761942375159,0.048790164169432,0.182321556793955,0.300104592450338,0.0956730554854267,0.0984687804999762,-0.0366270562782163,TRUE,0.420944736663578,1.00104399392583,-0.171897265132538,TRUE,0.374945621937141,1.0009884690965,-0.0202431322592498,TRUE,0.743250652667309,1.00100938287463,-0.237124091557315,FALSE,0.470805657385745,1.00100326524688
628,"rand=1-2_rate=2_ROB=L_UH_Bias=Rct-NRE Moderate","1-2",2,"L_UH","Rct-NRE Moderate",0,0.0953101798043249,0.139761942375159,0.048790164169432,0.182321556793955,0.300104592450338,0.116744760425133,0.118044534965163,-0.0915691863461918,TRUE,0.497102787676051,1.00108957567159,-0.1710158837268,FALSE,0.335666602191903,1.00102563202757,0.0126565540513885,TRUE,0.523806621898515,1.00100259744979,-0.236159703859335,FALSE,0.463108393042078,1.00099522982435
629,"rand=1-2_rate=2_ROB=L_UH_Bias=Rct-NRE Moderate","1-2",2,"L_UH","Rct-NRE Moderate",0,0.0953101798043249,0.139761942375159,0.048790164169432,0.182321556793955,0.300104592450338,0.0971764819288776,0.0988790690305311,-0.0217592932936979,TRUE,0.462648282605654,1.00100615979515,-0.117424689138019,TRUE,0.405463800861156,1.00100322494872,-0.0173635252041113,TRUE,0.903790052267255,1.00100139423267,-0.163203383663406,TRUE,0.504469696679904,1.00099414055787
630,"rand=1-2_rate=2_ROB=L_UH_Bias=Rct-NRE Moderate","1-2",2,"L_UH","Rct-NRE Moderate",0,0.0953101798043249,0.139761942375159,0.048790164169432,0.182321556793955,0.300104592450338,0.100096782311879,0.101439335879798,-0.0757870393880742,TRUE,0.462188700026372,1.00098864126286,-0.110511674150328,TRUE,0.313569559244467,1.00101916891656,0.097070572080431,TRUE,0.505612635395526,1.00102780668464,-0.187935296900983,FALSE,0.40215317149689,1.00098768629394
631,"rand=1-2_rate=2_ROB=L_UH_Bias=Rct-NRE Moderate","1-2",2,"L_UH","Rct-NRE Moderate",0,0.0953101798043249,0.139761942375159,0.048790164169432,0.182321556793955,0.300104592450338,0.106960688553533,0.107586499985445,-0.0754499391358119,TRUE,0.537983501422878,1.00098794405528,-0.214883518230199,TRUE,0.513895370463102,1.00098600888304,-0.380688626416302,TRUE,1.19262296813143,1.00107137915888,-0.142230485889258,TRUE,0.613146905285137,1.00101946415941
632,"rand=1-2_rate=2_ROB=L_UH_Bias=Rct-NRE Moderate","1-2",2,"L_UH","Rct-NRE Moderate",0,0.0953101798043249,0.139761942375159,0.048790164169432,0.182321556793955,0.300104592450338,0.0923974666231012,0.0948709659836793,-0.118739181245699,TRUE,0.551107517356413,1.00104416968541,-0.182368712680284,TRUE,0.471086474206928,1.0010048110447,-0.118903888158036,TRUE,0.61730230913944,1.00141389139504,-0.227965489899375,TRUE,0.754763566975803,1.00099122339601
633,"rand=1-2_rate=2_ROB=L_UH_Bias=Rct-NRE Moderate","1-2",2,"L_UH","Rct-NRE Moderate",0,0.0953101798043249,0.139761942375159,0.048790164169432,0.182321556793955,0.300104592450338,0.100863797956031,0.105992691163012,-0.161338847412962,TRUE,0.534797811136309,1.00098620168665,-0.245805744637861,FALSE,0.432130262878785,1.00101108254311,-0.202901628683488,TRUE,0.892741777398759,1.00099832424307,-0.26496977345205,FALSE,0.567690912040172,1.00103917675573
634,"rand=1-2_rate=2_ROB=L_UH_Bias=Rct-NRE Moderate","1-2",2,"L_UH","Rct-NRE Moderate",0,0.0953101798043249,0.139761942375159,0.048790164169432,0.182321556793955,0.300104592450338,0.116030174886461,0.116190144165211,-0.0586149346388625,TRUE,0.531779344329131,1.00108850127779,-0.115294104000426,TRUE,0.411336863335592,1.00112353606152,0.0854561334691103,TRUE,0.726728177101189,1.00098631238683,-0.210010073280433,TRUE,0.532558546027778,1.00098603933107
635,"rand=1-2_rate=2_ROB=L_UH_Bias=Rct-NRE Moderate","1-2",2,"L_UH","Rct-NRE Moderate",0,0.0953101798043249,0.139761942375159,0.048790164169432,0.182321556793955,0.300104592450338,0.0936807125984202,0.0953901674570573,-0.0660636756143074,TRUE,0.476855464257797,1.00146983514206,-0.0754131759740009,TRUE,0.320692571791344,1.00098749791877,-0.226234829729585,TRUE,0.634847130911231,1.00108260902194,-0.025188673025119,TRUE,0.409177643075806,1.00099774952699
636,"rand=1-2_rate=2_ROB=L_UH_Bias=Rct-NRE Moderate","1-2",2,"L_UH","Rct-NRE Moderate",0,0.0953101798043249,0.139761942375159,0.048790164169432,0.182321556793955,0.300104592450338,0.0922232411842842,0.0934912080958681,0.00188677935074133,TRUE,0.381027257845863,1.00098746844731,-0.0500756890745955,TRUE,0.236611619188738,1.00100225998593,0.128958793340506,TRUE,0.542379826483397,1.00142226452376,-0.0888430220864664,TRUE,0.264907062390423,1.00100002640128
637,"rand=1-2_rate=2_ROB=L_UH_Bias=Rct-NRE Moderate","1-2",2,"L_UH","Rct-NRE Moderate",0,0.0953101798043249,0.139761942375159,0.048790164169432,0.182321556793955,0.300104592450338,0.0956894388464555,0.0998920989570609,-0.0985236136040299,TRUE,0.471466388492982,1.00100507725286,-0.116060825143108,TRUE,0.294970217276961,1.00098779764659,-0.190148693176189,TRUE,0.792564397614548,1.00116151425622,-0.0962372170531214,TRUE,0.33595409469996,1.00099147221621
638,"rand=1-2_rate=2_ROB=L_UH_Bias=Rct-NRE Moderate","1-2",2,"L_UH","Rct-NRE Moderate",0,0.0953101798043249,0.139761942375159,0.048790164169432,0.182321556793955,0.300104592450338,0.0857817982817329,0.0865249798951652,-0.0887258268821203,TRUE,0.543262389018034,1.00102673668638,-0.128974944130102,TRUE,0.375978435565747,1.00098985326536,-0.0736827045241424,TRUE,0.802193135462607,1.00098816661043,-0.151645235280937,TRUE,0.482326435393601,1.00098764224866
639,"rand=1-2_rate=2_ROB=L_UH_Bias=Rct-NRE Moderate","1-2",2,"L_UH","Rct-NRE Moderate",0,0.0953101798043249,0.139761942375159,0.048790164169432,0.182321556793955,0.300104592450338,0.113277244607516,0.115403436957128,-0.0249756477216474,TRUE,0.482429427302437,1.0010040447626,-0.139028064818203,TRUE,0.433154386158771,1.00099313733041,0.0265039438229786,TRUE,0.632551836471928,1.00122362172082,-0.228299461434992,TRUE,0.645458563333506,1.00098667317029
640,"rand=1-2_rate=2_ROB=L_UH_Bias=Rct-NRE Moderate","1-2",2,"L_UH","Rct-NRE Moderate",0,0.0953101798043249,0.139761942375159,0.048790164169432,0.182321556793955,0.300104592450338,0.0968340789306166,0.0971256238630868,-0.169151557002651,TRUE,0.538997218603026,1.00107042866195,-0.144404689164479,TRUE,0.397939538368274,1.00099070265592,-0.219147948527842,TRUE,0.671074553005258,1.00098656426966,-0.113581629497406,TRUE,0.572161060012013,1.00098678789897
641,"rand=1-2_rate=2_ROB=L_UH_Bias=Rct-NRE Moderate","1-2",2,"L_UH","Rct-NRE Moderate",0,0.0953101798043249,0.139761942375159,0.048790164169432,0.182321556793955,0.300104592450338,0.106629964666291,0.10803902525326,-0.200574351601844,TRUE,0.621451404970085,1.00105970018569,-0.168621850301606,TRUE,0.42095899032053,1.00102805982456,-0.409240916878014,FALSE,0.806124784322483,1.00098704209877,-0.0791041511250259,TRUE,0.530978879637867,1.00102523606684
642,"rand=1-2_rate=2_ROB=L_UH_Bias=Rct-NRE Moderate","1-2",2,"L_UH","Rct-NRE Moderate",0,0.0953101798043249,0.139761942375159,0.048790164169432,0.182321556793955,0.300104592450338,0.0938430222655009,0.0955544656780393,-0.0790079592621831,TRUE,0.571014139498976,1.00099577032363,-0.157664205344699,TRUE,0.471191944933299,1.00098723447204,-0.0600579551195393,TRUE,0.734318948389259,1.00129451662676,-0.216865198680569,TRUE,0.706912364894047,1.00107264846335
643,"rand=1-2_rate=2_ROB=L_UH_Bias=Rct-NRE Moderate","1-2",2,"L_UH","Rct-NRE Moderate",0,0.0953101798043249,0.139761942375159,0.048790164169432,0.182321556793955,0.300104592450338,0.119078478826201,0.119422726717914,-0.129132995647255,TRUE,0.594300386170051,1.00099969258174,-0.276141181548362,FALSE,0.58462529241229,1.00098932208646,-0.0832526836074108,TRUE,0.693398489737986,1.00100721290381,-0.398695725137032,TRUE,0.977802950526581,1.00099342246751
644,"rand=1-2_rate=2_ROB=L_UH_Bias=Rct-NRE Moderate","1-2",2,"L_UH","Rct-NRE Moderate",0,0.0953101798043249,0.139761942375159,0.048790164169432,0.182321556793955,0.300104592450338,0.094198862278068,0.0948113375414996,-0.00311084572682274,TRUE,0.403622866272139,1.00115535887728,-0.0699454474021346,TRUE,0.268441863191551,1.00098605204281,0.0033577295093522,TRUE,0.542059243048391,1.00117141687376,-0.0886420298305768,TRUE,0.351379437102421,1.00100716217232
645,"rand=1-2_rate=2_ROB=L_UH_Bias=Rct-NRE Moderate","1-2",2,"L_UH","Rct-NRE Moderate",0,0.0953101798043249,0.139761942375159,0.048790164169432,0.182321556793955,0.300104592450338,0.113864767429688,0.114694387196838,0.0151423293940482,TRUE,0.498150711920867,1.00099726195083,-0.0434522786000648,TRUE,0.392184721386947,1.00108203608897,0.0352702592431379,TRUE,0.574391440713703,1.00100419383669,-0.086237619676472,TRUE,0.602876100022268,1.0009884445571
646,"rand=1-2_rate=2_ROB=L_UH_Bias=Rct-NRE Moderate","1-2",2,"L_UH","Rct-NRE Moderate",0,0.0953101798043249,0.139761942375159,0.048790164169432,0.182321556793955,0.300104592450338,0.109369464538738,0.109643298501471,-0.107259408088317,TRUE,0.504157258540542,1.00099805039679,-0.153016920599785,TRUE,0.416662990400292,1.00099708912093,-0.0674259538794555,TRUE,0.555353069251901,1.00121645455386,-0.198702470374139,TRUE,0.660024618954381,1.0009987163524
647,"rand=1-2_rate=2_ROB=L_UH_Bias=Rct-NRE Moderate","1-2",2,"L_UH","Rct-NRE Moderate",0,0.0953101798043249,0.139761942375159,0.048790164169432,0.182321556793955,0.300104592450338,0.0945950490983137,0.0947844667362262,-0.0509461880848476,TRUE,0.467033788619807,1.00103439795928,-0.0398592159005038,TRUE,0.316022629804058,1.00114042273267,-0.00840409296873568,TRUE,0.488426954039188,1.00160313041955,-0.0562140368167725,TRUE,0.480939131649956,1.00098874350221
648,"rand=1-2_rate=2_ROB=L_UH_Bias=Rct-NRE Moderate","1-2",2,"L_UH","Rct-NRE Moderate",0,0.0953101798043249,0.139761942375159,0.048790164169432,0.182321556793955,0.300104592450338,0.116229303762818,0.11639290223323,-0.0398232130811167,TRUE,0.508442964158609,1.00101288312788,-0.121614936766748,TRUE,0.397112380362434,1.00098903387331,-0.139050272740591,TRUE,0.874422019230962,1.00103046791038,-0.115470822124903,TRUE,0.495567066753985,1.00098867000571
649,"rand=1-2_rate=2_ROB=L_UH_Bias=Rct-NRE Moderate","1-2",2,"L_UH","Rct-NRE Moderate",0,0.0953101798043249,0.139761942375159,0.048790164169432,0.182321556793955,0.300104592450338,0.0995979939777625,0.100796157686455,-0.119831770659562,TRUE,0.587181936592767,1.00119176263567,-0.0458791095400091,TRUE,0.398714762429366,1.00098608133777,-0.378921906398934,FALSE,0.762377282297714,1.00115607441045,0.0781134709746849,TRUE,0.468896408935316,1.00108067519461
650,"rand=1-2_rate=2_ROB=L_UH_Bias=Rct-NRE Moderate","1-2",2,"L_UH","Rct-NRE Moderate",0,0.0953101798043249,0.139761942375159,0.048790164169432,0.182321556793955,0.300104592450338,0.100424383785548,0.102977354318089,-0.117569917228508,TRUE,0.540262068947275,1.00099370673242,-0.159379527607004,TRUE,0.404976126145887,1.00103660801371,0.0826708769522764,TRUE,0.606216704825954,1.00104500200848,-0.28779541654416,FALSE,0.526545898918851,1.00099291090402
651,"rand=1-2_rate=2_ROB=L_UH_Bias=Rct-NRE Moderate","1-2",2,"L_UH","Rct-NRE Moderate",0,0.0953101798043249,0.139761942375159,0.048790164169432,0.182321556793955,0.300104592450338,0.105756254974422,0.106795194589368,-0.0856506752741686,TRUE,0.540184599422978,1.0010021021542,-0.093003611192561,TRUE,0.389108448012541,1.00101801940418,0.044519223587512,TRUE,0.532384349158045,1.00127514052711,-0.159494261805787,TRUE,0.585587575696845,1.00099758190088
652,"rand=1-2_rate=2_ROB=L_UH_Bias=Rct-NRE Moderate","1-2",2,"L_UH","Rct-NRE Moderate",0,0.0953101798043249,0.139761942375159,0.048790164169432,0.182321556793955,0.300104592450338,0.0909898841707315,0.0928395803844632,0.0747449158228388,TRUE,0.444865089891244,1.00122649612902,-0.0106475726623463,TRUE,0.367084699275394,1.00101442825136,-0.0410059078366738,TRUE,0.645486452345859,1.00098751562669,0.00515710642632161,TRUE,0.507531822021968,1.00098716207641
653,"rand=1-2_rate=2_ROB=L_UH_Bias=Rct-NRE Moderate","1-2",2,"L_UH","Rct-NRE Moderate",0,0.0953101798043249,0.139761942375159,0.048790164169432,0.182321556793955,0.300104592450338,0.101167182371792,0.102166839944129,0.0685771732029454,TRUE,0.440303800690567,1.00176506226767,-0.0603225109331653,TRUE,0.333875919052947,1.00100395680323,0.189247210325818,TRUE,0.506732107307639,1.00098655146585,-0.165128916837417,TRUE,0.41277693456675,1.00104348363745
654,"rand=1-2_rate=2_ROB=L_UH_Bias=Rct-NRE Moderate","1-2",2,"L_UH","Rct-NRE Moderate",0,0.0953101798043249,0.139761942375159,0.048790164169432,0.182321556793955,0.300104592450338,0.0985129419551899,0.0987080255201103,0.0145260450604671,TRUE,0.453538865223009,1.00116939769208,-0.0913357740601917,TRUE,0.353793138580293,1.00101350262962,0.0607225199843845,TRUE,0.555780050512205,1.00106591718014,-0.159653683032328,TRUE,0.493551806931713,1.00099140019475
655,"rand=1-2_rate=2_ROB=L_UH_Bias=Rct-NRE Moderate","1-2",2,"L_UH","Rct-NRE Moderate",0,0.0953101798043249,0.139761942375159,0.048790164169432,0.182321556793955,0.300104592450338,0.104450162836697,0.105269891301936,-0.0144464681402077,TRUE,0.444827259568188,1.0011162288028,-0.0975340728626866,TRUE,0.307164608129647,1.00098618040246,-0.0580795364621356,TRUE,0.677458662153838,1.00107031943522,-0.108919597389878,TRUE,0.381245639840616,1.00098942851935
656,"rand=1-2_rate=2_ROB=L_UH_Bias=Rct-NRE Moderate","1-2",2,"L_UH","Rct-NRE Moderate",0,0.0953101798043249,0.139761942375159,0.048790164169432,0.182321556793955,0.300104592450338,0.0969724344100899,0.100912469175352,-0.081236903867635,TRUE,0.485271996709839,1.00131231926637,-0.151666645937757,TRUE,0.366557799310584,1.00101774022864,0.0466189187988908,TRUE,0.572940986573819,1.00098599431047,-0.242181368915352,FALSE,0.498266841079096,1.00098674695267
657,"rand=1-2_rate=2_ROB=L_UH_Bias=Rct-NRE Moderate","1-2",2,"L_UH","Rct-NRE Moderate",0,0.0953101798043249,0.139761942375159,0.048790164169432,0.182321556793955,0.300104592450338,0.106138064571415,0.109104628186259,-0.0610920392101995,TRUE,0.492615990090207,1.001159260503,-0.113471017342844,TRUE,0.347570341931017,1.00099493440339,0.00354594013043086,TRUE,0.547170746368946,1.00098644726017,-0.158747148991579,TRUE,0.49818064907747,1.00099471447397
658,"rand=1-2_rate=2_ROB=L_UH_Bias=Rct-NRE Moderate","1-2",2,"L_UH","Rct-NRE Moderate",0,0.0953101798043249,0.139761942375159,0.048790164169432,0.182321556793955,0.300104592450338,0.102564503617706,0.103126428259643,-0.215603512212557,TRUE,0.588232329273604,1.00141266206361,-0.294496188235374,FALSE,0.490632681272123,1.00100400867856,-0.306786760049703,TRUE,0.759856058608376,1.00105412847877,-0.295573143388721,TRUE,0.742358271878825,1.00098668279161
659,"rand=1-2_rate=2_ROB=L_UH_Bias=Rct-NRE Moderate","1-2",2,"L_UH","Rct-NRE Moderate",0,0.0953101798043249,0.139761942375159,0.048790164169432,0.182321556793955,0.300104592450338,0.0956541648188837,0.0978125085347548,-0.151114540328609,TRUE,0.510029412070507,1.00110041403244,-0.245239738286215,FALSE,0.387539646624585,1.00115995774632,-0.0708243221929921,TRUE,0.579211552113091,1.00106575739394,-0.313145775391988,FALSE,0.578537558798925,1.00101582399003
660,"rand=1-2_rate=2_ROB=L_UH_Bias=Rct-NRE Moderate","1-2",2,"L_UH","Rct-NRE Moderate",0,0.0953101798043249,0.139761942375159,0.048790164169432,0.182321556793955,0.300104592450338,0.0986167402018312,0.0992113712820169,-0.0329633733854386,TRUE,0.581841468791044,1.00098738456696,-0.0380347528218128,TRUE,0.425250425949854,1.00101927281493,-0.0627097026083778,TRUE,0.776434282140902,1.00098625584366,-0.0253264601669252,TRUE,0.60214668263441,1.00100831259147
661,"rand=1-2_rate=2_ROB=L_UH_Bias=Rct-NRE Moderate","1-2",2,"L_UH","Rct-NRE Moderate",0,0.0953101798043249,0.139761942375159,0.048790164169432,0.182321556793955,0.300104592450338,0.0943093165017435,0.0951101721727174,-0.00670083424240286,TRUE,0.466788686392083,1.00109331811064,-0.0593952393934063,TRUE,0.332413256964776,1.00105358724948,0.0193359674116462,TRUE,0.535201897357662,1.00108843728512,-0.0902296273198424,TRUE,0.464582889752719,1.00101787387249
662,"rand=1-2_rate=2_ROB=L_UH_Bias=Rct-NRE Moderate","1-2",2,"L_UH","Rct-NRE Moderate",0,0.0953101798043249,0.139761942375159,0.048790164169432,0.182321556793955,0.300104592450338,0.107730453336817,0.108825368435497,0.0751627166580034,TRUE,0.437530396747222,1.0010451317066,0.0468339728553805,TRUE,0.313374159253436,1.00098959281423,-0.0670364225470925,TRUE,0.579604746980543,1.00134989909173,0.0888592883074133,TRUE,0.42145361985242,1.00100126456778
663,"rand=1-2_rate=2_ROB=L_UH_Bias=Rct-NRE Moderate","1-2",2,"L_UH","Rct-NRE Moderate",0,0.0953101798043249,0.139761942375159,0.048790164169432,0.182321556793955,0.300104592450338,0.105142163496251,0.105969614687323,0.0126895048396627,TRUE,0.522380991515636,1.00100422522835,-0.0824759045154826,TRUE,0.423594961786783,1.00098871598544,0.196290438141358,TRUE,0.479903696266177,1.00162068342232,-0.255521804761108,TRUE,0.623344810001093,1.00098802175712
664,"rand=1-2_rate=2_ROB=L_UH_Bias=Rct-NRE Moderate","1-2",2,"L_UH","Rct-NRE Moderate",0,0.0953101798043249,0.139761942375159,0.048790164169432,0.182321556793955,0.300104592450338,0.101611377615916,0.102144693259481,-0.0520246230802346,TRUE,0.453036512354577,1.00099419757967,-0.132381540409945,TRUE,0.352484852523997,1.00101125380625,-0.118077190342022,TRUE,0.646001962536711,1.00122989494313,-0.139343889980341,TRUE,0.489856185043081,1.00098603962792
665,"rand=1-2_rate=2_ROB=L_UH_Bias=Rct-NRE Moderate","1-2",2,"L_UH","Rct-NRE Moderate",0,0.0953101798043249,0.139761942375159,0.048790164169432,0.182321556793955,0.300104592450338,0.110356044306232,0.111004652893546,-0.097952023173,TRUE,0.578671599883964,1.00098712490562,-0.143259703910134,TRUE,0.440528099544308,1.00098644054628,-0.0785441134063556,TRUE,0.821761981751721,1.00100318982692,-0.175423947032032,TRUE,0.61208449930336,1.00100143012622
666,"rand=1-2_rate=2_ROB=L_UH_Bias=Rct-NRE Moderate","1-2",2,"L_UH","Rct-NRE Moderate",0,0.0953101798043249,0.139761942375159,0.048790164169432,0.182321556793955,0.300104592450338,0.100813103321047,0.102062977125992,-0.195408707419451,TRUE,0.574010906737695,1.00113325180111,-0.200421722028206,FALSE,0.422375008977106,1.00102856063213,-0.362240941477435,FALSE,0.763548917380202,1.0011506936035,-0.140808463508486,TRUE,0.5630082787586,1.00100385050738
667,"rand=1-2_rate=2_ROB=L_UH_Bias=Rct-NRE Moderate","1-2",2,"L_UH","Rct-NRE Moderate",0,0.0953101798043249,0.139761942375159,0.048790164169432,0.182321556793955,0.300104592450338,0.116170384653241,0.117367621610046,-0.140984348762032,TRUE,0.511105305400787,1.00101718876034,-0.270280399458294,FALSE,0.421535797348746,1.00105314696401,-0.264122825801713,TRUE,0.89733477880628,1.00105398745991,-0.271084059073676,FALSE,0.532194315649233,1.00098874187881
668,"rand=1-2_rate=2_ROB=L_UH_Bias=Rct-NRE Moderate","1-2",2,"L_UH","Rct-NRE Moderate",0,0.0953101798043249,0.139761942375159,0.048790164169432,0.182321556793955,0.300104592450338,0.0999526222174862,0.100269837037836,-0.0791300487234206,TRUE,0.474588604046695,1.00101201825396,-0.200514124245176,FALSE,0.38885907484593,1.00098679468205,-0.0645027897823853,TRUE,0.539288262131299,1.00129059922335,-0.255891265694485,TRUE,0.611311061416376,1.00099470893578
669,"rand=1-2_rate=2_ROB=L_UH_Bias=Rct-NRE Moderate","1-2",2,"L_UH","Rct-NRE Moderate",0,0.0953101798043249,0.139761942375159,0.048790164169432,0.182321556793955,0.300104592450338,0.114661213889975,0.115222563416377,-0.011378836688519,TRUE,0.472188139078404,1.00100814617763,-0.186885751068539,TRUE,0.511174199163912,1.00099990907419,0.0429909689756215,TRUE,0.532820255476452,1.00137419380795,-0.320355489971038,TRUE,0.886264827046915,1.00098752098112
670,"rand=1-2_rate=2_ROB=L_UH_Bias=Rct-NRE Moderate","1-2",2,"L_UH","Rct-NRE Moderate",0,0.0953101798043249,0.139761942375159,0.048790164169432,0.182321556793955,0.300104592450338,0.0879277293345175,0.0893524761911976,-0.11092914426991,TRUE,0.570774919064944,1.00115508898513,-0.0789040463249047,TRUE,0.401457410789691,1.00098658388933,-0.116245917037509,TRUE,0.674253845173986,1.00098687831334,-0.0608630834376975,TRUE,0.577375347124768,1.00110700423658
671,"rand=1-2_rate=2_ROB=L_UH_Bias=Rct-NRE Moderate","1-2",2,"L_UH","Rct-NRE Moderate",0,0.0953101798043249,0.139761942375159,0.048790164169432,0.182321556793955,0.300104592450338,0.101623064398767,0.102758309306661,-0.140234183989059,TRUE,0.510675504189522,1.00110009418663,-0.231277479278686,FALSE,0.324408443408218,1.00098976722212,-0.0143723640410052,TRUE,0.680017343864902,1.00104768274627,-0.291591826083708,FALSE,0.368603597553414,1.00098770086985
672,"rand=1-2_rate=2_ROB=L_UH_Bias=Rct-NRE Moderate","1-2",2,"L_UH","Rct-NRE Moderate",0,0.0953101798043249,0.139761942375159,0.048790164169432,0.182321556793955,0.300104592450338,0.0889355787190673,0.0892449995876897,-0.0595330017490581,TRUE,0.445186900068467,1.00098959599707,-0.114562590097212,TRUE,0.286629139548588,1.00102525840317,-0.0753665145960212,TRUE,0.782265941212847,1.00099039837665,-0.126511427688436,TRUE,0.330057217349949,1.00098782665346
673,"rand=1-2_rate=2_ROB=L_UH_Bias=Rct-NRE Moderate","1-2",2,"L_UH","Rct-NRE Moderate",0,0.0953101798043249,0.139761942375159,0.048790164169432,0.182321556793955,0.300104592450338,0.100663629703373,0.102796873472178,-0.037984124045563,TRUE,0.406189535699559,1.00126093497921,-0.184270135308368,FALSE,0.357272399422936,1.00107485477005,-0.111884873939616,TRUE,0.568822966656646,1.00100054525204,-0.210111625489198,TRUE,0.522695278740328,1.00099031350839
674,"rand=1-2_rate=2_ROB=L_UH_Bias=Rct-NRE Moderate","1-2",2,"L_UH","Rct-NRE Moderate",0,0.0953101798043249,0.139761942375159,0.048790164169432,0.182321556793955,0.300104592450338,0.109785100536026,0.111251690231334,0.0440762701660956,TRUE,0.454067561059059,1.00098654179807,-0.0360983879131669,TRUE,0.322820719994861,1.00100647150371,0.153237283409105,TRUE,0.497427520873226,1.00101855033538,-0.115539538633392,TRUE,0.432385598429745,1.0009920677412
675,"rand=1-2_rate=2_ROB=L_UH_Bias=Rct-NRE Moderate","1-2",2,"L_UH","Rct-NRE Moderate",0,0.0953101798043249,0.139761942375159,0.048790164169432,0.182321556793955,0.300104592450338,0.104193586239506,0.105573564270668,-0.0530606810322027,TRUE,0.578087261438886,1.00099879315058,-0.10107259420245,TRUE,0.436749072267031,1.0009860105745,0.0226918515134341,TRUE,0.833669665716627,1.00099147786034,-0.168463421571418,TRUE,0.575914477064311,1.0009971410595
676,"rand=1-2_rate=2_ROB=L_UH_Bias=Rct-NRE Moderate","1-2",2,"L_UH","Rct-NRE Moderate",0,0.0953101798043249,0.139761942375159,0.048790164169432,0.182321556793955,0.300104592450338,0.11549928264171,0.117035829650693,-0.0717699623894668,TRUE,0.509572055541802,1.00099496463472,-0.154391312043953,TRUE,0.371981358567837,1.00099585281877,-0.0354334771668652,TRUE,0.7303789037438,1.00098599411026,-0.206639553939094,TRUE,0.474985990591496,1.00098811575174
677,"rand=1-2_rate=2_ROB=L_UH_Bias=Rct-NRE Moderate","1-2",2,"L_UH","Rct-NRE Moderate",0,0.0953101798043249,0.139761942375159,0.048790164169432,0.182321556793955,0.300104592450338,0.0932580744635117,0.0955383576644068,-0.152783588331276,TRUE,0.545058993003364,1.00120825585258,-0.204396554157515,FALSE,0.376126675353338,1.00103825019492,-0.0412235792497819,TRUE,0.587149318639503,1.00105616533341,-0.266256327828332,FALSE,0.5250177647899,1.00098899975373
678,"rand=1-2_rate=2_ROB=L_UH_Bias=Rct-NRE Moderate","1-2",2,"L_UH","Rct-NRE Moderate",0,0.0953101798043249,0.139761942375159,0.048790164169432,0.182321556793955,0.300104592450338,0.0995441089800073,0.100414550490854,-0.00207620873146985,TRUE,0.543085876406761,1.00098651927154,-0.0507527067270572,TRUE,0.409091386798262,1.00099487872748,0.110957471719871,TRUE,0.861551424731528,1.00099695772749,-0.118150874542124,TRUE,0.490714404759704,1.00101899271677
679,"rand=1-2_rate=2_ROB=L_UH_Bias=Rct-NRE Moderate","1-2",2,"L_UH","Rct-NRE Moderate",0,0.0953101798043249,0.139761942375159,0.048790164169432,0.182321556793955,0.300104592450338,0.106753016355994,0.108298290192097,0.00244412936599692,TRUE,0.492236900282709,1.00100331382742,-0.0677305357049001,TRUE,0.392082180663589,1.00098821276962,0.049591614004502,TRUE,0.586733830227128,1.00106878440422,-0.127867396408334,TRUE,0.579118389131562,1.00100429231918
680,"rand=1-2_rate=2_ROB=L_UH_Bias=Rct-NRE Moderate","1-2",2,"L_UH","Rct-NRE Moderate",0,0.0953101798043249,0.139761942375159,0.048790164169432,0.182321556793955,0.300104592450338,0.111961169176764,0.113591646272973,-0.0301954362155956,TRUE,0.513557500482081,1.00121534458409,-0.111381724507962,TRUE,0.419468205357499,1.00098732483253,-0.0981449873413167,TRUE,0.723804105513825,1.0012420413147,-0.116595923693864,TRUE,0.596734382686477,1.00099684446359
681,"rand=1-2_rate=2_ROB=L_UH_Bias=Rct-NRE Moderate","1-2",2,"L_UH","Rct-NRE Moderate",0,0.0953101798043249,0.139761942375159,0.048790164169432,0.182321556793955,0.300104592450338,0.102059706600702,0.102703310603572,-0.0213044118929293,TRUE,0.483579946061665,1.00107116680106,-0.150462979847826,TRUE,0.398461874108114,1.00106879301119,-0.102404043362081,TRUE,0.810327762713395,1.00103361965083,-0.168835591712851,TRUE,0.51393132419536,1.00098944708797
682,"rand=1-2_rate=2_ROB=L_UH_Bias=Rct-NRE Moderate","1-2",2,"L_UH","Rct-NRE Moderate",0,0.0953101798043249,0.139761942375159,0.048790164169432,0.182321556793955,0.300104592450338,0.103585938277431,0.105662786268433,-0.0318493307566328,TRUE,0.466480250821369,1.0009860214938,-0.109398135346478,TRUE,0.381593886637781,1.00102567931435,0.0562255742569531,TRUE,0.532877862725472,1.00187977643107,-0.193744332029462,TRUE,0.557912622891003,1.00099057411554
683,"rand=1-2_rate=2_ROB=L_UH_Bias=Rct-NRE Moderate","1-2",2,"L_UH","Rct-NRE Moderate",0,0.0953101798043249,0.139761942375159,0.048790164169432,0.182321556793955,0.300104592450338,0.099383130149891,0.101045180397694,-0.0696481998278096,TRUE,0.426719062717535,1.0010364887332,-0.0856618738736781,TRUE,0.248873751067334,1.00099069824616,-0.0594236823695506,TRUE,0.524603332745753,1.001005354069,-0.094345702114667,TRUE,0.325016486118617,1.0010941480424
684,"rand=1-2_rate=2_ROB=L_UH_Bias=Rct-NRE Moderate","1-2",2,"L_UH","Rct-NRE Moderate",0,0.0953101798043249,0.139761942375159,0.048790164169432,0.182321556793955,0.300104592450338,0.103800870653766,0.104922837850062,-0.1154149653926,TRUE,0.489159480057105,1.00099478928762,-0.181877432478142,FALSE,0.333506658449251,1.00102384031528,-0.0721363465111999,TRUE,0.597618662578365,1.00106750609173,-0.220920467849305,FALSE,0.449313938224715,1.00102050327349
685,"rand=1-2_rate=2_ROB=L_UH_Bias=Rct-NRE Moderate","1-2",2,"L_UH","Rct-NRE Moderate",0,0.0953101798043249,0.139761942375159,0.048790164169432,0.182321556793955,0.300104592450338,0.0992625470851853,0.100925580045831,0.0219160212959305,TRUE,0.497432854986001,1.00102154008525,-0.0398640723064747,TRUE,0.402777158482675,1.00104665482601,-0.0388862031501649,TRUE,0.631735866730894,1.00101261846164,-0.0340873006587095,TRUE,0.59970293182268,1.00101410218647
686,"rand=1-2_rate=2_ROB=L_UH_Bias=Rct-NRE Moderate","1-2",2,"L_UH","Rct-NRE Moderate",0,0.0953101798043249,0.139761942375159,0.048790164169432,0.182321556793955,0.300104592450338,0.107947330135254,0.109670941475687,-0.11942660772554,TRUE,0.569318718590367,1.00099355260596,-0.0620343132649119,TRUE,0.353862843249611,1.0009939524905,-0.356672085445741,FALSE,0.795174484755041,1.00099551552728,0.0321806495798485,TRUE,0.393395765969362,1.00098726964465
687,"rand=1-2_rate=2_ROB=L_UH_Bias=Rct-NRE Moderate","1-2",2,"L_UH","Rct-NRE Moderate",0,0.0953101798043249,0.139761942375159,0.048790164169432,0.182321556793955,0.300104592450338,0.116796051068575,0.117822525680995,-0.12420858982923,TRUE,0.539020357198256,1.00101445962405,-0.100131021013615,TRUE,0.372257368381609,1.00100644651696,-0.102188396086763,TRUE,0.601537089636742,1.0011002071552,-0.101813689858894,TRUE,0.550825222994815,1.00098705582899
688,"rand=1-2_rate=2_ROB=L_UH_Bias=Rct-NRE Moderate","1-2",2,"L_UH","Rct-NRE Moderate",0,0.0953101798043249,0.139761942375159,0.048790164169432,0.182321556793955,0.300104592450338,0.0948069461270859,0.0955060025942826,-0.00513909576509608,TRUE,0.525617614982003,1.00099310625848,0.0194811238120111,TRUE,0.366273903294629,1.0009860558402,0.0317535659538317,TRUE,0.895772380642435,1.00105118552888,0.0206597450971792,TRUE,0.43142268893187,1.00104334390029
689,"rand=1-2_rate=2_ROB=L_UH_Bias=Rct-NRE Moderate","1-2",2,"L_UH","Rct-NRE Moderate",0,0.0953101798043249,0.139761942375159,0.048790164169432,0.182321556793955,0.300104592450338,0.0976565551061386,0.0993379688519811,-0.155521745591787,TRUE,0.462888770512424,1.00099317759778,-0.155272998746821,FALSE,0.263638056496256,1.00105698787272,-0.00793184681129055,TRUE,0.5152755908958,1.00098775191685,-0.190808404199703,FALSE,0.329752697714144,1.00100538335471
690,"rand=1-2_rate=2_ROB=L_UH_Bias=Rct-NRE Moderate","1-2",2,"L_UH","Rct-NRE Moderate",0,0.0953101798043249,0.139761942375159,0.048790164169432,0.182321556793955,0.300104592450338,0.0872782307172319,0.0876334014931199,-0.248161039073781,FALSE,0.525869852911869,1.00098982820178,-0.225542313857,FALSE,0.304180829123496,1.00099188407035,-0.160152089815069,TRUE,0.66492475565406,1.00106214813408,-0.243326843612332,FALSE,0.377642323338616,1.00098846466232
691,"rand=1-2_rate=2_ROB=L_UH_Bias=Rct-NRE Moderate","1-2",2,"L_UH","Rct-NRE Moderate",0,0.0953101798043249,0.139761942375159,0.048790164169432,0.182321556793955,0.300104592450338,0.107755920094976,0.108454833635942,-0.00851923641049535,TRUE,0.492370116515212,1.00118580546012,-0.1226743523997,TRUE,0.420595587746455,1.0010110395776,-0.225069441076423,TRUE,0.758270276109944,1.00124587839722,-0.0722899335983025,TRUE,0.578762737318936,1.00101638788531
692,"rand=1-2_rate=2_ROB=L_UH_Bias=Rct-NRE Moderate","1-2",2,"L_UH","Rct-NRE Moderate",0,0.0953101798043249,0.139761942375159,0.048790164169432,0.182321556793955,0.300104592450338,0.0820206975418473,0.0833877412416539,0.110123095586964,TRUE,0.431509098881079,1.00098758087234,0.0285068759726297,TRUE,0.35239185507008,1.00100142302187,0.0182821253629046,TRUE,0.604903260881492,1.00104483539279,0.0344703405844947,TRUE,0.494734553931617,1.00098615346732
693,"rand=1-2_rate=2_ROB=L_UH_Bias=Rct-NRE Moderate","1-2",2,"L_UH","Rct-NRE Moderate",0,0.0953101798043249,0.139761942375159,0.048790164169432,0.182321556793955,0.300104592450338,0.0997353100356767,0.102025014715146,-0.0847714032365707,TRUE,0.514649137843858,1.00104293826893,-0.121360399569827,TRUE,0.356434253782664,1.00099978137304,-0.0183936311516066,TRUE,0.722169360738451,1.00102514058672,-0.156386359392839,TRUE,0.446788732207689,1.00101800611334
694,"rand=1-2_rate=2_ROB=L_UH_Bias=Rct-NRE Moderate","1-2",2,"L_UH","Rct-NRE Moderate",0,0.0953101798043249,0.139761942375159,0.048790164169432,0.182321556793955,0.300104592450338,0.0986104664074266,0.0998459840454611,-0.0782338629738144,TRUE,0.585057988472911,1.00099045164373,-0.115033615911724,TRUE,0.466765523391913,1.00098672749669,-0.148055329903786,TRUE,0.739950206281771,1.0011053951312,-0.0989363420340714,TRUE,0.702019335904052,1.00099699478616
695,"rand=1-2_rate=2_ROB=L_UH_Bias=Rct-NRE Moderate","1-2",2,"L_UH","Rct-NRE Moderate",0,0.0953101798043249,0.139761942375159,0.048790164169432,0.182321556793955,0.300104592450338,0.102309010394873,0.103274192577234,-0.242861369725069,FALSE,0.53460711908404,1.00104642979187,-0.222662910970489,FALSE,0.322297904912904,1.00099352680938,-0.368469844959123,FALSE,0.764539496100642,1.00098601650774,-0.185514668716203,FALSE,0.393533817416531,1.00102361128606
696,"rand=1-2_rate=2_ROB=L_UH_Bias=Rct-NRE Moderate","1-2",2,"L_UH","Rct-NRE Moderate",0,0.0953101798043249,0.139761942375159,0.048790164169432,0.182321556793955,0.300104592450338,0.109987637540055,0.110132467977178,-0.139882016173082,TRUE,0.513705815714751,1.00098767229411,-0.230510266485324,FALSE,0.445043645321789,1.00100689135649,-0.337442510571967,TRUE,0.868537513252569,1.00102049887365,-0.182329909329727,TRUE,0.585525725022981,1.00098614475162
697,"rand=1-2_rate=2_ROB=L_UH_Bias=Rct-NRE Moderate","1-2",2,"L_UH","Rct-NRE Moderate",0,0.0953101798043249,0.139761942375159,0.048790164169432,0.182321556793955,0.300104592450338,0.109429155066331,0.111005018010605,-0.197771376587532,TRUE,0.541584426172038,1.00161820959531,-0.323623267533394,FALSE,0.372465630434436,1.00098918371658,-0.0960703888170824,TRUE,0.826250444790555,1.00100128297957,-0.408679319901586,FALSE,0.412443797262021,1.00099010218182
698,"rand=1-2_rate=2_ROB=L_UH_Bias=Rct-NRE Moderate","1-2",2,"L_UH","Rct-NRE Moderate",0,0.0953101798043249,0.139761942375159,0.048790164169432,0.182321556793955,0.300104592450338,0.11163945022225,0.112553779148814,-0.0294764614471277,TRUE,0.487373457443913,1.00127339784616,-0.100504392250976,TRUE,0.361843946204234,1.00101639211428,0.0177202956756721,TRUE,0.58293499612492,1.00175025232013,-0.148756759358975,TRUE,0.510892523287137,1.0009865605247
699,"rand=1-2_rate=2_ROB=L_UH_Bias=Rct-NRE Moderate","1-2",2,"L_UH","Rct-NRE Moderate",0,0.0953101798043249,0.139761942375159,0.048790164169432,0.182321556793955,0.300104592450338,0.101010133562845,0.103461429108728,-0.239637025620766,TRUE,0.607041717374139,1.00102336393377,-0.322706539469291,FALSE,0.451637387858251,1.00098877721237,-0.0671122861197304,TRUE,0.722076379892171,1.00098599133957,-0.441371054499297,FALSE,0.597235168891325,1.00098827592548
700,"rand=1-2_rate=2_ROB=L_UH_Bias=Rct-NRE Moderate","1-2",2,"L_UH","Rct-NRE Moderate",0,0.0953101798043249,0.139761942375159,0.048790164169432,0.182321556793955,0.300104592450338,0.089948744274479,0.0909597918437898,0.0453321736077681,TRUE,0.420141993484248,1.00116193324957,-0.00560981529551796,TRUE,0.297156756251644,1.00098889617251,-7.60408207207686e-05,TRUE,0.606500016932651,1.00101028293931,-0.0065916200382603,TRUE,0.38445785221775,1.00100957511613
701,"rand=1-2_rate=2_ROB=L_UH_Bias=Rct-NRE Moderate","1-2",2,"L_UH","Rct-NRE Moderate",0,0.0953101798043249,0.139761942375159,0.048790164169432,0.182321556793955,0.300104592450338,0.0939250541403322,0.0963648626519976,-0.0116492932866694,TRUE,0.501630367389012,1.00102612374248,-0.0204854277173714,TRUE,0.360400348791347,1.00098621366311,-0.00725566087516616,TRUE,0.673725552093184,1.00141604296293,-0.0260382104435795,TRUE,0.496239768848768,1.00100701995597
702,"rand=1-2_rate=2_ROB=L_UH_Bias=Rct-NRE Moderate","1-2",2,"L_UH","Rct-NRE Moderate",0,0.0953101798043249,0.139761942375159,0.048790164169432,0.182321556793955,0.300104592450338,0.0990871115674422,0.10018820909411,-0.0788273799341555,TRUE,0.473185603360438,1.00105725291854,-0.169832769276075,FALSE,0.34777295915378,1.00099671765839,-0.173809116563864,TRUE,0.899276890506499,1.00102321505124,-0.166700878079178,TRUE,0.39879298813186,1.00098613781239
703,"rand=1-2_rate=2_ROB=L_UH_Bias=Rct-NRE Moderate","1-2",2,"L_UH","Rct-NRE Moderate",0,0.0953101798043249,0.139761942375159,0.048790164169432,0.182321556793955,0.300104592450338,0.104179769172768,0.10504630591803,-0.10775013838885,TRUE,0.520913232653401,1.0014428425512,-0.0740258540028955,TRUE,0.368165893063363,1.0009891172481,-0.10558252653822,TRUE,0.686670533113832,1.00161576383544,-0.0616904883360176,TRUE,0.507329069745894,1.00099300777838
704,"rand=1-2_rate=2_ROB=L_UH_Bias=Rct-NRE Moderate","1-2",2,"L_UH","Rct-NRE Moderate",0,0.0953101798043249,0.139761942375159,0.048790164169432,0.182321556793955,0.300104592450338,0.116883454624839,0.117303602608533,-0.0632668319868606,TRUE,0.487801244742734,1.00104050245083,-0.0985773291898682,TRUE,0.348086144954595,1.0009878384256,-0.0506617685593074,TRUE,0.653830337924057,1.00113652783656,-0.117183111486927,TRUE,0.461626332801057,1.00102772877248
705,"rand=1-2_rate=2_ROB=L_UH_Bias=Rct-NRE Moderate","1-2",2,"L_UH","Rct-NRE Moderate",0,0.0953101798043249,0.139761942375159,0.048790164169432,0.182321556793955,0.300104592450338,0.0885780258662789,0.0897081963637019,-0.0580294364860152,TRUE,0.539870516120789,1.00098691493606,-0.0497723590037824,TRUE,0.389930412681682,1.00104571517128,-0.134815011469426,TRUE,0.577248461473966,1.00111832451123,-0.0184166864489907,TRUE,0.593808545647777,1.00098713757638
706,"rand=1-2_rate=2_ROB=L_UH_Bias=Rct-NRE Moderate","1-2",2,"L_UH","Rct-NRE Moderate",0,0.0953101798043249,0.139761942375159,0.048790164169432,0.182321556793955,0.300104592450338,0.0857007026139768,0.086832975818156,-0.0533151178257383,TRUE,0.567302456318052,1.00115923106007,-0.149914525138482,TRUE,0.460308471626519,1.00106085782565,0.00877309042321961,TRUE,0.568309045184144,1.00137150985244,-0.23275341615735,TRUE,0.724578166608583,1.00104629614359
707,"rand=1-2_rate=2_ROB=L_UH_Bias=Rct-NRE Moderate","1-2",2,"L_UH","Rct-NRE Moderate",0,0.0953101798043249,0.139761942375159,0.048790164169432,0.182321556793955,0.300104592450338,0.0915730265863684,0.0921273143532403,-0.175930037813523,TRUE,0.587371602794486,1.0010079171154,-0.215128637272471,FALSE,0.4290402314233,1.00098599505321,-0.0784438210784562,TRUE,0.656286614742468,1.00098599313906,-0.283351944508248,FALSE,0.623694877764516,1.00098737293228
708,"rand=1-2_rate=2_ROB=L_UH_Bias=Rct-NRE Moderate","1-2",2,"L_UH","Rct-NRE Moderate",0,0.0953101798043249,0.139761942375159,0.048790164169432,0.182321556793955,0.300104592450338,0.0998523787879907,0.100444431369843,-0.0595415113519919,TRUE,0.431413828682992,1.00099034410363,-0.0608377246826333,TRUE,0.225811200753689,1.00103100487578,-0.0248418861296338,TRUE,0.706782382498095,1.00099795174948,-0.0669804391523672,TRUE,0.238906281991869,1.00098601070186
709,"rand=1-2_rate=2_ROB=L_UH_Bias=Rct-NRE Moderate","1-2",2,"L_UH","Rct-NRE Moderate",0,0.0953101798043249,0.139761942375159,0.048790164169432,0.182321556793955,0.300104592450338,0.110889957658286,0.114348722164927,-0.152816278589458,TRUE,0.603558191724185,1.00103438779278,-0.18487981464645,TRUE,0.42548590567911,1.00099891234056,0.00838954769590494,TRUE,0.602126803921116,1.00099244825247,-0.27917928122141,FALSE,0.61381740472128,1.00098847893763
710,"rand=1-2_rate=2_ROB=L_UH_Bias=Rct-NRE Moderate","1-2",2,"L_UH","Rct-NRE Moderate",0,0.0953101798043249,0.139761942375159,0.048790164169432,0.182321556793955,0.300104592450338,0.107220100049181,0.109792367482186,-0.136173925483563,TRUE,0.496708277166091,1.00102315005609,-0.174534405883716,FALSE,0.315900501350272,1.00106967639229,-0.181474974672977,TRUE,0.617604263890242,1.00098950974485,-0.170688883426817,TRUE,0.424704707077381,1.00099134441373
711,"rand=1-2_rate=2_ROB=L_UH_Bias=Rct-NRE Moderate","1-2",2,"L_UH","Rct-NRE Moderate",0,0.0953101798043249,0.139761942375159,0.048790164169432,0.182321556793955,0.300104592450338,0.0843344736587692,0.0870331083536225,0.00722436914857671,TRUE,0.42941757822582,1.00106854939644,-0.0656840734357684,TRUE,0.301555443763919,1.00110094694451,0.11270675745824,TRUE,0.529615828694199,1.00131635291574,-0.134025261759467,TRUE,0.378850926498805,1.00107707092828
712,"rand=1-2_rate=2_ROB=L_UH_Bias=Rct-NRE Moderate","1-2",2,"L_UH","Rct-NRE Moderate",0,0.0953101798043249,0.139761942375159,0.048790164169432,0.182321556793955,0.300104592450338,0.096331274697705,0.0977149611588471,-0.20984485122761,TRUE,0.564087364582241,1.00105068485173,-0.235867602988663,FALSE,0.35845044170547,1.00098942739564,-0.201966376513222,TRUE,0.867336336929446,1.00105494043716,-0.245730432101295,FALSE,0.429013268043859,1.00098977893585
713,"rand=1-2_rate=2_ROB=L_UH_Bias=Rct-NRE Moderate","1-2",2,"L_UH","Rct-NRE Moderate",0,0.0953101798043249,0.139761942375159,0.048790164169432,0.182321556793955,0.300104592450338,0.116625797994595,0.116999561790063,-0.0260610547827318,TRUE,0.539115076077617,1.00111711448109,-0.0607540212259119,TRUE,0.394492080769649,1.00103384418493,0.0867098492170945,TRUE,0.667938240007028,1.00113423772733,-0.129893152871926,TRUE,0.536135990815053,1.00099545721717
714,"rand=1-2_rate=2_ROB=L_UH_Bias=Rct-NRE Moderate","1-2",2,"L_UH","Rct-NRE Moderate",0,0.0953101798043249,0.139761942375159,0.048790164169432,0.182321556793955,0.300104592450338,0.106385632846835,0.106866122683586,0.016242236077104,TRUE,0.431958214499505,1.00102605979611,-0.0920930237597755,TRUE,0.383833843712412,1.00098643755522,0.0636320321916868,TRUE,0.672173489739243,1.00099044862726,-0.174611353638108,TRUE,0.517917573145615,1.00098664086029
715,"rand=1-2_rate=2_ROB=L_UH_Bias=Rct-NRE Moderate","1-2",2,"L_UH","Rct-NRE Moderate",0,0.0953101798043249,0.139761942375159,0.048790164169432,0.182321556793955,0.300104592450338,0.108859086684357,0.109768115076151,-0.0972483870722844,TRUE,0.542728504115999,1.00103125774024,-0.174703776466724,TRUE,0.419175095578299,1.00101135518737,0.00288233222213263,TRUE,0.593198523983549,1.00127976678337,-0.268329462794761,TRUE,0.615752926987116,1.00098797930376
716,"rand=1-2_rate=2_ROB=L_UH_Bias=Rct-NRE Moderate","1-2",2,"L_UH","Rct-NRE Moderate",0,0.0953101798043249,0.139761942375159,0.048790164169432,0.182321556793955,0.300104592450338,0.0997736069393212,0.100788420219935,-0.0731459474311531,TRUE,0.469009617362624,1.00100455382354,-0.108407583101221,TRUE,0.327190645045398,1.00122636573667,-0.0639607015692831,TRUE,0.602788791813791,1.00099608208888,-0.124227220750313,TRUE,0.445564643492373,1.00101156815935
717,"rand=1-2_rate=2_ROB=L_UH_Bias=Rct-NRE Moderate","1-2",2,"L_UH","Rct-NRE Moderate",0,0.0953101798043249,0.139761942375159,0.048790164169432,0.182321556793955,0.300104592450338,0.0949613492629278,0.0960989203360345,-0.0111322785085859,TRUE,0.443394756170131,1.00099673192056,-0.0848116314332896,TRUE,0.324848639106604,1.00103192215098,-0.174310672627573,TRUE,0.722973468577886,1.00102709743223,-0.0551661852378551,TRUE,0.398226941698918,1.00098682630082
718,"rand=1-2_rate=2_ROB=L_UH_Bias=Rct-NRE Moderate","1-2",2,"L_UH","Rct-NRE Moderate",0,0.0953101798043249,0.139761942375159,0.048790164169432,0.182321556793955,0.300104592450338,0.116120819567532,0.116120819567532,0.176070611999716,TRUE,0.449601759938761,1.00101750653558,0.0318800559891821,TRUE,0.426673366848378,1.00098864414418,0.287610717628007,FALSE,0.406930819016914,1.0011563461551,-0.146705478593474,TRUE,0.700297290930357,1.00108643361827
719,"rand=1-2_rate=2_ROB=L_UH_Bias=Rct-NRE Moderate","1-2",2,"L_UH","Rct-NRE Moderate",0,0.0953101798043249,0.139761942375159,0.048790164169432,0.182321556793955,0.300104592450338,0.0995795420552364,0.0995795420552364,-0.0204514541880012,TRUE,0.483517421589327,1.00100950730074,-0.114370649934813,TRUE,0.39396430070724,1.00106190230122,0.0918425166786131,TRUE,0.557954686288811,1.00099108066032,-0.21363366984908,TRUE,0.561225500178796,1.00099912826786
720,"rand=1-2_rate=2_ROB=L_UH_Bias=Rct-NRE Moderate","1-2",2,"L_UH","Rct-NRE Moderate",0,0.0953101798043249,0.139761942375159,0.048790164169432,0.182321556793955,0.300104592450338,0.106937885934303,0.108537412127084,-0.0307714623420805,TRUE,0.377317678559317,1.00108223654545,-0.0796324965654625,TRUE,0.234471338296632,1.00103837882243,-0.0166609714911683,TRUE,0.496068944980392,1.00099107854496,-0.0943488811040896,TRUE,0.311373936474732,1.00098745828376
721,"rand=1-2_rate=2_ROB=L_UH_Bias=Rct-NRE Moderate","1-2",2,"L_UH","Rct-NRE Moderate",0,0.0953101798043249,0.139761942375159,0.048790164169432,0.182321556793955,0.300104592450338,0.0920167937190195,0.0965033278234861,-0.133261182592163,TRUE,0.517279241592472,1.00103283827955,-0.122708294704119,TRUE,0.330953976356045,1.0010890668351,-0.0810463794135072,TRUE,0.646367299017096,1.00099189875213,-0.139608347069822,TRUE,0.440775432356349,1.00109979015798
722,"rand=1-2_rate=2_ROB=L_UH_Bias=Rct-NRE Moderate","1-2",2,"L_UH","Rct-NRE Moderate",0,0.0953101798043249,0.139761942375159,0.048790164169432,0.182321556793955,0.300104592450338,0.0978371048667407,0.0994594416652145,-0.128089598422181,TRUE,0.518080141827043,1.00099473667029,-0.152633219235801,TRUE,0.339101347980096,1.0009871597041,-0.158056679523874,TRUE,0.76185735022833,1.00107240201417,-0.150417643191858,TRUE,0.419698880221874,1.00098602700998
723,"rand=1-2_rate=2_ROB=L_UH_Bias=Rct-NRE Moderate","1-2",2,"L_UH","Rct-NRE Moderate",0,0.0953101798043249,0.139761942375159,0.048790164169432,0.182321556793955,0.300104592450338,0.120446728717255,0.121006253996991,0.00381217579674764,TRUE,0.473962155814344,1.00109737277475,-0.0555166254342372,TRUE,0.389838945210404,1.0009860138464,-0.0705208146749479,TRUE,0.673543849049771,1.0010071747896,-0.0510479773221733,TRUE,0.547741036600983,1.00098666952282
724,"rand=1-2_rate=2_ROB=L_UH_Bias=Rct-NRE Moderate","1-2",2,"L_UH","Rct-NRE Moderate",0,0.0953101798043249,0.139761942375159,0.048790164169432,0.182321556793955,0.300104592450338,0.116176918335936,0.11777772201346,-0.224216298120512,TRUE,0.530549390354935,1.00099031467427,-0.23190638796099,FALSE,0.35314714202065,1.00098859350746,-0.382935591205075,FALSE,0.744193201913339,1.00100625403473,-0.188400148662902,TRUE,0.439735633793005,1.00099304441941
725,"rand=1-2_rate=2_ROB=L_UH_Bias=Rct-NRE Moderate","1-2",2,"L_UH","Rct-NRE Moderate",0,0.0953101798043249,0.139761942375159,0.048790164169432,0.182321556793955,0.300104592450338,0.10198991806061,0.10198991806061,-0.0573368101430547,TRUE,0.472794675324314,1.00098739397601,-0.103527351047064,TRUE,0.335578917885048,1.00098848293481,-0.092029517405156,TRUE,0.577001278228929,1.0012336486618,-0.110797552259086,TRUE,0.466429444172692,1.00098603170267
726,"rand=1-2_rate=2_ROB=L_UH_Bias=Rct-NRE Moderate","1-2",2,"L_UH","Rct-NRE Moderate",0,0.0953101798043249,0.139761942375159,0.048790164169432,0.182321556793955,0.300104592450338,0.106757170029316,0.109849187844424,0.0100366796659818,TRUE,0.456981768005202,1.00167390776163,-0.0510876589595537,TRUE,0.377565928115546,1.00103487811384,-0.0705401480850483,TRUE,0.54631766849202,1.00322612217761,-0.0483522325044401,TRUE,0.587368531297542,1.00098692532157
727,"rand=1-2_rate=2_ROB=L_UH_Bias=Rct-NRE Moderate","1-2",2,"L_UH","Rct-NRE Moderate",0,0.0953101798043249,0.139761942375159,0.048790164169432,0.182321556793955,0.300104592450338,0.103909954196328,0.104915901494125,-0.0810810940230258,TRUE,0.578032935013226,1.00098804926632,-0.131402280555017,TRUE,0.466368928830565,1.00101155829464,-0.150528810055279,TRUE,0.736949615193748,1.00128014273579,-0.115581763173228,TRUE,0.689633712640936,1.00105958088913
728,"rand=1-2_rate=2_ROB=L_UH_Bias=Rct-NRE Moderate","1-2",2,"L_UH","Rct-NRE Moderate",0,0.0953101798043249,0.139761942375159,0.048790164169432,0.182321556793955,0.300104592450338,0.108098727253165,0.110222586344764,-0.0190166595151113,TRUE,0.487246579344351,1.00117642787098,-0.107486619416997,TRUE,0.402653767620309,1.00099029243243,0.0351478209663455,TRUE,0.529740329759729,1.00143234734381,-0.179533739114013,TRUE,0.640078160321568,1.00098625322392
729,"rand=1-2_rate=2_ROB=L_UH_Bias=Rct-NRE Moderate","1-2",2,"L_UH","Rct-NRE Moderate",0,0.0953101798043249,0.139761942375159,0.048790164169432,0.182321556793955,0.300104592450338,0.10078961064991,0.101712873610054,-0.00847577657216858,TRUE,0.535485938368164,1.00101085014141,-0.07963384146271,TRUE,0.427004825063817,1.00119565864363,-0.155230602147832,TRUE,0.757489539040166,1.00120584229734,-0.0444913695682985,TRUE,0.589564001148418,1.00099795182921
730,"rand=1-2_rate=2_ROB=L_UH_Bias=Rct-NRE Moderate","1-2",2,"L_UH","Rct-NRE Moderate",0,0.0953101798043249,0.139761942375159,0.048790164169432,0.182321556793955,0.300104592450338,0.105560527803432,0.107004284258236,-0.104470801449827,TRUE,0.518116276337253,1.0009960851062,-0.210469342299868,FALSE,0.424212707282236,1.00099382201438,-0.0989650792248546,TRUE,0.684789438459619,1.00098750251581,-0.259158941023004,TRUE,0.60814042014765,1.00098601855343
731,"rand=1-2_rate=2_ROB=L_UH_Bias=Rct-NRE Moderate","1-2",2,"L_UH","Rct-NRE Moderate",0,0.0953101798043249,0.139761942375159,0.048790164169432,0.182321556793955,0.300104592450338,0.102870203773006,0.10462266142539,-0.0341012996538264,TRUE,0.431114022603844,1.0014191038089,-0.0725295611847303,TRUE,0.283754970699104,1.00100073529972,-0.0123438852453424,TRUE,0.545268218216007,1.00169047311368,-0.0896385163717563,TRUE,0.379283454575655,1.0010207891854
732,"rand=1-2_rate=2_ROB=L_UH_Bias=Rct-NRE Moderate","1-2",2,"L_UH","Rct-NRE Moderate",0,0.0953101798043249,0.139761942375159,0.048790164169432,0.182321556793955,0.300104592450338,0.11618727460959,0.11618727460959,0.00452732503722897,TRUE,0.466688719174904,1.00101456336999,-0.013349710654653,TRUE,0.296962544513352,1.0010085361704,-0.0605568324164318,TRUE,0.872081632086071,1.00099126631929,-0.000837896185110099,TRUE,0.329405942750143,1.00099434098912
733,"rand=1-2_rate=2_ROB=L_UH_Bias=Rct-NRE Moderate","1-2",2,"L_UH","Rct-NRE Moderate",0,0.0953101798043249,0.139761942375159,0.048790164169432,0.182321556793955,0.300104592450338,0.100948393049111,0.101495881259521,-0.102419936843768,TRUE,0.46780842305685,1.00102539183178,-0.143305876210897,TRUE,0.312749234048902,1.00102366028269,-0.19298376820141,TRUE,0.665732757647618,1.00112030465835,-0.130055806144642,TRUE,0.411654811564566,1.00099023870414
734,"rand=1-2_rate=2_ROB=L_UH_Bias=Rct-NRE Moderate","1-2",2,"L_UH","Rct-NRE Moderate",0,0.0953101798043249,0.139761942375159,0.048790164169432,0.182321556793955,0.300104592450338,0.0986620510691864,0.0988902825239775,-0.0286360617989441,TRUE,0.410996489066917,1.00128047234381,-0.0603846400848536,TRUE,0.226651280328754,1.00100674810094,-0.0342419062892398,TRUE,0.575766569145142,1.00098605304874,-0.0657082576669408,TRUE,0.275949398896888,1.00099745237828
735,"rand=1-2_rate=2_ROB=L_UH_Bias=Rct-NRE Moderate","1-2",2,"L_UH","Rct-NRE Moderate",0,0.0953101798043249,0.139761942375159,0.048790164169432,0.182321556793955,0.300104592450338,0.0957245698670071,0.0958427477307894,-0.313550718370416,FALSE,0.574237390905179,1.00112262474494,-0.29585309016168,FALSE,0.359894256133045,1.00100134749711,-0.0632356734931701,TRUE,0.529272777225397,1.00117823217162,-0.380724709583154,FALSE,0.501253422600124,1.00100297438008
736,"rand=1-2_rate=2_ROB=L_UH_Bias=Rct-NRE Moderate","1-2",2,"L_UH","Rct-NRE Moderate",0,0.0953101798043249,0.139761942375159,0.048790164169432,0.182321556793955,0.300104592450338,0.099059242424147,0.0990821570747896,-0.101202464031519,TRUE,0.581783707431679,1.00098632212083,-0.130272146157283,TRUE,0.419382592494563,1.00098685767533,-0.0469208542934689,TRUE,0.71008589002218,1.00100059763777,-0.174217490024441,TRUE,0.5964457771668,1.00100689277671
737,"rand=1-2_rate=2_ROB=L_UH_Bias=Rct-NRE Moderate","1-2",2,"L_UH","Rct-NRE Moderate",0,0.0953101798043249,0.139761942375159,0.048790164169432,0.182321556793955,0.300104592450338,0.108803559803056,0.109047500250723,0.0367446758313621,TRUE,0.375795536763649,1.00099171668487,-0.0741369416560473,TRUE,0.302970386473729,1.00104932543457,0.0886887333090232,TRUE,0.495127603379299,1.00102596482254,-0.129182197584415,TRUE,0.410048789052012,1.00098655259142
738,"rand=1-2_rate=2_ROB=L_UH_Bias=Rct-NRE Moderate","1-2",2,"L_UH","Rct-NRE Moderate",0,0.0953101798043249,0.139761942375159,0.048790164169432,0.182321556793955,0.300104592450338,0.1152514379014,0.11610791422726,-0.0812299270579144,TRUE,0.482949194015473,1.00112706890582,-0.187993510716204,TRUE,0.408209984557343,1.00101708222437,-0.0623004917917962,TRUE,0.5308733766272,1.00152615832397,-0.24713218196946,TRUE,0.65537921384084,1.00098790660197
739,"rand=1-2_rate=2_ROB=L_UH_Bias=Rct-NRE Moderate","1-2",2,"L_UH","Rct-NRE Moderate",0,0.0953101798043249,0.139761942375159,0.048790164169432,0.182321556793955,0.300104592450338,0.119792603706247,0.121063195480162,-0.043357082785441,TRUE,0.475992796075285,1.00110572513141,-0.0537482159588161,TRUE,0.313897428037056,1.00098627290222,0.0999832723951597,TRUE,0.504384465608143,1.00127214742004,-0.111873024503431,TRUE,0.425156373541205,1.00101147286356
740,"rand=1-2_rate=2_ROB=L_UH_Bias=Rct-NRE Moderate","1-2",2,"L_UH","Rct-NRE Moderate",0,0.0953101798043249,0.139761942375159,0.048790164169432,0.182321556793955,0.300104592450338,0.113479442731866,0.115104087791385,-0.166924140828895,TRUE,0.49100536866675,1.00105183108527,-0.259198037394713,FALSE,0.371285377699534,1.00098675596068,-0.186465886001987,TRUE,0.787108881848793,1.00110519142898,-0.284276173153616,FALSE,0.468018281765959,1.00098929065874
741,"rand=1-2_rate=2_ROB=L_UH_Bias=Rct-NRE Moderate","1-2",2,"L_UH","Rct-NRE Moderate",0,0.0953101798043249,0.139761942375159,0.048790164169432,0.182321556793955,0.300104592450338,0.080264913458273,0.0895966437761112,-0.246146337976972,FALSE,0.561022722974523,1.00098772011746,-0.261251477309467,FALSE,0.38955035135904,1.00100199783107,-0.267740866101291,TRUE,0.667138346147287,1.00126440198254,-0.258901264400736,FALSE,0.545039709490686,1.00098888108685
742,"rand=1-2_rate=2_ROB=L_UH_Bias=Rct-NRE Moderate","1-2",2,"L_UH","Rct-NRE Moderate",0,0.0953101798043249,0.139761942375159,0.048790164169432,0.182321556793955,0.300104592450338,0.11469502183903,0.11479360751329,-0.212542344438462,TRUE,0.487633044698917,1.00100816866882,-0.287112660539953,FALSE,0.299936534862815,1.00098626654358,-0.148091359140256,TRUE,0.737388855272606,1.00099229252978,-0.31844002077551,FALSE,0.347001327390949,1.001007166555
743,"rand=1-2_rate=2_ROB=L_UH_Bias=Rct-NRE Moderate","1-2",2,"L_UH","Rct-NRE Moderate",0,0.0953101798043249,0.139761942375159,0.048790164169432,0.182321556793955,0.300104592450338,0.0974505428500263,0.0976154674578883,-0.0446944585612747,TRUE,0.47577724080201,1.00128184356171,-0.132868099196949,TRUE,0.375566330676958,1.00098817974498,0.13222176594783,TRUE,0.442483574381779,1.00117534430091,-0.264472299001063,FALSE,0.550518337333835,1.00098964310548
744,"rand=1-2_rate=2_ROB=L_UH_Bias=Rct-NRE Moderate","1-2",2,"L_UH","Rct-NRE Moderate",0,0.0953101798043249,0.139761942375159,0.048790164169432,0.182321556793955,0.300104592450338,0.104000747047394,0.105448305860558,-0.135287746122472,TRUE,0.565481848350139,1.00110851065343,-0.192170362186384,TRUE,0.437700813878269,1.00098686865938,-0.112037420110018,TRUE,0.825261644869847,1.00098715632545,-0.230957408574627,TRUE,0.590839170809899,1.00100298396611
745,"rand=1-2_rate=2_ROB=L_UH_Bias=Rct-NRE Moderate","1-2",2,"L_UH","Rct-NRE Moderate",0,0.0953101798043249,0.139761942375159,0.048790164169432,0.182321556793955,0.300104592450338,0.0911902622549772,0.0920106229006528,0.0638321939615489,TRUE,0.405717405512683,1.00099337501883,0.0215374125152202,TRUE,0.274604752430996,1.00098615858797,0.155955689330871,TRUE,0.438618877741884,1.00124228717377,-0.0296424193317448,TRUE,0.383780219734554,1.00101274255294
746,"rand=1-2_rate=2_ROB=L_UH_Bias=Rct-NRE Moderate","1-2",2,"L_UH","Rct-NRE Moderate",0,0.0953101798043249,0.139761942375159,0.048790164169432,0.182321556793955,0.300104592450338,0.0962858898024324,0.0969748158663995,0.0364758139909196,TRUE,0.491729804777801,1.0013289774865,-0.0217575778011307,TRUE,0.403433160785265,1.00100732830063,-0.00198554421140962,TRUE,0.618566636075674,1.00113006208717,-0.0372448928049613,TRUE,0.607617831394467,1.00099639360624
747,"rand=1-2_rate=2_ROB=L_UH_Bias=Rct-NRE Moderate","1-2",2,"L_UH","Rct-NRE Moderate",0,0.0953101798043249,0.139761942375159,0.048790164169432,0.182321556793955,0.300104592450338,0.0990657361048433,0.0996795633223426,-0.145822236597576,TRUE,0.499898884453736,1.00100998012309,-0.154628369710204,TRUE,0.321605922736764,1.00098864302029,-0.0164590363177033,TRUE,0.510918999065033,1.00115788597231,-0.20224364487248,TRUE,0.449206337236173,1.00105383318472
748,"rand=1-2_rate=2_ROB=L_UH_Bias=Rct-NRE Moderate","1-2",2,"L_UH","Rct-NRE Moderate",0,0.0953101798043249,0.139761942375159,0.048790164169432,0.182321556793955,0.300104592450338,0.089216696350083,0.0953994303715048,-0.0294780762895728,TRUE,0.45767507177216,1.00105436305243,-0.130000953213881,TRUE,0.368511585198054,1.00100469038384,-0.126005420652985,TRUE,0.629691473368642,1.00099489065488,-0.128180100674995,TRUE,0.524862352949236,1.00098613494246
749,"rand=1-2_rate=2_ROB=L_UH_Bias=Rct-NRE Moderate","1-2",2,"L_UH","Rct-NRE Moderate",0,0.0953101798043249,0.139761942375159,0.048790164169432,0.182321556793955,0.300104592450338,0.114242454876245,0.115160540481209,0.0215311015849303,TRUE,0.486489132017966,1.00119897248898,-0.0119742195649299,TRUE,0.383358742916799,1.00102842898264,-0.178137813184497,TRUE,0.777249663912637,1.00109168337343,0.0549958205635386,TRUE,0.477444796536987,1.00098603586414
750,"rand=1-2_rate=2_ROB=L_UH_Bias=Rct-NRE Moderate","1-2",2,"L_UH","Rct-NRE Moderate",0,0.0953101798043249,0.139761942375159,0.048790164169432,0.182321556793955,0.300104592450338,0.101775984633797,0.102751928006291,-0.0220616297607812,TRUE,0.512416832256855,1.00105204645242,-0.141378471649911,TRUE,0.448889490818981,1.00099837614496,0.0257367734700826,TRUE,0.515537342496896,1.00140407924657,-0.234355075575509,TRUE,0.75649794388276,1.00098614092019
751,"rand=1-2_rate=2_ROB=L_UH_Bias=Rct-NRE Moderate","1-2",2,"L_UH","Rct-NRE Moderate",0,0.0953101798043249,0.139761942375159,0.048790164169432,0.182321556793955,0.300104592450338,0.098403339303038,0.101715475837934,0.0197875318535109,TRUE,0.540986741871254,1.00104381070428,-0.0100639649704695,TRUE,0.449472766156773,1.00114562709169,0.0998128152431944,TRUE,0.569885790995873,1.00102045666996,-0.0747061438620868,TRUE,0.731455791252017,1.00099855552693
752,"rand=1-2_rate=2_ROB=L_UH_Bias=Rct-NRE Moderate","1-2",2,"L_UH","Rct-NRE Moderate",0,0.0953101798043249,0.139761942375159,0.048790164169432,0.182321556793955,0.300104592450338,0.104248597157616,0.108602499644518,0.0753616740602645,TRUE,0.480133918571404,1.00114639116403,0.0226017497367356,TRUE,0.368575040876867,1.00099015686361,0.0330701021690313,TRUE,0.693083645026117,1.00098956026089,0.0172430576986101,TRUE,0.505258585753815,1.00098786281855
753,"rand=1-2_rate=2_ROB=L_UH_Bias=Rct-NRE Moderate","1-2",2,"L_UH","Rct-NRE Moderate",0,0.0953101798043249,0.139761942375159,0.048790164169432,0.182321556793955,0.300104592450338,0.111759021482502,0.113809421751746,-0.0552148408481983,TRUE,0.553018662945463,1.00099988984634,-0.0953410571059239,TRUE,0.429522821304064,1.0009865353606,-0.170718175913884,TRUE,0.67017525717991,1.00113796531735,-0.0609547087907274,TRUE,0.638199913294564,1.00098731112191
754,"rand=1-2_rate=2_ROB=L_UH_Bias=Rct-NRE Moderate","1-2",2,"L_UH","Rct-NRE Moderate",0,0.0953101798043249,0.139761942375159,0.048790164169432,0.182321556793955,0.300104592450338,0.111729616745128,0.114792099209548,-0.0729390442548321,TRUE,0.465553965296683,1.00098633303314,-0.208923917944284,FALSE,0.459492528233404,1.00101429496605,-0.281166209489465,TRUE,0.886567906527972,1.00099473561291,-0.175148245239524,TRUE,0.620687607951621,1.00098634226524
755,"rand=1-2_rate=2_ROB=L_UH_Bias=Rct-NRE Moderate","1-2",2,"L_UH","Rct-NRE Moderate",0,0.0953101798043249,0.139761942375159,0.048790164169432,0.182321556793955,0.300104592450338,0.0995311349735784,0.100323494787609,-0.00726821141865663,TRUE,0.570675160628687,1.00099539173976,-0.0954446283874524,TRUE,0.498652470147227,1.00099300431472,-0.119585692237873,TRUE,0.820584263935274,1.00111379419356,-0.0857756311009128,TRUE,0.747444081846444,1.00099223233759
756,"rand=1-2_rate=2_ROB=L_UH_Bias=Rct-NRE Moderate","1-2",2,"L_UH","Rct-NRE Moderate",0,0.0953101798043249,0.139761942375159,0.048790164169432,0.182321556793955,0.300104592450338,0.0907473706061474,0.0912945715408493,-0.0274490692497433,TRUE,0.436857984392933,1.0013318349946,-0.0644532891239091,TRUE,0.270662261847928,1.0009862185388,0.117623367953978,TRUE,0.480234197718548,1.00128074829562,-0.114623868540555,TRUE,0.346566797449429,1.00100936947434
757,"rand=1-2_rate=2_ROB=L_UH_Bias=Rct-NRE Moderate","1-2",2,"L_UH","Rct-NRE Moderate",0,0.0953101798043249,0.139761942375159,0.048790164169432,0.182321556793955,0.300104592450338,0.0936372650848136,0.0942226360311993,0.110192613079393,TRUE,0.382537279869902,1.0013594698932,0.0386300999284234,TRUE,0.261742393252815,1.00098698639998,0.248563121243234,TRUE,0.472152799214197,1.00165066123956,-0.0313359964915363,TRUE,0.306086396257642,1.00100588093983
758,"rand=1-2_rate=2_ROB=L_UH_Bias=Rct-NRE Moderate","1-2",2,"L_UH","Rct-NRE Moderate",0,0.0953101798043249,0.139761942375159,0.048790164169432,0.182321556793955,0.300104592450338,0.119987232269264,0.120786787287695,-0.105415877652881,TRUE,0.506822492924892,1.00099674842207,-0.260649870755064,FALSE,0.453911073579808,1.00098749973928,-0.118479636700664,TRUE,0.629045900273869,1.0010557141599,-0.322929196131096,FALSE,0.680738487417977,1.0009986502738
759,"rand=1-2_rate=2_ROB=L_UH_Bias=Rct-NRE Moderate","1-2",2,"L_UH","Rct-NRE Moderate",0,0.0953101798043249,0.139761942375159,0.048790164169432,0.182321556793955,0.300104592450338,0.10806007009307,0.108461611534251,-0.212703764706065,TRUE,0.597598380256076,1.0010163136009,-0.272448437105985,FALSE,0.413189575537688,1.00101014966771,-0.0998624882433878,TRUE,0.741444651687334,1.00101013754852,-0.346344650144305,FALSE,0.543445266092198,1.00098741972968
760,"rand=1-2_rate=2_ROB=L_UH_Bias=Rct-NRE Moderate","1-2",2,"L_UH","Rct-NRE Moderate",0,0.0953101798043249,0.139761942375159,0.048790164169432,0.182321556793955,0.300104592450338,0.0992084259193273,0.102839391776834,-0.0824310719711538,TRUE,0.500121532753219,1.00101372093473,-0.0692057797906862,TRUE,0.32177122032316,1.00101029755654,-0.116139850154531,TRUE,0.682127654228609,1.00110040146604,-0.0529675602589015,TRUE,0.407875877602911,1.00099203898227
761,"rand=1-2_rate=2_ROB=L_UH_Bias=Rct-NRE Moderate","1-2",2,"L_UH","Rct-NRE Moderate",0,0.0953101798043249,0.139761942375159,0.048790164169432,0.182321556793955,0.300104592450338,0.12341655816342,0.123914075481381,-0.0522739971865105,TRUE,0.53117771212894,1.00101836242313,-0.120152323351389,TRUE,0.463606840439384,1.00105592894687,-0.0767479293085969,TRUE,0.613201945327186,1.00101733432457,-0.155164424243237,TRUE,0.7554393288627,1.00098604307217
762,"rand=1-2_rate=2_ROB=L_UH_Bias=Rct-NRE Moderate","1-2",2,"L_UH","Rct-NRE Moderate",0,0.0953101798043249,0.139761942375159,0.048790164169432,0.182321556793955,0.300104592450338,0.107088697512419,0.109601050829437,0.0264308989042492,TRUE,0.500550769585925,1.00107898510297,-0.0594178171379904,TRUE,0.401919520053588,1.00099145541801,0.0244019259430774,TRUE,0.734706142578341,1.00105883753322,-0.102772438260374,TRUE,0.567707022448864,1.00099954402105
763,"rand=1-2_rate=2_ROB=L_UH_Bias=Rct-NRE Moderate","1-2",2,"L_UH","Rct-NRE Moderate",0,0.0953101798043249,0.139761942375159,0.048790164169432,0.182321556793955,0.300104592450338,0.102906675341654,0.103095813416778,0.0352315324400378,TRUE,0.375373960646279,1.0009947549325,-0.111425522591987,TRUE,0.393174409235834,1.00100349633096,0.0705621149055757,TRUE,0.646577226627611,1.00104944226055,-0.212416747598354,TRUE,0.53914030986611,1.00109312693755
764,"rand=1-2_rate=2_ROB=L_UH_Bias=Rct-NRE Moderate","1-2",2,"L_UH","Rct-NRE Moderate",0,0.0953101798043249,0.139761942375159,0.048790164169432,0.182321556793955,0.300104592450338,0.0794956617194635,0.0815052094044444,-0.124692079798286,TRUE,0.496954309526369,1.00099439560656,-0.125973515973991,TRUE,0.310344232241374,1.00099465522791,-0.246509970075199,TRUE,0.810977549861895,1.00129477887157,-0.0965364498493957,TRUE,0.362149104860453,1.00100456655431
765,"rand=1-2_rate=2_ROB=L_UH_Bias=Rct-NRE Moderate","1-2",2,"L_UH","Rct-NRE Moderate",0,0.0953101798043249,0.139761942375159,0.048790164169432,0.182321556793955,0.300104592450338,0.104309254623154,0.104993843456419,-0.0495911280246843,TRUE,0.474143598455853,1.00105489274442,-0.0640803023933034,TRUE,0.330366744328554,1.00102587990058,0.0217504347179758,TRUE,0.501776908107675,1.00098602808196,-0.103127562066264,TRUE,0.492734965510998,1.00101150870174
766,"rand=1-2_rate=2_ROB=L_UH_Bias=Rct-NRE Moderate","1-2",2,"L_UH","Rct-NRE Moderate",0,0.0953101798043249,0.139761942375159,0.048790164169432,0.182321556793955,0.300104592450338,0.0829175291167327,0.0860284068997079,0.049547473959293,TRUE,0.378521424754948,1.00098607499622,-0.00381377787200021,TRUE,0.253767473290134,1.00099661041974,0.169036739960038,TRUE,0.41524873310646,1.00145124235321,-0.0555657194541215,TRUE,0.328617985786861,1.00098598995029
767,"rand=1-2_rate=2_ROB=L_UH_Bias=Rct-NRE Moderate","1-2",2,"L_UH","Rct-NRE Moderate",0,0.0953101798043249,0.139761942375159,0.048790164169432,0.182321556793955,0.300104592450338,0.117365876797741,0.121309845180375,-0.15364337348595,TRUE,0.477430863164604,1.00106955666318,-0.129847182039908,TRUE,0.285831789790523,1.00108328324735,-0.19451878723344,TRUE,0.646880217873196,1.00100373004562,-0.11094198641703,TRUE,0.353579244295814,1.00100549086611
768,"rand=1-2_rate=2_ROB=L_UH_Bias=Rct-NRE Moderate","1-2",2,"L_UH","Rct-NRE Moderate",0,0.0953101798043249,0.139761942375159,0.048790164169432,0.182321556793955,0.300104592450338,0.0947890295283601,0.0953343887671954,-0.0991211503637441,TRUE,0.469735839774674,1.0014370173078,-0.20985841957185,FALSE,0.367898146992128,1.00098612156862,-0.146365534167206,TRUE,0.619762393617015,1.00098609257128,-0.231478894896489,TRUE,0.526948095659616,1.00098645961425
769,"rand=1-2_rate=2_ROB=L_UH_Bias=Rct-NRE Moderate","1-2",2,"L_UH","Rct-NRE Moderate",0,0.0953101798043249,0.139761942375159,0.048790164169432,0.182321556793955,0.300104592450338,0.0940522573345161,0.0952651735334391,0.0082221496906405,TRUE,0.505065848181962,1.00112858923924,-0.109959285801396,TRUE,0.448892034165464,1.00104142109101,0.0292174685534279,TRUE,0.546045238844719,1.00100092864106,-0.185840539776998,TRUE,0.738506115658016,1.00098813158454
770,"rand=1-2_rate=2_ROB=L_UH_Bias=Rct-NRE Moderate","1-2",2,"L_UH","Rct-NRE Moderate",0,0.0953101798043249,0.139761942375159,0.048790164169432,0.182321556793955,0.300104592450338,0.100326452097189,0.101849818462547,-0.0160184871890656,TRUE,0.458317810069622,1.00098824839511,-0.0179806675584611,TRUE,0.285408897891899,1.00099462597865,-0.0632266745559553,TRUE,0.703623447571918,1.00098851963979,-0.0033458096904333,TRUE,0.341621571263017,1.00098658357528
771,"rand=1-2_rate=2_ROB=L_UH_Bias=Rct-NRE Moderate","1-2",2,"L_UH","Rct-NRE Moderate",0,0.0953101798043249,0.139761942375159,0.048790164169432,0.182321556793955,0.300104592450338,0.117092316968103,0.117955882945026,-0.153414032945877,TRUE,0.533686283656853,1.00100249624312,-0.180405979824821,FALSE,0.350075184861026,1.00099109868884,-0.0120400099218685,TRUE,0.552073715474984,1.00111348640203,-0.241378560258773,FALSE,0.486246662067447,1.00098766024634
772,"rand=1-2_rate=2_ROB=L_UH_Bias=Rct-NRE Moderate","1-2",2,"L_UH","Rct-NRE Moderate",0,0.0953101798043249,0.139761942375159,0.048790164169432,0.182321556793955,0.300104592450338,0.0953607295285849,0.0965966558925577,0.0400633419285144,TRUE,0.446079762966651,1.00177979311326,-0.0135997090670243,TRUE,0.35294517941972,1.00100386668982,-0.0261931582308863,TRUE,0.551683959775768,1.0010107704972,-0.00879028355780509,TRUE,0.536322443570965,1.0010460249786
773,"rand=1-2_rate=2_ROB=L_UH_Bias=Rct-NRE Moderate","1-2",2,"L_UH","Rct-NRE Moderate",0,0.0953101798043249,0.139761942375159,0.048790164169432,0.182321556793955,0.300104592450338,0.0960613081017327,0.0966647405203384,-0.0736247957887102,TRUE,0.478143948778951,1.00103220514908,-0.127215683720483,TRUE,0.313869167852564,1.00098706309287,0.0330120653427433,TRUE,0.514071332662316,1.00131647964696,-0.181600956677298,TRUE,0.436629662048809,1.00099783600374
774,"rand=1-2_rate=2_ROB=L_UH_Bias=Rct-NRE Moderate","1-2",2,"L_UH","Rct-NRE Moderate",0,0.0953101798043249,0.139761942375159,0.048790164169432,0.182321556793955,0.300104592450338,0.11325768269596,0.114553698452359,-0.115143916300845,TRUE,0.629467412045996,1.00103812275737,-0.215368885006513,TRUE,0.554232558393883,1.00098603395301,-0.0444410709154726,TRUE,0.685309190966691,1.00102797503501,-0.325642409374166,TRUE,0.923535380496591,1.00099070426877
775,"rand=1-2_rate=2_ROB=L_UH_Bias=Rct-NRE Moderate","1-2",2,"L_UH","Rct-NRE Moderate",0,0.0953101798043249,0.139761942375159,0.048790164169432,0.182321556793955,0.300104592450338,0.0945865590718858,0.0962980669822171,0.0177561109034235,TRUE,0.39907919734382,1.00101297569886,-0.0951561960339056,TRUE,0.373299496806273,1.00098835248799,0.107364996411006,TRUE,0.649710171608362,1.00153101959814,-0.184426002601779,TRUE,0.47515389458295,1.00104689019523
776,"rand=1-2_rate=2_ROB=L_UH_Bias=Rct-NRE Moderate","1-2",2,"L_UH","Rct-NRE Moderate",0,0.0953101798043249,0.139761942375159,0.048790164169432,0.182321556793955,0.300104592450338,0.104448871231771,0.104830072755107,-0.147584231011349,TRUE,0.660495294228871,1.00107901259498,-0.183285572685828,TRUE,0.514263487624848,1.000991707896,-0.129867939997488,TRUE,1.04184960634659,1.00098620724175,-0.206677994941285,TRUE,0.665695063573642,1.00099995553712
777,"rand=1-2_rate=2_ROB=L_UH_Bias=Rct-NRE Moderate","1-2",2,"L_UH","Rct-NRE Moderate",0,0.0953101798043249,0.139761942375159,0.048790164169432,0.182321556793955,0.300104592450338,0.0987326984604362,0.100066855525182,-0.00739774419702899,TRUE,0.480666603986739,1.00098799294955,-0.0652507391383619,TRUE,0.365931466746052,1.00099032313382,-0.232964689842388,TRUE,0.774074834458883,1.00111488253249,-0.000472356164482157,TRUE,0.446666829392414,1.00100185326938
778,"rand=1-2_rate=2_ROB=L_UH_Bias=Rct-NRE Moderate","1-2",2,"L_UH","Rct-NRE Moderate",0,0.0953101798043249,0.139761942375159,0.048790164169432,0.182321556793955,0.300104592450338,0.107329947060888,0.112684478887037,-0.247225638057335,TRUE,0.589243018619984,1.00098605379451,-0.299166466310916,FALSE,0.448800806715165,1.00098635188754,-0.227485017169684,TRUE,0.673023387257255,1.00170985114813,-0.331124046080451,FALSE,0.676957314197698,1.00102017049202
779,"rand=1-2_rate=2_ROB=L_UH_Bias=Rct-NRE Moderate","1-2",2,"L_UH","Rct-NRE Moderate",0,0.0953101798043249,0.139761942375159,0.048790164169432,0.182321556793955,0.300104592450338,0.1039874454117,0.104639759509042,-0.0396771277729258,TRUE,0.452485010230317,1.00104486691393,-0.149369009577733,TRUE,0.367606326214746,1.00104200882338,0.00144202903996393,TRUE,0.515887180376907,1.00131994032599,-0.211418779335416,TRUE,0.549029849764311,1.00101633389816
780,"rand=1-2_rate=2_ROB=L_UH_Bias=Rct-NRE Moderate","1-2",2,"L_UH","Rct-NRE Moderate",0,0.0953101798043249,0.139761942375159,0.048790164169432,0.182321556793955,0.300104592450338,0.10621673100536,0.107463076906376,0.0150707195534081,TRUE,0.425595720831108,1.00099984192375,-0.0882888324356832,TRUE,0.338178466416991,1.00107300946205,-0.0945989039293595,TRUE,0.604560963523105,1.00109303091206,-0.0828515754546026,TRUE,0.471066422101836,1.00098605048247
781,"rand=1-2_rate=2_ROB=L_UH_Bias=Rct-NRE Moderate","1-2",2,"L_UH","Rct-NRE Moderate",0,0.0953101798043249,0.139761942375159,0.048790164169432,0.182321556793955,0.300104592450338,0.0991573644192362,0.100022498149042,-0.0635278526429726,TRUE,0.618060978777835,1.00098804105841,-0.0876309273463594,TRUE,0.491275692270274,1.00101719652471,0.136903387029617,TRUE,0.775733021162588,1.00099064147326,-0.224812355594958,TRUE,0.688396493970519,1.00099991620916
782,"rand=1-2_rate=2_ROB=L_UH_Bias=Rct-NRE Moderate","1-2",2,"L_UH","Rct-NRE Moderate",0,0.0953101798043249,0.139761942375159,0.048790164169432,0.182321556793955,0.300104592450338,0.0854588761975955,0.0858966292849594,-0.0588924242311089,TRUE,0.439035866119496,1.00098886301906,-0.177974386791039,FALSE,0.298214458195982,1.00110019431701,-0.00877197173424737,TRUE,0.581302807938644,1.00107831816297,-0.222892316089793,FALSE,0.378175276135987,1.00103607547817
783,"rand=1-2_rate=2_ROB=L_UH_Bias=Rct-NRE Moderate","1-2",2,"L_UH","Rct-NRE Moderate",0,0.0953101798043249,0.139761942375159,0.048790164169432,0.182321556793955,0.300104592450338,0.122368687399799,0.12338431719367,0.0313088347977328,TRUE,0.414774400603247,1.00106323775133,-0.0671352201553499,TRUE,0.347720151507535,1.00099054954557,-0.0546030923485847,TRUE,0.555659343471595,1.00105500526358,-0.0731166609077951,TRUE,0.504829197848899,1.00099215722304
784,"rand=1-2_rate=2_ROB=L_UH_Bias=Rct-NRE Moderate","1-2",2,"L_UH","Rct-NRE Moderate",0,0.0953101798043249,0.139761942375159,0.048790164169432,0.182321556793955,0.300104592450338,0.0976478175036591,0.0984987855462648,-0.151578383941304,TRUE,0.538488476371316,1.00099065171192,-0.218651998245448,FALSE,0.410296730514111,1.00099263071049,-0.197275737709071,TRUE,0.7226519826307,1.00110590176927,-0.225432598003927,TRUE,0.570793914575079,1.00098745280889
785,"rand=1-2_rate=2_ROB=L_UH_Bias=Rct-NRE Moderate","1-2",2,"L_UH","Rct-NRE Moderate",0,0.0953101798043249,0.139761942375159,0.048790164169432,0.182321556793955,0.300104592450338,0.0957024510735913,0.0987130889398419,0.0217741768503201,TRUE,0.497050196140257,1.00104391790588,0.0273435018239535,TRUE,0.366350529308193,1.00099889644266,-0.0730027064178391,TRUE,0.613778089205769,1.00101698388585,0.0682730380735034,TRUE,0.521293532679973,1.00099646794548
786,"rand=1-2_rate=2_ROB=L_UH_Bias=Rct-NRE Moderate","1-2",2,"L_UH","Rct-NRE Moderate",0,0.0953101798043249,0.139761942375159,0.048790164169432,0.182321556793955,0.300104592450338,0.110190862843883,0.111614450963611,-0.147266369323674,TRUE,0.444507401720852,1.00193913530243,-0.164088396035591,FALSE,0.283319170818505,1.00098818487051,-0.224022794629317,TRUE,0.747629227427672,1.00099266752238,-0.152957046897762,FALSE,0.338002076369272,1.00106541309077
787,"rand=1-2_rate=2_ROB=L_UH_Bias=Rct-NRE Moderate","1-2",2,"L_UH","Rct-NRE Moderate",0,0.0953101798043249,0.139761942375159,0.048790164169432,0.182321556793955,0.300104592450338,0.103067462436131,0.103772746437152,-0.0477314430619626,TRUE,0.463176857383422,1.00170376977522,-0.122169094474778,TRUE,0.35978795696595,1.001034136624,0.0761266104480658,TRUE,0.530241691104952,1.00100890872515,-0.211637420796539,TRUE,0.507835815990958,1.00099121552691
788,"rand=1-2_rate=2_ROB=L_UH_Bias=Rct-NRE Moderate","1-2",2,"L_UH","Rct-NRE Moderate",0,0.0953101798043249,0.139761942375159,0.048790164169432,0.182321556793955,0.300104592450338,0.101479714669792,0.10248282473766,-0.181968518542153,TRUE,0.515969626937078,1.00099521599154,-0.180367248570436,FALSE,0.338628689439106,1.00103056098619,-0.174017619052386,TRUE,0.62608168517132,1.00110779096526,-0.182176132805606,TRUE,0.472928167142826,1.00098599014817
789,"rand=1-2_rate=2_ROB=L_UH_Bias=Rct-NRE Moderate","1-2",2,"L_UH","Rct-NRE Moderate",0,0.0953101798043249,0.139761942375159,0.048790164169432,0.182321556793955,0.300104592450338,0.0933182187791884,0.0963457094481535,0.0120026847746197,TRUE,0.391734994680484,1.00099721489217,-0.0633006954522066,TRUE,0.27525013160353,1.00098741701105,-0.151943051906246,TRUE,0.623972580736992,1.00116571118007,-0.0398993741541198,TRUE,0.337738578488031,1.0010348049381
790,"rand=1-2_rate=2_ROB=L_UH_Bias=Rct-NRE Moderate","1-2",2,"L_UH","Rct-NRE Moderate",0,0.0953101798043249,0.139761942375159,0.048790164169432,0.182321556793955,0.300104592450338,0.109548371672325,0.11142108417568,-0.10172523508922,TRUE,0.573004574667377,1.00116708658067,-0.0558774467482972,TRUE,0.404615534829087,1.00102206845026,-0.180137186545165,TRUE,0.802119614766395,1.00099339826274,-0.00128852731410589,TRUE,0.521101938131012,1.00098748036133
791,"rand=1-2_rate=2_ROB=L_UH_Bias=Rct-NRE Moderate","1-2",2,"L_UH","Rct-NRE Moderate",0,0.0953101798043249,0.139761942375159,0.048790164169432,0.182321556793955,0.300104592450338,0.104987396642349,0.108292076798593,-0.00143524727346689,TRUE,0.422769665005625,1.00099464743657,-0.115221662799467,TRUE,0.363877009745441,1.00100110101505,-0.00314211558451727,TRUE,0.559754157085291,1.00111599894875,-0.164590478135347,TRUE,0.531086904937738,1.00098923354817
792,"rand=1-2_rate=2_ROB=L_UH_Bias=Rct-NRE Moderate","1-2",2,"L_UH","Rct-NRE Moderate",0,0.0953101798043249,0.139761942375159,0.048790164169432,0.182321556793955,0.300104592450338,0.0980485070479515,0.0990798952239673,0.0247811723849641,TRUE,0.477496101283984,1.00101212213684,-0.0584677309338322,TRUE,0.35853427534897,1.00098703588677,0.115310859812814,TRUE,0.533571403070384,1.00107723900472,-0.135918813130472,TRUE,0.497441599593504,1.0009893010535
793,"rand=1-2_rate=2_ROB=L_UH_Bias=Rct-NRE Moderate","1-2",2,"L_UH","Rct-NRE Moderate",0,0.0953101798043249,0.139761942375159,0.048790164169432,0.182321556793955,0.300104592450338,0.0997353966184858,0.102998098020417,-0.061461246902871,TRUE,0.566892077057778,1.00115295685028,-0.121708654090519,TRUE,0.434820486903043,1.00098617418575,-0.118752286059763,TRUE,0.735332065034775,1.00112022396813,-0.123246975342727,TRUE,0.627854680254898,1.00112162137369
794,"rand=1-2_rate=2_ROB=L_UH_Bias=Rct-NRE Moderate","1-2",2,"L_UH","Rct-NRE Moderate",0,0.0953101798043249,0.139761942375159,0.048790164169432,0.182321556793955,0.300104592450338,0.107598637963823,0.108328636559591,-0.10316639690615,TRUE,0.446381923101357,1.00109075514383,-0.075204108965137,TRUE,0.256984533538893,1.00098727841693,-0.233976078874669,TRUE,0.843734263592464,1.00113310999251,-0.040492346392353,TRUE,0.26067662890634,1.00100797875348
795,"rand=1-2_rate=2_ROB=L_UH_Bias=Rct-NRE Moderate","1-2",2,"L_UH","Rct-NRE Moderate",0,0.0953101798043249,0.139761942375159,0.048790164169432,0.182321556793955,0.300104592450338,0.103385385172847,0.104499353497422,0.0670870000634247,TRUE,0.445715884991375,1.00117254205065,-0.0158113587705178,TRUE,0.364757353446555,1.00100907136577,-0.0996535409154602,TRUE,0.654277070024848,1.00100764558676,0.0163261978704703,TRUE,0.495258186546855,1.00098642730593
796,"rand=1-2_rate=2_ROB=L_UH_Bias=Rct-NRE Moderate","1-2",2,"L_UH","Rct-NRE Moderate",0,0.0953101798043249,0.139761942375159,0.048790164169432,0.182321556793955,0.300104592450338,0.096150626485834,0.0967066685190149,-0.172397873886956,TRUE,0.539731752964673,1.00098622040822,-0.130020700174755,TRUE,0.363973573368323,1.00099330734183,-0.198697367844096,TRUE,0.723198969729131,1.00110281054992,-0.105453643782667,TRUE,0.481094831255617,1.00099949949696
797,"rand=1-2_rate=2_ROB=L_UH_Bias=Rct-NRE Moderate","1-2",2,"L_UH","Rct-NRE Moderate",0,0.0953101798043249,0.139761942375159,0.048790164169432,0.182321556793955,0.300104592450338,0.104649371365066,0.105389524157038,-0.115516004729813,TRUE,0.513756477981426,1.00115509787861,-0.16232944628853,TRUE,0.413750593630936,1.00101879139962,-0.187047215946579,TRUE,0.738079912619596,1.00100357601342,-0.154435704566265,TRUE,0.583084899018286,1.001044577658
798,"rand=1-2_rate=2_ROB=L_UH_Bias=Rct-NRE Moderate","1-2",2,"L_UH","Rct-NRE Moderate",0,0.0953101798043249,0.139761942375159,0.048790164169432,0.182321556793955,0.300104592450338,0.100006578215984,0.100428646697774,-0.213945235732108,TRUE,0.531623832801973,1.00153200348099,-0.209067451990076,FALSE,0.373155079624872,1.00098833004246,-0.142894773620163,TRUE,0.5969112563709,1.001187875201,-0.235443981744244,TRUE,0.53902887903126,1.0009885589607
799,"rand=1-2_rate=2_ROB=L_UH_Bias=Rct-NRE Moderate","1-2",2,"L_UH","Rct-NRE Moderate",0,0.0953101798043249,0.139761942375159,0.048790164169432,0.182321556793955,0.300104592450338,0.088147301680118,0.0885013863510832,-0.12456604721961,TRUE,0.478378984641917,1.00102277126079,-0.15863509751427,FALSE,0.324925250968339,1.00106779941961,-0.00829141993880955,TRUE,0.550018145891601,1.00116718619347,-0.210146574675466,FALSE,0.440959360484781,1.0009879573034
800,"rand=1-2_rate=2_ROB=L_UH_Bias=Rct-NRE Moderate","1-2",2,"L_UH","Rct-NRE Moderate",0,0.0953101798043249,0.139761942375159,0.048790164169432,0.182321556793955,0.300104592450338,0.102229555645423,0.102876190232991,-0.0597482941488463,TRUE,0.511720640604327,1.00101390908423,-0.0641963654054736,TRUE,0.388491072510778,1.00102090634039,-0.0661623604775463,TRUE,0.52667464135341,1.0012241273606,-0.0634140023994434,TRUE,0.630604465818228,1.00100095640403
801,"rand=1-2_rate=2_ROB=L_UH_Bias=Rct-NRE Moderate","1-2",2,"L_UH","Rct-NRE Moderate",0,0.0953101798043249,0.139761942375159,0.048790164169432,0.182321556793955,0.300104592450338,0.0965177874174474,0.096580752326255,-0.0372169433126897,TRUE,0.532337542039591,1.00137609173286,-0.0773510438047182,TRUE,0.428321946611963,1.00098891776569,-0.156849988705292,TRUE,0.639863519768704,1.00108183043459,-0.0366082037159521,TRUE,0.623431162126651,1.00100192993711
802,"rand=1-2_rate=2_ROB=L_UH_Bias=Rct-NRE Moderate","1-2",2,"L_UH","Rct-NRE Moderate",0,0.0953101798043249,0.139761942375159,0.048790164169432,0.182321556793955,0.300104592450338,0.100074810332707,0.100400104289749,-0.136571268138984,TRUE,0.501130677506131,1.00100228369548,-0.172448872238782,FALSE,0.347515411165251,1.00101496143397,-0.172579489480364,TRUE,0.735427643853605,1.00125068276389,-0.171046229754177,TRUE,0.44601795606708,1.00099080908184
803,"rand=1-2_rate=2_ROB=L_UH_Bias=Rct-NRE Moderate","1-2",2,"L_UH","Rct-NRE Moderate",0,0.0953101798043249,0.139761942375159,0.048790164169432,0.182321556793955,0.300104592450338,0.113264800975476,0.114746115590549,-0.0913016297142448,TRUE,0.481867625958325,1.00114484769127,-0.146039737595656,TRUE,0.330224367800104,1.00102952062259,-0.0754206359603578,TRUE,0.553962474393102,1.00110228296992,-0.170312573954042,TRUE,0.475191899598181,1.00098728223416
804,"rand=1-2_rate=2_ROB=L_UH_Bias=Rct-NRE Moderate","1-2",2,"L_UH","Rct-NRE Moderate",0,0.0953101798043249,0.139761942375159,0.048790164169432,0.182321556793955,0.300104592450338,0.100260223908335,0.100988021031112,-0.13856795583714,TRUE,0.535166780290232,1.00102029908958,-0.192276302407533,FALSE,0.402544864687781,1.00106603444313,-0.121445532044189,TRUE,0.604524975449907,1.00099155564348,-0.222902382010398,TRUE,0.602237393049331,1.00098675630245
805,"rand=1-2_rate=2_ROB=L_UH_Bias=Rct-NRE Moderate","1-2",2,"L_UH","Rct-NRE Moderate",0,0.0953101798043249,0.139761942375159,0.048790164169432,0.182321556793955,0.300104592450338,0.10748550768571,0.108549773025091,-0.145611943977802,TRUE,0.525032635082436,1.00157980023164,-0.229269841319301,FALSE,0.422477074723287,1.00100763481267,-0.107619439182037,TRUE,0.560372218854251,1.00154132682702,-0.284986076963318,TRUE,0.673566242698623,1.00098822710192
806,"rand=1-2_rate=2_ROB=L_UH_Bias=Rct-NRE Moderate","1-2",2,"L_UH","Rct-NRE Moderate",0,0.0953101798043249,0.139761942375159,0.048790164169432,0.182321556793955,0.300104592450338,0.101935070413984,0.103597328890923,-0.113866881906292,TRUE,0.521686081662215,1.00115051224103,-0.226010680074108,FALSE,0.429715538319465,1.00100112003247,-0.0314810795897587,TRUE,0.568197492862449,1.00116318173714,-0.324796437759583,FALSE,0.64842159122668,1.00098599227615
807,"rand=1-2_rate=2_ROB=L_UH_Bias=Rct-NRE Moderate","1-2",2,"L_UH","Rct-NRE Moderate",0,0.0953101798043249,0.139761942375159,0.048790164169432,0.182321556793955,0.300104592450338,0.104781172769439,0.10555514160042,-0.014165233561326,TRUE,0.472887890610123,1.00104526864592,-0.135339693195683,TRUE,0.406765773310998,1.00102636584644,-0.204690668037536,TRUE,0.799685753023085,1.00099942265847,-0.105187385055786,TRUE,0.535636701423873,1.00099398780282
808,"rand=1-2_rate=2_ROB=L_UH_Bias=Rct-NRE Moderate","1-2",2,"L_UH","Rct-NRE Moderate",0,0.0953101798043249,0.139761942375159,0.048790164169432,0.182321556793955,0.300104592450338,0.100434079254017,0.101633214152328,-0.14139490024258,TRUE,0.454120233679954,1.0010699733683,-0.187406968771875,FALSE,0.264448834166961,1.0009958141636,-0.09907384425319,TRUE,0.614909392194202,1.00099240241742,-0.207374698884134,FALSE,0.32676248166855,1.00101039353304
809,"rand=1-2_rate=2_ROB=L_UH_Bias=Rct-NRE Moderate","1-2",2,"L_UH","Rct-NRE Moderate",0,0.0953101798043249,0.139761942375159,0.048790164169432,0.182321556793955,0.300104592450338,0.0997074597531835,0.100904301883139,-0.00959689044339451,TRUE,0.450109890134242,1.00121579032232,-0.111156173993022,TRUE,0.39807329401799,1.00108666009878,0.0134721491475244,TRUE,0.596670866361936,1.0010002732575,-0.17161838067559,TRUE,0.583032292306839,1.00099191089066
810,"rand=1-2_rate=2_ROB=L_UH_Bias=Rct-NRE Moderate","1-2",2,"L_UH","Rct-NRE Moderate",0,0.0953101798043249,0.139761942375159,0.048790164169432,0.182321556793955,0.300104592450338,0.102633275974501,0.102803170103557,-0.0168316243448166,TRUE,0.419882224371358,1.00107476852547,-0.100358203015169,TRUE,0.288031131714624,1.00100265240521,-0.0670544726008953,TRUE,0.604840727589036,1.00103538380531,-0.10865252874975,TRUE,0.372010689017364,1.0009943363258
811,"rand=1-2_rate=2_ROB=L_UH_Bias=Rct-NRE Moderate","1-2",2,"L_UH","Rct-NRE Moderate",0,0.0953101798043249,0.139761942375159,0.048790164169432,0.182321556793955,0.300104592450338,0.115342671475401,0.116510155275636,-0.153301006494804,TRUE,0.455036493389822,1.00100264094492,-0.235142621927295,FALSE,0.269710777473466,1.00098743320931,-0.0131977818288311,TRUE,0.537155763962065,1.00098661241082,-0.283829230093513,FALSE,0.325667979218824,1.00098604373861
812,"rand=1-2_rate=2_ROB=L_UH_Bias=Rct-NRE Moderate","1-2",2,"L_UH","Rct-NRE Moderate",0,0.0953101798043249,0.139761942375159,0.048790164169432,0.182321556793955,0.300104592450338,0.11431847581329,0.115647587320993,-0.202288492083406,TRUE,0.519912630793121,1.00116578375347,-0.234877033374632,FALSE,0.314323497906027,1.00098601312033,-0.157263965066494,TRUE,0.67571939749756,1.00129218639924,-0.255165344269093,FALSE,0.385548752499663,1.00099481002316
813,"rand=1-2_rate=2_ROB=L_UH_Bias=Rct-NRE Moderate","1-2",2,"L_UH","Rct-NRE Moderate",0,0.0953101798043249,0.139761942375159,0.048790164169432,0.182321556793955,0.300104592450338,0.100054648496324,0.101620830069609,0.086373265258086,TRUE,0.430204208517526,1.00100410410897,0.0195968915086165,TRUE,0.373321439879807,1.00099841992512,0.0523696813802594,TRUE,0.510727201444891,1.00110728419524,0.00402524044336228,TRUE,0.596540166786764,1.00102446118553
814,"rand=1-2_rate=2_ROB=L_UH_Bias=Rct-NRE Moderate","1-2",2,"L_UH","Rct-NRE Moderate",0,0.0953101798043249,0.139761942375159,0.048790164169432,0.182321556793955,0.300104592450338,0.119201828706738,0.120325831006342,-0.124205051326038,TRUE,0.502879704154946,1.00101736642698,-0.160282616731954,FALSE,0.323119559438313,1.00104707384965,-0.280897910655949,TRUE,0.739421149365052,1.00098807239299,-0.128450276336555,TRUE,0.407321560959352,1.00098637524727
815,"rand=1-2_rate=2_ROB=L_UH_Bias=Rct-NRE Moderate","1-2",2,"L_UH","Rct-NRE Moderate",0,0.0953101798043249,0.139761942375159,0.048790164169432,0.182321556793955,0.300104592450338,0.0976140488984053,0.100614866733726,-0.00432477338260018,TRUE,0.440063738030202,1.0010549892303,-0.0988968151654299,TRUE,0.35644773709087,1.00098831596971,0.0672982411022597,TRUE,0.529572405304006,1.0009862122024,-0.164211959391563,TRUE,0.50424525111236,1.00098898089879
816,"rand=1-2_rate=2_ROB=L_UH_Bias=Rct-NRE Moderate","1-2",2,"L_UH","Rct-NRE Moderate",0,0.0953101798043249,0.139761942375159,0.048790164169432,0.182321556793955,0.300104592450338,0.107109103611849,0.10971209965617,-0.01489175192753,TRUE,0.514927230215479,1.00098938744731,-0.181402996431614,TRUE,0.511331795472561,1.00098623929318,-0.155160977666858,TRUE,0.771764884325217,1.00103338634348,-0.196267227839323,TRUE,0.77566797757472,1.00099284651229
817,"rand=1-2_rate=2_ROB=L_UH_Bias=Rct-NRE Moderate","1-2",2,"L_UH","Rct-NRE Moderate",0,0.0953101798043249,0.139761942375159,0.048790164169432,0.182321556793955,0.300104592450338,0.0954866617695159,0.0960581088737465,0.129163858159065,TRUE,0.411896763805129,1.00103692607737,0.0552192069302155,TRUE,0.342704351493579,1.00098784596898,-0.0554361417508715,TRUE,0.606830136227705,1.00112461720553,0.101960177897672,TRUE,0.461774203708218,1.00098740202631
818,"rand=1-2_rate=2_ROB=L_UH_Bias=Rct-NRE Moderate","1-2",2,"L_UH","Rct-NRE Moderate",0,0.0953101798043249,0.139761942375159,0.048790164169432,0.182321556793955,0.300104592450338,0.0765742530220856,0.0799821815707619,0.0592816084043908,TRUE,0.430030623615971,1.00119627543439,0.0258889794530927,TRUE,0.3220979542851,1.00098739152905,0.0812890330348602,TRUE,0.519265888365151,1.00170424319228,0.00127260599628587,TRUE,0.466145730276708,1.0010042351789
819,"rand=1-2_rate=2_ROB=L_UH_Bias=Rct-NRE Moderate","1-2",2,"L_UH","Rct-NRE Moderate",0,0.0953101798043249,0.139761942375159,0.048790164169432,0.182321556793955,0.300104592450338,0.0857664336875537,0.0879497995323358,-0.0430195893614294,TRUE,0.594840206087344,1.00100678721677,-0.110364925831485,TRUE,0.473420372119232,1.00098619180022,-0.0406394033545388,TRUE,0.859626131097741,1.00099214608889,-0.146999494095437,TRUE,0.665011790719496,1.00101276198157
820,"rand=1-2_rate=2_ROB=L_UH_Bias=Rct-NRE Moderate","1-2",2,"L_UH","Rct-NRE Moderate",0,0.0953101798043249,0.139761942375159,0.048790164169432,0.182321556793955,0.300104592450338,0.0981844302548367,0.0983810741742631,-0.110740512527078,TRUE,0.491883023480422,1.0009896650974,-0.148110497921574,TRUE,0.335189928364167,1.00099634588988,-0.159980110032953,TRUE,0.604327858726959,1.0013540373065,-0.141656462600516,TRUE,0.463930061055483,1.00098816209476
821,"rand=1-2_rate=2_ROB=L_UH_Bias=Rct-NRE Moderate","1-2",2,"L_UH","Rct-NRE Moderate",0,0.0953101798043249,0.139761942375159,0.048790164169432,0.182321556793955,0.300104592450338,0.0934885378173076,0.0942942169072263,0.00890630532145809,TRUE,0.399808638344565,1.00098709130083,-0.0693544984304693,TRUE,0.280149449860537,1.00105203872432,-0.0744178711755912,TRUE,0.614283739425847,1.00113487540326,-0.0676723504884327,TRUE,0.367500773844849,1.00100906332422
822,"rand=1-2_rate=2_ROB=L_UH_Bias=Rct-NRE Moderate","1-2",2,"L_UH","Rct-NRE Moderate",0,0.0953101798043249,0.139761942375159,0.048790164169432,0.182321556793955,0.300104592450338,0.090393631584222,0.0935096274626172,-0.0885560738422932,TRUE,0.467109916889559,1.00100843310576,-0.107529311083699,TRUE,0.323527294486655,1.00100915594789,-0.105935993827881,TRUE,0.666824535029663,1.00117727154682,-0.107638714622693,TRUE,0.416144447887029,1.00098601654928
823,"rand=1-2_rate=2_ROB=L_UH_Bias=Rct-NRE Moderate","1-2",2,"L_UH","Rct-NRE Moderate",0,0.0953101798043249,0.139761942375159,0.048790164169432,0.182321556793955,0.300104592450338,0.0937483239527365,0.0952896960818741,-0.0651452632672425,TRUE,0.515983138822885,1.00105921927947,-0.140723441457047,TRUE,0.370412355435429,1.00104547281765,0.0786276816725739,TRUE,0.580122986810639,1.00111799310809,-0.233309963505775,FALSE,0.498557092721757,1.00098810543489
824,"rand=1-2_rate=2_ROB=L_UH_Bias=Rct-NRE Moderate","1-2",2,"L_UH","Rct-NRE Moderate",0,0.0953101798043249,0.139761942375159,0.048790164169432,0.182321556793955,0.300104592450338,0.0912432428887745,0.0913448072002015,-0.0531158170613091,TRUE,0.570561575021885,1.00104538136781,-0.115978194100928,TRUE,0.480477049935807,1.00109199161905,-0.0915250427909053,TRUE,0.682011846763629,1.00099180768677,-0.12523631559932,TRUE,0.74248557205985,1.00100557596597
825,"rand=1-2_rate=2_ROB=L_UH_Bias=Rct-NRE Moderate","1-2",2,"L_UH","Rct-NRE Moderate",0,0.0953101798043249,0.139761942375159,0.048790164169432,0.182321556793955,0.300104592450338,0.10051568641927,0.102379238695306,-0.0564571614111589,TRUE,0.475056489899526,1.0010739532943,-0.0700924162973764,TRUE,0.30680784218843,1.00099906760468,-0.175160012167054,TRUE,0.7972728642575,1.00122259020391,-0.03798619972073,TRUE,0.351781908546627,1.00100249413521
826,"rand=1-2_rate=2_ROB=L_UH_Bias=Rct-NRE Moderate","1-2",2,"L_UH","Rct-NRE Moderate",0,0.0953101798043249,0.139761942375159,0.048790164169432,0.182321556793955,0.300104592450338,0.113269576278956,0.113925928122186,-0.138440478707299,TRUE,0.556905070541033,1.00098599228879,-0.190960757036178,FALSE,0.403608037396958,1.00099135540588,-0.213420293861371,TRUE,0.851168950538017,1.00109840423638,-0.183398677380561,TRUE,0.508406981387114,1.00098872995426
827,"rand=1-2_rate=2_ROB=L_UH_Bias=Rct-NRE Moderate","1-2",2,"L_UH","Rct-NRE Moderate",0,0.0953101798043249,0.139761942375159,0.048790164169432,0.182321556793955,0.300104592450338,0.0782452279265727,0.0803793852123354,-0.105511505539337,TRUE,0.505229734666071,1.00100652622161,-0.202065462038318,FALSE,0.405158159182982,1.00118005247665,-0.0873650932058345,TRUE,0.541257303926492,1.00130839508224,-0.254554534521651,TRUE,0.644662915117633,1.00098725837579
828,"rand=1-2_rate=2_ROB=L_UH_Bias=Rct-NRE Moderate","1-2",2,"L_UH","Rct-NRE Moderate",0,0.0953101798043249,0.139761942375159,0.048790164169432,0.182321556793955,0.300104592450338,0.0961679906375807,0.09750161675552,-0.213059828415523,TRUE,0.57089169381589,1.00141500738829,-0.228326865358281,FALSE,0.389874492982908,1.0009966675189,-0.151001702104976,TRUE,0.682486243773865,1.00103419625314,-0.25989872981559,FALSE,0.531900290544812,1.00099788525204
829,"rand=1-2_rate=2_ROB=L_UH_Bias=Rct-NRE Moderate","1-2",2,"L_UH","Rct-NRE Moderate",0,0.0953101798043249,0.139761942375159,0.048790164169432,0.182321556793955,0.300104592450338,0.101815782328896,0.102158010717612,-0.0297438176938014,TRUE,0.477470022411976,1.00164089427954,-0.12242751334846,TRUE,0.367357128472569,1.00098731683502,0.0455649033865687,TRUE,0.575111971846739,1.0010822284465,-0.193917744417527,TRUE,0.502609622978945,1.00099509925335
830,"rand=1-2_rate=2_ROB=L_UH_Bias=Rct-NRE Moderate","1-2",2,"L_UH","Rct-NRE Moderate",0,0.0953101798043249,0.139761942375159,0.048790164169432,0.182321556793955,0.300104592450338,0.0826462709368022,0.0834593475453266,-0.0684545936543262,TRUE,0.54839394049351,1.00098916173965,-0.134228865556753,TRUE,0.432068165620191,1.00098599954347,0.0685025104874883,TRUE,0.571657296688117,1.00099640360717,-0.247848648813738,TRUE,0.630845361641647,1.00098720320704
831,"rand=1-2_rate=2_ROB=L_UH_Bias=Rct-NRE Moderate","1-2",2,"L_UH","Rct-NRE Moderate",0,0.0953101798043249,0.139761942375159,0.048790164169432,0.182321556793955,0.300104592450338,0.095414589858776,0.0963909309858985,0.0454487767427681,TRUE,0.478890777891742,1.00099555882002,-0.00900708076813128,TRUE,0.415599745597783,1.0009861915821,0.14536265810056,TRUE,0.511984697627039,1.00118408176929,-0.105816579367001,TRUE,0.663701447651791,1.00100485329166
832,"rand=1-2_rate=2_ROB=L_UH_Bias=Rct-NRE Moderate","1-2",2,"L_UH","Rct-NRE Moderate",0,0.0953101798043249,0.139761942375159,0.048790164169432,0.182321556793955,0.300104592450338,0.0972423830997662,0.098092477124789,0.00828565502182166,TRUE,0.422855212253257,1.00136891897583,-0.0659028186073127,TRUE,0.337203319674366,1.00099283679603,-0.000799162484738769,TRUE,0.541278387645828,1.00098604423373,-0.093151030548809,TRUE,0.490383709172508,1.00098608497601
833,"rand=1-2_rate=2_ROB=L_UH_Bias=Rct-NRE Moderate","1-2",2,"L_UH","Rct-NRE Moderate",0,0.0953101798043249,0.139761942375159,0.048790164169432,0.182321556793955,0.300104592450338,0.0870599566559315,0.0882853771656316,0.00547208947021793,TRUE,0.404937812046574,1.00113565362755,0.000549967875085766,TRUE,0.234163290666159,1.00117955058263,0.111367488354734,TRUE,0.52561609406412,1.00132937619907,-0.0296468975910753,TRUE,0.282034553422719,1.00099811291808
834,"rand=1-2_rate=2_ROB=L_UH_Bias=Rct-NRE Moderate","1-2",2,"L_UH","Rct-NRE Moderate",0,0.0953101798043249,0.139761942375159,0.048790164169432,0.182321556793955,0.300104592450338,0.0881658247978178,0.0898433925566416,-0.114152580472551,TRUE,0.563949518160157,1.00098835420991,-0.124716244113167,TRUE,0.395695893807455,1.00100569206484,-0.126634356935791,TRUE,0.743021461503176,1.00133213790005,-0.12290196901508,TRUE,0.545550346045667,1.00098614506554
835,"rand=1-2_rate=2_ROB=L_UH_Bias=Rct-NRE Moderate","1-2",2,"L_UH","Rct-NRE Moderate",0,0.0953101798043249,0.139761942375159,0.048790164169432,0.182321556793955,0.300104592450338,0.0916684784153921,0.0946982629336847,-0.0659507833519815,TRUE,0.474406841797385,1.00135081088367,-0.0894708821871582,TRUE,0.305407126889487,1.00100174171897,-0.10913863585303,TRUE,0.676492230154834,1.00098944155879,-0.0832662642112507,TRUE,0.384393671249649,1.00098733816679
836,"rand=1-2_rate=2_ROB=L_UH_Bias=Rct-NRE Moderate","1-2",2,"L_UH","Rct-NRE Moderate",0,0.0953101798043249,0.139761942375159,0.048790164169432,0.182321556793955,0.300104592450338,0.0978651952434545,0.0994146385664152,-0.142390486225447,TRUE,0.497751848705801,1.00119591205248,-0.197961578589922,FALSE,0.346783725602761,1.0009880715952,-0.170284352108857,TRUE,0.706638259331183,1.00125403017435,-0.207841531574131,FALSE,0.454059449712156,1.00098601288365
837,"rand=1-2_rate=2_ROB=L_UH_Bias=Rct-NRE Moderate","1-2",2,"L_UH","Rct-NRE Moderate",0,0.0953101798043249,0.139761942375159,0.048790164169432,0.182321556793955,0.300104592450338,0.0917579245497824,0.0923612922298225,-0.165421204135114,TRUE,0.571717763366834,1.00099257098643,-0.132200560467837,TRUE,0.401110761920678,1.00098647082899,-0.0119315868538847,TRUE,0.595179508526982,1.00098710304589,-0.19222455837436,TRUE,0.589505641205444,1.00101977630405
838,"rand=1-2_rate=2_ROB=L_UH_Bias=Rct-NRE Moderate","1-2",2,"L_UH","Rct-NRE Moderate",0,0.0953101798043249,0.139761942375159,0.048790164169432,0.182321556793955,0.300104592450338,0.108747525945914,0.109921452525626,-0.150320545934781,TRUE,0.512977617551835,1.00100340785097,-0.219930370242135,FALSE,0.370894349959157,1.00099222016154,-0.283739298862019,TRUE,0.72985133802653,1.0011166679933,-0.197556538286117,TRUE,0.497900308470938,1.00100153631135
839,"rand=1-2_rate=2_ROB=L_UH_Bias=Rct-NRE Moderate","1-2",2,"L_UH","Rct-NRE Moderate",0,0.0953101798043249,0.139761942375159,0.048790164169432,0.182321556793955,0.300104592450338,0.0958940095431348,0.0967710913578037,-0.165158089246052,TRUE,0.521391210769813,1.00099013620419,-0.129507547157744,TRUE,0.393144178220327,1.00098629967637,-0.114462133562366,TRUE,0.870788410908563,1.00099759784405,-0.136443907742329,TRUE,0.495872013943767,1.00099989025577
840,"rand=1-2_rate=2_ROB=L_UH_Bias=Rct-NRE Moderate","1-2",2,"L_UH","Rct-NRE Moderate",0,0.0953101798043249,0.139761942375159,0.048790164169432,0.182321556793955,0.300104592450338,0.104964378181936,0.105900269089824,-0.0638580061334011,TRUE,0.432338773616435,1.000987022222,-0.19019151483658,FALSE,0.352393323358068,1.00098644455084,0.0492659111797116,TRUE,0.54792295681163,1.00098607529649,-0.276185888544173,FALSE,0.46106017128773,1.00098780640467
841,"rand=1-2_rate=2_ROB=L_UH_Bias=Rct-NRE Moderate","1-2",2,"L_UH","Rct-NRE Moderate",0,0.0953101798043249,0.139761942375159,0.048790164169432,0.182321556793955,0.300104592450338,0.111550580062911,0.112265920095354,0.0276928154167499,TRUE,0.434490254037744,1.00103672049798,-0.056064631341824,TRUE,0.328692776479801,1.00098684430009,0.0568265513971489,TRUE,0.548323004996346,1.00115815732829,-0.0961710344102515,TRUE,0.451843933567669,1.00099773032023
842,"rand=1-2_rate=2_ROB=L_UH_Bias=Rct-NRE Moderate","1-2",2,"L_UH","Rct-NRE Moderate",0,0.0953101798043249,0.139761942375159,0.048790164169432,0.182321556793955,0.300104592450338,0.120837170978742,0.121792190329115,-0.179431282078357,TRUE,0.536543745748854,1.00103243152372,-0.308084693872426,FALSE,0.485121927817044,1.000986943359,0.0183387955290526,TRUE,0.720941961583503,1.00118948645524,-0.497403403806357,FALSE,0.605752904312099,1.00098599252108
843,"rand=1-2_rate=2_ROB=L_UH_Bias=Rct-NRE Moderate","1-2",2,"L_UH","Rct-NRE Moderate",0,0.0953101798043249,0.139761942375159,0.048790164169432,0.182321556793955,0.300104592450338,0.107854200515003,0.108485517260925,-0.149213280281284,TRUE,0.564700424833533,1.00098842692602,-0.101915821728612,TRUE,0.379156625862213,1.00104700905293,-0.321984742510695,FALSE,0.689210383215725,1.00130258896511,-0.019802443513373,TRUE,0.491216321353757,1.00098632184055
844,"rand=1-2_rate=2_ROB=L_UH_Bias=Rct-NRE Moderate","1-2",2,"L_UH","Rct-NRE Moderate",0,0.0953101798043249,0.139761942375159,0.048790164169432,0.182321556793955,0.300104592450338,0.098125365283186,0.098922583735401,-0.191649537779468,TRUE,0.565124699012489,1.00118422198799,-0.24178414341127,FALSE,0.406378048395255,1.00102632601837,-0.090498565168373,TRUE,0.583575542772338,1.00127355603581,-0.309521881645658,FALSE,0.592552242325328,1.00101062557052
845,"rand=1-2_rate=2_ROB=L_UH_Bias=Rct-NRE Moderate","1-2",2,"L_UH","Rct-NRE Moderate",0,0.0953101798043249,0.139761942375159,0.048790164169432,0.182321556793955,0.300104592450338,0.112008820484855,0.112496912111648,-0.0528773965960827,TRUE,0.499855093010415,1.00101717546211,-0.114198866339216,TRUE,0.399717448544179,1.00099465349363,-0.0445024742434512,TRUE,0.556187471266489,1.00120552987419,-0.14411873862429,TRUE,0.63008800158389,1.00098599042139
846,"rand=1-2_rate=2_ROB=L_UH_Bias=Rct-NRE Moderate","1-2",2,"L_UH","Rct-NRE Moderate",0,0.0953101798043249,0.139761942375159,0.048790164169432,0.182321556793955,0.300104592450338,0.104860906158787,0.105791335126364,-0.0240275344886327,TRUE,0.55749844987655,1.00100406068583,-0.144977775298193,TRUE,0.479931722074349,1.00104049010166,-0.0734889719053673,TRUE,0.747710754074794,1.00098885478442,-0.18276159508722,TRUE,0.721347546556801,1.00099445622534
847,"rand=1-2_rate=2_ROB=L_UH_Bias=Rct-NRE Moderate","1-2",2,"L_UH","Rct-NRE Moderate",0,0.0953101798043249,0.139761942375159,0.048790164169432,0.182321556793955,0.300104592450338,0.111942578446933,0.113090177512103,-0.0623947462529115,TRUE,0.474749462819164,1.00107417415259,-0.123411596916849,TRUE,0.347073236178305,1.00099066017352,-0.0535189955151059,TRUE,0.565456900071644,1.0011798128605,-0.153774695592314,TRUE,0.497680457713118,1.00099514885493
848,"rand=1-2_rate=2_ROB=L_UH_Bias=Rct-NRE Moderate","1-2",2,"L_UH","Rct-NRE Moderate",0,0.0953101798043249,0.139761942375159,0.048790164169432,0.182321556793955,0.300104592450338,0.111816230633665,0.112912322300921,-0.0686634214162705,TRUE,0.471808539050779,1.00099715427956,-0.132314548234441,TRUE,0.350644383580362,1.00104076255538,-0.163574923498607,TRUE,0.621421509406407,1.00124007248986,-0.121018831465841,TRUE,0.487821075402843,1.00101019046908
849,"rand=1-2_rate=2_ROB=L_UH_Bias=Rct-NRE Moderate","1-2",2,"L_UH","Rct-NRE Moderate",0,0.0953101798043249,0.139761942375159,0.048790164169432,0.182321556793955,0.300104592450338,0.0912833204358167,0.0938245944753965,-0.0934988973991688,TRUE,0.492972018772441,1.00103917377458,-0.157302384826786,TRUE,0.370598200249757,1.00101209615348,-0.113244340041314,TRUE,0.728822155781719,1.00099860219123,-0.173016950729695,TRUE,0.483046940823149,1.0009864179665
850,"rand=1-2_rate=2_ROB=L_UH_Bias=Rct-NRE Moderate","1-2",2,"L_UH","Rct-NRE Moderate",0,0.0953101798043249,0.139761942375159,0.048790164169432,0.182321556793955,0.300104592450338,0.0949681088602463,0.0967470294721468,-0.0219456372102231,TRUE,0.514697381156209,1.00102061001476,-0.0233558965684206,TRUE,0.379983721816196,1.00098800691219,-0.0388931791409959,TRUE,0.628551877715068,1.00098599017517,-0.0162344115861977,TRUE,0.551178025862893,1.00098699370247
851,"rand=1-2_rate=2_ROB=L_UH_Bias=Rct-NRE Moderate","1-2",2,"L_UH","Rct-NRE Moderate",0,0.0953101798043249,0.139761942375159,0.048790164169432,0.182321556793955,0.300104592450338,0.0994137421683771,0.101241392611743,-0.0561297415516324,TRUE,0.510830053057751,1.0009863701807,-0.024484150638677,TRUE,0.330586994067025,1.00104437424799,-0.228213896195775,TRUE,0.931057835357941,1.00103733843842,0.0392144826557824,TRUE,0.348604197085742,1.00101272356662
852,"rand=1-2_rate=2_ROB=L_UH_Bias=Rct-NRE Moderate","1-2",2,"L_UH","Rct-NRE Moderate",0,0.0953101798043249,0.139761942375159,0.048790164169432,0.182321556793955,0.300104592450338,0.0981339460788196,0.0989686086262846,-0.0867747453858416,TRUE,0.60391515370583,1.00130275951052,-0.209535087578434,TRUE,0.516863008547819,1.00101853002119,0.00201112194663877,TRUE,0.654805822171329,1.00144148838349,-0.340580067020068,TRUE,0.819513760783228,1.00099077146013
853,"rand=1-2_rate=2_ROB=L_UH_Bias=Rct-NRE Moderate","1-2",2,"L_UH","Rct-NRE Moderate",0,0.0953101798043249,0.139761942375159,0.048790164169432,0.182321556793955,0.300104592450338,0.0991854182587255,0.100699781471854,0.0219749138649321,TRUE,0.458219470481926,1.0012174186829,-0.141311116006213,TRUE,0.452907951451655,1.00099554732905,0.0712268991590598,TRUE,0.518864379169117,1.00115650347126,-0.263974095174208,TRUE,0.731585966642395,1.00101011026117
854,"rand=1-2_rate=2_ROB=L_UH_Bias=Rct-NRE Moderate","1-2",2,"L_UH","Rct-NRE Moderate",0,0.0953101798043249,0.139761942375159,0.048790164169432,0.182321556793955,0.300104592450338,0.085207813741406,0.0892494052755435,-0.0733429378052897,TRUE,0.427335564678118,1.00128122715004,-0.205010565018075,FALSE,0.349669654103455,1.00099034124041,-0.159248227775385,TRUE,0.685562600676827,1.00151665226834,-0.216888748260309,FALSE,0.462366925538009,1.00098599065468
855,"rand=1-2_rate=2_ROB=L_UH_Bias=Rct-NRE Moderate","1-2",2,"L_UH","Rct-NRE Moderate",0,0.0953101798043249,0.139761942375159,0.048790164169432,0.182321556793955,0.300104592450338,0.111211978162887,0.112775820287679,-0.149290178558344,TRUE,0.588693949527816,1.00115534860356,-0.264290224640087,FALSE,0.495457683689736,1.00098717797209,-0.0902644668305737,TRUE,0.691471098954195,1.00103548217666,-0.353660342795139,FALSE,0.735575861936843,1.00103568450446
856,"rand=1-2_rate=2_ROB=L_UH_Bias=Rct-NRE Moderate","1-2",2,"L_UH","Rct-NRE Moderate",0,0.0953101798043249,0.139761942375159,0.048790164169432,0.182321556793955,0.300104592450338,0.0886754585887906,0.0895310272437947,-0.0441765610679543,TRUE,0.487805205288819,1.00098604775173,-0.0698411481840346,TRUE,0.343120215592804,1.00099543945712,-0.00532413922971142,TRUE,0.586540240264457,1.00140664455297,-0.0963867305185313,TRUE,0.480333203231166,1.00098614216816
857,"rand=1-2_rate=2_ROB=L_UH_Bias=Rct-NRE Moderate","1-2",2,"L_UH","Rct-NRE Moderate",0,0.0953101798043249,0.139761942375159,0.048790164169432,0.182321556793955,0.300104592450338,0.0964328364155429,0.0972952402726905,-0.0289703398432897,TRUE,0.540135360101778,1.00104123157714,-0.0731553622792114,TRUE,0.396029298507733,1.00098602719686,-0.214395227877808,TRUE,0.724879608032899,1.0011721658356,-0.016819823028899,TRUE,0.527393395478197,1.00098695194582
858,"rand=1-2_rate=2_ROB=L_UH_Bias=Rct-NRE Moderate","1-2",2,"L_UH","Rct-NRE Moderate",0,0.0953101798043249,0.139761942375159,0.048790164169432,0.182321556793955,0.300104592450338,0.0986359394835859,0.0994337139758487,-0.125512276137499,TRUE,0.490141686411806,1.00102948569252,-0.11909054665852,TRUE,0.311215936905382,1.00099087262705,-0.182161221561339,TRUE,0.756173030884865,1.00099449287926,-0.0998467409856174,TRUE,0.374431595298732,1.0010057870591
859,"rand=1-2_rate=2_ROB=L_UH_Bias=Rct-NRE Moderate","1-2",2,"L_UH","Rct-NRE Moderate",0,0.0953101798043249,0.139761942375159,0.048790164169432,0.182321556793955,0.300104592450338,0.105515669873641,0.106937092020782,-0.153591925449279,TRUE,0.578156306225297,1.0009994781348,-0.231107138454447,FALSE,0.440093816599295,1.00099525693031,-0.22819965120548,TRUE,1.03905515015596,1.00100197049307,-0.23483901872561,TRUE,0.526354359775613,1.00100023690908
860,"rand=1-2_rate=2_ROB=L_UH_Bias=Rct-NRE Moderate","1-2",2,"L_UH","Rct-NRE Moderate",0,0.0953101798043249,0.139761942375159,0.048790164169432,0.182321556793955,0.300104592450338,0.109632073558888,0.11082072082585,-0.0490977095325178,TRUE,0.448853354143272,1.00100990999968,-0.164511648426959,TRUE,0.378602477237838,1.00100710900086,-0.177074000003899,TRUE,0.601953017333409,1.00109459525388,-0.155906574260054,TRUE,0.553996034714737,1.00098755217233
861,"rand=1-2_rate=2_ROB=L_UH_Bias=Rct-NRE Moderate","1-2",2,"L_UH","Rct-NRE Moderate",0,0.0953101798043249,0.139761942375159,0.048790164169432,0.182321556793955,0.300104592450338,0.106182796478418,0.106944372403853,-0.0501697816966693,TRUE,0.503086221328784,1.00099386749816,-0.110117608170091,TRUE,0.372431780644878,1.00099976967452,0.0367991645183856,TRUE,0.60176099352852,1.00099202258346,-0.178249017415071,TRUE,0.51445831549853,1.00099045533186
862,"rand=1-2_rate=2_ROB=L_UH_Bias=Rct-NRE Moderate","1-2",2,"L_UH","Rct-NRE Moderate",0,0.0953101798043249,0.139761942375159,0.048790164169432,0.182321556793955,0.300104592450338,0.102061998732757,0.102866383987532,-0.217095510081349,TRUE,0.619080650213563,1.00098915763622,-0.295004199759346,FALSE,0.447840076691985,1.00098648984656,-0.10923773507089,TRUE,0.688106116178949,1.00104921253249,-0.374542494841037,FALSE,0.632435673211706,1.00098699629399
863,"rand=1-2_rate=2_ROB=L_UH_Bias=Rct-NRE Moderate","1-2",2,"L_UH","Rct-NRE Moderate",0,0.0953101798043249,0.139761942375159,0.048790164169432,0.182321556793955,0.300104592450338,0.101283046132556,0.102839091214326,0.0836079338500718,TRUE,0.435964758558219,1.00104319747701,-0.124971667486123,TRUE,0.521953368265702,1.00099415615763,-0.0803903900280436,TRUE,0.783372275578528,1.00100278292021,-0.139527949817807,TRUE,0.793172201621978,1.00100703133492
864,"rand=1-2_rate=2_ROB=L_UH_Bias=Rct-NRE Moderate","1-2",2,"L_UH","Rct-NRE Moderate",0,0.0953101798043249,0.139761942375159,0.048790164169432,0.182321556793955,0.300104592450338,0.0934928490759854,0.0957806161620435,-0.0529886163340443,TRUE,0.550622282622187,1.00125230667904,-0.0381514731929056,TRUE,0.359021959525693,1.00100367574486,-0.27809269479197,TRUE,0.803294366147067,1.00099620174979,0.041026006346928,TRUE,0.419479461732249,1.00105405950239
865,"rand=1-2_rate=2_ROB=L_UH_Bias=Rct-NRE Moderate","1-2",2,"L_UH","Rct-NRE Moderate",0,0.0953101798043249,0.139761942375159,0.048790164169432,0.182321556793955,0.300104592450338,0.0827493057664902,0.0835355013133484,-0.0377306586068005,TRUE,0.449719418814703,1.00098611261346,-0.16564208447371,TRUE,0.38826897755512,1.00099575171524,-0.00635428172633512,TRUE,0.508258863620935,1.00100792906726,-0.237450305306138,TRUE,0.599480249202748,1.00098608358897
866,"rand=1-2_rate=2_ROB=L_UH_Bias=Rct-NRE Moderate","1-2",2,"L_UH","Rct-NRE Moderate",0,0.0953101798043249,0.139761942375159,0.048790164169432,0.182321556793955,0.300104592450338,0.104126285661429,0.104316744410185,-0.224982462201215,TRUE,0.542716670697117,1.0011517235721,-0.309235339216573,FALSE,0.376109849951932,1.00098696177536,-0.148407234998343,TRUE,0.735325565685651,1.00124426315779,-0.36077282245572,FALSE,0.478607008785002,1.00102774569234
867,"rand=1-2_rate=2_ROB=L_UH_Bias=Rct-NRE Moderate","1-2",2,"L_UH","Rct-NRE Moderate",0,0.0953101798043249,0.139761942375159,0.048790164169432,0.182321556793955,0.300104592450338,0.0830284855139794,0.0844945675000706,0.0645130737120413,TRUE,0.517101271706662,1.00098610279487,0.0367127355999141,TRUE,0.386045280858079,1.00101647960149,-0.0432257925692241,TRUE,0.850680335234161,1.00113228869041,0.0759138765426839,TRUE,0.474261837283602,1.00103525845084
868,"rand=1-2_rate=2_ROB=L_UH_Bias=Rct-NRE Moderate","1-2",2,"L_UH","Rct-NRE Moderate",0,0.0953101798043249,0.139761942375159,0.048790164169432,0.182321556793955,0.300104592450338,0.105937385567144,0.106758200694058,-0.0776536709076527,TRUE,0.520322118027386,1.00103721133416,-0.083630086463361,TRUE,0.366204143959909,1.00098714996477,-0.167220645676818,TRUE,0.700620393245849,1.00098906314793,-0.0519787390104984,TRUE,0.485071117183396,1.0009885173299
869,"rand=1-2_rate=2_ROB=L_UH_Bias=Rct-NRE Moderate","1-2",2,"L_UH","Rct-NRE Moderate",0,0.0953101798043249,0.139761942375159,0.048790164169432,0.182321556793955,0.300104592450338,0.0970527329809411,0.0983387621347007,0.00366850412577435,TRUE,0.441260370371223,1.00100143135724,-0.026707215692348,TRUE,0.282822259881772,1.00108358622852,-0.0798199634146914,TRUE,0.917086654328543,1.00101228004066,-0.011089264029533,TRUE,0.295805402371265,1.00098676628887
870,"rand=1-2_rate=2_ROB=L_UH_Bias=Rct-NRE Moderate","1-2",2,"L_UH","Rct-NRE Moderate",0,0.0953101798043249,0.139761942375159,0.048790164169432,0.182321556793955,0.300104592450338,0.0901081225732482,0.0908427444587316,0.0280408937307667,TRUE,0.567658799898962,1.00101731000731,-0.027042012570667,TRUE,0.463070067582725,1.00098964018361,-0.106409709308722,TRUE,0.857962769576036,1.00098715014132,0.0164248513897103,TRUE,0.632326678287454,1.00098609746991
871,"rand=1-2_rate=2_ROB=L_UH_Bias=Rct-NRE Moderate","1-2",2,"L_UH","Rct-NRE Moderate",0,0.0953101798043249,0.139761942375159,0.048790164169432,0.182321556793955,0.300104592450338,0.112195901118809,0.113087956437836,-0.26408219297931,TRUE,0.692486616507243,1.00103809165443,-0.3057509231349,FALSE,0.539459781358848,1.00098785921154,-0.324882633017638,TRUE,1.00368563830928,1.00103320815778,-0.289212030447229,TRUE,0.744940048841664,1.00098635555364
872,"rand=1-2_rate=2_ROB=L_UH_Bias=Rct-NRE Moderate","1-2",2,"L_UH","Rct-NRE Moderate",0,0.0953101798043249,0.139761942375159,0.048790164169432,0.182321556793955,0.300104592450338,0.113749126678836,0.113854205084263,0.00293382655268282,TRUE,0.46251709660004,1.00102794283596,-0.172578489270929,TRUE,0.429145452229226,1.00106712741504,0.158048452364599,TRUE,0.447197252350344,1.00109862806212,-0.354944831897764,FALSE,0.628194258429425,1.00101601612187
873,"rand=1-2_rate=2_ROB=L_UH_Bias=Rct-NRE Moderate","1-2",2,"L_UH","Rct-NRE Moderate",0,0.0953101798043249,0.139761942375159,0.048790164169432,0.182321556793955,0.300104592450338,0.11041117989518,0.112813013671228,-0.255866412641388,TRUE,0.606284213574609,1.0010029610304,-0.374977352854097,FALSE,0.485749188442867,1.00106779000061,-0.171568708318213,TRUE,0.749609514007762,1.00115699872662,-0.483664307094808,FALSE,0.683863408616561,1.00098609529451
874,"rand=1-2_rate=2_ROB=L_UH_Bias=Rct-NRE Moderate","1-2",2,"L_UH","Rct-NRE Moderate",0,0.0953101798043249,0.139761942375159,0.048790164169432,0.182321556793955,0.300104592450338,0.0909524825386817,0.0944174730415955,0.0995262132931966,TRUE,0.423853272502516,1.00106377316526,-0.00275381181108858,TRUE,0.37928754750367,1.00098906980523,0.0998786602357711,TRUE,0.561032879572514,1.00099667758268,-0.059127092026189,TRUE,0.561711545834117,1.00101672833144
875,"rand=1-2_rate=2_ROB=L_UH_Bias=Rct-NRE Moderate","1-2",2,"L_UH","Rct-NRE Moderate",0,0.0953101798043249,0.139761942375159,0.048790164169432,0.182321556793955,0.300104592450338,0.0940816913116158,0.0957175510587809,-0.0588534455657197,TRUE,0.489945914771933,1.00098616010999,-0.17978613064675,TRUE,0.426289822909248,1.00099159261584,-0.265217800166143,TRUE,0.710292636630677,1.00197626690275,-0.146579776685593,TRUE,0.598258568286543,1.00100801190273
876,"rand=1-2_rate=2_ROB=L_UH_Bias=Rct-NRE Moderate","1-2",2,"L_UH","Rct-NRE Moderate",0,0.0953101798043249,0.139761942375159,0.048790164169432,0.182321556793955,0.300104592450338,0.0790491715799786,0.0800175463515022,-0.118871511184522,TRUE,0.506510742294499,1.00100218587666,-0.153252766802643,TRUE,0.366137524806611,1.00099810430304,-0.0091118275621358,TRUE,0.714358816722892,1.00106125371589,-0.213070540500902,FALSE,0.462023969722837,1.00098805547832
877,"rand=1-2_rate=2_ROB=L_UH_Bias=Rct-NRE Moderate","1-2",2,"L_UH","Rct-NRE Moderate",0,0.0953101798043249,0.139761942375159,0.048790164169432,0.182321556793955,0.300104592450338,0.1070000830346,0.108231556592882,-0.0512338090279338,TRUE,0.521639714949524,1.00098659347591,-0.0157202129131082,TRUE,0.33447400531297,1.00099773288456,-0.253228735660562,TRUE,0.684959438446221,1.00100264283901,0.0608824054171436,TRUE,0.405584463378296,1.00098889054586
878,"rand=1-2_rate=2_ROB=L_UH_Bias=Rct-NRE Moderate","1-2",2,"L_UH","Rct-NRE Moderate",0,0.0953101798043249,0.139761942375159,0.048790164169432,0.182321556793955,0.300104592450338,0.0987306392396614,0.0994814933586928,-0.160879283171589,TRUE,0.548511054164753,1.00099778706988,-0.249214320726352,FALSE,0.41143512969323,1.00101012140388,-0.121649398678429,TRUE,0.634626138456401,1.00118181132407,-0.305559781146553,FALSE,0.589068296490433,1.00102751555407
879,"rand=1-2_rate=2_ROB=L_UH_Bias=Rct-NRE Moderate","1-2",2,"L_UH","Rct-NRE Moderate",0,0.0953101798043249,0.139761942375159,0.048790164169432,0.182321556793955,0.300104592450338,0.114432725594249,0.116088941152547,-0.0774460383502822,TRUE,0.454599201323168,1.00098697316928,-0.161048715534915,FALSE,0.311549328336929,1.0009906545475,-0.0648383048099643,TRUE,0.567228147697997,1.0012250180953,-0.188898632794331,TRUE,0.41482552048108,1.0010031146783
880,"rand=1-2_rate=2_ROB=L_UH_Bias=Rct-NRE Moderate","1-2",2,"L_UH","Rct-NRE Moderate",0,0.0953101798043249,0.139761942375159,0.048790164169432,0.182321556793955,0.300104592450338,0.0961790948845884,0.0977768852443247,-0.147282124437431,TRUE,0.491119078254218,1.00114465727866,-0.195334211810437,FALSE,0.318681737094479,1.00102660848853,-0.199818029973336,TRUE,0.652728478031808,1.00118323958459,-0.191119656522277,TRUE,0.422156450545237,1.0010145281724
881,"rand=1-2_rate=2_ROB=L_UH_Bias=Rct-NRE Moderate","1-2",2,"L_UH","Rct-NRE Moderate",0,0.0953101798043249,0.139761942375159,0.048790164169432,0.182321556793955,0.300104592450338,0.0994699877239723,0.10034846469111,0.0286027962859923,TRUE,0.515269123795855,1.00175551761659,-0.139105523949342,TRUE,0.518315935660656,1.00098600542436,0.0783576705453951,TRUE,0.480344950339607,1.00165053148585,-0.280284168345748,TRUE,0.950722128977326,1.00103120548441
882,"rand=1-2_rate=2_ROB=L_UH_Bias=Rct-NRE Moderate","1-2",2,"L_UH","Rct-NRE Moderate",0,0.0953101798043249,0.139761942375159,0.048790164169432,0.182321556793955,0.300104592450338,0.104630311387103,0.105736637373551,-0.202373809261,TRUE,0.525974738449406,1.00110813368992,-0.225884507980594,FALSE,0.333040940268866,1.00098740927324,-0.253708617339772,TRUE,0.638504052914539,1.00143832232961,-0.214816243576553,FALSE,0.4597185224696,1.00099908710109
883,"rand=1-2_rate=2_ROB=L_UH_Bias=Rct-NRE Moderate","1-2",2,"L_UH","Rct-NRE Moderate",0,0.0953101798043249,0.139761942375159,0.048790164169432,0.182321556793955,0.300104592450338,0.0846754484272431,0.0876888772168628,-0.185685414107165,TRUE,0.599116142013245,1.00137523112295,-0.23105576252117,FALSE,0.453669295384542,1.0010223210628,-0.27365338664943,TRUE,0.790295317439462,1.00099442456264,-0.21375288470249,TRUE,0.636986850215969,1.00103975684234
884,"rand=1-2_rate=2_ROB=L_UH_Bias=Rct-NRE Moderate","1-2",2,"L_UH","Rct-NRE Moderate",0,0.0953101798043249,0.139761942375159,0.048790164169432,0.182321556793955,0.300104592450338,0.107904552087585,0.107904552087585,-0.27843787154833,FALSE,0.544723212268836,1.00098933607895,-0.272870337048257,FALSE,0.321124141872897,1.00107294346342,-0.204636927801236,TRUE,0.764142236330583,1.00099754698641,-0.290149175212755,FALSE,0.391629675492335,1.00099165019609
885,"rand=1-2_rate=2_ROB=L_UH_Bias=Rct-NRE Moderate","1-2",2,"L_UH","Rct-NRE Moderate",0,0.0953101798043249,0.139761942375159,0.048790164169432,0.182321556793955,0.300104592450338,0.109776839137582,0.110779877391629,0.0134846821802297,TRUE,0.424776205334496,1.00249519743826,-0.0396205993096264,TRUE,0.3033900455565,1.00103548413221,-0.0443140084924727,TRUE,0.543248896478098,1.0009899494344,-0.0359589430490066,TRUE,0.425325636642062,1.00101502004355
886,"rand=1-2_rate=2_ROB=L_UH_Bias=Rct-NRE Moderate","1-2",2,"L_UH","Rct-NRE Moderate",0,0.0953101798043249,0.139761942375159,0.048790164169432,0.182321556793955,0.300104592450338,0.0936940275381892,0.0948625898122695,-0.0107477936731568,TRUE,0.481464388482584,1.00107322853829,-0.0707890119028214,TRUE,0.370790444177022,1.00109900583505,-0.117720495866535,TRUE,0.583817457206415,1.00128334881756,-0.0515328503763699,TRUE,0.536829995272565,1.00099184321198
887,"rand=1-2_rate=2_ROB=L_UH_Bias=Rct-NRE Moderate","1-2",2,"L_UH","Rct-NRE Moderate",0,0.0953101798043249,0.139761942375159,0.048790164169432,0.182321556793955,0.300104592450338,0.107944132830668,0.109008990521807,-0.00128593235515062,TRUE,0.466958899690717,1.00116902277661,-0.0839276390254875,TRUE,0.429999219764537,1.0009933213383,0.0544883506408284,TRUE,0.483027286519447,1.00099781965408,-0.172783527587823,TRUE,0.760369287534308,1.00099696017857
888,"rand=1-2_rate=2_ROB=L_UH_Bias=Rct-NRE Moderate","1-2",2,"L_UH","Rct-NRE Moderate",0,0.0953101798043249,0.139761942375159,0.048790164169432,0.182321556793955,0.300104592450338,0.0896950383965665,0.0913221738370727,-0.151914916418235,TRUE,0.543193413266671,1.00106560554626,-0.105724493077425,TRUE,0.34957828453775,1.00099031087714,-0.324346408398839,FALSE,0.68524344497881,1.00111391740057,-0.0342461149197058,TRUE,0.446167290169382,1.00103662562574
889,"rand=1-2_rate=2_ROB=L_UH_Bias=Rct-NRE Moderate","1-2",2,"L_UH","Rct-NRE Moderate",0,0.0953101798043249,0.139761942375159,0.048790164169432,0.182321556793955,0.300104592450338,0.103415682924027,0.104423022760186,-0.0983193487809069,TRUE,0.562077001075684,1.00112186919942,-0.134994642809676,TRUE,0.44813412570967,1.00099709992331,-0.0286630590250714,TRUE,0.570038255329335,1.00108404247755,-0.184388318940869,TRUE,0.722667504250452,1.00098663905958
890,"rand=1-2_rate=2_ROB=L_UH_Bias=Rct-NRE Moderate","1-2",2,"L_UH","Rct-NRE Moderate",0,0.0953101798043249,0.139761942375159,0.048790164169432,0.182321556793955,0.300104592450338,0.0990768755094636,0.100523841707567,0.00754371941893217,TRUE,0.425893820704122,1.00099709539248,-0.0763645985425694,TRUE,0.276627031902846,1.00099392197619,-0.0109860214235948,TRUE,0.566722689205864,1.00098984654305,-0.0954547648892172,TRUE,0.35669236315851,1.00098611333248
891,"rand=1-2_rate=2_ROB=L_UH_Bias=Rct-NRE Moderate","1-2",2,"L_UH","Rct-NRE Moderate",0,0.0953101798043249,0.139761942375159,0.048790164169432,0.182321556793955,0.300104592450338,0.0965736509618982,0.0971661246839644,-0.0222680325951272,TRUE,0.489572085265083,1.00120987488434,-0.0862463190505975,TRUE,0.373001137022667,1.00100464954387,0.0273869053445249,TRUE,0.529101267794431,1.001019913172,-0.136591060038851,TRUE,0.560883853106109,1.00098648524243
892,"rand=1-2_rate=2_ROB=L_UH_Bias=Rct-NRE Moderate","1-2",2,"L_UH","Rct-NRE Moderate",0,0.0953101798043249,0.139761942375159,0.048790164169432,0.182321556793955,0.300104592450338,0.108295997108928,0.108946656580956,-0.0347503755013396,TRUE,0.42074929672912,1.00104289198225,-0.036424076627918,TRUE,0.216464379516037,1.00111433722587,0.0365320429357875,TRUE,0.694242580267637,1.0010129529129,-0.0494111212880635,TRUE,0.226642781136022,1.00099338180825
893,"rand=1-2_rate=2_ROB=L_UH_Bias=Rct-NRE Moderate","1-2",2,"L_UH","Rct-NRE Moderate",0,0.0953101798043249,0.139761942375159,0.048790164169432,0.182321556793955,0.300104592450338,0.100952207104555,0.102136614695082,-0.0654417852153641,TRUE,0.429771193975933,1.00102773553885,-0.10779677294207,TRUE,0.260267409965074,1.00099568081349,-0.143802213472406,TRUE,0.613092591976659,1.0010015957163,-0.099732059125613,TRUE,0.328195212369129,1.0010662755159
894,"rand=1-2_rate=2_ROB=L_UH_Bias=Rct-NRE Moderate","1-2",2,"L_UH","Rct-NRE Moderate",0,0.0953101798043249,0.139761942375159,0.048790164169432,0.182321556793955,0.300104592450338,0.0955810081511986,0.098807568891321,-0.0897101874754003,TRUE,0.60667743040819,1.00100225496988,-0.136825236414071,TRUE,0.460960920923614,1.00100069636733,-0.217039095888744,TRUE,0.956457508941848,1.00100044006064,-0.0965071277806513,TRUE,0.588143751504548,1.00098641420095
895,"rand=1-2_rate=2_ROB=L_UH_Bias=Rct-NRE Moderate","1-2",2,"L_UH","Rct-NRE Moderate",0,0.0953101798043249,0.139761942375159,0.048790164169432,0.182321556793955,0.300104592450338,0.0968481233056981,0.0974730305322789,-0.118350824732612,TRUE,0.552555887648785,1.00106269242618,-0.187631066979829,FALSE,0.39720799288228,1.0010267308489,-0.474908364251604,FALSE,0.887252276975957,1.00115619052582,-0.089291327454103,TRUE,0.444494710729168,1.00098832174269
896,"rand=1-2_rate=2_ROB=L_UH_Bias=Rct-NRE Moderate","1-2",2,"L_UH","Rct-NRE Moderate",0,0.0953101798043249,0.139761942375159,0.048790164169432,0.182321556793955,0.300104592450338,0.107622864368027,0.109376632816355,-0.165928117649113,TRUE,0.56963589020283,1.00098602690713,-0.187354879236169,TRUE,0.420849957375799,1.00101640136066,-0.189947327101689,TRUE,0.854738957069648,1.00111610699193,-0.187999135613691,TRUE,0.548676430327816,1.00103650738037
897,"rand=1-2_rate=2_ROB=L_UH_Bias=Rct-NRE Moderate","1-2",2,"L_UH","Rct-NRE Moderate",0,0.0953101798043249,0.139761942375159,0.048790164169432,0.182321556793955,0.300104592450338,0.0826968346254477,0.083875394048581,-0.0558557849048584,TRUE,0.546886247737182,1.00100127006957,-0.0552226281232662,TRUE,0.414253546631386,1.00099019931735,0.0951300339951019,TRUE,0.50852323457281,1.00119430305733,-0.143291068341879,TRUE,0.662614194867814,1.00099122667557
898,"rand=1-2_rate=2_ROB=L_UH_Bias=Rct-NRE Moderate","1-2",2,"L_UH","Rct-NRE Moderate",0,0.0953101798043249,0.139761942375159,0.048790164169432,0.182321556793955,0.300104592450338,0.0948026191500491,0.0957788481892771,-0.106146580190244,TRUE,0.50248783002557,1.0013625743386,-0.161789678118082,FALSE,0.33599263871754,1.00106953074711,-0.202434149542585,TRUE,0.860168587850021,1.00102838758483,-0.148788447194486,TRUE,0.384732255322429,1.00098648672394
899,"rand=1-2_rate=2_ROB=L_UH_Bias=Rct-NRE Moderate","1-2",2,"L_UH","Rct-NRE Moderate",0,0.0953101798043249,0.139761942375159,0.048790164169432,0.182321556793955,0.300104592450338,0.110779336178622,0.112192217988019,-0.127288303598604,TRUE,0.53030806086399,1.00112444379592,-0.191327884800981,FALSE,0.354246382092267,1.00098909680915,0.0260580101756714,TRUE,0.669138338728474,1.00108098562867,-0.274699919372487,FALSE,0.422218935930841,1.00100523476708
900,"rand=1-2_rate=2_ROB=L_UH_Bias=Rct-NRE Moderate","1-2",2,"L_UH","Rct-NRE Moderate",0,0.0953101798043249,0.139761942375159,0.048790164169432,0.182321556793955,0.300104592450338,0.102184226960287,0.103914924436427,-0.168067739169701,TRUE,0.796805116920773,1.0009897515238,-0.195589695150178,TRUE,0.617749043805733,1.00098615129336,-0.00080385689874185,TRUE,0.97040154714947,1.00100306764394,-0.332242651018435,TRUE,0.923296533199533,1.00099478384125
901,"rand=1-2_rate=2_ROB=L_UH_Bias=Rct-NRE Moderate","1-2",2,"L_UH","Rct-NRE Moderate",0,0.0953101798043249,0.139761942375159,0.048790164169432,0.182321556793955,0.300104592450338,0.106637228264163,0.106888870888384,0.102199827027595,TRUE,0.392171075137395,1.00109903549468,-0.0339011086817287,TRUE,0.367005323364771,1.00101130777105,-0.0677412840244052,TRUE,0.635558994447647,1.0010695017706,-0.0190306419226578,TRUE,0.521300781904044,1.00099306135528
902,"rand=1-2_rate=2_ROB=L_UH_Bias=Rct-NRE Moderate","1-2",2,"L_UH","Rct-NRE Moderate",0,0.0953101798043249,0.139761942375159,0.048790164169432,0.182321556793955,0.300104592450338,0.110260621122977,0.111079707690397,0.0444955553089056,TRUE,0.546302993213501,1.00103069758716,-0.0989337701216975,TRUE,0.475491886176836,1.00111388315161,0.186791019320173,TRUE,0.525653428506926,1.00104754131773,-0.292856521033372,TRUE,0.721292532771098,1.00098761828577
903,"rand=1-2_rate=2_ROB=L_UH_Bias=Rct-NRE Moderate","1-2",2,"L_UH","Rct-NRE Moderate",0,0.0953101798043249,0.139761942375159,0.048790164169432,0.182321556793955,0.300104592450338,0.0952435384747355,0.0960919819493803,-0.0928725209958363,TRUE,0.511282589493015,1.00098820176035,-0.198243645180626,TRUE,0.42564327181266,1.00098613103171,-0.0462963345364693,TRUE,0.765664874195839,1.00098668726424,-0.270012743500785,FALSE,0.567217189914174,1.00099142575535
904,"rand=1-2_rate=2_ROB=L_UH_Bias=Rct-NRE Moderate","1-2",2,"L_UH","Rct-NRE Moderate",0,0.0953101798043249,0.139761942375159,0.048790164169432,0.182321556793955,0.300104592450338,0.089423008350158,0.0904625987393975,-0.0786172610217424,TRUE,0.506730886031744,1.00104042817821,-0.0575642469624058,TRUE,0.320379897555658,1.00098609217364,0.143641271381377,TRUE,0.679642861352476,1.00107015977668,-0.129199784488499,TRUE,0.346022146961811,1.0009901747418
905,"rand=1-2_rate=2_ROB=L_UH_Bias=Rct-NRE Moderate","1-2",2,"L_UH","Rct-NRE Moderate",0,0.0953101798043249,0.139761942375159,0.048790164169432,0.182321556793955,0.300104592450338,0.108125258112378,0.10909536804637,-0.256275657611506,TRUE,0.586245961532686,1.00099377215794,-0.339481190006652,FALSE,0.423586052969119,1.00101288540803,-0.196745460099003,TRUE,0.820905461663938,1.00099493757015,-0.40265976082858,FALSE,0.535988409324919,1.00100117043099
906,"rand=1-2_rate=2_ROB=L_UH_Bias=Rct-NRE Moderate","1-2",2,"L_UH","Rct-NRE Moderate",0,0.0953101798043249,0.139761942375159,0.048790164169432,0.182321556793955,0.300104592450338,0.11618380050202,0.116443307842092,-0.18080272195502,TRUE,0.554940206825037,1.00118805191788,-0.23633184037477,FALSE,0.386157079449839,1.001088780006,-0.278140050428969,TRUE,0.909426008074138,1.00099732272904,-0.222053202359977,FALSE,0.47464349194132,1.00099125583287
907,"rand=1-2_rate=2_ROB=L_UH_Bias=Rct-NRE Moderate","1-2",2,"L_UH","Rct-NRE Moderate",0,0.0953101798043249,0.139761942375159,0.048790164169432,0.182321556793955,0.300104592450338,0.0891321659340304,0.0915972468352209,-0.117389293730624,TRUE,0.55231051348488,1.00098631686283,-0.114858694458042,TRUE,0.413089290893632,1.0009869803771,-0.00661310783184743,TRUE,0.602067750911809,1.00098687065452,-0.175015841047014,TRUE,0.623180030182601,1.00099553973089
908,"rand=1-2_rate=2_ROB=L_UH_Bias=Rct-NRE Moderate","1-2",2,"L_UH","Rct-NRE Moderate",0,0.0953101798043249,0.139761942375159,0.048790164169432,0.182321556793955,0.300104592450338,0.115437014997569,0.117104988035445,-0.121943393766428,TRUE,0.565949321665322,1.00111059929867,-0.191375137655401,TRUE,0.441412315655442,1.00101266736588,-0.039259993264861,TRUE,0.614696995055411,1.00110905302331,-0.270240084010222,TRUE,0.672953463133024,1.00101081237299
909,"rand=1-2_rate=2_ROB=L_UH_Bias=Rct-NRE Moderate","1-2",2,"L_UH","Rct-NRE Moderate",0,0.0953101798043249,0.139761942375159,0.048790164169432,0.182321556793955,0.300104592450338,0.0943254452188851,0.09818527368547,-0.202478089065008,TRUE,0.51330104366267,1.00100659435527,-0.154834949973832,FALSE,0.323751956578753,1.00098602096379,-0.344640264489326,FALSE,0.661775669079046,1.00106051288408,-0.0999175055040731,TRUE,0.408044064598226,1.00098790619113
910,"rand=1-2_rate=2_ROB=L_UH_Bias=Rct-NRE Moderate","1-2",2,"L_UH","Rct-NRE Moderate",0,0.0953101798043249,0.139761942375159,0.048790164169432,0.182321556793955,0.300104592450338,0.113800537120045,0.114543198850538,-0.181633765481112,TRUE,0.58668556352401,1.00098850916664,-0.274141669713978,FALSE,0.42746904417753,1.00098728833679,0.0263635867709376,TRUE,0.55159744743306,1.0010221669855,-0.418057407716081,FALSE,0.592610357928917,1.00102438552835
911,"rand=1-2_rate=2_ROB=L_UH_Bias=Rct-NRE Moderate","1-2",2,"L_UH","Rct-NRE Moderate",0,0.0953101798043249,0.139761942375159,0.048790164169432,0.182321556793955,0.300104592450338,0.107575399974587,0.1087741451515,-0.0817748265141098,TRUE,0.499768621559682,1.00098666370237,-0.110131278057844,TRUE,0.347734154113726,1.00102358816862,-0.128312039148796,TRUE,0.919820349794196,1.00104168709737,-0.107214233287638,TRUE,0.393934010070644,1.00099543205489
912,"rand=1-2_rate=2_ROB=L_UH_Bias=Rct-NRE Moderate","1-2",2,"L_UH","Rct-NRE Moderate",0,0.0953101798043249,0.139761942375159,0.048790164169432,0.182321556793955,0.300104592450338,0.0982014997597389,0.0992690587039393,-0.0545840512169091,TRUE,0.458168336374925,1.00100337261108,-0.136868233710459,TRUE,0.353940429950663,1.00100198703884,0.00672983372942293,TRUE,0.683647435116037,1.00103466184692,-0.193541525503216,TRUE,0.446100616627752,1.00098664734474
913,"rand=1-2_rate=2_ROB=L_UH_Bias=Rct-NRE Moderate","1-2",2,"L_UH","Rct-NRE Moderate",0,0.0953101798043249,0.139761942375159,0.048790164169432,0.182321556793955,0.300104592450338,0.105466715679023,0.105477864250283,-0.0991276304365976,TRUE,0.488649937831663,1.00104167740392,-0.17468833871804,TRUE,0.395197673442618,1.00098789605518,-0.212936477855265,TRUE,0.735993950015317,1.00102185743635,-0.159861018446525,TRUE,0.534555798338863,1.00098656479981
914,"rand=1-2_rate=2_ROB=L_UH_Bias=Rct-NRE Moderate","1-2",2,"L_UH","Rct-NRE Moderate",0,0.0953101798043249,0.139761942375159,0.048790164169432,0.182321556793955,0.300104592450338,0.0980575992955593,0.0998505103853287,-0.120612839785941,TRUE,0.519258879711088,1.00112059498654,-0.0965767147020116,TRUE,0.345413506358966,1.00102639139942,-0.211118123533592,TRUE,0.614157621457251,1.00110086670504,-0.0574797501103714,TRUE,0.493803919163017,1.00098995754596
915,"rand=1-2_rate=2_ROB=L_UH_Bias=Rct-NRE Moderate","1-2",2,"L_UH","Rct-NRE Moderate",0,0.0953101798043249,0.139761942375159,0.048790164169432,0.182321556793955,0.300104592450338,0.0973120181920706,0.0990819688646555,0.0214330239082149,TRUE,0.478294838499993,1.00141351057949,-0.00899180978734093,TRUE,0.345644591826716,1.00099202729983,-0.0621598162202026,TRUE,0.62435577193079,1.00122715883578,0.0121358076692477,TRUE,0.481527557671297,1.00099201422612
916,"rand=1-2_rate=2_ROB=L_UH_Bias=Rct-NRE Moderate","1-2",2,"L_UH","Rct-NRE Moderate",0,0.0953101798043249,0.139761942375159,0.048790164169432,0.182321556793955,0.300104592450338,0.104186500294221,0.106282127945878,-0.0239475520008454,TRUE,0.522553152422966,1.00109226515358,-0.106462034414643,TRUE,0.439622306895197,1.00098806875119,-0.12281105920597,TRUE,0.637739460916985,1.00100541795682,-0.0905247152874293,TRUE,0.669055279564605,1.00099371125282
917,"rand=1-2_rate=2_ROB=L_UH_Bias=Rct-NRE Moderate","1-2",2,"L_UH","Rct-NRE Moderate",0,0.0953101798043249,0.139761942375159,0.048790164169432,0.182321556793955,0.300104592450338,0.105274895930768,0.108731723162008,0.00872925773609778,TRUE,0.448095617346222,1.0009908879702,-0.0938545813600977,TRUE,0.336412804496871,1.001003333843,0.0836660230241011,TRUE,0.52311240121334,1.00126974692404,-0.168320977846354,TRUE,0.459001240563317,1.00098655791195
918,"rand=1-2_rate=2_ROB=L_UH_Bias=Rct-NRE Moderate","1-2",2,"L_UH","Rct-NRE Moderate",0,0.0953101798043249,0.139761942375159,0.048790164169432,0.182321556793955,0.300104592450338,0.0961067465340805,0.0962913024673795,-0.00563418389989989,TRUE,0.474808150525994,1.00107988901179,0.00687907828622936,TRUE,0.309750688736874,1.00105092345672,0.0318704150943379,TRUE,0.622699464204468,1.00108130480745,-0.0023459627682445,TRUE,0.402474688556123,1.00108906017806
919,"rand=1-2_rate=2_ROB=L_UH_Bias=Rct-NRE Moderate","1-2",2,"L_UH","Rct-NRE Moderate",0,0.0953101798043249,0.139761942375159,0.048790164169432,0.182321556793955,0.300104592450338,0.113783552838063,0.114573438532593,-0.0642640203004481,TRUE,0.574104625340564,1.00105823118728,-0.164237552422882,TRUE,0.477152774685696,1.00101963934128,-0.112158805380496,TRUE,0.892590781374717,1.00107665038754,-0.187942260742144,TRUE,0.659757057232521,1.00108898605551
920,"rand=1-2_rate=2_ROB=L_UH_Bias=Rct-NRE Moderate","1-2",2,"L_UH","Rct-NRE Moderate",0,0.0953101798043249,0.139761942375159,0.048790164169432,0.182321556793955,0.300104592450338,0.101152945829087,0.101551168816625,0.0308519290386997,TRUE,0.490429375292154,1.00103310153622,-0.00133313036057814,TRUE,0.339968876105268,1.00098620463705,0.052105510807264,TRUE,0.859358557836413,1.00100071071967,-0.0266016312970057,TRUE,0.385505371189137,1.00098798282819
921,"rand=1-2_rate=2_ROB=L_UH_Bias=Rct-NRE Moderate","1-2",2,"L_UH","Rct-NRE Moderate",0,0.0953101798043249,0.139761942375159,0.048790164169432,0.182321556793955,0.300104592450338,0.0933586303630379,0.0944655953554653,-0.220702830415188,TRUE,0.560248830037285,1.00103307513154,-0.257082236308029,FALSE,0.378016387730194,1.0009951538242,-0.28062228850849,TRUE,0.900018945334421,1.00103151464422,-0.249781163408334,FALSE,0.460262293113717,1.00099227507381
922,"rand=1-2_rate=2_ROB=L_UH_Bias=Rct-NRE Moderate","1-2",2,"L_UH","Rct-NRE Moderate",0,0.0953101798043249,0.139761942375159,0.048790164169432,0.182321556793955,0.300104592450338,0.110258765878628,0.11148499184006,-0.0673698430466358,TRUE,0.528885619496488,1.00098821482536,-0.17716612914189,TRUE,0.456589437014623,1.00099505281307,-0.0382680662004571,TRUE,0.898190902178306,1.0010540050575,-0.250785361047244,TRUE,0.595597794268796,1.00098629500703
923,"rand=1-2_rate=2_ROB=L_UH_Bias=Rct-NRE Moderate","1-2",2,"L_UH","Rct-NRE Moderate",0,0.0953101798043249,0.139761942375159,0.048790164169432,0.182321556793955,0.300104592450338,0.0881355690623277,0.0897370439164338,0.0503616809759212,TRUE,0.484477002148529,1.00113172285664,-0.0462086368252237,TRUE,0.403162240970501,1.00108273416436,0.158174574951444,TRUE,0.480783376846067,1.00098802630484,-0.156406266908959,TRUE,0.630924116993151,1.00103782823702
924,"rand=1-2_rate=2_ROB=L_UH_Bias=Rct-NRE Moderate","1-2",2,"L_UH","Rct-NRE Moderate",0,0.0953101798043249,0.139761942375159,0.048790164169432,0.182321556793955,0.300104592450338,0.0940656536666458,0.0954589290738745,0.082138183814216,TRUE,0.428208682518004,1.00098616444014,-0.0213776409976272,TRUE,0.376962630262054,1.00100344851066,0.136326341324484,TRUE,0.523463179239787,1.00111451036679,-0.0967302025018717,TRUE,0.563911429578878,1.00099290418453
925,"rand=1-2_rate=2_ROB=L_UH_Bias=Rct-NRE Moderate","1-2",2,"L_UH","Rct-NRE Moderate",0,0.0953101798043249,0.139761942375159,0.048790164169432,0.182321556793955,0.300104592450338,0.110731471415397,0.112274729697422,0.0293039824525757,TRUE,0.463342124282233,1.00098659322808,-0.0587663683573614,TRUE,0.362820576950866,1.0010012178188,0.123516567663277,TRUE,0.660359514368927,1.00098599937456,-0.139697556526086,TRUE,0.451421995252065,1.00098631587933
926,"rand=1-2_rate=2_ROB=L_UH_Bias=Rct-NRE Moderate","1-2",2,"L_UH","Rct-NRE Moderate",0,0.0953101798043249,0.139761942375159,0.048790164169432,0.182321556793955,0.300104592450338,0.0997254455996398,0.10147800991801,-0.121679716714441,TRUE,0.63720337057587,1.0009907513503,-0.0787065807601866,TRUE,0.419213997469201,1.0009917267436,-0.416611189048859,FALSE,0.859630027883184,1.00102251612159,0.0608824747695058,TRUE,0.454625241335247,1.00098683969304
927,"rand=1-2_rate=2_ROB=L_UH_Bias=Rct-NRE Moderate","1-2",2,"L_UH","Rct-NRE Moderate",0,0.0953101798043249,0.139761942375159,0.048790164169432,0.182321556793955,0.300104592450338,0.10193261491859,0.103394754922223,-0.113264120735981,TRUE,0.457956875061308,1.00114205741821,-0.171033552839987,FALSE,0.292135762916037,1.00105432905316,-0.198485339750895,TRUE,0.786785689739576,1.00100319453476,-0.164428726703038,FALSE,0.332222427154241,1.00098654312305
928,"rand=1-2_rate=2_ROB=L_UH_Bias=Rct-NRE Moderate","1-2",2,"L_UH","Rct-NRE Moderate",0,0.0953101798043249,0.139761942375159,0.048790164169432,0.182321556793955,0.300104592450338,0.0924661311186243,0.0947355510630078,-0.132454515904714,TRUE,0.556727716583247,1.00103810168024,-0.176602522109454,TRUE,0.425334992011468,1.00098606093851,-0.0650814705896368,TRUE,0.611771110413327,1.00105931400484,-0.234697223142221,TRUE,0.639407080586039,1.00098791447046
929,"rand=1-2_rate=2_ROB=L_UH_Bias=Rct-NRE Moderate","1-2",2,"L_UH","Rct-NRE Moderate",0,0.0953101798043249,0.139761942375159,0.048790164169432,0.182321556793955,0.300104592450338,0.106065149286652,0.10726515324724,-0.136453966004257,TRUE,0.536059796248095,1.00228410608767,-0.133924959755928,TRUE,0.341343603368211,1.0010458541411,-0.348301244314391,TRUE,0.864270394161391,1.00101062914419,-0.0724264691090346,TRUE,0.390046464374281,1.00102188863101
930,"rand=1-2_rate=2_ROB=L_UH_Bias=Rct-NRE Moderate","1-2",2,"L_UH","Rct-NRE Moderate",0,0.0953101798043249,0.139761942375159,0.048790164169432,0.182321556793955,0.300104592450338,0.103600296982863,0.107616519449478,0.0817847096221062,TRUE,0.357830200568946,1.00098652947115,-0.0562435804385122,TRUE,0.370060786344913,1.00105513859043,0.110176332837848,TRUE,0.567920138094703,1.00112671763928,-0.138472720469101,TRUE,0.516134305456677,1.00100362945749
931,"rand=1-2_rate=2_ROB=L_UH_Bias=Rct-NRE Moderate","1-2",2,"L_UH","Rct-NRE Moderate",0,0.0953101798043249,0.139761942375159,0.048790164169432,0.182321556793955,0.300104592450338,0.105860206215906,0.106586657040211,0.0118208935155277,TRUE,0.429928275628677,1.00099632148837,-0.0385840667994453,TRUE,0.291020008752553,1.0010785278056,-0.105064768114055,TRUE,0.735643036410512,1.00104449720549,-0.0197957695863495,TRUE,0.340690906371731,1.00099049384284
932,"rand=1-2_rate=2_ROB=L_UH_Bias=Rct-NRE Moderate","1-2",2,"L_UH","Rct-NRE Moderate",0,0.0953101798043249,0.139761942375159,0.048790164169432,0.182321556793955,0.300104592450338,0.104448362115781,0.105041962673011,-0.0275746102038579,TRUE,0.490401618349722,1.00104550210206,-0.0602913614616334,TRUE,0.337645032572791,1.00105154837788,0.0288174551003236,TRUE,0.660804926200542,1.00099614630013,-0.0952714272035216,TRUE,0.4353083193705,1.00100525477038
933,"rand=1-2_rate=2_ROB=L_UH_Bias=Rct-NRE Moderate","1-2",2,"L_UH","Rct-NRE Moderate",0,0.0953101798043249,0.139761942375159,0.048790164169432,0.182321556793955,0.300104592450338,0.0930119072968508,0.0940315267657486,-0.0881328141970887,TRUE,0.435473820186811,1.00123665293804,-0.0925980606295294,TRUE,0.2453946321384,1.00098631035926,-0.0958169056063716,TRUE,0.661470983951274,1.00101242575389,-0.0933019915658861,TRUE,0.293734944550624,1.00118631420036
934,"rand=1-2_rate=2_ROB=L_UH_Bias=Rct-NRE Moderate","1-2",2,"L_UH","Rct-NRE Moderate",0,0.0953101798043249,0.139761942375159,0.048790164169432,0.182321556793955,0.300104592450338,0.100759725106314,0.101038360748456,-0.102819299353873,TRUE,0.451246658585914,1.00112282573004,-0.190128966897392,FALSE,0.397453856570361,1.00099071623474,-0.189280011909885,TRUE,0.74176558983651,1.00101358136405,-0.188318356020513,TRUE,0.530863595645175,1.00099558935248
935,"rand=1-2_rate=2_ROB=L_UH_Bias=Rct-NRE Moderate","1-2",2,"L_UH","Rct-NRE Moderate",0,0.0953101798043249,0.139761942375159,0.048790164169432,0.182321556793955,0.300104592450338,0.0993649134663423,0.101275050902399,-0.109183570500848,TRUE,0.543040433368498,1.00114596382742,-0.153257143169525,TRUE,0.381857692906304,1.00099301475148,-0.052334515192809,TRUE,0.67613494014506,1.00107589934,-0.194973117971122,TRUE,0.516768592491809,1.00107942443673
936,"rand=1-2_rate=2_ROB=L_UH_Bias=Rct-NRE Moderate","1-2",2,"L_UH","Rct-NRE Moderate",0,0.0953101798043249,0.139761942375159,0.048790164169432,0.182321556793955,0.300104592450338,0.103668205852612,0.104763348092366,-0.162619219407759,TRUE,0.549238002486188,1.00110428758094,-0.150455658996581,TRUE,0.37732469885252,1.00099923362178,-0.232161238170035,TRUE,0.707092740940519,1.00119497105459,-0.115226628484221,TRUE,0.508967909650697,1.00098779994392
937,"rand=1-2_rate=2_ROB=L_UH_Bias=Rct-NRE Moderate","1-2",2,"L_UH","Rct-NRE Moderate",0,0.0953101798043249,0.139761942375159,0.048790164169432,0.182321556793955,0.300104592450338,0.108240246660253,0.109341358491222,-0.0786064703329119,TRUE,0.479625599148856,1.00098934871731,-0.0727381854304658,TRUE,0.30653181777777,1.00099702840179,-0.238115423576032,TRUE,0.658349907075094,1.00098673843412,-0.0249118281159464,TRUE,0.385938942303144,1.00099667230148
938,"rand=1-2_rate=2_ROB=L_UH_Bias=Rct-NRE Moderate","1-2",2,"L_UH","Rct-NRE Moderate",0,0.0953101798043249,0.139761942375159,0.048790164169432,0.182321556793955,0.300104592450338,0.1005079269559,0.101815805004806,0.0670575905965146,TRUE,0.449002241614072,1.00103509485282,-0.057776010831486,TRUE,0.403096472956067,1.00099562025199,0.0515996617795571,TRUE,0.822658199808631,1.00104601042236,-0.114322400851119,TRUE,0.511566310726486,1.00100937762986
939,"rand=1-2_rate=2_ROB=L_UH_Bias=Rct-NRE Moderate","1-2",2,"L_UH","Rct-NRE Moderate",0,0.0953101798043249,0.139761942375159,0.048790164169432,0.182321556793955,0.300104592450338,0.104872000371328,0.105690201554625,-0.0912006461164891,TRUE,0.487169375491847,1.00117365980537,-0.246697116562081,FALSE,0.45112990887844,1.00099512526653,-0.223436660296551,TRUE,1.00452019072376,1.0009949727516,-0.261309684254421,FALSE,0.576057294863021,1.00100035178725
940,"rand=1-2_rate=2_ROB=L_UH_Bias=Rct-NRE Moderate","1-2",2,"L_UH","Rct-NRE Moderate",0,0.0953101798043249,0.139761942375159,0.048790164169432,0.182321556793955,0.300104592450338,0.0823654010630329,0.0834764836431642,-0.0924746208740821,TRUE,0.518650050886135,1.00100536275243,-0.0840421160003815,TRUE,0.361749232246277,1.00099517355854,-0.115173273491906,TRUE,0.756333062843794,1.00099257042235,-0.0724937036963982,TRUE,0.466569777450457,1.00099057635838
941,"rand=1-2_rate=2_ROB=L_UH_Bias=Rct-NRE Moderate","1-2",2,"L_UH","Rct-NRE Moderate",0,0.0953101798043249,0.139761942375159,0.048790164169432,0.182321556793955,0.300104592450338,0.107931823307978,0.108720879654258,-0.0477521834240737,TRUE,0.46903657622181,1.00105328477422,-0.0976841921471558,TRUE,0.337670166721014,1.00098603815078,-0.0468626055030477,TRUE,0.584235523317134,1.00102322286423,-0.113505439320765,TRUE,0.470633479254937,1.00098624141254
942,"rand=1-2_rate=2_ROB=L_UH_Bias=Rct-NRE Moderate","1-2",2,"L_UH","Rct-NRE Moderate",0,0.0953101798043249,0.139761942375159,0.048790164169432,0.182321556793955,0.300104592450338,0.108484773527649,0.109278027219254,0.0194447861025715,TRUE,0.512790610829513,1.00099939018573,-0.0640019547331707,TRUE,0.44691523951629,1.00098628143152,0.100276674105973,TRUE,0.949695081238956,1.00098711586557,-0.143800354975501,TRUE,0.519172141911067,1.00098859224533
943,"rand=1-2_rate=2_ROB=L_UH_Bias=Rct-NRE Moderate","1-2",2,"L_UH","Rct-NRE Moderate",0,0.0953101798043249,0.139761942375159,0.048790164169432,0.182321556793955,0.300104592450338,0.116119176745583,0.117866691109596,-0.0587265664951477,TRUE,0.482294002521148,1.00100857321466,-0.113102064965133,TRUE,0.351470739424084,1.00098605652498,-0.0785634809869566,TRUE,0.606629128613377,1.00102799054807,-0.126940783970936,TRUE,0.489995913914941,1.00098831740345
944,"rand=1-2_rate=2_ROB=L_UH_Bias=Rct-NRE Moderate","1-2",2,"L_UH","Rct-NRE Moderate",0,0.0953101798043249,0.139761942375159,0.048790164169432,0.182321556793955,0.300104592450338,0.106271908229887,0.106717056603032,-0.077433434940859,TRUE,0.498027964811756,1.00116364091534,-0.132969706790975,TRUE,0.355246944358667,1.00098971344544,-0.169303288867147,TRUE,0.755488760469283,1.00102147368571,-0.120616929883116,TRUE,0.455824135901069,1.00101907619996
945,"rand=1-2_rate=2_ROB=L_UH_Bias=Rct-NRE Moderate","1-2",2,"L_UH","Rct-NRE Moderate",0,0.0953101798043249,0.139761942375159,0.048790164169432,0.182321556793955,0.300104592450338,0.0865165905681433,0.08746284784659,0.00171815558938271,TRUE,0.487654642312271,1.00100474619236,-0.0394312079408519,TRUE,0.406361337489042,1.00106670938538,0.0711857808352128,TRUE,0.812854493912789,1.00098627593389,-0.0940901394426101,TRUE,0.518010845936651,1.00099854312853
946,"rand=1-2_rate=2_ROB=L_UH_Bias=Rct-NRE Moderate","1-2",2,"L_UH","Rct-NRE Moderate",0,0.0953101798043249,0.139761942375159,0.048790164169432,0.182321556793955,0.300104592450338,0.0888765937240884,0.0906954752019315,-0.0222415726910778,TRUE,0.429396434831134,1.0011670048873,-0.116368836382299,TRUE,0.337866263804567,1.00101353081078,-0.11968184756908,TRUE,0.594521379669065,1.00098699804598,-0.113182992009311,TRUE,0.480620904953476,1.00100822297795
947,"rand=1-2_rate=2_ROB=L_UH_Bias=Rct-NRE Moderate","1-2",2,"L_UH","Rct-NRE Moderate",0,0.0953101798043249,0.139761942375159,0.048790164169432,0.182321556793955,0.300104592450338,0.0984395607122644,0.0992219839476999,-0.126129415528252,TRUE,0.515672906850958,1.00102295187537,-0.230511350483511,FALSE,0.418648538194106,1.00100373655144,-0.175024089219781,TRUE,0.728133445039214,1.00103058580385,-0.257691673421334,TRUE,0.586437782159845,1.00101632269465
948,"rand=1-2_rate=2_ROB=L_UH_Bias=Rct-NRE Moderate","1-2",2,"L_UH","Rct-NRE Moderate",0,0.0953101798043249,0.139761942375159,0.048790164169432,0.182321556793955,0.300104592450338,0.0887797744345189,0.0907190931770315,-0.19590733144616,TRUE,0.565114176085881,1.00101119653253,-0.225364156108282,FALSE,0.36679458231521,1.00098626167313,-0.0194366647610487,TRUE,0.670310139114511,1.00098949619988,-0.303913906901533,FALSE,0.460343806202862,1.00099742099969
949,"rand=1-2_rate=2_ROB=L_UH_Bias=Rct-NRE Moderate","1-2",2,"L_UH","Rct-NRE Moderate",0,0.0953101798043249,0.139761942375159,0.048790164169432,0.182321556793955,0.300104592450338,0.0883496892645435,0.0893371571202219,-0.138488992458054,TRUE,0.461635918592015,1.00103991857838,-0.133822289588122,FALSE,0.269986385106316,1.00100199169063,-0.222627921973519,TRUE,0.707655274607764,1.00130431046605,-0.114533261333169,TRUE,0.316771834427939,1.00098818329733
950,"rand=1-2_rate=2_ROB=L_UH_Bias=Rct-NRE Moderate","1-2",2,"L_UH","Rct-NRE Moderate",0,0.0953101798043249,0.139761942375159,0.048790164169432,0.182321556793955,0.300104592450338,0.101695434342805,0.103111061071963,-0.0929062582814049,TRUE,0.502340273569795,1.00117060980033,-0.197724643771837,FALSE,0.364468091333229,1.00109127497164,0.090112548129711,TRUE,0.564634873551128,1.00098786653042,-0.312234257939753,FALSE,0.4417771858923,1.0009899935793
951,"rand=1-2_rate=2_ROB=L_UH_Bias=Rct-NRE Moderate","1-2",2,"L_UH","Rct-NRE Moderate",0,0.0953101798043249,0.139761942375159,0.048790164169432,0.182321556793955,0.300104592450338,0.105007868849381,0.108592547651527,-0.179481429444947,TRUE,0.53652933508809,1.00103254705054,-0.231731157565067,FALSE,0.374030980906752,1.00099929281853,-0.24642798344597,TRUE,0.78602400661188,1.00098705928123,-0.226781163700214,FALSE,0.47760715214991,1.00098623679177
952,"rand=1-2_rate=2_ROB=L_UH_Bias=Rct-NRE Moderate","1-2",2,"L_UH","Rct-NRE Moderate",0,0.0953101798043249,0.139761942375159,0.048790164169432,0.182321556793955,0.300104592450338,0.0970847047487815,0.0976493164865572,0.0259116035664649,TRUE,0.588394983554503,1.00100104905924,-0.0258329023835819,TRUE,0.463969088102156,1.00098901947938,0.086647101427061,TRUE,0.875846482246236,1.00099306072437,-0.0941956044740835,TRUE,0.618730385339807,1.00100904230223
953,"rand=1-2_rate=2_ROB=L_UH_Bias=Rct-NRE Moderate","1-2",2,"L_UH","Rct-NRE Moderate",0,0.0953101798043249,0.139761942375159,0.048790164169432,0.182321556793955,0.300104592450338,0.0963348654463855,0.100593661530651,-0.16197641085878,TRUE,0.639379365891794,1.00105332471966,-0.238756985758532,FALSE,0.492860932122178,1.00098606996377,0.00358174533633038,TRUE,0.636561003295615,1.001025001931,-0.370301939447226,FALSE,0.726466200210153,1.00099179973443
954,"rand=1-2_rate=2_ROB=L_UH_Bias=Rct-NRE Moderate","1-2",2,"L_UH","Rct-NRE Moderate",0,0.0953101798043249,0.139761942375159,0.048790164169432,0.182321556793955,0.300104592450338,0.106447356549895,0.111953656601658,-0.0576937723257813,TRUE,0.38924243906135,1.0011561206422,-0.156860279128836,FALSE,0.25575706371415,1.00099029620259,-0.0201930907436529,TRUE,0.566042494204768,1.00100960931986,-0.190084387367937,FALSE,0.312133094925422,1.00100942825432
955,"rand=1-2_rate=2_ROB=L_UH_Bias=Rct-NRE Moderate","1-2",2,"L_UH","Rct-NRE Moderate",0,0.0953101798043249,0.139761942375159,0.048790164169432,0.182321556793955,0.300104592450338,0.100760052538433,0.101639192562944,0.0650918244770097,TRUE,0.394986038255205,1.00111953898665,0.0289549921116896,TRUE,0.28478406216428,1.00099984266088,0.118672798911555,TRUE,0.514180707235839,1.00099718142375,-0.0043383827311021,TRUE,0.374611403299621,1.00099186341737
956,"rand=1-2_rate=2_ROB=L_UH_Bias=Rct-NRE Moderate","1-2",2,"L_UH","Rct-NRE Moderate",0,0.0953101798043249,0.139761942375159,0.048790164169432,0.182321556793955,0.300104592450338,0.0957149361924124,0.096918232648195,-0.117627564107957,TRUE,0.552520493580264,1.00105121078417,-0.108897116685606,TRUE,0.371950159769625,1.00099123282951,-0.392766015425731,FALSE,0.763902087336976,1.00098680782933,-0.00894068013774607,TRUE,0.440337208904988,1.00099392749967
957,"rand=1-2_rate=2_ROB=L_UH_Bias=Rct-NRE Moderate","1-2",2,"L_UH","Rct-NRE Moderate",0,0.0953101798043249,0.139761942375159,0.048790164169432,0.182321556793955,0.300104592450338,0.103455430436341,0.105835910660745,-0.141286900063365,TRUE,0.488554456487392,1.00099572233694,-0.184186516882038,FALSE,0.372151012833334,1.00098957959211,-0.216566066975382,TRUE,0.639996741837263,1.00101158848132,-0.168643194877864,TRUE,0.524822847560925,1.00099483772082
958,"rand=1-2_rate=2_ROB=L_UH_Bias=Rct-NRE Moderate","1-2",2,"L_UH","Rct-NRE Moderate",0,0.0953101798043249,0.139761942375159,0.048790164169432,0.182321556793955,0.300104592450338,0.113014486071084,0.114380405320041,-0.0110131001127491,TRUE,0.489240901450756,1.00104309918917,-0.069710438884355,TRUE,0.37517695035468,1.00099473117054,0.00796251894269318,TRUE,0.603687051639262,1.00137711258323,-0.105346069748324,TRUE,0.533933264742292,1.00099104254159
959,"rand=1-2_rate=2_ROB=L_UH_Bias=Rct-NRE Moderate","1-2",2,"L_UH","Rct-NRE Moderate",0,0.0953101798043249,0.139761942375159,0.048790164169432,0.182321556793955,0.300104592450338,0.11779757781329,0.119426014573684,-0.265398314593433,TRUE,0.618611643030412,1.0009958781456,-0.316246417289433,FALSE,0.42682577984001,1.00110739560584,-0.544200286973847,FALSE,1.01577174887717,1.00101060070575,-0.242645205701497,FALSE,0.491026843468341,1.00100366533704
960,"rand=1-2_rate=2_ROB=L_UH_Bias=Rct-NRE Moderate","1-2",2,"L_UH","Rct-NRE Moderate",0,0.0953101798043249,0.139761942375159,0.048790164169432,0.182321556793955,0.300104592450338,0.0940548755624585,0.0979076058991292,-0.0668782842433033,TRUE,0.585688061188172,1.00103778823764,-0.162147479779815,TRUE,0.484761613720847,1.00098693336039,-0.272004201237686,TRUE,0.940052617702858,1.00098776232506,-0.107545914895541,TRUE,0.650058482561099,1.00098617912461
961,"rand=1-2_rate=2_ROB=L_UH_Bias=Rct-NRE Moderate","1-2",2,"L_UH","Rct-NRE Moderate",0,0.0953101798043249,0.139761942375159,0.048790164169432,0.182321556793955,0.300104592450338,0.119247308140448,0.120241782468995,-0.0175034803541461,TRUE,0.496949994421259,1.00102568640838,-0.111627114913412,TRUE,0.451320312667173,1.00098982105779,-0.0660007379203751,TRUE,0.643843491312512,1.00114825930584,-0.13502980534445,TRUE,0.71063611377376,1.00098698610395
962,"rand=1-2_rate=2_ROB=L_UH_Bias=Rct-NRE Moderate","1-2",2,"L_UH","Rct-NRE Moderate",0,0.0953101798043249,0.139761942375159,0.048790164169432,0.182321556793955,0.300104592450338,0.100697933624997,0.10222302228413,-0.0857080480043626,TRUE,0.42297423105396,1.0010598493458,-0.166923217010358,FALSE,0.287444930546188,1.00100463925783,-0.0936015192354622,TRUE,0.568122019092411,1.00099070283681,-0.189549513157083,FALSE,0.377914351248327,1.00098599382503
963,"rand=1-2_rate=2_ROB=L_UH_Bias=Rct-NRE Moderate","1-2",2,"L_UH","Rct-NRE Moderate",0,0.0953101798043249,0.139761942375159,0.048790164169432,0.182321556793955,0.300104592450338,0.0859930804684084,0.0874749327190292,-0.0313784875353327,TRUE,0.447703611695075,1.00099114401486,-0.0283514195224446,TRUE,0.275119600145799,1.00098600673986,-0.137587001863524,TRUE,0.578914913490913,1.00106065499819,0.00229806307997849,TRUE,0.369006828204736,1.00100180395924
964,"rand=1-2_rate=2_ROB=L_UH_Bias=Rct-NRE Moderate","1-2",2,"L_UH","Rct-NRE Moderate",0,0.0953101798043249,0.139761942375159,0.048790164169432,0.182321556793955,0.300104592450338,0.106090835702799,0.106464714156819,-0.00210493479342078,TRUE,0.505044047000928,1.00108526150278,-0.0598420324765234,TRUE,0.358504616085196,1.00098606201184,0.0201095552664546,TRUE,0.868290608877462,1.00098983893744,-0.0919849472270111,TRUE,0.410539156697513,1.00098603203171
965,"rand=1-2_rate=2_ROB=L_UH_Bias=Rct-NRE Moderate","1-2",2,"L_UH","Rct-NRE Moderate",0,0.0953101798043249,0.139761942375159,0.048790164169432,0.182321556793955,0.300104592450338,0.106841402225869,0.107545411625274,-0.274639518382811,FALSE,0.606346011503442,1.00101413037121,-0.280193415712351,FALSE,0.416496469494685,1.00098609865889,-0.328964091891305,FALSE,0.722867284355198,1.00105927503165,-0.258765737686282,TRUE,0.587728009582482,1.00098599683362
966,"rand=1-2_rate=2_ROB=L_UH_Bias=Rct-NRE Moderate","1-2",2,"L_UH","Rct-NRE Moderate",0,0.0953101798043249,0.139761942375159,0.048790164169432,0.182321556793955,0.300104592450338,0.0998797839418713,0.101141392550558,0.00313553778296727,TRUE,0.421485761750401,1.00100128394237,-0.0840158868398542,TRUE,0.325942821118328,1.0009861296318,0.0534968392987553,TRUE,0.53540872987975,1.00098810980473,-0.136395951945338,TRUE,0.445129307947309,1.00101398698325
967,"rand=1-2_rate=2_ROB=L_UH_Bias=Rct-NRE Moderate","1-2",2,"L_UH","Rct-NRE Moderate",0,0.0953101798043249,0.139761942375159,0.048790164169432,0.182321556793955,0.300104592450338,0.107179543628607,0.107899080656401,-0.0957167493179611,TRUE,0.440660885903901,1.0011049668838,-0.132020200199995,FALSE,0.281833479852165,1.00098821556223,-0.112454791559298,TRUE,0.615342813063319,1.00101957931484,-0.136844798705991,TRUE,0.352092894382307,1.00099072288277
968,"rand=1-2_rate=2_ROB=L_UH_Bias=Rct-NRE Moderate","1-2",2,"L_UH","Rct-NRE Moderate",0,0.0953101798043249,0.139761942375159,0.048790164169432,0.182321556793955,0.300104592450338,0.0987475214691118,0.100275220868921,-0.16165251796759,TRUE,0.502531194131447,1.00107978192111,-0.298172671953838,FALSE,0.469956117080437,1.00098877186151,-0.110408286721933,TRUE,0.610755358993524,1.00111163405892,-0.406459532568077,FALSE,0.733010952193866,1.00098758328325
969,"rand=1-2_rate=2_ROB=L_UH_Bias=Rct-NRE Moderate","1-2",2,"L_UH","Rct-NRE Moderate",0,0.0953101798043249,0.139761942375159,0.048790164169432,0.182321556793955,0.300104592450338,0.0869804160386017,0.0888918245144517,0.0127649642359998,TRUE,0.429242776711208,1.00120722672294,-0.0429314355013923,TRUE,0.3451518614832,1.00119789111735,-0.184689875451507,TRUE,0.583904216467489,1.00099201558636,0.0147814752272245,TRUE,0.487553716979411,1.00099039052436
970,"rand=1-2_rate=2_ROB=L_UH_Bias=Rct-NRE Moderate","1-2",2,"L_UH","Rct-NRE Moderate",0,0.0953101798043249,0.139761942375159,0.048790164169432,0.182321556793955,0.300104592450338,0.0976955524729378,0.09891805258735,-0.13157276777683,TRUE,0.462692586662717,1.0010697436363,-0.302279595086383,FALSE,0.409783242281294,1.00098897022537,-0.430087303750679,FALSE,0.85441990602374,1.00129113653849,-0.251638493643526,FALSE,0.512132747517413,1.0009888198525
971,"rand=1-2_rate=2_ROB=L_UH_Bias=Rct-NRE Moderate","1-2",2,"L_UH","Rct-NRE Moderate",0,0.0953101798043249,0.139761942375159,0.048790164169432,0.182321556793955,0.300104592450338,0.107256938064366,0.108425741998889,-0.0828460233521411,TRUE,0.522730385080994,1.00111358965346,-0.0363840253022985,TRUE,0.337920978564182,1.00098737675413,-0.104617348570242,TRUE,0.651525406819289,1.00103299253029,-0.0140446344779459,TRUE,0.45217256444999,1.00098723999041
972,"rand=1-2_rate=2_ROB=L_UH_Bias=Rct-NRE Moderate","1-2",2,"L_UH","Rct-NRE Moderate",0,0.0953101798043249,0.139761942375159,0.048790164169432,0.182321556793955,0.300104592450338,0.0937935956735737,0.0940510267744217,-0.0333638791825988,TRUE,0.633570771317845,1.00098745041971,-0.145316050412723,TRUE,0.561455393586326,1.00098731081836,-0.00773545556499755,TRUE,0.837941538295684,1.00103755169908,-0.240318966673682,TRUE,0.879864354975776,1.00102063092214
973,"rand=1-2_rate=2_ROB=L_UH_Bias=Rct-NRE Moderate","1-2",2,"L_UH","Rct-NRE Moderate",0,0.0953101798043249,0.139761942375159,0.048790164169432,0.182321556793955,0.300104592450338,0.092685897593302,0.0933958510008138,0.174316096461959,TRUE,0.354674246167051,1.00103868635649,0.0784947590849914,TRUE,0.329570204853497,1.00099781506965,0.174119610514013,TRUE,0.542868819466386,1.00102519500578,0.0265619664085988,TRUE,0.472727020919814,1.0010110131254
974,"rand=1-2_rate=2_ROB=L_UH_Bias=Rct-NRE Moderate","1-2",2,"L_UH","Rct-NRE Moderate",0,0.0953101798043249,0.139761942375159,0.048790164169432,0.182321556793955,0.300104592450338,0.113993344375213,0.11909800432411,0.0219142210729594,TRUE,0.503074167453037,1.00098601357278,0.0226638439297587,TRUE,0.340066023591599,1.00100174522556,0.0286424773215233,TRUE,0.763088110686591,1.0010483961959,0.0211260817022636,TRUE,0.418331664699688,1.00100661062477
975,"rand=1-2_rate=2_ROB=L_UH_Bias=Rct-NRE Moderate","1-2",2,"L_UH","Rct-NRE Moderate",0,0.0953101798043249,0.139761942375159,0.048790164169432,0.182321556793955,0.300104592450338,0.104467587672828,0.104702798191961,-0.211297953566757,TRUE,0.656997911873932,1.0009970072391,-0.33537447578702,FALSE,0.586244610334986,1.00099185102485,-0.200011264434972,TRUE,0.738477516889477,1.00099031033484,-0.4143958634301,FALSE,0.968229791529934,1.00098732929446
976,"rand=1-2_rate=2_ROB=L_UH_Bias=Rct-NRE Moderate","1-2",2,"L_UH","Rct-NRE Moderate",0,0.0953101798043249,0.139761942375159,0.048790164169432,0.182321556793955,0.300104592450338,0.106298545595416,0.108086680688405,-0.0451185804774361,TRUE,0.561199121786101,1.00103755667969,-0.119058895892955,TRUE,0.463080406041269,1.00098861718719,0.0471921180983724,TRUE,0.648506841456062,1.00098812456779,-0.217528304045834,TRUE,0.701495347620819,1.00099062558098
977,"rand=1-2_rate=2_ROB=L_UH_Bias=Rct-NRE Moderate","1-2",2,"L_UH","Rct-NRE Moderate",0,0.0953101798043249,0.139761942375159,0.048790164169432,0.182321556793955,0.300104592450338,0.0956188481209637,0.0964952545387326,0.00939021027462827,TRUE,0.454972522157379,1.00099852509264,-0.0756187056147728,TRUE,0.355473389880751,1.00106347518912,0.107843239289701,TRUE,0.4793779035433,1.00103435810531,-0.161948266537691,TRUE,0.522951874855846,1.00099141254263
978,"rand=1-2_rate=2_ROB=L_UH_Bias=Rct-NRE Moderate","1-2",2,"L_UH","Rct-NRE Moderate",0,0.0953101798043249,0.139761942375159,0.048790164169432,0.182321556793955,0.300104592450338,0.109806633853739,0.110340204602974,-0.0345325621354113,TRUE,0.5541909763851,1.00099312156609,-0.0671794214244055,TRUE,0.403527361232922,1.00099064810026,0.0360935014260578,TRUE,0.882506970423032,1.00102348885075,-0.120974218731811,TRUE,0.471104730459554,1.00098729759582
979,"rand=1-2_rate=2_ROB=L_UH_Bias=Rct-NRE Moderate","1-2",2,"L_UH","Rct-NRE Moderate",0,0.0953101798043249,0.139761942375159,0.048790164169432,0.182321556793955,0.300104592450338,0.1073160589446,0.107837525327985,0.0141534017409555,TRUE,0.466597084872484,1.00100555217595,-0.065087028447165,TRUE,0.388001135195274,1.00105834994458,0.164845817950535,TRUE,0.551234981049964,1.00106038429889,-0.178313333746076,TRUE,0.529241181839216,1.00098599941853
980,"rand=1-2_rate=2_ROB=L_UH_Bias=Rct-NRE Moderate","1-2",2,"L_UH","Rct-NRE Moderate",0,0.0953101798043249,0.139761942375159,0.048790164169432,0.182321556793955,0.300104592450338,0.101221892613671,0.103111231093132,-0.0568129368614805,TRUE,0.448368178159961,1.00099358804661,-0.06869205191344,TRUE,0.270818714104935,1.00098666536059,-0.150636080887182,TRUE,0.631947353092951,1.00098601185963,-0.0484842788832931,TRUE,0.336608084921769,1.00098661904512
981,"rand=1-2_rate=2_ROB=L_UH_Bias=Rct-NRE Moderate","1-2",2,"L_UH","Rct-NRE Moderate",0,0.0953101798043249,0.139761942375159,0.048790164169432,0.182321556793955,0.300104592450338,0.086719634416685,0.0881589720433537,0.0151231604004307,TRUE,0.521771145689019,1.00102965261478,0.00186642761287859,TRUE,0.412670481536088,1.00098621668934,0.0608422214937536,TRUE,0.558033373532488,1.00104718677198,-0.0269157131302198,TRUE,0.651159133383256,1.00106042082851
982,"rand=1-2_rate=2_ROB=L_UH_Bias=Rct-NRE Moderate","1-2",2,"L_UH","Rct-NRE Moderate",0,0.0953101798043249,0.139761942375159,0.048790164169432,0.182321556793955,0.300104592450338,0.0916245097726047,0.0943493177457297,0.0184909850093438,TRUE,0.462178083676482,1.00102092864204,-0.0423408834801127,TRUE,0.343689188527012,1.00098608149477,-0.106673012763909,TRUE,0.749162656437015,1.0009939313866,-0.0192622887562544,TRUE,0.430838858320484,1.00098611584252
983,"rand=1-2_rate=2_ROB=L_UH_Bias=Rct-NRE Moderate","1-2",2,"L_UH","Rct-NRE Moderate",0,0.0953101798043249,0.139761942375159,0.048790164169432,0.182321556793955,0.300104592450338,0.10744412215355,0.10744412215355,-0.0750048804830943,TRUE,0.49254913018545,1.00108452376046,-0.0777343565329738,TRUE,0.31160119290697,1.00100040388035,-0.0272651284525849,TRUE,0.682241031168951,1.00103496026449,-0.0932088139722609,TRUE,0.387991796486054,1.00098730475879
984,"rand=1-2_rate=2_ROB=L_UH_Bias=Rct-NRE Moderate","1-2",2,"L_UH","Rct-NRE Moderate",0,0.0953101798043249,0.139761942375159,0.048790164169432,0.182321556793955,0.300104592450338,0.111953016199046,0.112561786545977,-0.104204684936359,TRUE,0.473010810494069,1.00098618684083,-0.196602236911106,FALSE,0.335778362998647,1.00099432042419,0.0470793129120751,TRUE,0.586176290450467,1.00102489462717,-0.276353471802704,FALSE,0.417445568073838,1.00098906348693
985,"rand=1-2_rate=2_ROB=L_UH_Bias=Rct-NRE Moderate","1-2",2,"L_UH","Rct-NRE Moderate",0,0.0953101798043249,0.139761942375159,0.048790164169432,0.182321556793955,0.300104592450338,0.0898950812434614,0.0904603403174584,-0.0587094482908403,TRUE,0.487879978698815,1.00121388055285,-0.13080206442974,TRUE,0.352200654617223,1.00104795081204,-0.247080073621268,TRUE,0.694367715756012,1.00099709512453,-0.0875643032070383,TRUE,0.454472674651142,1.00099317935352
986,"rand=1-2_rate=2_ROB=L_UH_Bias=Rct-NRE Moderate","1-2",2,"L_UH","Rct-NRE Moderate",0,0.0953101798043249,0.139761942375159,0.048790164169432,0.182321556793955,0.300104592450338,0.101742277407985,0.102387962138252,0.0580125811168026,TRUE,0.393530135649892,1.00099755577962,-0.00318460408143095,TRUE,0.269948108041222,1.00103058395656,-0.0372307207286213,TRUE,0.6221398701908,1.00099109993927,0.00657086807154728,TRUE,0.334720597268973,1.00101245359173
987,"rand=1-2_rate=2_ROB=L_UH_Bias=Rct-NRE Moderate","1-2",2,"L_UH","Rct-NRE Moderate",0,0.0953101798043249,0.139761942375159,0.048790164169432,0.182321556793955,0.300104592450338,0.0871299681064696,0.0877396180717942,-0.211143576690607,TRUE,0.516613645580992,1.00098646012096,-0.220305954566627,FALSE,0.323187492338163,1.00098753098173,-0.181230137925649,TRUE,0.603884369648606,1.00183029338887,-0.233759731355161,FALSE,0.445030474081377,1.00104476683609
988,"rand=1-2_rate=2_ROB=L_UH_Bias=Rct-NRE Moderate","1-2",2,"L_UH","Rct-NRE Moderate",0,0.0953101798043249,0.139761942375159,0.048790164169432,0.182321556793955,0.300104592450338,0.107469890247668,0.109173367623607,-0.00602425820105079,TRUE,0.484776316769405,1.00113323082883,-0.0393774578676456,TRUE,0.325227530252448,1.0010232367455,0.0385217885653569,TRUE,0.671718761220959,1.00099708657216,-0.0667151586080841,TRUE,0.405422969859623,1.00101106047912
989,"rand=1-2_rate=2_ROB=L_UH_Bias=Rct-NRE Moderate","1-2",2,"L_UH","Rct-NRE Moderate",0,0.0953101798043249,0.139761942375159,0.048790164169432,0.182321556793955,0.300104592450338,0.0871528573421011,0.0880217946908364,-0.0215651048867855,TRUE,0.55776217462631,1.00098756695267,-0.0654432858683391,TRUE,0.437833028625022,1.00101689555299,-0.0442982337341586,TRUE,0.725500786917899,1.0010615596765,-0.0740514546830475,TRUE,0.64212626662595,1.00100515596525
990,"rand=1-2_rate=2_ROB=L_UH_Bias=Rct-NRE Moderate","1-2",2,"L_UH","Rct-NRE Moderate",0,0.0953101798043249,0.139761942375159,0.048790164169432,0.182321556793955,0.300104592450338,0.0929761289740837,0.0941124558298155,-0.065408565083108,TRUE,0.463164382910929,1.00101619692962,-0.0756011575490316,TRUE,0.267630263263706,1.00100789449469,-0.113173048813011,TRUE,0.827511109598417,1.00098861150672,-0.0686833116651455,TRUE,0.296576552767459,1.00099950298358
991,"rand=1-2_rate=2_ROB=L_UH_Bias=Rct-NRE Moderate","1-2",2,"L_UH","Rct-NRE Moderate",0,0.0953101798043249,0.139761942375159,0.048790164169432,0.182321556793955,0.300104592450338,0.10795820738978,0.108605319193909,-0.341771128403134,FALSE,0.596182772194097,1.00103932460143,-0.457033530244044,FALSE,0.430889233809541,1.00098608749559,-0.149568675005888,TRUE,0.581828966305294,1.00109285899363,-0.586580940849215,FALSE,0.59502703812261,1.00103306799413
992,"rand=1-2_rate=2_ROB=L_UH_Bias=Rct-NRE Moderate","1-2",2,"L_UH","Rct-NRE Moderate",0,0.0953101798043249,0.139761942375159,0.048790164169432,0.182321556793955,0.300104592450338,0.0885470021203506,0.089838552229674,0.0716111828406936,TRUE,0.432264425544044,1.00102528086615,-0.00685556179111835,TRUE,0.345017843153829,1.0010581583946,0.113396493625268,TRUE,0.501498948376221,1.00107143736396,-0.0611263212799211,TRUE,0.512281524961463,1.00098741292252
993,"rand=1-2_rate=2_ROB=L_UH_Bias=Rct-NRE Moderate","1-2",2,"L_UH","Rct-NRE Moderate",0,0.0953101798043249,0.139761942375159,0.048790164169432,0.182321556793955,0.300104592450338,0.115442101281384,0.117363807015541,-0.0185459854731571,TRUE,0.53315991634377,1.0009970375055,-0.0859624898514928,TRUE,0.407607692052616,1.00099728176109,0.0254505026037347,TRUE,0.607659668502323,1.00110529470427,-0.140006483892163,TRUE,0.605876092466587,1.00099589819151
994,"rand=1-2_rate=2_ROB=L_UH_Bias=Rct-NRE Moderate","1-2",2,"L_UH","Rct-NRE Moderate",0,0.0953101798043249,0.139761942375159,0.048790164169432,0.182321556793955,0.300104592450338,0.109636856513975,0.111053802613616,-0.109143854093574,TRUE,0.584339981131862,1.00099224619672,-0.196107479126049,TRUE,0.484309634923485,1.00105993207923,-0.202418742332721,TRUE,0.795265783596211,1.00104541576336,-0.184045493831075,TRUE,0.70158873483097,1.00100426679924
995,"rand=1-2_rate=2_ROB=L_UH_Bias=Rct-NRE Moderate","1-2",2,"L_UH","Rct-NRE Moderate",0,0.0953101798043249,0.139761942375159,0.048790164169432,0.182321556793955,0.300104592450338,0.101219514782179,0.102931912213577,-0.110280661202943,TRUE,0.462111245304425,1.00106563386434,-0.128583764221252,TRUE,0.281093723317072,1.00101188554238,-0.138168891359207,TRUE,0.686347985961718,1.00100387845742,-0.125745775770343,TRUE,0.347069342700171,1.00100855255503
996,"rand=1-2_rate=2_ROB=L_UH_Bias=Rct-NRE Moderate","1-2",2,"L_UH","Rct-NRE Moderate",0,0.0953101798043249,0.139761942375159,0.048790164169432,0.182321556793955,0.300104592450338,0.114714217078667,0.116259865524629,-0.127827592340784,TRUE,0.559595333160505,1.00101292052074,-0.185926860040844,TRUE,0.405044788540832,1.00099375531506,-0.0357656455261977,TRUE,0.596733480460022,1.00135099700498,-0.248260646548977,TRUE,0.599883897531702,1.00098676582257
997,"rand=1-2_rate=2_ROB=L_UH_Bias=Rct-NRE Moderate","1-2",2,"L_UH","Rct-NRE Moderate",0,0.0953101798043249,0.139761942375159,0.048790164169432,0.182321556793955,0.300104592450338,0.101509018291081,0.102769189212625,0.0284702185561476,TRUE,0.472829396901523,1.00103075740834,-0.045500935332754,TRUE,0.339824207078697,1.00098706791313,0.20443929337316,TRUE,0.428742452673103,1.00109592017746,-0.16028607423834,TRUE,0.457769885082917,1.00098706892625
998,"rand=1-2_rate=2_ROB=L_UH_Bias=Rct-NRE Moderate","1-2",2,"L_UH","Rct-NRE Moderate",0,0.0953101798043249,0.139761942375159,0.048790164169432,0.182321556793955,0.300104592450338,0.114169649733356,0.115431439009101,0.0052587414438322,TRUE,0.46933067733489,1.00098621526788,-0.0717514613086674,TRUE,0.375606608969987,1.00099133868298,0.0845341673819751,TRUE,0.492362560454775,1.00099449615186,-0.148343198746447,TRUE,0.578442748821784,1.00099080113279
999,"rand=1-2_rate=2_ROB=L_UH_Bias=Rct-NRE Moderate","1-2",2,"L_UH","Rct-NRE Moderate",0,0.0953101798043249,0.139761942375159,0.048790164169432,0.182321556793955,0.300104592450338,0.0954913300892737,0.0959603655813075,0.104044172880953,TRUE,0.402982069339602,1.00098694774768,0.0273493548024005,TRUE,0.289530328154058,1.00098600001494,0.141642828135917,TRUE,0.4980914708277,1.00099734664897,-0.014104389560659,TRUE,0.392121922615441,1.00098692717953
1000,"rand=1-2_rate=2_ROB=L_UH_Bias=Rct-NRE Moderate","1-2",2,"L_UH","Rct-NRE Moderate",0,0.0953101798043249,0.139761942375159,0.048790164169432,0.182321556793955,0.300104592450338,0.11271253578146,0.113127751850237,-0.120876356800512,TRUE,0.495956431292791,1.00102360920681,-0.159533514290916,FALSE,0.307177256551361,1.00101398742358,0.108896153083985,TRUE,0.625505471597132,1.00116387034797,-0.234548824095695,FALSE,0.332765113568848,1.00098969903024
